SMILES,Y_TRUE,RDKitGEOM|MeanInstanceWrapperMLPNetworkRegressor,RDKitGEOM|MeanBagWrapperMLPNetworkRegressor,RDKitGEOM|MeanBagNetworkRegressor,RDKitGEOM|MeanInstanceNetworkRegressor,RDKitGEOM|AdditiveAttentionNetworkRegressor,RDKitGEOM|SelfAttentionNetworkRegressor,RDKitGEOM|HopfieldAttentionNetworkRegressor,RDKitGEOM|DynamicPoolingNetworkRegressor,RDKitAUTOCORR|MeanInstanceWrapperMLPNetworkRegressor,RDKitAUTOCORR|MeanBagWrapperMLPNetworkRegressor,RDKitAUTOCORR|MeanBagNetworkRegressor,RDKitAUTOCORR|MeanInstanceNetworkRegressor,RDKitAUTOCORR|AdditiveAttentionNetworkRegressor,RDKitAUTOCORR|SelfAttentionNetworkRegressor,RDKitAUTOCORR|HopfieldAttentionNetworkRegressor,RDKitAUTOCORR|DynamicPoolingNetworkRegressor,RDKitRDF|MeanInstanceWrapperMLPNetworkRegressor,RDKitRDF|MeanBagWrapperMLPNetworkRegressor,RDKitRDF|MeanBagNetworkRegressor,RDKitRDF|MeanInstanceNetworkRegressor,RDKitRDF|AdditiveAttentionNetworkRegressor,RDKitRDF|SelfAttentionNetworkRegressor,RDKitRDF|HopfieldAttentionNetworkRegressor,RDKitRDF|DynamicPoolingNetworkRegressor,RDKitMORSE|MeanInstanceWrapperMLPNetworkRegressor,RDKitMORSE|MeanBagWrapperMLPNetworkRegressor,RDKitMORSE|MeanBagNetworkRegressor,RDKitMORSE|MeanInstanceNetworkRegressor,RDKitMORSE|AdditiveAttentionNetworkRegressor,RDKitMORSE|SelfAttentionNetworkRegressor,RDKitMORSE|HopfieldAttentionNetworkRegressor,RDKitMORSE|DynamicPoolingNetworkRegressor,RDKitWHIM|MeanInstanceWrapperMLPNetworkRegressor,RDKitWHIM|MeanBagWrapperMLPNetworkRegressor,RDKitWHIM|MeanBagNetworkRegressor,RDKitWHIM|MeanInstanceNetworkRegressor,RDKitWHIM|AdditiveAttentionNetworkRegressor,RDKitWHIM|SelfAttentionNetworkRegressor,RDKitWHIM|HopfieldAttentionNetworkRegressor,RDKitWHIM|DynamicPoolingNetworkRegressor,MolFeatUSRD|MeanInstanceWrapperMLPNetworkRegressor,MolFeatUSRD|MeanBagWrapperMLPNetworkRegressor,MolFeatUSRD|MeanBagNetworkRegressor,MolFeatUSRD|MeanInstanceNetworkRegressor,MolFeatUSRD|AdditiveAttentionNetworkRegressor,MolFeatUSRD|SelfAttentionNetworkRegressor,MolFeatUSRD|HopfieldAttentionNetworkRegressor,MolFeatUSRD|DynamicPoolingNetworkRegressor,MolFeatElectroShape|MeanInstanceWrapperMLPNetworkRegressor,MolFeatElectroShape|MeanBagWrapperMLPNetworkRegressor,MolFeatElectroShape|MeanBagNetworkRegressor,MolFeatElectroShape|MeanInstanceNetworkRegressor,MolFeatElectroShape|AdditiveAttentionNetworkRegressor,MolFeatElectroShape|SelfAttentionNetworkRegressor,MolFeatElectroShape|HopfieldAttentionNetworkRegressor,MolFeatElectroShape|DynamicPoolingNetworkRegressor,RDKitGETAWAY|MeanInstanceWrapperMLPNetworkRegressor,RDKitGETAWAY|MeanBagWrapperMLPNetworkRegressor,RDKitGETAWAY|MeanBagNetworkRegressor,RDKitGETAWAY|MeanInstanceNetworkRegressor,RDKitGETAWAY|AdditiveAttentionNetworkRegressor,RDKitGETAWAY|SelfAttentionNetworkRegressor,RDKitGETAWAY|HopfieldAttentionNetworkRegressor,RDKitGETAWAY|DynamicPoolingNetworkRegressor,MolFeatPmapper|MeanInstanceWrapperMLPNetworkRegressor,MolFeatPmapper|MeanBagWrapperMLPNetworkRegressor,MolFeatPmapper|MeanBagNetworkRegressor,MolFeatPmapper|MeanInstanceNetworkRegressor,MolFeatPmapper|AdditiveAttentionNetworkRegressor,MolFeatPmapper|SelfAttentionNetworkRegressor,MolFeatPmapper|HopfieldAttentionNetworkRegressor,MolFeatPmapper|DynamicPoolingNetworkRegressor
CC(=O)OC3CCC4C2CCC1=CC(=O)CCC1(C)C2CCC34C ,-5.184,-4.336424,-4.779927,-4.4023004,-4.402301,-4.4127517,-4.7598004,-4.438889,-4.4251375,-5.054506,-4.59958,-4.4393616,-4.439362,-4.3710985,-4.8697085,-4.4530354,-4.329474,-4.8629518,-3.7887444,-4.181182,-4.181182,-4.0635014,-4.0853667,-5.339988,-4.6219687,-4.920813,-5.245949,-4.878937,-4.8789425,-4.784138,-5.6237803,-5.227653,-4.6292725,-4.308673,-4.4153476,-4.3433075,-4.343308,-4.3593802,-4.4803324,-4.4247813,-4.131856,-4.3921223,-4.977133,-4.629827,-4.629827,-4.7234273,-4.3602457,-4.882983,-4.4231777,-4.6665406,-4.9150844,-4.708002,-4.7080016,-5.2985177,-4.9093533,-5.1772633,-4.565249,-5.210679,-5.5966825,-5.664918,-5.664912,-5.6706705,-3.9328744,-5.798953,-5.522278,-5.052913,-4.2051525,-4.117398,-4.1173983,-4.0053215,-4.22966,-4.5981936,-5.2199364
CCCCC(CC)CO,-2.11,-2.8144858,-2.614523,-2.1495256,-2.1495256,-2.1342788,-2.3623884,-2.0878837,-2.2769177,-1.9669081,-1.691196,-2.4626517,-2.462652,-2.4510653,-2.3903916,-2.441666,-2.250537,-1.8700002,-2.3617876,-2.2838628,-2.2838628,-2.3025036,-2.2537012,-2.001669,-2.057934,-2.294018,-2.4262805,-2.9958258,-2.9958327,-2.3825197,-3.060302,-2.6874068,-2.6543918,-1.4337167,-2.4127903,-2.2948546,-2.2948544,-2.304111,-2.3986633,-2.2293415,-1.9120839,-2.5528529,-2.691932,-2.6810935,-2.681094,-2.5580144,-2.7072742,-2.6908662,-3.032038,-1.9600276,-2.327139,-1.6092887,-1.6092887,-2.5599766,-1.9733579,-2.5255506,-1.95933,-2.1288354,-2.3635619,-2.1649816,-2.164976,-2.2048607,-1.2542771,-2.3009217,-2.6620624,-2.1208932,-1.830193,-1.8585007,-1.8585004,-1.8540906,-1.9138802,-2.0685873,-1.913124
CNc1ccccc1,-1.28,-1.3952634,-2.0924282,-1.8046912,-1.8046913,-1.8107684,-1.9768655,-1.8296998,-1.7102708,-0.3953324,-1.7990736,-1.6195415,-1.6195413,-1.6085654,-1.6690953,-1.6188047,-1.8520241,-1.3153045,-1.5089849,-1.611246,-1.611246,-1.616756,-1.5267464,-1.4947693,-1.3296677,-1.5034585,-1.580757,-2.0588517,-2.0588586,-1.6678461,-2.1733925,-1.7183877,-1.6307291,-1.1322179,-1.7667357,-1.8368309,-1.8368313,-1.8526694,-1.8616966,-1.8753948,-1.3963469,-1.9108478,-2.307913,-2.3473306,-2.3473308,-2.366777,-2.329229,-2.2688086,-1.8595351,-0.7851507,-1.321541,-0.6162119,-0.61621165,-1.4724908,-0.91363233,-1.3927034,-0.9982787,-1.1361483,-1.9953626,-1.8718321,-1.8718305,-1.9037615,-1.2688383,-1.9313062,-1.9031408,-1.2251117,-1.1394721,-1.1762085,-1.1762084,-1.1769397,-1.2346742,-1.1118064,-1.1614126
Clc1ccc2ccccc2c1,-4.14,-3.0599713,-2.4966352,-2.48595,-2.4859502,-2.5009866,-2.857171,-2.5295312,-3.1128225,-4.089211,-3.8133729,-3.8916023,-3.8916018,-3.8815477,-3.8686192,-3.8825,-3.762453,-4.146484,-2.4270196,-2.5973222,-2.597322,-2.609702,-2.520421,-3.8643324,-3.5607412,-3.9844804,-3.7370808,-4.350577,-4.3505855,-4.109959,-4.330253,-4.044138,-3.6934376,-4.0800266,-1.961589,-2.1729074,-2.172907,-2.1683338,-2.210998,-2.164023,-3.3002117,-3.6302965,-2.4690988,-2.573149,-2.57315,-2.6057482,-2.5892072,-2.5309231,-2.588927,-4.231975,-4.9891305,-3.925571,-3.9255712,-5.2905216,-4.4227915,-5.2467647,-3.9913652,-4.0851808,-4.503096,-4.364812,-4.364813,-4.386454,-3.7523088,-4.286534,-4.55077,-4.2524157,-4.1736584,-4.2884088,-4.2884073,-4.2942805,-4.3117027,-4.2448206,-4.3023467
CC34CCc1c(ccc2cc(O)ccc12)C3CCC4=O,-5.24,-4.645011,-3.8087046,-3.5924625,-3.5924623,-3.6027913,-3.9477472,-3.6474347,-4.0177727,-5.069285,-4.389148,-4.346658,-4.346658,-4.2695227,-4.5991263,-4.4100227,-4.683716,-5.163028,-4.4506645,-4.4161377,-4.4161377,-4.4011974,-4.575954,-4.817761,-4.780157,-4.9113617,-4.550985,-4.4859586,-4.485965,-4.5984263,-4.7236443,-4.520558,-3.9671533,-4.8246593,-3.3806336,-3.3024683,-3.3024678,-3.3314326,-3.4638755,-3.3403668,-3.5840983,-3.7706823,-3.7079928,-3.247228,-3.247228,-3.3556094,-3.2970345,-3.5968053,-3.5655851,-3.9685946,-3.5530982,-3.8208852,-3.820885,-4.1973844,-4.518791,-4.180665,-4.157645,-5.1937943,-4.9376063,-4.7185297,-4.7185254,-4.782952,-3.5334017,-4.834871,-4.9502788,-5.139353,-5.1885977,-5.3986964,-5.398696,-5.2724957,-5.367242,-5.4546437,-5.256131
CCCCCCCCCCCCCCCC,-8.4,-7.3430424,-5.1913977,-5.024193,-5.0241933,-5.032986,-5.495449,-5.0437274,-4.6849337,-8.583547,-4.7149053,-7.3338704,-7.3338695,-7.2690372,-7.9201527,-7.313039,-6.420598,-8.476328,-5.6553307,-5.814376,-5.8143764,-6.298668,-5.9456353,-8.842137,-8.574487,-8.381254,-6.7385836,-7.5253296,-7.5253344,-7.5090165,-7.85643,-7.818577,-7.40515,-6.728701,-5.3176126,-5.1303225,-5.130323,-5.185626,-5.4380617,-5.3296027,-5.5244093,-6.4310884,-6.2626724,-5.908262,-5.9082623,-5.9072766,-5.831424,-5.793658,-5.706009,-8.594708,-6.75252,-8.011864,-8.011864,-8.2339735,-8.663018,-8.91264,-8.291761,-8.271131,-6.435202,-7.181153,-7.18115,-7.1726675,-5.384951,-7.945974,-6.987516,-8.425119,-8.377715,-8.423539,-8.423539,-8.471469,-8.473186,-8.532901,-8.441609
N(=Nc1ccccc1)c2ccccc2,-4.45,-4.0813255,-2.9857883,-3.1583576,-3.1583579,-3.1408072,-3.7646136,-2.8852794,-4.3114552,-4.2102985,-3.582163,-3.3925521,-3.3925521,-3.2572072,-3.9962184,-3.2627366,-3.3632717,-4.151994,-3.3049014,-3.4178333,-3.4178338,-3.4602425,-3.2958512,-4.461271,-4.2975407,-3.9801319,-3.301378,-3.4580193,-3.4580278,-3.6407535,-3.8616352,-3.4360971,-2.8275726,-4.2280383,-5.1417756,-4.83229,-4.832289,-5.1680317,-4.801761,-5.1811633,-5.011506,-4.2186174,-4.020458,-4.293329,-4.2933292,-4.3904037,-4.2230206,-4.142859,-4.653583,-4.3457284,-4.801853,-4.5914693,-4.5914693,-5.3730907,-5.403994,-5.336731,-4.5758004,-4.2441916,-4.9245276,-4.666977,-4.666976,-4.7306075,-3.811697,-4.7942653,-4.919948,-4.4207654,-4.356894,-4.6066947,-4.606694,-4.5666223,-4.561164,-4.5605044,-4.5320187
CNC(=O)ON=C(CSC)C(C)(C)C ,-1.62,-2.1569283,-3.648758,-3.2725272,-3.2725275,-3.2662735,-3.5044968,-3.2650993,-3.2686331,-1.1095245,-2.251038,-2.1472707,-2.147271,-2.1141095,-2.3200796,-2.1610584,-2.1612957,-1.8547816,-3.7779393,-3.5744543,-3.5744543,-3.6137342,-3.6070428,-3.1497703,-3.296143,-1.6317351,-1.8523802,-2.3947165,-2.3947222,-2.1688514,-2.616387,-2.06166,-1.8715647,-1.5591807,-3.392901,-3.3929777,-3.3929777,-3.3169718,-3.4763865,-3.2933345,-2.7629013,-2.2983518,-3.9458768,-3.4716187,-3.471619,-3.0216498,-3.4279613,-3.2261932,-2.9167974,-2.2462432,-3.3417983,-2.9007082,-2.900708,-3.6713862,-3.119185,-3.617184,-2.8491528,-1.9903358,-2.8141012,-2.6279495,-2.6279433,-2.6841547,-1.8831282,-2.6899712,-3.2571235,-1.6575787,-1.654232,-1.706498,-1.706498,-1.7017255,-1.5902078,-1.714297,-1.6846724
CCCCCCCCCCCCCC,-7.96,-6.467097,-4.4004264,-4.2533135,-4.2533135,-4.2555103,-4.7375007,-4.265885,-4.0207295,-7.6967683,-4.5010223,-6.767202,-6.7672024,-6.7104373,-7.2904515,-6.7265396,-5.659159,-7.8710904,-4.4983153,-4.5904093,-4.5904098,-5.167218,-4.621741,-8.106837,-6.776448,-7.575784,-5.7815747,-6.704743,-6.7047486,-6.3384757,-6.972614,-6.8549323,-6.736962,-5.996349,-4.3817196,-4.254276,-4.254276,-4.279231,-4.549339,-4.3008113,-4.4185143,-5.1713095,-5.2416663,-4.9459596,-4.94596,-4.6413584,-5.1147323,-4.8433075,-4.917904,-8.053272,-6.2367296,-7.6060724,-7.606072,-7.4594464,-7.97842,-7.7786255,-8.254031,-7.8707757,-5.7641673,-6.3254724,-6.325469,-6.3581247,-4.6740184,-7.107249,-6.2787843,-7.6739497,-7.8902965,-8.101161,-8.101161,-8.06982,-8.018212,-8.063035,-7.9142976
CCOP(=S)(OCC)SC(CCl)N1C(=O)c2ccccc2C1=O,-6.34,-6.145508,-5.5697675,-5.3552713,-5.3552704,-5.355125,-5.6670732,-5.3565755,-5.88163,-6.6063313,-4.6691356,-5.081634,-5.0816345,-4.950901,-5.4054236,-5.1765785,-4.9688697,-6.376012,-5.4811144,-5.1318994,-5.1318994,-5.0905914,-5.546459,-5.41161,-5.319792,-6.090298,-4.277726,-4.7580113,-4.758019,-4.934737,-5.1051073,-4.577625,-4.4355826,-6.4334393,-5.0266085,-4.7922444,-4.7922444,-4.763223,-4.958672,-4.7993817,-4.4311256,-4.868588,-4.793475,-4.6526656,-4.6526656,-4.6355734,-4.597276,-4.792073,-4.4573116,-5.1876445,-6.065509,-5.529989,-5.5299892,-5.8617663,-6.2511435,-5.712119,-6.038247,-6.2857394,-5.4831767,-5.492997,-5.49299,-5.49837,-3.9626293,-5.9447627,-5.9322257,-6.1943464,-6.2983923,-6.5363836,-6.5363836,-6.3762116,-6.492008,-6.5219197,-6.3838663
c1cc2ccc3cccc4ccc(c1)c2c34,-6.176,-5.627313,-2.8557692,-2.9061813,-2.9061813,-2.9093428,-3.2459328,-2.9179716,-4.2239003,-6.1373997,-5.0022736,-6.2529798,-6.252978,-6.191486,-6.496083,-6.2638707,-6.2048426,-6.0774894,-3.4499903,-3.755782,-3.7557824,-3.7816133,-3.5931456,-6.632981,-6.451355,-6.1520853,-6.3568726,-7.060379,-7.06039,-7.104088,-6.9386253,-6.860337,-6.8499207,-6.147912,-4.6973524,-5.0626135,-5.0626135,-5.195841,-5.279893,-5.20806,-7.040367,-5.6767597,-3.044215,-3.3927755,-3.3927763,-3.4564981,-3.3600192,-3.241223,-3.9215214,-6.233568,-5.7473235,-5.927528,-5.927528,-6.366709,-6.0219193,-6.471916,-5.8437667,-6.243218,-6.4596734,-6.805807,-6.8058085,-6.7851844,-5.832044,-6.9800115,-7.110018,-6.15373,-6.4814124,-6.29567,-6.2956696,-6.222429,-6.3521805,-6.3172536,-6.278139
O=C2NC(=O)C1(CCCCCC1)C(=O)N2 ,-3.168,-2.7594821,-2.883014,-2.4699984,-2.4699986,-2.4684522,-2.7628684,-2.4659264,-2.85866,-3.1133122,-2.0706186,-2.1877291,-2.187729,-2.168505,-2.191157,-2.1912544,-2.674367,-2.846798,-3.355132,-3.2020948,-3.2020943,-3.2281504,-3.299167,-2.546753,-2.4187245,-2.9182825,-2.0057244,-2.6736355,-2.673642,-2.0822475,-2.6166961,-2.4787948,-2.264742,-3.1467328,-2.7751396,-2.8810422,-2.881042,-2.9089649,-3.0538385,-2.9210248,-3.129861,-2.7869086,-2.5630124,-2.0956414,-2.0956414,-2.142089,-2.1721594,-2.3218322,-2.612205,-2.4287543,-1.5289972,-2.0721028,-2.072102,-2.0804043,-2.3839962,-1.9819282,-2.2124784,-3.1567369,-3.2241507,-2.7594075,-2.759402,-2.8065362,-1.9902805,-2.813315,-3.2877126,-3.1236978,-3.012645,-3.1928098,-3.1928089,-3.2118351,-3.254367,-3.2028346,-3.1991045
CC(=O)OC3(CCC4C2CCC1=CC(=O)CCC1C2CCC34C)C#C,-4.8,-4.2461596,-4.9646525,-4.5770736,-4.577074,-4.586928,-4.928968,-4.606634,-4.611969,-5.1492586,-4.731831,-4.4758725,-4.4758716,-4.4115124,-4.9572954,-4.4940414,-4.4301066,-4.7257905,-3.8134933,-4.1494155,-4.149415,-4.0464563,-4.1459966,-5.0410733,-4.616178,-4.5183377,-4.555025,-4.5059285,-4.505934,-4.212738,-4.9019446,-4.494241,-4.215383,-4.3429213,-4.6756163,-4.556972,-4.5569715,-4.574563,-4.687889,-4.669481,-3.984001,-3.9028406,-5.1615295,-5.3486633,-5.348663,-5.44022,-5.121942,-5.4637694,-4.914969,-4.770795,-4.8024573,-5.0030637,-5.0030627,-5.2811112,-5.307742,-5.1771274,-5.1442094,-5.1257544,-5.3664007,-5.3878903,-5.387886,-5.4071703,-3.6873865,-5.4715834,-5.7221947,-4.781888,-3.872091,-4.3171425,-4.317143,-4.190361,-4.1738405,-4.194754,-4.4058924
CNN,1.34,1.039733,-1.0411569,-0.347832,-0.34783217,-0.34801644,-0.46559703,-0.36033437,-0.27216408,1.6083041,0.28690022,1.0674584,1.0674584,1.0603354,0.81021,1.0819834,-0.08432025,1.6255875,-0.63692874,-0.45873928,-0.45873928,-0.45877263,-0.28651357,1.2913291,0.6691698,1.4650112,-0.017475445,0.02607504,0.026071424,0.4705241,0.041251566,0.45337126,-0.17354198,1.1369687,-1.3496164,-0.7319286,-0.7319284,-0.7685837,-0.6706975,-0.75295,-0.4177251,0.73882264,-1.2471784,-0.8876363,-0.88763636,-0.87753004,-0.80537844,-0.908485,-0.4801802,1.0317258,-0.36203223,0.7914989,0.7914987,-0.17994322,0.5739576,-0.10140277,0.1193634,1.4544888,0.5748964,0.8162823,0.8162855,0.83499867,1.1761142,1.0545975,0.49330544,1.6216466,1.4385803,1.4262948,1.4262944,1.3155336,1.3632302,1.3433235,1.0213801
Clc1cc(Cl)c(c(Cl)c1)c2c(Cl)cc(Cl)cc2Cl ,-8.71,-8.934478,-4.7410936,-4.7854524,-4.7854524,-4.7907357,-5.081401,-4.7878327,-6.7690167,-8.764547,-7.0277123,-7.3385234,-7.3385243,-7.262131,-7.255002,-7.3907657,-7.8269014,-8.518508,-7.856863,-8.558599,-8.558599,-8.602009,-8.722124,-8.578412,-8.278737,-8.389735,-6.960538,-8.275464,-8.275473,-8.782727,-8.2404175,-8.074316,-7.923555,-8.890473,-6.454787,-7.613247,-7.613246,-7.899264,-7.62654,-8.049759,-9.698104,-7.893158,-3.6696894,-4.118712,-4.1187124,-4.2443066,-4.0123506,-4.0140886,-5.088551,-7.801759,-5.344524,-7.8313613,-7.8313603,-6.072766,-8.288407,-6.005192,-7.7757607,-8.522113,-7.8008986,-7.762952,-7.7629538,-7.751808,-6.668955,-8.2799835,-8.519588,-8.524146,-8.482864,-8.653874,-8.653872,-8.649339,-8.498349,-8.700405,-8.527005
Clc1cccc(c1)N(=O)=O,-2.77,-2.9628415,-2.4878025,-2.4281945,-2.4281948,-2.43757,-2.7385292,-2.4588435,-3.019001,-2.8826797,-1.5391515,-2.5575576,-2.5575583,-2.5662465,-2.430167,-2.538256,-1.9474338,-2.8074327,-1.9182128,-2.0621402,-2.06214,-2.0737324,-2.048541,-2.635884,-2.5243194,-2.7369452,-2.4586272,-3.1430182,-3.1430254,-2.6205592,-3.052775,-2.7730982,-2.4575121,-2.8693166,-1.8770536,-1.839932,-1.8399315,-1.7941488,-2.0139205,-1.7878072,-1.8069838,-1.925814,-2.288037,-2.4224434,-2.4224432,-2.4709861,-2.424815,-2.409276,-2.2691946,-2.5172403,-1.6374618,-2.1913142,-2.1913137,-2.2270017,-2.7064357,-2.1147153,-2.3490152,-2.696977,-3.236116,-2.6142914,-2.6142907,-2.6537642,-2.2143936,-2.7220426,-2.6873834,-2.7447774,-2.785565,-2.8393342,-2.8393338,-2.7932255,-2.8242786,-2.8218265,-2.7569835
CN(C)C(=S)SSC(=S)N(C)C ,-3.9,-3.5271933,-3.2680144,-2.9662151,-2.9662154,-2.929799,-3.2409532,-2.6184828,-3.0561075,-3.811085,-3.195395,-3.9655337,-3.9655337,-4.0055804,-4.0364585,-4.071349,-3.6441653,-3.8740096,-3.283456,-3.0846899,-3.0846899,-3.1019144,-3.1503398,-3.3820534,-3.2677383,-3.7615402,-1.5192358,-2.1198661,-2.1198745,-1.8472356,-2.042229,-1.9341047,-1.7549605,-4.223837,-4.6750126,-5.0127487,-5.012749,-4.6070023,-5.015547,-3.2236457,-4.7735543,-3.5414355,-3.2246015,-3.5686429,-3.5686433,-3.575398,-3.5398328,-3.4958837,-3.976732,-2.800727,-2.05263,-2.0679877,-2.0679882,-2.4667482,-2.5025284,-2.5737412,-1.8999615,-3.9256628,-4.6328387,-4.543092,-4.5430894,-4.6029477,-3.2376118,-4.710903,-5.2653027,-3.8127658,-3.622157,-3.6402502,-3.6402502,-3.7951343,-3.9592812,-3.6308894,-3.835432
Clc1ccc(c(Cl)c1Cl)c2ccc(Cl)c(Cl)c2Cl ,-8.01,-8.36392,-4.655455,-4.4995594,-4.49956,-4.5103774,-4.8592234,-4.547645,-5.599702,-8.04108,-7.5561156,-7.633456,-7.6334553,-7.571221,-7.5266395,-7.659189,-7.711049,-7.8565903,-7.352042,-7.978344,-7.9783444,-8.012555,-8.0819435,-8.049111,-8.156584,-7.857439,-7.366125,-8.2385,-8.238508,-8.383723,-8.298294,-8.051177,-8.161991,-8.217666,-5.5435805,-6.4213943,-6.4213943,-6.5959435,-6.488596,-6.7138715,-7.6184464,-7.636175,-4.222088,-4.5340405,-4.53404,-4.7449903,-4.3603005,-4.5790963,-5.2115936,-8.697989,-5.693343,-8.467107,-8.467107,-6.489018,-9.0226965,-6.409398,-8.566746,-7.881846,-8.350841,-7.9998565,-7.999858,-8.034125,-6.816788,-8.247604,-8.429287,-7.7933335,-8.337091,-8.453396,-8.453399,-8.38576,-8.365536,-8.3370695,-8.424229
CCOc1ccccc1,-2.33,-2.0293396,-2.3044193,-2.0017495,-2.0017498,-2.005412,-2.2377572,-2.0060296,-1.9907575,-1.7979845,-1.9816469,-1.9468416,-1.9468418,-1.9260054,-1.9866214,-1.942639,-2.0655096,-1.7193059,-1.8402412,-1.908271,-1.9082711,-1.9169921,-1.810517,-2.0920417,-1.955549,-1.8080319,-1.8094089,-2.0752747,-2.0752797,-1.8989263,-2.3561113,-1.8638483,-1.7283479,-1.6783109,-2.0376377,-1.9717729,-1.9717727,-1.9438921,-2.0005407,-1.9823663,-1.6124303,-2.310088,-2.5653698,-2.4442952,-2.444295,-2.422336,-2.4754255,-2.4739923,-2.3322601,-2.481066,-0.7489549,-1.8731613,-1.8731614,-1.3012085,-2.1432345,-1.2638992,-1.6945441,-2.2699244,-3.0127323,-2.824837,-2.824834,-2.757678,-1.894263,-3.2329788,-2.6683102,-2.3791509,-2.3609836,-2.4203706,-2.4203706,-2.4021184,-2.4037998,-2.34204,-2.3185196
CCC(=O)OC3CCC4C2CCC1=CC(=O)CCC1(C)C2CCC34C ,-5.37,-4.569304,-5.1545568,-4.739946,-4.7399464,-4.745607,-5.074305,-4.746613,-4.6246953,-5.3020234,-4.736219,-4.6215873,-4.6215878,-4.5598116,-5.0406795,-4.6305256,-4.4533844,-5.148045,-3.824268,-4.321454,-4.321454,-4.1697454,-4.11506,-5.6363473,-4.8848534,-5.3328137,-5.6451054,-5.443459,-5.4434648,-4.8975263,-5.890191,-5.57289,-5.1775413,-4.6524343,-4.8747745,-4.773703,-4.7737036,-4.7687144,-4.8986363,-4.7773023,-4.2588363,-4.824942,-4.790761,-4.3472004,-4.3472004,-3.9249806,-4.266804,-3.7893302,-4.3964195,-4.7126117,-5.2622013,-4.631281,-4.631281,-5.5269246,-4.9517746,-5.4949784,-4.324754,-5.6705465,-5.8629336,-5.861315,-5.8613086,-5.861679,-4.152612,-6.0170984,-5.7306266,-5.2291503,-3.8935084,-3.9076288,-3.9076293,-3.8544798,-4.1082325,-4.5187163,-4.537885
Cc1cccc(C)c1C,-3.2,-3.384748,-2.3006034,-1.9973656,-1.9973657,-1.9851118,-2.1142173,-1.9768211,-2.0030158,-2.8658879,-2.4210389,-2.4749925,-2.4749923,-2.473292,-2.6743786,-2.4721909,-2.4593544,-3.207132,-2.0336955,-2.1409514,-2.1409514,-2.1497545,-2.0969825,-2.6016228,-2.5297353,-3.1558251,-2.132838,-2.4375925,-2.4376006,-2.1844277,-2.708762,-2.1688006,-2.286498,-3.326673,-3.0198412,-2.1609526,-2.1609523,-2.2562296,-2.289028,-2.1575809,-3.4709523,-3.0030084,-1.9835823,-2.002423,-2.0024228,-2.0143418,-2.0628798,-1.9414232,-2.1231167,-3.398483,-3.6529198,-3.4270976,-3.4270976,-3.538093,-3.64573,-3.568662,-3.2175367,-3.3746037,-3.4316459,-3.1996057,-3.1996043,-3.2209523,-2.4241858,-3.440368,-3.6452982,-3.2518778,-3.822385,-3.638439,-3.6384394,-3.5167382,-3.5326045,-3.6048994,-3.1911395
CC(C)C,-2.55,-2.49534,-1.4698318,-0.83028203,-0.8302821,-0.80864996,-0.974839,-0.7704667,-1.1594305,-2.5512097,-0.47690105,-0.9356145,-0.93561465,-0.92746955,-0.83907574,-0.91208446,-0.9674003,-2.571391,-1.2267591,-1.3219258,-1.3219256,-1.3235478,-1.2625896,-1.727173,-1.4775501,-2.5774353,-1.1964688,-1.3588922,-1.3588973,-1.0959743,-1.5480769,-1.2267493,-1.1997085,-2.4332488,-1.4106808,-1.0696824,-1.0696825,-1.060741,-1.1657075,-1.0013069,-0.63890696,-2.4385667,-1.2805012,-1.0252401,-1.02524,-1.0194718,-0.99714804,-0.9909833,-1.5673296,-2.8535063,-3.027307,-2.1888156,-2.1888156,-2.4812531,-2.5110888,-2.5217035,-2.177334,-2.3988516,-1.220141,-1.4220449,-1.4220427,-1.4247077,-0.87695813,-1.6618161,-1.3018147,-1.8847272,-1.4573543,-1.5351295,-1.5351294,-1.6698015,-1.7382395,-1.5811586,-2.446118
CCCCN(CC)C(=O)SCCC,-3.53,-3.2105496,-3.514583,-3.1674366,-3.1674368,-3.1559682,-3.3919585,-3.1217265,-2.98485,-3.3876913,-3.1351576,-3.4327657,-3.432766,-3.3930156,-3.7537692,-3.4728444,-3.1999576,-3.2412536,-3.6361842,-3.437667,-3.4376671,-3.4449706,-3.457426,-3.5003572,-3.5068696,-3.463043,-3.3479552,-4.03737,-4.0373774,-3.2287798,-4.0217557,-3.2882347,-3.5229568,-3.2291272,-3.2598405,-3.1703467,-3.1703463,-3.1543505,-3.3051589,-3.1075559,-2.6920185,-3.257235,-3.6012993,-3.8872502,-3.8872502,-3.2382317,-3.8667574,-3.3394134,-4.3741884,-3.266847,-3.738368,-3.1300845,-3.1300845,-3.9554133,-3.1691604,-3.9194775,-3.2675936,-3.5293443,-3.4950917,-3.382874,-3.3828685,-3.468419,-2.3228571,-3.4800525,-4.0571613,-3.4545586,-3.4901364,-3.6839554,-3.6839547,-3.5511513,-3.4630594,-3.6521482,-3.7160437
CCOC(=O)NCCOc2ccc(Oc1ccccc1)cc2,-4.7,-4.0752063,-5.7170763,-5.4406633,-5.4406633,-5.454336,-5.9056025,-5.5100074,-5.0237236,-4.69642,-5.2959685,-4.4081554,-4.4081564,-4.423015,-4.84137,-4.369536,-4.6506953,-4.6666336,-5.5395093,-5.1548376,-5.154837,-5.184864,-5.1291585,-5.4372354,-5.4407253,-4.67319,-4.0296736,-4.158587,-4.1585937,-4.4144225,-4.742259,-3.9375532,-4.07125,-4.1248326,-5.669113,-5.3952394,-5.3952403,-5.4263554,-5.6912966,-5.4484754,-5.480444,-5.363745,-6.802972,-6.4880204,-6.488022,-6.6924524,-6.2653747,-6.0985084,-6.125859,-3.6504996,-5.768156,-4.115858,-4.1158576,-5.9510326,-4.150164,-5.848778,-4.1710343,-4.6570315,-5.560313,-5.4252195,-5.4252167,-5.4462624,-4.156966,-5.275822,-5.707326,-4.705769,-4.6462555,-4.827639,-4.8276386,-4.727347,-4.7384906,-4.81513,-4.7306814
CCCCCCC(=O)C,-2.05,-2.9588082,-2.700474,-2.4810793,-2.4810793,-2.481827,-2.8270977,-2.4566233,-2.7000086,-1.7538973,-2.0910184,-2.464188,-2.4641886,-2.4381106,-2.4658344,-2.4779108,-2.2335744,-2.5532916,-2.4913914,-2.5399864,-2.5399864,-2.5557714,-2.486861,-3.7058585,-3.5759966,-1.9936732,-2.1401744,-2.7233841,-2.7233915,-2.2202783,-2.9824502,-2.5653818,-2.216432,-1.8596096,-2.5889606,-2.563269,-2.563269,-2.5186405,-2.6891277,-2.4188845,-2.562935,-2.183175,-3.2042634,-3.0128186,-3.0128186,-2.5486689,-3.0390508,-2.5182037,-3.2424684,-2.4679792,-2.9094963,-1.9670188,-1.9670184,-3.0802681,-2.3728883,-3.1837401,-2.1238215,-1.973352,-2.8476913,-2.5708454,-2.5708404,-2.620873,-1.7665818,-2.986403,-3.1621473,-2.1232445,-2.0474901,-2.0299656,-2.0299659,-1.8080026,-1.946113,-1.9796871,-2.097523
Brc1cccc(Br)c1,-3.54,-4.3112154,-2.6386442,-2.6729422,-2.6729424,-2.6911027,-3.1070256,-2.7257576,-3.4429452,-3.434254,-3.4895215,-3.6656556,-3.6656542,-3.6586883,-3.524261,-3.6583393,-4.1142573,-3.4512053,-1.7428161,-1.7693883,-1.7693883,-1.7757057,-1.6812292,-2.9682553,-3.019283,-3.5434358,-2.8781476,-3.6225061,-3.6225152,-2.9902098,-3.3527985,-3.2595723,-3.0894,-3.6713624,-3.325675,-3.1768384,-3.1768384,-3.1905625,-3.4813464,-3.1054597,-4.4558697,-3.0091588,-2.3878372,-2.5949225,-2.5949225,-2.670535,-2.6047614,-2.660758,-2.9775746,-4.066005,-2.9101224,-3.3244638,-3.3244634,-2.8868437,-3.8005536,-2.859389,-3.358548,-3.5327425,-4.4063745,-4.005797,-4.0057974,-4.005217,-3.613934,-3.9037237,-4.2578583,-3.213936,-3.5407915,-3.5996473,-3.5996473,-3.6082323,-3.6406305,-3.5420666,-3.6595778
COC(=O)c1ccc(O)cc1,-1.827,-2.1235461,-2.515191,-2.4969392,-2.4969392,-2.5133734,-2.8728101,-2.548237,-2.9947836,-1.7343152,-1.7149751,-1.0526125,-1.0526129,-1.0285785,-1.1226643,-1.0726769,-1.6619884,-1.7016662,-1.9709547,-1.9657823,-1.9657824,-1.9799471,-1.9163605,-1.3129464,-1.3072847,-1.7084147,-1.0970246,-1.3237436,-1.323749,-1.0440941,-1.5317684,-1.0323095,-1.174172,-1.6373879,-2.1632829,-2.2095504,-2.20955,-2.2805388,-2.2758217,-2.3270082,-2.2707305,-1.6515006,-3.4351857,-3.7859752,-3.7859752,-3.8312778,-3.7149432,-3.4718115,-3.1620011,-2.064052,-0.9044398,-1.490198,-1.4901981,-1.8634216,-1.645744,-1.7590108,-1.499139,-1.6469784,-1.9521711,-1.762158,-1.7621529,-1.7707177,-1.0863261,-1.89965,-2.063496,-1.7982212,-1.798224,-1.8528589,-1.852859,-1.8498063,-1.9131072,-1.8770134,-1.8673368
c1cc2ccc3ccc4ccc5cccc6c(c1)c2c3c4c56,-9.018,-8.740023,-3.7888274,-3.94465,-3.9446492,-3.9530456,-4.4524765,-3.9480865,-7.2467823,-8.801851,-6.288507,-8.028721,-8.028724,-7.9526367,-8.345205,-7.9928365,-7.5688577,-8.817583,-5.572087,-6.21784,-6.2178397,-6.2206783,-5.9970756,-9.31187,-8.838413,-8.782886,-7.8113236,-8.562923,-8.562932,-8.990106,-8.785576,-8.312841,-8.404535,-9.137131,-4.8402486,-5.9656296,-5.965629,-5.9440975,-6.325574,-5.83163,-8.396568,-6.8139086,-3.4625967,-3.86421,-3.8642097,-3.9517736,-3.8633635,-3.7217798,-4.493143,-8.100542,-7.021659,-6.6129746,-6.6129746,-7.3000717,-7.4290895,-7.2634344,-6.665918,-8.928863,-7.6921935,-8.500044,-8.500045,-8.46716,-7.1269073,-8.890083,-8.581735,-9.038828,-8.900496,-9.209905,-9.209906,-9.177795,-9.322253,-9.243375,-9.151649
ClCC(Cl)Cl,-1.48,-1.3914956,-1.5029849,-0.75461954,-0.7546195,-0.7413721,-1.0062367,-0.70200306,-1.9689087,-1.2464612,-1.5150944,-1.6775664,-1.6775662,-1.6807753,-1.6988502,-1.6782851,-1.803246,-1.2832693,-0.98238707,-0.9380242,-0.9380243,-0.93822944,-0.9977674,-1.291584,-1.5083382,-1.6189475,-1.3805331,-1.9634095,-1.9634186,-1.4155627,-1.8899962,-1.5747384,-1.2962385,-1.5817647,-1.8228186,-1.3393391,-1.339339,-1.3550302,-1.3223184,-1.6193311,-1.4044079,-1.5581381,-1.3735594,-1.153584,-1.1535839,-1.1525228,-1.1534518,-1.1417847,-1.1910254,-1.7775377,-2.4773297,-2.1119504,-2.1119502,-2.8848805,-2.357842,-2.8310382,-2.2251844,-1.4092954,-2.1220536,-2.0376487,-2.0376487,-2.0413966,-1.6391433,-2.1261144,-1.7791637,-2.1231174,-2.187121,-2.2199125,-2.2199123,-2.1355934,-2.1114752,-2.1667986,-1.9781425
CN(C)C(=O)N(C)C ,0.94,-0.49688777,-2.0489273,-1.4550152,-1.4550155,-1.447678,-1.6160922,-1.4438646,-1.6776161,0.924184,-0.58462334,0.19385123,0.19385146,0.19167812,-0.062130257,0.19424541,-0.8334589,0.83850247,-1.6512233,-1.6868244,-1.6868244,-1.6941733,-1.646697,-1.2385077,-1.4917198,0.78520846,-0.72553015,-0.71204525,-0.71205014,-0.5557494,-1.163735,-0.4675666,-0.90394115,0.71859443,-3.5685577,-3.6819808,-3.6819804,-3.780196,-3.9608936,-3.7416081,-2.1342344,0.0915074,-2.1258667,-2.1653035,-2.1653037,-2.1746793,-2.0929515,-2.0776522,-1.5376265,-1.3449924,-1.5396677,-0.4020956,-0.4020953,-1.7433069,-1.0258359,-1.6877607,-1.0666697,0.7846889,-0.81095773,-0.6779334,-0.6779284,-0.7124167,-0.14470819,-0.64396095,-1.2331408,0.026944388,-0.31365955,-0.1405069,-0.14050685,0.07847576,0.10138996,-0.09179624,-0.10035019
CCOP(=S)(OCC)Oc1ccc(cc1)S(C)=O ,-2.3,-3.6319873,-4.6875496,-4.4367404,-4.43674,-4.4442515,-4.771623,-4.463013,-4.5426564,-2.6920683,-4.8124857,-3.969217,-3.9692183,-3.9491937,-4.393324,-3.972535,-4.5659194,-2.6262028,-4.566467,-4.2338605,-4.2338605,-4.2044444,-4.296161,-4.3115287,-4.161915,-2.3816118,-4.83193,-4.6387916,-4.6387987,-4.656941,-5.126857,-4.4014153,-4.4689846,-2.8214219,-4.4743724,-4.181756,-4.1817565,-4.16781,-4.3521643,-4.1615367,-3.3564322,-3.5325458,-4.449732,-4.6864767,-4.6864777,-4.658087,-4.646835,-4.3764243,-4.5562916,-3.4266562,-4.268022,-3.5898118,-3.5898118,-4.549651,-4.0075006,-4.48536,-3.7892463,-2.5877979,-4.8294053,-4.4585342,-4.4585295,-4.52171,-3.4806242,-4.460992,-5.006432,-2.383986,-2.3683105,-2.3922362,-2.3922362,-2.3708456,-2.3196838,-2.4063025,-2.4686048
Clc1ccc(cc1Cl)c2ccccc2 ,-6.39,-5.835069,-3.4337754,-3.306322,-3.3063226,-3.3182094,-3.6798494,-3.3696299,-3.651571,-6.0079174,-5.309121,-5.324724,-5.3247232,-5.269801,-5.269783,-5.317983,-5.1435757,-6.363668,-3.9086816,-3.9421613,-3.9421616,-3.9634056,-3.8471828,-6.1030154,-6.0482416,-5.769839,-4.446984,-4.8564887,-4.856498,-4.93011,-5.031398,-4.697045,-4.9907904,-6.588104,-2.7844849,-2.7641106,-2.76411,-2.8200295,-2.8938506,-2.830471,-4.02809,-6.2082243,-3.3468854,-3.1470768,-3.1470766,-3.2329063,-3.1567767,-3.3183672,-3.7867348,-6.93259,-5.859635,-6.5638413,-6.563841,-6.6103363,-7.3713074,-6.4933214,-6.8215194,-6.355958,-5.3370028,-4.9503937,-4.950391,-4.999029,-3.8945286,-5.14169,-5.7153487,-6.3128734,-6.196092,-6.306742,-6.3067408,-6.3420577,-6.351034,-6.1904206,-6.359503
OC(CC(c1ccccc1)c3c(O)c2ccccc2oc3=O)c4ccc(cc4)c5ccc(Br)cc5 ,-4.445,-4.8991146,-9.31676,-7.8383465,-7.838347,-7.8195853,-8.071867,-7.7790327,-5.6491103,-4.8362856,-5.9963746,-5.673313,-5.6733136,-5.64646,-6.286182,-5.743615,-6.104869,-4.1768365,-7.111576,-6.7614336,-6.7614346,-6.562503,-6.811256,-4.928469,-4.2759333,-4.3216023,-6.74163,-6.5226994,-6.5227046,-6.3522763,-7.156426,-6.1174464,-4.43116,-4.8483844,-8.044505,-7.659829,-7.6598287,-7.552942,-7.5191727,-6.505797,-5.45409,-4.5437913,-6.5999107,-6.368722,-6.368722,-6.506945,-6.0560594,-6.498723,-5.3792257,-5.0438037,-5.5998874,-5.3314424,-5.3314424,-5.9507837,-5.655761,-5.9112034,-5.3681865,-4.543979,-7.326307,-7.2225285,-7.222523,-7.28598,-5.5008807,-7.001661,-6.537289,-4.449812,-4.3989325,-4.539982,-4.539981,-4.5462317,-4.617634,-4.5896564,-4.459422
CC1(C)C(C=C(Cl)Cl)C1C(=O)OC(C#N)c2ccc(F)c(Oc3ccccc3)c2,-7.337000000000001,-5.435861,-7.328815,-6.6081214,-6.608123,-6.6052766,-6.903964,-6.634234,-6.0482664,-7.977528,-5.2302537,-4.834474,-4.834474,-4.814543,-5.2258105,-4.861661,-5.101252,-7.4350324,-6.340133,-6.2733555,-6.273355,-6.198904,-6.645335,-7.2646527,-7.0177975,-6.912758,-6.4439487,-6.545934,-6.545943,-7.0495443,-6.732567,-6.399335,-6.5455728,-7.0260143,-6.565931,-6.3901997,-6.3902,-6.3924274,-6.476255,-6.5152307,-6.1768417,-6.430085,-5.5164356,-5.124088,-5.124088,-5.135684,-5.1281343,-5.2229433,-4.931467,-4.890915,-5.3925066,-5.2156234,-5.2156234,-5.638762,-5.5940714,-5.625556,-5.202648,-7.3126473,-6.1339326,-5.990944,-5.990938,-6.103182,-5.197251,-7.08614,-6.660506,-7.1945343,-7.277851,-7.493827,-7.4938264,-7.381266,-7.525379,-7.436688,-7.3658934
COc1ccccc1Cl,-2.46,-2.8253071,-2.383051,-2.3572555,-2.3572555,-2.349013,-2.5567832,-2.3449423,-2.26383,-1.7564397,-2.1810963,-1.479992,-1.4799925,-1.4733014,-1.6060166,-1.4734963,-2.1089008,-2.4300833,-1.8113956,-1.8703576,-1.8703573,-1.8795124,-1.8789122,-2.0992436,-1.7923224,-2.379153,-1.8875775,-2.33588,-2.3358877,-2.0091212,-2.3994057,-1.983761,-1.8467913,-2.5750468,-1.9296861,-2.3638268,-2.3638268,-2.33755,-2.3725839,-2.3383942,-1.3890033,-1.6231376,-2.2623208,-2.2544649,-2.2544649,-2.2672198,-2.2687194,-2.2125149,-1.9897064,-2.2592077,-0.35775378,-1.4877248,-1.4877245,-0.90419525,-1.6661754,-0.8532408,-1.2217246,-2.380446,-2.6325202,-2.44771,-2.4477084,-2.4895308,-1.7548618,-2.5284786,-2.5505998,-2.505366,-2.4011762,-2.4405663,-2.4405658,-2.4363203,-2.4475873,-2.4081717,-2.5316947
C/C=C/C=O,0.32,0.42177376,-1.4943358,-1.3365444,-1.3365444,-1.353455,-1.582434,-1.3690041,-1.0951936,0.6160597,-0.6110072,0.06171295,0.061712977,0.05349303,-0.0115152355,0.0749465,-0.72144645,0.7062666,-0.9243598,-0.8603444,-0.86034435,-0.8613012,-0.7971229,-0.1448807,-0.20304163,0.09132516,-0.5111032,-0.89496267,-0.8949668,-0.40663174,-0.9037639,-0.511798,-0.71518844,0.1601608,-1.6379362,-1.2366889,-1.2366887,-1.3038708,-1.2640742,-1.3813516,-0.5099297,0.30947527,-1.602537,-0.89568955,-0.89568955,-0.8868364,-1.0193974,-1.0525331,-0.46806014,-0.042837597,-0.7678781,0.44282696,0.44282708,-0.7364705,0.028290723,-0.6513789,-0.25759923,0.48822302,-0.33826458,-0.27289796,-0.27289626,-0.28471908,0.09649556,-0.13195552,-0.45220852,0.19298416,0.052657943,0.1732453,0.17324539,0.18279602,0.12419887,0.10909398,0.13268699
CCC(C)CO,-0.47,-1.6456513,-1.8133432,-1.1711084,-1.1711084,-1.1647291,-1.3358063,-1.1378878,-1.4968466,0.052599706,-1.1159115,-1.0102354,-1.0102354,-1.0095791,-1.1267152,-1.0003685,-1.5465477,-0.33955377,-1.338097,-1.3482898,-1.3482898,-1.3526893,-1.2627324,-0.5640484,-0.65654576,-0.3371229,-1.0162263,-1.1535294,-1.1535361,-0.8143838,-1.3528236,-0.7937262,-1.1159765,-0.3435231,-1.644044,-1.3115736,-1.3115735,-1.3211527,-1.389413,-1.2652918,-1.0987241,-0.68181807,-1.7850121,-1.7095245,-1.7095246,-1.6877325,-1.691659,-1.6529846,-1.289638,-0.36145127,-1.0594997,0.04614658,0.04614635,-1.2492746,-0.34805465,-1.1842784,-0.71191174,-0.21122736,-0.900238,-0.8305032,-0.83049965,-0.8614961,-0.3520507,-0.87618995,-1.1482933,-0.547613,-0.694533,-0.703844,-0.7038439,-0.51253784,-0.3820586,-0.5566406,-0.84165496
C=CCC=C,-2.09,-1.268596,-1.5054524,-0.87342757,-0.8734277,-0.8851891,-1.1289296,-0.9026419,-1.2673029,-1.645506,-0.87217253,-0.28224277,-0.28224236,-0.27662936,-0.3443367,-0.26962876,-1.157021,-2.461587,-1.0357395,-1.0161397,-1.0161397,-1.0180712,-0.92597264,-0.408025,-0.36731464,-1.9837843,-0.42067116,-1.0387962,-1.0388029,-0.6200249,-0.83529526,-0.7337297,-0.65808946,-1.83352,-2.8829603,-2.0119686,-2.0119684,-2.0141385,-1.7961677,-1.7051097,-1.449397,-1.8220806,-2.1749098,-2.4240866,-2.4240863,-2.4919267,-2.3675683,-2.440125,-2.120797,-2.4063087,-3.644042,-2.6372156,-2.6372156,-3.527195,-2.8321333,-3.5680757,-2.8777962,-2.0368383,-0.8011635,-0.84724367,-0.8472407,-0.8808848,-0.43172517,-1.0180525,-0.7923404,-1.8967912,-1.9337337,-1.9867785,-1.9867785,-1.9241965,-1.971415,-1.9387994,-1.930722
CCOP(=S)(OCC)Oc1ccc(cc1)N(=O)=O,-4.66,-3.9093907,-4.410167,-4.229586,-4.2295856,-4.234526,-4.565606,-4.220859,-4.727505,-4.39322,-3.4473486,-3.3666425,-3.3666425,-3.3182077,-3.5669553,-3.3985522,-3.4739006,-4.497396,-4.2038884,-3.9871259,-3.9871252,-3.9891977,-4.010072,-4.2433505,-3.9671807,-4.4723573,-4.132615,-4.0029383,-4.002946,-4.1869025,-4.4337873,-3.8587048,-4.022372,-4.7267175,-4.148771,-3.8964696,-3.89647,-3.9298975,-4.16203,-4.79227,-3.6212482,-3.4731245,-4.090149,-4.3839097,-4.3839097,-4.383152,-4.322263,-4.298775,-4.6204743,-3.4340718,-3.3553462,-3.0872016,-3.0872014,-3.7741024,-3.4408984,-3.7123172,-3.4658153,-4.594071,-3.900899,-3.8449974,-3.8449914,-3.8609533,-2.5844154,-4.003788,-4.1285095,-4.6638107,-4.620125,-4.749145,-4.7491446,-4.682447,-4.7277784,-4.6927896,-4.8151193
ClC(Cl)(Cl)C(NC=O)N1C=CN(C=C1)C(NC=O)C(Cl)(Cl)Cl ,-4.19,-4.717124,-5.5310454,-5.124027,-5.124027,-5.123114,-5.4568777,-5.134463,-5.5956645,-4.6028,-3.4345968,-4.1568837,-4.1568832,-4.1072264,-4.8576856,-4.0163527,-4.1417575,-4.168137,-5.0432534,-4.528185,-4.528185,-4.539942,-5.1339746,-4.829656,-4.901951,-3.9010596,-3.0092864,-3.9956334,-3.9956405,-3.8326735,-3.7266977,-3.6801133,-3.3940628,-4.5077906,-6.378571,-6.6693683,-6.669368,-6.5871983,-6.7021594,-6.3014426,-5.2558537,-3.6100454,-3.9082134,-4.265855,-4.2658553,-4.3612466,-4.1337905,-3.9604752,-5.0852284,-3.8653154,-5.377767,-3.807599,-3.8075984,-5.5074506,-3.7028134,-5.2997684,-3.7372413,-4.1417484,-5.3169065,-5.3451385,-5.345135,-5.4181633,-3.8034809,-5.1966352,-6.360305,-4.2171974,-4.4045973,-4.246643,-4.246642,-4.2223616,-4.244268,-4.224874,-4.219997
Clc1cccc(Cl)c1c2c(Cl)cccc2Cl ,-7.39,-7.9280834,-4.323712,-4.9760413,-4.9760413,-4.9810243,-5.1753845,-4.9077716,-6.0005,-7.1905375,-5.978391,-6.4413953,-6.4413967,-6.3844776,-6.0822463,-6.4259386,-7.3586187,-7.276346,-5.633735,-5.659567,-5.6595664,-5.6908507,-5.7795587,-6.7409444,-6.7296057,-7.125977,-5.521801,-6.3789096,-6.378919,-6.8620543,-6.410597,-6.2867064,-5.9599004,-7.5328226,-6.332521,-7.6939483,-7.6939487,-7.9164276,-7.7726917,-8.126612,-8.062724,-6.308347,-3.167053,-3.4790938,-3.479094,-3.5466814,-3.4389427,-3.3361871,-3.999272,-6.061258,-5.7664967,-6.0600305,-6.0600286,-6.210565,-6.5609484,-6.200908,-6.20637,-7.338559,-7.1462474,-7.2201757,-7.220177,-7.2221317,-6.09494,-7.6611824,-7.8012795,-7.4426584,-6.50585,-6.715554,-6.7155538,-6.7202573,-6.5663342,-6.7214637,-7.1735783
BrC(Br)(Br)Br,-3.14,-3.7245498,-1.9705759,-3.7985854,-3.7985854,-3.8114247,-3.9723103,-3.6954155,-3.5460265,-3.0754886,-2.961084,-3.0419884,-3.0419884,-3.0310225,-2.9373467,-3.0620675,-2.994084,-3.121174,-2.2534165,-2.0728314,-2.0728314,-2.0793529,-1.9006115,-3.8309233,-3.75979,-3.000756,-2.0847027,-2.963741,-2.9637473,-2.2641273,-2.4802878,-2.6893854,-2.3370516,-3.3664389,-1.9633435,-2.0764792,-2.0764792,-2.0564907,-2.2625906,-1.9981936,-3.056583,-2.8845108,-1.3163725,-1.0837151,-1.0837153,-1.086025,-1.1664094,-1.0321045,-2.6586452,-2.318743,-1.4025079,-1.9614601,-1.9614595,-1.8539386,-2.3134122,-1.7876792,-2.1367962,-3.0341518,-3.2216,-2.993292,-2.9932933,-2.9987192,-2.7332234,-3.184268,-3.2061598,-2.551498,-2.4856005,-2.608187,-2.6081862,-2.6328585,-2.6083267,-2.624033,-2.3868477
CC1(C)CON(Cc2ccccc2Cl)C1=O,-2.338,-2.428409,-3.3934126,-2.9566116,-2.9566116,-2.9511526,-3.2392266,-2.9260168,-3.0236053,-2.3631694,-3.2509701,-2.672508,-2.6725078,-2.6307719,-2.919937,-2.6987767,-2.9241726,-2.47606,-4.064642,-3.7082222,-3.708222,-3.7401228,-3.838211,-3.0948517,-2.8809745,-2.3389902,-3.078331,-3.2970085,-3.2970164,-2.7769308,-3.5688922,-3.1233907,-2.8841124,-2.5813172,-3.3911514,-3.4018674,-3.4018676,-3.4336655,-3.4840524,-3.4794345,-2.9109497,-2.3920426,-3.1276681,-2.8627322,-2.8627322,-2.788837,-2.8857634,-2.9138,-2.9021478,-2.9346046,-3.3903875,-3.1341357,-3.1341352,-3.6813126,-3.530409,-3.6564767,-3.349878,-2.5343587,-3.5613933,-3.513964,-3.5139582,-3.5689316,-2.4102821,-3.6356077,-3.8588324,-2.3699362,-2.1776247,-2.291473,-2.2914727,-2.3035295,-2.2683237,-2.2657003,-2.318026
O=C1CCCCC1,-0.6,-0.5816134,-1.7248393,-1.0219289,-1.0219291,-1.0081458,-1.1536953,-0.9975165,-1.4540523,-0.5936617,-1.196188,-1.3850521,-1.3850511,-1.37832,-1.4656312,-1.382735,-1.4603151,-0.49018952,-1.9116464,-2.053042,-2.053042,-2.0613804,-2.0062704,-3.0399098,-3.2667296,-0.7711467,-1.4943362,-1.987534,-1.9875407,-1.5521637,-2.0676067,-1.8566443,-1.6790365,-0.7221577,-2.2778683,-0.87254834,-0.87254804,-0.9152153,-0.8487008,-0.8625119,-1.0871524,-0.5014249,-1.8452767,-1.8623878,-1.8623879,-1.8944552,-1.8436629,-1.8841629,-1.4275357,-0.26248,-1.0375184,0.17655334,0.17655352,-0.9186584,-0.43094724,-0.8491164,-0.56582123,-0.42731488,-2.4667907,-2.238559,-2.2385564,-2.2787628,-1.8149964,-2.1227787,-2.3383086,-0.09636613,-0.7329796,-0.6608702,-0.66086996,-0.64007795,-0.65998185,-0.6229854,-0.69987184
CC(C)CCCO,-1.14,-1.6982837,-2.1087894,-1.6716613,-1.671661,-1.6757902,-1.91843,-1.658485,-1.9693447,-0.9545516,-1.219615,-1.7224711,-1.7224712,-1.7119554,-1.544192,-1.7159702,-1.7270045,-0.8008627,-1.6261758,-1.6613003,-1.6613002,-1.6702083,-1.5747194,-1.1624832,-1.1986974,-1.1644537,-1.4452151,-1.8150945,-1.8151016,-1.3382796,-1.9064308,-1.441591,-1.5669141,-0.69493955,-1.9657236,-1.6874446,-1.6874447,-1.7267988,-1.7537051,-1.7028115,-1.54559,-1.6323267,-2.1013813,-1.8173883,-1.8173883,-1.6886783,-1.8627099,-1.8081245,-1.6144838,-0.8611815,-1.6175591,-0.57648456,-0.5764847,-1.8641759,-0.97823566,-1.7933464,-1.1855773,-0.9780729,-1.425249,-1.3194664,-1.3194623,-1.2288859,-0.5870501,-1.251597,-1.6640593,-1.1658721,-0.96749145,-0.9964428,-0.9964427,-0.9989663,-1.0212631,-0.9888797,-0.48755768
ClC1(C2(Cl)C3(Cl)C4(Cl)C5(Cl)C1(Cl)C3(Cl)Cl)C5(Cl)C(Cl)(Cl)C24Cl,-6.8,-7.0240235,-5.5360622,-6.3871646,-6.387163,-6.3752656,-6.651778,-6.271278,-6.746167,-6.9182286,-6.3404574,-6.851725,-6.8517246,-6.8333397,-6.6176753,-6.7742596,-6.5588765,-6.687345,-8.3879595,-8.505924,-8.505925,-8.556088,-8.430441,-7.2443094,-6.799848,-6.7181616,-7.874653,-6.6510434,-6.651045,-7.276155,-8.154661,-6.303583,-6.81475,-6.9850507,-6.2319436,-8.099496,-8.099496,-8.124433,-8.659837,-8.079441,-6.965529,-6.7781467,-2.4429884,-2.6876886,-2.6876886,-2.7388194,-2.6999516,-2.595024,-2.8121052,-6.97287,-3.6187072,-6.0203443,-6.020345,-4.1112723,-6.220203,-4.1606026,-6.3061156,-6.6196127,-6.5595756,-6.533662,-6.533659,-6.564114,-5.614113,-7.1532845,-6.997758,-6.763147,-6.694732,-6.75254,-6.75254,-6.668347,-6.609419,-6.878999,-6.664122
c1cc2ccc3ccc4ccc5ccc6ccc1c7c2c3c4c5c67,-9.332,-9.419504,-4.1829906,-4.31033,-4.3103304,-4.322039,-4.902838,-4.3083844,-7.2644033,-9.392792,-6.6981034,-8.68778,-8.687781,-8.607854,-8.969174,-8.628201,-8.106052,-9.202616,-6.1549563,-7.2241263,-7.2241263,-7.2092705,-6.8412147,-10.689675,-8.922295,-9.136067,-9.370931,-9.4163065,-9.416314,-10.006515,-10.315084,-9.079885,-8.945682,-9.392218,-6.069959,-7.6338973,-7.633897,-7.6472483,-7.8651633,-7.6272187,-8.695625,-8.108944,-3.612133,-4.0582204,-4.0582194,-4.155859,-4.0331507,-3.8764336,-4.7457113,-8.901908,-5.949378,-6.9710994,-6.9710994,-6.8728557,-7.7222137,-7.174655,-7.2131114,-9.483734,-8.00768,-8.875005,-8.875007,-8.842754,-7.484378,-9.294758,-8.866539,-9.038828,-8.900496,-9.209905,-9.209906,-9.177795,-9.322253,-9.243375,-9.151649
CCCC=O,-0.01,-0.36587647,-1.4662093,-1.0059918,-1.0059917,-0.9893186,-1.2360275,-0.93589175,-1.4747818,0.26395547,-0.6844706,-0.32442948,-0.32442918,-0.32612458,-0.42558235,-0.31316027,-0.9665409,0.073474444,-1.1007948,-1.0970536,-1.0970535,-1.0991154,-1.0509434,-0.8252323,-0.6924637,-0.010287858,-0.8160543,-0.91376024,-0.91376626,-0.55253327,-1.1782542,-0.59304315,-0.9105354,-0.04061084,-1.6375406,-1.2652569,-1.265257,-1.2363305,-1.2598134,-1.153066,-1.1421931,-0.0043156375,-1.7371886,-1.4222785,-1.4222785,-1.3459203,-1.4209625,-1.451888,-0.8780042,-0.061765134,-0.73506635,0.6409227,0.6409228,-0.6257192,0.11171129,-0.5570528,-0.20835695,0.17155224,-0.69276327,-0.59753734,-0.5975343,-0.58544827,-0.30495855,-0.5667093,-0.8383358,0.10280815,0.13720702,0.2599067,0.25990668,0.22886996,0.1786205,0.20255546,0.28845203
CCCCCCCC=C,-5.05,-4.3068466,-2.7851634,-2.541682,-2.541682,-2.5343752,-2.8976245,-2.455834,-2.6507616,-5.114028,-2.7737603,-3.795562,-3.7955623,-3.7340767,-3.7985256,-3.76387,-2.9165523,-4.7993646,-2.5488062,-2.5751312,-2.5751312,-2.591124,-2.4843032,-3.8092926,-3.6727695,-4.909858,-2.7303824,-3.8780408,-3.8780477,-3.966044,-3.597297,-3.9486117,-3.0553298,-4.016554,-2.622901,-2.5318308,-2.5318308,-2.5711591,-2.6661806,-2.5036135,-2.3868861,-3.9011762,-3.3997495,-3.3061442,-3.3061442,-2.7937212,-3.3331125,-2.7265358,-3.7396042,-5.115555,-4.319899,-4.54384,-4.5438395,-4.9514527,-5.193488,-4.867564,-4.8123555,-4.98028,-3.822773,-3.7750328,-3.775029,-3.7965574,-2.5898423,-4.1398396,-3.9265053,-5.305333,-5.217566,-5.3889623,-5.3889623,-5.2527876,-5.2460923,-5.1407075,-5.3814454
CCOC(=O)N(C)C(=O)CSP(=S)(OCC)OCC,-2.518,-3.4932666,-4.8474817,-4.6175914,-4.617592,-4.6005054,-4.9080153,-4.471146,-4.757522,-2.7348297,-3.7029395,-2.722048,-2.722048,-2.7268796,-3.1589754,-2.6692052,-3.50475,-3.1489635,-4.7131753,-4.2744455,-4.274445,-4.2642965,-4.5182033,-4.100757,-4.032965,-2.6551445,-2.5705867,-3.0911367,-3.0911436,-2.915527,-3.3715045,-3.0999746,-2.6817548,-3.5002167,-4.8555417,-4.6558857,-4.655886,-4.5351906,-4.8395376,-4.2902546,-3.8088477,-4.2540407,-4.442252,-4.823687,-4.823687,-4.833762,-4.7364955,-4.782933,-4.873288,-3.9980667,-4.2537184,-3.817309,-3.8173082,-4.6478066,-3.9454117,-4.806179,-4.3443336,-2.8085523,-3.7552438,-3.4405541,-3.4405484,-3.3962169,-2.5741024,-3.3420253,-4.302202,-2.555094,-4.3826056,-3.8809512,-3.8809507,-3.944936,-4.5024424,-3.3662577,-5.554499
CCN2c1cc(Cl)ccc1NC(=O)c3cccnc23 ,-5.36,-4.9664288,-3.9641647,-3.6739416,-3.6739419,-3.6731498,-3.9883547,-3.6507115,-4.1334624,-5.3081436,-4.3832946,-4.3695,-4.3695006,-4.318062,-4.45007,-4.3514185,-4.1453514,-5.1685305,-4.8393507,-4.643134,-4.643134,-4.679057,-4.8225703,-5.1661844,-5.221832,-4.6152816,-4.3375683,-4.740438,-4.740446,-4.764519,-4.8619227,-4.40083,-4.3022203,-5.5828104,-3.8915553,-3.9555495,-3.9555495,-3.9354396,-4.0353403,-3.9569783,-3.6612904,-3.920237,-3.3801725,-3.9641898,-3.96419,-4.075996,-3.9123895,-3.842003,-4.621597,-2.6446104,-2.6996155,-2.3947883,-2.3947878,-2.9352884,-2.7550173,-2.8922813,-2.5984287,-5.252921,-5.2777143,-4.737898,-4.7378936,-4.768449,-3.6084647,-4.900172,-5.238865,-5.2641225,-5.29996,-5.485356,-5.4853563,-5.4249306,-5.455035,-5.3722796,-5.416227
ClCCCl,-1.06,-0.8201411,-1.1607971,-0.5796712,-0.5796712,-0.5547326,-0.85085446,-0.5361312,-1.7771691,-0.8900576,-0.7974085,-1.0350693,-1.0350691,-1.0411543,-1.099644,-1.0321126,-1.108958,-0.8828859,-0.9357776,-0.88787436,-0.8878745,-0.8873233,-0.9137442,-1.0422475,-1.219686,-1.1293083,-1.0495764,-1.4722453,-1.4722513,-0.9332115,-1.4787856,-1.0519147,-0.96204805,-1.0699162,-3.3457494,-2.0321534,-2.0321531,-2.1111782,-2.2911406,-2.0673647,-1.848078,-0.87347424,-1.3191202,-1.0426877,-1.0426877,-1.0370167,-1.0572836,-1.050842,-0.9370632,-1.6170408,-1.4082936,-1.5664959,-1.5664957,-1.3274481,-1.8117427,-1.2392558,-1.5115843,-1.0682627,-1.3716497,-1.4713751,-1.4713748,-1.4697801,-1.033924,-1.5681602,-1.1791904,-1.1557063,-2.3856075,-2.334708,-2.3347082,-2.3000329,-2.232067,-2.2264726,-2.0704336
Clc1cccc(Br)c1,-3.21,-3.451654,-2.4516358,-2.3983965,-2.3983967,-2.4127474,-2.7492158,-2.440202,-2.8900654,-3.1918871,-2.8984015,-3.0593565,-3.0593565,-3.0584726,-2.8854115,-3.0511086,-3.2124956,-3.175103,-1.9435136,-1.9830246,-1.9830247,-1.9889183,-1.9399382,-3.2190843,-2.9223454,-3.2629657,-2.6579676,-3.2697196,-3.2697268,-2.7665057,-3.2172425,-2.8857403,-2.8008752,-3.624335,-1.8796964,-2.0831761,-2.0831761,-2.0214074,-2.1498938,-2.0047517,-2.9841437,-2.8446643,-2.3546617,-2.540171,-2.5401711,-2.6127305,-2.5470145,-2.6116529,-2.865867,-3.5918794,-2.6487207,-2.850275,-2.8502753,-2.6452374,-3.2951658,-2.608332,-2.9811828,-3.1805458,-3.8260965,-3.4906251,-3.4906251,-3.4974835,-3.0992093,-3.4118376,-3.5709665,-3.213936,-3.5407915,-3.5996473,-3.5996473,-3.6082323,-3.6406305,-3.5420666,-3.6595778
O=c1[nH]cnc2nc[nH]c12 ,-2.296,-1.3125781,-2.1865742,-2.0622327,-2.0622327,-2.059299,-2.2298088,-2.062805,-1.6818442,-1.9846193,-0.9668199,-0.55437607,-0.55437624,-0.56755406,-0.66949755,-0.5462817,-0.870285,-2.2366405,-1.483414,-1.3939577,-1.3939574,-1.3966619,-1.3578618,-0.69281495,-0.9149442,-2.362235,-0.28352123,-1.4629595,-1.4629647,-0.80259466,-0.9433806,-1.2060685,-0.60179883,-2.2596896,-1.6979581,-1.9589013,-1.9589015,-1.9523314,-1.9476715,-1.9828292,-1.0263038,-2.0865989,-2.1905625,-2.2501476,-2.2501478,-2.2809787,-2.225644,-2.1914976,-1.6849009,-1.661866,-0.8636075,-0.43658498,-0.43658486,-0.8432737,-0.5497832,-0.7847045,-0.6541254,-2.3231153,-1.2286643,-1.124663,-1.1246616,-1.1394044,-0.9187282,-1.0708698,-1.2528033,-2.2275274,-2.2960243,-2.396374,-2.3963735,-2.32678,-2.3092086,-2.3841195,-2.3641984
O=C1NC(=O)NC(=O)C1(CC=C)c1ccccc1,-2.369,-2.7377012,-3.5817482,-3.4048872,-3.4048874,-3.4026232,-3.6663222,-3.3754618,-3.801093,-2.458604,-2.7361264,-2.3559277,-2.3559287,-2.3184984,-2.314869,-2.342173,-2.8201802,-2.5232253,-3.8895955,-3.5221825,-3.5221822,-3.548721,-3.8252494,-2.7086732,-2.4071598,-2.4265492,-2.0380979,-2.740646,-2.7406516,-2.5292363,-2.6740706,-2.686017,-2.143095,-2.3558853,-3.152873,-3.1149092,-3.1149092,-3.0864408,-3.210698,-3.0365243,-2.6411602,-2.7242742,-3.1792777,-3.5520618,-3.552062,-3.3781736,-3.524628,-3.4986262,-4.2428293,-2.5308015,-2.0319314,-2.4145598,-2.4145598,-2.523459,-2.5877173,-2.4348817,-2.666039,-2.3613076,-2.8844926,-2.7725756,-2.7725694,-2.7959037,-1.6834732,-3.026197,-3.4339888,-2.3771856,-2.3740983,-2.4522347,-2.4522338,-2.4040744,-2.435131,-2.468293,-2.4063349
Brc1ccc2ccccc2c1,-4.4,-3.781787,-2.6202097,-2.6977746,-2.6977751,-2.7178013,-3.1555104,-2.7534566,-3.4341028,-4.428482,-4.4487567,-4.7097125,-4.70971,-4.692575,-4.655353,-4.7031617,-4.427183,-4.315779,-2.4836273,-2.624882,-2.6248825,-2.6395264,-2.5085278,-4.3606977,-4.492959,-4.106156,-3.811264,-4.407699,-4.4077077,-4.099674,-4.3693066,-4.1200376,-3.9857569,-4.3355865,-2.0663183,-2.39251,-2.3925097,-2.3946922,-2.3520234,-2.39249,-4.3499985,-4.2316236,-2.49806,-2.5796344,-2.5796351,-2.6135879,-2.6042414,-2.56337,-2.6806102,-4.3688912,-5.0790243,-4.2761264,-4.2761254,-5.3606253,-4.801271,-5.3241186,-4.2331233,-4.482902,-5.0356774,-4.9530697,-4.953071,-4.984305,-4.3083982,-4.843846,-5.204216,-4.2524157,-4.1736584,-4.2884088,-4.2884073,-4.2942805,-4.3117027,-4.2448206,-4.3023467
Cc1ccc(N)cc1,-1.21,-1.2034773,-2.0903876,-1.792973,-1.7929729,-1.8005856,-1.9728292,-1.8214679,-1.6654215,-0.8506642,-1.5349139,-1.6235707,-1.6235696,-1.6146417,-1.6628265,-1.604292,-2.008522,-0.78865534,-1.5226706,-1.6370603,-1.6370604,-1.6430321,-1.5435603,-1.2423918,-1.0929878,-1.410982,-1.485089,-1.7487552,-1.748762,-1.5013059,-2.0982213,-1.4046923,-1.4608195,-1.2176563,-2.299533,-2.0954766,-2.0954762,-2.2121453,-2.2247396,-2.2722664,-2.598838,-1.0850486,-2.7377899,-2.1320179,-2.1320179,-2.202601,-2.1129873,-2.3598025,-1.6648519,-1.0454248,-1.2385622,-0.8083081,-0.8083082,-1.5108653,-1.1009501,-1.4173673,-1.1120453,-1.0233359,-2.227355,-1.9942324,-1.994229,-2.0070689,-1.3142567,-2.2313058,-1.9160448,-1.2434456,-1.793688,-1.6849431,-1.6849424,-1.5629318,-1.4529599,-1.6071994,-1.5236344
O=C1N(COC(=O)CCCCCC)C(=O)C(N1)(c2ccccc2)c3ccccc3,-6.301,-6.1557918,-6.4798183,-5.9371047,-5.937104,-5.9315634,-6.2394094,-5.932549,-5.3817897,-6.193247,-5.324963,-4.769476,-4.7694764,-4.6705074,-5.1441293,-4.792316,-5.3884964,-6.2258554,-5.6300054,-5.421943,-5.4219437,-5.6593957,-6.0324044,-7.065843,-5.9926496,-6.2050223,-4.791696,-5.4376245,-5.437629,-5.7335362,-5.5331745,-5.817524,-5.3522077,-6.2328544,-6.228967,-5.893203,-5.8932033,-5.834176,-6.0032463,-5.887927,-4.591585,-5.9974732,-5.9550896,-5.8611345,-5.8611345,-5.94853,-5.5908456,-5.724474,-5.482519,-4.894076,-4.7334146,-4.7996373,-4.799637,-4.7589564,-5.162085,-4.6828394,-5.5251713,-6.0289073,-6.2145596,-6.0643682,-6.0643644,-6.0857997,-4.580774,-6.0059133,-6.736144,-6.078627,-6.157001,-6.5330706,-6.533071,-6.2720056,-6.5095778,-6.4705234,-6.3580356
COCCCNc1nc(NC(C)C)nc(SC)n1,-2.928,-3.6635215,-5.042112,-4.6227307,-4.6227307,-4.6114326,-4.9150834,-4.5466523,-4.071108,-3.2660027,-3.8770387,-3.5609787,-3.5609787,-3.5306976,-4.1389084,-3.5987298,-4.0477176,-3.1750238,-4.4404206,-4.1889753,-4.188974,-4.1420894,-4.2509646,-3.4885466,-3.7611365,-2.862779,-1.9608669,-2.78522,-2.7852252,-2.4949129,-2.7682145,-2.4812841,-2.1972158,-3.482473,-4.9415655,-4.6768827,-4.6768823,-4.6555853,-4.801009,-4.685116,-3.4042172,-3.7625914,-4.551299,-4.675716,-4.675717,-4.3160276,-4.6391835,-4.413033,-4.3730145,-3.7603707,-3.6594577,-4.364574,-4.364573,-4.0707183,-4.7124534,-4.067527,-4.406453,-3.1352468,-4.36052,-3.9275599,-3.927556,-4.0133405,-2.9935904,-3.836247,-4.077234,-2.9065008,-2.9815297,-3.067784,-3.067784,-2.961459,-2.9256184,-3.0786688,-3.1566536
Fc1cccc(F)c1C(=O)NC(=O)Nc2cc(Cl)c(F)c(Cl)c2F ,-7.28,-6.594396,-5.865006,-5.6045184,-5.6045175,-5.620128,-6.076971,-5.6911445,-5.8353915,-8.008879,-3.257359,-4.701257,-4.701257,-4.824931,-6.225697,-4.261903,-2.3097632,-7.5594645,-5.7953506,-5.3746476,-5.374647,-5.3585978,-5.530706,-5.031841,-4.1637588,-6.9586496,-4.7223105,-5.966783,-5.9667897,-6.2126565,-5.987376,-5.697737,-4.485782,-7.361251,-4.943359,-5.0004535,-5.0004525,-5.0398307,-5.307768,-5.1140475,-6.3694077,-6.750994,-5.309471,-5.0206394,-5.020639,-5.1455574,-4.98214,-4.96422,-4.0769644,-6.976707,-4.583748,-3.0715282,-3.0715282,-4.4198194,-3.5253353,-4.5368295,-3.584822,-7.1325827,-2.1522088,-3.6558414,-3.655835,-3.6635401,-1.8978912,-3.9213123,-3.3933275,-7.086334,-5.090543,-5.8587184,-5.8587146,-5.4803247,-4.5895834,-5.322033,-4.4204926
CC(=O)N,1.58,1.9148991,-1.5399576,-1.0436534,-1.0436532,-1.027743,-1.0421615,-1.0191838,-0.6530444,1.6356578,0.029629495,0.9191072,0.91910666,0.910907,0.5885212,0.92800945,-0.18231072,1.2616066,-0.9391076,-0.9044875,-0.90448743,-0.90471107,-0.868034,-0.18984681,-0.38639033,1.4157323,-0.20166644,-0.30471268,-0.30471608,0.13686569,-0.36208585,0.089860074,-0.35219598,1.52096,-1.3835531,-0.7450841,-0.7450839,-0.76339936,-0.69684535,-0.7554829,0.012704731,1.330403,-1.279657,-0.91024643,-0.91024655,-0.8955371,-0.86280096,-0.9364081,-0.5506248,0.74301815,-0.058961157,0.81797266,0.8179724,0.113511786,0.5270555,0.1824851,0.23548605,1.647631,0.13776083,0.2628187,0.26282024,0.26509652,0.5739224,0.48516995,0.20190133,1.5673363,-0.0047015576,0.4105313,0.4105314,0.9549411,1.1702332,0.7148497,0.18367723
CCN2c1ccccc1N(C)C(=S)c3cccnc23 ,-4.706,-4.0240088,-3.8655832,-3.5055623,-3.5055623,-3.4889407,-3.8695545,-3.3982537,-3.317636,-4.6613975,-4.51797,-5.1925244,-5.192525,-5.1375875,-5.496991,-5.1892395,-4.637905,-4.687767,-4.7190013,-4.4636254,-4.463625,-4.5237284,-4.7316747,-4.6285396,-4.5669217,-4.3270125,-4.697355,-4.8371468,-4.8371534,-5.1028547,-5.195737,-4.67145,-4.552982,-4.923642,-4.0686145,-4.20045,-4.2004495,-4.1553493,-4.3406057,-4.1581397,-3.3101423,-3.3610635,-3.2500548,-3.773011,-3.7730112,-3.8674328,-3.7608497,-3.6459665,-4.2864575,-3.5453393,-2.4170928,-2.6361094,-2.636109,-2.563283,-2.9670506,-2.515454,-2.6615596,-4.7448015,-5.497019,-5.35404,-5.3540373,-5.379773,-3.9287426,-5.639012,-5.32153,-4.6976995,-4.5906134,-4.806478,-4.8064775,-4.6886673,-4.6654005,-4.7132344,-4.7355804
COc1ccc(cc1)N(=O)=O,-2.41,-2.2592804,-2.4915004,-2.4690843,-2.4690845,-2.4854798,-2.8400617,-2.5205393,-2.9615643,-2.3819964,-1.6295775,-1.2907108,-1.2907112,-1.2722089,-1.257969,-1.3050157,-1.551068,-2.2950766,-1.9376532,-2.0008914,-2.0008917,-2.011765,-1.9356886,-1.8729663,-1.9207159,-2.4388764,-1.581021,-2.189049,-2.189055,-1.734715,-2.1603527,-1.8535081,-1.5527711,-2.306904,-2.0799012,-2.108642,-2.1086419,-2.1569672,-2.2250478,-2.2047503,-2.286003,-1.9524808,-3.0970976,-3.3404841,-3.3404837,-3.429427,-3.2848992,-3.3377125,-4.2167735,-2.8223844,-0.9888283,-1.6120565,-1.6120564,-1.6826389,-1.810958,-1.5979651,-1.6082919,-2.293461,-2.1872873,-1.9904616,-1.9904581,-2.0430183,-1.2419254,-2.1785464,-2.410654,-2.3957517,-2.3125114,-2.3873177,-2.3873177,-2.3510075,-2.349755,-2.3585627,-2.406371
CCCCCCCCCCCCCCCO,-6.35,-6.7770395,-5.002889,-4.8030505,-4.8030505,-4.7942643,-5.2720404,-4.746495,-4.542211,-6.9227996,-4.547595,-6.707053,-6.7070537,-6.6374283,-7.2049212,-6.6920567,-5.975297,-6.347297,-4.61661,-4.5559196,-4.55592,-4.896288,-4.567159,-6.272854,-6.247381,-6.4762626,-5.581772,-6.391218,-6.3912244,-5.3323646,-6.6444764,-6.2880964,-6.4576283,-5.2342453,-4.963151,-4.8407364,-4.840736,-4.854312,-5.1692543,-4.7612195,-5.450588,-5.7421236,-5.7074094,-5.373883,-5.3738832,-5.3525267,-5.520018,-5.2292857,-5.290711,-5.7086926,-6.0469513,-5.760323,-5.7603226,-6.715096,-6.3904824,-6.59737,-6.263634,-6.4753413,-5.567579,-5.8931265,-5.893122,-5.884679,-4.391696,-6.398477,-6.1285677,-6.198886,-6.248522,-6.408253,-6.408253,-6.3524914,-6.4410925,-6.376728,-6.401294
CCc1ccccn1,0.51,-1.2611387,-2.1197882,-1.5799509,-1.5799509,-1.5830187,-1.7065388,-1.6054727,-1.4528975,-0.54624027,-1.8252754,-1.6711973,-1.6711965,-1.6576027,-1.7010442,-1.6739885,-1.8509203,-0.14629008,-1.6248413,-1.7381058,-1.738106,-1.7428741,-1.689327,-1.9291798,-1.7695097,0.0875123,-1.5761758,-1.75943,-1.7594372,-1.4135741,-2.0607457,-1.4128312,-1.4249793,0.23683637,-1.840471,-1.4842982,-1.4842986,-1.5265315,-1.523151,-1.516304,-0.9215588,-1.7126912,-2.2224004,-2.2128859,-2.2128856,-2.2281723,-2.207329,-2.1643958,-1.7875955,-0.86143893,-2.0970001,-0.88659626,-0.88659585,-2.018888,-1.2775253,-1.9472702,-1.4041636,0.37566978,-1.8896234,-1.7702019,-1.7702003,-1.821857,-1.2308673,-1.5966228,-1.7605091,0.5261043,0.6500403,0.571727,0.57172686,0.509752,0.52626693,0.59780955,0.207904
COC(=O)c1cccnc1 ,-0.46,-1.8457438,-2.3408954,-2.1867595,-2.1867595,-2.1978774,-2.4632528,-2.2254226,-2.4370563,-0.77211875,-1.4262178,-0.44691738,-0.44691774,-0.4167221,-0.68216735,-0.44413283,-1.3027235,-0.8172248,-1.598384,-1.6289506,-1.6289506,-1.6372906,-1.5363436,-1.1912596,-1.1680398,-0.72675717,-1.14086,-1.5118349,-1.5118395,-1.1229751,-1.6400614,-1.2123216,-1.268204,-0.53380567,-2.057956,-2.2843413,-2.2843413,-2.3393838,-2.293192,-2.4064362,-1.8422521,-0.6446632,-3.2307444,-3.5307105,-3.5307107,-3.6020648,-3.4209993,-3.2082965,-1.861466,-1.9264371,-1.3033062,-1.4589818,-1.4589814,-1.94474,-1.7219986,-1.8689661,-1.6131358,-0.26973248,-1.6104758,-1.523229,-1.5232245,-1.5477157,-0.772398,-1.6287671,-1.758923,-0.583757,-0.3710926,-0.33171648,-0.3317165,-0.43917632,-0.48209396,-0.376193,-0.36112183
CCCCCC=C,-3.73,-2.2834265,-2.2199655,-1.9495416,-1.9495413,-1.9426926,-2.26761,-1.8777391,-2.1606553,-3.70214,-1.7743201,-2.6501315,-2.6501312,-2.631145,-2.4615407,-2.6184387,-2.2537155,-3.5816824,-1.8421279,-1.9390296,-1.9390296,-1.9479845,-1.8529687,-2.758868,-2.5097742,-3.5617712,-1.9266996,-2.746758,-2.7467651,-2.5709457,-2.6495914,-2.7128935,-2.0625777,-2.8787057,-2.13839,-2.0055282,-2.0055282,-2.0522304,-2.0775468,-1.9832672,-1.862558,-2.1755102,-2.8425133,-2.8001177,-2.8001173,-2.6989088,-2.8187726,-2.6169708,-3.3865385,-3.7206717,-3.7237797,-3.3633146,-3.3633144,-4.121178,-3.7462807,-4.0805855,-3.517262,-3.6628585,-3.1079326,-3.0232532,-3.0232496,-3.077657,-2.0472527,-3.3638947,-2.9789305,-3.7522278,-3.563642,-3.5979614,-3.5979617,-3.6196976,-3.749181,-3.6834412,-3.7621984
CCC(C)(O)CC,-0.36,-0.7960333,-1.9980446,-1.6420125,-1.6420125,-1.6279036,-1.8837694,-1.5526773,-1.6727973,-0.035989154,-1.5400047,-1.6814027,-1.6814022,-1.6788952,-1.8170731,-1.6761034,-1.9730661,-0.4216453,-1.6994873,-1.7924197,-1.7924196,-1.7991229,-1.7275909,-1.6398654,-1.7520468,-0.39529493,-1.3516282,-1.4728686,-1.4728749,-1.2273204,-1.7531322,-1.2138209,-1.3487567,-0.2473011,-1.8622015,-1.6884601,-1.68846,-1.6630615,-1.7746104,-1.5677572,-1.5168823,-1.6813447,-1.8470415,-1.8004035,-1.8004036,-1.7929138,-1.7899972,-1.7524548,-1.4326514,-0.6114148,-1.3796486,-0.28249112,-0.28249153,-1.5248376,-0.6832186,-1.4694463,-0.95537215,-0.364395,-1.52116,-1.3881,-1.3880962,-1.4266195,-0.87795734,-1.3810879,-1.8352046,-0.45999154,-0.6047212,-0.69271535,-0.6927153,-0.58810085,-0.5820705,-0.43960285,-0.8023488
CCCCCCCCC,-5.88,-4.6281276,-2.8555162,-2.6533597,-2.6533597,-2.6580896,-3.0334032,-2.641381,-2.7558608,-5.7212853,-2.7993612,-4.1397233,-4.1397233,-4.0710893,-4.2649407,-4.1264334,-2.9901505,-5.681304,-2.8231325,-2.8652945,-2.8652942,-2.887312,-2.7543101,-4.698459,-4.4776654,-5.541817,-3.6328063,-4.4308496,-4.430856,-3.759563,-4.762624,-4.4178967,-3.942401,-4.4930243,-2.826756,-2.7388206,-2.7388206,-2.7069833,-2.8482726,-2.6979146,-2.5746114,-4.085903,-3.6091502,-3.6603267,-3.660327,-3.2290335,-3.6952813,-3.3202453,-4.206803,-5.635876,-4.504732,-5.37882,-5.3788195,-5.3772054,-5.6705637,-5.354721,-5.3989987,-5.7558475,-4.2310443,-4.375301,-4.375296,-4.4236956,-3.073128,-4.951243,-4.486457,-5.8108034,-5.070175,-5.3004026,-5.300402,-5.9092875,-6.099669,-6.0587935,-5.349696
c1c(Br)ccc2ccccc12 ,-4.4,-3.7817698,-2.6202106,-2.697775,-2.6977756,-2.7178013,-3.1555104,-2.7534568,-3.434098,-4.428482,-4.4487567,-4.7097125,-4.70971,-4.692575,-4.655353,-4.7031617,-4.427183,-4.31574,-2.4836214,-2.6248744,-2.6248744,-2.6395183,-2.508521,-4.3606753,-4.4929247,-4.106158,-3.8112783,-4.4077115,-4.4077206,-4.099688,-4.3693223,-4.120049,-3.9857953,-4.3355865,-2.0663188,-2.3925107,-2.3925102,-2.3946931,-2.3520234,-2.3924904,-4.349999,-4.231622,-2.4980597,-2.5796344,-2.5796351,-2.6135879,-2.604241,-2.5633695,-2.6806102,-4.3688917,-5.079023,-4.2761273,-4.2761273,-5.3606234,-4.8012705,-5.324117,-4.233124,-4.4854918,-5.022938,-4.9350104,-4.9350114,-4.9663095,-4.2905416,-4.827634,-5.208325,-4.2524157,-4.1736584,-4.2884088,-4.2884073,-4.2942805,-4.3117027,-4.2448206,-4.3023467
OCC(NC(=O)C(Cl)Cl)C(O)c1ccc(cc1)N(=O)=O,-2.111,-3.7525864,-4.8515472,-4.565278,-4.565278,-4.5415416,-4.935168,-4.476669,-5.2989664,-2.3832307,-3.066463,-3.6264489,-3.626449,-3.5049715,-3.86812,-3.4360168,-3.4777517,-2.1914394,-4.390364,-3.8086112,-3.8086112,-3.9164486,-4.3167925,-2.3480728,-2.3330867,-2.178644,-2.0560956,-2.299411,-2.2994168,-2.0195312,-2.5182567,-2.3171086,-2.2832434,-2.5938716,-3.911476,-4.0016184,-4.0016184,-3.9668107,-4.192683,-3.951755,-4.698424,-3.2728736,-4.3453283,-4.450468,-4.4504676,-3.8880575,-4.429572,-3.6847148,-4.9960103,-1.7534415,-2.4204555,-2.4073548,-2.4073553,-2.8189073,-2.4665284,-2.7444775,-2.44821,-2.1221151,-3.165914,-3.5312088,-3.5312016,-3.5343165,-1.9434001,-3.785841,-4.0486298,-2.0059361,-2.490189,-2.0169237,-2.0169237,-2.0486143,-2.2360537,-1.8769715,-2.8782213
Clc1ccccc1N(=O)=O,-2.55,-2.623371,-2.4890504,-2.4222193,-2.4222195,-2.4169178,-2.6303804,-2.4130456,-2.460456,-2.3008397,-1.2805812,-2.0219018,-2.0219016,-2.0333006,-1.9321795,-2.0000637,-1.6105999,-2.77977,-1.8834953,-2.014503,-2.014503,-2.0239954,-2.0303807,-2.4948685,-2.4823282,-2.4853296,-2.1541367,-2.8910074,-2.8910155,-2.3063872,-2.7828157,-2.5522437,-2.2130353,-2.7978208,-1.8468826,-1.4986255,-1.4986254,-1.5093299,-1.6423334,-1.4468795,-1.4461023,-1.562371,-2.0616038,-2.0139399,-2.0139396,-2.0306344,-2.0244849,-2.0047312,-1.6819652,-3.0073667,-1.6016986,-2.399744,-2.399743,-2.4669132,-2.7788014,-2.424353,-2.7646532,-2.4361749,-2.360798,-2.9557014,-2.9557014,-3.0328593,-2.1614792,-2.5970259,-2.468677,-2.5251887,-2.3072486,-2.4662867,-2.4662862,-2.5640419,-2.6605232,-2.408626,-2.7407384
COc1ccc(C=CC)cc1,-3.13,-2.3902042,-2.7362063,-2.6567974,-2.6567972,-2.6686592,-3.050335,-2.6853447,-2.7495463,-2.911432,-3.4917288,-2.9088106,-2.908811,-2.7551029,-3.0664954,-2.8921483,-3.026117,-2.9066653,-2.2305536,-2.2470381,-2.2470384,-2.2602382,-2.1738758,-2.289272,-2.3271618,-2.917749,-1.7900213,-2.3123512,-2.3123574,-2.019666,-2.4437444,-1.9911581,-1.878874,-2.8323722,-2.3786793,-2.224599,-2.2245984,-2.2934847,-2.403526,-2.3144476,-1.9996952,-2.74496,-4.0160904,-4.085408,-4.0854087,-3.5428982,-4.1089396,-3.6854577,-4.6176834,-3.3816721,-1.9440521,-2.7634132,-2.7634134,-2.499792,-3.0867987,-2.430575,-2.7285602,-3.1906347,-3.546126,-3.150709,-3.1507065,-3.2096262,-2.1941495,-3.3899314,-3.39312,-3.1742582,-3.015564,-3.053985,-3.0539856,-3.0380323,-3.0415187,-3.0647538,-3.0830414
O=C1NC(=O)NC(=O)C1(CC)CCC(C)C,-2.658,-2.891099,-3.5997217,-3.4101567,-3.410157,-3.4137836,-3.6984277,-3.4072096,-3.6402972,-2.617519,-1.87241,-1.4332658,-1.4332662,-1.402235,-1.5465763,-1.4319184,-1.8366305,-2.6515405,-4.019268,-3.7422438,-3.7422438,-3.7704995,-3.9184463,-3.5575001,-3.3165684,-2.3368013,-2.9818635,-3.0886602,-3.0886662,-2.360224,-3.4926383,-2.9280286,-3.020302,-2.6943593,-3.419603,-3.278232,-3.2782323,-3.2696655,-3.4092906,-3.2403831,-2.5983999,-2.2486415,-3.157297,-3.5655956,-3.5655954,-3.617411,-3.5417612,-3.3767798,-4.2867994,-2.659116,-2.1385436,-2.626352,-2.6263516,-2.680995,-2.882115,-2.5921807,-2.827803,-2.6951196,-2.1446,-2.0809221,-2.080914,-2.1175692,-1.1577787,-2.3704863,-2.8027322,-2.6080966,-2.6006668,-2.634619,-2.6346192,-2.6631672,-2.6549013,-2.603441,-2.6309884
OC(Cn1cncn1)(Cn2cncn2)c3ccc(F)cc3F ,-1.8,-4.0752873,-4.4185815,-4.0779805,-4.07798,-4.0773225,-4.391663,-4.067281,-4.3656363,-2.0568185,-2.333046,-2.559932,-2.5599322,-2.5067267,-2.6820004,-2.4500506,-2.449207,-1.8938094,-4.277865,-3.744811,-3.7448113,-3.76517,-4.1315646,-2.863304,-2.4487255,-1.65954,-2.483233,-2.8578296,-2.8578346,-2.395032,-3.2665517,-2.6221871,-1.9615926,-2.164945,-3.7265053,-3.738731,-3.738731,-3.7142599,-3.8664544,-3.699808,-3.20997,-3.214495,-3.7832015,-4.280666,-4.280666,-4.1151924,-4.235972,-3.7178736,-5.0742307,-2.5479324,-2.3131647,-2.9098382,-2.9098384,-2.6287014,-2.9958434,-2.5813,-3.036449,-1.9209813,-2.4432602,-2.9054523,-2.905443,-2.947735,-1.3500245,-3.1666608,-2.8452296,-1.7400978,-1.8279407,-1.811081,-1.8110813,-1.9362483,-1.8490815,-1.8684537,-1.8321682
CC12CC2(C)C(=O)N(C1=O)c3cc(Cl)cc(Cl)c3,-4.8,-5.1157675,-4.2632985,-3.966456,-3.9664562,-3.9644752,-4.2575197,-3.9871986,-4.3649755,-4.784814,-3.9731526,-3.97144,-3.97144,-3.9532206,-3.9136074,-4.024764,-3.4940267,-4.7818594,-4.6293077,-4.376829,-4.3768296,-4.3889227,-4.5574813,-4.402859,-4.1844816,-4.7420325,-4.184397,-4.974494,-4.9745045,-4.601151,-4.8481073,-4.3663554,-4.1833577,-5.220655,-3.8104393,-4.085918,-4.085918,-4.1290355,-4.2205286,-4.226987,-5.3932157,-4.6580935,-3.0575933,-2.5958087,-2.5958087,-2.6268249,-2.7177124,-2.8286936,-2.5563536,-4.3685904,-3.416387,-3.598844,-3.5988443,-3.7268338,-3.9923034,-3.6728308,-3.8420334,-4.7178087,-3.9701848,-4.043946,-4.04394,-4.0748606,-2.871496,-4.3458343,-4.4430003,-4.7692003,-5.2713947,-5.89234,-5.892341,-5.857343,-5.7633734,-6.016985,-5.693169
CCc1cccc(CC)c1N(COC)C(=O)CCl ,-3.26,-3.296481,-4.1538014,-4.232179,-4.232179,-4.222803,-4.6044216,-4.1866336,-4.7648296,-3.1744576,-2.8641353,-2.7109988,-2.7109988,-2.6928596,-2.9423895,-2.6882386,-2.2721682,-3.226782,-4.097379,-3.7057533,-3.7057536,-3.7352579,-3.9849765,-3.2686121,-3.3738968,-2.7029512,-2.6894517,-3.070519,-3.0705247,-2.7324326,-3.2270682,-2.6361194,-2.5647945,-3.4675863,-4.0738163,-4.0519276,-4.0519266,-3.9667597,-4.3447375,-3.827589,-3.2025447,-3.5795674,-2.986995,-3.405369,-3.405369,-3.4716756,-3.4131467,-3.2679775,-3.987159,-2.9050975,-2.9444432,-2.7556765,-2.7556763,-3.1527371,-3.0743866,-3.093406,-2.9172523,-3.3374426,-3.7766397,-3.667191,-3.6671839,-3.6714032,-2.504199,-4.0821095,-3.9357257,-3.299559,-3.3082805,-3.6130667,-3.6130672,-3.5012271,-3.4294488,-3.5139575,-4.1022644
ClC1=C(Cl)C(Cl)(C(=C1Cl)Cl)C2(Cl)C(=C(Cl)C(=C2Cl)Cl)Cl,-7.278,-7.8316045,-5.560426,-5.832084,-5.8320837,-5.8377647,-6.2399893,-5.9237905,-8.19983,-7.499079,-8.789327,-7.405018,-7.4050164,-7.390315,-7.0724483,-7.320055,-7.2438436,-7.176167,-7.937377,-8.373125,-8.373125,-8.392581,-7.962748,-7.922198,-7.1546707,-7.1688156,-6.0729856,-7.7164993,-7.716509,-7.172257,-7.1074853,-7.219868,-7.153833,-7.457127,-5.5330186,-6.76578,-6.7657795,-6.775033,-7.472397,-6.5588813,-7.529035,-6.990448,-3.2907774,-3.886864,-3.8868642,-4.02514,-3.817309,-3.8635361,-5.0340734,-7.15143,-4.2387905,-6.900667,-6.900666,-4.5533895,-7.103368,-4.657361,-6.961257,-6.899548,-8.480939,-8.4237795,-8.423782,-8.420501,-6.934042,-8.317041,-8.073811,-7.152679,-7.173263,-7.291098,-7.2911,-7.3383894,-7.2266,-7.294349,-7.153815
Oc1cccc2ncccc12 ,-2.54,-2.4269805,-2.365087,-2.288597,-2.2885973,-2.287972,-2.5086484,-2.2940974,-2.340293,-2.1289468,-2.3912773,-1.9600214,-1.9600205,-1.9581666,-2.0654864,-1.9499251,-2.48149,-2.080346,-1.7578243,-1.8919064,-1.8919065,-1.9008195,-1.797763,-1.4918408,-1.4792627,-2.3662498,-2.406934,-2.7759142,-2.7759202,-2.4107153,-2.9987252,-2.4345372,-2.0706103,-2.546584,-1.8358299,-2.1889868,-2.188987,-2.1399941,-2.2246134,-2.1149418,-2.0613027,-1.8934237,-2.2648954,-2.2864287,-2.2864282,-2.3017013,-2.317435,-2.2427952,-2.1647701,-2.1083455,-1.0133244,-1.5945125,-1.5945125,-1.8517563,-1.8277324,-1.7728041,-1.6431226,-2.3730156,-2.1457057,-2.184284,-2.1842837,-2.2129574,-1.840453,-2.0325265,-2.177426,-2.4915807,-1.9355083,-1.6657456,-1.6657453,-1.6175375,-1.8039312,-1.5987353,-2.2943485
c1(O)cc(O)ccc1CCCCCC,-2.59,-3.1348538,-3.5704408,-3.3865347,-3.386535,-3.3720891,-3.774525,-3.2650015,-3.4792404,-3.1266448,-3.3439267,-2.7415998,-2.7415998,-2.7446513,-3.1659684,-2.7553627,-3.0856497,-2.6484497,-3.528696,-3.4058733,-3.405873,-3.407475,-3.3739433,-3.55488,-3.5996115,-2.670623,-3.247107,-3.2024035,-3.2024102,-2.5270352,-3.5756335,-3.0978274,-2.9836118,-2.7448666,-3.2752075,-3.1852798,-3.1852796,-3.1993525,-3.4297645,-3.0592818,-3.1381671,-3.0571122,-4.2696533,-4.1815405,-4.18154,-4.0332165,-4.206836,-4.1625624,-4.609333,-3.2997446,-2.1832175,-3.0598485,-3.059849,-3.3735576,-3.5350842,-3.3234887,-2.994109,-2.9524596,-3.3992624,-3.0969024,-3.0968974,-3.0932174,-2.1358042,-3.248567,-3.5509834,-2.540526,-2.5905008,-2.6925936,-2.6925938,-2.5704067,-2.583084,-2.7578135,-2.5743396
c2ccc1NCCc1c2 ,-1.04,-1.414472,-2.113398,-1.7378688,-1.7378688,-1.7358465,-1.8521711,-1.7481863,-1.6788173,-0.44356495,-2.2385569,-2.2187386,-2.2187388,-2.2195895,-2.3529222,-2.2264476,-2.0129087,-0.95998925,-1.539622,-1.6235894,-1.6235898,-1.6288534,-1.5641152,-1.6882637,-1.6985246,-1.2148243,-1.8937596,-2.415215,-2.4152217,-1.8829576,-2.4717894,-2.1688848,-1.9348329,-1.1776859,-1.7296499,-1.853509,-1.8535094,-1.8254669,-1.8711271,-1.8193015,-1.3424547,-1.2962792,-2.0436885,-1.9329311,-1.9329314,-1.9369873,-1.9664611,-1.9253552,-1.6056216,-0.6882599,-1.3929795,-0.49669722,-0.49669644,-1.5166656,-0.84350884,-1.4345104,-0.98398644,-0.86086166,-3.209338,-2.881695,-2.8816943,-2.8796022,-2.3242717,-2.924333,-2.4246998,-0.6183987,-0.93541956,-0.86689013,-0.86689,-0.7383421,-0.7287303,-0.8310267,-0.4050308
Clc1ccccc1C2=NCC(=O)Nc3ccc(cc23)N(=O)=O,-3.499,-4.1321397,-5.147547,-4.7926154,-4.7926154,-4.7791038,-5.0805206,-4.73049,-4.2950306,-3.7311985,-3.247652,-4.239898,-4.239898,-4.2034197,-4.1190944,-4.2000074,-3.887207,-3.641354,-5.0356984,-4.8831244,-4.8831244,-4.9041767,-5.130256,-4.7683835,-4.5108023,-3.3661945,-3.9684863,-4.2992277,-4.2992353,-4.25897,-4.634588,-4.039422,-3.562977,-3.7975197,-4.144844,-4.1045995,-4.1045985,-4.044845,-4.316883,-4.0239615,-3.2218316,-3.5076647,-3.1297219,-2.8721316,-2.8721316,-2.9208157,-2.9443786,-3.0507083,-3.0155854,-3.4892335,-3.3537436,-3.8898768,-3.8898764,-3.9646072,-3.8942413,-3.9063315,-4.2749434,-3.4032538,-4.4519725,-4.610524,-4.6105165,-4.6691723,-3.068644,-4.7305865,-4.814479,-3.45388,-3.4739442,-3.58204,-3.582041,-3.4863598,-3.5282018,-3.546572,-3.5517368
Cc1cc(=O)n(c2ccccc2)n1C,0.715,0.37938368,-2.9871929,-2.5746953,-2.5746956,-2.5766098,-2.7866771,-2.6046784,-2.4395883,0.82201105,-3.0574903,-2.762102,-2.7621028,-2.723778,-2.9053042,-2.771054,-3.2423143,0.6702301,-2.9952044,-2.8707404,-2.8707407,-2.8791926,-2.9096189,-2.5690968,-2.489686,0.37446296,-2.5536084,-2.7136602,-2.7136662,-2.4435086,-3.0124266,-2.4029312,-2.0868115,0.6471227,-2.6754735,-2.7160444,-2.716044,-2.7570388,-2.8497627,-2.7820945,-2.4513664,0.15832624,-2.994295,-2.8072255,-2.8072255,-2.8430574,-2.8545415,-2.904206,-3.039534,-2.412949,-3.0612364,-2.4348714,-2.4348712,-3.3188696,-2.870637,-3.2722173,-2.7163074,0.48353496,-3.5211926,-3.2898571,-3.289852,-3.33258,-2.3589554,-3.372225,-3.8119452,0.8433265,0.2259502,0.48920652,0.48920667,0.5665713,0.6301488,0.37382597,0.18094966
Clc1ccc(c(Cl)c1)c2c(Cl)c(Cl)c(Cl)c(Cl)c2Cl,-7.92,-8.201402,-4.808929,-4.691999,-4.6919994,-4.6901364,-5.048078,-4.7062607,-6.9048996,-8.278085,-7.9480796,-8.2720375,-8.272038,-8.203692,-8.022828,-8.319179,-8.546131,-7.8772492,-8.353698,-9.340145,-9.340145,-9.384084,-9.458385,-8.784697,-8.7730055,-8.355237,-7.7305303,-8.568044,-8.568052,-9.088949,-8.867235,-8.408481,-8.546044,-8.047782,-4.4536567,-4.8564105,-4.8564105,-4.9000244,-4.986601,-5.239091,-7.8196373,-7.198605,-3.9600613,-4.561775,-4.561776,-4.728019,-4.430435,-4.4618793,-5.757793,-9.178678,-5.370915,-8.418705,-8.418704,-6.1657324,-8.799299,-6.0950756,-8.1201,-7.7835674,-8.65644,-8.472164,-8.472163,-8.488498,-7.1837473,-8.824722,-8.681733,-7.706496,-8.756149,-8.793912,-8.793914,-8.707264,-8.608658,-8.674468,-8.467752
CCOP(=S)(OCC)Oc2ccc1oc(=O)c(Cl)c(C)c1c2,-5.382000000000001,-5.1417704,-5.398642,-5.100372,-5.100372,-5.1075053,-5.4847746,-5.1149316,-5.352267,-5.594542,-4.845729,-4.1776834,-4.1776834,-4.1623735,-4.5522985,-4.1450214,-4.1704984,-5.597111,-5.2588043,-5.0950165,-5.0950165,-5.0177584,-5.2139726,-5.08015,-5.260189,-5.072638,-5.827506,-5.5551095,-5.5551176,-5.458512,-6.1728477,-5.2070503,-5.0011325,-5.313668,-5.0876775,-4.8525233,-4.852523,-4.8337984,-5.0322056,-5.0705686,-4.318072,-4.474406,-4.5642624,-5.022526,-5.0225267,-5.1451626,-4.9071097,-4.851032,-4.6047845,-3.7995038,-4.1782684,-4.454178,-4.4541774,-4.827233,-4.47136,-4.7806315,-4.779205,-5.3077908,-4.8932223,-4.584602,-4.5845966,-4.6268015,-3.3581848,-4.742533,-5.0261807,-5.220041,-5.3975344,-5.4807506,-5.4807506,-5.421944,-5.543299,-5.5566816,-5.4372277
CCCCCC(C)O,-1.55,-2.6472516,-2.4519453,-2.1331174,-2.1331174,-2.1361341,-2.436704,-2.1293943,-2.2828248,-1.6307248,-1.6160767,-2.1882613,-2.1882613,-2.1653116,-2.1070535,-2.1864216,-2.028248,-1.3705922,-2.0585594,-2.1089394,-2.1089392,-2.1228292,-2.0129006,-2.2564602,-2.2190654,-1.3871709,-2.2179787,-2.4144285,-2.4144342,-1.8480437,-2.845877,-2.1294694,-2.060748,-1.3179404,-2.3242073,-2.192854,-2.1928537,-2.2389479,-2.3004773,-2.208083,-2.0389173,-1.9686971,-2.7630188,-2.525436,-2.5254362,-2.3446496,-2.563299,-2.418043,-2.5504444,-1.7051055,-2.1898537,-1.3655037,-1.365504,-2.4300187,-1.7168256,-2.3701227,-1.7598721,-1.5165952,-2.218195,-2.0854623,-2.0854573,-1.9724638,-1.1962926,-2.1338658,-2.427568,-1.5579875,-1.6960242,-1.6840835,-1.6840832,-1.6011927,-1.7317383,-1.557395,-1.6517231
CCCC(=O)CC,-0.83,-0.86467403,-2.1388345,-1.7035412,-1.7035412,-1.7139288,-1.9158031,-1.7349629,-1.7754095,-0.8316608,-1.136775,-1.3028948,-1.3028948,-1.2936951,-1.2713584,-1.2845079,-1.5623584,-0.7264278,-1.832195,-1.9001734,-1.9001734,-1.9063613,-1.8716074,-2.2244427,-2.2735257,-0.75103384,-1.0065429,-1.2139574,-1.2139627,-0.95690334,-1.4487242,-1.015261,-1.0341951,-0.77737844,-2.2217488,-2.2152915,-2.2152917,-2.285275,-2.3603384,-2.265149,-1.6554515,-0.69971,-2.5036073,-2.5148284,-2.5148284,-2.5454993,-2.4925172,-2.5247233,-2.3157134,-1.0924553,-1.7058302,-0.78335917,-0.7833591,-1.670202,-1.4202856,-1.6941539,-1.2032868,-0.83458304,-1.8476067,-1.6486698,-1.6486663,-1.6668454,-1.0857439,-1.613985,-2.128545,-0.8838083,-0.6474922,-0.68851185,-0.68851185,-0.7689439,-0.80053806,-0.79803663,-0.8542385
CC34CCC1C(CCC2CC(O)CCC12C)C3CCC4=O,-4.16,-4.1485524,-4.033995,-3.6937044,-3.6937048,-3.7033567,-4.0509634,-3.705928,-4.0329227,-3.8608923,-3.7858832,-4.2007236,-4.2007246,-4.1371,-4.492389,-4.231244,-4.062837,-3.9189646,-3.454755,-3.6665807,-3.666581,-3.6383257,-3.6673589,-4.4640317,-4.2661004,-4.083753,-4.869655,-4.735927,-4.7359324,-4.23181,-5.262836,-4.734348,-4.429305,-4.1036363,-3.8742228,-3.7658143,-3.7658143,-3.7831979,-3.8935602,-3.8106043,-3.2918417,-3.8692598,-3.5872662,-3.7615,-3.7615004,-3.5337207,-3.7252035,-3.5433993,-4.4696026,-3.816441,-3.6063228,-3.6837213,-3.6837213,-3.9467838,-4.088843,-3.8890145,-3.723136,-4.177431,-5.331537,-5.3342,-5.3341937,-5.3639555,-3.8114476,-5.5740085,-5.123648,-4.129591,-4.233678,-4.2823715,-4.282371,-4.2540636,-4.2614994,-4.2372594,-4.2446165
CCCCC(C)CC,-5.16,-3.012485,-2.46979,-2.0363975,-2.0363975,-2.0330877,-2.2686834,-2.0209603,-2.129001,-4.9850845,-1.7638607,-3.1360214,-3.1360216,-3.1261184,-2.9792037,-3.1053813,-2.4337897,-5.0474524,-2.5413685,-2.6119792,-2.6119792,-2.620371,-2.545396,-4.0546856,-3.9228735,-4.967103,-3.1478424,-3.8685234,-3.8685312,-3.65405,-3.737045,-3.7751753,-3.4684691,-4.441959,-2.280063,-2.097578,-2.0975778,-2.1276023,-2.1843708,-2.0987494,-1.6627198,-2.9832168,-2.682295,-2.713397,-2.713397,-2.5787005,-2.7355978,-2.7170646,-2.9677594,-4.8317,-4.1296186,-4.424986,-4.424986,-4.513206,-5.3056164,-4.5148916,-4.5312543,-5.0375943,-3.6528018,-3.6965475,-3.696543,-3.7725203,-2.6097631,-4.153317,-3.7637227,-5.144388,-4.4861317,-4.5168095,-4.516809,-4.740495,-4.7871337,-5.243929,-4.7204294
CCCCCOC(=O)CC,-1.28,-2.3932204,-2.9431427,-2.7542758,-2.754276,-2.7548647,-3.123109,-2.7330787,-2.6944356,-1.3863304,-2.5556333,-2.3350086,-2.3350089,-2.2826626,-2.6276078,-2.3140416,-2.3398733,-2.0313356,-2.6176538,-2.5819187,-2.581919,-2.596703,-2.5386584,-3.0024421,-2.9707093,-2.0613787,-2.0846653,-2.5261188,-2.5261247,-2.2070665,-2.7588673,-2.374718,-2.2272568,-2.0963569,-2.7876568,-2.7204955,-2.720496,-2.7634406,-2.9091666,-2.656769,-2.5252867,-2.2807703,-3.672897,-3.3395648,-3.3395643,-3.2148683,-3.303816,-3.2601278,-3.5498765,-2.3410323,-2.8551846,-2.5312197,-2.5312195,-3.3877792,-2.7510226,-3.3388364,-2.644748,-1.7700851,-2.9983387,-2.7075415,-2.7075372,-2.7259374,-1.8542794,-2.9139447,-3.3145957,-1.467856,-1.7309399,-1.8565092,-1.8565094,-1.5208737,-1.6874553,-1.412375,-1.8228865
CCOC(=O)c1ccc(O)cc1,-2.35,-2.653812,-2.832624,-2.7432702,-2.7432709,-2.7590728,-3.1107433,-2.7999709,-3.0105906,-2.0914702,-2.198546,-1.2941712,-1.2941715,-1.2629037,-1.4464502,-1.3030785,-1.7929014,-2.3338988,-2.4799652,-2.4796321,-2.4796321,-2.4962597,-2.4318614,-2.3497784,-2.3238404,-2.1974783,-1.408458,-1.5072873,-1.5072912,-1.3818916,-1.9124404,-1.2840823,-1.3391151,-2.3796275,-2.5323734,-2.5762844,-2.5762846,-2.5575716,-2.6577575,-2.7047887,-2.4791489,-1.4044418,-3.607445,-3.928902,-3.928902,-4.0003266,-3.8799522,-3.8074274,-4.6219068,-2.8953795,-1.3983108,-2.2204099,-2.2204099,-2.458672,-2.4132342,-2.3707554,-2.152325,-2.2732306,-2.3182044,-1.9884584,-1.9884533,-1.9645094,-1.2695442,-2.3309977,-2.4018667,-2.3406856,-2.3334708,-2.4229314,-2.4229312,-2.3874378,-2.4572027,-2.4687486,-2.3289294
CCC(C)(C)CC,-4.23,-3.7955143,-1.8716714,-1.4970888,-1.4970887,-1.4852226,-1.8507493,-1.4171854,-1.8422136,-4.199923,-1.7942555,-2.5103478,-2.5103483,-2.5011823,-2.5588264,-2.4998212,-2.3930295,-4.381982,-1.9528754,-2.0994718,-2.0994718,-2.1062918,-2.0390186,-3.2082407,-3.2730567,-4.1024795,-2.283724,-3.0581226,-3.0581298,-2.5314324,-2.8874907,-2.8694487,-2.6858013,-3.8185422,-2.5195055,-2.5919304,-2.5919306,-2.1041133,-3.0770376,-1.7576069,-2.1704154,-2.9024665,-1.7894725,-1.7361742,-1.736174,-1.7394313,-1.741232,-1.6899991,-1.537434,-4.0381823,-3.708809,-3.2893155,-3.2893157,-3.4784553,-3.7174675,-3.530843,-3.161529,-4.3877587,-3.2337484,-3.2161553,-3.216153,-3.24696,-2.463283,-3.3357778,-3.2770114,-4.0878778,-3.5188618,-3.465106,-3.4651055,-3.4114316,-3.3933566,-3.6033278,-3.7371643
CC(C)CCO,-0.51,-1.0246388,-1.8226756,-1.2608029,-1.260803,-1.2606757,-1.4451985,-1.2567427,-1.5569268,0.11919046,-1.0475054,-0.9227769,-0.92277664,-0.91847277,-0.98811334,-0.9104254,-1.461818,-0.37489066,-1.3242654,-1.3466046,-1.3466046,-1.3510967,-1.248855,-0.59315705,-0.65258247,-0.38594446,-1.056623,-1.2149345,-1.2149403,-0.8793006,-1.4153814,-1.036425,-1.1458807,-0.21630564,-1.683998,-1.3316733,-1.3316733,-1.3526173,-1.3926606,-1.3024163,-1.1954608,-1.0162407,-1.9948194,-1.7279257,-1.7279257,-1.7319605,-1.7309564,-1.7592573,-1.30717,-0.39462444,-1.0916755,0.012423313,0.012423296,-1.2959738,-0.40426493,-1.2329391,-0.74105006,-0.30349776,-0.92133504,-0.8583566,-0.8583524,-0.7938305,-0.33784172,-0.8794586,-1.1383775,-0.5824252,-0.92537546,-0.88933873,-0.88933873,-0.8429846,-0.7613231,-0.8737457,-0.5334612
CC34CC(O)C1(F)C(CCC2=CC(=O)CCC12C)C3CCC4(O)C(=O)CO ,-3.43,-4.143857,-5.0430355,-4.6720505,-4.672051,-4.679879,-5.0237722,-4.7049356,-4.8441653,-3.7294888,-3.7782142,-2.994416,-2.9944153,-2.945835,-3.3298328,-3.0121672,-3.5387511,-3.583412,-2.7945342,-2.8719356,-2.8719356,-2.848006,-2.8769372,-4.000768,-3.7936857,-3.576903,-3.4332814,-3.4977093,-3.4977136,-2.9592376,-3.9114175,-3.083428,-3.6945686,-3.859913,-4.4771295,-4.4032197,-4.4032197,-4.421281,-4.507771,-4.4965568,-4.048564,-3.8995275,-4.728439,-4.8738303,-4.8738303,-4.6550465,-4.6731057,-4.4778,-4.94718,-3.5608947,-3.0692272,-3.445491,-3.445491,-3.5528,-3.8672495,-3.4996474,-3.6677887,-3.3045883,-4.0439844,-3.6934578,-3.6934497,-3.7288244,-2.5711124,-3.7469409,-4.0859556,-3.355006,-3.4069612,-3.4136605,-3.4136598,-3.5508068,-3.533061,-3.6365678,-3.4137
CCCCC(O)CC,-1.47,-2.4650602,-2.3978853,-1.9850665,-1.9850663,-1.9769341,-2.2370396,-1.9361951,-2.1458163,-1.560824,-1.5530987,-2.177922,-2.177922,-2.160979,-2.0901403,-2.1588724,-2.043532,-1.3903909,-2.084434,-2.0926888,-2.0926888,-2.109692,-2.0139225,-2.0381296,-2.0244875,-1.5537711,-2.1090338,-2.3942797,-2.3942862,-1.5370356,-2.5745084,-2.0665193,-2.0698624,-1.073396,-2.2960606,-2.1881104,-2.1881104,-2.2240846,-2.2945178,-2.1642113,-1.809112,-2.2105765,-2.801901,-2.6800501,-2.6800501,-2.4419987,-2.6816242,-2.6737175,-2.9591134,-1.6134742,-2.0385995,-1.2507086,-1.2507085,-2.2487988,-1.55662,-2.2053397,-1.6693534,-1.5330707,-2.1924372,-2.0201895,-2.0201843,-2.0159118,-1.1440427,-2.1218882,-2.3929524,-1.4959409,-1.4189545,-1.4913025,-1.4913024,-1.5090997,-1.4640028,-1.460008,-1.3870645
Clc1ccccc1Br,-3.19,-2.7552338,-2.3678598,-2.278009,-2.2780092,-2.2770977,-2.498047,-2.282622,-2.2658913,-3.101863,-2.9199996,-2.7708066,-2.7708066,-2.7719915,-2.711568,-2.7641633,-3.052988,-2.9048629,-1.8422503,-1.9091123,-1.9091126,-1.9152172,-1.8534712,-3.0279372,-2.844073,-2.9675868,-2.3939085,-2.9521904,-2.9522007,-2.4986968,-2.9555604,-2.5301416,-2.292925,-3.3155868,-1.878028,-2.0818076,-2.0818074,-2.014469,-2.1491451,-1.9941347,-2.8219864,-2.9778416,-2.2640834,-2.3518908,-2.3518913,-2.4134345,-2.3555317,-2.4480455,-2.6469092,-3.6278489,-2.7629824,-2.9194798,-2.9194798,-2.7542758,-3.4290066,-2.7270968,-3.0056682,-3.1806798,-3.7060993,-3.5383024,-3.5383031,-3.547249,-3.0782592,-3.4813766,-3.4341617,-3.2587166,-3.6131964,-3.5991302,-3.5991297,-3.519447,-3.4306505,-3.6063032,-3.0516
CN(C)C(=O)NC1CCCCCCC1,-2.218,-2.9324546,-3.3536806,-3.0420127,-3.0420125,-3.052164,-3.3496714,-3.0798,-3.0286427,-1.9331995,-2.772491,-3.020551,-3.0205514,-2.995567,-3.266879,-3.0194886,-2.7157896,-2.6438613,-3.3861222,-3.209624,-3.209624,-3.239277,-3.2205462,-2.6913435,-2.7857077,-2.3469598,-2.3995707,-3.974279,-3.9742858,-3.0511997,-3.4144588,-3.4261851,-3.2707424,-2.0054195,-3.1785433,-3.0979724,-3.0979726,-3.1412458,-3.226942,-3.1705608,-2.9443073,-2.8484416,-3.3279445,-2.8278034,-2.8278034,-2.8580053,-2.899225,-3.0560985,-2.8673093,-2.987672,-3.720058,-3.0406568,-3.040657,-4.071761,-3.3806076,-4.0184803,-3.246829,-2.6852074,-3.9388683,-4.0219307,-4.0219254,-4.0553474,-2.9773421,-4.191634,-4.574292,-2.224302,-2.1069727,-2.1166883,-2.116688,-2.2283237,-2.1461847,-2.0728445,-2.0254302
CCCC(C)(C)CO,-1.52,-2.19352,-2.0780184,-1.6048499,-1.6048499,-1.6000587,-1.9193648,-1.5683268,-2.0095377,-1.3002328,-1.3440727,-1.8379076,-1.8379074,-1.8275254,-1.7098663,-1.8287481,-1.8754826,-1.1300831,-2.0172894,-2.0428016,-2.0428019,-2.057759,-2.009594,-1.6337874,-1.7963344,-1.4105338,-2.03505,-2.3801603,-2.380168,-2.1867197,-2.4846714,-2.3316913,-2.3701146,-1.0841392,-2.1255724,-2.0268307,-2.0268307,-2.0451362,-2.1257558,-2.0255837,-1.6466726,-2.0390441,-2.0234048,-1.5046893,-1.5046896,-1.4292815,-1.5591929,-1.5537518,-1.257758,-1.120311,-1.7846521,-0.8101226,-0.8101228,-1.9886571,-1.2453225,-1.9359943,-1.364459,-1.4094422,-1.573947,-1.4414616,-1.4414573,-1.4339354,-0.70834696,-1.4725065,-1.8290644,-1.5638281,-1.4919653,-1.412611,-1.412611,-1.5897677,-1.6210357,-1.6696287,-1.5370129
CNC(=O)C=C(C)OP(=O)(OC)OC,0.6509999999999999,-1.1521354,-3.4701586,-3.208837,-3.2088373,-3.205626,-3.5245838,-3.1739383,-3.2553031,0.7997904,-2.004817,-0.6705824,-0.67058194,-0.6355647,-1.0278727,-0.5817916,-1.2926743,0.61458427,-3.0595665,-2.6679108,-2.6679106,-2.7028303,-2.7306912,-1.2370741,-1.1211346,0.7502469,-0.92713827,-1.2293854,-1.22939,-1.1288848,-1.4769655,-0.90659434,-1.1580942,-0.0023309907,-3.2352684,-3.024375,-3.0243752,-3.0358307,-3.1535852,-2.9767418,-2.550922,-1.6627117,-3.6348596,-3.842305,-3.8423054,-3.651217,-3.847279,-3.6162226,-4.2559743,-1.6115108,-2.2863832,-1.4666101,-1.4666097,-2.6149077,-1.3443912,-2.604606,-1.3074394,0.4134833,-1.7464349,-1.5350732,-1.5350665,-1.511545,-0.887847,-1.3368946,-2.3234584,0.64667624,0.5879867,0.6034793,0.60347956,0.62827486,0.74041647,0.60552806,0.6271392
COc1ccc(cc1)C(c2ccc(OC)cc2)C(Cl)(Cl)Cl,-6.89,-5.7686477,-5.630351,-5.139424,-5.139424,-5.1284103,-5.4144073,-5.1102896,-4.342378,-6.7183404,-4.989222,-4.0564995,-4.056499,-3.997996,-4.4930954,-4.0426416,-4.307553,-6.7648664,-4.5404854,-4.4485254,-4.448525,-4.403662,-4.621473,-4.583128,-4.63672,-6.3382435,-4.050769,-4.348779,-4.3487854,-4.4681134,-4.5251966,-4.440394,-4.371401,-7.125546,-5.1581593,-5.3069696,-5.306969,-5.29564,-5.3914347,-5.4625726,-5.7369876,-5.1775155,-5.600053,-6.0846224,-6.0846224,-6.392107,-5.7169266,-5.935213,-4.469219,-4.000979,-2.7396736,-3.7735116,-3.7735121,-3.51733,-4.2227035,-3.3833807,-3.7723005,-6.786195,-5.868398,-5.444031,-5.444028,-5.520582,-4.1647444,-5.2484536,-6.2285714,-6.6651754,-5.301404,-4.8435497,-4.8435507,-4.6938043,-5.53006,-4.7693763,-5.818004
CC34CCC1C(CCC2=CC(=O)CCC12O)C3CCC4(O)C#C,-4.57,-4.199855,-4.304101,-4.0001087,-4.0001087,-4.009589,-4.3585095,-4.0260787,-4.4525423,-4.345933,-4.1682973,-3.939114,-3.9391143,-3.8726282,-4.3201795,-3.9787514,-4.248827,-4.1532774,-3.499068,-3.6470404,-3.64704,-3.6519265,-3.7199833,-4.412446,-4.1777406,-4.1027565,-3.8860548,-4.001349,-4.0013537,-3.2603192,-4.3645773,-3.8857274,-3.7081232,-4.2799244,-3.9817836,-3.9225917,-3.9225917,-3.9400277,-4.0477276,-3.9814951,-3.61975,-4.003679,-4.4452667,-4.706889,-4.7068887,-4.346855,-4.550155,-4.1082134,-5.050205,-3.921307,-3.2787018,-3.7610364,-3.7610366,-3.8077664,-4.0947533,-3.77189,-4.026037,-4.3400836,-4.778872,-4.608465,-4.6084595,-4.6492114,-3.2712498,-4.641975,-5.0094495,-4.533374,-4.612118,-4.68944,-4.68944,-4.5835333,-4.668358,-4.747207,-4.60353
CCCCCCc1ccccc1,-5.21,-3.9048858,-3.233814,-2.9874368,-2.9874375,-2.985322,-3.3552108,-2.9692957,-2.9979174,-5.44415,-3.699346,-4.397429,-4.39743,-4.290312,-4.696751,-4.4271355,-3.7155511,-5.2187567,-3.4823804,-3.4864454,-3.4864454,-3.4932857,-3.3681798,-5.349186,-5.099077,-4.8532767,-3.9515805,-4.438132,-4.4381385,-4.037749,-4.5054255,-4.470171,-4.142785,-4.1451955,-3.1360552,-3.0492005,-3.0492008,-3.0624888,-3.2405798,-3.264848,-2.9974248,-3.4259727,-3.6639986,-3.7087076,-3.708708,-3.5504024,-3.7155087,-3.6342456,-4.222418,-6.2280955,-5.5232706,-5.7739053,-5.7739043,-6.536817,-6.090972,-6.7403045,-6.1572065,-5.278814,-4.670983,-4.65698,-4.6569757,-4.7025013,-3.4193678,-4.9081235,-4.628823,-5.1699266,-4.9056053,-4.8108726,-4.8108726,-4.854067,-5.031423,-5.273855,-5.029033
CC(C)C(C)O,-0.18,-0.96258026,-1.768903,-1.2398653,-1.2398652,-1.2141893,-1.4716018,-1.1949733,-1.4045799,0.17386018,-1.1698438,-1.1294332,-1.1294329,-1.1297714,-1.2784584,-1.1220206,-1.605001,-0.1675118,-1.3674487,-1.4145951,-1.414595,-1.4195664,-1.3238012,-0.82410496,-0.83532387,-0.13220866,-1.1118572,-1.0549569,-1.0549625,-0.68068004,-1.3979247,-0.7967957,-1.1482366,0.041173324,-1.6601752,-1.3858999,-1.3858999,-1.3868368,-1.4674091,-1.3237761,-1.1708773,-1.9868978,-1.7012526,-1.5860734,-1.5860733,-1.5916427,-1.5600444,-1.5540597,-1.1640207,-0.29710096,-0.98562855,0.104668505,0.10466861,-1.1392801,-0.26431534,-1.082144,-0.6507536,0.018602755,-1.0121256,-0.93952453,-0.9395207,-0.8212656,-0.41284353,-0.84773237,-1.2135152,-0.35847348,-0.13101658,-0.06264931,-0.06264928,-0.13393417,0.037572116,-0.10304469,0.32989892
Oc1cccc2cccnc12 ,-2.42,-2.320511,-2.3600545,-2.2849176,-2.2849174,-2.284041,-2.5031075,-2.2898228,-2.3125427,-1.9600143,-2.394961,-1.9295658,-1.9295654,-1.9266016,-2.042734,-1.9239752,-2.4215786,-2.2069669,-1.776435,-1.9307355,-1.9307353,-1.9391108,-1.8126414,-1.658667,-1.5919862,-2.3037927,-2.382967,-2.7337003,-2.7337074,-2.3844848,-2.9711561,-2.3750668,-1.952962,-2.5765412,-1.8720615,-2.23079,-2.2307897,-2.1822462,-2.266983,-2.1594875,-2.0733244,-2.3549285,-2.3365839,-2.3934894,-2.3934891,-2.4120927,-2.3990853,-2.3239954,-2.1809464,-1.9415752,-1.002527,-1.657145,-1.6571448,-1.8560424,-1.880734,-1.7758614,-1.6782745,-2.257217,-1.809706,-1.8886216,-1.8886201,-1.913399,-1.5360637,-1.7323257,-1.9063311,-2.4164414,-2.4857259,-2.458836,-2.4588358,-2.4539094,-2.5342638,-2.4615083,-2.4454007
CCCCCc1ccccc1,-4.64,-3.7776604,-2.9288816,-2.6769912,-2.676991,-2.6591096,-3.0331333,-2.5157154,-2.7964869,-4.869744,-3.2330277,-3.7959843,-3.7959845,-3.7383418,-3.9315515,-3.8421104,-3.2237022,-4.7090445,-3.0858555,-3.1232765,-3.1232762,-3.13664,-3.0244277,-4.911872,-4.6740274,-4.292432,-3.5092723,-3.9001362,-3.9001434,-3.6747243,-4.05776,-3.8790445,-3.5466957,-4.0540876,-2.9526525,-2.8920898,-2.8920894,-2.865203,-3.1699908,-3.3127701,-2.8384743,-4.0170827,-3.678376,-3.9695027,-3.969503,-3.5817733,-3.9385777,-3.7722342,-4.969986,-5.2987804,-4.9432583,-5.077608,-5.077608,-5.6863112,-4.654789,-5.6629963,-5.2251883,-4.4744883,-4.318676,-4.233915,-4.2339115,-4.3067055,-3.0554762,-4.6396904,-4.215297,-4.5153136,-4.797701,-4.879183,-4.879183,-4.832752,-4.890645,-4.7281814,-4.818685
ClC(Cl)C(Cl)(Cl)Cl,-2.6,-2.5783641,-1.9220132,-1.8047218,-1.8047217,-1.7899814,-2.2042754,-1.7254733,-2.891258,-2.3569906,-3.0859432,-2.8183699,-2.8183706,-2.8167007,-2.817806,-2.8204086,-3.3933141,-2.517939,-1.1481267,-1.1159066,-1.1159068,-1.117886,-1.2637049,-1.7622986,-2.001634,-2.8240175,-2.1969507,-3.035493,-3.0355012,-2.4496574,-2.7340467,-2.5571558,-2.2123322,-2.7348454,-2.8376966,-2.3946216,-2.3946214,-2.424139,-2.3008194,-2.4551177,-2.4832222,-2.7166975,-1.4662725,-1.3165674,-1.3165672,-1.3254449,-1.3427839,-1.2743487,-1.7503067,-3.1152399,-1.8386539,-2.479538,-2.4795382,-2.5163932,-2.928533,-2.4352674,-2.5857267,-2.4393208,-3.3229227,-3.034662,-3.0346608,-3.0450027,-2.7448788,-3.1597877,-2.900535,-2.8716917,-2.2508566,-2.4165242,-2.4165235,-2.5747216,-2.652281,-2.4698691,-2.582138
CCCCCCCCl,-4.0,-3.7036135,-2.6325688,-2.417731,-2.4177313,-2.415244,-2.7791476,-2.3699448,-2.8239934,-3.4318538,-2.2416763,-2.848077,-2.8480773,-2.813156,-2.748079,-2.843476,-2.3669927,-3.854873,-2.2787943,-2.4181948,-2.4181948,-2.4379396,-2.3193781,-4.3677535,-4.2423854,-3.9384723,-3.2013667,-3.601643,-3.6016498,-3.4497879,-4.0867968,-3.5794454,-3.0345645,-3.4484243,-2.4960985,-2.4541245,-2.4541245,-2.5085113,-2.546855,-2.504674,-2.7328188,-3.0136378,-3.215584,-3.0400608,-3.040061,-2.7892623,-3.0623534,-2.7405741,-3.4479268,-4.094506,-3.6344304,-3.8602226,-3.8602226,-4.014711,-4.6142755,-4.0551195,-3.9863892,-3.8786752,-3.870244,-3.5539715,-3.5539672,-3.6573083,-2.5667014,-4.087405,-4.0917745,-4.4549947,-4.535922,-4.5246377,-4.5246377,-4.3309608,-4.421959,-4.0237484,-4.6296806
CCCCC=C,-3.23,-1.8443867,-1.9149954,-1.5202442,-1.5202442,-1.5302967,-1.7974529,-1.5237526,-1.8127123,-3.0653467,-1.3415256,-2.0286543,-2.0286546,-2.0178201,-1.8420411,-2.008796,-1.890565,-2.8859684,-1.5121763,-1.6005543,-1.6005543,-1.6067927,-1.5253282,-1.8749297,-1.6447148,-3.0237908,-1.4497288,-2.1043925,-2.1043997,-1.790702,-2.0272508,-2.0307243,-1.5764786,-2.5417173,-1.9175042,-1.7084364,-1.7084363,-1.764905,-1.7341365,-1.7614764,-1.5816816,-1.8709959,-2.1972172,-1.8557088,-1.8557088,-1.862666,-1.9055493,-2.011026,-1.8464817,-3.2334213,-3.4897394,-2.8438373,-2.8438375,-3.7365308,-3.5719838,-3.759186,-2.9400108,-3.1238146,-2.2106297,-2.178314,-2.1783106,-2.2146075,-1.4439012,-2.322154,-2.1622446,-3.0778031,-2.9506197,-2.980881,-2.9808815,-2.8575385,-2.9153953,-2.9810784,-2.8857417
Clc2ccc(Oc1ccc(cc1)N(=O)=O)c(Cl)c2,-5.46,-4.7114015,-4.4116263,-4.290252,-4.2902517,-4.3084517,-4.686673,-4.3734527,-4.797669,-5.7346253,-3.440506,-4.5517535,-4.551753,-4.48335,-4.7741303,-4.632493,-4.295502,-5.479529,-4.751986,-4.7061205,-4.7061205,-4.728319,-4.6237116,-6.0295177,-6.041349,-4.9324107,-4.699965,-5.1339164,-5.133925,-4.951397,-5.3399677,-4.7138066,-4.6854467,-5.924387,-3.6419897,-3.6166072,-3.6166072,-3.68755,-3.8799865,-3.7658372,-5.3352447,-5.0576158,-4.6598234,-4.917597,-4.9175963,-5.1437774,-4.7075086,-4.9966197,-5.1096926,-3.3981888,-2.7272449,-2.9046335,-2.9046335,-3.1924253,-3.2149744,-3.0894594,-3.1084578,-5.3516703,-4.4273953,-4.3066273,-4.306623,-4.3888216,-3.026376,-4.5165753,-5.0897436,-5.3726015,-5.4213266,-5.556094,-5.556093,-5.474804,-5.5366306,-5.5174565,-5.4930263
Clc1ccc(Cl)c(c1)c2ccc(Cl)c(Cl)c2,-7.25,-6.496437,-4.3473396,-4.165589,-4.165589,-4.1713767,-4.4958754,-4.21161,-4.8869257,-7.0206127,-6.7792478,-6.517077,-6.517075,-6.46202,-6.432469,-6.503189,-6.433393,-7.1419683,-4.8332562,-5.0138326,-5.013833,-5.0651608,-4.9890695,-7.346886,-7.4926586,-6.7005258,-5.6733065,-6.2428746,-6.242884,-6.3153305,-6.2388773,-5.9658446,-6.239721,-7.392011,-3.4013362,-3.5429296,-3.5429294,-3.5909128,-3.685877,-3.6373935,-5.4959035,-6.967835,-3.3393245,-3.2399998,-3.2399995,-3.3133926,-3.254791,-3.3346531,-3.798672,-6.9797654,-5.582843,-6.422994,-6.4229937,-6.4171615,-6.915922,-6.3984613,-7.0242004,-7.220053,-7.7051864,-7.2094674,-7.209467,-7.258738,-6.1606603,-7.4359837,-7.730028,-7.0600514,-6.668104,-6.9121504,-6.91215,-6.9899745,-7.0468616,-7.179275,-6.9953012
ClC(Cl)CC(=O)NC2=C(Cl)C(=O)c1ccccc1C2=O,-5.03,-5.120799,-4.5287156,-4.516052,-4.5160513,-4.535188,-4.9691195,-4.584258,-5.9158444,-5.1476836,-4.1993475,-4.19338,-4.193379,-4.1253996,-4.678593,-4.1838956,-3.8152854,-5.1139474,-5.274407,-5.1834736,-5.1834736,-5.2444906,-5.2916226,-5.7260756,-5.8930945,-4.773808,-4.732946,-4.8847365,-4.884744,-4.771916,-5.1101065,-4.763272,-4.371482,-5.2861233,-3.620542,-3.5941215,-3.5941217,-3.6191955,-3.8129816,-3.6481493,-3.856899,-4.328693,-4.0618076,-4.1112485,-4.1112485,-4.137225,-4.076139,-4.173523,-4.2453012,-3.0019128,-3.2621317,-3.3904483,-3.3904479,-3.4871671,-3.5548334,-3.4036975,-3.5519922,-4.8619933,-4.6929207,-5.196192,-5.1961865,-5.2310505,-3.813637,-5.5326095,-5.2935143,-5.0154676,-5.074299,-5.1561093,-5.1561084,-5.1237893,-5.1298666,-5.092103,-5.0762644
CCCCCCCCCC(=O)OC,-4.69,-4.245604,-3.9335654,-3.851889,-3.8518891,-3.8583093,-4.3021994,-3.8788116,-3.828053,-3.6256015,-3.7696974,-3.762383,-3.762383,-3.7168162,-4.1898203,-3.77829,-3.528416,-4.377791,-3.6687768,-3.5692902,-3.5692904,-3.553247,-3.4442604,-4.6830106,-4.77497,-4.295748,-3.5298417,-4.1849236,-4.1849303,-4.7634664,-4.856658,-4.772315,-3.8387141,-3.9805706,-3.7222505,-3.647359,-3.6473594,-3.6883347,-3.9034517,-3.702485,-4.0796723,-3.7170808,-4.9731083,-4.746185,-4.746185,-4.8140497,-4.629003,-4.5872827,-4.8896894,-3.6558487,-4.3176956,-4.2648425,-4.264843,-4.914156,-4.149353,-4.8019342,-4.3138337,-4.269934,-3.939024,-3.778324,-3.7783191,-3.8027582,-2.7606866,-3.9284046,-4.338155,-4.702263,-4.4846926,-4.592582,-4.592582,-4.7183394,-4.8286633,-4.6996226,-4.7256403
CN1CC(O)N(C1=O)c2nnc(s2)C(C)(C)C,-1.877,-2.01367,-3.7008226,-3.4210396,-3.4210396,-3.4307594,-3.7536726,-3.4789808,-3.3353705,-1.617931,-2.207395,-1.3496324,-1.349632,-1.305644,-1.7987164,-1.3787562,-1.653614,-1.9803815,-3.7571976,-3.5332236,-3.5332236,-3.5998964,-3.6551495,-2.3220403,-2.512014,-1.9148672,-1.6305317,-2.035975,-2.0359814,-1.7089672,-2.3095422,-1.9309636,-1.7916178,-1.9263058,-3.742014,-3.6296952,-3.629695,-3.694932,-3.8667812,-3.7625523,-3.1645856,-2.5280304,-3.8093004,-3.5216084,-3.5216086,-3.5574608,-3.5827885,-3.6241004,-3.2031016,-2.7878373,-3.2569604,-3.2068605,-3.2068608,-3.402997,-3.4025016,-3.3482978,-3.0896657,-1.8919009,-2.1662838,-1.9907293,-1.9907233,-2.0276027,-1.3043956,-2.0521646,-2.3226109,-1.8834985,-1.884206,-1.9187512,-1.9187516,-1.9300699,-1.8254652,-1.9603462,-1.9039844
CCCCCCCCCCCCCCO,-5.84,-6.5336676,-4.774494,-4.6621327,-4.6621327,-4.667062,-5.163068,-4.6762896,-4.462182,-6.3002105,-4.4362464,-6.286823,-6.286822,-6.227727,-6.7863784,-6.279859,-5.3950076,-5.916444,-4.5013776,-4.332745,-4.332744,-4.5397887,-4.2141457,-6.0013804,-6.232785,-5.9831195,-5.156825,-6.0694385,-6.0694437,-5.70063,-6.131987,-5.9981112,-5.9937215,-5.2188425,-4.6200976,-4.517033,-4.5170336,-4.5687604,-4.8647437,-4.6735234,-5.2696133,-5.95268,-5.8546596,-5.4597893,-5.4597898,-5.4110565,-5.5692377,-4.9744544,-5.4256167,-5.495755,-5.8290524,-5.667063,-5.6670628,-6.457584,-6.1126184,-6.2750435,-6.0872188,-5.993269,-5.2394996,-5.6009445,-5.6009398,-5.6099167,-4.0867314,-6.145092,-5.921819,-5.881786,-5.836611,-5.928373,-5.928374,-5.874726,-5.846504,-5.92344,-5.865484
COc1ccccc1OCC(O)COC(N)=O,-0.985,-2.1679828,-4.0084453,-3.8333359,-3.8333356,-3.8343759,-4.2055926,-3.7673466,-4.1568646,-1.1113136,-3.1820152,-2.1907518,-2.1907518,-2.1336792,-2.6019323,-2.1796577,-2.5488408,-0.90600413,-3.0095973,-2.6458333,-2.6458335,-2.6504874,-2.7605224,-0.9934747,-1.010145,-1.0931296,-1.212417,-1.3666539,-1.3666577,-1.1367759,-1.8539742,-0.98345345,-1.3936956,-1.2719842,-3.6705332,-3.4687157,-3.468716,-3.469611,-3.6399586,-3.4148426,-3.1062927,-3.2303293,-4.228706,-4.020193,-4.0201926,-4.013066,-3.9200363,-4.093674,-4.3093843,-1.8000952,-2.2661633,-1.6365271,-1.636527,-2.8871627,-1.7112852,-2.8637455,-1.6100445,-1.2871095,-2.8496919,-2.4458,-2.445794,-2.2940965,-1.5034267,-2.212715,-2.9099321,-0.9795628,-1.055877,-1.0548716,-1.0548713,-1.0049856,-1.0023997,-1.0673404,-1.0086265
CC(=C)C,-2.33,-1.9523467,-1.5861605,-1.0645674,-1.0645674,-1.0474597,-1.0857974,-1.0338935,-0.8405724,-2.2771459,-0.29003167,-0.21118751,-0.21118744,-0.21500729,-0.2331412,-0.18523198,-0.7409189,-1.8221947,-0.9991184,-0.9937687,-0.9937687,-0.9940289,-0.93311906,-0.5499448,-0.55987275,-2.1573987,-0.58969414,-0.94581664,-0.94582325,-0.5552696,-0.98638576,-0.5936803,-0.7504944,-2.4319534,-1.8508258,-1.297874,-1.297874,-1.1161637,-1.6300406,-0.97150266,-0.2942556,-2.171746,-1.2567574,-0.98003834,-0.9800384,-0.9707249,-0.9906509,-0.95009947,-1.7879671,-1.9889967,-2.2064629,-1.344495,-1.3444953,-1.8957593,-1.5922074,-1.900271,-1.8253965,-2.1410077,-0.7792498,-0.8459382,-0.84593576,-0.8319682,-0.46259677,-1.1689638,-1.0117712,-1.1216829,-1.4588327,-1.5656065,-1.5656068,-1.5719192,-1.4925606,-1.5601101,-1.1633734
CCCCC1C(=O)N(N(C1=O)c2ccccc2)c3ccccc3 ,-3.81,-3.566163,-5.161861,-4.6962385,-4.6962385,-4.687777,-4.9643927,-4.6827345,-4.00214,-3.6867664,-4.1188197,-4.03088,-4.0308805,-3.9368331,-4.5503693,-4.0637693,-4.4621773,-3.7982903,-4.6587853,-4.650567,-4.650567,-4.537475,-4.7427697,-4.4927945,-4.520516,-3.74369,-5.009163,-4.662189,-4.6621966,-3.9921327,-5.6169686,-4.024885,-4.1102953,-3.8969357,-4.7531343,-4.6027346,-4.602735,-4.5689306,-4.6727347,-4.6089425,-3.5354037,-3.9980175,-4.965342,-5.3252606,-5.3252606,-5.492061,-5.069813,-5.0398445,-4.7738986,-4.5873065,-4.4428797,-4.8385468,-4.8385468,-4.7603335,-5.587055,-4.8054733,-5.1594596,-3.853952,-5.0603046,-5.006829,-5.0068235,-5.06533,-3.5280755,-4.9432425,-5.313162,-3.6990006,-3.8243651,-3.9169815,-3.9169812,-3.8698084,-3.7862823,-3.9496067,-3.9172103
Cc1c2ccccc2c(C)c3ccc4ccccc4c13,-7.02,-6.9651585,-3.7865257,-3.614914,-3.614914,-3.6191287,-3.9548268,-3.6529722,-4.3681493,-7.107742,-5.1061816,-5.702469,-5.7024703,-5.638742,-6.222067,-5.7001333,-5.3904734,-7.020571,-4.9920635,-5.2891235,-5.2891235,-5.273184,-5.2415133,-6.7373385,-6.6834445,-6.64124,-6.473851,-6.832017,-6.8320265,-7.0618796,-7.0520287,-6.841058,-7.0182796,-7.263209,-3.2235184,-3.192194,-3.1921945,-3.1872227,-3.29899,-3.1528795,-3.6149588,-6.1393857,-3.804273,-4.2285156,-4.228516,-4.332178,-4.149075,-4.1116843,-4.6953096,-7.940656,-6.4946203,-7.628619,-7.6286187,-7.2326236,-7.8697844,-7.194274,-7.858436,-7.2173147,-5.5543246,-5.7619877,-5.761984,-5.7555637,-4.0652976,-6.284056,-5.5953865,-6.9019327,-7.532713,-7.4581985,-7.458198,-7.2879367,-7.6692963,-7.003658,-7.1707807
CC(=O)OCC(=O)C3(O)C(CC4C2CCC1=CC(=O)C=CC1(C)C2(F)C(O)CC34C)OC(C)=O ,-4.13,-4.153774,-7.2900586,-6.523283,-6.523285,-6.509273,-6.822875,-6.4857254,-5.543357,-4.759564,-3.8024523,-3.348439,-3.348439,-3.354706,-3.698195,-3.3287008,-3.437868,-4.052919,-3.9881673,-3.7875028,-3.7875028,-3.6206446,-3.2682369,-4.267607,-4.642887,-4.139939,-2.8584478,-3.5861478,-3.5861514,-3.3842957,-3.9044058,-4.03147,-3.0213509,-3.6672876,-6.226324,-5.9122896,-5.912289,-5.852078,-5.9395447,-5.9384084,-3.8064132,-3.664129,-5.444537,-5.5047865,-5.5047865,-5.4387617,-5.308471,-5.433972,-4.903032,-3.8575418,-4.345812,-4.277212,-4.2772117,-4.77793,-4.434103,-4.672433,-4.4059715,-4.250893,-4.9165816,-4.6677084,-4.6677003,-4.724698,-3.200969,-4.727622,-4.8306155,-4.02141,-4.138438,-4.152923,-4.152921,-4.284161,-4.2566757,-4.39038,-4.146409
CC1=C(CCCO1)C(=O)Nc2ccccc2 ,-2.56,-3.0111282,-3.5343351,-3.337462,-3.3374622,-3.3513544,-3.7017274,-3.3878672,-3.4608002,-2.6195989,-3.375778,-2.5457933,-2.5457928,-2.4959838,-3.0576522,-2.561502,-3.025025,-2.8859925,-3.616672,-3.5145586,-3.514558,-3.5233264,-3.5430486,-3.3048406,-3.1427386,-2.8343463,-3.4348524,-3.4412625,-3.4412694,-3.341393,-3.8507397,-3.3723059,-3.1811962,-2.5349953,-3.2291627,-3.0735924,-3.0735922,-3.1144218,-3.2238147,-3.1197639,-2.4498308,-2.1072447,-3.6201873,-3.2624433,-3.2624433,-3.3164067,-3.3135126,-3.460911,-3.2134092,-3.2318354,-2.6176481,-3.4006622,-3.400662,-3.3027983,-3.6575665,-3.2151468,-3.2433057,-2.8596797,-3.772173,-3.5235271,-3.5235226,-3.5972972,-2.5434158,-3.6114633,-3.8466392,-2.5667045,-2.4848795,-2.5497377,-2.5497375,-2.556833,-2.5875366,-2.5886297,-2.5668938
COC(=O)Nc1cccc(OC(=O)Nc2cccc(C)c2)c1,-4.805,-4.8516474,-5.3372507,-5.1988454,-5.198846,-5.216509,-5.694148,-5.2828407,-5.545025,-4.7273707,-4.5899425,-3.3841147,-3.384114,-3.443253,-3.9875233,-3.2813852,-3.6031175,-4.800666,-4.836391,-4.5036707,-4.50367,-4.4072404,-4.4829,-4.639941,-4.514826,-4.5718083,-3.2763128,-4.0477667,-4.047772,-4.0286636,-4.2230077,-3.7724059,-3.865153,-4.563916,-5.339243,-5.024523,-5.024523,-5.023851,-5.281842,-5.010749,-4.345461,-5.3125253,-5.764002,-5.2703114,-5.2703114,-5.313163,-5.2339807,-5.34669,-4.9740562,-4.20649,-5.506178,-5.5099664,-5.509966,-6.0368323,-5.2927017,-5.9484997,-5.2443256,-4.759914,-4.775045,-4.1735687,-4.1735654,-4.185837,-3.3984036,-3.9985723,-4.4533687,-4.646296,-4.74467,-4.931453,-4.931453,-4.775239,-4.9459496,-4.883202,-4.8188615
Nc1ccccc1N(=O)=O,-1.96,-1.7988887,-2.3642309,-2.1587403,-2.15874,-2.1577847,-2.3278294,-2.1632938,-2.1250997,-1.8498243,-1.1206083,-1.2310024,-1.2310026,-1.2459978,-1.2498121,-1.2117333,-1.4023929,-2.0300894,-1.700982,-1.8060657,-1.8060658,-1.814066,-1.762422,-1.2454154,-1.3148656,-2.1185496,-1.7282228,-2.468913,-2.4689205,-1.8117143,-2.4377763,-2.0103545,-1.7947011,-2.1301146,-1.7446495,-1.268108,-1.2681081,-1.2676563,-1.3623987,-1.195344,-1.2142215,-2.3178926,-2.0808299,-2.130448,-2.1304483,-2.1514788,-2.138232,-2.0635493,-1.9167849,-1.3554143,-1.036347,-0.8225775,-0.8225775,-1.3206024,-1.1798676,-1.2447954,-1.0299466,-1.9123023,-2.4125085,-2.5113337,-2.5113337,-2.6078303,-1.7040501,-2.2148008,-2.5580542,-1.916229,-1.9344848,-2.030327,-2.030327,-1.9649054,-1.8825557,-2.001752,-1.9597039
C1CCCCCCC1,-4.15,-4.295611,-2.0075216,-1.3688639,-1.3688638,-1.3491579,-1.5751816,-1.3073063,-1.7737125,-4.392859,-2.0129054,-3.198312,-3.1983118,-3.1766157,-3.1184142,-3.2014973,-2.4264226,-4.107023,-1.9642217,-2.047876,-2.047876,-2.0535812,-1.9892329,-2.666359,-2.9593027,-4.255032,-2.0617814,-3.8779085,-3.8779178,-3.265009,-2.9847865,-3.687914,-2.8220177,-4.3357096,-2.979046,-3.022819,-3.022819,-2.7840493,-3.410301,-2.5431006,-3.3012893,-3.484249,-2.3985138,-2.7376156,-2.7376158,-2.821551,-2.6575773,-2.7605808,-2.6527069,-4.2921195,-3.2573051,-3.2962976,-3.296298,-2.9472685,-4.1421604,-2.9876702,-3.208138,-4.2988725,-4.8436522,-5.1016273,-5.1016245,-5.1146717,-4.1875196,-5.1925597,-4.7656083,-1.8847272,-1.4573543,-1.5351295,-1.5351294,-1.6698015,-1.7382395,-1.5811586,-2.446118
CCCCC,-3.18,-0.87882257,-1.6797895,-1.2387943,-1.2387947,-1.2360208,-1.4747376,-1.1936475,-1.5104027,-2.7244415,-1.1795931,-1.46445,-1.46445,-1.4610118,-1.4102794,-1.4700202,-1.428487,-3.1131794,-1.4272133,-1.552333,-1.5523328,-1.5561922,-1.4857031,-2.2628999,-1.8820288,-3.1197255,-1.7779113,-2.127796,-2.127804,-1.8521292,-2.2733486,-2.0497599,-1.7452192,-2.6038187,-2.3090005,-1.9724526,-1.9724525,-1.6763165,-2.0109642,-1.49164,-1.5565726,-2.5748222,-2.1543138,-2.186343,-2.1863427,-2.194397,-2.113916,-2.0760505,-1.2893182,-3.506262,-3.286487,-3.0627258,-3.0627255,-3.2859259,-3.5624626,-3.3249068,-3.0027921,-3.0090997,-2.1340604,-2.145991,-2.1459887,-2.165276,-1.5138004,-2.3310509,-2.1935983,-2.4032538,-2.3039079,-2.4079125,-2.4079123,-2.3155081,-2.2880495,-2.1903934,-2.2869458
Clc1cc(Cl)c(Cl)cc1Cl,-5.56,-5.1029,-2.8869314,-2.9215186,-2.9215195,-2.9287264,-3.288271,-2.946389,-4.4286766,-5.403531,-3.7582345,-4.368796,-4.3687963,-4.3682404,-4.3017964,-4.3693175,-4.9681315,-5.0401516,-2.8221107,-2.955549,-2.9555495,-2.9661589,-2.9785442,-4.8728375,-5.148325,-4.867924,-3.9069338,-4.6604276,-4.6604366,-4.485555,-4.4511604,-4.188437,-4.0252666,-5.681527,-4.31012,-3.9493093,-3.9493089,-4.0568666,-4.1428294,-4.095417,-5.945004,-5.000177,-2.6551268,-3.023144,-3.023144,-3.1240907,-3.0142047,-3.0436184,-3.489248,-5.8356466,-2.5199614,-4.8169723,-4.8169713,-2.7331345,-5.242649,-2.720777,-4.7563305,-5.4220614,-5.2452464,-4.8218865,-4.821887,-4.8298016,-4.306489,-4.888279,-5.403998,-5.6330104,-5.5352793,-5.6434803,-5.6434793,-5.6342864,-5.5852985,-5.64103,-5.6697836
CCCC#C,-1.64,-0.8241495,-1.5792702,-1.124575,-1.1245751,-1.1072285,-1.3179849,-1.0828186,-1.3171431,-1.3462918,-0.94865924,-0.5928307,-0.59283024,-0.59120756,-0.61048543,-0.5841464,-1.147356,-1.7641202,-1.2110742,-1.2542405,-1.2542408,-1.2557003,-1.190756,-1.2353039,-1.1181643,-1.4936848,-0.69946593,-0.82503927,-0.8250452,-0.4068848,-1.0031905,-0.49876532,-0.7640953,-1.681845,-1.6780944,-1.6636181,-1.6636178,-1.5836217,-1.6699687,-1.4879414,-1.6351825,-1.3055767,-2.6294682,-1.8065685,-1.8065684,-1.673531,-1.7754068,-1.9068744,-0.90374476,-1.7095933,-1.9661963,-1.7313364,-1.731336,-2.1079001,-2.1523824,-2.0227978,-1.9151752,-1.5475534,-0.4377478,-0.5551497,-0.55514663,-0.4713759,-0.102034636,-0.69911444,-0.46756995,-1.9778999,-2.049214,-2.159244,-2.1592438,-1.9731586,-1.8319327,-1.9347632,-2.0565019
c1cncnc1,1.1,0.8678725,-1.8028817,-1.6640073,-1.6640071,-1.6565183,-1.7317754,-1.6577909,-0.53746617,1.1033286,-0.45222604,0.10049027,0.10049046,0.09308777,-0.032577455,0.11408929,-0.48010322,0.63750184,-0.8933274,-0.82529604,-0.82529634,-0.82509875,-0.7847427,-0.30139834,-0.38864967,1.0348092,-0.5955598,-1.0037773,-1.003782,-0.48333213,-1.0167829,-0.60996145,-0.67105716,0.82175833,-1.814309,-1.8906657,-1.8906657,-1.8405534,-2.0027044,-1.889431,-0.39949238,1.4634702,-2.1140497,-2.0761468,-2.0761468,-2.1402345,-2.0815473,-2.193163,-1.6409739,0.380486,-0.7788954,0.3550677,0.3550687,-0.70431364,0.09181288,-0.61766917,-0.23906799,1.1268623,-0.45101216,-0.5130414,-0.5130397,-0.5173212,-0.29234564,-0.37735793,-0.67134154,1.1499997,0.7626078,1.0516174,1.0516175,1.1949213,1.1961793,1.0865135,0.5178355
CCCCCCCCCCCCCCCCCCO,-8.4,-6.5849905,-6.1839333,-5.7829,-5.7829,-5.7722316,-6.259053,-5.73988,-5.393541,-8.020483,-4.7698026,-7.457088,-7.4570875,-7.358181,-8.004317,-7.4368553,-7.1050277,-8.180997,-6.03697,-6.0967026,-6.096703,-6.9635034,-7.0862308,-8.472898,-8.485885,-8.162492,-7.060901,-7.6647916,-7.664797,-7.9759407,-8.729225,-8.084128,-7.5710382,-6.916817,-6.447575,-6.1832266,-6.1832266,-6.061206,-6.6024246,-5.532735,-6.4112525,-6.092964,-6.368998,-5.994824,-5.9948244,-5.640596,-6.393336,-5.91251,-5.7999706,-6.711884,-7.145673,-6.8071604,-6.807161,-8.230846,-7.981609,-8.155076,-7.2728257,-8.00725,-6.4505043,-6.8848596,-6.884855,-6.871116,-5.2441335,-7.2408004,-6.726448,-7.9499345,-8.227917,-8.551017,-8.551017,-8.502916,-8.513642,-8.500945,-8.33357
CCOC(=O)CCN(SN(C)C(=O)Oc1cccc2CC(C)(C)Oc21)C(C)C,-4.71,-5.080998,-6.678315,-6.05078,-6.05078,-6.0582824,-6.368704,-6.1056447,-5.274708,-4.707871,-5.0805254,-5.148783,-5.148783,-5.09855,-5.5377345,-5.2498465,-5.267464,-4.829618,-5.7224774,-5.869461,-5.869461,-5.941757,-6.1563716,-5.2552752,-6.1134977,-4.7927017,-5.681908,-5.3946404,-5.394647,-4.667778,-5.7814436,-4.7192044,-5.049087,-4.8184533,-6.8717446,-6.428483,-6.428483,-6.4238634,-6.474235,-6.4036975,-4.854149,-5.6231217,-5.8171577,-5.5459003,-5.5459,-5.6125774,-5.4470305,-5.4438806,-5.272232,-4.7445693,-6.075602,-5.119689,-5.1196885,-6.3211975,-5.500449,-6.2001224,-5.0946746,-4.817315,-6.3869157,-6.172925,-6.1729217,-6.1878057,-4.923354,-6.1162543,-6.691648,-4.6217394,-4.6901183,-4.791373,-4.7913723,-4.7676663,-4.6656933,-4.874108,-4.85601
CC12CCC3C(CCc4cc(O)ccc34)C2CCC1=O,-3.955,-4.6597624,-3.8538513,-3.587858,-3.587858,-3.5964456,-3.9300523,-3.618749,-4.024937,-4.629015,-4.2759175,-4.505423,-4.5054245,-4.4132485,-4.777136,-4.557401,-4.531868,-4.4330955,-4.105123,-4.0808153,-4.0808153,-4.065359,-4.2739353,-4.6900325,-4.5067997,-4.1412807,-4.219639,-4.0677605,-4.0677667,-3.3977613,-4.430572,-3.864142,-4.044108,-4.5318036,-3.4632711,-3.441035,-3.4410346,-3.4650433,-3.5869205,-3.4772172,-3.715342,-4.1744275,-3.8159916,-3.165435,-3.1654348,-3.2876892,-3.149593,-3.540064,-3.4172487,-4.0900702,-3.9383035,-3.8999133,-3.8999135,-4.6392245,-3.9209538,-4.5837574,-3.9453201,-4.7116265,-5.1946683,-5.129603,-5.129598,-5.179179,-3.7220767,-5.3091526,-5.3517137,-4.012005,-4.150302,-4.091852,-4.091852,-3.9908068,-3.9983795,-4.050781,-3.972064
COc1ccccc1O ,-1.96,-1.3585173,-2.2406573,-2.035179,-2.035179,-2.0305514,-2.1870527,-2.0341742,-1.9864132,-1.2179693,-1.4533358,-0.517225,-0.5172249,-0.5093559,-0.7341498,-0.5118316,-1.4742593,-1.1837447,-1.3976071,-1.456078,-1.456078,-1.4625667,-1.3429188,-0.49761483,-0.57388294,-1.471693,-1.2528232,-1.4525346,-1.4525383,-1.1325825,-1.7148012,-1.0682943,-1.1968513,-2.134824,-1.8188215,-2.2428465,-2.242847,-2.2058356,-2.2749593,-2.194601,-1.5330269,-1.873323,-2.26256,-2.3100955,-2.3100958,-2.3272018,-2.3178015,-2.2439718,-2.0953531,-0.7497196,-0.13211931,-0.4627082,-0.46270886,-0.7490821,-0.64984596,-0.68471986,-0.5934135,-1.7286668,-0.9191318,-0.9531387,-0.9531358,-0.9741329,-0.39424434,-0.990491,-1.4866096,-1.9932017,-0.79355216,-0.394532,-0.39453217,-0.4313047,-0.020827157,-0.5834851,-0.5377419
Oc1ccccc1O,0.62,-0.49686152,-2.0863848,-1.9444073,-1.9444073,-1.9403207,-2.083097,-1.942876,-1.3752358,1.2167958,-0.99785054,-0.06052831,-0.060528148,-0.07425796,-0.39204723,-0.05045163,-0.9997917,0.078904554,-1.2708844,-1.3244354,-1.3244354,-1.3285642,-1.216178,-0.037034925,-0.2450636,0.55512404,-0.9775104,-1.1236782,-1.1236826,-0.7793286,-1.430597,-0.71377695,-0.9437776,0.58202624,-1.8579062,-1.7957945,-1.7957947,-1.6728607,-1.9120812,-1.7928218,-1.0385047,-0.4199797,-2.0293753,-2.0537584,-2.0537584,-2.0783477,-2.0536244,-2.0237422,-1.6988946,0.3378391,0.24867731,0.27761516,0.27761537,-0.16917755,0.13811883,-0.097029634,-0.025911694,0.68933123,-0.32208273,-0.42610776,-0.42610624,-0.41675153,-0.16754474,-0.3309304,-0.75963,0.6221076,1.032017,0.9193669,0.91936755,0.70617574,0.67710406,0.8388175,0.7997159
COC=O,0.58,0.5612069,-1.3274131,-0.66994965,-0.66994965,-0.67026824,-0.6758175,-0.6901014,-0.5321556,0.83593744,0.41961306,0.87579364,0.87579274,0.8713136,0.83703,0.8880608,0.17674126,0.80707854,-0.71820706,-0.5404273,-0.5404273,-0.5402962,-0.46608645,0.54923886,0.17269783,0.8450201,-0.16256836,-0.26849613,-0.26850253,0.17672688,-0.19816452,0.12202903,-0.31950995,0.66220033,-1.5513602,-1.1537485,-1.1537477,-1.2179269,-1.0933937,-1.3125179,-0.25249764,0.43010655,-1.3849751,-1.040773,-1.0407729,-1.0307796,-0.95744014,-1.0859015,-0.47841263,0.39312205,0.35118595,1.0136364,1.013636,0.3682661,0.82381195,0.41292953,0.33906442,0.7589915,0.2712688,0.22159912,0.22160123,0.21435972,0.40875277,0.43034142,0.13229734,-0.09636613,-0.7329796,-0.6608702,-0.66086996,-0.64007795,-0.65998185,-0.6229854,-0.69987184
CC1=C(SCCO1)C(=O)Nc2ccccc2,-3.14,-2.9390852,-3.633356,-3.4231253,-3.4231257,-3.4354506,-3.7839534,-3.468568,-3.4986618,-3.2469902,-3.682986,-2.8829846,-2.8829844,-2.8368542,-3.3626554,-2.915672,-3.309329,-3.0657172,-3.7564592,-3.6256583,-3.6256585,-3.633183,-3.659568,-3.5171087,-3.2338457,-2.9637063,-4.0666947,-4.123119,-4.1231265,-4.0229826,-4.5260916,-3.8452241,-4.0582433,-2.994892,-3.3053017,-3.1627486,-3.1627486,-3.1914136,-3.3307545,-3.1673746,-2.8593624,-3.5323915,-3.7349975,-3.471799,-3.4717991,-3.5180342,-3.5188177,-3.5823534,-3.4496636,-3.0718236,-2.5549154,-3.458116,-3.4581158,-3.2814415,-3.6706133,-3.2082536,-3.2419693,-3.2072787,-3.8629212,-3.5834446,-3.5834398,-3.6631665,-2.5739067,-3.6637354,-4.032113,-3.138684,-2.9596038,-3.2401245,-3.2401235,-3.3117936,-3.2697246,-3.4438784,-2.8964083
CCN(CC)C(=S)SCC(Cl)=C,-3.39,-2.638861,-3.3546958,-3.2359505,-3.2359502,-3.2454777,-3.5507946,-3.2867367,-3.5462668,-3.3671675,-3.5779612,-3.3963645,-3.396364,-3.360101,-3.5898514,-3.4191654,-3.8412886,-3.2109158,-3.4879334,-3.346559,-3.346559,-3.3868082,-3.3556447,-4.0371346,-3.9024632,-3.457107,-2.747908,-3.062358,-3.0623653,-2.5299644,-3.085922,-2.676909,-2.5948513,-3.7762194,-3.1174016,-3.102244,-3.1022444,-3.0979207,-3.2736275,-3.0570254,-3.6723044,-3.0559971,-3.0439274,-3.0565195,-3.05652,-3.0115106,-3.0085905,-2.7888217,-3.6507885,-2.680319,-2.1803389,-1.9644139,-1.9644141,-2.2240942,-2.3076425,-2.2258909,-2.0538528,-3.5671227,-4.3552527,-4.2036123,-4.203607,-4.267627,-2.9002647,-4.309259,-4.8221483,-3.494815,-4.7641754,-4.5018015,-4.5018015,-4.0632577,-4.1763163,-3.9141722,-3.980561
CC(=O)SC4CC1=CC(=O)CCC1(C)C5CCC2(C)C(CCC23CCC(=O)O3)C45,-4.173,-4.5254436,-6.3097515,-5.728572,-5.7285724,-5.717381,-6.0222874,-5.694079,-5.1363106,-4.5372972,-4.1860785,-4.2116704,-4.2116704,-4.156447,-4.635941,-4.27082,-4.5135283,-4.0249104,-3.92631,-4.362039,-4.3620386,-4.178624,-4.0421205,-5.561367,-4.7224574,-4.486737,-5.2901363,-4.853049,-4.8530536,-4.038577,-5.49762,-4.442965,-4.947959,-4.137374,-5.268846,-5.0824614,-5.0824604,-5.0359097,-5.223682,-5.1153173,-3.5541754,-4.1094894,-4.8060102,-5.281902,-5.281902,-5.3677273,-5.0695477,-4.798287,-5.0838184,-4.9112325,-5.058289,-4.703182,-4.7031817,-5.329004,-5.131461,-5.2438283,-4.5794454,-4.184093,-5.8034053,-5.362161,-5.362153,-5.430102,-3.8321986,-5.516229,-5.034967,-4.0904007,-4.1099133,-4.184628,-4.184628,-4.1585407,-4.2060056,-4.321361,-4.227983
CCCC(C)(C)O,-0.49,-0.9984845,-2.0495799,-1.7815826,-1.7815825,-1.7936547,-2.0363445,-1.792529,-1.7721202,-0.28870746,-1.2362001,-1.3618282,-1.3618281,-1.3559083,-1.32386,-1.3611317,-1.5491598,-0.62617487,-1.8248578,-1.9689959,-1.968996,-1.9767467,-1.8848792,-2.1805465,-2.2448642,-0.5640343,-1.6186551,-1.6493766,-1.6493825,-1.0856088,-2.0490003,-1.1474859,-1.5697438,-0.32149142,-1.9565581,-1.7763746,-1.7763748,-1.8114626,-1.8401595,-1.8077456,-1.6363609,-1.0321704,-1.8762882,-1.4708282,-1.4708282,-1.4140577,-1.5332971,-1.5746348,-1.1110507,-0.7857644,-1.4763168,-0.4365925,-0.43659252,-1.6416543,-0.859704,-1.5802435,-1.0662392,-0.4619924,-0.9242142,-0.8111386,-0.8111338,-0.8547047,-0.29737657,-0.86581606,-1.3401797,-0.44468033,-0.6651748,-0.72606677,-0.7260668,-0.77735215,-0.5869727,-0.51165736,-0.7911769
CCOC(=O)CC(SP(=S)(OC)OC)C(=O)OCC,-3.37,-4.3487515,-4.8987446,-4.529535,-4.5295343,-4.5276914,-4.8282285,-4.4789596,-4.112854,-2.9153798,-2.999413,-1.933956,-1.9339559,-1.8977678,-2.4600759,-1.8577288,-2.4992168,-2.9860985,-4.2841196,-3.6962845,-3.6962848,-3.6891994,-4.0698676,-3.2585025,-2.7927616,-2.9426422,-2.0499406,-2.6686327,-2.6686392,-2.6494217,-2.7899623,-2.7837725,-2.5232983,-3.7152133,-4.501938,-4.383691,-4.3836904,-4.331213,-4.509793,-4.2844787,-3.5781217,-3.8822782,-3.9394917,-4.3219786,-4.3219786,-4.255714,-4.2932343,-4.270162,-4.378673,-2.7923663,-2.747634,-3.0946555,-3.0946553,-3.369186,-3.2080636,-3.3112047,-3.0643594,-3.0965488,-3.5419493,-3.414009,-3.414003,-3.348453,-2.4263208,-3.3520753,-4.3946443,-3.327288,-2.906887,-2.3955278,-2.395528,-2.1439357,-2.3033826,-2.470148,-4.028469
CC13CCC(=O)C=C1CCC4C2CCC(C(=O)CO)C2(CC(O)C34)C=O ,-3.85,-4.0970454,-5.0486465,-4.719092,-4.719092,-4.7254653,-5.06201,-4.736118,-5.0110464,-3.8170388,-4.075237,-3.4419534,-3.441953,-3.3891084,-3.8078377,-3.4730248,-3.8738048,-3.571903,-2.7994914,-2.8737023,-2.8737028,-2.8601606,-3.0322628,-3.8353932,-3.654422,-3.5859842,-3.972412,-4.05869,-4.0586944,-3.1520295,-4.44229,-3.8592496,-3.7816522,-3.3625991,-4.5546722,-4.5142484,-4.5142484,-4.531912,-4.655871,-4.6284194,-4.457757,-4.044205,-4.9418454,-4.8838544,-4.8838544,-4.993986,-4.6137443,-5.0733566,-4.652058,-3.7077458,-3.3034654,-3.60013,-3.6001303,-3.7873082,-3.952238,-3.816792,-3.845017,-3.8831732,-4.4169364,-4.0816216,-4.0816126,-4.1244497,-2.8184576,-4.2836733,-4.56884,-3.7313123,-3.8583534,-3.886165,-3.8861644,-3.9462476,-3.89971,-3.9705348,-3.8678083
OCC(O)COC(=O)c1ccccc1Nc2ccnc3cc(Cl)ccc23,-4.571000000000001,-4.8337793,-6.3260727,-5.871236,-5.871237,-5.853851,-6.1725335,-5.8008933,-5.7522116,-5.116262,-4.7415767,-4.32816,-4.32816,-4.239376,-4.7684393,-4.5113072,-4.7327247,-4.6672726,-4.477035,-4.266758,-4.2667575,-4.187248,-4.661978,-4.5951786,-4.208897,-4.4534974,-4.7277446,-4.6529193,-4.6529245,-4.839392,-5.0653477,-4.3464303,-4.5323777,-4.6823053,-5.7806516,-5.5843554,-5.5843563,-5.4855547,-5.7154126,-5.431632,-4.403456,-4.415456,-4.641363,-5.2009716,-5.2009716,-5.0797033,-5.1193666,-4.9429917,-4.7367473,-2.8917792,-3.1903076,-3.28932,-3.2893202,-3.7950163,-3.4993253,-3.852401,-3.2358136,-4.7914004,-5.4364,-5.093124,-5.093119,-5.184401,-3.8104157,-4.8325973,-5.101959,-4.333588,-4.5762815,-4.669623,-4.6696224,-4.6586256,-4.66923,-4.833902,-4.5526857
COc1ccccc1N(=O)=O,-1.96,-3.080813,-2.5243678,-2.487627,-2.4876273,-2.4805698,-2.7070146,-2.4764948,-2.6928465,-1.9118108,-1.4243404,-0.9001242,-0.9001245,-0.8912415,-0.95651996,-0.89622825,-1.4690831,-2.1448624,-1.8005956,-1.8887366,-1.8887367,-1.8999779,-1.8040327,-1.3955564,-1.442054,-2.3144126,-1.7504724,-2.4003747,-2.4003823,-1.8606607,-2.3035018,-2.0645177,-1.7514788,-2.0878525,-1.8966194,-1.5796714,-1.579671,-1.5725019,-1.6939479,-1.4911023,-1.1562151,-2.1136522,-2.3151433,-2.4260683,-2.4260685,-2.4489713,-2.4365675,-2.3366559,-2.3664184,-2.1066434,-0.9551228,-1.5321794,-1.5321788,-1.6513473,-1.7196574,-1.5825919,-1.5335093,-1.9138786,-1.6269292,-1.5689386,-1.5689356,-1.6071478,-0.7815002,-1.7928755,-1.7992984,-1.9844548,-1.796129,-1.9177215,-1.9177212,-1.8611422,-1.8273308,-1.8482736,-1.9177527
CC1=CC(=O)CC(C)(C)C1 ,-1.06,-1.06648,-2.1794863,-1.7041024,-1.7041026,-1.6838657,-1.9470881,-1.6394564,-2.4153285,-1.1113183,-1.6718798,-1.8833662,-1.8833655,-1.8776428,-1.8596234,-1.8756322,-2.037808,-1.1857178,-2.5363586,-2.677943,-2.6779432,-2.6901498,-2.624915,-3.659757,-3.7397087,-1.2237898,-1.9578655,-2.3788419,-2.3788502,-2.0576634,-2.5258594,-2.253829,-2.2626603,-1.200857,-2.1042397,-1.957308,-1.9573079,-1.9477322,-2.080932,-1.8848892,-1.1124821,-0.95051575,-2.3424523,-1.5420241,-1.5420241,-1.5868582,-1.5431043,-1.8404646,-1.0662266,-1.470207,-1.9964509,-1.2598684,-1.2598681,-2.0083363,-1.7874851,-1.9362767,-1.6429843,-1.17534,-2.7332635,-2.4311235,-2.4311197,-2.4707437,-1.8086658,-2.4650419,-2.6160882,-1.0679028,-1.6271526,-1.7054365,-1.7054366,-1.4869334,-1.3376522,-1.6348706,-1.4292938
Cc1ccc(O)cc1,-0.73,-1.1729865,-2.076699,-1.7703747,-1.7703748,-1.7778724,-1.9460765,-1.79915,-1.6508951,-0.3779383,-1.5051215,-1.1941097,-1.1941088,-1.1906097,-1.278733,-1.1803738,-1.7555977,-0.082674414,-1.4385937,-1.5326111,-1.5326114,-1.5378262,-1.4442097,-1.0213095,-0.97452635,-0.7331968,-1.2354444,-1.367017,-1.3670238,-1.0846825,-1.7502347,-0.9751039,-1.1925266,-1.056014,-1.6706762,-1.3116226,-1.3116226,-1.3491902,-1.349116,-1.3300263,-1.1096823,-0.5528637,-2.497216,-1.7118235,-1.7118233,-1.7666961,-1.7170552,-1.9971598,-1.2217693,-1.7266206,-0.74113625,-1.1406213,-1.140622,-1.6295636,-1.4788815,-1.542297,-1.3022082,-0.46952826,-1.6408068,-1.4679384,-1.4679364,-1.4916143,-0.90296096,-1.6145207,-1.5146354,-0.7770921,-0.7109311,-0.74441636,-0.7444163,-0.69496256,-0.66932946,-0.71908176,-0.6325193
CC(C)=CCCC(C)=CC(=O),-2.06,-3.755576,-2.9733937,-2.6894457,-2.6894457,-2.6788206,-3.0001478,-2.619271,-2.8991714,-2.086744,-2.5353012,-2.208555,-2.2085555,-2.18139,-2.372163,-2.2427173,-2.756036,-2.218897,-2.656847,-2.5655282,-2.5655284,-2.5881114,-2.554289,-2.564762,-2.6015491,-2.3355803,-1.8636943,-2.71705,-2.717057,-2.1367035,-2.5871394,-2.2959423,-2.0407853,-2.214596,-2.727515,-2.5910635,-2.5910637,-2.6178954,-2.727397,-2.5626209,-2.7342675,-2.4668221,-3.2094278,-3.3241513,-3.3241513,-3.349389,-3.3192263,-3.2930174,-4.1918726,-2.4642675,-2.9609265,-2.6199174,-2.6199174,-3.394787,-3.066957,-3.3627355,-2.6366682,-2.265032,-2.2750213,-2.1572955,-2.157289,-2.1332293,-1.1756325,-2.3489945,-2.6571014,-2.0977197,-2.925688,-2.9266572,-2.9266572,-2.8197122,-2.8358212,-2.6145074,-2.3015351
C1CC=CC1,-2.1,-2.4120193,-1.5220982,-0.93541235,-0.9354123,-0.9142372,-1.0011474,-0.8887962,-0.98305863,-1.9190654,-0.79080635,-1.2910933,-1.2910926,-1.2806425,-1.3164842,-1.2829428,-1.0356759,-2.1270099,-1.1103429,-1.1165003,-1.1165006,-1.1180093,-1.0866482,-1.0899142,-0.9294147,-1.6594533,-0.64456195,-1.3549378,-1.3549461,-0.78846514,-1.1917418,-1.0882622,-0.80077916,-2.337337,-2.2235506,-1.0982362,-1.0982361,-1.007961,-1.2073308,-0.91012335,-0.802249,-1.9821261,-1.6001769,-1.4610168,-1.4610169,-1.4790809,-1.4712671,-1.4845738,-1.0258788,-2.129388,-2.7586055,-1.752845,-1.7528458,-2.3592598,-1.9613694,-2.3722193,-1.9194574,-1.9585841,-1.934784,-2.046727,-2.0467262,-2.0334659,-1.4140093,-2.247133,-1.5587919,-1.8847272,-1.4573543,-1.5351295,-1.5351294,-1.6698015,-1.7382395,-1.5811586,-2.446118
CC(C)CCOC(=O)C,-1.92,-2.2906544,-2.5661187,-2.2905154,-2.2905154,-2.299618,-2.5924244,-2.286977,-2.429077,-1.8114572,-1.7904983,-1.4355296,-1.4355298,-1.3973649,-1.5751466,-1.4819561,-2.0418773,-1.8433055,-2.1799884,-2.1845148,-2.1845148,-2.1959023,-2.1210241,-2.379605,-2.3746781,-1.5824431,-1.200811,-1.6558242,-1.65583,-1.1532522,-1.7572438,-1.4244813,-1.4276872,-1.4895173,-2.398033,-2.3004165,-2.3004165,-2.3530576,-2.4230545,-2.3521297,-2.1677508,-2.3777037,-2.8762105,-2.2575848,-2.2575848,-2.2957408,-2.3457623,-2.5334651,-2.4887135,-1.7970486,-2.0297275,-1.7229812,-1.7229817,-2.6413858,-1.9887325,-2.596707,-1.9946525,-1.9913439,-2.1843355,-2.0232668,-2.0232613,-2.0827856,-1.2906505,-2.248343,-2.486341,-1.8545042,-1.3030543,-1.276964,-1.2769638,-1.3823638,-1.3595301,-1.365448,-1.2199091
NC(=S)Nc1ccccc1,-1.77,-1.5531743,-2.6160517,-2.3906786,-2.3906786,-2.40411,-2.65568,-2.4392216,-2.386524,-1.7891167,-2.8747354,-2.6669466,-2.666947,-2.6220639,-2.6285908,-2.6997502,-2.9319625,-1.798527,-1.9761692,-2.0689285,-2.0689287,-2.0836596,-2.01207,-1.6253161,-1.4752711,-1.8673177,-1.6013006,-2.0030615,-2.0030677,-1.7060422,-2.1986535,-1.6248935,-1.7501299,-1.921387,-2.1279936,-1.9259664,-1.9259665,-1.9756274,-2.0184472,-1.970057,-2.0983856,-1.938129,-2.5121744,-2.3071358,-2.3071358,-2.2126646,-2.363217,-2.397514,-2.2975757,-1.6039162,-1.0702269,-1.2460811,-1.2460809,-1.4015477,-1.5043315,-1.3262125,-1.2389832,-1.7784162,-3.64349,-3.3603737,-3.36037,-2.9672327,-2.3565216,-2.9237342,-3.1021855,-1.8518236,-1.7147577,-1.7519958,-1.7519956,-1.7940139,-1.799479,-1.7805752,-1.729044
CCCC(=C)C,-3.03,-2.441228,-1.9255865,-1.3849493,-1.3849493,-1.3813273,-1.5750171,-1.3355651,-1.4883292,-2.94322,-1.2249436,-1.3111001,-1.3111012,-1.3072095,-1.2175171,-1.3081533,-1.5102919,-3.0302384,-1.4861728,-1.5864905,-1.5864904,-1.5895005,-1.4952153,-1.6921742,-1.6006778,-3.0150864,-1.2491931,-1.8324306,-1.8324381,-1.5427067,-1.7664876,-1.6319789,-1.340867,-2.1394508,-1.8069668,-1.4881681,-1.4881679,-1.5215528,-1.5208889,-1.487061,-1.1223829,-2.2831428,-2.0811884,-2.0918782,-2.0918782,-2.1143067,-2.0654461,-2.0513678,-1.5785533,-2.9026108,-3.9373512,-2.7785459,-2.7785456,-3.8882148,-3.0212657,-3.9501116,-2.8993518,-3.0989265,-1.7232388,-1.684778,-1.6847752,-1.7118821,-1.0966016,-1.8024529,-1.8360782,-3.1933901,-3.3326845,-3.230969,-3.2309692,-3.1991408,-3.3754294,-3.2367465,-3.4288802
O=C1NC(=O)NC(=O)C1(CC)C(C)CCC,-2.39,-2.69814,-3.3876786,-3.2366521,-3.236652,-3.2383556,-3.558199,-3.2078903,-3.6041293,-2.383527,-2.047318,-1.6265938,-1.6265935,-1.5944433,-1.7637577,-1.6130471,-2.3565114,-2.5489507,-3.8664765,-3.549744,-3.549744,-3.577857,-3.770955,-2.952057,-2.7321966,-2.6103263,-2.685182,-3.0413213,-3.041327,-2.1729574,-3.2636988,-2.2953496,-2.907006,-2.539794,-3.2233083,-3.22193,-3.2219303,-3.2120697,-3.4030163,-3.1892807,-2.8059146,-2.472832,-3.2697713,-3.679023,-3.6790228,-3.3751712,-3.6259897,-3.2475097,-4.4716625,-2.7172544,-1.9461021,-2.4751425,-2.475143,-2.500215,-2.7812185,-2.431608,-2.6957664,-2.2307653,-2.4208448,-2.1249201,-2.1249135,-2.1534028,-1.2266293,-2.327421,-3.0191882,-2.3745072,-2.3537836,-2.3423436,-2.342343,-2.3732564,-2.3995726,-2.3734274,-2.4152105
Cc1cc(=O)[nH]c(=S)[nH]1,-2.436,-2.3634982,-2.3514771,-2.1790767,-2.1790764,-2.1723444,-2.3499014,-2.1731472,-2.3369007,-2.2632217,-1.7900311,-1.6250029,-1.6250024,-1.6375077,-1.6014428,-1.6056236,-1.9283707,-2.1083236,-1.4909819,-1.5146676,-1.5146676,-1.5194037,-1.4627879,-1.1726532,-1.0710195,-2.2340026,-0.63228923,-1.4137908,-1.4137968,-0.8417262,-1.1515409,-1.0218333,-0.91343504,-2.6262321,-1.845539,-1.6222422,-1.6222425,-1.6273934,-1.7077386,-1.5790511,-1.2498895,-2.0833926,-2.0520191,-1.9667114,-1.9667115,-1.9912692,-2.0199544,-1.9919469,-1.6879725,-0.52691066,-1.1583905,-0.47096732,-0.4709672,-1.2465245,-0.8758243,-1.153535,-0.7449772,-2.3773308,-2.505343,-2.22896,-2.2289567,-2.2661748,-1.7011657,-2.4709969,-2.0790687,-2.4426157,-2.390047,-2.5126667,-2.5126662,-2.4462693,-2.4357371,-2.490705,-2.4725106
Cc1cccc2c(C)cccc12,-4.678999999999999,-4.110336,-2.5652041,-2.4301047,-2.4301047,-2.4260263,-2.6444764,-2.4300623,-2.9195259,-4.3811626,-3.0493796,-4.043373,-4.0433726,-4.013716,-4.135174,-4.049964,-3.9339252,-4.329784,-2.5048494,-2.7078407,-2.7078407,-2.7238731,-2.6335871,-4.0291543,-3.7875574,-4.2802567,-4.166189,-4.684545,-4.684556,-4.3389435,-4.508128,-4.4787354,-4.2880187,-4.6779556,-4.429914,-4.4857116,-4.485713,-4.6142073,-4.7072716,-4.619531,-5.506367,-4.916178,-2.696677,-2.9186757,-2.9186752,-2.9582791,-2.898392,-2.7830431,-3.0120857,-4.4573483,-4.96358,-4.9115605,-4.9115605,-5.266135,-5.260845,-5.298456,-4.723342,-4.613083,-4.5058255,-4.5013566,-4.5013533,-4.4721174,-3.354771,-4.963871,-4.629393,-4.6320963,-4.1036024,-4.2665415,-4.2665415,-4.3115835,-4.2780886,-4.1982336,-4.6046205
CCOC(=O)CC(=O)OCC,-0.82,-0.8753928,-2.953023,-2.6601982,-2.6601985,-2.646348,-2.8958478,-2.6249406,-2.5462563,-0.5804956,-2.2175214,-0.85614324,-0.8561431,-0.82303345,-1.1560987,-0.7726556,-1.8587439,-0.91123205,-2.1764069,-2.113403,-2.113403,-2.124652,-2.0547695,-1.3008258,-1.4678167,-0.72737694,-0.73676234,-0.97934985,-0.97935474,-0.37352195,-1.2115074,-0.51709694,-0.7711365,-0.84263515,-3.1116626,-2.9722428,-2.9722426,-2.8876476,-3.0724256,-2.779172,-2.5212376,-1.1270559,-3.4006338,-3.571616,-3.5716162,-3.4104872,-3.4944286,-3.5325987,-4.10729,-1.6669495,-1.1464962,-1.6216396,-1.6216395,-1.825299,-1.8085362,-1.8118995,-1.5830752,-0.902677,-1.8155836,-1.4415145,-1.4415096,-1.5000587,-0.7651383,-1.4139042,-2.2192698,-0.85775965,-0.80559546,-0.8386157,-0.83861595,-0.82430106,-0.7946827,-0.7871629,-0.9441932
O=C(C=CC=Cc2ccc1OCOc1c2)N3CCCCC3,-3.46,-4.293731,-5.1990104,-5.0890794,-5.08908,-5.1074643,-5.6063447,-5.171763,-4.9641137,-3.7928288,-5.579041,-4.730431,-4.7304316,-4.7656746,-5.206056,-4.7278986,-4.3991117,-3.5498152,-4.9919114,-4.6654725,-4.6654725,-4.597464,-4.56848,-4.4410295,-4.710958,-3.5927227,-4.04125,-4.304428,-4.3044353,-3.8909636,-4.542745,-4.22918,-3.9037962,-3.5260522,-4.918661,-4.7514687,-4.7514696,-4.8018723,-5.0991964,-4.900456,-5.1061015,-4.0951824,-5.5488787,-4.8485866,-4.848587,-4.9735093,-4.747815,-5.0509562,-4.7116256,-3.4787955,-4.1419873,-4.545258,-4.5452576,-4.950571,-4.819684,-4.8660603,-4.3032503,-3.5846167,-5.8868394,-5.6613855,-5.661382,-5.6695585,-4.5366154,-5.420485,-5.554993,-3.397408,-3.458674,-3.587192,-3.5871918,-3.5185626,-3.4759855,-3.4999557,-3.4702995
ClCBr,-0.89,-0.79279286,-0.8641746,-0.30914882,-0.30914852,-0.32096893,-0.48288053,-0.36188522,-1.2499013,-0.86365205,-0.25643814,-1.155631,-1.1556313,-1.1526945,-1.2812364,-1.1285801,-0.36528233,-1.2216108,-1.3831173,-1.3598506,-1.3598505,-1.36302,-1.3654431,-2.2939525,-2.1368644,-0.91888607,-0.4808256,-0.8854578,-0.88546187,-0.31235218,-0.8578687,-0.46905416,-0.56178254,-1.2259673,-1.8023905,-1.9520814,-1.9520812,-1.935325,-2.0084846,-1.9985512,-1.2924991,-0.7468424,-1.1228925,-0.77916735,-0.7791672,-0.78149587,-0.83774275,-0.78832877,-1.7085401,-0.9656657,-1.2794542,-0.6877383,-0.6877386,-1.3139932,-0.82503134,-1.2437277,-1.0073656,-0.7519764,-1.3216671,-1.1924566,-1.1924579,-1.1959138,-1.0247494,-1.2035185,-0.92232084,-1.8847272,-1.4573543,-1.5351295,-1.5351294,-1.6698015,-1.7382395,-1.5811586,-2.446118
CCCCN(CC)c1c(cc(cc1N(=O)=O)C(F)(F)F)N(=O)=O,-5.53,-5.1166277,-4.8996415,-4.5789137,-4.5789137,-4.567459,-4.884311,-4.511373,-4.7698283,-5.5433025,-2.209487,-3.2935898,-3.29359,-3.2198973,-3.039368,-3.286249,-3.1011062,-5.6421466,-4.6006837,-4.1655445,-4.1655445,-4.1854277,-4.6935763,-5.173245,-5.2061124,-5.480316,-5.437762,-5.174086,-5.1740947,-4.759151,-5.679485,-5.0905633,-5.113657,-5.810287,-4.57336,-4.679675,-4.679675,-4.625269,-4.954528,-4.559689,-4.6969123,-4.0374327,-4.0571837,-4.355376,-4.3553762,-3.5163484,-4.290175,-3.2036905,-4.7111344,-3.7372863,-3.3649983,-3.786673,-3.7866728,-4.014738,-4.0611286,-3.977629,-4.370137,-5.430739,-4.6214614,-5.39113,-5.3911214,-5.454111,-3.3095021,-5.7476287,-5.48807,-5.3947325,-5.474407,-5.6609116,-5.660912,-5.5477443,-5.601991,-5.640013,-5.6185036
CC1(C)C(C=C(Br)Br)C1C(=O)OC(C#N)c2cccc(Oc3ccccc3)c2,-8.402000000000001,-6.9904623,-7.884764,-6.949534,-6.949533,-6.9465413,-7.2787447,-6.970945,-5.984158,-8.489475,-5.972053,-5.446793,-5.4467936,-5.422144,-5.798578,-5.4948335,-5.985737,-8.28971,-7.383323,-7.311186,-7.311186,-7.484081,-7.8745537,-8.48176,-8.503384,-8.047601,-6.5841446,-6.8929114,-6.89292,-6.87075,-6.9427814,-7.2458596,-7.105001,-8.231335,-6.6310616,-6.4319854,-6.431985,-6.405179,-6.5634384,-6.4364448,-6.119262,-6.4226904,-5.6993246,-5.3851347,-5.3851347,-5.09793,-5.711636,-5.2649527,-5.177393,-4.996851,-5.503107,-5.294993,-5.2949924,-5.7713614,-5.7355905,-5.7361126,-5.2347674,-8.124102,-7.170555,-7.116014,-7.116008,-7.252892,-7.0359964,-8.317539,-7.631293,-8.177423,-8.299243,-8.552489,-8.552489,-8.45672,-8.56428,-8.4793415,-8.392867
Clc1ccc(Cl)c(c1)c2cc(Cl)c(Cl)c(Cl)c2Cl,-7.68,-8.139434,-5.0747952,-4.948297,-4.948297,-4.94794,-5.235341,-4.955987,-6.249079,-8.068061,-7.9159393,-7.9679875,-7.967989,-7.8976803,-7.7392135,-8.001251,-7.796438,-7.583107,-6.435471,-6.775633,-6.7756333,-6.81728,-6.738367,-8.361619,-8.2146635,-7.7036433,-7.228752,-8.066644,-8.066652,-8.228564,-8.136048,-7.7130857,-7.948576,-7.89528,-4.0420732,-4.3317394,-4.33174,-4.371955,-4.47838,-4.492555,-7.063056,-8.189213,-3.2501726,-3.0539503,-3.05395,-3.1097097,-3.1041324,-3.174496,-3.4568872,-8.025397,-5.9514694,-7.595795,-7.5957947,-6.7970324,-8.322772,-6.829793,-8.022892,-7.650239,-9.050384,-8.542112,-8.542114,-8.567385,-7.360651,-8.918215,-8.5349865,-7.512022,-8.091365,-8.022944,-8.022945,-7.8746576,-7.8185253,-7.720833,-7.77319
ClC1C=CC2C1C3(Cl)C(=C(Cl)C2(Cl)C3(Cl)Cl)Cl,-6.317,-6.9212565,-4.022965,-4.489875,-4.4898753,-4.479208,-4.9240646,-4.4691286,-7.0095525,-6.327859,-5.726646,-5.7883487,-5.7883487,-5.7710457,-5.755916,-5.7644763,-6.2777,-6.247122,-6.4683585,-6.2381773,-6.2381773,-6.3951187,-6.4837394,-5.8682184,-6.321219,-6.2891326,-5.0381727,-5.9868603,-5.9868693,-6.0210805,-5.7331915,-5.7573376,-5.549138,-6.76064,-3.2104473,-3.4999113,-3.499911,-3.4739435,-3.8090193,-3.4550533,-4.673508,-6.575335,-2.5558972,-2.8422945,-2.8422942,-2.8976498,-2.8250349,-2.740046,-3.0885196,-6.5720468,-4.3934927,-5.9517007,-5.9517,-4.8681245,-6.256743,-4.9127812,-6.5090103,-6.18352,-6.380445,-6.301961,-6.301962,-6.335677,-5.506781,-6.4679313,-6.7351565,-6.314186,-6.332968,-6.4488153,-6.448815,-6.4872837,-6.598162,-6.4592023,-6.8016376
CN(=O)=O,0.26,0.65405965,-1.3170077,-0.65900034,-0.6590004,-0.638833,-0.6826883,-0.6260556,-0.6645745,0.60064465,0.2747966,0.34089214,0.34089202,0.33477148,0.1726479,0.33627847,0.0390149,0.122080915,-0.8647674,-0.7875916,-0.78759164,-0.7875977,-0.77610105,-0.4125286,-0.6767213,0.30942193,-0.20474249,-0.52032286,-0.5203264,0.034856968,-0.33414492,-0.16055255,-0.33431676,0.25376698,-1.6424088,-0.87585354,-0.8758535,-0.9107848,-0.9764187,-0.9294113,-0.47683045,0.5568835,-1.206339,-0.77800524,-0.7780052,-0.7800455,-0.8311485,-0.8533232,-0.5511503,0.27073145,-0.608011,0.8453781,0.84537834,-0.3877604,0.47950548,-0.28177142,0.20988446,0.34078845,-0.34508368,-0.1649188,-0.16491964,-0.21202934,0.03260838,0.1692663,-0.18810602,-0.7546004,-0.82307863,-0.6820554,-0.6820555,-0.8484275,-0.8381185,-0.8389356,-0.64661276
Oc1c(I)cc(C#N)cc1I,-3.61,-3.598105,-3.6469753,-3.7414796,-3.7414787,-3.7549016,-4.2537737,-3.7812574,-6.7830615,-3.6006017,-5.785871,-5.3382783,-5.3382792,-5.3172994,-5.3428407,-5.3153605,-4.3765993,-3.5197144,-4.9127407,-4.894755,-4.894753,-4.9264593,-5.2601495,-5.4868913,-5.0489016,-3.4678102,-0.65909714,-2.5362983,-2.5363045,-1.986924,-1.396617,-2.201144,-1.5075117,-3.7467577,-2.340489,-2.697679,-2.6976786,-2.6207983,-2.984808,-2.5735555,-3.7599926,-3.2768936,-3.0388584,-3.415508,-3.415508,-3.5419207,-3.387459,-3.4695427,-4.2747006,-2.3310013,-0.5790335,-1.228533,-1.2285336,-1.3706365,-1.5071033,-1.2829722,-1.2775807,-3.4716895,-4.3809085,-4.4921093,-4.4921083,-4.542998,-3.9379487,-4.4534893,-4.030006,-3.562539,-3.4287825,-3.5425527,-3.542554,-3.5470638,-3.5318258,-3.546003,-3.6039605
CCC1(C(=O)NC(=O)NC1=O)c2ccccc2 ,-2.322,-2.750892,-3.322646,-3.3501792,-3.3501792,-3.350788,-3.6858752,-3.292516,-3.9653172,-2.4784498,-2.505616,-2.1387327,-2.138733,-2.106183,-2.1580048,-2.1223092,-2.8174055,-2.4015963,-3.9184237,-3.6089647,-3.6089644,-3.6343255,-3.8704562,-2.945013,-2.697032,-2.3283591,-2.1121635,-2.3963082,-2.3963134,-1.992962,-2.4913518,-2.4014711,-1.877159,-2.518638,-3.1692147,-3.1820674,-3.182068,-3.1409154,-3.3250043,-3.0970743,-2.5045862,-2.8521678,-2.859842,-3.2830966,-3.2830958,-3.3197837,-3.2598803,-3.026401,-3.8517156,-2.5331073,-1.7892984,-2.218407,-2.2184067,-2.2940447,-2.4255996,-2.2290819,-2.4890983,-2.3493235,-2.9000847,-2.5009835,-2.5009787,-2.529746,-1.6237787,-2.6618135,-3.2257745,-2.2880237,-2.242343,-2.317847,-2.3178473,-2.305004,-2.377322,-2.38276,-2.3435192
Fc1ccccc1Br,-2.7,-1.9760796,-2.2029886,-1.9976877,-1.9976878,-2.003729,-2.2073302,-2.0185854,-1.9244727,-2.266018,-1.8618569,-1.7631981,-1.7631987,-1.7715496,-1.709058,-1.7575948,-1.8355471,-2.728769,-1.5797899,-1.6313376,-1.6313378,-1.6371619,-1.5785549,-2.1998613,-2.0608015,-2.1534724,-1.665303,-2.2273374,-2.2273424,-1.664133,-2.317114,-1.8259625,-1.6612806,-2.8966768,-1.7030557,-1.6144093,-1.6144091,-1.5534005,-1.6912723,-1.541262,-1.887359,-2.5059924,-2.245848,-2.3388941,-2.3388941,-2.4015033,-2.3339145,-2.4321287,-2.5283794,-1.8630306,-1.5701805,-0.8474996,-0.84749955,-1.8467879,-1.076876,-1.7648606,-1.3695513,-2.70202,-2.2876391,-2.1584735,-2.1584718,-2.1787958,-1.867088,-2.0658638,-2.118971,-2.4422834,-3.0863435,-3.034079,-3.0340793,-2.7761142,-2.683338,-2.8966775,-2.8149042
CCCCCCCCOC(=O)c1ccccc1C(=O)OCCCCCCCC ,-5.115,-5.650125,-7.9802623,-7.034292,-7.0342927,-7.0170636,-7.4425,-6.9239507,-5.9275274,-6.141436,-5.2201133,-6.7590585,-6.759059,-6.648778,-7.068314,-6.7232027,-7.535731,-5.3096623,-7.21435,-7.642561,-7.642561,-7.8202033,-8.11884,-7.587074,-6.786819,-5.849145,-7.088277,-6.996778,-6.9967833,-6.296367,-7.6511736,-7.0196137,-6.940291,-5.975427,-8.597095,-7.9471836,-7.947183,-7.749877,-8.05024,-7.082264,-6.532424,-5.745564,-7.2297335,-7.047738,-7.047738,-6.195835,-7.8428965,-7.528811,-6.270675,-5.7390094,-6.938969,-6.5269523,-6.526952,-6.751989,-6.8941813,-6.4994144,-6.6823273,-5.6186876,-7.628143,-7.984894,-7.984891,-8.000353,-6.2684183,-8.529168,-7.089912,-5.359586,-8.811455,-9.11258,-9.11258,-8.716609,-9.726227,-8.652213,-5.3678927
CNC(=O)Oc1cc(C)cc(C)c1,-2.5810000000000004,-2.5157716,-3.137517,-2.9624386,-2.9624388,-2.9707048,-3.2719512,-3.010351,-3.252446,-2.1902273,-2.2929025,-1.8675925,-1.8675932,-1.8536801,-2.0014887,-1.8743476,-2.1241426,-2.561881,-2.9375706,-2.9269798,-2.9269793,-2.9377167,-2.9060733,-3.1163323,-3.0435436,-2.510945,-1.7305038,-2.3254828,-2.3254893,-2.1151872,-2.4615746,-2.1048484,-2.0677068,-2.6035318,-2.7547781,-2.5657706,-2.5657706,-2.5907261,-2.7086017,-2.5694697,-2.2923923,-2.2570634,-3.3121452,-2.953836,-2.953836,-2.9915066,-3.0604584,-3.1628144,-2.8688672,-2.979356,-2.7515082,-2.7213206,-2.7213206,-3.0720487,-2.7673492,-3.011433,-2.8560565,-2.581361,-2.1946216,-1.9831855,-1.9831805,-2.025269,-1.2910422,-2.0176344,-2.4910073,-2.604581,-2.649891,-2.6725035,-2.6725047,-2.5977094,-2.6496508,-2.650613,-2.6631346
Cc2cnc1cncnc1n2,-0.8540000000000001,-1.4021904,-2.324071,-2.1220329,-2.1220329,-2.1293247,-2.357703,-2.152258,-2.3272316,-0.35440126,-1.8645039,-1.4795414,-1.4795419,-1.4600818,-1.6598713,-1.4808577,-1.9073484,-0.8240678,-1.6152358,-1.6549432,-1.6549432,-1.6616812,-1.5704225,-1.6011153,-1.6603599,-0.5865355,-0.8355562,-1.3653158,-1.3653198,-0.9631282,-1.4488897,-1.0832471,-0.77617216,-0.5700977,-2.0376234,-2.0191154,-2.0191157,-2.068403,-2.019403,-2.1122618,-1.819239,-0.7140005,-2.6275733,-2.653088,-2.6530879,-2.6858656,-2.6931002,-2.6579401,-2.8569067,-0.93976295,-2.0761232,-1.7135521,-1.7135521,-2.2473235,-1.9157488,-2.1753814,-1.7381788,-0.5321391,-2.4951332,-2.2118382,-2.2118347,-2.2041187,-1.412656,-2.286729,-2.0302176,-0.78852564,-0.81389797,-0.85981685,-0.85981727,-0.8569619,-0.91100395,-0.88528144,-0.76493275
NC(=N)NS(=O)(=O)c1ccc(N)cc1 ,-1.99,-1.9877402,-3.2701957,-2.8516521,-2.851652,-2.8507648,-3.0805135,-2.8564591,-2.7312515,-2.104401,-2.095425,-1.3742741,-1.3742747,-1.3487563,-1.4324987,-1.3971478,-1.8445766,-1.737339,-3.0811744,-2.8132179,-2.8132179,-2.8269453,-2.8442488,-0.9100453,-0.85608464,-2.1054971,-1.4748422,-1.7652178,-1.7652222,-1.4836662,-2.2739635,-1.257235,-1.49583,-2.305687,-3.0962188,-3.077811,-3.0778112,-3.1133578,-3.1764238,-3.148304,-2.7132497,-2.1888433,-3.591946,-4.1428065,-4.1428065,-4.248209,-4.0403476,-3.9597342,-5.1257505,-1.5803746,-2.1650624,-2.404585,-2.4045844,-2.576962,-2.4731796,-2.4731472,-2.4816668,-1.9195759,-2.7298152,-2.4646146,-2.464608,-2.5085583,-1.5742328,-2.804838,-2.4560282,-2.0155165,-2.000091,-2.0082953,-2.0082955,-1.9733515,-1.9590522,-2.1044912,-2.085406
CC=C(C)C,-2.56,-2.3118021,-1.766347,-1.1552671,-1.1552674,-1.1484611,-1.1950885,-1.1567212,-1.0839016,-2.8816276,-1.1668335,-0.87646294,-0.8764626,-0.8800561,-0.9983407,-0.8597648,-1.5112143,-1.794668,-1.3004993,-1.3485683,-1.3485682,-1.3516521,-1.3228824,-1.4159718,-1.4380562,-2.4499817,-1.0555888,-1.470123,-1.4701282,-1.1309019,-1.5096047,-1.1615973,-1.1894864,-2.5570388,-1.5752945,-1.5816424,-1.5816425,-1.5442696,-1.6074289,-1.5443223,-0.74812037,-1.2941698,-1.6626661,-1.4804001,-1.4804003,-1.4768481,-1.4801754,-1.4621904,-1.1004351,-2.4763503,-2.9370856,-1.8879057,-1.8879056,-2.597114,-2.3557775,-2.6190255,-2.286688,-2.4777994,-1.7667232,-1.6226153,-1.6226135,-1.6450195,-1.047086,-1.7301594,-2.0205667,-2.5803287,-1.9478883,-1.9176517,-1.917652,-1.930729,-1.9030347,-1.9167854,-1.8669101
c1ccc2ncccc2c1,-1.3,-1.4867251,-2.1993442,-2.0167937,-2.016794,-2.0210588,-2.2172513,-2.0334694,-1.9407154,-1.5079,-2.6366777,-2.460809,-2.460809,-2.4539447,-2.5189898,-2.4582427,-2.5722263,-1.5232824,-1.6793752,-1.8336636,-1.8336638,-1.840075,-1.7329512,-2.1519184,-1.9542551,-1.5147458,-2.529044,-2.9352431,-2.9352531,-2.5596306,-3.120653,-2.586182,-2.1090634,-1.147718,-1.7751247,-1.9594902,-1.9594903,-1.9538485,-1.9721341,-1.9631343,-1.7562575,-1.4051136,-2.3064556,-2.358914,-2.3589137,-2.3829703,-2.37015,-2.3063698,-2.1622665,-1.5387791,-2.491325,-1.2334678,-1.2334676,-2.4965227,-1.5373842,-2.4055812,-1.6145608,-1.5682539,-3.0701952,-3.0819552,-3.081956,-3.0871687,-2.6742659,-2.895864,-2.9764087,-1.4000582,-1.2642448,-1.3773315,-1.377331,-1.2952712,-1.377857,-1.3344994,-1.2773317
COCC(=O)N(C(C)C(=O)OC)c1c(C)cccc1C ,-1.601,-2.7655141,-4.141331,-3.8855422,-3.8855424,-3.8701887,-4.232333,-3.764944,-3.8789387,-1.5595078,-2.6878364,-2.3229358,-2.3229358,-2.2690613,-2.5102105,-2.2822995,-2.6438203,-2.0065377,-3.7814908,-3.3070076,-3.3070076,-3.3232307,-3.6785862,-2.5700347,-2.3788126,-1.8901598,-1.8401959,-2.3082871,-2.308293,-2.0170355,-2.5692754,-2.104562,-2.0159388,-2.2689629,-4.230282,-4.23179,-4.2317905,-4.158924,-4.4728117,-4.09135,-2.802791,-3.03731,-3.4581423,-3.9958208,-3.9958215,-4.0541263,-3.9580364,-3.8667245,-4.571836,-2.9526513,-2.8318172,-3.0588384,-3.0588381,-3.4169233,-3.295889,-3.3731186,-3.1499102,-2.0611327,-2.9259682,-2.9604867,-2.9604783,-2.9915214,-1.9371828,-3.1008883,-3.7106702,-1.9910644,-3.9721901,-4.164825,-4.1648254,-4.25912,-4.159729,-3.7917116,-5.4826493
Fc1cccc(F)c1,-2.0,-0.69376606,-2.1054082,-1.8926631,-1.8926629,-1.8939778,-2.0503552,-1.9022934,-1.5915658,-1.7668039,-0.23763736,-0.56872576,-0.5687261,-0.5778215,-0.6294245,-0.5554446,-0.4032907,-1.2662946,-1.2202063,-1.2880936,-1.2880934,-1.291151,-1.2363703,-1.1629595,-1.1864611,-1.9031677,-1.1119586,-1.6649506,-1.6649556,-1.159062,-1.73659,-1.3283273,-1.0330669,-2.058254,-2.6641681,-1.6905693,-1.6905692,-1.648602,-2.2621665,-1.5532672,-1.7908227,-1.6088284,-2.195203,-2.369215,-2.3692153,-2.4335437,-2.3389025,-2.4020069,-2.107925,-1.7625406,-1.4867688,-0.93742615,-0.93742526,-1.5942439,-1.3306683,-1.4986827,-1.1162686,-1.8965076,-1.1142647,-0.8840418,-0.88403994,-0.89995265,-0.8177105,-1.0161434,-0.9544687,-2.0139349,-2.8051448,-2.884421,-2.884421,-2.6881807,-2.595867,-2.9062247,-2.6807923
C=CC=C,-1.87,-1.8917754,-1.2695192,-1.0664856,-1.0664859,-1.0878953,-1.2938284,-1.0887715,-0.40512034,-1.4072897,-0.5773271,0.36484292,0.36484325,0.35887012,0.17310831,0.37823698,-0.7059562,-1.5873013,-0.89152765,-0.80840206,-0.80840206,-0.808676,-0.7198888,0.16344845,0.032792248,-1.3967646,-0.23821226,-0.6755453,-0.6755517,-0.23165467,-0.5178063,-0.2955963,-0.451833,-1.8671151,-3.3265283,-1.8904393,-1.8904389,-2.2292387,-2.1700737,-2.3514857,-1.4294021,-1.4475918,-1.8552579,-1.6518382,-1.6518382,-1.6627358,-1.6269187,-1.6393305,-0.7299237,-1.561081,-2.9247594,-1.9582288,-1.9582279,-2.962572,-1.9999316,-2.9805467,-2.2524216,-1.8150477,-0.4896075,-0.5632308,-0.5632301,-0.5567919,-0.33296567,-0.50409895,-1.0662069,-1.8162118,-2.103158,-2.1227825,-2.1227822,-2.008172,-2.1120455,-1.9561656,-2.0832465
Nc3cc2c1ccccc1ccc2c4ccccc34 ,-6.2,-6.022005,-3.5052195,-3.556744,-3.556744,-3.5694518,-4.0144405,-3.6045592,-5.491908,-6.1225834,-5.123391,-5.3702273,-5.370227,-5.30306,-5.762267,-5.38651,-5.4962053,-6.1861196,-4.4692407,-4.6597595,-4.659759,-4.6497526,-4.609755,-5.978749,-5.675494,-5.7792597,-5.3012843,-6.1708956,-6.170905,-6.2123637,-6.1309886,-5.88583,-5.5365896,-6.087634,-2.9575756,-2.8823128,-2.8823125,-2.8960087,-3.0521216,-2.866147,-3.2086258,-5.7826695,-3.8616104,-4.146343,-4.1463428,-4.240532,-4.0896735,-4.0673375,-4.5494013,-4.450217,-4.2491055,-3.7968678,-3.796868,-4.3526525,-4.1009216,-4.1992946,-3.8121455,-6.203967,-4.6414986,-4.410227,-4.4102206,-4.4387054,-3.1571972,-4.759091,-4.214713,-5.9428706,-5.7956834,-6.183484,-6.1834846,-6.1645885,-6.6834245,-6.06904,-6.326343
c1(O)c(C)ccc(C(C)C)c1,-2.08,-2.0256815,-2.51888,-2.1907544,-2.1907547,-2.1955676,-2.4032364,-2.2217157,-2.6190057,-1.9283911,-2.4732769,-2.3750274,-2.3750265,-2.3420627,-2.5105474,-2.3876445,-2.9509203,-2.0865862,-2.655714,-2.690891,-2.6908913,-2.7069392,-2.6325848,-2.700023,-2.713637,-2.4256198,-2.2067015,-2.57801,-2.5780168,-2.1970785,-2.6311462,-2.3055346,-2.145894,-2.0534294,-2.5551891,-2.970952,-2.9709513,-2.9965482,-2.97276,-3.03489,-2.1958325,-2.184703,-2.6187427,-2.2016854,-2.2016857,-2.2197971,-2.289896,-2.355648,-2.15988,-2.2758074,-2.3256903,-2.217908,-2.2179086,-3.0955868,-2.5563092,-2.991558,-2.202345,-2.3300579,-2.0279489,-1.8662575,-1.8662524,-1.9191592,-1.0651934,-1.9358602,-2.3303473,-2.1564784,-1.9394096,-1.9038243,-1.903824,-1.9382693,-1.9606767,-1.9866407,-1.826505
CCc1ccccc1,-2.77,-1.8934007,-2.151586,-1.621562,-1.6215618,-1.6243464,-1.7483308,-1.646577,-1.4818166,-2.6939592,-2.052414,-2.2554705,-2.2554705,-2.2385585,-2.2272477,-2.2548058,-2.2353437,-2.5257337,-1.7900087,-1.9393185,-1.9393184,-1.9450159,-1.8765172,-2.5271275,-2.3659675,-2.6253092,-2.0649514,-2.33988,-2.339887,-2.0631423,-2.608514,-2.0814595,-1.8536981,-2.8745494,-2.435398,-2.2397075,-2.2397075,-2.3377602,-2.3159735,-2.3884401,-2.7222228,-1.5153888,-2.210809,-2.2220728,-2.222073,-2.239528,-2.2128398,-2.1692655,-1.8175359,-3.0577698,-4.071929,-3.5294323,-3.529432,-4.0929,-4.060624,-4.114523,-3.530111,-2.4795153,-2.4621594,-2.3157356,-2.3157315,-2.3618212,-1.7056885,-2.1785288,-2.2456741,-2.726704,-2.549976,-2.7270157,-2.7270153,-2.7715428,-2.7211204,-2.7510102,-2.5949745
N#Cc1ccccc1,-1.0,-1.4805007,-2.0590024,-1.8460602,-1.84606,-1.8559712,-2.0591815,-1.8725426,-1.6717697,-0.9651735,-1.6124344,-1.4185716,-1.4185716,-1.4259112,-1.3670934,-1.4048797,-1.6998821,-0.7582601,-1.4052927,-1.4890642,-1.4890639,-1.4923688,-1.4169513,-1.6152856,-1.6849536,-1.3159121,-1.4947149,-2.0989761,-2.0989835,-1.5464109,-2.0482495,-1.6999278,-1.473773,-1.0725485,-2.1493187,-2.067059,-2.0670593,-2.084213,-2.3410068,-2.1666963,-1.5607064,-0.8829043,-2.143616,-1.5808673,-1.5808674,-1.6158977,-1.6767236,-1.7881762,-1.9232157,-2.0817,-1.574783,-1.4824796,-1.4824793,-1.6794541,-1.8110522,-1.5883148,-1.5711051,-0.92878705,-0.7850601,-0.93348813,-0.933487,-0.9685246,-0.6902168,-1.0382283,-1.0504465,-1.0126113,-1.6480925,-1.7910686,-1.7910687,-1.7969818,-1.8356748,-1.7951556,-1.2585671
NC(=O)CCl ,-0.02,0.25401384,-1.6233441,-1.1107053,-1.1107053,-1.1152662,-1.2171168,-1.1355151,-1.2029301,0.1395823,-0.27276057,0.3520752,0.35207555,0.34300113,0.11111791,0.35613462,-0.30140293,0.041863807,-1.0174168,-0.9910214,-0.99102145,-0.9909289,-0.9397535,-0.42611697,-0.656054,0.40465832,-0.3568045,-0.656451,-0.656457,-0.12034423,-0.68119246,-0.24830648,-0.4470755,0.062353034,-1.5928334,-1.1051714,-1.1051713,-1.1369606,-1.0206257,-1.1247193,-0.8833006,-0.019007027,-1.4831756,-1.3234721,-1.3234719,-1.3322903,-1.2694399,-1.2795069,-1.0402566,0.22457653,-0.13202068,0.3980368,0.39803717,-0.00847627,0.21828645,0.050265603,0.04384313,0.09148515,-0.44687623,-0.7674012,-0.7673988,-0.7778721,-0.35527125,-0.83751667,-0.31305006,-0.05969876,0.06446785,-0.047952536,-0.047952455,0.10218474,-0.13071515,0.73182195,0.0579531
Nc1ccccc1Cl,-1.52,-1.2328149,-2.1822844,-2.0179498,-2.01795,-2.017539,-2.1894083,-2.024069,-1.7680084,-1.6199958,-1.7348312,-1.1494356,-1.1494352,-1.1613061,-1.2929192,-1.1344129,-1.5906035,-0.99104285,-1.6349821,-1.7204252,-1.7204251,-1.7252767,-1.6783897,-1.5423934,-1.257168,-1.598717,-1.8198122,-2.1449113,-2.1449196,-1.7989054,-2.3961499,-1.7175748,-1.7436724,-1.7365671,-1.673405,-1.7320974,-1.7320974,-1.679677,-1.7822815,-1.657337,-1.1539251,-1.9932287,-2.135359,-2.1795108,-2.179511,-2.2084239,-2.139693,-2.0970085,-1.4244184,-0.76766974,-0.7397466,-0.47101104,-0.47101063,-0.9621273,-0.69855684,-0.88535684,-0.7252825,-1.5634935,-1.9503773,-1.874865,-1.8748645,-1.8781749,-1.5892932,-1.790456,-1.7908902,-1.495559,-2.4742703,-2.7001565,-2.700156,-2.5941436,-2.5332854,-2.5813591,-2.0033967
Oc1ccc(Cl)cc1C(=O)Nc2ccc(cc2Cl)N(=O)=O,-4.7,-4.9056025,-5.0608916,-4.8977294,-4.897729,-4.91265,-5.3279514,-4.9711823,-5.4158244,-4.8897176,-3.529777,-4.6561627,-4.6561627,-4.5820913,-5.250294,-4.6687427,-4.2079606,-4.778079,-5.2654557,-5.0146313,-5.0146313,-5.0233965,-5.1984935,-4.6986194,-4.2620087,-4.5682077,-4.5602984,-5.0755205,-5.0755286,-4.724954,-5.259467,-4.6105537,-4.376484,-4.976361,-4.252381,-4.242017,-4.242017,-4.2640233,-4.5702868,-4.230306,-5.555261,-3.9921808,-4.502285,-4.2725754,-4.272575,-4.375607,-4.2587886,-4.372086,-4.2855563,-3.223443,-2.8630614,-3.6900523,-3.6900518,-3.5918262,-3.7093437,-3.4940555,-3.6083684,-4.572383,-4.076125,-4.483516,-4.48351,-4.6199417,-3.341574,-5.178642,-4.327335,-4.6493735,-4.7346888,-4.8439393,-4.8439393,-4.699287,-4.8948503,-4.8007574,-4.7995234
NS(=O)(=O)c2cc1c(NCNS1(=O)=O)cc2Cl ,-2.63,-3.439138,-3.8095613,-3.6336098,-3.6336102,-3.6353564,-3.9587321,-3.6545918,-4.542379,-2.935441,-3.4083676,-3.656388,-3.6563878,-3.6361382,-3.467936,-3.7645285,-4.0898104,-2.6521,-4.665982,-4.4582143,-4.4582143,-4.5015516,-4.485128,-3.8606653,-3.517496,-2.5778859,-3.6144965,-4.1266584,-4.1266665,-3.7961984,-4.202979,-3.195632,-3.1483562,-3.0060885,-3.0051365,-2.8740916,-2.8740919,-2.8886592,-3.0251749,-2.838072,-2.949613,-2.5470686,-3.107449,-2.9317243,-2.9317243,-2.757749,-2.9494104,-2.9155984,-3.0113778,-2.6388588,-3.2605133,-3.2509077,-3.250908,-3.5572948,-3.392845,-3.4453835,-3.6073668,-2.61732,-4.416228,-4.2469997,-4.246994,-4.2649665,-3.142293,-4.617619,-4.1676702,-2.6168141,-2.494106,-2.7509272,-2.7509272,-2.7031753,-2.7249699,-2.4002316,-2.6374083
CN(C)C(=O)Nc2ccc(Oc1ccc(Cl)cc1)cc2,-4.89,-4.6775084,-5.0617943,-4.939952,-4.9399524,-4.9586997,-5.4329357,-5.0309553,-4.7198257,-4.955331,-5.465703,-4.304638,-4.3046384,-4.3284426,-4.848327,-4.274604,-4.3222523,-4.9200983,-5.222251,-4.948137,-4.948137,-4.8533907,-4.827474,-4.9947658,-5.0634046,-4.780081,-4.9195857,-4.8628697,-4.862877,-5.2358747,-5.44529,-4.7183547,-4.769445,-4.2345085,-4.4682364,-4.381328,-4.381328,-4.4473863,-4.668718,-4.551266,-5.1944604,-4.944316,-5.2982893,-4.913089,-4.9130883,-5.041177,-4.8676095,-5.061335,-4.5420876,-4.3315196,-5.585145,-4.7753634,-4.7753634,-5.6667194,-5.0174417,-5.4749303,-5.070382,-4.7960787,-4.8105826,-4.686076,-4.686073,-4.6610723,-3.5184186,-4.765407,-5.345965,-4.824892,-4.8213234,-4.9466467,-4.946647,-4.8564787,-5.0061626,-4.9857593,-4.9149437
CCc1cccc2ccccc12,-4.17,-4.338109,-2.680225,-2.373901,-2.3739011,-2.3630304,-2.5420618,-2.3545501,-2.6409686,-4.415764,-3.2128465,-4.0958905,-4.0958915,-4.055378,-4.1615834,-4.111916,-3.9115493,-4.299165,-2.622273,-2.7748563,-2.7748563,-2.787222,-2.6964269,-3.9798079,-3.851935,-4.0601897,-4.0579863,-4.311084,-4.311094,-4.0881944,-4.397143,-4.141499,-3.8745134,-3.8285222,-2.1745777,-2.058024,-2.0580244,-2.0052226,-2.1361237,-1.9414743,-1.6432222,-4.005518,-2.5896914,-2.8380783,-2.8380775,-2.8649068,-2.837248,-2.7024422,-3.096634,-3.9510312,-5.6598535,-4.010894,-4.0108943,-5.7726607,-4.7111106,-5.768354,-4.1050487,-4.2493567,-4.1561007,-3.9682682,-3.9682653,-4.0115576,-2.9114828,-4.4559674,-3.7363722,-4.215887,-3.7774203,-3.8714385,-3.8714387,-3.9082432,-3.8678625,-3.8759663,-4.0008707
CC(C)NC(=O)N1CC(=O)N(C1=O)c2cc(Cl)cc(Cl)c2,-4.376,-4.8499904,-5.251449,-4.998812,-4.9988117,-5.0079684,-5.396208,-5.0621343,-5.271908,-4.609065,-4.720222,-3.5843108,-3.5843093,-3.6318734,-4.058768,-3.5264518,-2.7895555,-4.531573,-5.3095994,-5.1009827,-5.1009827,-5.0712657,-5.3418164,-4.6197653,-4.6037846,-4.3988028,-3.91088,-4.080997,-4.081003,-3.9118586,-4.598368,-3.544265,-3.3230102,-4.719577,-4.6569996,-4.778491,-4.7784905,-4.802412,-5.0650244,-4.8813386,-5.715888,-4.6717954,-4.723048,-4.3187885,-4.3187885,-4.3924475,-4.243656,-4.4542007,-4.260541,-4.0648885,-4.015684,-3.5310216,-3.5310214,-4.037661,-3.6950927,-4.0028567,-4.2123137,-4.327826,-4.5242543,-4.4016294,-4.401624,-4.43225,-3.3080375,-4.446154,-5.5952997,-4.1840415,-4.961376,-4.547021,-4.5470204,-4.3105183,-4.1010127,-4.1509686,-6.247257
Nc1cc[nH]c(=O)n1 ,-1.155,-0.39615244,-2.0620422,-1.8365825,-1.8365825,-1.8365952,-1.9755191,-1.8432388,-1.4311925,-0.70809865,-0.6169642,0.016195236,0.016195383,0.0054600034,-0.20025314,0.022763645,-0.576759,-0.68574184,-1.1534563,-1.1244417,-1.1244416,-1.1256694,-1.0445948,-0.032461546,-0.20062752,-0.78601104,-0.36197335,-0.9221959,-0.9222012,-0.3602332,-0.81772137,-0.53499204,-0.5239509,-1.4701622,-1.5888859,-1.4389112,-1.4389111,-1.4088056,-1.515527,-1.4163594,-0.6711342,-0.8433505,-2.0003564,-1.8295051,-1.8295052,-1.845434,-1.8409559,-1.8790907,-1.4104891,-0.6368667,-1.1204873,-0.32508197,-0.3250819,-1.2485864,-0.6571365,-1.1415675,-0.861297,-1.0689049,-0.56589836,-0.5099676,-0.5099664,-0.5319829,-0.2851294,-0.51204664,-0.6850242,-1.0568216,0.75537205,0.83154875,0.8315487,0.7629616,1.0980141,1.032886,0.038564757
Cc1cccc2c1ccc3ccccc32,-5.85,-4.013566,-2.8570485,-2.8452888,-2.8452883,-2.8536572,-3.1993532,-2.8785641,-4.109891,-5.6653614,-4.461991,-5.1768565,-5.1768575,-5.1151075,-5.428055,-5.20349,-5.198246,-5.8293905,-3.5042467,-3.6543617,-3.6543617,-3.6739233,-3.5632873,-5.420346,-5.008036,-5.4437423,-5.0217752,-5.7015557,-5.7015657,-5.5628,-5.5695224,-5.4464383,-5.330501,-5.7294703,-2.5199833,-3.160204,-3.1602032,-3.159563,-3.1356227,-3.1570313,-5.4432416,-4.1715136,-3.1973188,-3.4088862,-3.408886,-3.4649453,-3.4047866,-3.3400252,-3.9395776,-5.9167614,-6.4836173,-5.2575355,-5.2575355,-6.958217,-6.190973,-6.902828,-5.38229,-5.9833403,-5.3520637,-4.945134,-4.945132,-4.973669,-3.8594112,-5.696132,-4.9886346,-5.6791477,-5.6405296,-5.9597197,-5.959719,-5.970244,-5.97248,-5.9138455,-5.876828
COP(=O)(OC)OC(=CCl)c1cc(Cl)c(Cl)cc1Cl,-4.522,-5.721901,-5.0398016,-4.8288097,-4.8288107,-4.818788,-5.1453056,-4.682301,-5.665801,-4.5500135,-4.193439,-4.885361,-4.885361,-4.7302284,-5.1052604,-4.390568,-4.830414,-4.570887,-5.7235684,-5.330103,-5.3301024,-5.4477925,-5.5805373,-4.8930564,-5.0324345,-4.310599,-4.4614115,-5.2791715,-5.2791805,-5.2520723,-5.0253744,-4.6748743,-4.6842847,-4.8361816,-4.2345614,-4.266938,-4.2669377,-4.201559,-4.4446125,-4.1006694,-4.603025,-3.9581552,-3.8046534,-4.245078,-4.2450776,-4.183346,-4.188812,-4.255895,-4.807397,-3.4762766,-3.0089312,-2.9897356,-2.9897354,-3.7760978,-3.3555217,-3.8217542,-3.0518003,-4.4542146,-5.178661,-5.4146175,-5.4146137,-5.4428997,-3.8766336,-5.634661,-5.965854,-4.5777583,-5.0348463,-5.486836,-5.4868374,-5.5651784,-5.4947004,-5.591145,-5.2644253
Cc1c(C)c(C)c(C)c(C)c1C,-5.23,-5.5316715,-2.8916342,-2.6116729,-2.611673,-2.5961251,-2.7863698,-2.5735233,-2.7675512,-5.186732,-2.5369763,-3.5900111,-3.5900118,-3.5751479,-3.873863,-3.5959218,-3.3336062,-5.2272778,-3.5751548,-3.4984927,-3.4984932,-3.523329,-3.5477328,-4.2430983,-3.862355,-4.960678,-3.0665941,-4.4511523,-4.451159,-3.9605749,-4.3021655,-4.7086234,-4.021106,-5.3301606,-4.906017,-5.43978,-5.43978,-5.375061,-5.7859397,-5.246157,-6.615155,-5.1733727,-2.628038,-2.8467057,-2.846706,-2.8904557,-2.8644981,-2.7098439,-3.1686842,-5.281587,-4.814089,-5.157266,-5.157266,-4.997831,-5.8955145,-5.1010046,-4.823899,-5.3832407,-4.4550414,-4.657692,-4.657687,-4.667034,-3.2995043,-5.408739,-5.0919876,-4.2517323,-4.124329,-4.003347,-4.003346,-3.9544742,-3.9698799,-3.9160612,-4.0870743
CCC(C)(C)O,0.15,-0.44059938,-1.7941101,-1.7482555,-1.7482554,-1.7546896,-2.0720434,-1.7027813,-1.2268741,0.18659358,-1.1379546,-1.1728623,-1.1728622,-1.171606,-1.280367,-1.1656525,-1.5801033,-0.001824973,-1.440936,-1.5472493,-1.5472494,-1.5519795,-1.4566451,-1.3498077,-1.3817374,0.044788018,-1.0471848,-0.97098094,-0.9709865,-0.35602778,-1.4010402,-0.41733116,-1.0153801,0.13322084,-1.7179346,-1.5566596,-1.5566597,-1.5553706,-1.6529404,-1.6795565,-1.6094333,-0.7685819,-1.6330088,-1.4757142,-1.4757143,-1.4759319,-1.4636743,-1.460661,-1.1179019,-0.24431492,-0.9965941,0.17542604,0.17542653,-1.1301337,-0.20538646,-1.0732328,-0.6186395,0.2486864,-0.78648275,-0.73562485,-0.73562086,-0.7588996,-0.26881835,-0.6920676,-1.0063082,0.17053118,0.7292694,0.6753003,0.67530006,0.42148447,0.5244673,0.45059198,0.343547
CCC(CC)C=O,-1.52,-1.6713097,-1.9765273,-1.3417751,-1.3417751,-1.3307433,-1.5035774,-1.3009511,-1.7064378,-0.9390194,-1.386252,-1.1872207,-1.1872205,-1.1893828,-1.2924429,-1.1789904,-1.7583755,-1.0387814,-1.6027502,-1.6540896,-1.6540895,-1.6618853,-1.6234688,-1.7379034,-1.6823996,-1.1538393,-1.3698437,-1.7296997,-1.729706,-1.2363764,-1.9073373,-1.6095906,-1.5400933,-1.5493635,-2.1405258,-1.8306167,-1.8306168,-1.70439,-1.9379958,-1.4439977,-1.3251482,-1.2281258,-2.0099173,-2.0700011,-2.070001,-2.0922825,-2.0247164,-1.9986463,-1.5826572,-0.8135177,-1.2417294,-0.42382562,-0.42382535,-1.1887975,-0.87619907,-1.1227819,-0.8957027,-1.2552774,-1.6189553,-1.3529549,-1.352951,-1.4099712,-0.91977346,-1.492277,-1.8802016,-1.4862455,-1.4617504,-1.4931614,-1.4931614,-1.5659795,-1.5235517,-1.6330309,-1.3565403
Cc3nnc4CN=C(c1ccccc1Cl)c2cc(Cl)ccc2n34,-4.09,-4.347414,-5.409289,-4.992758,-4.9927573,-4.974895,-5.2878437,-4.9132686,-4.2438827,-4.2567096,-5.1952605,-5.3072867,-5.3072886,-5.2471,-5.6846495,-5.266008,-5.0538926,-4.311505,-5.6080384,-5.479554,-5.4795547,-5.488447,-5.607333,-5.920059,-5.740209,-3.776737,-5.6802893,-5.4093804,-5.4093885,-5.660756,-5.9767666,-4.972012,-4.4141026,-4.5104513,-4.616784,-4.656186,-4.6561866,-4.614947,-4.778174,-4.67425,-4.0150256,-3.741017,-3.4927146,-3.5801973,-3.5801969,-3.6036997,-3.5899816,-3.6718528,-3.8164308,-3.7571092,-3.8786907,-3.8492434,-3.8492434,-4.153795,-4.400196,-4.094604,-4.074773,-3.9675672,-6.0561843,-5.692652,-5.6926494,-5.7390156,-4.2425427,-5.7094436,-5.6846895,-3.996169,-4.079796,-4.2245607,-4.2245603,-4.1173882,-4.2342176,-4.110392,-4.172835
FC(F)(Cl)C(F)(Cl)Cl,-3.04,-3.0153325,-1.7927433,-1.6787572,-1.6787572,-1.6664354,-2.0922174,-1.6979922,-2.3860495,-2.9591415,-2.0115552,-2.330675,-2.3306756,-2.3330777,-2.349167,-2.324496,-2.9092197,-2.8625703,-1.5741106,-1.5589861,-1.5589861,-1.5788388,-1.7786561,-1.1359074,-1.1237199,-2.8980632,-1.7630914,-2.4437003,-2.4437087,-1.800465,-2.3598416,-2.1699746,-1.5759201,-2.993409,-1.8568684,-1.2929842,-1.2929842,-1.2845006,-1.3966223,-1.4179418,-1.0918847,-2.6041503,-1.3997979,-1.2082466,-1.2082464,-1.2132654,-1.2277945,-1.1781654,-1.597812,-2.7975392,-1.130433,-2.1763136,-2.1763132,-2.385126,-2.22943,-2.2609184,-2.4462523,-2.891353,-2.521018,-2.56978,-2.569779,-2.5887606,-2.1503346,-2.6509173,-2.5909555,-2.8716917,-2.2508566,-2.4165242,-2.4165235,-2.5747216,-2.652281,-2.4698691,-2.582138
Oc1ccc2ccccc2c1,-2.28,-2.292224,-2.3620954,-2.2611785,-2.2611785,-2.2709131,-2.5469902,-2.2915003,-2.5946825,-1.9513538,-2.7363372,-2.6407163,-2.6407156,-2.6267266,-2.6712635,-2.6435788,-3.0119724,-2.2299347,-2.0152473,-2.165699,-2.165699,-2.1761847,-2.0437288,-2.2553725,-2.158814,-2.3271062,-2.6578422,-3.1616037,-3.1616113,-2.833646,-3.2862706,-2.7726827,-2.396325,-2.2719843,-1.893735,-2.0297518,-2.0297518,-2.0261753,-2.1103587,-2.0206175,-2.4487936,-2.5842948,-2.5391989,-2.6543915,-2.6543913,-2.6872735,-2.6666224,-2.6056206,-2.7590811,-2.099597,-1.3640882,-1.696202,-1.6962019,-2.3112292,-2.0607452,-2.2088625,-1.7987297,-2.2708204,-2.9720073,-2.8703346,-2.8703337,-2.9079213,-2.4593472,-2.7309852,-2.75095,-2.2497275,-2.2579632,-2.3788342,-2.3788338,-2.2999313,-2.2766001,-2.3480906,-2.3236477
CCOCCOCC,-0.77,-1.6352879,-2.5099316,-2.2346902,-2.2346904,-2.2255893,-2.5566754,-2.1977775,-2.143422,-0.5701372,-2.0517302,-1.6894233,-1.6894232,-1.6854862,-1.9946456,-1.6668922,-1.9080695,-0.70084494,-1.6756347,-1.6024154,-1.6024154,-1.6097872,-1.4606571,-0.6487635,-0.8394875,-0.5599872,-0.43117774,-0.6587374,-0.65874153,-0.2879648,-0.7905645,-0.30411553,-0.5046002,-1.1514374,-2.6983676,-2.4838881,-2.483888,-2.2445154,-2.5628488,-2.0946932,-2.1080585,-1.0010525,-3.173597,-3.363495,-3.363495,-3.3053994,-3.3462331,-3.319183,-3.9443853,-2.1480002,-1.3650407,-1.4419693,-1.4419694,-1.4887943,-1.6469487,-1.4518615,-1.5112677,-0.67632574,-2.63697,-2.3753388,-2.375335,-2.4528666,-1.5201786,-2.4282815,-2.7487962,-0.75229734,-0.7696917,-0.7013799,-0.70137984,-0.7858356,-0.72037256,-0.755034,-0.65621346
CN(C)C(=O)Nc1ccc(C)c(Cl)c1,-3.483,-2.988185,-3.484376,-3.3307047,-3.3307047,-3.3412266,-3.6876469,-3.3890014,-3.4957566,-3.6043906,-3.118053,-1.7080257,-1.708026,-1.6434473,-2.2376487,-1.7417711,-2.4114375,-3.2556198,-3.49679,-3.3638341,-3.3638346,-3.368998,-3.3337173,-3.3937042,-2.9962332,-2.8954272,-2.5674376,-2.9785252,-2.978532,-2.83535,-3.1761,-2.749936,-2.6649234,-3.454064,-3.114077,-3.0284135,-3.0284133,-3.099463,-3.2202647,-3.1487527,-3.0982945,-3.5893817,-3.6810114,-3.4277685,-3.427769,-3.475441,-3.484358,-3.5029652,-3.4671478,-2.740812,-3.5108223,-2.8672113,-2.8672106,-3.756744,-3.3721106,-3.7046227,-3.0725806,-3.2354262,-2.9540784,-2.7714539,-2.771449,-2.8208792,-2.0148716,-3.021307,-3.2196634,-3.4721973,-2.4942727,-2.4579473,-2.4579468,-2.396292,-2.2634723,-2.1852999,-2.4261043
ClC1CC2C(C1Cl)C3(Cl)C(=C(Cl)C2(Cl)C3(Cl)Cl)Cl,-6.86,-7.3309865,-4.545235,-4.8673697,-4.8673697,-4.8542566,-5.237829,-4.762759,-7.441345,-6.8144855,-6.4194403,-6.27534,-6.2753396,-6.257518,-6.113704,-6.23608,-6.627391,-6.698186,-7.2483892,-7.2744775,-7.2744775,-7.3400903,-7.2179313,-7.276049,-7.045381,-6.7562637,-6.754196,-6.9180017,-6.918011,-6.602841,-7.001605,-6.6381927,-6.941202,-7.2745633,-3.4561617,-3.7685058,-3.7685056,-3.750631,-4.059203,-3.765475,-5.1418386,-6.5080914,-2.5810335,-2.6665199,-2.6665199,-2.555891,-2.664801,-2.6437907,-3.211164,-7.196695,-4.3147936,-6.7371087,-6.7371087,-4.8437233,-7.207424,-4.8391314,-6.9863935,-6.7254868,-7.395984,-7.0657225,-7.065724,-7.098772,-6.115697,-7.1807656,-7.190255,-6.7658486,-6.67937,-6.9563017,-6.956301,-6.9672213,-6.8662357,-6.856086,-6.887214
CNC(=O)Oc1cccc2CC(C)(C)Oc12,-2.8,-1.59388,-3.5354822,-3.2203836,-3.2203836,-3.2096484,-3.4724326,-3.2066166,-3.4208672,-2.6617548,-2.8757372,-2.100526,-2.1005256,-2.1030402,-2.3897653,-2.1009588,-2.438406,-2.774902,-3.5247338,-3.4055123,-3.4055126,-3.4113038,-3.3863277,-3.5227048,-3.0935292,-2.7131417,-2.3940938,-2.655745,-2.655753,-2.4517639,-2.9579823,-2.4602747,-2.1811695,-2.55605,-3.2834778,-3.1166573,-3.116657,-3.1020846,-3.2369125,-3.0327456,-2.4822724,-2.105401,-3.6472876,-2.976719,-2.9767191,-2.9975154,-2.9106195,-3.0256243,-2.7244105,-2.938315,-3.0110235,-2.7723954,-2.7723954,-3.630775,-3.0942848,-3.5762165,-2.9483247,-2.7910037,-3.3569365,-2.9461071,-2.9461029,-3.0018408,-2.155235,-2.8718562,-3.294742,-2.8299456,-2.8040235,-2.9217594,-2.921759,-2.8484416,-2.851674,-2.8659363,-2.8684475
CC2Cc1ccccc1N2NC(=O)c3ccc(Cl)c(c3)S(N)(=O)=O ,-3.5860000000000003,-4.83599,-5.6341505,-5.273746,-5.273746,-5.279794,-5.6412163,-5.2812047,-5.4085813,-4.103235,-4.596571,-4.3947253,-4.3947253,-4.4238806,-4.8467603,-4.2921143,-3.8978996,-3.8330886,-5.022775,-4.8275156,-4.827515,-4.702216,-5.034103,-4.536924,-4.3186197,-3.4807174,-5.428175,-5.162578,-5.1625853,-5.127238,-5.8809404,-4.958422,-4.7158365,-3.8355246,-5.345486,-5.10643,-5.1064305,-5.1058755,-5.253335,-5.0605445,-4.309024,-4.327962,-4.5197077,-4.1653333,-4.1653333,-4.077916,-4.140157,-4.1390686,-4.0497494,-3.967992,-4.34958,-4.4236236,-4.423624,-5.0103025,-4.869375,-5.017868,-4.934716,-3.7928846,-5.19717,-4.787223,-4.787218,-4.8242435,-3.6687913,-4.67814,-4.9485097,-3.5502706,-3.6121154,-3.70004,-3.7000394,-3.6323342,-3.6418436,-3.7492006,-3.632878
CCCCO,0.0,-0.4971485,-1.58715,-1.0966953,-1.0966951,-1.0769411,-1.3232307,-1.024124,-1.4722348,0.46467692,-0.80601865,-0.40268108,-0.4026809,-0.39944124,-0.52949613,-0.3954409,-1.0799053,0.12970425,-1.1174849,-1.1023662,-1.1023663,-1.1048734,-0.99602914,-0.14309777,-0.20355463,0.12538728,-0.8848916,-0.8269203,-0.8269263,-0.49435508,-1.1719393,-0.52986723,-0.88823885,0.027242403,-1.668679,-1.3221867,-1.3221868,-1.342771,-1.3291649,-1.2407898,-1.25944,-0.3567211,-1.9270278,-1.8515836,-1.8515835,-1.8404086,-1.8131403,-1.7502981,-1.2329224,-0.128832,-0.7092267,0.36409017,0.36409053,-0.880882,0.00094098505,-0.82572,-0.4315664,0.071865015,-0.25727832,-0.22276188,-0.2227588,-0.22693077,0.21524456,-0.24683201,-0.5508031,-0.054408178,0.059321374,-0.13488512,-0.13488515,-0.21742174,-0.12773433,-0.010540171,-0.054345306
O=c1[nH]cnc2[nH]ncc12 ,-2.266,-1.5611044,-2.1930408,-2.058418,-2.058418,-2.0561335,-2.228231,-2.0603802,-1.727626,-2.021486,-0.9088718,-0.6438476,-0.64384747,-0.65851104,-0.76059574,-0.63069415,-0.8764196,-2.083657,-1.49992,-1.4122308,-1.4122311,-1.4154396,-1.4594054,-0.75855905,-0.9496177,-2.2685285,-0.44282717,-1.4275594,-1.4275649,-0.78473425,-1.128292,-1.1337332,-0.67497337,-2.3314688,-1.6375743,-1.5690819,-1.5690817,-1.5178716,-1.5959854,-1.5136384,-0.9005514,-1.3711814,-2.0283492,-2.0638058,-2.0638058,-2.0904663,-2.0620816,-2.010045,-1.6369768,-2.4055262,-1.4674042,-0.8882866,-0.8882869,-1.5218962,-0.97851264,-1.4424746,-1.0938314,-2.0533855,-0.797091,-0.76568186,-0.76568013,-0.7790797,-0.5247024,-0.7160998,-0.9125198,-2.0651202,-2.2168827,-2.3654616,-2.365461,-2.2683218,-2.2695093,-2.321239,-2.3390596
Ic1ccccc1,-3.01,-1.8656571,-2.0298448,-1.8820349,-1.882035,-1.9018189,-2.18578,-1.9236676,-1.6938496,-2.8521538,-3.2448795,-3.217973,-3.2179747,-3.2067163,-3.0831501,-3.210484,-3.3757176,-2.9855828,-1.9811783,-2.0438151,-2.0438151,-2.052219,-2.0588093,-3.2546773,-2.9483366,-2.7201574,-1.0810153,-1.7778186,-1.7778252,-1.2931168,-1.6487609,-1.4257725,-1.1004492,-3.0416145,-2.449799,-2.948607,-2.9486067,-2.953592,-2.6783054,-3.0203123,-3.1602767,-2.568857,-2.2419403,-2.2033575,-2.2033575,-2.2610793,-2.2206354,-2.3354566,-2.5376878,-3.355523,-3.1644216,-3.1433983,-3.143398,-3.1320546,-3.2771175,-3.1584377,-3.1663053,-3.0171819,-4.089893,-3.9089568,-3.9089575,-3.932233,-3.510973,-3.74486,-3.7787783,-2.5699208,-2.6819248,-2.735348,-2.735348,-2.6875095,-2.5924418,-2.7083032,-2.5060458
Oc1cccc(Cl)c1Cl,-1.3,-1.7809358,-2.419455,-2.415649,-2.415649,-2.41282,-2.6506393,-2.415426,-2.3541028,-1.7572407,-2.0234888,-2.004585,-2.0045843,-2.0171435,-2.0111067,-1.992056,-2.0868242,-1.316049,-1.8961267,-1.9656478,-1.965648,-1.9741838,-1.9905635,-2.1116872,-1.7749578,-1.7799324,-2.3020837,-2.6900752,-2.690082,-2.335125,-2.857555,-2.2217345,-2.1440487,-1.3049855,-1.8789507,-2.228166,-2.228166,-2.145439,-2.3235464,-2.1073203,-1.9686047,-1.1139034,-2.3198757,-2.5213652,-2.5213654,-2.477241,-2.5351362,-2.2722669,-2.415927,-1.8135608,-0.2984123,-0.9588043,-0.9588048,-1.0429921,-1.2153442,-0.9689195,-0.99619997,-1.4200377,-1.7876146,-1.9103814,-1.91038,-1.9218906,-1.5038933,-2.0229378,-1.4121035,-1.3599688,-1.5600152,-1.5795466,-1.5795465,-1.5410447,-1.5784788,-1.6323869,-1.6860683
Clc1ccc(cc1)c2cc(Cl)ccc2Cl ,-6.25,-5.837069,-3.944532,-3.6949525,-3.6949527,-3.698455,-4.016368,-3.7395797,-4.1463056,-6.3219852,-6.039367,-5.715561,-5.7155614,-5.661646,-5.6397796,-5.6931205,-5.852013,-6.189681,-4.312018,-4.417114,-4.4171143,-4.444421,-4.3912234,-6.5641236,-6.484997,-6.169108,-4.901205,-5.372841,-5.372852,-5.3956037,-5.411378,-5.1397877,-5.2574673,-6.4471235,-3.1068206,-3.2011666,-3.2011664,-3.2512457,-3.321458,-3.291511,-4.5049033,-6.468787,-3.4687817,-3.7003527,-3.700353,-3.800808,-3.6595423,-3.6728737,-4.549371,-6.32561,-5.5549536,-6.175581,-6.1755815,-6.1217036,-6.676383,-6.068414,-6.5285482,-6.164678,-7.0583744,-6.4672613,-6.4672623,-6.4991894,-5.403264,-6.576844,-7.527261,-6.1126122,-5.25124,-5.6125026,-5.6125026,-5.3858624,-5.178604,-5.371894,-6.1133914
CCOP(=S)(OCC)N2C(=O)c1ccccc1C2=O,-3.35,-3.8879974,-4.3527055,-4.168813,-4.1688137,-4.1723394,-4.4313836,-4.192077,-4.355712,-3.4676147,-3.1979198,-3.3818295,-3.3818293,-3.3027146,-3.337734,-3.420456,-3.3259835,-3.5678782,-4.47953,-4.1090713,-4.1090713,-4.104511,-4.2881713,-3.3795567,-3.0567825,-3.2567222,-3.723332,-4.0603557,-4.0603633,-3.6663895,-4.3313274,-3.715648,-3.7595818,-3.672869,-4.165849,-3.9752746,-3.9752746,-3.9505963,-4.084691,-3.91647,-3.120035,-3.285666,-4.060717,-4.6062965,-4.606296,-4.720191,-4.5278287,-4.4543805,-4.690772,-3.7610352,-3.4834356,-3.5796762,-3.5796764,-3.7438347,-3.9702466,-3.6967514,-4.0184894,-3.3884826,-3.6437798,-3.6229131,-3.622908,-3.662756,-2.5487103,-3.9747994,-4.358807,-3.288727,-3.3860707,-3.4569387,-3.4569387,-3.4321654,-3.3455322,-3.461937,-3.4313335
CCCCCBr,-3.08,-2.7857778,-1.9676206,-1.5515965,-1.5515965,-1.5589277,-1.8351332,-1.5689641,-2.144637,-2.98029,-2.1138835,-2.4550955,-2.4550965,-2.4477606,-2.2964687,-2.4689772,-1.9814428,-2.8749974,-1.9751854,-2.0475023,-2.0475025,-2.0594647,-1.9148818,-3.6798015,-3.3935623,-3.0437753,-1.9332832,-2.308074,-2.3080816,-1.8632625,-2.4351485,-2.0436635,-1.9599365,-3.0917733,-2.1028957,-1.9657182,-1.9657185,-2.017341,-1.8671459,-1.9844134,-2.3487608,-3.093305,-2.1584165,-2.123178,-2.123178,-2.0676575,-2.1238308,-2.000562,-1.8051196,-3.283826,-2.953062,-3.109135,-3.1091347,-2.9043832,-3.744515,-2.9097848,-3.262379,-3.0821776,-3.459951,-3.1040158,-3.104014,-3.2005239,-2.43255,-3.322045,-3.3577065,-3.07388,-3.0568638,-3.1663115,-3.1663117,-3.1117163,-3.1847918,-3.106062,-3.0785103
c1ccc2ccccc2c1,-3.6,-1.5142261,-2.214777,-2.0407672,-2.0407674,-2.0449033,-2.2447505,-2.0572445,-1.9909406,-3.1981046,-2.8958972,-3.0348718,-3.0348713,-3.0233529,-3.073499,-3.0340645,-2.9462233,-3.4582937,-1.8217907,-2.013186,-2.0131857,-2.0208218,-1.8995026,-2.6247976,-2.3287015,-3.2831674,-3.2154648,-3.724274,-3.7242806,-3.4015703,-3.7909229,-3.4265254,-2.9203892,-3.6129696,-3.88342,-3.315186,-3.3151853,-3.496534,-3.535531,-3.5409966,-3.8728354,-3.7648277,-2.3624957,-2.4799817,-2.4799814,-2.5084915,-2.4603493,-2.382025,-2.1685984,-3.7119105,-4.838846,-4.1149516,-4.114951,-4.9996896,-3.9433398,-5.0513897,-3.9143019,-3.692952,-3.5951614,-3.6359568,-3.6359572,-3.629747,-3.1617906,-3.4939547,-3.7749643,-4.110451,-3.1911826,-3.3516438,-3.3516436,-3.4215596,-3.4163601,-3.3258235,-3.5988626
c2ccc1[nH]nnc1c2,-0.78,-0.97533005,-2.0596828,-1.8139267,-1.8139269,-1.8162254,-1.962348,-1.8253978,-1.4669966,-0.29905805,-1.4130071,-0.9298537,-0.9298534,-0.9422928,-1.0397301,-0.9115877,-1.2670633,-0.8668909,-1.5551219,-1.5957187,-1.5957186,-1.5989834,-1.5360616,-1.5245445,-1.6345612,-0.5653006,-1.5170897,-2.2042394,-2.2042468,-1.597046,-2.240436,-1.8371438,-1.497501,-0.9978047,-1.5526365,-1.3832109,-1.3832108,-1.3404044,-1.4506279,-1.333295,-0.89550084,-0.38197812,-2.022488,-1.9926654,-1.9926654,-2.016243,-1.9797739,-1.9635572,-1.4100059,-2.178589,-1.4247035,-1.1979873,-1.1979873,-1.8803837,-1.4092158,-1.7967222,-1.4859568,-0.7321888,-1.294892,-1.319131,-1.3191298,-1.327004,-1.0625664,-1.1680504,-1.3411224,-0.8263676,-0.8054886,-0.8273205,-0.8273208,-0.7380417,-0.7752244,-0.78311795,-0.844476
CC12CCC(=O)C=C1CCC3C2CCC4(C)C3CCC4(O)C#C ,-5.66,-4.343897,-4.342449,-4.011192,-4.011192,-4.02162,-4.3780694,-4.0225177,-4.3949633,-4.963483,-4.3219237,-4.339258,-4.3392587,-4.267583,-4.7756863,-4.3747206,-4.530471,-4.7621026,-3.601534,-3.897555,-3.8975554,-3.8715348,-3.856269,-5.171598,-4.4014897,-4.711525,-4.739112,-4.7015157,-4.7015214,-4.398235,-4.983388,-4.7660127,-4.5724993,-4.325005,-4.1867614,-4.110899,-4.1108994,-4.130316,-4.241579,-4.186272,-3.524282,-4.0866165,-4.34235,-4.491495,-4.491495,-3.9548774,-4.343345,-3.3883395,-4.8856153,-4.192487,-3.917232,-4.278451,-4.278451,-4.3524613,-4.586958,-4.2536807,-4.514515,-5.176713,-5.1696815,-5.0436645,-5.0436583,-5.0846367,-3.518847,-5.1725235,-5.093846,-5.2824535,-4.804167,-4.7983522,-4.7983527,-4.729815,-4.6440086,-4.206344,-4.0088816
COC(C)(C)C,-0.24,-0.54736906,-1.7177283,-1.7297479,-1.7297477,-1.735519,-2.1532764,-1.6894337,-1.2308933,-0.08060878,-1.2311184,-1.1634964,-1.1634961,-1.1644735,-1.2934649,-1.1496884,-1.7137626,-0.13221434,-1.4416915,-1.4957342,-1.4957345,-1.5003785,-1.4197692,-1.2016755,-1.3019655,-0.4906462,-0.8282015,-1.0004538,-1.0004584,-0.72921026,-1.2224177,-0.7342669,-0.98690414,0.10743089,-1.6567187,-1.4236751,-1.4236753,-1.4246608,-1.5414416,-1.3818804,-1.4729859,-0.5111669,-1.5114049,-1.3104488,-1.310449,-1.3033346,-1.3363177,-1.3062948,-1.3555403,-0.6133469,-0.5170896,-0.07751905,-0.07751872,-0.47955257,-0.6613458,-0.4286165,-0.45576173,-0.52064323,-1.7559937,-1.704182,-1.704178,-1.7366209,-1.1319852,-1.6914089,-1.9114035,-0.22106284,-1.8820016,-2.2167757,-2.2167757,-2.2828887,-2.3810723,-2.187873,-2.1227207
CC(OC(=O)Nc1cccc(Cl)c1)C#C,-2.617,-3.1722872,-3.678642,-3.673824,-3.6738245,-3.6857517,-4.123069,-3.7249072,-4.4563413,-2.830154,-3.0598464,-3.1368926,-3.1368928,-3.0852559,-3.4372396,-3.1797345,-3.1289742,-2.8688967,-3.4191265,-3.2770665,-3.2770665,-3.2865973,-3.218319,-3.5055983,-3.3892841,-2.4713655,-2.0809853,-2.7594872,-2.7594948,-2.4902925,-2.7678201,-2.3876615,-2.2908456,-2.8327878,-3.3105152,-3.189798,-3.1897979,-3.2210534,-3.377909,-3.1935387,-3.0940342,-2.978115,-4.0018964,-3.9128978,-3.9128983,-3.9586399,-3.9080982,-3.9499626,-4.1813474,-4.1711392,-2.7573133,-3.1739001,-3.1739,-3.167202,-3.215938,-3.127392,-3.6037703,-2.6477022,-3.1555226,-3.0625055,-3.0625007,-2.9941783,-2.0694146,-3.271207,-3.3640022,-2.67004,-2.6186714,-2.6817725,-2.681772,-2.608413,-2.6256735,-2.6761284,-2.67269
NS(=O)(=O)c2cc1c(N=CNS1(=O)=O)cc2Cl ,-3.05,-2.916911,-3.7708392,-3.6471257,-3.647126,-3.6507423,-3.9870958,-3.6729188,-4.7818856,-3.0427747,-3.6320076,-3.956609,-3.9566095,-3.9344482,-3.893217,-4.0730524,-4.439422,-3.0733848,-4.6245346,-4.384223,-4.3842225,-4.4341383,-4.4957137,-4.0074778,-3.546456,-2.9883657,-3.5761807,-4.352529,-4.352537,-4.097053,-4.311263,-3.4153461,-3.4455974,-3.3360407,-2.9921184,-3.0673075,-3.0673075,-3.0455332,-3.1604936,-3.1179614,-3.5151896,-2.4353416,-3.1996067,-3.4194608,-3.4194608,-3.209012,-3.442869,-3.341509,-3.8840828,-3.3658547,-5.7850637,-4.237719,-4.2377195,-6.296468,-4.7908993,-6.130854,-5.413752,-2.9101362,-4.7260714,-4.624011,-4.6240053,-4.546059,-3.4988542,-4.9152083,-4.1577606,-2.9832041,-2.4458957,-2.7785165,-2.778517,-2.688935,-2.9337735,-2.3092217,-4.821597
CC#C,-0.41,-0.68748474,-0.14111438,0.0688175,0.06881733,0.045961075,-0.35067654,0.036819935,0.55863345,-0.18346621,0.21666542,0.6433107,0.64331055,0.63838404,0.6631072,0.65199727,-0.06145646,-0.19507824,-0.81834674,-0.712468,-0.712468,-0.71144676,-0.6962038,-0.17385699,-0.35820886,-0.19587281,-0.23574153,-0.32545677,-0.3254617,0.18457158,-0.33740643,0.11614438,-0.3210128,-0.6345513,-1.5756075,-1.1601418,-1.1601416,-1.2765234,-1.1065714,-1.4009029,-0.44862625,-0.4563032,-1.4364406,-0.5077075,-0.5077074,-0.5115816,-0.68523705,-0.6517767,-0.5363789,-1.4859067,-1.4383711,-0.7916418,-0.7916412,-1.7525841,-0.792565,-1.6736606,-1.3871201,-0.14305653,0.09942042,0.16437535,0.1643761,0.17374396,0.51454204,0.23460975,-0.010595059,-0.4065794,-0.94301766,-0.60682863,-0.60682863,-0.39269602,-0.34748745,-0.43215358,-0.58150864
COP(=O)(OC)OC(Br)C(Cl)(Cl)Br,-2.28,-2.2917974,-3.998374,-3.8856337,-3.8856342,-3.8783102,-4.169692,-3.85103,-4.7075233,-2.3708851,-3.571145,-2.6929977,-2.692998,-2.6479428,-2.6803834,-2.6468184,-2.1852615,-2.1636899,-5.261805,-4.084097,-4.0840964,-4.1898146,-4.91174,-2.7512333,-2.550518,-2.1957886,-1.5221232,-2.673746,-2.6737535,-2.0493488,-2.628528,-2.271731,-1.8634095,-2.519291,-3.1018136,-3.1125746,-3.1125746,-3.086133,-3.1684663,-2.9622889,-3.8900878,-1.7587135,-2.8908587,-3.2177198,-3.2177193,-3.22467,-3.2311995,-3.038553,-3.7294443,-2.2142572,-1.9496306,-2.3462353,-2.3462355,-2.8224094,-2.7169123,-2.7763598,-2.4082887,-2.136866,-3.5812383,-3.382076,-3.3820703,-3.4337184,-2.4977999,-3.4591641,-3.9950583,-2.376795,-2.4104636,-2.3823385,-2.3823385,-2.2943661,-2.252814,-2.3465075,-2.3675992
Oc1cc(Cl)cc(Cl)c1,-1.34,-2.3187666,-2.607389,-2.6175482,-2.6175485,-2.6179595,-2.8980267,-2.624146,-3.218976,-1.5681863,-1.8922085,-2.348398,-2.3483977,-2.358804,-2.2229493,-2.3345115,-2.2101145,-1.5315325,-2.0665493,-2.1229136,-2.1229134,-2.129665,-2.1041813,-2.5717645,-1.985264,-1.4665923,-2.2954526,-2.9260948,-2.926102,-2.5084383,-2.8905208,-2.425877,-2.1967084,-1.434827,-1.964154,-2.4282131,-2.428213,-2.346422,-2.5355284,-2.3121545,-2.2378724,-0.6855711,-2.681837,-2.994978,-2.9949777,-3.1047993,-2.9785802,-3.0587404,-3.224395,-1.7447784,-0.2778175,-0.7309766,-0.73097783,-1.007647,-1.0380924,-0.9276277,-0.8822809,-1.3678546,-2.1590674,-2.0851834,-2.0851824,-2.1051426,-1.7012804,-2.1713939,-1.7291641,-1.4130572,-1.2543663,-1.3378553,-1.337855,-1.322533,-1.3800555,-1.3510345,-1.4536855
Oc1ccc(cc1)c2ccccc2,-3.48,-3.5431802,-2.9453194,-2.8255343,-2.8255343,-2.841913,-3.19353,-2.8900015,-2.8122938,-3.4149504,-3.5890584,-3.3634999,-3.3635015,-3.3178399,-3.4326203,-3.3906772,-3.6272335,-3.4102786,-3.107935,-3.1410744,-3.1410751,-3.164135,-3.1241195,-3.8146412,-3.5915985,-3.1075928,-2.458304,-2.8188872,-2.8188925,-2.716692,-3.1942434,-2.5678716,-2.566368,-3.4441702,-2.4217768,-2.273759,-2.2737584,-2.338277,-2.42079,-2.3444657,-2.8068755,-3.9660535,-3.265855,-3.078911,-3.0789104,-3.137183,-3.1089861,-3.2010162,-3.4220054,-2.845689,-2.3734975,-3.1885176,-3.1885188,-3.4538746,-3.7190473,-3.3305879,-3.1993928,-3.5536315,-3.9060125,-3.582158,-3.5821555,-3.627159,-2.7914934,-3.5612953,-3.8593202,-3.5357943,-3.4550219,-3.5944374,-3.5944366,-3.5469942,-3.543886,-3.555096,-3.504903
C(c1ccccc1)c2ccccc2,-4.08,-3.8940003,-2.931769,-2.5536692,-2.5536687,-2.5653946,-2.8392556,-2.588712,-2.635797,-4.1412373,-3.8483756,-4.183197,-4.1831965,-4.1233444,-4.2412534,-4.1743994,-3.9714339,-4.089973,-3.282006,-3.2157152,-3.215716,-3.223489,-3.2140036,-3.8261254,-3.5188136,-3.8784394,-3.0807343,-3.7495174,-3.7495246,-3.5594292,-3.8912156,-3.3679488,-3.1447787,-4.0392675,-4.996414,-3.9062147,-3.9062147,-4.2400813,-3.9351275,-4.3748355,-2.9881377,-2.970016,-3.9687772,-4.4307528,-4.4307528,-4.6500893,-4.2395477,-4.524796,-4.1682515,-4.756074,-4.9838686,-4.749044,-4.749043,-5.3701377,-5.332742,-5.343944,-4.7897053,-4.056294,-4.6974425,-4.4884024,-4.4884,-4.513785,-3.2801335,-4.601957,-4.3751726,-4.5675516,-4.325774,-4.4431205,-4.443122,-4.4928675,-4.5143347,-4.4868355,-4.3422594
CCCC/C=C/C,-3.82,-2.3466146,-2.2773836,-2.0127869,-2.012787,-2.0133271,-2.3249712,-1.9714899,-2.1169775,-3.5737507,-1.7779031,-2.423967,-2.4239666,-2.4059956,-2.355398,-2.4005847,-2.1955142,-3.6404192,-1.9153229,-1.9920805,-1.9920802,-2.003552,-1.9232413,-2.7465603,-2.5713356,-3.5439255,-1.9534096,-2.6648831,-2.6648915,-2.3781962,-2.5933502,-2.672159,-2.1323647,-3.0000098,-2.1766,-2.0309849,-2.030985,-2.0945117,-2.1110623,-2.076572,-1.7925636,-3.0733695,-3.248102,-3.02935,-3.0293505,-2.5391583,-3.016955,-2.5637364,-3.3906903,-3.9456975,-4.9462967,-4.078451,-4.0784507,-5.457904,-4.3344283,-5.5188584,-4.1255226,-3.6988826,-3.175371,-3.0940697,-3.0940657,-3.1759717,-2.1321893,-3.428412,-3.1220012,-3.7975926,-3.5671954,-3.6235337,-3.6235337,-3.5425417,-3.5468304,-3.743597,-3.3277905
Oc2ncc1nccnc1n2,-1.947,-1.918867,-2.302588,-2.1750278,-2.175028,-2.1850815,-2.4486022,-2.205437,-2.384861,-1.7165982,-1.6572357,-1.2384968,-1.2384964,-1.2295119,-1.2639318,-1.2390307,-1.3894188,-1.5824227,-1.4857877,-1.476864,-1.4768641,-1.4808187,-1.3916781,-0.7646008,-0.90542907,-1.8953156,-0.3870648,-1.0739177,-1.0739207,-0.6991291,-0.9952029,-0.9212818,-0.44573134,-1.8660944,-1.8498434,-1.9574265,-1.9574267,-1.9967717,-2.0401542,-2.0331068,-1.6938378,-1.6916459,-2.4239476,-2.023195,-2.023195,-2.0243728,-2.107544,-2.1230571,-2.1427157,-1.1034224,-0.6041024,-1.4837195,-1.4837197,-1.3053498,-1.5377021,-1.2224722,-1.3912406,-1.9140694,-1.2151235,-1.1958201,-1.1958183,-1.2484183,-0.9115496,-1.0958856,-1.2009033,-1.9378755,-1.899179,-1.9880618,-1.9880605,-1.9573519,-1.9521793,-1.9885584,-2.0180442
Brc1cc(Br)c(Br)cc1Br,-6.98,-6.447236,-3.8573642,-3.9547317,-3.9547317,-3.9682465,-4.4873033,-3.9896572,-7.415875,-7.023409,-5.9435463,-6.3736906,-6.37369,-6.3462634,-6.2369804,-6.353399,-6.7399464,-6.8042855,-3.4291706,-3.1592987,-3.1592994,-3.1759858,-3.2090807,-5.3560967,-6.1279144,-6.819822,-4.481971,-6.7436767,-6.7436876,-5.944217,-5.6547165,-6.270032,-5.848742,-7.092088,-4.6595864,-4.7552147,-4.755214,-4.8798656,-4.8021283,-4.9356246,-7.3499665,-6.1732655,-2.7878845,-3.2012815,-3.201282,-3.3125963,-3.1998346,-3.222101,-3.9151866,-5.9338026,-2.4397874,-4.467204,-4.467203,-2.6752963,-5.406619,-2.671746,-4.2947745,-6.919987,-6.8606496,-6.816189,-6.8161917,-6.8222256,-6.2211547,-7.0853305,-6.797198,-5.6330104,-5.5352793,-5.6434803,-5.6434793,-5.6342864,-5.5852985,-5.64103,-5.6697836
CC12CC(O)C3C(CCC4=CC(=O)CCC34C)C2CCC1C(=O)CO,-3.24,-4.2778387,-4.8472195,-4.471044,-4.471044,-4.479364,-4.83391,-4.4933476,-4.611791,-4.06708,-4.1881876,-3.716366,-3.7163658,-3.6531434,-4.130075,-3.742832,-3.9985964,-3.2786615,-2.8808808,-3.1479375,-3.1479378,-3.1006324,-3.1362207,-4.2133355,-3.8921003,-3.7187188,-3.7324162,-4.0119314,-4.011936,-3.053535,-4.2921667,-3.2977862,-3.8561354,-3.3905857,-4.4095316,-4.349943,-4.3499436,-4.365863,-4.513612,-4.4156055,-4.0653543,-3.8632681,-4.880959,-4.9249554,-4.9249554,-4.9885597,-4.7344995,-4.279873,-5.022635,-3.7104707,-3.5277967,-4.2284627,-4.2284617,-4.180371,-4.113696,-4.095574,-4.503295,-3.3784385,-4.7238693,-4.4896994,-4.489692,-4.4926815,-3.1563773,-4.6101446,-4.634057,-3.2189698,-3.3217797,-3.3401568,-3.3401566,-3.349958,-3.3761327,-3.3872676,-3.283722
Nc2cccc3nc1ccccc1cc23 ,-4.22,-4.3386226,-2.859038,-2.892324,-2.8923247,-2.9043703,-3.289754,-2.9330316,-4.2173767,-3.8176227,-4.0109215,-3.99855,-3.9985495,-3.961979,-4.159024,-4.027652,-4.2002864,-4.19496,-3.182183,-3.269393,-3.2693937,-3.2820396,-3.1567452,-3.95776,-3.770159,-3.8807156,-3.9224873,-4.237098,-4.237107,-4.1635094,-4.511188,-3.9673865,-3.7456462,-4.2655735,-2.4263859,-2.2889624,-2.288962,-2.3229578,-2.4164255,-2.2932205,-2.5582452,-3.8911054,-3.408603,-2.7793171,-2.7793167,-2.8615823,-2.7465823,-3.0452092,-2.6311996,-3.1103988,-2.668717,-2.5975547,-2.597555,-2.9245262,-2.8576293,-2.809673,-2.6356933,-4.235742,-3.742711,-3.5388982,-3.538894,-3.6081686,-2.4689555,-3.8942204,-3.0637631,-4.0174565,-4.178191,-4.337374,-4.337373,-4.209732,-4.2987137,-4.264475,-4.289779
Oc2ccc1ncccc1c2 ,-2.16,-2.1921852,-2.347438,-2.2407265,-2.2407267,-2.2506537,-2.5246775,-2.2713325,-2.5444314,-1.9810481,-2.4763694,-2.0941544,-2.0941546,-2.0835474,-2.1452277,-2.0980122,-2.537164,-2.2538793,-1.8726964,-1.9911361,-1.9911361,-1.9997537,-1.8812263,-1.805828,-1.7576519,-2.2213287,-2.1196578,-2.5555587,-2.5555642,-2.1738474,-2.7457955,-2.14847,-1.7412245,-2.1020725,-1.876675,-1.9935694,-1.9935691,-2.000654,-2.0628338,-2.0068283,-2.2413683,-2.1309392,-2.6010516,-2.8067307,-2.806731,-2.849339,-2.7963057,-2.715484,-2.8960595,-2.2303662,-1.0745746,-1.5691297,-1.5691293,-1.9514658,-1.8728521,-1.8560879,-1.6987823,-2.0842025,-2.6753423,-2.5328124,-2.5328114,-2.5757337,-2.1759646,-2.3766608,-2.4151902,-2.1877005,-2.1400747,-2.2418642,-2.2418647,-2.1743329,-2.1855671,-2.2022233,-2.1724596
CCCc1ccccc1,-3.37,-2.643018,-2.3609374,-1.9479617,-1.9479618,-1.9487824,-2.1664214,-1.9374532,-1.9339068,-3.923984,-2.2289772,-3.0104964,-3.0104964,-2.9899292,-2.847812,-2.9903238,-2.652999,-3.6894605,-2.2165596,-2.3423874,-2.3423872,-2.351403,-2.2676296,-3.275791,-3.0845492,-3.1712747,-2.3692648,-2.664909,-2.6649156,-2.3740149,-2.8692439,-2.4674249,-2.3085575,-2.7509065,-2.490889,-2.379007,-2.379007,-2.3956068,-2.6050704,-2.8200855,-2.5582924,-2.5946906,-2.549155,-2.535208,-2.5352085,-1.95213,-2.5779803,-2.1098478,-2.0403998,-3.8207955,-4.131467,-3.5566218,-3.5566216,-4.3740535,-4.0188365,-4.2796617,-3.5387456,-3.622031,-3.7899535,-3.6832669,-3.683263,-3.7331092,-2.6564968,-3.7664146,-3.410462,-3.447758,-3.8716578,-3.8383496,-3.8383486,-3.8196797,-3.7747362,-3.8880825,-3.9040916
Nc1ccc(cc1)S(N)(=O)=O,-1.34,-1.5454412,-2.63154,-2.4097693,-2.4097693,-2.4228563,-2.6757054,-2.459141,-2.5253031,-1.7579689,-1.9721546,-1.7709008,-1.7709012,-1.7539065,-1.7398181,-1.8004512,-2.253515,-1.3687483,-2.434819,-2.4165046,-2.4165046,-2.4298131,-2.3690882,-1.2073146,-1.2397766,-1.4666543,-2.0684438,-2.3441215,-2.3441277,-1.992261,-2.671841,-1.9487525,-2.1284413,-1.461573,-2.53974,-2.3331294,-2.3331294,-2.3873975,-2.5503109,-2.8874068,-2.502975,-1.1283092,-2.7565377,-2.7030423,-2.7030425,-2.4785273,-2.7449992,-2.6969063,-2.6462808,-2.6086376,-1.633241,-2.0200028,-2.0200028,-2.0606198,-2.307424,-1.970485,-2.1055446,-1.4027146,-2.309822,-2.0065827,-2.0065775,-2.040316,-1.1763451,-2.3296244,-1.8806894,-1.3739932,-1.3094342,-1.3485074,-1.3485075,-1.3405678,-1.3482319,-1.3314941,-1.3717532
Clc1ccc(c(Cl)c1)c2ccc(Cl)c(Cl)c2Cl ,-7.8,-7.2487383,-4.318251,-4.153582,-4.153582,-4.164357,-4.507444,-4.204043,-5.092968,-7.967269,-6.8750634,-6.98786,-6.9878616,-6.9262266,-6.85706,-7.0114865,-7.1630545,-7.6671185,-6.544747,-6.8648133,-6.8648133,-6.8969774,-6.934036,-7.475366,-7.56458,-7.387041,-6.506196,-7.3441615,-7.34417,-7.513809,-7.294195,-7.131196,-7.3107276,-7.8799715,-3.5512114,-3.683912,-3.683912,-3.7389114,-3.8057644,-3.8254275,-5.5206785,-7.2712216,-4.1195664,-4.5392184,-4.539218,-4.7402573,-4.3724074,-4.5420537,-5.4625945,-8.07461,-5.5186205,-8.027997,-8.027996,-6.296821,-8.539968,-6.231324,-8.0997305,-7.5270667,-7.5691295,-7.253777,-7.2537785,-7.314547,-6.0642033,-7.5213456,-7.9405384,-7.5839467,-7.3964896,-7.497072,-7.497072,-7.458388,-7.4792447,-7.343389,-7.3641057
Nc1nc[nH]n1,0.522,0.24082866,-1.7539403,-1.3627445,-1.3627445,-1.3659179,-1.429589,-1.3733884,-0.7187503,0.89754117,-0.15605518,0.9526481,0.95264816,0.9466607,0.6101369,0.9565444,0.049048442,0.87691265,-0.9278997,-0.83782315,-0.8378232,-0.83792377,-0.7157545,0.31986278,0.045252476,0.6902697,-0.41246966,-0.8257969,-0.82580245,-0.28344566,-0.86500907,-0.42131633,-0.5701168,0.55880344,-1.6226776,-1.5234748,-1.5234749,-1.5955708,-1.5021447,-1.6951424,-0.42512456,0.24365067,-1.8337798,-1.6493014,-1.6493016,-1.6610343,-1.6366154,-1.6478965,-0.89646393,-0.39890116,-0.311086,-0.39610294,-0.39610237,-0.35250425,-0.46969256,-0.3005352,-0.47037998,0.6678881,0.040558074,0.11441137,0.114412025,0.104278,0.3385171,0.28787124,-0.36766657,0.53893083,0.5750416,0.5392931,0.53929317,0.5063111,0.5526208,0.5280397,0.8927807
CCN(CC)C(=O)C(C)Oc1cccc2ccccc12 ,-3.57,-3.4589713,-4.314814,-3.9899116,-3.9899116,-3.9906335,-4.291162,-3.9568017,-3.9046714,-3.8017852,-4.294642,-3.741997,-3.7419972,-3.7226145,-4.290226,-3.7216551,-4.125831,-3.7936635,-4.2295847,-4.189743,-4.1897426,-4.140731,-4.2526746,-4.0601053,-4.326419,-3.4869897,-5.1035676,-5.216249,-5.2162566,-4.612523,-5.3358345,-4.7957225,-5.022192,-3.832225,-4.241323,-4.0982957,-4.098296,-4.080917,-4.1821566,-4.063117,-3.5120144,-3.6478436,-3.8227766,-3.7203093,-3.7203095,-3.5697193,-3.7608173,-3.907768,-3.7126074,-3.6078415,-3.5879574,-3.9306254,-3.930625,-4.036254,-4.22172,-4.0259337,-3.7980983,-3.9217906,-4.7719045,-4.700096,-4.7000914,-4.7292924,-3.4177537,-4.573405,-5.19298,-3.5716016,-3.5558007,-3.6541617,-3.654162,-3.5915382,-3.640506,-3.666882,-3.7346015
C=Cc1ccccc1,-2.82,-1.6722988,-2.0816646,-1.8669859,-1.8669858,-1.8752099,-2.07003,-1.890603,-1.6981232,-1.7414458,-2.082202,-1.8542823,-1.8542825,-1.8438008,-1.8747401,-1.848792,-2.1517122,-2.7555265,-1.4517356,-1.5345689,-1.5345693,-1.5395709,-1.4465231,-1.3279171,-1.0848459,-2.1909175,-1.4996117,-2.0159345,-2.0159438,-1.6334714,-2.0935738,-1.6768378,-1.6070616,-2.0709722,-1.7111529,-1.7865424,-1.7865423,-1.798835,-1.8282381,-1.8180715,-1.5180174,-2.6815476,-2.2150784,-2.110604,-2.1106045,-2.1206682,-2.1409104,-2.1193683,-1.8055242,-2.7872844,-4.5721436,-3.0795054,-3.0795057,-4.718139,-3.3393102,-4.7056646,-3.2905054,-2.891685,-2.418097,-2.4217846,-2.4217844,-2.4318018,-2.097629,-2.3092132,-2.6258097,-2.726704,-2.549976,-2.7270157,-2.7270153,-2.7715428,-2.7211204,-2.7510102,-2.5949745
CSc1nc(nc(n1)N(C)C)N(C)C,-2.676,-2.7068148,-3.6522324,-3.4114072,-3.4114072,-3.3994215,-3.6681943,-3.3719273,-3.742822,-2.7969065,-2.6860814,-1.807531,-1.8075316,-1.7845925,-2.145532,-1.8010553,-2.6526785,-2.7391315,-3.9578953,-3.8992503,-3.8992498,-3.9065807,-3.9133353,-3.8151948,-3.7036626,-2.539228,-1.7617075,-2.8260446,-2.826052,-2.5369055,-2.7440584,-2.5257921,-2.4477842,-3.0674806,-4.369873,-3.6800551,-3.6800554,-3.706083,-3.5019386,-3.608724,-4.382668,-2.4766145,-3.2464035,-3.5998173,-3.599817,-3.6776047,-3.65075,-3.490233,-4.018317,-2.8783908,-2.5823107,-2.9006295,-2.9006295,-2.8952832,-3.0902767,-2.847625,-2.8921912,-2.571273,-2.0397356,-2.3248909,-2.3248823,-2.425891,-1.203918,-2.6220808,-2.4620795,-2.6782925,-1.875893,-1.302094,-1.3020942,-1.4176381,-1.755661,-1.5769845,-2.83432
O=C(Cn1ccnc1N(=O)=O)NCc2ccccc2,-2.81,-3.3449209,-3.960593,-3.7264142,-3.7264142,-3.7191448,-4.0530357,-3.6104012,-4.035713,-2.696025,-3.8807087,-2.4893036,-2.489303,-2.2582994,-3.01248,-2.5139167,-3.111285,-2.7301679,-4.01359,-3.6072142,-3.6072145,-3.635831,-3.911873,-2.8956592,-2.1612892,-2.8038971,-2.7233696,-3.3054707,-3.3054779,-2.3598132,-3.5760782,-2.659504,-2.686195,-2.8705034,-3.6922202,-3.6623497,-3.6623502,-3.6897113,-3.794294,-3.697934,-3.700221,-2.399818,-3.74442,-4.186309,-4.1863093,-4.21726,-4.173085,-4.0281243,-4.869402,-1.8400958,-2.2503934,-1.6637442,-1.6637437,-2.464295,-1.4957758,-2.3369064,-1.732543,-2.7807968,-3.6476817,-3.4345286,-3.4345229,-3.4807034,-2.2936015,-3.4900825,-3.6684613,-2.732786,-2.8114018,-2.888289,-2.8882887,-2.8220725,-2.8375137,-2.8676991,-2.8791206
CCC(=O)C,0.52,-0.21626458,-1.5964705,-0.8807462,-0.8807463,-0.8771689,-1.0067302,-0.8746085,-1.0670767,0.71748006,-0.812291,-0.063047945,-0.06304767,-0.06897854,-0.28643614,-0.05502852,-0.94900024,0.21118158,-1.1891922,-1.2160709,-1.2160708,-1.2176113,-1.1969473,-1.1491797,-1.1652054,0.4212574,-0.48117512,-0.45924366,-0.4592495,-0.12615742,-0.7446286,-0.121317096,-0.57588387,0.4138289,-1.7246926,-1.6526078,-1.6526076,-1.6207116,-1.666995,-1.6512147,-0.66256577,0.25471354,-1.7600071,-1.564088,-1.564088,-1.5523021,-1.5199026,-1.5319629,-0.7279441,0.18948203,-0.87008834,0.62000597,0.62000644,-0.71375734,0.094176546,-0.6497937,-0.26547477,0.61551577,-0.8047141,-0.6479253,-0.64792264,-0.6329241,-0.39085373,-0.5878805,-0.9085628,0.51763904,0.5543759,0.66333395,0.66333395,0.8633127,0.78204566,0.8756833,0.09884616
O=C1NC(=O)NC(=O)C1(C(C)C)C(C)C,-2.766,-2.7077432,-3.0434597,-3.222481,-3.222481,-3.2203927,-3.5634089,-3.147794,-3.419395,-2.8999941,-1.8593707,-1.5724,-1.5724005,-1.5612907,-1.7262563,-1.547335,-2.4376957,-2.5709443,-3.452248,-3.161062,-3.1610615,-3.1803885,-3.400837,-2.1773703,-1.9696809,-2.3159115,-2.2565794,-2.7460718,-2.7460783,-2.5317428,-2.8040507,-2.746986,-2.5436285,-2.6765335,-3.1373668,-3.6594632,-3.6594627,-3.284166,-4.0437937,-4.085667,-3.15075,-2.7126875,-2.2379239,-2.3831854,-2.3831854,-2.4053366,-2.418105,-2.3051283,-2.6098561,-2.7512655,-1.6344678,-2.314714,-2.3147137,-2.20992,-2.6633344,-2.1329455,-2.5792503,-2.7705865,-2.154585,-1.8295157,-1.8295094,-1.8657184,-1.0494485,-2.0089185,-2.625886,-2.7402122,-2.8643494,-2.9574277,-2.9574277,-2.8978763,-2.9231975,-3.0294838,-2.8186476
ClC1C(Cl)C(Cl)C(Cl)C(Cl)C1Cl,-4.64,-4.7404714,-3.1382656,-3.242058,-3.242058,-3.2162397,-3.6585193,-3.2034314,-5.3159184,-4.6165495,-3.8377056,-4.5067153,-4.506715,-4.4988585,-4.499829,-4.5170126,-5.137799,-4.4311433,-3.2438202,-3.2375705,-3.237571,-3.2696981,-3.3255317,-4.942473,-5.283638,-4.5726733,-4.9880033,-5.085473,-5.0854816,-4.519595,-5.1770234,-4.406667,-4.7539797,-4.712638,-3.5965834,-3.8786778,-3.8786776,-3.3835542,-4.4110737,-3.1114435,-5.3184276,-4.4450803,-2.342571,-2.6355827,-2.635583,-2.579496,-2.6150088,-2.2189815,-2.5870128,-4.850078,-2.2500548,-3.776545,-3.776544,-2.3397071,-4.4208593,-2.3062987,-3.506238,-4.544541,-5.137397,-5.114397,-5.114396,-5.122539,-4.7396073,-5.3551245,-6.0535164,-4.6645103,-5.723025,-5.7895103,-5.78951,-5.473132,-5.490771,-4.838722,-5.028569
O=c2c(C3CCCc4ccccc43)c(O)c1ccccc1o2 ,-2.84,-3.270167,-4.35377,-4.025336,-4.025336,-4.0306234,-4.3192477,-4.0290356,-3.9220848,-3.078437,-4.552172,-3.9697049,-3.9697049,-3.902167,-4.432069,-3.983703,-4.4396567,-3.4394825,-4.8228607,-4.735385,-4.735385,-4.7161875,-4.8575406,-4.711832,-5.0456734,-3.0146601,-4.525719,-4.3926053,-4.392613,-3.8694625,-4.7988234,-3.7625666,-4.299476,-3.0505407,-4.0940437,-4.013592,-4.0135922,-4.028395,-4.1004586,-4.096776,-3.2337718,-3.3680902,-3.986186,-3.870184,-3.8701847,-3.777326,-3.8593729,-4.080504,-4.0136423,-3.6697724,-3.33955,-3.704453,-3.7044532,-4.0378823,-4.021671,-3.9523065,-3.6685555,-3.4397504,-4.9498363,-4.6996174,-4.699613,-4.7537622,-3.5136795,-4.653916,-5.0717115,-2.8367212,-2.8273757,-2.964543,-2.9645429,-2.9084773,-2.969137,-2.970316,-2.9477575
O=C1N(COC(=O)CCCCCCC)C(=O)C(N1)(c2ccccc2)c3ccccc3,-6.523,-5.9813614,-6.878699,-6.244492,-6.244493,-6.23329,-6.546697,-6.208489,-5.4985986,-6.357841,-5.282292,-5.046852,-5.0468526,-4.9431977,-5.368055,-5.045744,-5.731014,-6.3840494,-5.8720155,-5.607793,-5.6077914,-5.710532,-6.172489,-6.8791366,-6.1248827,-6.328948,-5.2884803,-5.8437505,-5.8437557,-6.031104,-5.799791,-5.6565366,-5.711541,-6.5177913,-6.7559285,-6.4042587,-6.4042583,-6.296219,-6.5379615,-6.177484,-5.2741385,-6.143885,-6.284894,-6.2304177,-6.230418,-6.0043564,-6.116801,-6.0745115,-5.764637,-5.2288547,-5.056879,-5.0660534,-5.066053,-4.975906,-5.299735,-4.873373,-5.95656,-6.4266768,-6.4625664,-6.2833242,-6.283319,-6.3006177,-4.714871,-6.098022,-6.7949343,-6.112562,-6.4629774,-6.7429895,-6.7429895,-6.5750623,-6.843833,-6.485022,-6.519784
CC12CCC3C(CCc4cc(O)ccc34)C2CCC1O,-5.03,-4.3795576,-3.9175222,-3.6244287,-3.624429,-3.6350102,-3.9656293,-3.671289,-3.8954494,-4.5827994,-4.213158,-4.470614,-4.470614,-4.3710117,-4.7422037,-4.5103226,-4.363909,-4.704387,-3.7350757,-3.7483819,-3.7483816,-3.740093,-3.9144974,-4.4785123,-4.4101644,-4.5488744,-5.03276,-4.678511,-4.678518,-4.5369735,-5.0685863,-5.092653,-4.927968,-4.8135,-3.5452828,-3.5146086,-3.5146089,-3.5422766,-3.6540377,-3.5726504,-3.7372136,-4.496895,-3.9568763,-3.240132,-3.2401319,-3.3537588,-3.205703,-3.604825,-3.3970637,-3.6634939,-3.2168403,-4.0614805,-4.06148,-4.2238812,-4.595894,-4.119967,-3.8867066,-4.78468,-5.3140717,-5.341673,-5.3416677,-5.3867626,-3.8250372,-5.593742,-5.4191794,-4.969316,-4.781201,-5.0768943,-5.0768943,-5.026346,-5.071457,-5.129782,-5.054987
Sc2nc1ccccc1s2 ,-3.18,-1.78694,-2.4672947,-2.264119,-2.264119,-2.2747197,-2.5415616,-2.3059752,-2.4249518,-2.9787188,-3.9151485,-3.6370142,-3.6370127,-3.632368,-3.5504758,-3.623367,-3.6290772,-3.3803203,-2.30161,-2.451679,-2.4516788,-2.4616432,-2.4339635,-3.9269545,-4.253525,-3.0873108,-2.715457,-3.268375,-3.2683814,-2.8118677,-3.2786067,-2.9527125,-2.5421784,-3.571297,-1.9126405,-1.7650456,-1.7650456,-1.8135397,-1.84088,-1.8091911,-1.814483,-3.002059,-2.555782,-1.9274188,-1.927419,-1.9774354,-2.0701005,-2.1884658,-2.4646642,-2.5697823,-2.0137038,-1.6540098,-1.6540095,-2.3718715,-1.9502426,-2.3174758,-1.9350169,-3.215506,-2.2305977,-2.5446208,-2.5446165,-2.5948007,-1.7529421,-2.9452908,-2.0950956,-3.168434,-3.1100373,-3.2433221,-3.2433228,-3.1851857,-3.2295594,-3.2068987,-3.265464
N#Cc1ccccc1C#N,-2.38,-1.4859868,-2.3614666,-2.3233297,-2.3233297,-2.3209887,-2.5404284,-2.3249261,-2.2742798,-2.1060388,-1.9638537,-2.4958277,-2.4958267,-2.5032032,-2.2901237,-2.4839904,-2.4990268,-2.5233824,-1.6856138,-1.7784793,-1.7784795,-1.7848806,-1.7236364,-2.0405846,-2.2410235,-2.221104,-1.4905251,-2.296942,-2.2969491,-1.7209592,-2.0017624,-1.8844382,-1.595581,-2.3421707,-2.6741939,-3.095562,-3.0955625,-3.0574114,-3.07321,-3.136743,-2.8004627,-2.2622,-2.216785,-2.26671,-2.2667105,-2.3022223,-2.2800167,-2.3090866,-2.3138595,-2.231156,-1.9581633,-1.6163361,-1.6163357,-2.0613606,-2.1403735,-1.9549845,-1.6576676,-2.2479398,-1.7125207,-1.6764765,-1.6764741,-1.7272111,-1.2793312,-1.9276488,-1.7802298,-2.37596,-2.6113076,-2.596295,-2.5962946,-2.4910996,-2.3707757,-2.491399,-2.4020708
O=N(=O)c1cc(cc(c1)N(=O)=O)N(=O)=O,-2.89,-2.5726583,-3.3711083,-3.5621963,-3.562196,-3.5665114,-4.0102515,-3.5625408,-5.493536,-2.9946446,-1.8806084,-3.2860672,-3.2860675,-3.290883,-3.688351,-3.2172253,-3.1137934,-2.9429057,-3.1259532,-3.0745165,-3.0745165,-3.097547,-3.2265751,-2.9603736,-2.8318627,-2.8412526,-2.5804126,-3.6770093,-3.6770172,-2.9271326,-3.212262,-3.4045813,-2.4436088,-2.9283614,-2.648944,-3.7029655,-3.7029648,-3.6049342,-3.943826,-3.5550284,-3.6563914,-2.8225667,-2.827341,-3.1889765,-3.1889768,-3.270262,-3.1889112,-3.103748,-3.671449,-3.0177197,-4.535985,-3.476788,-3.4767873,-5.028435,-3.4741035,-4.872061,-3.3281896,-2.8155932,-4.0776563,-3.195332,-3.195332,-3.2242458,-2.8862586,-3.4441109,-3.550047,-2.785876,-2.9636521,-2.9591634,-2.9591637,-2.8909109,-2.8817203,-2.9927287,-2.917612
CCCCOC(=O)CCCCCCCCC(=O)OCCCC,-3.896,-4.7592554,-6.633615,-6.121816,-6.1218166,-6.132008,-6.517918,-6.201058,-5.4538417,-4.302402,-4.6740828,-6.3144813,-6.3144817,-6.20422,-6.7206836,-6.3122387,-6.7879143,-4.231642,-6.2991953,-6.1135426,-6.113542,-6.0208426,-6.0220485,-6.3599176,-7.9608727,-4.222332,-4.993594,-6.01757,-6.0175753,-5.189757,-6.4084616,-5.594395,-5.89716,-4.3507123,-6.91155,-6.5911684,-6.591169,-6.570014,-6.8596206,-6.448877,-6.659154,-5.1558576,-6.8410797,-6.24592,-6.24592,-6.1011696,-6.5345206,-6.448289,-6.1438766,-4.6984005,-7.0672183,-6.481214,-6.4812136,-7.273794,-6.5660496,-7.0641937,-6.252684,-3.8630977,-6.3317523,-6.4894805,-6.489476,-6.5160556,-5.2767954,-6.5327306,-6.6944346,-4.011605,-6.2108297,-5.6230187,-5.6230187,-5.472407,-5.147764,-3.79951,-6.4016237
Cn1cnc2n(C)c(=O)[nH]c(=O)c12 ,-2.523,-2.5028293,-2.6096773,-2.430117,-2.430117,-2.4258726,-2.6437373,-2.4317415,-2.958085,-2.2837107,-1.3088164,-1.17428,-1.1742802,-1.1565323,-1.2844604,-1.1705967,-1.7017832,-2.099037,-2.5763419,-2.2755175,-2.2755172,-2.287159,-2.3770466,-1.1559763,-1.1723017,-2.229296,-0.70513755,-1.7020184,-1.7020253,-1.1934913,-1.4754862,-1.5118797,-0.9445931,-2.5353649,-2.0857801,-1.9579049,-1.957905,-1.9768738,-2.0722232,-1.9418073,-1.6862608,-2.4668806,-2.625951,-2.7846708,-2.784671,-2.822938,-2.783957,-2.6811495,-2.7757332,-2.701979,-1.8845742,-1.6451781,-1.6451777,-2.3123732,-1.7103919,-2.3709157,-2.1790168,-2.3609312,-1.9366115,-1.6608701,-1.6608651,-1.6602831,-1.0789104,-1.737999,-2.263753,-2.5045886,-0.7723551,-1.7266327,-1.726633,-1.8283056,-2.0147402,-2.136261,-1.1388614
COP(=S)(OC)Oc1ccc(Sc2ccc(OP(=S)(OC)OC)cc2)cc1,-6.237,-6.024023,-7.8610053,-6.850041,-6.8500414,-6.8457026,-7.0824776,-6.893411,-5.4474235,-6.396318,-6.936578,-6.226784,-6.226784,-6.193783,-6.7334175,-6.18692,-6.4464912,-6.4608583,-6.158451,-5.7629194,-5.762919,-5.6576552,-6.090052,-6.5923686,-6.6866016,-6.233762,-6.392645,-6.140898,-6.140905,-6.7816234,-6.8920603,-6.248114,-5.615557,-6.4950128,-7.3625455,-6.9648275,-6.9648275,-6.95153,-6.9974375,-7.122139,-6.1338215,-5.9735203,-6.475799,-6.418318,-6.4183187,-6.5423393,-6.121513,-6.423764,-5.85689,-4.5636816,-6.141036,-5.889927,-5.8899274,-6.588429,-5.614791,-6.4960794,-5.9526725,-6.208573,-6.5594363,-6.454444,-6.4544406,-6.435187,-4.8288426,-6.318266,-7.0322223,-6.098925,-6.174842,-6.4613023,-6.461302,-6.4649534,-6.372804,-6.617263,-6.2391067
CCCCOC(=O)c1ccc(N)cc1,-3.082,-3.014363,-3.4949205,-3.4009812,-3.4009814,-3.412945,-3.8162808,-3.4472463,-3.4182463,-2.9288232,-3.2998734,-2.4538805,-2.4538805,-2.3941891,-2.9828289,-2.4742427,-3.107991,-3.007818,-3.4354506,-3.2857716,-3.2857714,-3.287712,-3.2432642,-3.3906825,-3.39659,-2.9319484,-2.634964,-2.8322713,-2.8322778,-2.6433647,-3.1776097,-2.6944418,-2.6318133,-3.0208867,-3.2976785,-3.1683517,-3.1683514,-3.2425535,-3.420707,-3.3037362,-2.9599295,-2.8849702,-4.3817797,-4.1363096,-4.1363096,-4.185733,-4.116203,-4.27833,-4.190231,-3.2742012,-2.605853,-3.0856557,-3.085656,-3.3308582,-3.2438133,-3.3656182,-3.2460773,-3.2168877,-3.7688875,-3.4099398,-3.4099355,-3.4588475,-2.5894191,-3.532464,-3.7582078,-3.1496546,-3.133421,-3.1693523,-3.1693513,-3.079953,-3.1368408,-3.161532,-3.1332023
C1CCCCCC1,-3.51,-3.6345775,-1.8179772,-1.1691425,-1.1691426,-1.1487112,-1.3569256,-1.1079973,-1.6188871,-3.4267073,-1.7389495,-2.7822425,-2.782243,-2.7629306,-2.7655702,-2.7925787,-2.0908713,-3.4795837,-1.7418364,-1.874835,-1.8748351,-1.8808525,-1.8077261,-2.9920988,-3.062574,-3.365032,-1.7014662,-2.8007636,-2.8007724,-2.249498,-2.4118378,-2.6844192,-1.8978246,-3.7146208,-2.326797,-2.8015425,-2.801542,-2.6697633,-2.715175,-2.7583141,-1.162045,-2.847678,-2.2085207,-2.4654527,-2.4654531,-2.5192862,-2.387943,-2.3497307,-2.1017942,-3.749159,-3.123592,-2.9669762,-2.9669764,-2.6957207,-3.7284007,-2.7206624,-2.9251845,-3.5285907,-4.440629,-4.5382795,-4.538277,-4.5539703,-3.7325325,-4.596695,-4.126368,-1.8847272,-1.4573543,-1.5351295,-1.5351294,-1.6698015,-1.7382395,-1.5811586,-2.446118
CCCOC(=O)CC,-0.82,-1.5703365,-2.3921118,-2.0131826,-2.0131829,-2.012462,-2.2531714,-2.0080323,-1.9448022,-0.6906302,-1.1790073,-0.7299536,-0.7299535,-0.70529896,-0.8799778,-0.7383038,-1.2238402,-1.0833571,-1.8583298,-1.9019959,-1.9019961,-1.910789,-1.8406953,-1.8938683,-1.8410745,-1.2209454,-1.1720066,-1.3252461,-1.3252506,-0.9979765,-1.6406776,-1.0659251,-1.1958591,-1.0462893,-2.3632503,-2.2384193,-2.238419,-2.296068,-2.3740795,-2.264582,-1.640651,-2.0111806,-2.536421,-2.4498322,-2.4498324,-2.1750784,-2.4930637,-2.3763652,-2.0717542,-1.5058477,-1.5516428,-1.5869211,-1.5869212,-2.1614513,-1.7933626,-2.119811,-1.743557,-0.88099426,-1.8581232,-1.6298668,-1.6298616,-1.6703455,-0.9230513,-1.5495092,-2.0811286,-0.9931204,-0.6815127,-0.6768084,-0.67680836,-0.77072465,-0.7604756,-0.8055738,-0.4779248
FC(F)(F)C(Cl)Br ,-1.71,-1.8171779,-1.6338214,-1.017022,-1.0170219,-1.0016288,-1.318473,-0.9736693,-2.1738439,-1.6646571,-1.7673137,-1.9266623,-1.9266626,-1.9274958,-1.9107269,-1.9230367,-2.1837265,-1.6743606,-1.966549,-1.8768712,-1.8768713,-1.8868521,-2.0337467,-2.4066803,-2.274345,-1.7778133,-1.2143143,-2.362872,-2.362881,-1.4666213,-2.0657961,-2.0006106,-1.3734125,-1.8737949,-1.6794028,-0.933404,-0.933404,-0.9390432,-0.8525813,-0.8913635,-0.8174046,-1.9918711,-1.2899199,-1.0411962,-1.0411966,-1.0390389,-1.069807,-1.0476655,-1.4614723,-2.0792608,-0.8570602,-2.1910226,-2.1910224,-2.108164,-2.1751041,-2.0296438,-2.1569426,-1.5734342,-2.2934961,-2.2901824,-2.2901826,-2.3158393,-1.8622687,-2.2061615,-2.2433512,-2.8716917,-2.2508566,-2.4165242,-2.4165235,-2.5747216,-2.652281,-2.4698691,-2.582138
CCOP(=S)(OCC)Oc1nc(Cl)n(n1)C(C)C,-3.658,-4.381216,-4.6676984,-4.4545927,-4.454593,-4.457884,-4.739464,-4.4668612,-4.6525626,-3.8436859,-3.8019857,-2.3162024,-2.316202,-2.3116038,-2.9648502,-2.2546983,-3.2828703,-3.6522293,-4.551337,-4.252057,-4.2520576,-4.241027,-4.3452272,-3.8585515,-3.7968054,-3.7244809,-4.618576,-4.6598682,-4.6598754,-4.159877,-4.9905157,-4.2810874,-4.3389807,-4.0072856,-4.5627494,-4.211702,-4.211702,-4.198641,-4.385113,-4.193779,-3.3795733,-3.7164881,-4.2092237,-4.6452656,-4.645266,-4.6761312,-4.5736547,-4.376779,-4.6331215,-4.035828,-3.4397345,-3.6847186,-3.6847188,-3.6637836,-3.7055717,-3.6197631,-4.1441813,-3.6865916,-4.8976564,-4.5227127,-4.522708,-4.5971756,-3.4980645,-4.5448885,-4.937385,-3.673269,-3.6981807,-3.822849,-3.8228505,-3.792866,-3.694561,-3.8058367,-3.7609062
CCCCC=O,-0.85,-1.621275,-1.7934188,-1.4246346,-1.4246346,-1.4347506,-1.7041432,-1.4333463,-1.9279197,-0.6649208,-1.1729748,-0.89024085,-0.8902406,-0.8879186,-0.9027764,-0.8923694,-1.3598115,-0.6405593,-1.3621142,-1.3979794,-1.3979795,-1.4023575,-1.3597218,-1.3850112,-1.1680508,-0.50538474,-1.0853423,-1.3024455,-1.3024515,-1.0227469,-1.5413228,-1.1224667,-1.1808001,-0.8140173,-1.824548,-1.5345399,-1.5345397,-1.5728419,-1.5724037,-1.5133663,-1.5179428,-1.0518384,-2.0232725,-1.7243865,-1.7243862,-1.6599495,-1.736539,-1.7517359,-1.4309396,-0.4523802,-1.1818172,0.040326543,0.04032704,-1.1318151,-0.5102215,-1.0605066,-0.62112826,-0.71077794,-1.1407728,-0.95290524,-0.95290196,-1.0051273,-0.57608414,-1.1017419,-1.320668,-0.8834538,-0.3341654,-0.25174373,-0.25174376,-0.29570764,-0.4235873,-0.24457502,-0.4570289
c2ccc1ocnc1c2,-1.16,-0.96349424,-2.0556667,-1.807779,-1.8077791,-1.8100559,-1.9548382,-1.8191792,-1.454402,-0.5078851,-1.6793942,-1.065173,-1.0651731,-1.0759345,-1.1415335,-1.0480361,-1.4757724,-1.2294973,-1.5970169,-1.6216031,-1.6216029,-1.6250331,-1.5174261,-1.7137156,-1.8250885,-1.1662824,-1.4068321,-2.1325731,-2.1325788,-1.5697957,-2.1413095,-1.7789564,-1.4307314,-1.1708968,-1.5580803,-1.6015458,-1.6015456,-1.5880567,-1.6785897,-1.5930735,-1.0175892,-0.8684579,-2.353504,-2.4623196,-2.4623199,-2.5203996,-2.4294407,-2.515661,-2.5231066,-1.2278341,-0.39601004,-0.9459462,-0.94594574,-0.7535814,-0.9973579,-0.6902651,-0.84040666,-1.0764779,-1.7370468,-1.7662216,-1.7662212,-1.7692872,-1.4669008,-1.5936188,-1.7352282,-1.4000582,-1.2642448,-1.3773315,-1.377331,-1.2952712,-1.377857,-1.3344994,-1.2773317
Oc1ccc(Cl)cc1Cc2cc(Cl)ccc2O,-3.953,-4.725096,-4.1243224,-3.775536,-3.775536,-3.7642484,-4.058511,-3.7564878,-4.202669,-3.9490612,-4.3657107,-3.7739499,-3.773951,-3.7488716,-3.865971,-3.7774882,-4.1923733,-4.0331473,-4.8203397,-4.5896993,-4.5896993,-4.6386366,-4.6271405,-4.431192,-4.399192,-3.6587253,-3.5997717,-3.6949966,-3.6950033,-3.8291762,-4.164063,-3.4488015,-3.5476148,-4.515216,-3.7335148,-3.853883,-3.8538828,-3.7969558,-3.9113584,-3.794892,-4.0694094,-3.5987601,-3.8888385,-4.0809755,-4.0809755,-4.178332,-3.9358394,-4.23294,-4.047239,-3.3027484,-1.2574834,-2.1458573,-2.1458576,-2.2076957,-2.4550827,-2.1359518,-2.1730707,-3.8814864,-5.7817774,-5.4212446,-5.4212403,-5.442626,-4.372446,-5.585499,-5.3294306,-3.9648445,-3.9626799,-4.055654,-4.0556545,-3.960708,-3.9607909,-4.1371756,-3.9906416
Clc2ccc1oc(=O)[nH]c1c2,-2.8310000000000004,-2.5599303,-2.4682565,-2.488131,-2.4881313,-2.5062652,-2.891541,-2.5372484,-3.030514,-2.79998,-2.5680919,-2.6712549,-2.6712544,-2.679784,-2.5249999,-2.6658506,-2.5136151,-2.3824537,-2.0156999,-2.0563848,-2.0563846,-2.0626004,-2.0035841,-2.6104062,-2.7721164,-2.8666081,-1.8444716,-2.7925506,-2.7925565,-2.1023269,-2.5858674,-2.4100032,-1.8861626,-3.0075598,-1.8046924,-1.6863085,-1.6863083,-1.6825528,-1.8323413,-1.6901518,-1.9413675,-2.787635,-2.680444,-3.043001,-3.0430007,-3.1346946,-2.975302,-3.0150144,-3.2501206,-1.7789018,-0.58682615,-0.5163531,-0.5163526,-0.82633454,-0.630884,-0.679197,-0.76662725,-2.8029628,-3.356883,-2.8967545,-2.8967545,-2.9389367,-2.5328846,-2.9140449,-2.908035,-2.799595,-2.9546645,-2.8324897,-2.8324902,-2.7845082,-2.8198736,-2.766663,-3.5922654
CCCCCCCCCC(=O)OCC,-4.1,-4.8721433,-4.1261096,-3.9893084,-3.9893084,-3.996634,-4.426604,-4.0229464,-3.8424418,-3.8163044,-4.044476,-4.5242105,-4.524211,-4.4438515,-4.953831,-4.5396132,-4.1843414,-4.1766677,-3.922859,-3.8478022,-3.847802,-3.8681374,-3.779931,-4.7144494,-4.6314664,-4.098405,-3.6218472,-4.6242003,-4.624206,-3.913218,-4.750295,-4.3317795,-4.101932,-4.2067475,-4.001617,-3.9180517,-3.9180517,-3.9630792,-4.170559,-4.0149374,-4.292394,-4.1633806,-5.038309,-4.797569,-4.7975693,-4.703584,-4.7114034,-4.6383247,-4.8783503,-3.84232,-4.810677,-4.3098793,-4.30988,-5.168695,-4.4804497,-5.0812883,-4.210142,-4.2262254,-4.5497584,-4.490363,-4.490359,-4.529209,-3.351232,-4.567771,-5.029574,-4.1346235,-4.105198,-4.2475066,-4.2475066,-4.1553288,-4.1970167,-4.236922,-4.181538
O=C(Nc1ccccc1)Nc2ccccc2,-3.15,-3.2754369,-3.593795,-3.6405,-3.6405,-3.6609154,-4.1400814,-3.713195,-3.9289846,-3.3202574,-3.9050148,-3.133119,-3.1331182,-3.1036115,-3.8224761,-3.1542628,-3.607945,-3.1692543,-3.2699673,-3.2295206,-3.2295206,-3.2196584,-3.1796045,-3.9016802,-3.6939418,-3.1534865,-3.0835018,-3.7032228,-3.7032304,-3.594012,-3.913812,-3.580183,-3.3741786,-3.2068536,-4.746796,-4.280372,-4.280372,-4.3131285,-4.0059476,-4.091766,-3.5496416,-3.1760466,-4.5335474,-4.8423305,-4.8423305,-4.9673395,-4.725084,-4.67493,-4.831064,-3.800195,-3.7430434,-3.3503094,-3.3503084,-3.9814613,-3.8705196,-3.9686995,-3.4774318,-2.9927592,-4.5339026,-4.2352843,-4.235281,-4.2458425,-3.250939,-4.232483,-4.415972,-3.1927722,-3.0643313,-3.1232934,-3.1232944,-3.1617007,-3.2144797,-3.1530902,-3.0862005
CCCC(C)(C)C,-4.36,-3.599532,-1.9361268,-1.6193572,-1.619357,-1.6299709,-1.976333,-1.6146941,-1.8979402,-4.2217703,-1.3715758,-2.1880739,-2.1880736,-2.1772468,-1.9534453,-2.1775718,-1.8110564,-3.9033835,-2.095835,-2.2831352,-2.2831352,-2.2989564,-2.212335,-3.4733315,-3.6183918,-4.1119885,-2.459397,-3.117118,-3.1171257,-2.6360157,-3.0150812,-3.1299233,-2.8522024,-4.155515,-2.129407,-2.3982325,-2.398232,-2.2950346,-2.390105,-2.2393456,-1.9788622,-3.0484307,-1.9173174,-1.4682208,-1.4682208,-1.398705,-1.5349809,-1.551155,-1.1851083,-4.2349987,-3.5692143,-3.4594622,-3.4594624,-3.4461496,-4.2774086,-3.4058888,-3.302856,-4.465765,-2.785242,-2.8400342,-2.8400316,-2.8679023,-2.023811,-3.0721667,-2.869289,-4.153135,-2.4502378,-2.5503342,-2.5503345,-2.8148959,-2.8959754,-2.821044,-3.0089188
CCC(O)(CC)CC,-0.85,-0.94058764,-2.2030427,-1.8011328,-1.801133,-1.7942637,-2.036929,-1.7611265,-1.8425082,-0.71361953,-1.7513015,-2.0421422,-2.0421422,-2.0373185,-2.1542401,-2.044306,-2.1234114,-0.9216586,-1.9982933,-2.0562084,-2.0562086,-2.0658607,-2.02567,-1.8613535,-1.9986017,-0.92688733,-1.5122954,-1.7922688,-1.7922747,-1.2191762,-1.9374572,-1.4497706,-1.5819007,-0.57979685,-1.9433048,-1.8586129,-1.8586129,-1.8462806,-1.9671975,-1.7803394,-1.6051173,-2.2280836,-1.984241,-2.0194976,-2.0194976,-2.01186,-2.0132928,-1.9603853,-1.7449529,-1.0316763,-1.6892704,-0.71161675,-0.71161664,-1.8265244,-1.1510714,-1.7641512,-1.2719284,-0.87426984,-2.1376576,-1.9160771,-1.9160739,-1.9349029,-1.332885,-1.8475165,-2.5024714,-0.8751887,-0.93134487,-0.9323947,-0.93239486,-0.9598264,-1.0203402,-0.9585596,-0.82193273
CC(=O)CC(c1ccc(Cl)cc1)c2c(O)c3ccccc3oc2=O,-5.839,-5.876208,-5.484146,-5.03924,-5.0392394,-5.034363,-5.3180666,-5.026521,-4.6685634,-6.2045584,-4.2939105,-4.4545865,-4.4545856,-4.40911,-4.7483,-4.477442,-4.622605,-5.5867286,-5.0848775,-4.871415,-4.871415,-4.86094,-5.1599045,-4.9668736,-5.126811,-5.1749163,-4.0757475,-4.2928786,-4.2928853,-4.434329,-4.4011106,-4.0820346,-4.2006783,-5.657625,-4.9506574,-4.9522476,-4.952247,-4.910942,-4.995494,-4.9533873,-3.8760154,-3.9411075,-4.5160894,-5.1358433,-5.135843,-5.233408,-4.985867,-5.0193667,-4.841797,-3.6615214,-3.2088728,-3.6049929,-3.6049926,-3.8868685,-3.8557098,-3.800596,-3.5948255,-5.85208,-4.989638,-5.0463047,-5.046297,-5.1082892,-3.5631075,-5.0380087,-5.508294,-5.7243347,-5.7268257,-6.0308957,-6.0308967,-5.9712005,-6.0135455,-6.003382,-5.906067
CCC(C(CC)c1ccc(O)cc1)c2ccc(O)cc2,-4.43,-4.1943064,-4.4672894,-4.01005,-4.0100503,-3.999083,-4.32228,-3.9234965,-3.64974,-4.525818,-3.6948996,-3.5732045,-3.573204,-3.5156975,-3.964501,-3.5740416,-3.6361375,-4.0336785,-4.191975,-4.0061216,-4.006122,-4.0113754,-4.304836,-3.8741925,-4.324543,-4.396912,-3.5291536,-3.7781405,-3.7781463,-3.7951884,-3.9952185,-3.6679723,-3.5592973,-4.2701597,-4.5604796,-4.6838913,-4.6838913,-4.541505,-5.01038,-4.489591,-3.463083,-3.5379937,-4.3964233,-4.7177744,-4.7177744,-4.8691845,-4.540852,-4.785245,-3.8304937,-3.8110893,-3.1453457,-4.230575,-4.2305746,-4.2912364,-4.8148913,-4.2118464,-4.257702,-4.459311,-3.9050188,-3.748998,-3.7489913,-3.7691727,-2.5268161,-3.95234,-4.5274396,-4.3353,-4.367237,-4.5582404,-4.55824,-4.409086,-4.5642414,-4.4799376,-4.467488
CCNc1nc(NC(C)(C)C)nc(OC)n1,-3.239,-2.9558094,-3.845648,-3.558363,-3.5583627,-3.5531163,-3.8272257,-3.5397317,-3.932424,-2.3954673,-2.176618,-2.3963454,-2.396346,-2.3197925,-2.7790225,-2.383942,-2.5649927,-2.7651587,-3.652946,-3.4564764,-3.4564772,-3.4687576,-3.4955719,-2.836253,-2.7431612,-2.9074795,-2.0553195,-2.5499282,-2.5499346,-2.180739,-2.658001,-2.2688723,-1.9916492,-3.3781512,-3.7995408,-4.070964,-4.0709634,-3.9122927,-4.081579,-3.8464642,-3.147855,-2.9764972,-3.660357,-3.7698624,-3.769863,-3.7012362,-3.7935538,-3.8688767,-3.8834817,-2.9420512,-3.1097555,-3.5318959,-3.5318959,-3.6788938,-3.7702112,-3.60374,-3.46984,-3.0140579,-2.8003464,-2.5855334,-2.5855289,-2.6725612,-1.8718643,-2.5361743,-2.818968,-3.1188698,-3.154131,-3.2714922,-3.2714915,-3.2839868,-3.168917,-3.3231177,-3.3454661
c1nccc(C(=O)NN)c1,0.009,-0.86963844,-2.4492526,-2.2136564,-2.2136562,-2.2240593,-2.471714,-2.2550936,-2.216828,-0.0185558,-1.2324486,-0.5385215,-0.5385216,-0.5203215,-0.7033711,-0.536263,-1.240116,0.13637406,-1.5869694,-1.5817685,-1.5817684,-1.5900509,-1.5100142,-0.46079546,-0.5146055,-0.22842166,-0.89343405,-1.1820163,-1.1820208,-0.8210578,-1.3973831,-0.8311847,-1.1099627,-0.37000522,-1.9313818,-1.6562304,-1.6562304,-1.7064152,-1.7466286,-1.6948873,-1.4635485,-0.4087766,-2.6290078,-2.7546957,-2.7546954,-2.800851,-2.7609622,-2.704713,-2.8342493,-1.1901299,-2.3478684,-1.4392948,-1.4392947,-2.5437608,-1.73878,-2.427602,-1.6207795,0.05666076,-0.6210869,-0.6193393,-0.6193345,-0.624603,-0.005001123,-0.68119097,-0.81595206,-0.049076732,0.05163622,0.0053016357,0.005301833,-0.006527126,0.0025496688,0.013031255,0.07097817
CCC(C)c1cc(cc(N(=O)=O)c1O)N(=O)=O ,-3.38,-3.4074237,-3.7106442,-3.4017558,-3.4017556,-3.3750534,-3.6950989,-3.2882242,-4.118189,-3.5465531,-1.8095552,-2.006634,-2.0066345,-1.9613554,-1.7637727,-1.9885873,-1.8714045,-3.1419878,-4.0447497,-3.6876419,-3.6876416,-3.7307456,-3.947312,-3.158302,-2.8809762,-3.3805826,-2.7892075,-3.133737,-3.133744,-2.662385,-3.2397692,-2.9112384,-2.879867,-3.8665946,-3.5550752,-3.681605,-3.6816056,-3.6620955,-3.9714806,-3.6532578,-3.2765305,-3.4005327,-2.7138793,-2.6275046,-2.627505,-2.4173014,-2.7165854,-2.7135437,-2.7400305,-3.1942673,-2.037325,-3.0678227,-3.067822,-2.881092,-3.2483957,-2.8127246,-3.3018064,-3.2387438,-2.435812,-2.4741042,-2.474096,-2.4938588,-1.479886,-2.9305372,-2.6374319,-3.315028,-3.3600202,-3.4697187,-3.469719,-3.3972719,-3.4001598,-3.5188918,-3.4655278
CCN2c1ncccc1N(C)C(=O)c3cccnc23 ,-2.62,-3.1135588,-3.6970234,-3.3213437,-3.3213434,-3.3088017,-3.6509852,-3.241621,-3.1928976,-2.5838976,-3.5203657,-3.4089305,-3.408931,-3.3678043,-3.5917432,-3.400284,-3.199946,-3.056988,-4.298572,-4.0312605,-4.0312605,-4.0551085,-4.302759,-4.002102,-4.005764,-2.713257,-3.8743925,-4.039553,-4.0395603,-4.0009375,-4.522005,-3.8103178,-3.6223896,-3.1661217,-3.8669503,-3.962875,-3.962875,-3.913752,-4.0845566,-3.8695283,-3.2463357,-3.0695343,-3.2774343,-3.8127017,-3.8127022,-3.9075756,-3.7912621,-3.6760852,-4.355473,-2.5008545,-2.8531356,-2.5909946,-2.590995,-3.0707946,-2.9074903,-3.024011,-2.773165,-2.7843084,-4.236186,-3.895311,-3.895307,-3.9340286,-2.860169,-3.965538,-4.161182,-2.5841517,-2.6245751,-2.717379,-2.7173793,-2.7200012,-2.6116433,-2.5857582,-2.6589358
CC1OC(CC(O)C1O)OC2C(O)CC(OC2C)OC8C(O)CC(OC7CCC3(C)C(CCC4C3CC(O)C5(C)C(CCC45O)C6=CC(=O)OC6)C7)OC8C ,-4.081,-4.973923,-14.844276,-10.240281,-10.240281,-10.201003,-9.857271,-10.297028,-0.71318597,-4.6165195,-5.0554338,-6.582894,-6.582895,-6.4423323,-6.831307,-6.4838324,-7.677785,-3.8683817,-20.346132,-20.61394,-20.613941,-18.755135,-19.643732,-9.840734,1.353118,-4.4131827,-5.177311,-6.093414,-6.0934176,-5.885905,-6.6576934,-6.2397294,-3.478087,-4.609031,-13.697394,-12.412944,-12.412946,-12.423505,-11.810159,-12.951749,-0.76371664,-5.009547,-10.412226,-9.503337,-9.503337,-9.805707,-9.704961,-9.737072,-5.657497,-3.7853596,-10.378768,-4.848603,-4.8486013,-10.729967,-6.1448984,-10.309399,-1.6257287,-4.2178617,-10.078184,-10.009008,-10.008993,-9.841355,-7.8035197,-9.682862,-1.0060614,-3.8993526,-6.759032,-6.7048635,-6.70486,-6.262528,-6.914771,-9.555669,0.62886673
c1ccc(Cl)cc1C(c2ccc(Cl)cc2)(O)C(=O)OC(C)C,-4.53,-5.1104875,-5.740927,-5.323608,-5.3236074,-5.31164,-5.6415954,-5.2580047,-4.861983,-4.685073,-3.718847,-4.4330196,-4.4330196,-4.358289,-4.620314,-4.442524,-4.5441875,-4.6859555,-5.1742053,-4.9259806,-4.9259806,-4.9404793,-5.331656,-4.9308515,-5.2658076,-4.3996115,-4.7192135,-4.508984,-4.5089903,-4.5989347,-5.1388044,-4.4120173,-4.686137,-4.4683595,-4.8468094,-4.8699636,-4.8699636,-4.7852454,-4.9971333,-4.759684,-3.8979523,-4.150476,-3.8918111,-4.4729533,-4.4729533,-4.583734,-4.432594,-4.3179975,-4.648457,-3.4209394,-3.4354877,-3.5125122,-3.512512,-3.9130726,-3.8003519,-3.8746066,-3.6024065,-4.6856823,-4.4914556,-4.6095243,-4.6095176,-4.6595325,-3.1444945,-4.7607613,-4.932509,-4.4391146,-4.484996,-4.7126756,-4.7126756,-4.598575,-4.6109443,-4.624968,-4.504465
CCC(C)CC,-3.68,-3.0258684,-1.9074756,-1.2855068,-1.285507,-1.2781516,-1.4301825,-1.2632619,-1.4914229,-3.4045374,-1.5934529,-2.0763752,-2.0763752,-2.0685952,-2.1075487,-2.0750077,-1.9555631,-3.629238,-1.6810852,-1.8101369,-1.8101372,-1.8146801,-1.7538725,-2.6716747,-2.6049547,-3.503517,-1.8556266,-2.4451394,-2.4451473,-2.090949,-2.405465,-2.3996167,-1.9747912,-3.242981,-1.9396569,-1.584429,-1.5844289,-1.5622815,-1.6165115,-1.4666046,-1.3343639,-2.0808854,-1.9232935,-1.8553551,-1.855355,-1.8388461,-1.842614,-1.8136332,-1.3531168,-3.8846831,-3.8820248,-3.1920857,-3.1920855,-3.6963696,-3.7682703,-3.7238953,-3.149387,-3.7855878,-2.8242297,-2.7521732,-2.7521715,-2.7853932,-2.0851686,-2.8740554,-2.857835,-3.628455,-3.61584,-3.5438735,-3.5438735,-3.4541423,-3.42262,-3.9304886,-3.486445
Nc1nc(=O)[nH]cc1F,-0.972,-1.3371629,-2.174812,-1.9869457,-1.9869459,-1.9888555,-2.166266,-1.9982375,-1.8036702,-0.9292438,-0.3133344,-0.7820852,-0.7820847,-0.79370534,-0.8222859,-0.75845593,-0.3324227,-1.1984859,-1.241104,-1.214695,-1.214695,-1.2170035,-1.1451687,-0.1409583,-0.31594732,-1.1831759,-0.30327487,-1.0289273,-1.0289296,-0.5146623,-0.7758028,-0.7526067,-0.5377694,-1.2261344,-1.5846957,-1.2894503,-1.28945,-1.2473278,-1.3793269,-1.2486628,-0.6476945,-1.0244738,-1.9952027,-1.8514674,-1.8514673,-1.8657176,-1.8665003,-1.8846498,-1.4465767,-0.3534427,-0.97283286,-0.35169485,-0.351695,-1.0374409,-0.6140532,-0.9535464,-0.8078463,-0.7875575,-0.66514,-0.5189141,-0.5189127,-0.54213995,-0.19132617,-0.6334329,-0.626944,-0.8129768,-0.9803523,-0.99270535,-0.9927054,-0.9773548,-0.963585,-1.0548471,-0.94894916
CCCCCC#C,-3.01,-2.4546087,-2.1707134,-1.9276961,-1.9276962,-1.9253373,-2.2408288,-1.9014372,-2.207339,-2.8299632,-1.965555,-2.5645406,-2.5645409,-2.540505,-2.363362,-2.548006,-2.2698295,-2.8184714,-1.8272904,-1.9286265,-1.9286265,-1.9382782,-1.8332402,-2.6344187,-2.4817555,-2.5135498,-1.5035102,-1.8762357,-1.8762431,-1.5167211,-2.0474472,-1.7659749,-1.5313096,-2.55881,-2.104935,-2.1312444,-2.1312447,-2.1023169,-2.1718442,-2.066617,-2.133683,-2.7612138,-2.9722874,-2.3283942,-2.3283937,-2.331962,-2.3442032,-2.6511972,-2.3784473,-2.8109868,-2.6368842,-2.6751895,-2.6751893,-2.9448438,-3.3310442,-2.838292,-2.823954,-3.0051372,-2.2850084,-2.15397,-2.1539655,-2.0937405,-1.271947,-2.514859,-2.2018783,-3.411869,-3.481479,-3.5890613,-3.5890615,-3.465882,-3.4744942,-3.5448482,-3.4226072
CN(C)C(=O)Nc1ccccc1,-1.6,-2.353717,-2.873739,-2.6688774,-2.6688776,-2.6826606,-2.9768393,-2.7269928,-2.6624653,-1.6222746,-2.2551792,-1.5750383,-1.5750383,-1.5592886,-1.8281841,-1.5882294,-1.9253572,-2.025138,-2.6562314,-2.6814594,-2.6814597,-2.694468,-2.6039562,-2.388657,-2.2851791,-2.202586,-1.9652053,-2.4117599,-2.4117656,-2.1637397,-2.6494336,-2.1679251,-2.08874,-1.8215928,-2.6312456,-2.5063782,-2.506378,-2.5759265,-2.626098,-2.6013236,-2.4986534,-1.9391022,-3.0661006,-2.7893329,-2.7893326,-2.8102078,-2.8753254,-2.8897088,-2.791658,-2.735837,-2.8546662,-2.393321,-2.3933213,-3.1541364,-2.796227,-3.0987513,-2.6652842,-1.6774204,-2.3769774,-2.2376297,-2.2376251,-2.2900999,-1.412818,-2.3406858,-2.5044322,-1.6219994,-1.4795815,-1.5449371,-1.5449371,-1.5278466,-1.509059,-1.5160129,-1.7411585
CN(C)C(=O)OC1=CC(=O)CC(C)(C)C1 ,-0.85,-1.2885333,-3.474012,-3.107677,-3.1076767,-3.1139045,-3.3769484,-3.145049,-2.9991596,-0.5484062,-1.8661613,-1.9492059,-1.949206,-1.9111636,-1.9150006,-2.0128431,-1.8458226,-1.0781269,-3.776175,-3.7155902,-3.7155905,-3.7173655,-3.6656904,-3.696182,-3.660292,-0.89358044,-2.0805762,-2.3739672,-2.3739738,-2.167622,-2.769458,-2.1805463,-2.5194497,-1.2211536,-3.437162,-3.3873293,-3.3873286,-3.4332435,-3.5766895,-3.4913716,-2.7697887,-1.1602786,-3.2065008,-2.7566764,-2.7566762,-2.7824922,-2.8558483,-2.9796054,-2.5695224,-1.8353858,-3.7267303,-2.8764997,-2.8764987,-4.128077,-3.0442977,-4.187126,-2.8885753,-1.1294906,-2.3892133,-2.357561,-2.3575544,-2.4122815,-1.6546181,-2.432098,-2.7899508,-0.92769057,-2.850021,-2.5667474,-2.5667474,-2.6198037,-2.491781,-2.3888996,-2.0217059
ClC(Cl)C(Cl)(Cl)SN2C(=O)C1CC=CCC1C2=O ,-5.4,-5.694303,-4.2905307,-4.0893903,-4.0893908,-4.094171,-4.414333,-4.107969,-4.621963,-5.39086,-4.754498,-4.798856,-4.798856,-4.774974,-4.830533,-4.8000813,-4.708539,-5.377365,-4.9214063,-4.687372,-4.687372,-4.7557545,-5.0548673,-4.730375,-4.5444245,-5.3224053,-4.7065945,-4.9133105,-4.91332,-4.6217647,-5.1216288,-4.6515536,-4.9774885,-5.529491,-3.690986,-3.9220557,-3.9220557,-3.9695387,-4.130396,-4.6425805,-5.4902515,-5.0140104,-3.4389281,-3.0218809,-3.0218806,-3.0793006,-3.1023147,-3.278886,-3.500869,-4.6768055,-3.4083042,-4.111569,-4.111568,-3.7460034,-4.73972,-3.8859408,-5.559809,-5.3095675,-5.308515,-5.3908806,-5.390876,-5.4265485,-3.7965083,-5.5608582,-6.567751,-5.3242297,-4.9860835,-5.579108,-5.5791078,-5.535581,-5.4903073,-5.503527,-5.501619
OCCOc1ccccc1,-0.7,-1.2024462,-2.5359943,-2.3695354,-2.3695352,-2.3760252,-2.692751,-2.365579,-2.4757166,-0.93097854,-1.9818398,-1.4474782,-1.4474785,-1.4208529,-1.5710801,-1.4680399,-1.8471808,-0.61856425,-1.7371755,-1.720348,-1.7203479,-1.7319695,-1.5926639,-0.7936627,-0.836386,-1.5760343,-1.3649523,-1.5656986,-1.5657048,-1.1650113,-1.8415886,-1.186412,-1.3256612,-1.0588527,-2.1666927,-1.8970255,-1.8970255,-1.9572704,-2.0056343,-1.9569004,-1.6457205,-1.3368036,-2.8087833,-2.6998062,-2.699806,-2.6644285,-2.7326448,-2.7084408,-2.7747173,-2.1616495,-0.77366865,-1.6693125,-1.6693124,-1.4052548,-1.7567769,-1.369503,-1.6247193,-0.67519164,-1.4594977,-1.3383915,-1.3383857,-1.0615869,-0.33072272,-1.1412187,-1.328179,-0.77798736,-0.67559755,-0.72905916,-0.729059,-0.692422,-0.49237767,-1.0264931,-0.9762413
COP(=S)(OC)SCC(=O)N(C(C)C)c1ccc(Cl)cc1,-4.432,-4.9445953,-5.248388,-4.8088036,-4.808804,-4.794844,-5.135806,-4.718679,-4.6744437,-4.6213818,-4.7417483,-3.0894942,-3.089494,-3.0302024,-3.907072,-3.0752153,-3.8058758,-4.366829,-5.0930066,-4.742668,-4.742668,-4.7669787,-5.0994315,-4.8761764,-4.7580576,-4.3489904,-4.30653,-4.7039065,-4.703915,-3.9098582,-4.7752542,-4.066162,-4.571805,-4.538574,-4.7249136,-4.682102,-4.682103,-4.593125,-4.8052053,-4.5002604,-3.8443153,-4.117776,-4.454589,-4.9109592,-4.9109592,-4.647872,-4.86934,-3.9717252,-4.645192,-3.6337025,-3.4104896,-3.4902527,-3.4902527,-3.761661,-3.781778,-3.8092766,-3.5846734,-4.5738277,-5.1258445,-4.973844,-4.973839,-4.972915,-3.5802112,-5.1328588,-5.8857617,-4.399261,-5.0007305,-4.704478,-4.704478,-4.8398633,-4.5074835,-4.622647,-6.7963758
FC(F)(Cl)C(F)(F)Cl,-2.74,-3.0155683,-1.682902,-1.5656093,-1.5656095,-1.5689274,-1.9198608,-1.5612364,-2.050211,-2.7252553,-1.5684518,-2.0118496,-2.0118494,-2.0170271,-2.1172273,-2.0031712,-2.485385,-2.7391663,-1.4247538,-1.4275397,-1.4275397,-1.4500933,-1.5742546,-0.93582594,-1.0890229,-2.6631846,-1.6194036,-2.5245128,-2.5245194,-1.860796,-2.313111,-2.34547,-1.5488847,-3.0460944,-3.6184444,-2.5767226,-2.5767214,-2.4871063,-2.7082107,-2.6269042,-2.0438461,-2.2378004,-1.3615619,-1.1357495,-1.1357497,-1.1381844,-1.1638926,-1.1205682,-1.4437195,-2.8516097,-0.8824172,-2.0179164,-2.0179167,-2.2737017,-2.1337268,-2.1493485,-2.1060247,-2.650144,-2.3488846,-2.354415,-2.354415,-2.3787727,-1.9291255,-2.291432,-2.5745769,-2.8716917,-2.2508566,-2.4165242,-2.4165235,-2.5747216,-2.652281,-2.4698691,-2.582138
COc5cc4OCC3Oc2c1CC(Oc1ccc2C(=O)C3c4cc5OC)C(C)=C ,-4.42,-4.8632593,-6.0883765,-5.648467,-5.6484675,-5.66062,-6.0384912,-5.763326,-5.3043237,-5.0795608,-5.071421,-4.3342233,-4.3342237,-4.2883325,-4.8097606,-4.3192053,-4.682777,-4.621487,-5.7903047,-5.4747167,-5.4747167,-5.270494,-5.617281,-5.2479753,-5.0940437,-4.259754,-5.0581307,-5.165212,-5.165218,-5.3675723,-6.0255537,-5.1056247,-4.244046,-4.186904,-5.810973,-5.4884048,-5.488405,-5.49831,-5.648943,-5.531088,-4.7645144,-4.7309875,-6.5298624,-6.745577,-6.7455773,-7.009006,-6.489737,-6.6433663,-5.829171,-3.9397156,-3.6408167,-3.992251,-3.9922507,-4.129643,-3.971352,-4.068962,-3.8691533,-4.5981727,-5.6366987,-5.363618,-5.3636127,-5.3632255,-3.9703388,-5.3687606,-5.982383,-4.300941,-4.408532,-4.6664658,-4.6664658,-4.619716,-4.529377,-4.5282197,-4.438971
c1cC2C(=O)NC(=O)C2cc1,-2.932,-2.9905684,-2.342149,-1.9568512,-1.9568514,-1.931292,-2.1084056,-1.8690912,-2.3621984,-2.4763424,-1.6279325,-1.6878052,-1.6878049,-1.7002478,-1.7176462,-1.677899,-1.9289607,-2.5986307,-1.9428118,-2.0166504,-2.0166504,-2.046348,-1.9781348,-1.838044,-1.9596663,-2.5175555,-0.9148183,-2.0065799,-2.0065873,-1.4057531,-1.7148931,-1.8468559,-1.2170339,-3.0216477,-2.6683416,-3.2339447,-3.2339442,-3.0727031,-3.1799982,-3.036208,-3.0060694,-2.0620983,-2.2211506,-2.3712,-2.3712,-2.409592,-2.3472614,-2.315934,-2.0724792,-2.6257148,-1.2659746,-2.125887,-2.1258864,-1.7934432,-2.518136,-1.6946367,-2.0527868,-2.8665109,-2.1813865,-1.8268259,-1.826822,-1.7901542,-1.4701519,-1.985505,-1.8504757,-3.03628,-2.2834516,-2.232465,-2.2324643,-2.4233286,-2.424434,-2.2335203,-2.4262025
CC(O)C(C)(C)C,-0.62,-1.4978592,-1.6759356,-1.3303668,-1.330367,-1.3232061,-1.7375494,-1.2701203,-1.6778526,-0.7315188,-1.3330089,-1.6430038,-1.6430032,-1.6435057,-1.7371881,-1.6279644,-1.9762673,-0.50003266,-1.6423215,-1.722104,-1.722104,-1.7292109,-1.6359434,-1.3473997,-1.4844217,-0.40809432,-1.5054402,-1.6249584,-1.6249652,-1.3047477,-1.8833568,-1.4797775,-1.6548662,-0.25587165,-1.7812197,-1.6204613,-1.6204616,-1.614392,-1.7526339,-1.5576841,-1.4308021,-2.399986,-1.6302294,-1.4852469,-1.4852468,-1.4845736,-1.4853164,-1.4563701,-1.3158107,-0.54173607,-1.3215461,-0.1744059,-0.17440566,-1.4752452,-0.5945286,-1.4112746,-0.8961332,-0.47254854,-1.7243205,-1.6402805,-1.6402766,-1.6772635,-1.1005116,-1.6980332,-1.8908211,-0.5927154,-0.9364629,-0.9027778,-0.90277773,-0.89420724,-0.819233,-0.8672754,-0.3552535
CC,-1.36,-1.3130183,-0.41647965,0.106991634,0.1069917,0.10016773,-0.37562296,0.07551609,0.05384997,-1.0703456,0.048060503,-0.13917089,-0.13917099,-0.14434378,-0.28573513,-0.12871327,-0.6283526,-1.1555154,-0.9213106,-0.87485373,-0.87485385,-0.8741079,-0.87653303,-0.8073557,-0.8335469,-1.524524,-0.61941916,-0.67222244,-0.6722279,-0.25472328,-0.8505437,-0.3176464,-0.5973634,-1.4234327,-2.9055223,-0.49372017,-0.4937197,-0.614168,-0.5524506,-0.5516757,-1.0174047,-1.1048293,-1.0617913,-0.6578966,-0.65789664,-0.65665513,-0.6665196,-0.68219066,-1.22767,-1.4470489,-2.0340972,-1.2588911,-1.2588909,-1.438746,-1.4577454,-1.4554611,-1.5488267,-1.1817343,-0.23978427,-0.45128518,-0.45128444,-0.45274007,0.048680853,-0.58893156,-0.47679827,-1.1216829,-1.4588327,-1.5656065,-1.5656068,-1.5719192,-1.4925606,-1.5601101,-1.1633734
Sc1nccc(=O)[nH]1 ,-2.273,-2.1830802,-2.2006779,-1.830242,-1.8302419,-1.8319263,-1.975089,-1.8501478,-1.7517396,-1.7669237,-1.1884713,-0.97041124,-0.97041106,-0.98170424,-0.9545268,-0.95748156,-1.1060787,-2.2960243,-1.5479187,-1.5670848,-1.5670846,-1.5702989,-1.5729626,-1.5892246,-1.4891148,-1.9603509,-0.87265617,-1.6139647,-1.61397,-0.9884154,-1.456047,-1.2307338,-0.9517977,-2.2481196,-1.6099766,-1.2956866,-1.2956868,-1.3139292,-1.3066334,-1.2781289,-1.1771935,-1.7659391,-2.056091,-1.5136994,-1.5136998,-1.5423722,-1.5982519,-1.7036572,-1.7382259,-1.2981724,-1.3368537,-0.6091506,-0.6091506,-1.4009533,-0.86441714,-1.3139625,-0.89717335,-2.1562505,-0.3176723,-1.2200514,-1.2200484,-1.2591897,-0.5730047,-1.8159994,-0.24197467,-2.2594619,-2.2005105,-2.296951,-2.296951,-2.2591634,-2.2800276,-2.246293,-2.289316
CCC(=O)OC,-0.14,-0.15896758,-1.8651878,-1.2890372,-1.2890372,-1.29339,-1.4153196,-1.313955,-1.2379117,0.05673367,-0.57537097,0.76699114,0.7669917,0.7663438,0.49933678,0.7546754,-0.6007187,0.28854915,-1.1297355,-1.122986,-1.1229861,-1.1258504,-1.066819,-0.5213744,-0.5386948,-0.32187164,-0.604085,-0.57603955,-0.57604384,-0.2580501,-0.8464249,-0.21066369,-0.6230467,-0.15641382,-1.9657693,-1.8377225,-1.8377223,-1.9208481,-1.9493471,-1.9745051,-0.9376555,-0.3564024,-1.7554399,-1.2259742,-1.2259743,-1.2099254,-1.3227546,-1.3548654,-0.8443024,-1.0478094,-0.47132534,-0.598169,-0.5981691,-0.9836353,-0.8229659,-0.92970866,-0.8011028,0.079445735,-0.4040588,-0.2463177,-0.2463136,-0.28287593,0.07242472,-0.22976923,-0.73535454,-0.16388968,-0.1130701,-0.14108047,-0.1410804,-0.1418585,-0.04249929,-0.08869992,-0.36737984
FC(F)(F)c1ccccc1,-2.51,-2.3496697,-2.3501258,-2.1862273,-2.1862273,-2.1962721,-2.377812,-2.217192,-1.9851995,-2.5772629,-0.9038527,-1.5089003,-1.5088998,-1.5189136,-1.3958676,-1.4852377,-1.0445522,-2.347537,-1.7342458,-1.8519136,-1.8519135,-1.8586794,-1.7928044,-1.6481549,-1.6936642,-2.485067,-2.5370064,-3.2971349,-3.2971425,-2.5810485,-3.1855118,-3.0947561,-2.5939267,-2.5581372,-2.3652544,-1.8461349,-1.8461343,-1.928784,-2.046728,-1.9585965,-2.6671515,-2.2968678,-2.1092088,-2.1157734,-2.1157732,-2.1383185,-2.0841537,-2.041345,-1.3572733,-2.042573,-2.0272694,-3.0037603,-3.0037603,-3.027774,-3.074258,-2.9417295,-2.4075606,-2.344229,-3.9038851,-3.0297859,-3.029786,-3.110888,-2.2998724,-2.5953975,-3.2428515,-2.5699208,-2.6819248,-2.735348,-2.735348,-2.6875095,-2.5924418,-2.7083032,-2.5060458
c1cccc2c3c(C)cc4ccccc4c3ccc12,-6.59,-6.565618,-3.5988672,-3.4524543,-3.4524546,-3.4595747,-3.8062913,-3.4994905,-4.112126,-6.9931126,-5.2830834,-5.9229307,-5.922933,-5.839566,-6.357569,-5.9225435,-5.696711,-6.643472,-4.8041368,-5.0487022,-5.048702,-5.0545177,-4.99172,-6.8628783,-6.612828,-6.4678345,-5.660572,-6.319248,-6.3192587,-6.451996,-6.3265676,-6.170996,-6.209617,-6.6602774,-3.0016341,-2.9413536,-2.9413533,-2.950984,-3.0726085,-2.9243112,-3.303163,-6.031917,-3.8917158,-4.3289843,-4.3289847,-4.4458923,-4.2278247,-4.208656,-4.885262,-7.567366,-6.5463076,-7.2844644,-7.2844644,-7.296536,-7.444917,-7.220795,-7.5144963,-6.6428494,-5.584221,-5.781945,-5.78194,-5.7735004,-4.092666,-6.2279477,-5.4755487,-6.3997583,-6.5920773,-6.7596955,-6.759695,-6.6561947,-6.7781243,-6.7218223,-6.625202
CCNc1nc(Cl)nc(NC(C)C)n1,-3.85,-3.5618167,-3.6409912,-3.2572124,-3.2572122,-3.254329,-3.5078347,-3.2415702,-3.1934357,-3.7962875,-2.8293052,-2.2127619,-2.2127619,-2.1617503,-2.5633714,-2.2033176,-2.6173544,-3.8285306,-3.564867,-3.360864,-3.360864,-3.4219306,-3.383213,-3.262983,-3.0628574,-4.1820636,-2.1336892,-2.4747052,-2.4747112,-2.4853246,-2.6748297,-2.4242234,-2.1795778,-4.039613,-3.4907541,-3.526125,-3.5261254,-3.4832869,-3.6745675,-3.41723,-2.8170536,-3.305987,-3.5342329,-3.2599916,-3.2599912,-3.2562819,-3.2948053,-3.367786,-3.2604527,-3.1272027,-2.7016973,-3.353859,-3.3538585,-3.0932293,-3.5557501,-3.0450737,-3.333573,-4.1652026,-3.7668185,-3.4197614,-3.4197567,-3.5043716,-2.3229206,-3.6059444,-3.9083235,-3.7908666,-4.0948553,-4.1721015,-4.172101,-4.0366416,-3.90121,-3.9272697,-4.1007853
CC2(C)C1CCC(C)(C1)C2=O,-1.85,-1.9580822,-2.2259407,-1.9514742,-1.9514741,-1.9428251,-2.2985911,-1.8889829,-2.1126974,-1.5868014,-1.9367268,-2.5482972,-2.5482965,-2.5420542,-2.5122306,-2.5475628,-2.334734,-1.980452,-2.912156,-2.8684025,-2.8684027,-2.8840947,-2.9802518,-2.937042,-2.732165,-1.7352104,-2.0969446,-2.7338142,-2.7338207,-2.174831,-2.805363,-2.4971118,-2.4966016,-1.7920132,-2.2089853,-2.2177024,-2.2177026,-2.213044,-2.340948,-2.1739278,-1.9208817,-2.2661874,-2.0327227,-2.0688124,-2.0688126,-2.0773807,-2.024241,-2.0046937,-1.7074646,-1.5472869,-1.9745464,-1.2074643,-1.2074639,-1.8819472,-1.8249452,-1.8238828,-1.6126338,-2.0952451,-3.580802,-3.540521,-3.5405169,-3.5614762,-2.7955809,-3.5619538,-3.635978,-1.8837855,-2.0191424,-2.0778534,-2.0778537,-2.0895588,-2.0594666,-2.1105828,-1.9320669
CC(=O)OCC(COC(=O)C)OC(=O)C,-0.6,-1.9672338,-3.7702072,-3.4264727,-3.426473,-3.4229865,-3.6811285,-3.3903892,-3.4599228,-0.60349876,-1.7611856,-1.1991869,-1.1991867,-1.1648583,-1.3503561,-1.1148585,-1.6416299,-0.6605474,-3.2284026,-2.8777137,-2.8777134,-2.9093986,-2.990893,-1.6627425,-1.4657232,-0.58891994,-0.28489804,-0.48058054,-0.48058426,-0.20061228,-0.74755394,-0.13970451,-0.5693218,-1.3556304,-3.380676,-3.345303,-3.3453028,-3.338978,-3.4678018,-3.318442,-2.8592634,-0.82048905,-3.7095459,-4.1406193,-4.140619,-4.093599,-4.1322093,-4.0815086,-4.6673417,-1.134853,-1.4759173,-1.8119967,-1.8119965,-2.1364422,-1.7981507,-2.0872004,-1.6433747,-0.5960081,-1.8084841,-1.7894065,-1.7894005,-1.8317891,-0.9264387,-1.6725565,-2.4602122,-0.918905,-0.5821303,-0.63162905,-0.631629,-0.5775295,-0.57915574,-0.58596027,-0.5969879
c1c(OC)c(OC)C2C(=O)OCC2c1,-1.899,-1.9588214,-2.9925234,-2.6261811,-2.6261816,-2.6164205,-2.8154507,-2.609805,-2.799161,-1.9898193,-1.884187,-1.4789256,-1.4789252,-1.4490461,-1.6159984,-1.4713601,-1.9378088,-1.6315194,-2.7798972,-2.5229151,-2.5229146,-2.549077,-2.604473,-1.4551305,-1.3923302,-1.679737,-0.7682791,-1.6336093,-1.6336154,-1.1781701,-1.4498326,-1.5277053,-1.0506382,-1.7178013,-2.4007068,-2.2179627,-2.217963,-2.2057064,-2.3147295,-2.1227746,-1.8995396,-2.3788953,-2.675511,-2.8875415,-2.8875418,-2.9137335,-2.9046533,-2.812135,-3.2557683,-1.5136956,-0.60850275,-0.8922763,-0.8922758,-1.2838923,-1.0601135,-1.2357851,-0.92578447,-1.8905578,-2.756829,-2.3515253,-2.3515198,-2.3631282,-1.526953,-2.395892,-2.892669,-1.950481,-1.6447103,-0.9768433,-0.976843,-1.2201564,-1.117515,-0.8248323,-1.1805574
Cc1cc(C)cc(O)c1,-1.4,-2.2312508,-2.3695407,-2.2436895,-2.24369,-2.2322555,-2.402866,-2.2229474,-2.2020495,-1.4228575,-1.5938786,-0.89624125,-0.89624125,-0.8985684,-1.0938611,-0.90207374,-1.4909327,-1.2456065,-1.8805653,-2.0192945,-2.0192943,-2.0271573,-1.9486912,-1.9571474,-2.0544538,-1.2454664,-1.5700182,-1.8515298,-1.8515365,-1.6383015,-2.1752446,-1.544327,-1.6433456,-1.4342587,-1.8824834,-1.6772302,-1.6772301,-1.6574805,-1.7421983,-1.5751337,-1.0370042,-0.6233316,-2.3917477,-2.577131,-2.5771308,-2.6190233,-2.6194823,-2.5184147,-2.780061,-1.7685227,-1.3057398,-1.4952583,-1.4952582,-2.1998653,-1.8168513,-2.1084244,-1.6279857,-1.3408339,-0.8743979,-0.7621454,-0.76214206,-0.7928685,-0.26923934,-0.90052736,-1.3379273,-1.4655268,-1.0722548,-1.1342788,-1.1342784,-1.1989285,-1.2468736,-1.1593125,-1.2702174
Cc1ccncc1C,0.36,-0.47306153,-2.0814228,-1.7554727,-1.7554728,-1.7449203,-1.8458534,-1.7413913,-1.6131963,0.4863408,-1.9058001,-1.5279115,-1.5279115,-1.5360935,-1.7286925,-1.5051107,-2.0122976,-0.34230474,-1.5327269,-1.6234096,-1.6234095,-1.6289134,-1.577568,-1.7714412,-1.8204504,0.37011364,-1.3590055,-1.7685645,-1.7685708,-1.3467656,-1.857389,-1.4146236,-1.466042,0.33862457,-1.6909593,-1.8685923,-1.8685921,-1.8284941,-1.8432018,-1.7582048,-1.3066523,0.7720638,-1.8344775,-1.7447566,-1.7447566,-1.7480645,-1.7860361,-1.7231147,-1.5487536,-0.43732926,-1.8482323,-0.48214447,-0.48214453,-1.7497175,-0.9981651,-1.6643696,-1.1552371,0.09409611,-2.573388,-2.2633748,-2.2633727,-2.294753,-1.7401556,-2.34699,-2.6089125,0.25682542,-0.5201335,-0.4313865,-0.43138635,-0.40963912,-0.49016315,-0.52239317,-0.49912155
O=C1N(COC(=O)CCCC)C(=O)C(N1)(c2ccccc2)c3ccccc3,-4.678,-5.042731,-5.778156,-5.336065,-5.3360643,-5.3220563,-5.625202,-5.311644,-4.8459873,-5.654822,-5.070456,-4.109866,-4.109866,-4.0241413,-4.5854335,-4.1211815,-4.768734,-5.051544,-4.5277104,-4.309103,-4.3091025,-4.191802,-4.823468,-5.1302133,-5.1125693,-4.5896716,-3.8622198,-4.432097,-4.4321027,-4.054144,-4.6352997,-3.8949122,-4.1418424,-4.9621377,-5.281688,-5.086423,-5.086423,-4.985638,-5.174739,-4.936903,-3.8653615,-4.775944,-4.904422,-4.9381585,-4.9381585,-4.6149054,-4.901754,-4.898181,-4.799528,-4.3786893,-3.9190745,-4.316646,-4.316645,-4.2822504,-5.005457,-4.436793,-4.8711905,-5.200201,-5.2968316,-5.1800537,-5.1800475,-5.2240744,-3.8597367,-5.174168,-6.253117,-4.6655855,-4.629984,-4.887036,-4.8870363,-4.7544885,-4.816301,-4.6956267,-4.772506
CCC(=C(CC)c1ccc(O)cc1)c2ccc(O)cc2 ,-4.07,-4.5976644,-4.4646006,-4.0061336,-4.0061336,-4.021604,-4.3320074,-3.99983,-3.7232883,-4.355061,-3.686637,-3.5498166,-3.5498164,-3.4781892,-3.9953468,-3.5591962,-3.644064,-4.292925,-4.34693,-4.2259264,-4.2259264,-4.2169585,-4.4647117,-4.4869046,-4.7612514,-4.11319,-3.5022295,-3.5378714,-3.5378783,-3.720963,-4.050793,-3.5329418,-2.802539,-4.362052,-4.6489797,-4.658576,-4.658576,-4.2126946,-4.919015,-4.042961,-3.6261463,-3.7255585,-4.5002985,-4.7429237,-4.742923,-4.7884264,-4.589128,-4.501753,-4.0821056,-3.825332,-3.1724472,-4.223625,-4.2236257,-4.3507466,-4.513167,-4.274701,-4.2486506,-4.1824985,-3.715773,-3.7998378,-3.7998307,-3.7880797,-2.489392,-3.9227426,-4.6665688,-4.060632,-4.0360765,-4.1696672,-4.1696672,-4.019147,-4.190877,-4.2042456,-4.134524
CC12CC(O)C3C(CCC4=CC(=O)C=CC34C)C2CCC1(O)C(=O)CO,-3.18,-4.1867037,-4.9168916,-4.537419,-4.5374193,-4.544184,-4.8892994,-4.555963,-4.752815,-3.7053137,-4.079853,-3.383816,-3.3838162,-3.3265393,-3.7666805,-3.4082105,-3.8919456,-3.2188823,-2.7867386,-3.0010417,-3.0010417,-2.973352,-2.9704142,-4.1334796,-3.907762,-3.331955,-3.2158365,-3.5554104,-3.555415,-3.384559,-3.756458,-3.3377542,-3.4487414,-3.5124826,-4.4630685,-4.4006023,-4.4006023,-4.407832,-4.537258,-4.457269,-4.0131707,-3.8076248,-4.823122,-5.1260815,-5.126081,-5.321777,-4.8614383,-5.0278172,-4.935906,-3.3903427,-3.192134,-3.8521118,-3.8521118,-3.858852,-3.997841,-3.8453314,-4.092738,-3.326838,-4.3581142,-4.0311775,-4.03117,-4.0572867,-2.7861478,-4.0970974,-4.486299,-3.1457663,-3.1860523,-3.1374986,-3.137498,-3.2651048,-3.319022,-3.3347325,-3.2407196
CC(C)CC(C)O,-0.8,-1.8692356,-2.055696,-1.5657619,-1.5657622,-1.5505568,-1.796398,-1.4882445,-1.7136652,-0.3818918,-1.1800538,-1.2211678,-1.2211679,-1.2164284,-1.1867375,-1.223431,-1.4995836,-0.6586061,-1.6700981,-1.7570246,-1.7570246,-1.7665524,-1.667369,-1.4740658,-1.5639508,-0.6485797,-1.4527122,-1.6644175,-1.6644244,-1.0182644,-1.8584963,-1.1768115,-1.4881775,-0.56538904,-1.9471146,-1.6896402,-1.6896404,-1.713814,-1.7476411,-1.6517379,-1.538101,-1.3380586,-2.0593164,-2.0484452,-2.0484455,-2.0591562,-2.0132475,-2.010929,-1.5623223,-0.78611463,-1.4945751,-0.4616636,-0.4616634,-1.6828108,-0.82517767,-1.6229415,-1.089766,-0.676963,-1.1103855,-1.000639,-1.0006348,-0.8672795,-0.39722288,-0.9314795,-1.4543148,-0.97717786,-0.57591623,-0.6048439,-0.6048439,-0.6409065,-0.48314062,-0.60825145,-0.23555797
CCN(CC)c1ccccc1,-3.03,-2.4761856,-2.5766025,-2.1364014,-2.1364012,-2.1349275,-2.363803,-2.0954368,-2.340691,-3.2038655,-2.5083027,-3.3370497,-3.3370502,-3.3044777,-3.3619597,-3.3403993,-3.0376542,-2.6078837,-2.648957,-2.7180917,-2.7180917,-2.7293317,-2.6330395,-3.1527555,-3.2057765,-3.2364187,-2.6311262,-3.0044184,-3.0044262,-2.1507356,-3.0756876,-2.2179654,-2.193951,-3.0097032,-3.1449118,-3.9785905,-3.978591,-3.6381361,-3.9273143,-4.098282,-3.5610163,-2.8647208,-2.572709,-2.8991213,-2.8991213,-2.9477427,-2.8938596,-2.782656,-3.2190955,-2.6911497,-2.2417927,-2.0522134,-2.0522132,-2.2333102,-2.3548253,-2.1789303,-2.1485462,-3.3466747,-3.9253945,-3.8323843,-3.8323793,-3.8872168,-2.6820354,-3.946956,-3.8997347,-3.0607948,-4.6578617,-4.236009,-4.2360096,-3.9880497,-3.9721773,-4.1394334,-4.5285897
CN(C)C(=O)Nc1ccc(c(Cl)c1)n2nc(oc2=O)C(C)(C)C,-4.328,-3.8719134,-5.333094,-5.060001,-5.060001,-5.0739236,-5.4667373,-5.140904,-4.8289595,-4.7020907,-4.724323,-3.6284368,-3.6284375,-3.6184623,-4.126325,-3.6332374,-4.212763,-4.4662538,-6.116545,-5.714454,-5.7144537,-5.517397,-5.663288,-5.1777835,-5.276201,-4.2782993,-4.0500565,-4.0358176,-4.0358233,-3.837224,-4.5806737,-3.5957468,-3.7883046,-4.210788,-5.290382,-5.1038303,-5.103831,-5.1585965,-5.44139,-5.3301525,-5.1279235,-4.08412,-5.4816737,-4.8684683,-4.8684688,-4.9862804,-4.8258204,-5.052046,-4.3652005,-3.227005,-6.3362293,-4.5751553,-4.5751557,-5.9900923,-4.1685667,-5.883765,-4.1675673,-4.472179,-4.3763905,-3.988748,-3.9887426,-4.0098076,-2.8654234,-4.181085,-4.7112203,-4.267505,-4.293976,-4.3843904,-4.3843904,-4.4602356,-4.39259,-4.4364676,-4.4249616
Oc1ccccc1Cl,-1.06,-1.1922345,-2.1738195,-2.0036707,-2.0036707,-2.0033338,-2.172843,-2.0099397,-1.7415372,-0.606673,-1.5475729,-1.0100425,-1.0100425,-1.0223382,-1.1470754,-0.9972349,-1.4531537,-0.880629,-1.5868679,-1.6454765,-1.6454766,-1.6511904,-1.6343447,-1.4070823,-1.186516,-1.0665766,-1.5872649,-1.8451712,-1.8451781,-1.466556,-2.1064403,-1.4061345,-1.4848121,-1.218868,-1.6539515,-1.6909703,-1.6909702,-1.6304338,-1.7747921,-1.6092908,-1.3006363,-1.3411919,-2.0576236,-2.0617757,-2.0617757,-2.0887222,-2.0529006,-2.0658915,-1.696944,-1.6262244,-0.24768724,-0.83806336,-0.8380633,-0.9852917,-1.1074668,-0.91242284,-0.9244938,-0.93675095,-0.8712446,-1.0245872,-1.0245861,-1.036033,-0.7062602,-0.9778603,-0.92518824,-1.0705069,-1.2451766,-1.2599015,-1.2599013,-1.1911025,-1.1800711,-1.2098739,-1.1369163
CN(C(=O)COc1nc2ccccc2s1)c3ccccc3,-4.873,-4.2522283,-4.6856656,-4.4531045,-4.4531045,-4.407212,-4.9234333,-4.238099,-4.7162733,-5.123191,-5.7749357,-4.533259,-4.533259,-4.2627583,-5.0194936,-4.6888714,-4.3974943,-4.9893365,-5.0183506,-4.8149886,-4.814988,-4.7910824,-4.8219404,-5.099442,-5.245703,-4.5166097,-4.3617706,-4.4402494,-4.440257,-4.0933957,-4.7164626,-3.7144048,-4.0396867,-4.430953,-4.3849735,-4.339486,-4.339485,-4.3338675,-4.529727,-4.3428073,-4.4785852,-4.1561346,-4.8588486,-4.7930546,-4.7930546,-4.766643,-4.851188,-5.0250716,-4.8891373,-3.6522598,-4.035968,-4.3989034,-4.398904,-4.4959373,-4.707513,-4.512321,-4.4244833,-4.957183,-5.2482023,-4.858096,-4.8580933,-4.9183755,-3.706209,-4.7623754,-5.217067,-4.786753,-4.84981,-4.935001,-4.9350004,-4.8560615,-4.973821,-4.8884196,-4.9851646
c1ccsc1,-1.33,-1.2258811,-1.7367325,-1.4426706,-1.442671,-1.4367052,-1.4709703,-1.4370843,-0.47906703,-1.129247,-0.8015817,-0.83560705,-0.83560663,-0.8382088,-0.7490199,-0.82692474,-0.8267272,-1.0885257,-1.1228495,-1.1825005,-1.1825006,-1.184418,-1.1697725,-1.5297363,-1.5756372,-1.3016417,-0.78382254,-1.3797652,-1.3797723,-0.6941904,-1.1345598,-1.0445478,-0.8199295,-1.2097995,-2.2588303,-0.95417386,-0.954174,-0.9675502,-0.9935536,-0.94262725,-0.61316866,-1.2606875,-1.8925363,-1.8830472,-1.8830473,-1.925509,-1.83313,-1.9143137,-1.1878209,-1.4344014,-1.620454,-0.5618166,-0.56181633,-1.7051029,-0.5915222,-1.6458408,-1.2153975,-1.3147271,-0.88946074,-0.97195417,-0.9719537,-0.9676987,-0.771127,-0.9486853,-1.0249227,-1.3163865,-1.7793212,-1.8124404,-1.8124404,-1.8698113,-1.8809977,-1.8324943,-1.5411043
CNC(=O)Oc1cccc(N=CN(C)C)c1,-2.34,-2.7948213,-3.8975737,-3.8884962,-3.888496,-3.8988976,-4.3626723,-3.9288423,-4.494347,-2.3501928,-3.4718966,-2.5571058,-2.5571058,-2.5146353,-3.0721834,-2.5682116,-2.8761764,-2.2205606,-3.5472283,-3.338237,-3.3382368,-3.315967,-3.1940112,-2.5832827,-2.713872,-2.2149003,-1.8356355,-2.3917122,-2.3917172,-2.2720323,-2.6309097,-2.172886,-2.0222156,-2.3560503,-3.6693296,-3.4700265,-3.4700263,-3.514138,-3.739348,-3.5402875,-3.1940477,-2.576312,-4.5443187,-4.2618527,-4.261853,-4.327419,-4.263175,-4.419811,-4.0772843,-1.9304558,-4.155738,-2.6961765,-2.696176,-4.292192,-2.746589,-4.1868377,-2.9817226,-2.5057538,-3.0416415,-2.670215,-2.6702101,-2.698626,-1.8928405,-2.622657,-3.0006316,-2.3130286,-2.3712163,-2.3880122,-2.3880124,-2.3076227,-2.374037,-2.4293914,-2.3718514
Clc1cccc2ccccc12,-3.93,-2.5489943,-2.5153065,-2.4907837,-2.4907835,-2.490856,-2.749525,-2.4972453,-2.8680832,-3.5854075,-3.5776775,-3.6014216,-3.6014223,-3.597328,-3.649627,-3.584285,-3.665893,-3.5108643,-2.2593198,-2.4284985,-2.4284983,-2.440246,-2.3900595,-3.4735372,-3.0448172,-3.9625123,-3.6848874,-4.2889137,-4.288924,-4.053609,-4.282295,-3.9708045,-3.6766438,-4.023011,-1.9606105,-2.377461,-2.3774614,-2.3316226,-2.39628,-2.305645,-2.4094806,-3.7238479,-2.3935385,-2.533261,-2.5332608,-2.5621428,-2.5097237,-2.4207695,-2.234602,-3.7534223,-5.377342,-3.441916,-3.441915,-5.4103293,-3.9827087,-5.4100904,-3.4246788,-4.013633,-4.3055997,-4.163371,-4.1633706,-4.172946,-3.616578,-4.0461965,-4.1968856,-4.343377,-4.1932497,-4.1631627,-4.163163,-4.111588,-4.125692,-4.145627,-4.1346765
CC(C)COC=O,-1.01,-1.252642,-1.9925357,-1.52236,-1.5223602,-1.522235,-1.7359983,-1.4809527,-1.7872036,-0.8572307,-0.86259276,-0.4669262,-0.46692574,-0.46624428,-0.493752,-0.4700276,-1.0897236,-0.8962564,-1.3816909,-1.4123561,-1.4123561,-1.4175739,-1.3329293,-0.95025444,-0.91948014,-0.7865709,-0.9662197,-1.0651897,-1.0651969,-0.7400349,-1.3498653,-0.7834857,-1.0983887,-0.97921884,-1.8825954,-1.6768003,-1.6768001,-1.7079153,-1.7966267,-2.058538,-1.7392056,-1.2698802,-2.0602288,-1.4037272,-1.403727,-1.3842275,-1.5236145,-1.5002933,-1.4983306,-1.4338682,-0.66666806,-0.7007435,-0.70074356,-1.2146354,-1.0192362,-1.1464647,-1.0323889,-0.9266864,-0.8873936,-0.7097505,-0.7097462,-0.7619108,-0.22330642,-0.98183036,-1.0380719,-1.3047197,-1.3354304,-1.4152739,-1.4152735,-1.5050414,-1.5499586,-1.4293975,-1.7058471
CC(Cl)CCl,-1.6,-1.0469509,-1.5313706,-0.8623823,-0.86238223,-0.85630435,-1.1016233,-0.85051024,-1.6225463,-1.0752863,-1.0136591,-0.9069749,-0.9069748,-0.9097923,-0.9694658,-0.8987285,-1.1994218,-1.2525918,-1.061944,-1.0727198,-1.0727197,-1.0735203,-1.0766132,-1.3872457,-1.4527586,-1.6525424,-1.5119404,-1.8879822,-1.8879894,-1.4331772,-1.9246899,-1.625161,-1.3531231,-1.6901888,-1.7497905,-1.4917457,-1.4917456,-1.4983368,-1.4950658,-1.4431868,-1.6034636,-1.0928255,-1.3438944,-1.1010509,-1.1010509,-1.0914855,-1.1032395,-1.0920706,-1.2752287,-1.9444932,-1.7549169,-1.7755914,-1.7755916,-1.6162026,-2.2714922,-1.5586292,-1.8473419,-1.6145788,-1.5273526,-1.6883531,-1.6883508,-1.6943808,-1.2814324,-1.815174,-1.3615948,-2.389824,-2.0521243,-2.0435936,-2.043594,-2.0209918,-1.992038,-2.0217638,-1.9237633
ClC(Cl)C(Cl)Cl,-1.74,-1.9221781,-1.7215871,-1.459208,-1.459208,-1.4513222,-1.8237958,-1.4117398,-2.2790852,-1.4653497,-2.311366,-2.2770827,-2.2770822,-2.2774394,-2.29521,-2.2784622,-2.7144854,-1.611728,-1.0519321,-1.011739,-1.0117391,-1.0125874,-1.09524,-1.5020915,-1.6834782,-2.0158036,-1.6624972,-2.322694,-2.3227022,-1.772947,-2.2020843,-1.9011048,-1.4712191,-1.7943691,-3.9771256,-2.2702408,-2.2702413,-2.4916747,-2.2903535,-2.574171,-2.624149,-1.9177054,-1.4655068,-1.2864,-1.2864,-1.2961001,-1.3101116,-1.2671375,-1.3659109,-1.7200629,-2.7122974,-2.6685255,-2.6685257,-3.3561132,-3.0101829,-3.3729932,-2.818987,-1.7510041,-2.8212197,-2.6379774,-2.6379764,-2.647998,-2.3068936,-2.772222,-2.4533713,-2.8716917,-2.2508566,-2.4165242,-2.4165235,-2.5747216,-2.652281,-2.4698691,-2.582138
CNC(=O)ON=C(SC)C(=O)N(C)C,0.106,-1.1839921,-3.5644646,-3.2764564,-3.2764566,-3.2808523,-3.5568838,-3.3057191,-3.2460897,0.4547868,-1.8480735,-0.96050024,-0.96049994,-0.9528195,-1.29157,-0.87712985,-1.5795244,-0.0016180316,-3.2542028,-2.945484,-2.945484,-2.9628382,-2.9829235,-2.070738,-2.1119213,-0.10721169,-0.7150113,-1.1493642,-1.149369,-0.7160263,-1.2723776,-0.7161574,-0.76590765,-0.43782398,-3.2268577,-3.0566883,-3.056688,-3.0578077,-3.2403266,-3.0027568,-2.5143049,-1.3896544,-3.7915778,-3.1703122,-3.1703122,-3.2047439,-3.1336262,-3.2462828,-2.9966676,-2.429826,-2.962453,-2.6444242,-2.644424,-3.2785442,-2.6297588,-3.2562592,-2.6350412,-0.10793997,-2.0458026,-2.015917,-2.0159116,-2.0072858,-1.176625,-1.9387537,-2.5468817,0.036792915,0.11363499,0.078127846,0.07812785,0.06299187,0.16771148,0.027232572,0.057249997
ClC2=C(Cl)C3(Cl)C1C=CCC1C2(Cl)C3(Cl)Cl ,-5.64,-6.106244,-3.6470113,-4.229678,-4.229678,-4.227017,-4.5887475,-4.189792,-6.4084735,-5.5883307,-5.065447,-5.2465906,-5.24659,-5.236137,-5.3039823,-5.2181106,-5.7244725,-5.589469,-5.6923447,-5.296857,-5.2968564,-5.3331985,-5.3727145,-5.2693768,-5.5230703,-5.6220365,-4.3342223,-5.388124,-5.3881326,-5.0149665,-4.960932,-5.065272,-4.8020415,-6.0575256,-3.1664367,-3.5255108,-3.5255115,-3.5002584,-3.8832877,-3.4923725,-5.044491,-5.242572,-2.536915,-2.806228,-2.806228,-2.8599498,-2.7942426,-2.6797352,-3.0079582,-6.004928,-4.1698904,-5.1213527,-5.121352,-4.5827374,-5.792425,-4.7029023,-5.476924,-5.5161843,-5.950374,-5.808941,-5.80894,-5.7939835,-5.1117206,-5.9382415,-6.4784136,-5.611394,-4.877308,-5.120154,-5.120154,-5.1052365,-5.165595,-5.3895984,-5.4095397
c2cnc1ncncc1n2,0.02,-1.454836,-2.1589396,-1.9536957,-1.953696,-1.9583231,-2.1447997,-1.9708983,-1.811673,0.3079575,-1.7691827,-1.0079273,-1.0079271,-1.0119659,-1.1010352,-0.9998231,-1.379522,0.09677871,-1.2915581,-1.3026621,-1.302662,-1.3054612,-1.2389853,-0.9757477,-1.1067214,-0.2855349,-0.6286709,-1.3789893,-1.3789934,-0.9032679,-1.2942766,-1.1390799,-0.6520318,0.15505931,-1.7804431,-1.9434721,-1.9434721,-1.9747896,-1.9482793,-2.026403,-1.3657349,-0.07668194,-2.3153193,-2.3713472,-2.3713477,-2.403066,-2.3718815,-2.328393,-2.04467,-0.69299716,-1.6085488,-1.2180526,-1.2180525,-1.7229773,-1.3402317,-1.6563568,-1.239105,0.07009722,-1.6823877,-1.6571186,-1.6571174,-1.683289,-1.4068799,-1.4627801,-1.6241411,0.018598886,0.0080746,-0.07207188,-0.0720718,-0.043622747,0.0071073826,-0.061694093,-0.14237294
O=C1NC(=O)NC(=O)C1(C)CC,-1.228,-1.4540106,-2.2949443,-1.9062102,-1.9062102,-1.8947157,-2.2648966,-1.8481156,-2.551552,-1.6218783,-1.2149086,-1.1808094,-1.1808096,-1.1877203,-1.241854,-1.166069,-1.8678112,-1.6931497,-2.498972,-2.5347657,-2.534766,-2.5497193,-2.5368319,-2.316223,-2.2313905,-1.6484208,-1.3663377,-1.6084188,-1.6084236,-1.2411901,-1.8325493,-1.3980932,-1.3843762,-1.3218812,-2.453949,-2.5965626,-2.5965621,-2.5825047,-2.759409,-2.593971,-2.421511,-0.81489784,-1.9549862,-1.6876537,-1.6876538,-1.5105749,-1.7590748,-1.7913035,-1.3917049,-2.2905653,-1.3341343,-1.5843163,-1.5843155,-1.8291806,-1.7543703,-1.7244931,-1.961309,-1.3106406,-1.524505,-1.4031549,-1.4031491,-1.4428973,-0.6190641,-1.7184237,-1.7625934,-1.2148721,-1.0881902,-1.2017423,-1.2017425,-1.1843128,-1.3035588,-1.2333969,-1.2157682
Clc1cc(c(Cl)c(Cl)c1Cl)c2cc(Cl)c(Cl)c(Cl)c2Cl,-9.16,-9.755317,-5.8048306,-5.631489,-5.6314874,-5.632625,-5.941237,-5.654,-7.131879,-9.357957,-8.90388,-9.30751,-9.307509,-9.244343,-9.115558,-9.27536,-9.079838,-9.1215925,-8.496329,-9.755079,-9.755078,-9.803604,-9.694532,-9.707343,-9.244894,-8.87302,-8.78732,-9.424067,-9.424075,-9.602781,-9.962547,-8.927105,-8.552526,-9.302044,-6.0803103,-7.346112,-7.3461103,-7.477465,-7.4716806,-7.544784,-8.779609,-8.562068,-4.285226,-4.585643,-4.5856423,-4.79617,-4.4230676,-4.622413,-5.2877684,-9.783792,-5.865588,-9.23954,-9.239538,-6.707253,-9.82916,-6.621274,-9.170616,-8.887866,-10.432476,-9.814341,-9.814343,-9.815091,-8.515933,-10.048035,-9.191759,-8.920855,-8.922335,-9.179873,-9.179872,-9.150869,-9.144183,-8.998077,-8.971807
c1ccc2c(c1)cc3ccc4cccc5ccc2c3c45,-8.699,-8.661191,-3.3855839,-3.5186386,-3.5186388,-3.5329943,-4.0083404,-3.56331,-6.116096,-8.409578,-5.9483867,-6.9541364,-6.954139,-6.8443527,-7.314097,-6.9533844,-6.7639933,-8.716274,-4.913244,-5.300272,-5.300272,-5.3022227,-5.118964,-8.167447,-7.827417,-8.303326,-7.035666,-7.8484645,-7.848473,-8.134371,-7.8553543,-7.6853595,-7.86343,-8.2224,-3.0041792,-3.849671,-3.8496714,-3.8512058,-3.8201096,-3.8565025,-7.97144,-6.4628434,-3.8582036,-4.2001305,-4.2001305,-4.3014917,-4.12758,-4.097955,-4.6970468,-7.7521353,-7.2677627,-7.2273335,-7.2273345,-8.032081,-8.20535,-7.9383926,-7.5274115,-8.759855,-7.2638144,-7.840204,-7.8402042,-7.8171372,-6.598645,-8.137057,-8.149678,-8.489198,-9.076578,-8.896562,-8.896561,-8.879524,-8.951521,-8.975601,-8.634653
CCOc2ccc1nc(sc1c2)S(N)(=O)=O ,-3.81,-3.367616,-3.7337074,-3.6340058,-3.634006,-3.6488438,-4.0685186,-3.6976519,-3.6931562,-3.9304357,-3.531006,-3.0292783,-3.0292783,-2.9827132,-3.2987196,-3.0722687,-3.0564463,-3.7799313,-4.097471,-3.9196818,-3.9196813,-3.93227,-3.87297,-3.3317459,-3.2085364,-3.6220813,-2.8358815,-3.0419226,-3.0419304,-2.7318401,-3.3407967,-2.800785,-2.6171982,-3.766796,-3.3276443,-3.12528,-3.1252801,-3.1855264,-3.4130628,-3.2147434,-3.0664752,-2.8719358,-4.212142,-4.0595345,-4.059534,-3.7812266,-4.1777425,-3.8786798,-4.0407066,-3.8067899,-3.1920118,-3.7200825,-3.7200828,-3.715728,-3.883556,-3.5818684,-4.025545,-3.8522608,-3.8681178,-3.2190063,-3.2190018,-3.2354903,-2.2197297,-3.3392925,-3.6675272,-3.7117636,-3.9269297,-3.9227142,-3.9227135,-3.8645146,-3.8977988,-4.0264196,-3.8382475
Cc1ccc(cc1)N(=O)=O,-2.49,-2.0168335,-2.3325393,-2.1764247,-2.1764252,-2.188422,-2.4577005,-2.21775,-2.405478,-2.026379,-1.3528836,-1.590437,-1.5904369,-1.5817076,-1.5079806,-1.5910426,-1.9425875,-2.6122162,-1.8898693,-2.038228,-2.038228,-2.0502176,-1.9902414,-2.6560886,-2.5686834,-2.574401,-1.9638807,-2.4060783,-2.4060857,-2.012075,-2.5649579,-2.090848,-2.0218945,-2.5417283,-1.9150758,-1.5564048,-1.5564045,-1.6062088,-1.7050543,-1.5864118,-1.7780954,-2.3014238,-2.9466574,-2.0871806,-2.0871804,-2.175233,-2.0121758,-2.4277797,-1.5769185,-2.155158,-1.8835442,-2.1980433,-2.198043,-2.4649785,-2.6852214,-2.3567193,-2.435379,-2.378453,-2.4125104,-1.9889963,-1.9889938,-2.0111258,-1.3261702,-2.3300464,-2.3384004,-2.5249746,-2.3102212,-2.432196,-2.4321954,-2.4188201,-2.4520633,-2.4361281,-2.4802322
CCCCCCCC(C)O,-2.74,-4.273669,-3.0535407,-2.8553605,-2.8553612,-2.8665504,-3.2156782,-2.8877523,-2.928014,-2.7857995,-2.6550603,-3.2974179,-3.2974184,-3.2380385,-3.4639308,-3.2939694,-2.7060144,-2.7636719,-2.8098993,-2.752268,-2.7522683,-2.7634442,-2.6469269,-3.4540653,-3.4337602,-2.6645675,-3.0883572,-3.566959,-3.5669656,-2.7861419,-3.7695572,-3.1883526,-3.1496563,-2.7972906,-2.8776903,-2.7725372,-2.7725375,-2.8337336,-2.945275,-2.860934,-2.749713,-3.6144006,-3.5675938,-3.4057536,-3.4057536,-3.1661558,-3.410518,-3.211243,-3.7001143,-2.9454217,-3.227265,-2.640303,-2.6403022,-3.4789553,-3.011119,-3.4119961,-2.7831602,-2.7431128,-3.355434,-3.1702049,-3.1702,-3.0626216,-2.118924,-3.4630303,-3.5578432,-2.693326,-2.660036,-2.7645853,-2.7645857,-2.7663004,-2.6983016,-2.8224277,-2.7105687
CCOc1ccc(NC(N)=O)cc1,-2.17,-2.5010734,-3.1601381,-3.136435,-3.1364355,-3.1545286,-3.572503,-3.1995802,-3.1713967,-2.1593125,-3.2127757,-1.7251647,-1.7251652,-1.6592422,-2.1871507,-1.715593,-2.4921725,-2.1380663,-2.7461839,-2.6379309,-2.6379309,-2.6501167,-2.6042585,-2.1522996,-2.2433355,-2.0706508,-1.5690116,-1.9758224,-1.9758286,-1.804412,-2.2451808,-1.7564794,-1.6267862,-2.25843,-2.721371,-2.6027198,-2.6027198,-2.6773431,-2.8539264,-2.72263,-2.5130794,-2.340758,-4.5524616,-3.9812315,-3.9812315,-4.106798,-3.8802495,-4.319067,-4.0481176,-2.9737,-2.4210057,-2.6158895,-2.6158895,-3.0683591,-2.7796698,-2.9506023,-2.8878856,-2.069818,-3.1492338,-2.516987,-2.5169835,-2.5437145,-1.7697549,-2.6214435,-3.178342,-2.1208484,-2.1675763,-2.210108,-2.210108,-2.1899726,-2.2378569,-2.2172918,-2.2168117
CCOC(C)OCC,-0.43,-0.50976217,-2.3838246,-1.8364897,-1.8364899,-1.8289522,-1.9605508,-1.8286089,-1.7225306,-0.36176664,-1.4642909,-1.3058435,-1.3058434,-1.2849109,-1.4370434,-1.2827481,-1.8286558,-0.8549003,-1.7058283,-1.6886824,-1.6886824,-1.6945773,-1.5698766,-0.9912512,-1.1910701,-0.5966021,-0.51764363,-0.83076614,-0.8307717,-0.33212423,-0.9692556,-0.49928617,-0.52342063,-0.39484376,-2.0553024,-1.8184047,-1.8184046,-1.808963,-1.886526,-1.7204418,-1.4251349,-0.2641703,-2.4335644,-2.512709,-2.5127091,-2.414955,-2.5489166,-2.444752,-2.5143063,-0.8905773,-1.0788673,-0.4424694,-0.4424692,-1.1028025,-0.8064973,-1.0632231,-0.7600896,-0.6472055,-2.3250825,-2.1375916,-2.137587,-2.2163985,-1.2321742,-1.8878373,-2.4542065,-0.45951903,-0.50661075,-0.6072242,-0.6072242,-0.51962185,-0.50402313,-0.5239026,-0.80734515
CN(C)C(=O)Nc1cccc(c1)C(F)(F)F,-3.43,-2.7233932,-3.672607,-3.5371253,-3.537125,-3.5435774,-3.8873765,-3.58125,-3.9270294,-3.349236,-0.8866988,-2.0022352,-2.0022347,-1.9166737,-1.8031064,-1.990862,-1.2381936,-3.4777067,-3.6576757,-3.4774973,-3.4774976,-3.4866447,-3.5112638,-2.7261019,-2.6701453,-3.4277258,-2.9696758,-3.7507467,-3.7507544,-3.1205044,-3.7356493,-3.4753103,-3.3779755,-3.6795156,-3.2024965,-2.934802,-2.934802,-2.9807827,-3.113185,-2.976382,-3.1744833,-2.9618127,-3.6310952,-3.7445252,-3.7445257,-3.7557597,-3.7401788,-3.741922,-4.2103963,-2.9113917,-2.9902053,-3.0709062,-3.0709054,-3.4055057,-3.0995166,-3.3416035,-3.1796,-3.3355966,-2.847825,-2.8343668,-2.8343594,-2.8672552,-1.6860347,-3.2616565,-2.8424385,-3.370168,-2.1281917,-2.0467787,-2.0467782,-2.0497818,-2.1453025,-2.0466175,-2.2708797
Cc1c2ccccc2cc3ccccc13,-5.89,-5.7466807,-2.9432914,-2.8401015,-2.8401015,-2.8468523,-3.1639667,-2.8746831,-3.6861613,-5.804835,-4.4290624,-5.2773366,-5.2773356,-5.2142878,-5.511069,-5.2988167,-5.0879626,-6.0392985,-3.706626,-3.8174193,-3.8174188,-3.830145,-3.7206798,-5.5631785,-5.432555,-5.7418165,-4.8433733,-5.227476,-5.227485,-5.1755276,-5.2924266,-5.098855,-5.328305,-6.0458136,-3.6671145,-2.9909277,-2.990927,-3.1315382,-2.9578855,-3.0187387,-4.544337,-4.9845395,-3.295241,-3.643343,-3.6433434,-3.7256887,-3.6068356,-3.5551362,-4.393516,-6.218058,-6.107931,-5.5289226,-5.528922,-6.568353,-6.297168,-6.5205736,-5.583964,-6.0199814,-5.393893,-5.2826633,-5.2826614,-5.289629,-3.9556375,-5.819703,-5.362583,-5.7498403,-6.045021,-6.007852,-6.0078516,-5.8789115,-5.8977365,-5.9218855,-5.9557557
ClC(Cl)=C(c1ccc(Cl)cc1)c2ccc(Cl)cc2,-6.9,-7.006207,-4.939383,-4.4705663,-4.4705667,-4.4595127,-4.786824,-4.4551945,-4.6167736,-7.0006704,-7.0863,-6.798351,-6.7983494,-6.751446,-7.006384,-6.78721,-6.4243402,-6.8678136,-5.0285134,-5.048705,-5.048705,-5.091004,-5.2609844,-6.3570313,-5.8196025,-6.6760955,-5.794643,-6.0800447,-6.080053,-6.290775,-6.284398,-5.9985933,-5.755319,-6.9992213,-5.5687594,-6.626706,-6.626706,-6.6101465,-6.777359,-6.3055983,-7.215735,-6.8364305,-4.1195655,-4.839342,-4.8393416,-5.0505333,-4.672636,-4.8541503,-5.2357244,-7.2410216,-4.120805,-5.7625284,-5.762528,-4.6886535,-6.41055,-4.6975713,-5.9930673,-6.920578,-7.0036187,-6.6906457,-6.690645,-6.7174234,-5.340294,-6.861372,-7.1115294,-6.8365564,-7.0363674,-7.192707,-7.192709,-7.0330796,-7.0389385,-7.0597367,-6.886385
CC1CC2C3CCC4=CC(=O)C=CC4(C)C3(F)C(O)CC2(C)C1(O)C(=O)CO,-3.59,-4.382365,-5.2058034,-4.8316197,-4.8316197,-4.8369536,-5.171438,-4.824783,-5.029979,-4.2931843,-3.809832,-3.0787094,-3.0787091,-3.0278244,-3.431705,-3.0888596,-3.5954156,-3.7855024,-2.6410408,-2.82773,-2.8277304,-2.8292012,-2.6881375,-4.132713,-3.800504,-3.7849905,-3.2624574,-3.5287702,-3.5287745,-3.4106827,-3.7830799,-3.5964012,-3.6330729,-4.140709,-4.745684,-4.679735,-4.6797347,-4.68444,-4.781863,-4.756493,-4.0411015,-3.6544812,-4.5113316,-4.5958433,-4.595843,-4.532321,-4.4405184,-4.235165,-4.9062943,-3.7166188,-3.369505,-3.9572756,-3.9572759,-4.001902,-4.178454,-4.0454407,-4.1710386,-3.834798,-4.1380973,-3.8579738,-3.857965,-3.8822234,-2.6751912,-4.0106387,-4.173829,-3.57031,-3.6154156,-3.6289155,-3.6289153,-3.7337978,-3.7317169,-3.6788206,-3.5939724
c1ccccc1n2ncc(N)c(Br)c2(=O),-3.127,-3.445204,-3.4993873,-3.267507,-3.2675068,-3.2760277,-3.6040878,-3.3233564,-3.4175158,-2.9722795,-4.01038,-3.339371,-3.339371,-3.3023627,-3.3725154,-3.3892066,-3.6122727,-3.0330741,-3.8777392,-3.6903636,-3.6903627,-3.712989,-3.756024,-3.9261272,-3.5785978,-3.136524,-3.3013587,-3.8460102,-3.84602,-3.442237,-4.010994,-3.5818498,-3.4395885,-3.5282161,-2.8484623,-2.81717,-2.8171697,-2.8826258,-2.9880025,-2.918971,-3.0090728,-2.5677633,-3.3098128,-3.0505908,-3.0505905,-3.088067,-3.1219716,-3.143948,-3.2122514,-2.6357338,-2.483046,-2.7644463,-2.7644463,-2.9839973,-3.0059652,-2.9015205,-2.8201144,-3.155522,-3.9031181,-3.6962306,-3.696227,-3.7773428,-2.9228096,-3.9457734,-4.885107,-3.0392447,-1.9176993,-2.691428,-2.691428,-2.6648052,-2.5687978,-3.1109536,-2.1782706
Cc1c(C)c2c3ccccc3ccc2c4ccccc14,-7.01,-7.0628557,-3.8007503,-3.6295278,-3.6295276,-3.6332116,-3.9682608,-3.6645784,-4.4210777,-7.195969,-5.1372104,-5.7263346,-5.726333,-5.663241,-6.24322,-5.7229857,-5.5058246,-7.008825,-4.9637284,-5.2570915,-5.257091,-5.2511644,-5.232101,-7.011007,-6.7548895,-6.3653426,-6.386539,-6.673141,-6.6731496,-6.8501406,-6.8707476,-6.6582675,-6.750956,-6.9956226,-3.2405381,-3.213315,-3.2133162,-3.2058003,-3.3236406,-3.1682649,-3.6716397,-5.4607935,-3.8301392,-4.2909517,-4.2909513,-4.3992987,-4.2032876,-4.158558,-4.7540913,-7.839922,-6.7643433,-7.32679,-7.3267894,-7.486319,-7.862093,-7.4031606,-7.652309,-7.064657,-5.694281,-5.897378,-5.8973727,-5.8930397,-4.192105,-6.4510083,-5.6903358,-6.8022776,-6.649742,-7.1532416,-7.1532426,-7.1288733,-7.153462,-7.048063,-6.9936175
CC1(C)C(C(=O)OC(C#N)c2cccc(Oc3ccccc3)c2)C1(C)C,-6.025,-5.5861845,-6.0039096,-5.541367,-5.5413675,-5.545625,-5.8296013,-5.5641503,-5.076778,-5.8304486,-4.8534007,-4.082508,-4.082509,-3.9987962,-4.6000485,-4.0872765,-5.1437073,-6.1223826,-5.3251357,-5.454144,-5.4541445,-5.526355,-5.734283,-6.105417,-6.1064534,-5.826326,-5.404471,-5.679609,-5.679616,-5.6537066,-5.624961,-5.3797174,-5.733352,-5.8264437,-6.0836844,-5.8687925,-5.8687925,-5.882912,-5.9620895,-6.064921,-5.1893497,-6.092122,-5.2835054,-4.7429786,-4.7429786,-4.840646,-4.726098,-4.976073,-4.65469,-4.9051847,-5.2726574,-5.1705136,-5.1705146,-5.5991507,-5.6903877,-5.629462,-5.018454,-6.1883554,-5.416509,-5.011985,-5.011979,-5.0384464,-3.7575264,-5.0923767,-5.377027,-6.230064,-5.941627,-6.148129,-6.148128,-6.0496883,-6.144879,-6.084597,-6.097169
Clc1ccccc1,-2.38,-1.505025,-2.0195737,-1.7768003,-1.7768002,-1.786579,-1.9741102,-1.8025368,-1.5314007,-2.0025823,-1.6729314,-1.4412119,-1.4412123,-1.4459724,-1.4549172,-1.4278389,-1.6291916,-2.2920377,-1.5084295,-1.5956197,-1.5956199,-1.5988827,-1.5760945,-2.114363,-1.8106792,-2.4192262,-1.9728175,-2.3948145,-2.3948214,-1.9817346,-2.495165,-2.029001,-1.8677641,-2.486374,-2.0909243,-2.0233672,-2.0233672,-1.9960196,-2.1095362,-2.0475512,-1.7142434,-2.1560397,-2.2335675,-2.354283,-2.3542829,-2.4200108,-2.3391356,-2.4353015,-2.3818994,-3.3493173,-2.3755393,-2.8047655,-2.8047652,-2.401692,-2.996039,-2.4043627,-2.8860574,-2.329081,-2.5411406,-2.4584296,-2.458429,-2.462317,-2.1130476,-2.3647113,-2.4287462,-2.5699208,-2.6819248,-2.735348,-2.735348,-2.6875095,-2.5924418,-2.7083032,-2.5060458
CN(C)C(=O)C,1.11,1.5056069,-1.8515644,-1.3126718,-1.3126717,-1.2983772,-1.3618913,-1.291206,-1.2965858,1.1168157,-0.87618387,-0.12718204,-0.12718178,-0.14086567,-0.39308107,-0.10626795,-1.1466254,1.2873137,-1.3521808,-1.3705821,-1.370582,-1.3746773,-1.3432409,-0.99693173,-1.1093414,0.9835565,-0.5144928,-0.43951568,-0.43952003,-0.1910034,-0.7679037,-0.07833349,-0.67866796,0.9214192,-1.6355581,-1.7829363,-1.7829362,-1.7315638,-1.8262872,-1.7274266,-0.7000886,0.13052455,-1.6759874,-1.4784309,-1.478431,-1.4752309,-1.4838305,-1.4708456,-1.0628164,0.34249306,-0.7848388,0.46674207,0.4667423,-0.7796195,0.14356361,-0.722933,-0.28968036,1.1195225,-1.2859794,-1.0643872,-1.0643836,-1.0915142,-0.6650021,-1.0836983,-1.6390021,0.026944388,-0.31365955,-0.1405069,-0.14050685,0.07847576,0.10138996,-0.09179624,-0.10035019
COc2ncc1nccnc1n2,-1.11,-2.4483552,-2.490141,-2.3865376,-2.3865378,-2.3974516,-2.7014766,-2.425493,-2.8505456,-1.0705684,-2.3149478,-1.0849146,-1.0849147,-1.063037,-1.3583174,-1.093664,-1.7723017,-0.89485717,-1.7694308,-1.7348374,-1.7348379,-1.7400999,-1.6362115,-1.1914356,-1.446158,-1.350727,-0.6966864,-1.4010007,-1.4010056,-0.99104303,-1.3891737,-1.1840191,-0.6498376,-0.8048108,-2.156838,-2.4695334,-2.4695337,-2.529527,-2.538182,-2.5644283,-2.1755767,-1.3911214,-3.223874,-2.8063486,-2.8063486,-2.801807,-2.810241,-2.7689586,-3.0313442,-1.6327245,-1.3604634,-2.03826,-2.0382595,-2.014325,-2.1464381,-1.9630481,-1.9104232,-0.96991706,-2.2943554,-2.054239,-2.0542343,-2.0988388,-1.2024664,-2.1854978,-2.2168422,-1.073479,-1.1104465,-1.190365,-1.1903646,-1.1391526,-1.1029248,-1.1849805,-1.1743324
c3ccc2c(O)c1ccccc1cc2c3 ,-4.73,-4.211499,-2.816145,-2.8489158,-2.8489156,-2.8591857,-3.2283382,-2.8832612,-4.210455,-4.5188785,-4.09868,-4.220677,-4.2206774,-4.172208,-4.3246303,-4.2373686,-4.491218,-4.3031397,-3.2738621,-3.4235804,-3.423581,-3.4396384,-3.287839,-4.576123,-4.5153823,-4.7987695,-4.558775,-5.079367,-5.079377,-4.999293,-5.1678143,-4.828511,-4.768062,-4.4325337,-2.435871,-3.1611514,-3.1611514,-3.1708345,-3.1142976,-3.1873035,-5.0879383,-2.8177192,-3.3336513,-3.6515746,-3.6515744,-3.727169,-3.6141036,-3.5538752,-4.3881702,-2.5617132,-2.611145,-2.6510963,-2.6510954,-3.3604305,-2.9761672,-3.2506936,-2.570117,-4.7976656,-5.020421,-5.059826,-5.059824,-5.0863695,-4.233696,-5.1474557,-5.3372965,-4.6231847,-4.5157614,-4.726358,-4.7263575,-4.71734,-4.7761674,-4.8077984,-4.7525444
CCC(C)C,-3.18,-2.010713,-1.666119,-0.9885481,-0.98854804,-0.9824111,-1.144723,-0.97829604,-1.2038218,-2.9928217,-1.1762317,-1.5104085,-1.5104091,-1.5018446,-1.5182624,-1.5059471,-1.6016803,-3.118691,-1.4132402,-1.5370569,-1.5370568,-1.5401267,-1.4705087,-2.2269998,-2.0484495,-3.051484,-1.4956357,-1.9741826,-1.9741896,-1.4424411,-1.9837,-1.7307013,-1.5724729,-3.1150246,-1.6896839,-1.4281328,-1.4281331,-1.4541112,-1.4651221,-1.8582634,-1.145788,-1.1683955,-1.672316,-1.5256046,-1.5256045,-1.5291882,-1.5025624,-1.5113363,-1.0546377,-3.3335557,-3.4885316,-2.5934467,-2.593447,-3.1243563,-3.0017147,-3.164748,-2.6163418,-3.0871508,-2.2886333,-2.2844527,-2.2844505,-2.310998,-1.6407517,-2.404278,-2.2483413,-2.1612184,-2.1686106,-2.194724,-2.194724,-2.11999,-2.0948336,-2.1462162,-1.9727196
CCOC=C,-0.85,-0.2095312,-1.5860015,-1.2996926,-1.2996927,-1.3131912,-1.5090628,-1.3331696,-1.1109511,-0.11805262,-0.8884961,0.17719798,0.177198,0.1738354,-0.018335732,0.16804418,-0.8396132,-0.041369747,-1.0246465,-0.96090096,-0.960901,-0.96249104,-0.87454975,0.0348361,-0.06260499,-0.30306342,-0.27753162,-0.34264556,-0.3426495,-0.058032654,-0.45860153,0.030740496,-0.41818702,-0.8861675,-1.7435346,-1.6853542,-1.6853544,-1.7781863,-1.681868,-1.8625878,-0.80690205,-0.71268684,-1.8375909,-1.1728876,-1.1728874,-1.1593832,-1.3062803,-1.3133879,-0.7715458,-1.6771374,0.06527932,-1.070784,-1.070784,-0.3645218,-1.183531,-0.33014917,-0.81898755,-0.7143707,-0.7231782,-0.6881,-0.6880982,-0.69323075,-0.26713014,-0.71199155,-0.79130185,-0.64364475,-0.310762,-0.33385766,-0.33385763,-0.42592782,-0.38463852,-0.4892748,-0.5121694
Cc1ccc2cc3ccccc3cc2c1,-6.96,-5.6729403,-2.9021502,-2.9697971,-2.9697976,-2.9867034,-3.4175267,-3.0271294,-4.023919,-6.372138,-4.5177226,-4.995766,-4.9957685,-4.9177146,-5.2525105,-5.020544,-4.787251,-7.0266128,-3.575194,-3.772394,-3.7723937,-3.7799265,-3.6045265,-6.01127,-5.996362,-6.137632,-4.659873,-5.33938,-5.3393893,-5.311169,-5.251566,-5.209842,-4.930477,-6.772535,-2.587397,-2.5453653,-2.5453656,-2.607953,-2.6469767,-2.6126542,-2.9805763,-6.41761,-3.89554,-4.1870885,-4.1870875,-4.2900333,-4.1140656,-4.045956,-4.842467,-6.556239,-6.481909,-6.3670983,-6.367097,-7.310682,-7.2909017,-7.2437844,-6.2483053,-6.9156995,-4.9145503,-4.542419,-4.5424137,-4.584635,-3.4803858,-5.2009797,-4.232234,-6.8303676,-7.345727,-7.192746,-7.192747,-7.140116,-7.5090895,-7.308919,-6.8878665
O=N(=O)c1cccc(c1)N(=O)=O,-2.29,-3.550831,-2.6176677,-2.6029387,-2.6029384,-2.61299,-2.9457161,-2.636065,-3.4972107,-2.6371825,-1.4032209,-2.5834854,-2.5834856,-2.5874987,-2.5136507,-2.5599587,-1.8982308,-2.485205,-2.1710775,-2.2851944,-2.2851944,-2.2982154,-2.2876406,-2.3962882,-2.436793,-2.7005467,-2.1696303,-2.9346025,-2.9346108,-2.288318,-2.8051767,-2.648847,-2.1214867,-2.439679,-2.5711598,-2.4001317,-2.4001317,-2.2028108,-2.7848804,-2.0440884,-2.7687109,-2.5345318,-2.4519384,-2.658354,-2.6583543,-2.6990612,-2.6197374,-2.5709643,-2.4924796,-2.7982512,-2.0149322,-2.9987385,-2.9987383,-2.6544564,-3.246644,-2.526776,-3.1618502,-2.2334657,-2.8319275,-2.289596,-2.2895954,-2.3250854,-1.9347383,-2.5321922,-2.5440872,-2.2102776,-3.0634534,-2.8004434,-2.800443,-2.7617347,-2.886609,-2.9595284,-2.541644
C1CCCC1,-2.64,-2.7984388,-1.4594666,-0.73000216,-0.73000216,-0.7079721,-0.900669,-0.66646326,-1.1950531,-2.131275,-0.84680253,-1.7744538,-1.774454,-1.7559874,-1.719064,-1.7686983,-1.1379627,-2.5691488,-1.3015854,-1.3513261,-1.3513261,-1.3549249,-1.3540148,-1.8471326,-1.6985506,-2.5685744,-1.6296022,-2.2520294,-2.2520385,-1.7965373,-2.0761983,-2.1986122,-1.5540226,-2.4133742,-1.4324244,-1.0673094,-1.0673095,-1.0564687,-1.1500013,-0.9964455,-0.6788455,-2.183612,-1.5555538,-1.4194436,-1.4194437,-1.4319946,-1.39718,-1.4038461,-1.1333859,-2.8322089,-2.9595733,-2.24571,-2.24571,-2.3560066,-2.6956859,-2.3923705,-2.2376618,-2.3843818,-2.4660692,-2.6556737,-2.6556726,-2.648483,-1.9432178,-2.8444831,-2.146324,-1.8847272,-1.4573543,-1.5351295,-1.5351294,-1.6698015,-1.7382395,-1.5811586,-2.446118
CC(C)c1ccc(NC(=O)N(C)C)cc1,-3.536,-3.7250788,-3.6521683,-3.4771469,-3.4771466,-3.4953032,-3.866551,-3.5481327,-3.222486,-3.2645383,-4.3459992,-3.394812,-3.394812,-3.2851691,-3.7430284,-3.3920846,-3.4876745,-3.358464,-3.7330596,-3.6249263,-3.6249254,-3.5989695,-3.5300758,-3.0361543,-2.9399796,-3.154154,-2.4817014,-2.9726052,-2.9726117,-2.7700052,-3.1244247,-2.859684,-2.703876,-3.9205503,-3.5820556,-3.427225,-3.4272242,-3.5054517,-3.6350815,-3.5828955,-3.447058,-3.912866,-3.990372,-3.6482778,-3.6482775,-3.699915,-3.711861,-3.7830753,-3.4163594,-2.927708,-4.285726,-3.6946177,-3.694618,-4.5712543,-4.07813,-4.494195,-3.8659153,-3.5794466,-3.7105298,-3.5262454,-3.5262408,-3.5729332,-2.5849764,-3.5631409,-3.9353802,-3.05545,-2.9461098,-3.1169496,-3.1169496,-3.105894,-3.141125,-3.056239,-3.104829
CC(=C)C(=C)C,-2.4,-1.4631718,-2.0118465,-1.3783599,-1.3783599,-1.3670448,-1.4305459,-1.361431,-1.1865718,-1.606434,-1.528888,-1.1688944,-1.1688939,-1.1774877,-1.4021577,-1.1462317,-1.8771385,-1.7646872,-1.4615434,-1.5054905,-1.5054905,-1.5104649,-1.4652392,-1.2655675,-1.2780459,-2.1148639,-0.7271189,-1.2585527,-1.2585593,-0.95621204,-1.2596952,-0.9759093,-1.039658,-2.4295743,-3.500482,-1.8694787,-1.8694783,-2.0867412,-2.1287496,-2.1583183,-1.9071677,-2.3923,-1.8069278,-1.7105836,-1.7105834,-1.7181603,-1.7007588,-1.6534798,-1.3167385,-2.9718223,-3.62049,-2.597448,-2.5974476,-3.3496408,-2.9118624,-3.40004,-2.7134368,-2.5416265,-1.8564638,-1.6824839,-1.6824816,-1.7056712,-1.1690793,-1.7406896,-2.1616428,-2.3723416,-3.1222596,-3.304714,-3.304714,-3.3552167,-3.3890536,-3.2241955,-2.900491
c1ccccc1C(O)c2ccccc2,-2.55,-2.2439837,-2.9923525,-2.6932993,-2.6932998,-2.7034974,-3.0069368,-2.7067387,-3.0289035,-2.6581638,-3.6115184,-3.3806856,-3.380686,-3.3245344,-3.4902208,-3.3811393,-3.6241996,-2.6772294,-3.113846,-2.9725363,-2.9725356,-2.9917133,-2.9741156,-2.8123434,-2.798678,-2.298446,-2.9444356,-3.0241156,-3.024122,-2.9680457,-3.4636014,-2.8844638,-2.770037,-2.3664396,-3.092259,-3.063945,-3.0639455,-3.0949776,-3.076055,-3.1223757,-2.7545624,-2.7841306,-3.9477184,-4.361154,-4.361154,-4.5724306,-4.175521,-4.466084,-4.092346,-3.0119298,-2.3474245,-2.4762745,-2.476275,-2.6612344,-2.79526,-2.6460578,-2.5812864,-2.6894433,-3.3649852,-3.0566537,-3.0566487,-3.0907862,-1.9165647,-3.1082597,-3.2734652,-2.571407,-3.3850534,-3.7943985,-3.794399,-3.717038,-3.5012362,-4.0681076,-4.370258
Oc1cc(Cl)c(Cl)c(Cl)c1Cl,-3.15,-2.6925511,-2.9838657,-3.0629601,-3.0629606,-3.0659525,-3.4277167,-3.0717208,-4.631806,-3.2542098,-3.0642695,-3.9813187,-3.981319,-3.9882634,-3.9852843,-3.9507563,-4.238751,-2.9178352,-3.1924214,-3.1887035,-3.188703,-3.2037776,-3.192634,-4.205313,-3.8121762,-3.26528,-4.0006614,-4.634893,-4.6349006,-4.433171,-4.649685,-4.1118817,-4.0096974,-3.2035756,-2.2543018,-2.9249587,-2.924959,-2.8457084,-3.0564368,-2.815878,-3.4015856,-2.462993,-2.9609313,-3.1048439,-3.1048443,-3.235105,-3.08026,-3.2094185,-2.8246753,-2.1105244,-0.4057747,-1.1915524,-1.1915523,-1.159825,-1.4123608,-1.0844859,-1.1382062,-3.1327097,-3.8797715,-3.658591,-3.6585898,-3.6818557,-3.14999,-3.8707328,-3.6690857,-3.1434875,-3.3161283,-3.2815192,-3.2815185,-3.2640436,-3.2962375,-3.3296463,-3.2057514
OCc1ccccc1,-0.4,-0.5318046,-2.1305692,-1.7098964,-1.7098962,-1.7140816,-1.8393655,-1.7354552,-1.5295844,-0.42181066,-1.517031,-0.9760331,-0.97603303,-0.9765942,-1.0787847,-0.96379787,-1.6333992,-0.3093009,-1.3769064,-1.3837668,-1.3837665,-1.3881668,-1.2808223,-0.2703231,-0.35086676,-0.4577847,-1.2205461,-1.4578512,-1.4578563,-1.0953418,-1.7109516,-1.095749,-1.2284398,-0.59248513,-1.776518,-1.3380132,-1.3380135,-1.3646096,-1.4213369,-1.7731926,-1.0334629,-0.7436578,-2.0977654,-2.118642,-2.1186423,-2.1426873,-2.1083105,-2.0486724,-1.5696125,-0.81996244,-1.086352,-0.52513397,-0.5251343,-1.3563797,-0.8428473,-1.2825829,-0.9537279,-0.32382816,0.6870497,0.6107415,0.61074555,0.5555286,1.3399673,0.35425368,0.27511117,-0.50635445,-0.8079236,-0.8010984,-0.8010986,-0.6075422,-0.46114808,-0.6798842,-0.5947757
C1c2ccccc2c3ccc4ccccc4c13,-6.68,-6.7275057,-3.0914016,-3.1845129,-3.1845136,-3.2006419,-3.650877,-3.2409637,-4.687791,-6.9721737,-5.232516,-5.96668,-5.96668,-5.8874397,-6.2617774,-5.986913,-5.698324,-6.5254264,-3.8033106,-3.8179243,-3.817924,-3.8275971,-3.771809,-5.9417834,-5.6461477,-6.1801972,-5.8449,-6.0218368,-6.0218487,-5.8779044,-6.315483,-5.971124,-6.359477,-6.784685,-2.775062,-3.4135861,-3.4135861,-3.448016,-3.3956697,-3.484778,-6.4945493,-5.3210025,-3.9015636,-4.357971,-4.3579707,-4.4708376,-4.257074,-4.1766143,-5.087831,-7.1473064,-6.824128,-6.9174523,-6.917452,-7.6603417,-7.9201536,-7.587441,-6.68935,-6.7861857,-6.58587,-6.328609,-6.328608,-6.3083944,-5.070073,-7.079367,-6.3227715,-6.5831738,-6.5001917,-6.706552,-6.706551,-6.6996427,-6.69918,-6.680262,-6.7264175
CC34CCC1C(=CCc2cc(O)ccc12)C3CCC4=O,-5.282,-4.534452,-3.8293324,-3.5678802,-3.5678804,-3.5774274,-3.9149501,-3.6019843,-4.016609,-5.005206,-4.2916045,-4.353413,-4.3534136,-4.270522,-4.627309,-4.4092455,-4.5588055,-4.903436,-4.2433186,-4.231783,-4.231783,-4.2202206,-4.3716044,-4.7939863,-4.761793,-4.51759,-3.849183,-3.8157527,-3.8157587,-3.56983,-4.0770526,-3.7503297,-3.5589092,-4.6703277,-3.4813561,-3.4036098,-3.4036095,-3.4308655,-3.553776,-3.4514577,-3.4044058,-4.2759337,-4.0395746,-3.242549,-3.2425492,-3.3868985,-3.135723,-3.6483617,-3.1785157,-3.952541,-3.762372,-3.8142228,-3.8142233,-4.4748225,-3.6846623,-4.462557,-3.9112146,-5.040608,-5.029951,-4.947331,-4.947326,-4.9887705,-3.6120017,-5.030907,-5.2547936,-5.1026087,-4.1462975,-4.247213,-4.247213,-4.1043487,-4.365016,-4.069746,-4.2405667
CBr,-0.79,-1.409231,0.056220584,0.71640474,0.71640486,0.71060246,0.18343146,0.6432202,0.5232435,-0.70891565,0.30151728,-0.80801934,-0.8080196,-0.8051825,-0.74870974,-0.7803742,-0.0018742335,-0.65840364,-1.1258624,-1.0890893,-1.0890895,-1.0892098,-1.0109601,-1.3676566,-1.4132285,-0.8065118,-0.41965806,-0.59575903,-0.5957645,-0.08719403,-0.6141896,-0.17681552,-0.46964547,-0.7807569,-1.5680397,-1.46838,-1.4683799,-1.524804,-1.1489943,-1.530354,-1.4226924,-0.603417,-0.97323895,-0.513962,-0.5139619,-0.5105643,-0.57540035,-0.5679302,-1.0994421,-1.0484924,-1.2762914,-1.0100694,-1.010069,-1.1000688,-1.1623452,-1.0134659,-1.1507914,-0.6647517,-0.8868016,-0.8211498,-0.82115084,-0.81263125,-0.5598567,-0.9597082,-0.86205906,-1.1216829,-1.4588327,-1.5656065,-1.5656068,-1.5719192,-1.4925606,-1.5601101,-1.1633734
Clc1ccc(cc1Cl)c2cc(Cl)c(Cl)c(Cl)c2Cl ,-7.82,-8.061565,-5.0302796,-4.781141,-4.7811413,-4.7866945,-5.1511745,-4.833171,-5.5106335,-8.001964,-7.751249,-7.7595067,-7.7595077,-7.701971,-7.680746,-7.756922,-7.709673,-7.7058616,-6.5767283,-7.0868053,-7.086805,-7.134052,-7.0886893,-8.60088,-8.234264,-7.6779895,-7.334969,-7.996488,-7.9964967,-8.17579,-8.141368,-7.598391,-7.9856596,-7.94889,-3.7688375,-4.00682,-4.00682,-4.052003,-4.168116,-4.131859,-6.2743273,-7.210726,-4.204217,-4.417489,-4.417489,-4.6212673,-4.26189,-4.5043073,-5.1227517,-8.81824,-5.5013747,-8.478512,-8.478512,-6.3161025,-9.112147,-6.272174,-8.71879,-7.6135416,-8.335633,-7.9927635,-7.9927626,-8.013297,-6.8727293,-8.138155,-8.253753,-7.684745,-8.0667515,-8.083877,-8.083878,-7.9570565,-7.812211,-7.8324437,-7.8268127
COP(=S)(OC)Oc1cc(Cl)c(Cl)cc1Cl,-5.72,-5.4067907,-4.2701354,-3.970211,-3.970211,-3.9614527,-4.3011985,-3.874221,-4.5239034,-5.6723194,-4.4496913,-4.675924,-4.6759233,-4.641179,-4.634679,-4.64452,-4.523004,-5.678088,-4.714824,-4.2966604,-4.29666,-4.3607984,-4.3578653,-4.5712295,-4.3969836,-5.494133,-4.923254,-5.4280877,-5.4280977,-5.573847,-5.3707223,-5.126841,-5.530136,-5.702826,-3.5583444,-3.6126955,-3.6126952,-3.6184933,-3.713082,-3.5693264,-4.4956436,-3.81918,-3.4139636,-3.7888978,-3.7888978,-3.7981377,-3.7633998,-3.6564324,-4.4497056,-2.6422231,-2.5273056,-2.2148037,-2.2148032,-3.0097518,-2.5533872,-3.0021358,-2.5112119,-5.54052,-5.129861,-5.2599616,-5.2599564,-5.34549,-3.901971,-5.681411,-6.0275764,-5.670987,-5.709035,-5.993742,-5.993742,-5.817905,-5.777655,-5.775801,-5.780743
NC(=S)N,0.32,0.4473654,-1.7402568,-1.3925735,-1.3925737,-1.389187,-1.4257094,-1.3913343,-0.5628572,0.76722664,-0.11644264,0.5250285,0.52502906,0.518284,0.31792623,0.5360044,-0.21280494,1.0832603,-0.8951277,-0.8384484,-0.8384486,-0.8379705,-0.7720117,0.4210339,0.049522154,0.40899515,-0.25000873,-0.2546505,-0.2546561,0.23908088,-0.31758425,0.23232225,-0.38592997,0.39235356,-2.139141,-1.1404965,-1.1404966,-1.1374668,-1.0300843,-1.1328644,-0.31323704,-0.32447967,-1.3524182,-1.0345895,-1.0345894,-1.0251775,-0.9810991,-1.025647,-0.6904298,0.5150207,0.18822388,0.579639,0.57964,0.34852195,0.5255131,0.39918798,0.26007184,0.3931781,-0.36787352,-0.35215557,-0.35215506,-0.34845948,-0.1235277,-0.32739237,-0.6141365,0.33176103,-0.059124913,0.10226783,0.10226786,0.27521557,0.31644472,0.2180615,0.07174098
Cc1ccc(cc1N(=O)=O)N(=O)=O,-2.82,-3.0086098,-2.823036,-2.7011452,-2.7011454,-2.705379,-2.983962,-2.7283638,-3.5154276,-2.9121246,-1.6258347,-2.6545985,-2.654599,-2.6460907,-2.460921,-2.669007,-2.5725877,-2.7589986,-2.5723758,-2.6511004,-2.6511004,-2.672759,-2.6747236,-2.9429843,-2.9608605,-2.8345613,-2.2368236,-2.97323,-2.9732366,-2.394172,-2.8753889,-2.7393196,-2.3170183,-3.00862,-2.2053564,-2.029498,-2.0294979,-2.049215,-2.2229717,-1.9997376,-2.4747653,-2.11753,-2.491988,-2.5310204,-2.5310202,-2.4227383,-2.5671496,-2.5438805,-2.541285,-2.9802413,-2.2180543,-3.3160172,-3.3160176,-2.884402,-3.6362576,-2.7679107,-3.563941,-2.7571542,-3.5589266,-2.9928682,-2.9928656,-3.0422943,-2.3287563,-3.2800307,-3.586742,-2.7738032,-2.8150072,-2.9317596,-2.9317596,-2.8787901,-2.9570081,-2.8981118,-2.9111373
Nc1nccs1 ,-0.36,-0.40640157,-1.8690739,-1.5761881,-1.5761882,-1.5730721,-1.6450471,-1.575832,-0.83858013,-0.060202815,-0.8178206,-0.022384437,-0.022384444,-0.027995845,-0.081688985,-0.010932082,-0.35679168,-0.38752395,-1.1134065,-1.1400663,-1.1400663,-1.1423156,-1.1031891,-0.662573,-0.8200355,-0.20827642,-0.6405985,-1.1176016,-1.117607,-0.5093492,-0.96559113,-0.7435884,-0.72856313,-0.41646576,-1.697142,-1.5707113,-1.5707109,-1.6288966,-1.5953085,-1.7241093,-0.33286732,-0.6812262,-2.0301044,-1.944224,-1.9442239,-1.9661207,-1.9164815,-1.897883,-1.0293133,-0.004508609,-0.27134284,-0.31414255,-0.31414267,-0.36269018,-0.36717403,-0.29855663,-0.30004856,-0.26581216,-0.6264455,-0.6308166,-0.63081586,-0.64183843,-0.47129667,-0.54067475,-0.8183913,-0.32657248,0.9532973,1.3043661,1.3043659,1.6967449,1.6820424,1.4815066,0.8674054
CC12CCC(CC1)C(C)(C)O2 ,-1.64,-2.0649023,-2.1712596,-2.2804546,-2.2804549,-2.281585,-2.7685413,-2.20537,-2.0530288,-1.5743558,-2.254672,-3.243056,-3.2430563,-3.230941,-3.241358,-3.2564616,-2.528234,-1.7763966,-3.1896749,-3.2753487,-3.2753482,-3.2941918,-3.2019367,-4.0882025,-3.8420978,-1.6324382,-3.0714374,-3.1514013,-3.1514084,-2.6965108,-3.4013937,-3.0720682,-2.7444258,-1.7464126,-2.7282372,-2.9786801,-2.97868,-2.970375,-3.139293,-3.042002,-1.5024525,-1.6854875,-2.2162094,-2.3388302,-2.33883,-2.3741264,-2.329604,-2.2782264,-2.1091254,-1.7926444,-1.5421016,-1.2108586,-1.2108587,-1.4283155,-1.8800213,-1.3618927,-1.4074152,-2.126699,-4.5587144,-4.6957417,-4.6957393,-4.705431,-3.6729867,-4.6725726,-4.404984,-1.6116357,-1.3235521,-1.3787462,-1.378746,-1.3141533,-1.4010088,-1.3497834,-1.4583251
CCOP(=S)(OCC)Oc1cc(C)nc(n1)C(C)C,-3.64,-3.8326306,-4.7300057,-4.4439645,-4.443964,-4.443503,-4.714959,-4.4361954,-4.3807964,-3.7518375,-3.5058131,-3.1053584,-3.1053588,-3.0126083,-3.4969878,-3.1114073,-3.3698964,-3.8419673,-4.634384,-4.467977,-4.467977,-4.3836517,-4.463864,-4.753697,-4.9337587,-3.6111343,-4.55216,-4.2972555,-4.2972627,-4.1984844,-4.8881416,-4.1471214,-4.180945,-3.992553,-4.903877,-4.5477858,-4.547786,-4.511201,-4.6672926,-4.4946733,-3.434219,-4.0871468,-4.4087615,-4.789594,-4.789594,-4.7898054,-4.721824,-4.692022,-4.5677223,-3.325891,-4.4638405,-3.8810139,-3.8810146,-4.588775,-4.2147436,-4.5273185,-4.0561967,-3.7569833,-4.558754,-4.2852454,-4.285241,-4.315135,-3.2738726,-4.229108,-4.6166344,-3.6105702,-3.6628115,-3.7716591,-3.7716599,-3.853916,-3.6702302,-3.7686455,-3.798558
Cc1ccc(C)c(C)c1,-3.31,-3.346234,-2.3023117,-1.9319979,-1.9319977,-1.9285451,-2.0642161,-1.9403809,-1.962899,-3.4537268,-2.1120439,-2.711038,-2.711037,-2.695555,-2.7027435,-2.6981459,-2.758184,-3.2668238,-2.062213,-2.2037175,-2.2037177,-2.2142763,-2.147789,-2.8858883,-2.9034283,-3.183326,-2.0322142,-2.4834623,-2.4834692,-2.179439,-2.5609064,-2.239563,-2.092628,-3.0246522,-1.8995357,-1.6073391,-1.6073391,-1.6243103,-1.6833931,-1.5779699,-1.3047323,-3.0804029,-2.200904,-1.7830813,-1.783081,-1.7833607,-1.8798541,-1.9113879,-1.5487293,-3.4237013,-4.583604,-3.6472864,-3.6472857,-4.564381,-4.248747,-4.574518,-3.694151,-3.4128814,-3.174726,-3.0865438,-3.0865412,-3.1142435,-2.2248297,-3.3091307,-3.4398706,-4.2517323,-4.124329,-4.003347,-4.003346,-3.9544742,-3.9698799,-3.9160612,-4.0870743
COP(=O)(OC)C(O)C(Cl)(Cl)Cl,-0.22,-0.50550777,-3.0912342,-3.0112033,-3.0112035,-3.0072174,-3.2587094,-2.974851,-3.3649364,-0.23146836,-2.2007515,-1.3275958,-1.3275956,-1.3195907,-1.5124516,-1.3088617,-1.5417964,-0.26703498,-2.6912894,-2.1815946,-2.1815944,-2.2097073,-2.5577974,-0.7475986,-0.298116,-0.11397238,-1.723576,-2.166263,-2.1662707,-1.6836487,-2.0873182,-1.6298856,-2.0026286,-0.44497976,-2.529076,-2.4143534,-2.4143531,-2.3968375,-2.482575,-2.3163457,-2.5836716,-1.0014747,-2.426958,-2.7238176,-2.723818,-2.7689562,-2.7016852,-2.6005657,-2.821064,-1.3366685,-1.4354848,-1.1008528,-1.1008528,-1.6501276,-1.484373,-1.5960805,-1.6102793,-0.020844871,-1.9956895,-1.8358481,-1.8358432,-1.7247175,-0.9641402,-2.1600442,-2.089994,-0.32353008,-2.0827646,-1.4084399,-1.4084401,-1.2102847,-1.0835047,-1.4691904,-1.4828285
CCCOCC,-0.66,-0.89058316,-1.9862326,-1.6309936,-1.6309936,-1.6422223,-1.9027797,-1.6599559,-1.6331071,-0.69588095,-0.93268013,-1.343553,-1.3435533,-1.3387582,-1.2502626,-1.3161955,-1.3665833,-0.5243765,-1.4387226,-1.4557189,-1.4557189,-1.4595749,-1.3693904,-1.0790482,-1.0134829,-0.8250765,-0.84216815,-1.0847857,-1.0847911,-0.71284896,-1.2396802,-0.8367038,-0.8484896,-0.88337004,-1.9467009,-1.719508,-1.7195079,-1.7811773,-1.749522,-1.7696626,-1.4537672,-1.478682,-2.491976,-2.5811636,-2.5811636,-2.5658548,-2.5392718,-2.3215704,-2.1795464,-1.2230197,-0.7221534,-0.754753,-0.7547529,-0.7470955,-1.2416283,-0.7337234,-0.88081974,-0.5350693,-2.050159,-2.0366037,-2.0366008,-2.0581558,-1.2687794,-1.9780432,-2.1150558,-0.70025,-0.34271365,-0.2807149,-0.28071493,-0.25441992,-0.18798654,-0.27700663,-0.29518968
Cc1ccc(O)c(C)c1,-1.19,-1.3581679,-2.2681773,-1.9453678,-1.9453677,-1.943214,-2.088408,-1.9551836,-1.9871846,-0.7196095,-1.7400625,-1.4094305,-1.4094304,-1.4060404,-1.513906,-1.4088905,-1.8943735,-1.1058459,-1.80575,-1.922764,-1.922764,-1.9312866,-1.8512931,-1.6387534,-1.6790451,-1.4807218,-1.4588875,-1.6929307,-1.6929365,-1.4263976,-1.9703856,-1.3243872,-1.5083216,-1.1544496,-1.8216752,-1.4540453,-1.4540454,-1.4689112,-1.5214179,-1.4154037,-1.2434721,-1.8551525,-2.3477564,-2.4533322,-2.4533322,-2.4711022,-2.450959,-2.3779805,-2.2669165,-1.7541945,-1.2938701,-1.4685789,-1.4685788,-2.1688128,-1.7772539,-2.0797963,-1.6048933,-1.1223526,-1.6578755,-1.5472381,-1.5472354,-1.5767016,-0.9679507,-1.6493884,-2.0005977,-1.2423327,-1.2145915,-1.2776966,-1.2776966,-1.2848775,-1.3340924,-1.255389,-1.3362808
Cn1c(=O)n(C)c2nc[nH]c2c1=O,-1.39,-1.7060949,-2.6359355,-2.5079522,-2.5079522,-2.5001411,-2.7221944,-2.4960654,-2.981787,-1.5086259,-1.384742,-0.78900725,-0.7890064,-0.78411525,-1.0345027,-0.78698456,-1.3833407,-1.3664241,-2.5235913,-2.3339238,-2.3339236,-2.3424585,-2.368135,-1.5655363,-1.8074042,-1.5110973,-1.2444602,-2.1751184,-2.1751246,-1.5938047,-2.0114927,-1.9028348,-1.3910025,-1.3199347,-2.0318658,-1.954629,-1.9546287,-1.9414662,-2.086348,-1.8667026,-1.6260657,-1.0637765,-2.68304,-2.9206138,-2.920614,-2.9787006,-2.9436512,-2.8494246,-3.2140872,-1.6581807,-1.8717942,-1.5191766,-1.5191761,-2.0414455,-1.8075877,-1.9764506,-1.9260218,-1.3153673,-1.4256494,-1.2693369,-1.2693323,-1.2863128,-0.6159978,-1.3932179,-1.6501645,-1.3965696,-1.3333714,-1.4564393,-1.4564394,-1.4070723,-1.4184971,-1.3965423,-1.4244325
CC(C)CC(C)(C)C,-4.74,-3.4420464,-2.1001892,-1.6614736,-1.6614738,-1.6655974,-1.9479047,-1.6588324,-1.9519699,-4.659729,-1.3716017,-2.3417351,-2.341735,-2.330848,-2.0808277,-2.3371274,-1.7703651,-4.7277017,-2.3751175,-2.5272973,-2.527297,-2.5434332,-2.4688165,-3.742483,-3.8916314,-4.5550375,-2.6060376,-3.484036,-3.4840443,-3.1593175,-3.2442784,-3.485991,-3.0283818,-3.794397,-2.165266,-1.9812977,-1.9812979,-2.001473,-2.0428367,-1.9671463,-1.8128129,-3.9727273,-2.0766475,-2.0848637,-2.0848637,-2.0912845,-2.0494812,-2.0452945,-1.7240578,-4.260026,-4.270665,-3.7929459,-3.7929459,-4.177302,-4.4540396,-4.206731,-3.5870993,-4.958739,-2.975606,-3.1351893,-3.1351845,-3.1598682,-2.1064982,-3.4034038,-3.0677154,-2.9581819,-1.9327695,-2.0384283,-2.0384288,-2.162353,-2.2773533,-2.0840154,-2.4161155
Ic1cccc2ccccc12,-4.55,-4.475164,-2.653956,-2.6012783,-2.6012788,-2.6101458,-2.9389462,-2.6324668,-3.4462895,-4.5177627,-5.155493,-5.71787,-5.717872,-5.6953726,-5.7870255,-5.697476,-5.203597,-4.484895,-2.9957325,-3.0691473,-3.0691478,-3.0868464,-3.119048,-4.7351832,-4.271669,-4.321519,-2.9141252,-3.875965,-3.8759751,-3.4613,-3.578519,-3.5170517,-2.6661954,-4.667359,-2.1089046,-2.37318,-2.37318,-2.325942,-2.3764355,-2.28535,-3.9463186,-3.9959598,-2.305805,-2.4021769,-2.4021766,-2.4269571,-2.452532,-2.3523996,-2.655546,-4.2085204,-5.399525,-3.9875214,-3.9875212,-5.4111505,-4.5274706,-5.416804,-3.8428488,-4.5414033,-5.702351,-5.6569123,-5.656914,-5.6959066,-4.974504,-5.500638,-5.830328,-4.343377,-4.1932497,-4.1631627,-4.163163,-4.111588,-4.125692,-4.145627,-4.1346765
CC(C)I,-2.09,-1.4186918,-1.2776245,-0.38376972,-0.3837696,-0.3860311,-0.5154341,-0.41369236,-0.9810515,-2.137113,-1.390286,-1.6707469,-1.6707463,-1.6565107,-1.5596582,-1.6624857,-1.7436599,-2.0672755,-1.552742,-1.593597,-1.593597,-1.5989356,-1.6331989,-2.7575977,-2.416762,-1.9148345,-0.7831301,-0.9292446,-0.9292534,-0.6110816,-1.157688,-0.6616117,-0.9116714,-2.1837506,-2.4059672,-1.1518452,-1.1518447,-1.223455,-0.7986329,-1.1839828,-1.2322098,-1.8183861,-1.2148138,-0.98750824,-0.9875082,-0.9814959,-1.0250343,-0.9879246,-2.0358434,-2.552488,-3.0755343,-2.234997,-2.2349968,-2.6521134,-2.4769065,-2.6597602,-2.3749294,-2.0632565,-2.137512,-2.2555368,-2.2555346,-2.277728,-1.7270238,-2.3003702,-2.2574651,-1.8847272,-1.4573543,-1.5351295,-1.5351294,-1.6698015,-1.7382395,-1.5811586,-2.446118
CCCCBr,-2.37,-2.1093738,-1.570176,-1.1340095,-1.1340092,-1.1312972,-1.4068555,-1.1163043,-1.893196,-2.272574,-1.7142247,-1.8471813,-1.8471818,-1.8417423,-1.8386683,-1.842563,-1.8087491,-2.3755908,-1.6920202,-1.7560056,-1.7560059,-1.7642654,-1.6377922,-2.958586,-2.6513407,-2.4106896,-1.4667379,-1.6966383,-1.6966463,-1.4105736,-1.9154462,-1.5767154,-1.4890206,-2.5296261,-1.9235661,-1.8396572,-1.8396572,-1.7813973,-1.6342736,-1.6639072,-2.1746294,-1.9267339,-1.8708903,-1.5609353,-1.5609353,-1.396334,-1.5958222,-1.3180699,-1.150698,-2.7405686,-2.4364624,-2.5752218,-2.5752213,-2.2498388,-3.2377815,-2.2168388,-2.6136913,-2.323819,-2.8351693,-2.6176476,-2.6176457,-2.661397,-2.1020014,-2.7445393,-2.6543832,-2.0802062,-2.336194,-2.4456215,-2.4456215,-2.3555396,-2.1841438,-2.7334278,-2.1608007
CCCCCC(C)(C)O,-1.72,-2.070157,-2.5961041,-2.3279786,-2.3279788,-2.3384275,-2.6445172,-2.3341973,-2.5708468,-1.7521226,-1.7525307,-2.2828572,-2.2828574,-2.2626894,-2.215335,-2.2790878,-2.1533751,-1.8427565,-2.5836868,-2.6246939,-2.624694,-2.6480138,-2.5540066,-3.2043035,-3.2252512,-1.7236649,-2.6100817,-2.9072213,-2.9072278,-1.6856765,-3.3841577,-2.4435506,-2.5129473,-1.5432545,-2.5161133,-2.3971694,-2.3971694,-2.451978,-2.4865887,-2.4629197,-2.2468188,-2.6921878,-2.6748807,-2.2439525,-2.2439528,-2.2312121,-2.3341308,-2.3215606,-2.2875469,-2.143204,-2.5086002,-1.7272854,-1.7272853,-2.6977224,-2.0275788,-2.653192,-2.061407,-1.8617276,-2.24367,-2.2331471,-2.2331407,-2.1528041,-1.3242102,-2.3425353,-2.6324928,-1.826835,-1.6856775,-1.6321342,-1.6321342,-1.6121883,-1.6927435,-1.802011,-1.5964774
NC(=O)N,0.96,0.36530608,-1.6768485,-1.4235317,-1.423532,-1.4162031,-1.4474772,-1.4161938,-0.34818867,1.3552666,0.23430136,1.3121136,1.312114,1.3051798,0.84597194,1.3176906,0.12465041,0.8476838,-0.8822293,-0.822845,-0.8228452,-0.82234704,-0.75329053,0.49026072,0.10679554,1.0186509,-0.020977423,-0.1053574,-0.105359666,0.3841526,-0.057244036,0.31211978,-0.17443676,1.0115287,-2.0328655,-0.5205918,-0.52059215,-0.5082614,-0.5605886,-0.51199406,-0.028770452,0.42913285,-1.3475211,-0.9964376,-0.9964376,-0.9866916,-0.9364488,-1.000595,-0.48183152,0.8913085,-0.11967148,0.97583675,0.97583616,0.1856222,0.81834805,0.25564045,0.32895702,1.0746745,0.21511659,0.36551479,0.36551616,0.3670584,0.59087706,0.50782275,-0.116813794,0.97516996,0.04935049,0.24415047,0.24415044,0.8009434,1.0116858,0.47786576,0.046702676
O=C1c2ccccc2C(=O)c3ccccc13,-5.19,-5.324924,-2.9429939,-2.9967248,-2.9967246,-3.0047102,-3.3774405,-3.0234344,-4.683283,-4.857255,-3.9334753,-3.6447392,-3.6447408,-3.6082594,-3.5921607,-3.6690924,-4.2069483,-5.081041,-3.7105978,-3.987628,-3.9876285,-4.0095906,-3.864452,-6.604543,-6.767422,-4.799615,-4.314929,-4.297935,-4.297942,-4.181708,-4.759092,-4.0921082,-4.1639895,-4.9144087,-4.9965844,-5.4390984,-5.439097,-5.711878,-5.4234223,-5.8879676,-5.4612827,-3.8774314,-3.473449,-3.8658516,-3.865852,-3.949619,-3.8028882,-3.721203,-4.6300883,-4.269719,-2.4661474,-3.1499772,-3.1499774,-2.7751677,-3.4841487,-2.7369282,-3.3031993,-5.232393,-5.1301837,-5.0800505,-5.080048,-5.0971117,-4.3487067,-5.1252513,-6.024655,-5.0886374,-4.696204,-4.8446274,-4.844628,-4.874745,-4.8470592,-4.8193607,-5.155176
CCC(C)C(=O)OC2CC(C)C=C3C=CC(C)C(CCC1CC(O)CC(=O)O1)C23 ,-6.005,-5.664647,-7.007276,-6.33497,-6.33497,-6.3198323,-6.635624,-6.3173184,-5.078485,-6.132577,-3.7823124,-4.0660067,-4.066007,-4.0304375,-4.6020145,-4.14692,-4.441981,-5.690263,-3.4077735,-4.0251794,-4.0251794,-3.824507,-3.4747815,-5.5673976,-5.3090096,-6.0878873,-5.876585,-5.6952596,-5.6952643,-5.457955,-6.13295,-5.5932536,-5.3792458,-5.750128,-6.527836,-6.2905574,-6.2905574,-6.125005,-6.4498577,-6.015591,-4.438431,-4.7627764,-4.765259,-5.2336607,-5.233661,-5.268533,-5.055073,-4.7873993,-4.730976,-4.241129,-4.5935297,-4.6367526,-4.636752,-5.0787015,-5.0499706,-5.018091,-4.454305,-5.9706883,-5.8525987,-5.41628,-5.416274,-5.5128736,-4.213542,-5.1405225,-5.4650726,-5.7612324,-5.9789724,-6.12864,-6.1286397,-5.97273,-6.128847,-6.2205644,-6.0556407
CC(=O)C(C)(C)C,-0.72,-0.67282516,-1.6026199,-1.2611514,-1.2611514,-1.2541813,-1.6804203,-1.2013382,-1.6673595,-0.5094189,-1.2397733,-1.2360833,-1.2360834,-1.2410656,-1.3695414,-1.217062,-1.8150675,-0.54256713,-1.7380897,-1.8571472,-1.8571472,-1.8632194,-1.824608,-2.1959164,-2.4100714,-0.5492445,-1.3725686,-1.6120371,-1.6120439,-1.3524405,-1.9212025,-1.5172396,-1.4487238,-0.6644379,-1.870221,-2.429988,-2.4299881,-2.367952,-2.5346978,-2.3456774,-0.95630383,-0.7980667,-1.6053251,-1.4186586,-1.4186589,-1.413923,-1.4455632,-1.4161344,-1.2647898,-0.4080893,-1.4573644,-0.09798732,-0.09798728,-1.3184239,-0.71605474,-1.2466003,-0.8165742,-0.65023214,-1.6627977,-1.5520504,-1.552046,-1.5759571,-1.1152986,-1.5722507,-1.8144163,0.026944388,-0.31365955,-0.1405069,-0.14050685,0.07847576,0.10138996,-0.09179624,-0.10035019
Nc1ccc(cc1)N(=O)=O,-2.37,-1.9310974,-2.309899,-2.2403638,-2.240364,-2.2551756,-2.5685105,-2.2802682,-2.5248034,-2.3073804,-1.1448696,-1.5323515,-1.532351,-1.528925,-1.4253201,-1.5363773,-1.618133,-2.0629938,-1.7690006,-1.8651105,-1.8651105,-1.8744922,-1.8198112,-1.5564704,-1.3947066,-2.180269,-1.6034521,-2.0865703,-2.086577,-1.6229662,-2.204531,-1.7065815,-1.5802196,-2.3459947,-1.850058,-1.7574943,-1.7574939,-1.7838583,-1.8921505,-1.8127629,-1.7660413,-1.8507969,-2.8370132,-3.0880623,-3.0880623,-3.1787958,-3.040902,-3.1039228,-3.799826,-1.9283726,-1.1804196,-0.93650097,-0.9365014,-1.5045067,-1.365535,-1.4109477,-1.1049271,-2.239084,-2.2325797,-1.8029196,-1.8029182,-1.8373562,-1.4932598,-1.9053326,-2.1840203,-2.3179326,-2.241568,-2.3363292,-2.33633,-2.3592489,-2.3858075,-2.328499,-2.2393258
Clc1ccc(cc1)c2ccccc2Cl ,-5.28,-5.030345,-3.3893383,-3.1398187,-3.139818,-3.1484222,-3.4520435,-3.193845,-3.3269916,-5.3653393,-5.1412215,-5.0341563,-5.0341578,-4.979313,-5.0684333,-5.0335226,-5.021585,-5.132598,-3.7782493,-3.836974,-3.8369741,-3.8631132,-3.8232334,-5.8710475,-5.6191688,-5.349043,-4.294634,-4.603929,-4.6039376,-4.565766,-4.7665753,-4.426333,-4.469868,-5.384679,-2.8138437,-2.8130507,-2.8130505,-2.8693552,-2.9162567,-2.8985176,-3.7085168,-4.9409437,-3.3319867,-3.5366697,-3.5366702,-3.6193752,-3.5118058,-3.5086405,-4.2597365,-5.5684633,-5.8216887,-5.2489405,-5.24894,-6.398341,-5.864371,-6.340524,-5.4363365,-5.1608553,-5.6604667,-5.2827997,-5.2827964,-5.324177,-4.3232603,-5.484171,-6.2981863,-5.159042,-5.497149,-5.4941034,-5.494103,-5.356027,-5.287626,-5.321163,-5.2844005
CCOC(=O)c1ccccc1C(=O)OCC,-2.35,-2.7799847,-3.701525,-3.466558,-3.4665575,-3.454842,-3.7265897,-3.4260004,-3.8841133,-2.2366152,-2.8696182,-1.5201114,-1.5201113,-1.4637835,-1.8752983,-1.4779532,-2.013153,-2.3074853,-3.676416,-3.4103634,-3.410363,-3.4347222,-3.5995088,-2.87479,-2.5680532,-2.2680507,-2.7134554,-3.2665572,-3.2665644,-2.6029873,-3.39362,-3.2402167,-2.723966,-2.1880128,-3.57486,-3.782239,-3.7822387,-3.4100127,-3.862858,-3.2325344,-3.2443292,-2.0628736,-3.6011302,-4.111582,-4.111582,-4.1685457,-4.0903783,-3.920285,-4.544409,-2.8328948,-2.1530123,-2.696633,-2.6966329,-2.895042,-2.9587848,-2.9547236,-2.7421649,-2.538838,-2.8756878,-2.6032586,-2.6032526,-2.6639347,-1.7094595,-2.6232762,-3.073931,-2.335547,-2.302084,-2.4434578,-2.443458,-2.3956206,-2.4413264,-2.4028094,-2.353992
Clc1cc(Cl)c(Cl)c(Cl)c1Cl,-5.65,-4.864548,-3.1927323,-3.3121746,-3.312175,-3.316024,-3.7177413,-3.318518,-5.37238,-5.561068,-4.08542,-4.9173894,-4.917389,-4.9137726,-4.821752,-4.88544,-5.782505,-5.22861,-3.5781016,-3.6699126,-3.669912,-3.6827388,-3.6615233,-5.9471974,-6.409255,-5.5917006,-5.1583586,-5.939717,-5.939729,-5.868772,-5.789915,-5.456655,-5.663863,-5.82476,-3.6783502,-3.9451246,-3.9451249,-3.9192164,-4.401863,-3.8235152,-5.2673345,-4.8242283,-2.6496322,-3.038488,-3.038487,-3.1347294,-3.019174,-3.0281506,-3.4727788,-5.37345,-4.0039134,-6.1238465,-6.1238465,-4.2041035,-6.8403034,-4.191127,-6.466417,-5.568911,-5.606445,-5.2393103,-5.2393117,-5.2332172,-4.761508,-5.3855977,-6.374917,-5.09249,-5.7204456,-5.784603,-5.7846045,-5.733232,-5.7217054,-5.74843,-5.5986004
c1c(Cl)cccc1c2ccccc2,-4.88,-4.763166,-3.1579304,-2.9737506,-2.9737506,-2.9837427,-3.2937617,-3.0283816,-3.164668,-4.595238,-4.519626,-4.864026,-4.8640265,-4.80878,-4.8415475,-4.885165,-4.707203,-4.944749,-3.4484158,-3.5279043,-3.5279043,-3.5473828,-3.478237,-5.25405,-5.057342,-4.85873,-3.7512264,-4.1599793,-4.159988,-4.1435256,-4.3805504,-3.9580154,-4.0821543,-5.040819,-2.556693,-2.4378269,-2.4378266,-2.490174,-2.548823,-2.4863515,-3.038999,-4.28666,-3.3322175,-3.6450593,-3.645059,-3.729084,-3.5894938,-3.504749,-4.2284613,-5.5639896,-6.002047,-5.0775795,-5.077579,-6.438481,-5.813624,-6.3946285,-5.224153,-4.9393926,-5.068809,-4.7079635,-4.70796,-4.767483,-3.7077482,-4.8589153,-5.17958,-4.938901,-5.171939,-5.114816,-5.1148157,-4.9880233,-5.014576,-5.060264,-4.8316355
CCC(C)C(=O)C,-0.67,-0.63952506,-2.0949156,-1.7256426,-1.7256423,-1.7176002,-1.9136485,-1.6779814,-1.6205745,-0.25739354,-1.4829131,-1.2085531,-1.2085532,-1.2061236,-1.3761225,-1.2003019,-1.7958717,-0.72099715,-1.6775686,-1.7638583,-1.7638582,-1.7692423,-1.7362777,-1.9778454,-2.069362,-0.682979,-1.0390172,-1.4087527,-1.4087596,-1.0252434,-1.518902,-1.2423177,-1.1608257,-0.27811888,-1.799291,-1.5641279,-1.5641276,-1.5590967,-1.6444396,-1.4718473,-1.3588806,-1.4477907,-1.9726533,-2.0109017,-2.0109015,-2.0305839,-1.9913765,-1.9413351,-1.7095441,-0.6385285,-1.5013424,-0.34187797,-0.3418776,-1.3985463,-0.93131125,-1.3464342,-0.9372368,-0.7938901,-1.7126421,-1.4445441,-1.4445403,-1.4935405,-1.0546192,-1.4257468,-1.9812205,-0.61995673,-0.8841003,-0.702661,-0.7026609,-0.654039,-0.44850788,-0.31043142,-0.30099204
CC(=O)C3CCC4C2CC=C1CC(O)CCC1(C)C2CCC34C ,-4.65,-4.3207755,-4.5383663,-4.169563,-4.1695633,-4.180886,-4.5276003,-4.2032514,-4.1815753,-5.210332,-4.3804517,-4.536311,-4.536311,-4.4411044,-4.9177485,-4.5624185,-4.282221,-4.642774,-3.1143188,-3.5841167,-3.584117,-3.51391,-3.4676986,-4.712866,-4.2317114,-4.755193,-4.9938188,-5.1194997,-5.119505,-4.0751014,-5.5150585,-4.731985,-4.926187,-4.038748,-4.325122,-4.2120075,-4.2120075,-4.228604,-4.3573275,-4.262455,-3.7223675,-3.870275,-4.6339207,-4.8464565,-4.846457,-4.657463,-4.6720166,-4.4629025,-5.091163,-4.319158,-4.2380943,-4.4770894,-4.4770894,-4.6061797,-4.893156,-4.491894,-4.5887303,-4.91836,-5.420572,-5.53413,-5.5341244,-5.5652494,-3.7974548,-5.719611,-5.255058,-4.589166,-4.544976,-4.636003,-4.6360025,-4.6704154,-4.7210264,-4.7283397,-4.7102375
c1(C(=O)OCCCCCC(C)(C))c(C(=O)OCCCCCC(C)(C))cccc1,-6.6370000000000005,-5.979873,-8.050827,-7.079739,-7.0797396,-7.065002,-7.437145,-6.9800115,-5.9039927,-6.1492825,-5.2955003,-6.628625,-6.6286254,-6.501129,-6.8217654,-6.5763216,-7.3371778,-6.181594,-7.0728407,-7.54473,-7.5447316,-7.9918914,-8.486425,-7.31682,-6.6926284,-6.6850038,-6.7802887,-6.6342654,-6.6342697,-6.3514504,-7.346264,-6.591431,-6.8120713,-6.3597894,-8.652843,-8.015506,-8.015505,-7.92888,-7.9972944,-7.4616013,-6.5025806,-6.729878,-6.7346325,-6.465879,-6.4658794,-6.0063086,-6.666646,-6.687246,-5.8418136,-5.9386454,-7.1965423,-6.6535816,-6.6535816,-6.8192344,-6.680148,-6.4633617,-6.829256,-6.5453763,-7.556088,-7.8412805,-7.8412766,-7.8598948,-6.135209,-7.965681,-6.9251356,-6.298604,-6.5543914,-6.789021,-6.789021,-6.695767,-6.723672,-6.843725,-6.6476026
COc2cc1c(N)nc(nc1c(OC)c2OC)N3CCN(CC3)C(=O)OCC(C)(C)O ,-3.638,-3.9613144,-7.233632,-6.5580325,-6.558032,-6.5698376,-6.9748797,-6.6547446,-5.5001645,-3.717568,-4.510965,-3.8166225,-3.8166223,-3.7800133,-4.3786874,-3.8319676,-4.718923,-3.7411113,-7.473144,-6.6048403,-6.6048408,-6.1232376,-6.2945538,-4.0082498,-3.6989124,-3.501376,-3.5336392,-3.3801112,-3.3801143,-3.8926353,-4.43088,-3.2287765,-2.7087436,-3.5299947,-6.91748,-6.427402,-6.427402,-6.434574,-6.6601353,-6.607282,-5.314027,-4.538838,-7.0235095,-6.670083,-6.6700835,-6.7642813,-6.6029744,-6.539718,-5.93624,-3.0153093,-6.3555117,-4.250033,-4.250033,-6.4647,-4.066894,-6.250367,-3.2445753,-3.6685135,-5.2298574,-5.1790676,-5.179063,-5.130125,-3.6783383,-5.120455,-5.8308434,-3.4744942,-3.6837091,-3.5231402,-3.5231395,-3.7752764,-3.7636049,-3.8401206,-3.5324442
Cn2cc(c1ccccc1)c(=O)c(c2)c3cccc(c3)C(F)(F)F,-4.445,-4.765776,-5.3106203,-4.9986215,-4.9986215,-5.0066876,-5.3378353,-5.054153,-5.1029034,-4.8045726,-3.2041783,-4.650952,-4.650953,-4.5910087,-4.91019,-4.7244043,-4.238733,-4.609268,-5.1475587,-4.991143,-4.9911437,-4.874591,-5.2751145,-5.5118985,-5.273083,-4.3395433,-5.0785494,-5.246754,-5.2467628,-4.9525743,-5.4493637,-5.0444384,-5.1287994,-4.420781,-4.829923,-4.5090284,-4.5090284,-4.514162,-4.6676617,-4.5747437,-3.4776282,-3.8845868,-4.553778,-4.78988,-4.7898803,-4.7982054,-4.7096148,-4.773499,-4.476638,-3.6567771,-4.6559997,-4.483849,-4.483849,-4.9986157,-4.694784,-4.9167676,-4.8360205,-4.512032,-4.71336,-4.244728,-4.244722,-4.307527,-3.0604217,-4.575295,-4.3428974,-4.4045744,-4.37294,-4.5802436,-4.5802436,-4.5036626,-4.4012346,-4.507343,-4.4233966
CCCCC(=O)OC3(C(C)CC4C2CCC1=CC(=O)C=CC1(C)C2(F)C(O)CC34C)C(=O)CO,-4.71,-4.3315606,-7.129143,-6.4008107,-6.4008107,-6.3969197,-6.696351,-6.3722687,-5.4982615,-4.827476,-4.0675287,-3.351536,-3.3515358,-3.2950156,-3.8707163,-3.3547585,-3.7824721,-4.5009885,-4.7922597,-4.4317403,-4.4317403,-4.2468376,-3.778142,-5.4147463,-4.377047,-4.915426,-4.935676,-4.803702,-4.8037057,-4.810448,-5.340514,-4.5950394,-4.7802744,-4.257673,-6.4575295,-6.1976147,-6.197614,-6.1560297,-6.225243,-6.1790414,-4.5570135,-4.3881955,-5.308914,-5.1010914,-5.1010914,-5.029867,-4.9888864,-4.920283,-4.9723706,-4.86483,-5.06966,-5.0686765,-5.0686774,-5.557532,-5.035832,-5.6573653,-5.2100143,-4.656736,-5.51487,-5.184332,-5.1843247,-5.2231517,-3.6839006,-5.5117106,-4.52621,-4.686179,-4.7584505,-4.7344346,-4.734433,-4.8715515,-4.792959,-4.961877,-4.71295
CCCC1COC(Cn2cncn2)(O1)c3ccc(Cl)cc3Cl,-3.4930000000000003,-4.8900557,-5.162013,-4.8610215,-4.8610215,-4.864585,-5.193411,-4.8706117,-5.1227565,-3.8076074,-4.0346704,-3.7481053,-3.7481046,-3.7153885,-4.1990786,-3.7513144,-4.042402,-3.6249483,-5.1167026,-4.6584435,-4.6584425,-4.6636915,-4.975385,-4.6489663,-4.7344556,-3.5801032,-4.540193,-4.5812745,-4.5812826,-4.566691,-4.6413546,-4.390696,-4.6238213,-4.0544596,-4.4950137,-4.518757,-4.5187573,-4.492167,-4.6573586,-4.5108743,-4.277699,-3.9676187,-4.3054333,-4.7875957,-4.787596,-4.8996005,-4.6478577,-4.6994615,-4.791406,-3.6465714,-2.8572917,-3.1774983,-3.1774979,-3.1433294,-3.4687693,-3.1265178,-3.3130584,-3.5959368,-4.7641373,-4.666977,-4.6669703,-4.736699,-3.1039262,-4.700751,-5.0656433,-3.521316,-4.577034,-4.6961575,-4.6961575,-4.797133,-4.447862,-4.7571626,-4.771806
CCCCCC=O,-1.3,-2.069562,-2.1071734,-1.8208686,-1.8208683,-1.8184234,-2.120825,-1.7997214,-2.2369227,-1.293346,-1.4079338,-1.8113943,-1.8113945,-1.7972761,-1.6449144,-1.8057498,-1.8258207,-1.2967167,-1.6833624,-1.7399272,-1.739927,-1.7478485,-1.6994277,-2.1148875,-1.8302027,-1.3728448,-1.5483278,-1.9246818,-1.9246883,-1.7425389,-2.148367,-1.7665645,-1.6235739,-1.4304807,-2.0470333,-1.8742532,-1.874253,-1.9078524,-1.939073,-1.886014,-1.8481864,-1.5059685,-2.7011216,-2.6412487,-2.6412492,-2.5621042,-2.6068158,-2.391076,-2.7738202,-0.97609603,-1.6845788,-0.6229799,-0.62298,-1.686005,-1.1970482,-1.6020958,-1.0396588,-1.2665042,-1.9108175,-1.6787342,-1.67873,-1.6712737,-1.0682067,-1.8111361,-2.1972535,-1.3073387,-0.9301291,-0.9531123,-0.95311207,-1.112083,-1.1681931,-1.214118,-1.2065423
COCOC,0.48,0.14135627,-1.6261545,-1.2035769,-1.2035772,-1.2193373,-1.416766,-1.2469,-1.0551279,0.76967704,-0.0034831534,1.299719,1.2997192,1.3075573,1.0513599,1.29513,-0.3030605,0.7221178,-0.7132471,-0.5380434,-0.53804326,-0.53866035,-0.36440867,0.97038925,0.5067901,0.54792506,0.11759043,0.11678059,0.11677717,0.52824014,0.17303291,0.38972527,-0.052994877,0.3328377,-2.3037076,-1.9392984,-1.9392976,-1.5363812,-1.8697723,-1.3833511,-0.956428,0.087311745,-2.046176,-1.9753815,-1.9753816,-1.9904417,-1.9532737,-1.9215462,-1.174506,0.14260617,-0.054498617,0.5757626,0.57576275,0.12198304,0.35322535,0.14896208,0.17758577,0.6882255,-0.2768404,-0.16969807,-0.16969411,-0.17219771,0.27619028,-0.22924674,-0.6621588,0.4720935,-0.068692684,0.12743454,0.12743454,0.17254268,0.45184812,0.2731948,0.1582697
CC(=O)CC(c1ccccc1)c3c(O)c2ccccc2oc3=O ,-3.893,-4.3975577,-4.818595,-4.472482,-4.472482,-4.473675,-4.7430468,-4.4637156,-4.215478,-4.2514367,-3.9982576,-3.9194305,-3.9194307,-3.8572447,-4.2247577,-3.9475782,-4.2644477,-4.2146573,-4.6575875,-4.361642,-4.3616414,-4.3410196,-4.6687202,-4.4296236,-4.4673285,-4.1079297,-3.5695705,-3.8787942,-3.878801,-3.6425443,-3.9205215,-3.3642561,-3.482608,-4.11443,-4.5794234,-4.510457,-4.510457,-4.4797297,-4.5645213,-4.5293465,-3.2552733,-3.6597528,-4.172303,-4.664316,-4.6643157,-4.712554,-4.589441,-4.639307,-4.697592,-3.642017,-3.163711,-3.5952635,-3.5952632,-3.8516989,-3.8416777,-3.7774348,-3.5847442,-3.9332993,-4.465758,-4.454818,-4.454811,-4.5145135,-3.1388013,-4.5592065,-5.0184107,-3.8717117,-3.9595072,-4.0753884,-4.0753884,-3.9960806,-4.054407,-4.0044775,-4.0480256
OC4=C(C1CCC(CC1)c2ccc(Cl)cc2)C(=O)c3ccccc3C4=O,-5.931,-5.54704,-5.738175,-5.516333,-5.516334,-5.533475,-6.020832,-5.608413,-5.419723,-5.927176,-5.860142,-5.1132846,-5.1132836,-5.150345,-5.614739,-5.080905,-4.6564584,-6.1374063,-6.123116,-6.003346,-6.0033464,-5.907896,-5.924786,-6.461551,-6.40332,-5.649799,-5.9131355,-5.134311,-5.1343174,-5.621818,-6.0110435,-5.5744367,-4.6223702,-5.3549743,-4.795926,-4.869419,-4.8694186,-4.889348,-5.1151156,-5.0426826,-5.4643145,-5.295526,-6.6530323,-6.860288,-6.860288,-7.2017717,-6.552468,-6.8153925,-5.5429363,-4.711745,-5.095313,-5.0530567,-5.053057,-5.390926,-5.430182,-5.1997395,-5.2582626,-5.9144344,-5.415592,-5.3929415,-5.3929377,-5.386038,-3.948708,-5.3156705,-6.302576,-5.9896975,-5.8847256,-5.9937434,-5.9937453,-5.839573,-6.0577416,-6.0399632,-6.035036
Cc2c(N)c(=O)n(c1ccccc1)n2C,-0.624,-0.3130196,-3.1433146,-2.7745452,-2.774545,-2.7764146,-3.006187,-2.8066914,-2.732617,-0.23282976,-2.8798661,-2.2931082,-2.29311,-2.2620678,-2.4928033,-2.2984912,-2.8182194,-0.7932374,-3.2445822,-3.0246427,-3.0246422,-3.0316348,-3.1248925,-1.9416353,-1.8167534,-0.35334507,-2.8037825,-2.5752234,-2.5752292,-2.4735088,-3.1839979,-2.3150551,-2.121456,-0.6886532,-2.7889469,-2.7544763,-2.754476,-2.7836578,-2.8707721,-2.788043,-2.558861,-1.1603088,-3.2458804,-3.5154326,-3.515433,-3.5809684,-3.5129402,-3.437437,-4.1408386,-2.1904058,-2.6300702,-2.4604325,-2.4604323,-3.025814,-2.718717,-2.9455166,-2.5967562,-0.7985766,-2.8295763,-2.634342,-2.6343372,-2.6728878,-1.7906897,-2.7212944,-3.230246,-0.63569355,0.3582042,-0.55414367,-0.55414474,-0.5853115,-0.3728494,-0.3901469,-0.23600419
Oc1ccc(cc1)C2(OC(=O)c3ccccc23)c4ccc(O)cc4 ,-2.9,-3.3655372,-5.4511266,-5.0892863,-5.0892863,-5.0732293,-5.365423,-5.0070558,-4.257902,-3.0077863,-3.9017825,-4.666237,-4.666238,-4.605724,-4.6169095,-4.7131343,-4.6587186,-2.9911208,-4.8139396,-4.68777,-4.6877704,-4.6621933,-5.18063,-4.5664983,-4.5833764,-2.6819122,-3.581354,-3.9711657,-3.9711714,-3.9047294,-4.5476685,-3.7467878,-3.44879,-2.93552,-5.018884,-5.065014,-5.0650144,-4.981311,-5.3523273,-5.0221553,-4.02459,-3.002853,-4.4115524,-5.2303805,-5.230382,-5.443642,-5.0759816,-5.2167997,-4.7929826,-3.3301494,-2.432197,-3.6143446,-3.614344,-3.8231664,-3.190103,-3.8926356,-3.6899297,-2.9498851,-4.2087026,-4.0697465,-4.0697393,-4.1114044,-2.7340927,-4.1700597,-4.4908175,-2.8715467,-2.9289117,-2.99358,-2.9935808,-2.9033227,-2.9440525,-3.0165408,-2.9651277
CCN(CC)C(=O)CSc1ccc(Cl)nn1,-1.716,-3.20967,-3.916697,-3.6291006,-3.6291,-3.5783312,-3.99814,-3.3239412,-4.0206904,-1.8069919,-4.539657,-2.7265108,-2.72651,-2.7533367,-3.396405,-2.6709607,-3.3813937,-2.5187569,-4.5500417,-4.292763,-4.2927628,-4.338643,-4.39163,-4.132555,-4.078425,-2.1001506,-3.3320913,-3.5364923,-3.536499,-3.0114346,-3.9232583,-3.2876992,-3.1184433,-2.4379385,-3.6030293,-3.6471262,-3.647126,-3.6508799,-3.770008,-3.5999331,-4.123063,-3.0192468,-3.817254,-3.634238,-3.6342387,-3.6551256,-3.5621603,-3.8776386,-3.8832326,-3.398717,-3.0834231,-2.8723488,-2.872349,-3.3935556,-2.8327484,-3.4438632,-2.972843,-1.7880856,-4.3267255,-3.9068706,-3.9068658,-3.904783,-2.8674998,-3.6812677,-4.7016163,-1.808377,-1.7703538,-1.8073514,-1.8073515,-1.801404,-1.6984408,-1.7625399,-1.8176451
CCOC(=O)c1ccc(N)cc1,-2.616,-2.853739,-2.8670208,-2.7410722,-2.7410715,-2.756781,-3.0943038,-2.801304,-2.8331661,-2.4057164,-2.4756474,-1.420365,-1.4203652,-1.369849,-1.6810608,-1.4191602,-2.0080907,-2.6584327,-2.6007884,-2.5795085,-2.5795085,-2.5952668,-2.5316324,-2.596205,-2.5567133,-2.6098819,-1.7530856,-1.9809111,-1.9809169,-1.7554879,-2.3450913,-1.6932107,-1.6921031,-2.5005646,-2.5462217,-2.4434698,-2.44347,-2.4765031,-2.5916681,-2.557978,-1.9936256,-2.6267917,-3.6910272,-3.9515133,-3.951514,-3.9752007,-3.9025366,-3.827635,-4.499899,-2.7595487,-2.0490055,-2.152159,-2.152159,-2.743272,-2.460353,-2.6645305,-2.3501654,-2.4989645,-2.3953128,-2.004287,-2.0042815,-2.032874,-1.2807269,-2.3189907,-2.3525472,-2.6237946,-2.508389,-2.5474865,-2.5474868,-2.5978014,-2.6463993,-2.580237,-2.721188
COc2c1occc1c(OC)c3c(=O)cc(C)oc23 ,-3.0210000000000004,-3.084334,-3.8307562,-3.695241,-3.6952415,-3.690431,-4.0366163,-3.6766706,-4.9226656,-3.1368709,-3.0643091,-2.8493214,-2.8493216,-2.8077924,-2.6506026,-2.8460732,-3.0544264,-2.9119685,-3.894071,-3.5159292,-3.5159295,-3.5279422,-3.6783345,-2.8920186,-2.780252,-2.6250026,-2.5335307,-3.092242,-3.0922482,-2.6995916,-3.0272815,-2.9232824,-2.0199053,-3.1890612,-3.1345081,-3.1858864,-3.1858866,-3.1181486,-3.3350217,-3.0616834,-2.8663406,-2.8764102,-3.4263368,-3.7752762,-3.7752764,-3.8402963,-3.7794933,-3.6635673,-4.335044,-2.1348693,-0.7964789,-2.1607218,-2.1607218,-1.5573001,-1.99045,-1.4907895,-1.6353483,-3.2262115,-2.6359076,-2.5954201,-2.5954142,-2.6198394,-1.5603957,-2.7454944,-3.2281737,-3.0348434,-3.0163226,-3.0961723,-3.096172,-3.0809886,-3.1163495,-3.0840228,-3.162518
CO,1.57,0.86102206,-0.13670853,0.53614396,0.53614396,0.53520507,0.114288636,0.5017316,0.50413084,1.8414437,0.6232707,0.5199747,0.5199747,0.5165418,0.5676492,0.5134312,0.14342836,1.8560697,-0.6199667,-0.39430517,-0.39430526,-0.39357224,-0.29565808,1.0653481,0.47479853,1.6873238,-0.07594514,0.047321774,0.04731703,0.50240886,0.030560758,0.46587506,-0.13182719,1.5308547,-1.2676831,-0.6015984,-0.6015986,-0.6108415,-0.5656458,-0.6641912,-0.32314017,1.6101998,-0.9186173,-0.40162295,-0.4016229,-0.39356828,-0.39220777,-0.4509543,-0.85330445,1.6451219,0.5341609,1.9927206,1.9927198,0.9954002,1.6568862,1.0113766,0.69439745,1.7237155,0.81558317,1.1565626,1.1565634,1.1284328,1.6547115,1.485164,0.8009634,0.9915152,0.32560354,0.6521056,0.65210545,0.83734614,0.97810656,0.87287265,0.45280755
CC4CC3C2CCC1=CC(=O)C=CC1(C)C2(F)C(O)CC3(C)C4(O)C(=O)COC(C)=O ,-4.9,-4.454732,-6.1453514,-5.6032395,-5.603239,-5.6084256,-5.9228454,-5.6176972,-5.3254557,-4.773156,-4.0405135,-3.254802,-3.2548022,-3.215605,-3.6768565,-3.2707112,-3.7845461,-4.5467806,-3.5547004,-3.488475,-3.4884753,-3.3928807,-3.2199476,-4.758875,-4.4524937,-4.806962,-3.5537527,-3.856801,-3.8568046,-3.9819202,-4.235613,-4.1549397,-3.907721,-4.8698163,-5.4751825,-5.3478546,-5.347855,-5.3013086,-5.437564,-5.298945,-4.3575096,-4.492139,-5.2260838,-5.17909,-5.1790905,-5.1301475,-4.9314623,-4.6068177,-4.944872,-4.01177,-3.9858813,-4.0203557,-4.0203547,-4.3940864,-4.358395,-4.2706304,-4.305623,-4.6402183,-4.839355,-4.5043087,-4.5042996,-4.542015,-3.1300402,-4.9920225,-4.624928,-4.8117294,-4.7930956,-5.003207,-5.003206,-5.0275736,-5.0928326,-5.06667,-4.955537
CCCCCCO,-1.24,-2.4079323,-2.2103157,-1.9265666,-1.9265667,-1.9336107,-2.2410505,-1.9251041,-2.2421649,-1.2726797,-1.3147125,-1.9465873,-1.9465872,-1.9346803,-1.7959458,-1.928309,-1.8147894,-0.8809858,-1.6801139,-1.7045475,-1.7045478,-1.7118332,-1.6101848,-1.3556176,-1.2734799,-1.1887928,-1.5855106,-1.860888,-1.8608948,-1.6563818,-2.0915635,-1.7823638,-1.5958763,-0.92843693,-2.1291857,-1.9551557,-1.9551557,-2.0168078,-2.031937,-2.0065231,-1.8979511,-2.0014386,-2.7147105,-2.5632522,-2.5632522,-2.3210654,-2.577738,-2.4998977,-2.8394208,-1.1253011,-1.8053921,-0.84464866,-0.8446488,-2.0793948,-1.262175,-1.9938294,-1.3709676,-1.1725072,-1.9819901,-1.7714374,-1.7714328,-1.7477902,-0.9727101,-1.7734063,-2.0746813,-1.3246884,-1.1349459,-1.0901798,-1.0901797,-1.3146744,-1.4050262,-1.6890569,-1.7161901
Oc1ccc(Br)cc1,-1.09,-1.4336275,-2.2012458,-2.195557,-2.1955569,-2.2173674,-2.5864813,-2.243881,-2.2716205,-1.1100037,-2.1703997,-1.853952,-1.853951,-1.8615963,-1.8059545,-1.8443054,-2.0064425,-1.09508,-1.6401099,-1.6739618,-1.6739616,-1.6799867,-1.561793,-1.6596484,-1.5530539,-1.391865,-1.5737077,-1.9603429,-1.9603485,-1.4553653,-2.1135328,-1.5292299,-1.5923271,-1.1449683,-1.7121412,-1.7147853,-1.7147851,-1.7105317,-1.776687,-1.7103738,-2.338563,-0.56190777,-2.9714062,-3.0008442,-3.0008435,-3.141545,-2.9519804,-3.1760738,-2.244331,-1.5782847,-0.24145934,-0.6533225,-0.6533219,-0.9784211,-0.96875197,-0.89971,-0.83760524,-1.105484,-1.9510387,-1.9864484,-1.9864484,-2.023417,-1.5771315,-1.9800551,-1.5985254,-1.1073153,-1.1705043,-1.1977575,-1.1977575,-1.1402854,-1.0746472,-1.1449336,-1.0383264
OCC(O)C(O)C(O)C(O)CO,1.09,-0.71804756,-2.7814288,-2.4160347,-2.416035,-2.4147773,-2.6683774,-2.4111784,-2.7262435,0.37400255,-0.7921307,-0.22144169,-0.22144172,-0.18507396,-0.29913893,-0.21495089,-1.1177864,0.75481975,-1.196616,-1.0515624,-1.0515621,-1.0692526,-0.99533784,0.17392462,0.8560403,0.66667926,-0.12762041,0.8345852,0.83458424,0.55401325,0.09652865,1.0197101,-0.33146426,0.3676079,-2.4566474,-2.3951683,-2.3951683,-2.4253454,-2.516308,-2.4155436,-2.2494779,-1.28004,-2.8669264,-2.9902375,-2.9902372,-2.6629944,-2.9795256,-2.5660827,-3.3920124,0.0038477366,-0.77103734,-0.51766783,-0.51766783,-0.95335746,-0.43186092,-0.9005858,-0.41999388,0.6334976,-0.60176706,-0.51404035,-0.51403326,-0.51226026,0.29975912,-0.6591648,-1.3364732,0.5876276,0.08473314,0.06339359,0.063393585,0.05593118,0.044436283,0.039321296,0.003278446
CCCCCCCl,-3.12,-2.9467018,-2.310399,-2.0732822,-2.073282,-2.0634968,-2.4008985,-2.0370376,-2.571106,-3.1101289,-1.8506942,-2.7888103,-2.7888105,-2.7754815,-2.5390112,-2.7704828,-2.169777,-3.1131296,-1.8701862,-2.0172474,-2.0172477,-2.0280979,-1.949433,-3.3802106,-3.1092787,-3.3381886,-2.7226748,-3.085137,-3.0851445,-3.1139154,-3.2903054,-3.2288623,-2.6285028,-3.1246867,-2.2761922,-2.2497847,-2.2497842,-2.2482655,-2.2711473,-2.2384045,-2.3037047,-2.834621,-2.6942542,-2.571139,-2.5711393,-2.538288,-2.5713234,-2.4900954,-2.8066885,-3.3214407,-3.1784163,-3.0797586,-3.0797584,-3.231464,-3.7750168,-3.1575143,-3.2171133,-3.224288,-3.5553424,-3.3542612,-3.3542578,-3.4007742,-2.4181585,-3.854232,-3.701489,-3.513143,-3.7442262,-3.7552967,-3.7552972,-3.6836379,-3.8665993,-3.9905596,-3.7900908
CC1=CCC(CC1)C(C)=C,-4.26,-2.8948004,-2.4563956,-2.0468898,-2.04689,-2.060379,-2.3261006,-2.085558,-2.2626288,-4.1835027,-2.7300992,-3.4619277,-3.4619284,-3.4126947,-3.4549224,-3.4623997,-3.216492,-4.23213,-2.556908,-2.6016989,-2.601699,-2.6223853,-2.537374,-3.0999644,-3.128253,-3.932218,-2.0430043,-3.1251206,-3.1251285,-2.7656412,-2.6551707,-3.0707211,-2.4855616,-4.147822,-2.353012,-2.2194366,-2.2194366,-2.2679207,-2.2907374,-2.2871933,-1.8767262,-4.080541,-3.3589368,-3.5627353,-3.5627353,-3.6616154,-3.4700243,-3.5455296,-4.384017,-4.0549617,-4.9822555,-4.3818126,-4.3818126,-5.3599324,-4.675619,-5.361609,-4.027715,-4.347664,-3.7686687,-3.6868696,-3.6868646,-3.7532578,-2.7125902,-4.0130334,-3.7684243,-4.19622,-4.3271303,-4.4164996,-4.4164996,-4.4004607,-4.335442,-4.4641914,-4.29359
CC(C)O,0.43,0.012954008,-1.3929056,-0.70466965,-0.7046696,-0.6829958,-0.84489125,-0.64588964,-1.0498518,0.74434376,-0.31633502,-0.060545713,-0.06054592,-0.06103366,-0.2206287,-0.04314708,-0.70139116,0.9633221,-0.9642275,-0.9388985,-0.9388986,-0.939749,-0.8378556,-0.016923696,-0.12677585,0.7707394,-0.49864644,-0.20763986,-0.20764431,0.08765101,-0.6283597,0.15966481,-0.48901418,0.46638924,-1.5144857,-0.72738373,-0.72738373,-0.76869243,-0.73529035,-0.7833903,-0.5587391,-0.3962036,-1.2351669,-0.95241046,-0.9524104,-0.94565314,-0.9342091,-0.93939793,-1.3378912,0.31535053,-0.20744558,0.9222959,0.9222956,-0.22613294,0.6254365,-0.18195975,0.015213903,0.6441168,0.5182698,0.64608186,0.64608544,0.62892616,1.0154457,0.7705938,0.2351608,0.9915152,0.32560354,0.6521056,0.65210545,0.83734614,0.97810656,0.87287265,0.45280755
Fc1ccc(F)cc1,-1.97,-1.3643037,-2.0489063,-1.8365778,-1.8365779,-1.8480858,-2.0603778,-1.8658553,-1.6599789,-1.8449075,-0.45289844,-1.2494162,-1.2494166,-1.2559618,-1.1052219,-1.2380354,-0.57902145,-2.0197713,-1.3863573,-1.4183203,-1.41832,-1.4216645,-1.405622,-1.4001651,-1.2135568,-1.4862412,-1.0681677,-1.6300868,-1.6300915,-1.122397,-1.7217573,-1.2750738,-1.0064331,-2.0688548,-3.342469,-1.423171,-1.4231709,-1.4962411,-2.1689765,-1.4844514,-1.9330151,-1.6245233,-2.2746944,-2.4833176,-2.483318,-2.5558395,-2.4447167,-2.5105371,-2.2107022,-2.191828,-1.2727877,-1.2683318,-1.2683315,-1.3928849,-1.5428628,-1.304897,-1.2266424,-1.8648854,-1.833267,-1.4115269,-1.4115251,-1.4301696,-1.1422255,-1.3897225,-1.6295507,-2.4642482,-3.0101733,-3.0683136,-3.0683136,-2.9506361,-2.9108002,-2.9957952,-2.7607417
Cc1ccccc1N(=O)=O,-2.33,-2.9718807,-2.3615966,-2.089929,-2.0899289,-2.0861266,-2.2395658,-2.0916774,-2.139537,-2.2514932,-1.5904281,-1.429968,-1.429968,-1.4436405,-1.4467028,-1.4043036,-1.8572569,-2.2123086,-1.7782377,-1.9088079,-1.9088078,-1.9175639,-1.8720156,-2.02441,-2.0850856,-2.183979,-1.9039185,-2.4400024,-2.4400103,-1.9179341,-2.497236,-2.1168745,-1.9616098,-2.3970592,-1.7707628,-1.2932459,-1.2932457,-1.2911103,-1.3732115,-1.2136234,-1.1447463,-2.5318062,-2.0477781,-2.0509894,-2.0509894,-2.0699518,-2.0756142,-1.9955416,-1.7243516,-2.566092,-1.7790858,-2.178388,-2.178388,-2.3329492,-2.5520744,-2.25342,-2.4554021,-2.2018988,-2.6638603,-2.0986278,-2.098626,-2.16124,-1.5757136,-2.2298608,-2.832092,-2.3262596,-2.8006158,-3.1596742,-3.1596744,-3.1605334,-3.161647,-3.0255997,-3.62245
CC(C)(C)CO,-0.4,-0.5647439,-1.4128318,-1.4404764,-1.4404762,-1.4458342,-1.9989508,-1.3870246,-1.2769036,-0.48568806,-0.66293675,-0.999319,-0.9993191,-1.0003344,-1.0121938,-0.9780631,-1.2534797,-0.45469794,-1.398372,-1.4423658,-1.4423658,-1.4475342,-1.3476665,-0.72922456,-0.80438584,-0.19565041,-1.0322868,-0.854454,-0.85445887,-0.70575327,-1.275179,-0.701365,-1.1402613,-0.42673954,-1.65907,-1.6464026,-1.6464024,-1.5545545,-1.8575364,-1.4791191,-1.3504921,-0.7581299,-1.3861387,-1.1752332,-1.1752332,-1.1694041,-1.1933372,-1.1442043,-1.7620512,-0.24802777,-0.9731788,0.21123996,0.21123964,-1.1363082,-0.16743883,-1.0699674,-0.6077104,-0.26300874,-0.6545182,-0.6947924,-0.69478804,-0.7267344,-0.26506183,-0.8238566,-0.7856236,-0.57065004,-0.15213656,-0.07061842,-0.0706184,-0.029026203,-0.0780733,0.010287508,0.3024198
CCCOP(=S)(OCCC)SCC(=O)N1CCCCC1C,-4.15,-4.244979,-5.4365597,-5.1049337,-5.1049337,-5.0949664,-5.4095697,-5.0562787,-4.884539,-4.472346,-4.9315763,-4.8608747,-4.8608747,-4.8109865,-5.2896295,-4.8845005,-4.747293,-4.205058,-4.615949,-4.6592603,-4.6592607,-4.5283203,-4.732512,-5.1351295,-5.121734,-4.2453713,-5.277077,-5.185963,-5.1859684,-4.7078757,-5.621338,-4.9153595,-4.8887596,-4.2817984,-5.3627515,-5.0588565,-5.058856,-5.0024104,-5.2244954,-4.96942,-3.8442557,-4.595729,-4.5385737,-4.436198,-4.436198,-4.446619,-4.359161,-4.6636224,-4.368188,-4.739442,-4.8939834,-4.9371963,-4.9371963,-5.1541934,-5.000781,-5.1822624,-4.9082556,-4.3214235,-6.1550426,-5.977815,-5.9778123,-6.0359097,-4.7383456,-5.826705,-6.295355,-4.1722574,-4.1291704,-4.2677345,-4.267734,-4.174408,-4.157488,-4.2000914,-4.229627
Cc1ccccc1O,-0.62,-0.5320944,-2.0856423,-1.8499411,-1.8499413,-1.8423905,-1.9600848,-1.8418905,-1.5422921,-0.15616058,-1.5445167,-0.87836474,-0.8783647,-0.8882624,-1.0873473,-0.86223066,-1.6009835,-0.016752535,-1.4715868,-1.5634637,-1.5634638,-1.5685664,-1.4858874,-0.96863127,-0.9802808,-0.7177108,-1.3909277,-1.7242488,-1.724254,-1.2754862,-1.8747903,-1.3263603,-1.3870078,-0.7344116,-1.6691916,-1.7789237,-1.7789236,-1.7175645,-1.8335806,-1.6973444,-0.9654952,-0.2594907,-2.0157092,-1.9878505,-1.9878505,-2.0036623,-1.9944952,-1.934527,-1.5023214,-1.6117668,-0.6879411,-1.0398729,-1.0398724,-1.5104357,-1.3269325,-1.4348282,-1.2057033,-0.33583072,-1.4474097,-1.3036013,-1.3036002,-1.3148534,-0.90599304,-1.3329052,-1.47843,-0.6148589,-0.5962956,-0.65838975,-0.6583897,-0.64900964,-0.64850396,-0.6735435,-0.7525165
CCNc1nc(Cl)nc(NCC)n1 ,-4.55,-4.0015855,-3.4759786,-3.1781964,-3.1781967,-3.171688,-3.4479775,-3.1410692,-3.3481262,-3.9717214,-2.7619252,-1.9458426,-1.9458432,-1.9053795,-2.2850292,-1.9394642,-2.3284972,-3.6340418,-3.1362286,-3.0031316,-3.0031314,-3.0244231,-2.9823203,-3.0715754,-2.908391,-3.995109,-1.5627563,-1.9674159,-1.9674212,-1.733946,-2.1232188,-1.7321893,-1.719862,-4.6592336,-3.90201,-3.9228828,-3.9228826,-3.576595,-4.1248503,-3.312814,-3.019965,-3.8960154,-3.7070687,-3.8381908,-3.8381906,-3.7313077,-3.8502934,-3.7398968,-4.097869,-2.6686578,-2.5375042,-3.2699285,-3.2699282,-2.9540887,-3.4376326,-2.90243,-3.1970289,-4.334427,-3.7226732,-3.316886,-3.3168817,-3.4096723,-2.1860425,-3.9160628,-3.8687747,-4.4361725,-4.4429245,-4.5803986,-4.580398,-4.526022,-4.5005846,-4.627423,-4.7106066
c3ccc2nc1ccccc1cc2c3,-3.67,-3.8509746,-2.6522007,-2.688651,-2.6886513,-2.7041826,-3.0956097,-2.7355285,-3.623205,-3.9539754,-4.2197785,-4.598047,-4.598048,-4.550762,-4.6926146,-4.6229954,-4.4956207,-3.7971435,-2.9274433,-3.0862103,-3.0862107,-3.0997036,-2.9198647,-4.7553887,-4.928522,-3.7064106,-3.9846501,-4.328003,-4.328012,-4.181757,-4.549576,-4.0967965,-3.4164214,-3.8015618,-3.7426326,-3.538787,-3.538787,-3.7315214,-3.659777,-3.7513027,-3.555048,-3.1976404,-3.3819969,-3.673558,-3.673558,-3.7479453,-3.640077,-3.568103,-4.397304,-3.1286316,-4.225739,-2.9358885,-2.9358888,-4.3785458,-3.415441,-4.3062744,-3.279083,-3.702675,-5.459864,-5.5829926,-5.58299,-5.583968,-4.727419,-5.6700273,-5.755503,-3.6075737,-3.6839895,-3.6635785,-3.6635778,-3.5493464,-3.6499174,-3.6315384,-3.6390574
Cc1cc(C)c(O)c(C)c1,-2.05,-2.8208785,-2.4614153,-2.2315307,-2.2315307,-2.2216399,-2.3889592,-2.2170975,-2.4524963,-1.810493,-1.8302329,-1.5791901,-1.5791899,-1.5779905,-1.7582829,-1.5953265,-1.8233799,-2.1021106,-2.2120047,-2.3348503,-2.3348503,-2.34643,-2.2758293,-2.2621486,-2.337104,-2.050968,-1.8540355,-2.2560346,-2.2560399,-1.9877758,-2.370095,-1.9687862,-2.0562317,-1.63047,-2.0072434,-1.806401,-1.8064017,-1.7883122,-1.9368331,-1.6934711,-1.3990195,-1.8300127,-2.527587,-2.6388285,-2.6388285,-2.6810532,-2.6740053,-2.591941,-2.7717392,-1.882548,-1.8336538,-1.7849088,-1.7849087,-2.6409426,-2.0797505,-2.5481968,-1.860345,-2.251146,-2.012116,-1.8664103,-1.8664073,-1.9001676,-1.1783133,-1.9818999,-2.3045108,-2.0671198,-1.3755271,-1.3518083,-1.3518084,-1.3652781,-1.4912254,-1.3263674,-1.5008233
COC(=O)c1cc(O)c(O)c(O)c1 ,-1.24,-3.8265011,-2.8521028,-2.8311217,-2.831122,-2.8394837,-3.180506,-2.8657815,-4.046622,-1.2553215,-1.2434372,-1.0925164,-1.0925171,-1.0553254,-1.0888252,-1.0456506,-1.1320134,-0.97453195,-2.4100554,-2.3253505,-2.3253503,-2.345341,-2.2562377,-0.79742664,-0.9836966,-1.2155349,-0.84160954,-1.0683601,-1.0683638,-0.8836006,-1.2938684,-0.8338964,-0.95595896,-1.403881,-2.373374,-2.6354213,-2.6354215,-2.6434815,-2.6736836,-2.6503978,-3.0172327,-1.5994612,-2.9029365,-2.6298234,-2.6298232,-2.604085,-2.7299783,-2.7611277,-2.7462265,-0.5967414,-0.48987037,0.13715932,0.1371592,-1.1454155,0.46770394,-1.0254174,0.19054328,-1.1912609,-1.1859741,-1.4140108,-1.4140054,-1.4338425,-0.5959759,-1.6203341,-1.7914834,-1.0885354,-1.2554826,-1.2974713,-1.2974718,-1.2691185,-1.2482541,-1.3520372,-1.2484559
CCC(C)O,0.47,-0.57934934,-1.6214074,-0.9063085,-0.9063086,-0.90015393,-1.035812,-0.91055954,-1.1295938,0.7236987,-0.87375164,-0.55511355,-0.5551135,-0.5551251,-0.72415453,-0.5511514,-1.1548883,0.411096,-1.1628733,-1.1790874,-1.1790874,-1.1813738,-1.0834547,-0.41849446,-0.41025496,0.34193343,-0.8272572,-0.6553284,-0.6553338,-0.3553445,-1.070855,-0.32789144,-0.80208796,0.55065155,-1.5634826,-1.2235591,-1.2235593,-1.2374675,-1.2441337,-1.1656193,-0.82759213,0.019035053,-1.7168239,-1.5637913,-1.5637915,-1.5676892,-1.5270694,-1.5480332,-0.8912115,-0.012697119,-0.64234066,0.4423437,0.4423437,-0.76424664,0.11700949,-0.7127291,-0.3672573,0.56496334,-0.18835576,-0.1204517,-0.1204481,-0.14768201,0.2788269,-0.024829868,-0.4745884,0.17853437,0.23332688,0.2305701,0.23057006,0.038492262,0.30584165,0.27196157,0.16422369
CCC(C)(C)C,-3.55,-3.9292643,-1.6549357,-1.6223233,-1.6223233,-1.6293122,-2.1175048,-1.5794259,-1.3154619,-3.258454,-1.3264464,-1.9992203,-1.9992199,-1.9899399,-1.932091,-1.9875976,-1.9428813,-3.6672962,-1.6856321,-1.861373,-1.8613731,-1.8664811,-1.7825515,-2.92194,-2.9602704,-3.4951627,-1.9213059,-2.4812021,-2.4812093,-2.0878525,-2.440212,-2.411617,-2.1779745,-3.48095,-2.054843,-2.4216604,-2.4216604,-2.4312592,-2.291384,-2.4143438,-1.6739341,-2.232796,-1.5894837,-1.4099315,-1.4099314,-1.4066265,-1.4168683,-1.3995482,-1.2161909,-3.6692848,-3.5852184,-2.817513,-2.8175135,-3.2062304,-3.23596,-3.2413342,-2.7628841,-3.5156062,-2.6428568,-2.686992,-2.686989,-2.713048,-1.9928918,-2.869547,-2.5459034,-2.5803287,-1.9478883,-1.9176517,-1.917652,-1.930729,-1.9030347,-1.9167854,-1.8669101
CSc1nnc(c(=O)n1N)C(C)(C)C,-2.253,-1.6238877,-3.1168973,-2.710212,-2.710212,-2.715393,-2.965972,-2.7423823,-2.7501128,-2.017868,-2.397268,-1.9850188,-1.9850192,-1.9600658,-2.0389967,-1.9886278,-2.3971474,-2.1265657,-3.9198053,-3.7029598,-3.70296,-3.7080429,-3.8554473,-2.7141051,-2.5547044,-2.2009745,-1.9963733,-2.5158002,-2.5158055,-2.2566056,-2.7787244,-2.2659922,-2.2076666,-2.0893235,-2.9504166,-2.843081,-2.843081,-2.8843954,-2.942989,-2.9135542,-2.3412678,-2.0136883,-3.1130884,-2.2600992,-2.2600987,-2.3273296,-2.2463555,-2.6333401,-1.8305185,-3.4374459,-2.5391974,-3.0755885,-3.0755885,-2.9843707,-3.3573644,-2.9322767,-3.1631749,-2.5033345,-2.277829,-2.135067,-2.135062,-2.1941533,-1.3043562,-2.211696,-2.711637,-2.2984354,-2.2597709,-2.2928028,-2.2928023,-2.273854,-2.255954,-2.3937366,-2.297662
CC1CC2C3CC(F)C4=CC(=O)C=CC4(C)C3(F)C(O)CC2(C)C1(O)C(=O)CO,-5.613,-4.7509017,-5.470782,-5.0896544,-5.089654,-5.0911946,-5.4284716,-5.070314,-5.259285,-5.2843223,-3.4390035,-2.8550508,-2.8550513,-2.8187442,-3.0522645,-2.8639925,-3.289137,-5.3489866,-2.4568667,-2.5946026,-2.594603,-2.6093364,-2.4502988,-4.072687,-3.8019195,-5.2927165,-3.261373,-3.524882,-3.5248861,-3.1018271,-3.9721968,-3.1959114,-3.4732597,-4.552774,-4.9056726,-4.8700085,-4.870009,-4.8722115,-4.974615,-4.965325,-4.309075,-4.3129983,-4.1833167,-4.1236997,-4.1236997,-3.8913956,-4.0534267,-3.7537546,-4.4447827,-3.771495,-3.2339692,-3.6144285,-3.6144283,-3.6285157,-3.9602947,-3.5330791,-3.8738034,-5.0483503,-3.9022586,-3.6623056,-3.6622958,-3.684136,-2.4507904,-3.838612,-3.8646095,-5.3391924,-3.9457555,-3.9465797,-3.9465795,-4.061107,-4.264073,-4.7610135,-3.8198545
CN(C)C(=O)NC1CC2CC1C3CCCC23,-3.1710000000000003,-2.5306242,-3.4224641,-3.0853076,-3.085308,-3.0798416,-3.4097238,-3.0399158,-3.1637075,-2.8677318,-3.175981,-3.4322436,-3.4322443,-3.3531249,-3.6221547,-3.4150755,-3.0567305,-3.3307471,-3.9723608,-3.780678,-3.7806778,-3.7975228,-3.8404875,-3.6241436,-3.709747,-3.1283076,-3.3941472,-4.190979,-4.190986,-3.2534456,-4.0783873,-3.8840234,-3.5378249,-2.850792,-3.2691517,-3.1914968,-3.1914973,-3.209699,-3.3167303,-3.2024786,-2.8815184,-3.0251782,-3.4585865,-2.962178,-2.9621775,-2.9431524,-3.0294363,-3.165354,-3.301427,-3.12775,-3.7451248,-3.5053992,-3.5053995,-4.2053123,-3.7495658,-4.138733,-3.8018801,-3.3942912,-4.552675,-4.62161,-4.6216054,-4.6621594,-3.4649801,-4.7677665,-4.937952,-3.222201,-2.8859725,-2.778766,-2.778766,-2.7346475,-2.7070386,-2.801338,-2.2808678
COP(=S)(OC)SCC(=O)N(C)C=O,-1.995,-2.506519,-3.5529857,-3.3459795,-3.3459795,-3.33522,-3.6335008,-3.1754158,-3.529317,-1.7763753,-2.1015842,-2.050081,-2.050081,-1.9767464,-1.7648906,-1.9652296,-2.1510453,-1.8842494,-3.258687,-2.7742538,-2.7742538,-2.8193486,-2.9434998,-1.8136785,-1.5524065,-1.7308333,-0.9273713,-1.5370691,-1.5370746,-1.1562644,-1.5745882,-1.213737,-1.4322114,-2.2827172,-3.260356,-3.0167367,-3.0167365,-3.025219,-3.212092,-2.9719956,-2.8660696,-2.7912917,-3.3071294,-3.6271093,-3.6271095,-3.5262423,-3.6223211,-3.5535884,-4.2107897,-1.9446157,-2.5004334,-2.3859656,-2.3859656,-2.8166056,-2.7214856,-2.8686178,-2.404137,-1.9952723,-1.978351,-2.2414489,-2.2414427,-1.7848945,-1.1336133,-2.284037,-2.6307456,-2.0249193,-2.8941264,-2.2984302,-2.2984302,-2.241061,-2.3625832,-2.3674212,-2.6394145
Clc1cccc(Cl)c1c2ccccc2 ,-5.21,-4.3717256,-3.277214,-2.879777,-2.8797767,-2.8638515,-3.101338,-2.8432176,-3.109794,-5.2591634,-4.7948413,-5.1943436,-5.1943426,-5.1421857,-5.0830336,-5.2020764,-5.5004606,-5.1593947,-4.2516646,-4.3063116,-4.306311,-4.3327374,-4.300692,-6.031046,-5.6917768,-5.1395617,-3.9361815,-4.4812026,-4.4812093,-4.388706,-4.592513,-4.2432137,-4.027544,-5.1965146,-3.8839388,-5.2153835,-5.215384,-5.2693577,-4.914322,-5.4371896,-5.8266115,-4.674024,-3.1748943,-3.4236438,-3.4236443,-3.4928842,-3.395569,-3.3222563,-3.9799945,-5.265442,-5.803628,-5.1516156,-5.151616,-6.31297,-5.366924,-6.305809,-5.100524,-5.162745,-5.3407903,-5.153117,-5.1531143,-5.1882744,-4.1107955,-5.3409495,-5.7878957,-5.336115,-5.778616,-5.827502,-5.827502,-5.7687497,-5.8342667,-5.7482324,-5.344077
Clc1ccc(CN(C2CCCC2)C(=O)Nc3ccccc3)cc1,-5.915,-5.739162,-5.848163,-5.311031,-5.311031,-5.2964063,-5.692088,-5.0741525,-4.523595,-5.9508986,-4.2464705,-4.4493856,-4.4493856,-4.380376,-5.057215,-4.5306406,-4.885171,-5.888327,-4.5649233,-4.6063,-4.6063,-4.6101847,-4.838832,-5.611376,-5.32542,-5.553563,-5.509659,-5.6282268,-5.628234,-5.7616277,-5.9337673,-5.858565,-5.2679276,-5.9628234,-5.1484427,-5.205392,-5.2053924,-5.1612806,-5.314529,-5.219046,-4.4973106,-4.128476,-4.558837,-4.9902024,-4.990203,-5.0390797,-4.829363,-4.9847746,-4.636074,-4.5059843,-4.2044306,-4.1856275,-4.185628,-4.5365453,-5.0381174,-4.5722094,-4.102701,-5.7781005,-5.547421,-5.394868,-5.394864,-5.4706163,-3.9382687,-5.1475835,-5.4186916,-5.8207574,-5.910247,-6.075031,-6.0750303,-5.9860106,-5.982796,-6.0092263,-5.9694676
CC34CCC1C(CC=C2CC(O)CCC12C)C3CCC4=O,-4.12,-4.152625,-3.9995952,-3.6542068,-3.6542063,-3.66447,-4.019492,-3.663499,-3.9603453,-4.1021714,-3.9090872,-4.2266526,-4.226653,-4.153906,-4.536213,-4.271818,-4.212511,-4.095386,-3.5025902,-3.6669993,-3.666999,-3.6550574,-3.6775446,-4.2381363,-4.1645465,-4.245147,-4.401392,-4.601976,-4.601981,-4.421662,-4.821697,-4.831738,-4.2772365,-3.980593,-3.866159,-3.7294302,-3.7294302,-3.7524042,-3.8630946,-3.7918336,-3.1128616,-4.0332274,-3.483648,-3.4187322,-3.4187322,-3.391174,-3.404384,-3.4707851,-3.8584898,-3.683767,-3.59718,-3.8171828,-3.8171828,-4.002332,-4.1471295,-3.929751,-3.8582509,-4.2991533,-5.2585506,-5.276044,-5.2760377,-5.3022594,-3.7472131,-5.440988,-5.2741694,-4.1765594,-4.224406,-4.1359525,-4.1359525,-4.131545,-4.3429885,-4.36887,-4.1652913
Cc1c(cc(cc1N(=O)=O)N(=O)=O)N(=O)=O,-3.22,-3.233892,-3.568839,-3.5746198,-3.57462,-3.5713391,-3.9298139,-3.5508568,-5.2643023,-3.4646807,-2.0283003,-3.3469074,-3.3469071,-3.3417215,-3.4659245,-3.3402643,-3.6023657,-3.2978635,-3.648641,-3.4320347,-3.4320345,-3.47134,-3.6124182,-3.346874,-3.0917466,-3.0899887,-2.6315067,-3.777365,-3.7773728,-2.8301709,-3.308299,-3.3756132,-2.798032,-3.36297,-2.6973615,-2.8838882,-2.8838882,-2.8658078,-3.1908288,-2.8116982,-3.0519102,-2.8794465,-2.6927474,-2.3431952,-2.3431954,-2.2426543,-2.3782773,-2.4926274,-2.0811512,-2.9079447,-2.6404204,-3.506412,-3.5064116,-3.2325559,-3.5562646,-3.1138766,-3.6301348,-3.097137,-4.575525,-3.9091837,-3.9091823,-3.9451902,-3.3186574,-4.1886587,-3.3951201,-3.1471202,-3.1717067,-3.262462,-3.2624624,-3.2570338,-3.2690709,-3.2047346,-3.2765636
Clc1ccc(Cl)c(c1)c2c(Cl)c(Cl)cc(Cl)c2Cl ,-7.42,-8.0065565,-4.8482985,-4.987206,-4.9872055,-4.9835978,-5.29012,-4.955683,-7.5717106,-7.397073,-7.8443336,-8.177615,-8.177619,-8.104318,-7.6868377,-8.225927,-8.229075,-7.272037,-6.7185693,-7.007229,-7.0072293,-7.049692,-6.993217,-7.840424,-8.290957,-7.679552,-6.8263664,-7.430654,-7.4306617,-7.8878226,-7.641268,-7.303431,-7.094453,-7.6932497,-4.2517514,-4.4985933,-4.498594,-4.507827,-4.6803045,-5.2116075,-5.984166,-6.1949096,-3.2093809,-3.4236467,-3.4236462,-3.495842,-3.4408906,-3.3856785,-4.1934743,-7.818329,-5.781956,-7.201128,-7.201128,-6.3707223,-7.625425,-6.4321337,-7.8662047,-7.212693,-8.65773,-8.3003025,-8.3003025,-8.313312,-7.2336106,-8.916091,-8.577639,-7.2154865,-9.01576,-9.548793,-9.548789,-9.544867,-8.900563,-9.446607,-8.384408
Clc1ccc(c(Cl)c1)c2c(Cl)ccc(Cl)c2Cl ,-7.43,-7.6515536,-4.2810063,-4.0982795,-4.0982795,-4.0964627,-4.3963423,-4.103225,-5.3244834,-7.370714,-7.018788,-6.8751535,-6.875153,-6.8143315,-6.675206,-6.8932934,-7.355691,-7.240047,-6.8832192,-7.36575,-7.3657503,-7.402137,-7.546384,-7.698499,-7.481317,-7.1948094,-5.8736057,-6.5876412,-6.58765,-6.925092,-6.6516027,-6.4067655,-6.6005144,-7.604513,-3.4877377,-3.5150924,-3.5150926,-3.5474012,-3.6576855,-3.6218548,-3.8038545,-6.310721,-3.4136374,-3.7100403,-3.71004,-3.8006563,-3.675567,-3.634244,-4.501148,-7.50054,-5.507433,-7.046692,-7.0466914,-6.208201,-7.596181,-6.1640215,-7.333315,-7.451531,-7.8739867,-7.6158423,-7.615843,-7.655884,-6.4377217,-7.9562783,-8.06045,-7.235489,-7.4053764,-7.2834744,-7.283472,-7.1328406,-6.977007,-7.082847,-7.261932
CCCCC(=O)OCC,-2.25,-2.0197227,-2.6782744,-2.3735752,-2.3735754,-2.3756928,-2.6513152,-2.3728416,-2.3099558,-1.8933192,-1.926844,-1.5078633,-1.5078632,-1.501893,-1.7163348,-1.511695,-1.8385159,-1.6788983,-2.2473164,-2.2627509,-2.2627509,-2.2724595,-2.2042587,-2.4959135,-2.4439363,-1.7584863,-1.500184,-1.8422712,-1.8422767,-1.6773691,-2.1053724,-1.6377877,-1.5154808,-1.9343263,-2.587223,-2.5156698,-2.51567,-2.582003,-2.6698487,-2.5898929,-2.1347136,-2.0010102,-3.1503305,-3.1108854,-3.1108851,-3.008611,-3.107529,-3.1803777,-3.4068294,-1.9555258,-2.175672,-2.024368,-2.0243678,-2.7822146,-2.2751966,-2.7259743,-2.1720355,-2.0722995,-2.492331,-2.1676714,-2.1676664,-2.233931,-1.4248021,-2.2050087,-2.7466397,-2.3607557,-2.2374003,-2.3049364,-2.3049364,-2.3520558,-2.376739,-2.5100625,-2.424629
CC(=O)Nc1ccc(Br)cc1,-3.083,-2.9174492,-2.9409063,-3.0119925,-3.011993,-3.03374,-3.4864898,-3.084264,-3.2776673,-2.837936,-3.5636382,-2.513006,-2.5130067,-2.4772825,-2.756985,-2.5525362,-2.687001,-3.0189617,-2.6779828,-2.7276487,-2.7276495,-2.749868,-2.6591716,-4.000691,-4.265106,-2.9031906,-2.133812,-2.692162,-2.6921694,-2.244254,-2.8147564,-2.365502,-2.3483741,-3.1915326,-2.3778977,-2.3180623,-2.318062,-2.3828998,-2.3599195,-2.4015484,-2.7200098,-2.6903772,-3.2489054,-3.5465052,-3.546505,-3.6326127,-3.5132935,-3.4437757,-4.200793,-2.0460968,-2.2233744,-1.5960045,-1.5960045,-2.4356134,-1.9231597,-2.3549976,-1.8098426,-3.042508,-3.7946482,-3.267529,-3.267526,-3.3025846,-2.561207,-3.5400162,-3.9362938,-3.05545,-2.9461098,-3.1169496,-3.1169496,-3.105894,-3.141125,-3.056239,-3.104829
CCOCC,-0.09,-0.48807135,-1.6831841,-1.2798816,-1.2798814,-1.2974454,-1.5181785,-1.3283452,-1.2465547,0.20953569,-1.0186996,-0.3885555,-0.38855568,-0.39049762,-0.5444284,-0.4015269,-1.0573479,0.086468965,-1.1643995,-1.1421895,-1.1421895,-1.1442424,-1.053249,-0.48781157,-0.5001994,-0.17148523,-0.4789254,-0.5357645,-0.5357701,-0.1577786,-0.751724,-0.22769466,-0.49950805,-0.53368115,-2.5950007,-1.9484354,-1.9484353,-1.7674576,-1.9910855,-1.6065053,-1.5074222,-0.37849644,-1.997467,-1.8525344,-1.8525344,-1.8473217,-1.8032378,-1.8096989,-0.96404266,-0.64045125,-0.4197823,-0.2437981,-0.2437983,-0.40751547,-0.7029905,-0.38994282,-0.48581368,-0.0046892385,-1.1435562,-1.0589098,-1.0589076,-1.0731732,-0.5651349,-0.98029065,-1.3373555,-0.2720278,-0.50495267,-0.47229716,-0.47229704,-0.51836276,-0.49909243,-0.49668753,-0.52173865
CCOP(=S)(OCC)Oc1nc(Cl)c(Cl)cc1Cl ,-5.67,-5.889971,-4.895169,-4.6906176,-4.690618,-4.6868773,-5.0010943,-4.6521325,-5.449706,-5.7274904,-4.023516,-4.85919,-4.8591905,-4.7777085,-5.005812,-4.805417,-4.754011,-5.5919313,-5.933724,-5.740224,-5.740224,-5.7851353,-5.8817525,-5.8929048,-6.1994724,-5.167813,-5.655856,-5.776294,-5.7763042,-5.703408,-6.2694273,-5.5732675,-5.3484163,-5.7291384,-4.412826,-4.375287,-4.3752875,-4.3397555,-4.529205,-4.3664308,-4.3938303,-4.1001616,-3.7578309,-4.2331314,-4.233131,-4.209353,-4.2027845,-4.016375,-4.6584806,-3.3601477,-2.9790635,-2.918827,-2.9188268,-3.3403625,-3.2662787,-3.3118756,-3.2259026,-5.5427303,-5.3528466,-5.4899063,-5.4899006,-5.6142035,-3.921195,-6.0225544,-5.65637,-5.647049,-5.6593533,-5.828967,-5.828969,-5.717308,-5.639309,-5.773973,-5.6936007
O=N(=O)c1ccc(cc1)N(=O)=O,-3.39,-2.8567712,-2.5949655,-2.6751442,-2.6751444,-2.6942787,-3.118618,-2.728421,-3.4498796,-3.4589179,-0.81504077,-3.0016642,-3.0016642,-2.9926372,-2.9021766,-2.9965115,-2.0093257,-3.3562462,-2.27199,-2.4177525,-2.417753,-2.4358182,-2.3613029,-3.3581378,-3.8074932,-3.0365949,-1.9361933,-2.6979246,-2.6979318,-2.0902228,-2.5384047,-2.38947,-2.0933437,-3.3534322,-3.639515,-2.6834252,-2.6834245,-2.8011193,-3.0646164,-2.7378337,-3.3359795,-2.9619758,-2.9882505,-3.3259594,-3.3259594,-3.4326935,-3.270602,-3.3149478,-4.1943474,-2.4940507,-2.097979,-3.0710604,-3.07106,-2.755345,-3.289328,-2.6156147,-3.021342,-3.3173013,-2.711651,-2.1346328,-2.1346312,-2.1605172,-1.7731698,-2.4207442,-2.9283316,-3.2987707,-3.2738938,-3.3493428,-3.3493435,-3.4073508,-3.4296339,-3.3127694,-3.4391375
Cc1ncnc2nccnc12,-0.466,-1.7693818,-2.3360565,-2.1596189,-2.1596189,-2.1555853,-2.3367004,-2.1599543,-2.266526,0.0671425,-2.2554252,-1.5915161,-1.5915163,-1.5876379,-1.7664741,-1.576897,-2.1551123,-0.55934995,-1.5485159,-1.6195738,-1.6195738,-1.6253282,-1.5482686,-1.5245553,-1.6236595,-0.6797853,-1.0611001,-1.7709037,-1.7709088,-1.2598969,-1.7263815,-1.5011188,-1.0031399,-0.56438893,-1.9202917,-2.3252344,-2.325234,-2.2776344,-2.365578,-2.2552161,-2.0799031,-0.9089319,-2.320062,-2.415044,-2.4150443,-2.439137,-2.4462843,-2.3352413,-2.3741667,-1.1791843,-1.8871245,-1.5684599,-1.56846,-2.0631628,-1.8118562,-2.001619,-1.6334927,-0.16722147,-2.0318933,-1.9260134,-1.9260122,-1.9488115,-1.2635667,-1.9639876,-2.1061425,-0.4922127,-0.3744762,0.06054132,0.060541335,-0.032822445,-0.18197794,-0.27187353,-0.5399345
c2ccc1nc(ccc1c2)c4ccc3ccccc3n4 ,-5.4,-5.5856814,-3.7323937,-4.019191,-4.019191,-4.044249,-4.6747465,-4.098497,-5.7347736,-5.4878697,-5.6946893,-5.494781,-5.4947815,-5.4629493,-6.0744057,-5.479693,-5.3705435,-5.4839654,-4.7848,-5.0327163,-5.0327163,-5.04795,-4.8571253,-6.749343,-6.6260004,-5.2414546,-5.6273766,-5.766934,-5.7669425,-5.8898234,-6.256609,-5.6703143,-5.357066,-5.5529437,-5.551755,-5.847992,-5.847992,-6.071278,-5.8116503,-5.897841,-6.5708203,-4.9516416,-5.00583,-5.19747,-5.1974697,-5.3297443,-5.025792,-5.1084714,-4.817277,-5.443702,-6.0104113,-5.2104793,-5.210479,-6.7185235,-5.4172363,-7.001792,-5.2244883,-5.5203757,-6.701428,-6.9137444,-6.913744,-6.8904824,-5.862945,-6.975481,-7.2590237,-5.2886047,-5.3158846,-5.505698,-5.505697,-5.4353566,-5.506501,-5.4703217,-5.4382977
Clc1c(Cl)c(Cl)c(N(=O)=O)c(Cl)c1Cl,-5.82,-5.395419,-3.7660034,-3.8273988,-3.8273993,-3.8291335,-4.2670374,-3.8122494,-6.2323446,-5.884171,-2.92095,-5.027257,-5.027255,-5.022626,-5.1072764,-4.8748317,-5.533906,-5.6634355,-4.7203417,-4.5392847,-4.539284,-4.567299,-4.8240914,-4.916419,-4.521041,-5.646135,-5.6229706,-6.722476,-6.7224836,-6.677906,-6.6164513,-6.1914682,-6.336747,-6.097306,-2.484507,-2.4580133,-2.458012,-2.4547966,-2.6094673,-2.3727458,-2.9333327,-5.6810045,-2.5541904,-2.711434,-2.7114336,-2.769494,-2.7422774,-2.663953,-2.7487695,-3.6678329,-1.1587776,-1.6773478,-1.6773474,-1.6443653,-1.9356161,-1.5564779,-1.9125081,-5.4402566,-5.4348445,-5.4436393,-5.4436383,-5.4926596,-4.521094,-5.6328073,-5.054932,-5.638117,-3.7610898,-4.086738,-4.0867386,-4.199427,-4.2363377,-3.8669348,-3.6612072
CCCCOC,-0.99,-1.4499003,-1.9472829,-1.6408519,-1.640852,-1.6410669,-1.9220623,-1.6193073,-1.7192854,-0.46129116,-0.96329576,-1.3365175,-1.3365175,-1.3308184,-1.267017,-1.2985384,-1.5175303,-0.7872766,-1.3743011,-1.3760071,-1.3760071,-1.3821834,-1.2676778,-0.92132515,-0.88163674,-1.0687084,-0.851278,-1.0323309,-1.0323366,-0.74842894,-1.2402947,-0.80838037,-0.9000564,-1.1696072,-1.9642681,-1.913517,-1.9135168,-1.8457093,-1.899484,-1.7641457,-1.6583534,-1.2126653,-2.3978355,-1.8828894,-1.8828893,-1.8747883,-1.9485432,-1.9895549,-1.9600912,-1.1454986,-1.2268974,-0.68949425,-0.689494,-1.2535655,-1.166768,-1.2160026,-0.9704256,-0.8128717,-2.1300144,-2.0924397,-2.0924363,-2.0463574,-1.3153014,-2.2751985,-2.2483718,-1.0278565,-0.802633,-0.8252972,-0.82529706,-0.8479862,-0.86419064,-0.7948656,-0.78171295
Oc1ccncc1,1.02,0.2157463,-1.9321399,-1.6374495,-1.6374494,-1.6383098,-1.7427241,-1.6451048,-1.1024792,1.1710808,-0.7789034,0.042549014,0.042548954,0.031164596,-0.21299523,0.05650214,-0.73676777,0.9464676,-1.0752438,-1.0719253,-1.0719259,-1.073507,-0.9925871,-0.13618417,-0.27822804,0.93796164,-0.670564,-0.85578305,-0.8557875,-0.44039243,-1.0499864,-0.4344477,-0.70033765,1.0802877,-1.4320059,-1.1526934,-1.1526935,-1.0910529,-1.3177799,-1.070708,-0.42705554,0.9973027,-1.9120606,-1.9306821,-1.9306824,-1.9576168,-1.9042541,-1.9101285,-1.4738555,-0.42304057,0.027295925,-0.22896841,-0.22896738,-0.4962082,-0.41371974,-0.42819637,-0.47831678,1.0924562,-0.033463605,-0.093172744,-0.09317145,-0.10438192,0.1855784,0.027044002,-0.38398248,1.1202562,1.0795088,1.048147,1.0481472,1.0154941,1.0545655,1.0240552,0.8327743
c1ccc(cc1)c2ccccc2,-4.345,-4.1040606,-2.7517092,-2.5156693,-2.5156693,-2.5279918,-2.8050208,-2.569145,-2.4193735,-4.3562994,-3.710353,-4.252319,-4.252319,-4.200019,-4.273091,-4.2743287,-4.0164404,-4.337923,-2.8775826,-2.990643,-2.9906425,-3.0091426,-2.9170651,-4.383311,-4.257525,-4.1133533,-2.997597,-3.4030056,-3.403013,-3.2852755,-3.688836,-3.1971369,-3.19275,-4.1926312,-4.6842694,-4.284066,-4.2840652,-4.6213264,-4.3097725,-4.772062,-4.6977167,-4.4105372,-3.2590473,-3.533063,-3.533062,-3.6126819,-3.4845057,-3.4156659,-4.0943475,-4.6860533,-5.6894655,-4.977057,-4.9770575,-6.231172,-5.4525757,-6.212886,-4.582697,-4.340066,-4.4614544,-4.358713,-4.358712,-4.3840957,-3.3457181,-4.3547206,-4.2824125,-4.5675516,-4.325774,-4.4431205,-4.443122,-4.4928675,-4.5143347,-4.4868355,-4.3422594
Cc1cccc(C)c1O,-1.29,-1.3990651,-2.2403812,-2.0319388,-2.0319386,-2.0218458,-2.165401,-2.016858,-1.9593127,-1.196059,-1.777566,-1.2085056,-1.2085057,-1.214006,-1.4050503,-1.2043805,-1.7796155,-1.0613512,-1.754239,-1.8672831,-1.8672832,-1.8747526,-1.7902569,-1.3465633,-1.3694437,-1.4184613,-1.8489596,-2.2504807,-2.2504876,-1.8686503,-2.3329594,-1.9180878,-1.9827052,-1.3651658,-1.8499709,-2.258233,-2.2582335,-2.1986701,-2.3025966,-2.1696334,-1.4743953,-1.8055193,-2.1883633,-2.2299056,-2.2299056,-2.2432182,-2.212951,-2.1443927,-1.8821082,-1.6624411,-1.2443126,-1.4234575,-1.4234577,-2.0754015,-1.6878086,-1.9972209,-1.5521787,-1.2831218,-1.9208952,-1.7191445,-1.7191411,-1.7401829,-1.1767904,-1.8705635,-2.25368,-1.3237383,-1.1521566,-1.2441179,-1.2441179,-1.2309318,-1.2566805,-1.2180825,-1.1845018
O=c2[nH]c1CCCc1c(=O)n2C3CCCCC3,-4.593999999999999,-3.8862236,-3.3872766,-3.0725753,-3.0725753,-3.0804424,-3.3664992,-3.1163187,-3.242931,-3.9048243,-3.0939238,-2.708212,-2.7082112,-2.6712277,-3.0029073,-2.7424679,-2.774327,-4.340724,-3.938509,-3.6454337,-3.6454337,-3.6524785,-3.8470068,-3.5987742,-3.5869784,-4.287047,-3.4223218,-4.376971,-4.376978,-3.9223633,-4.1820183,-4.450523,-4.0881166,-4.193514,-3.406149,-3.7690299,-3.7690306,-3.6716015,-3.837363,-3.7521954,-3.1585445,-4.6643004,-3.3632429,-3.0335433,-3.033543,-3.0632899,-3.1107814,-3.16979,-2.9899697,-3.4458225,-3.6444025,-3.634676,-3.6346757,-4.0470376,-4.0614614,-4.0148525,-4.0823607,-4.42905,-4.2520275,-4.1260157,-4.1260114,-4.171012,-3.1175215,-4.2080717,-4.745624,-4.5724235,-4.5633574,-4.6472235,-4.6472244,-4.616526,-4.539706,-4.688669,-4.63572
Oc1cccc2ccccc12,-2.22,-2.4103725,-2.3779175,-2.3081448,-2.308145,-2.3075218,-2.531514,-2.3136148,-2.3863,-1.7311229,-2.6654136,-2.4183264,-2.4183266,-2.4141405,-2.5143673,-2.4091046,-2.8187716,-2.3474126,-1.8984615,-2.0638444,-2.0638442,-2.0743785,-1.9566232,-1.8811753,-1.7744243,-2.5073884,-2.918706,-3.357389,-3.357398,-3.021264,-3.4956868,-2.9986095,-2.6965325,-2.524402,-1.88052,-2.2467532,-2.2467532,-2.1896873,-2.2938778,-2.156327,-2.2403219,-2.531394,-2.3303385,-2.4253225,-2.4253228,-2.4477737,-2.4251232,-2.3371365,-2.2299058,-1.9902985,-1.3072015,-1.6364598,-1.6364601,-2.199698,-1.9420336,-2.1100876,-1.7262064,-2.3673449,-2.543594,-2.5885448,-2.5885444,-2.6119342,-2.1927662,-2.416134,-2.5617418,-2.1754112,-2.6648936,-2.748883,-2.7488828,-2.724188,-2.8147895,-2.685861,-3.6199198
CCCC(C)CO,-1.11,-1.521024,-2.1113875,-1.555884,-1.555884,-1.5452826,-1.7375035,-1.5026271,-1.789426,-0.6636312,-1.2519487,-1.522611,-1.5226113,-1.5143219,-1.4393413,-1.5204474,-1.6625179,-0.7030128,-1.6143721,-1.6502786,-1.6502783,-1.6581426,-1.569795,-1.0804279,-1.1369296,-1.0186503,-1.4221972,-1.6990598,-1.6990656,-1.2873338,-1.8912687,-1.4115034,-1.5212532,-0.47476873,-1.9044974,-1.6688225,-1.6688222,-1.6922712,-1.7373525,-1.6619111,-1.2563251,-1.3526765,-2.2686002,-2.364793,-2.364793,-2.158534,-2.3419533,-2.2585037,-2.084717,-0.83856803,-1.5259007,-0.55517113,-0.55517125,-1.7543733,-0.9437735,-1.6905272,-1.164976,-0.964773,-1.197044,-1.0940592,-1.0940549,-1.1167977,-0.42954254,-1.0804127,-1.5427147,-1.2162077,-1.2867112,-1.3773823,-1.3773823,-1.3873031,-1.3293344,-1.2607951,-1.6408105
CC(C)Cc1ccccc1,-4.12,-2.5949426,-2.5066938,-2.0797925,-2.079793,-2.088374,-2.3186152,-2.1082447,-2.1182053,-4.19671,-2.2431097,-3.3226855,-3.3226864,-3.290498,-3.054046,-3.3036704,-2.7865179,-4.331698,-2.6659482,-2.758002,-2.7580023,-2.773714,-2.677208,-3.9280052,-3.8193996,-3.7087173,-2.5921016,-2.9654846,-2.965493,-2.6851728,-3.033629,-2.832603,-2.567805,-3.4722335,-2.3452773,-2.2046065,-2.2046065,-2.2559092,-2.2708619,-2.8325086,-2.0526903,-3.0267296,-2.6986992,-2.3326266,-2.332627,-2.3579957,-2.3688347,-2.4847057,-2.8017118,-4.597367,-4.004849,-3.957236,-3.9572363,-4.31549,-4.4298677,-4.2480116,-3.848314,-4.135385,-3.933559,-4.0258727,-4.025867,-4.07542,-2.7544034,-4.2591195,-3.6938467,-4.0568986,-3.4232364,-3.408994,-3.408994,-3.5017686,-3.47067,-3.4695878,-3.33136
Oc1cccc(O)c1,0.81,-0.5744601,-2.109198,-1.9059021,-1.9059024,-1.9065605,-2.061897,-1.9141515,-1.5921315,0.2523833,-0.81165254,-0.10207912,-0.10207952,-0.11348774,-0.35331863,-0.09647783,-0.89959925,0.19842367,-1.276417,-1.3365215,-1.3365215,-1.3402164,-1.2211827,-0.08259323,-0.27538106,0.4041009,-0.924367,-1.1860943,-1.1860982,-0.76913285,-1.3805496,-0.7407643,-0.89305687,0.6547221,-2.1493192,-1.8023677,-1.8023677,-1.6258638,-2.1677947,-1.4716512,-1.410618,0.31283918,-2.2986686,-2.5443745,-2.544375,-2.4583244,-2.519863,-2.1891325,-2.3735123,0.1755548,0.2034764,0.26969382,0.26969382,-0.25136447,0.04767397,-0.17379063,-0.06616214,0.9097089,-0.28264335,-0.3606847,-0.3606826,-0.37467146,-0.12755732,-0.38719773,-0.6509885,0.8464882,0.8205515,0.817612,0.81761193,0.7924095,0.8227101,0.8029976,0.51139206
CCC(C)C1(CC(Br)=C)C(=O)NC(=O)NC1=O ,-2.647,-3.691535,-3.7373252,-3.5243418,-3.5243418,-3.5198324,-3.8978994,-3.4568353,-4.4305773,-2.61305,-2.8240337,-2.6089218,-2.6089222,-2.5737298,-2.5583303,-2.5947325,-3.2055173,-2.8363562,-4.7577,-4.1948605,-4.19486,-4.2581334,-4.5276275,-3.463249,-3.2345495,-2.426719,-2.6410365,-3.1564054,-3.1564126,-2.614709,-3.0404491,-2.581894,-2.9300702,-3.1894958,-3.3505306,-3.3420808,-3.3420808,-3.288974,-3.4647028,-3.1613326,-2.6448226,-2.14152,-2.737547,-3.0689018,-3.0689018,-3.076345,-3.075227,-2.9207141,-3.5377188,-2.7441876,-1.8766418,-2.4465518,-2.4465518,-2.4179306,-2.719139,-2.3371348,-2.745968,-2.4980426,-3.1626942,-3.006928,-3.0069213,-3.065684,-2.007066,-3.22623,-3.950849,-2.5757701,-2.6302893,-2.6850634,-2.685063,-2.6841514,-2.7459612,-2.6994016,-2.7122638
CCC#N,0.28,0.13239285,-1.1035764,-0.5157034,-0.5157034,-0.5243089,-0.66973674,-0.5558306,-0.9486813,0.7031167,-0.1538552,0.098188594,0.09818837,0.09194548,-0.038566217,0.10951742,-0.52337897,0.10755246,-0.9981881,-0.9657317,-0.96573174,-0.96589124,-0.93615973,-0.75335574,-0.9062759,-0.08042262,-0.5351138,-0.661539,-0.6615456,-0.21824995,-0.76612604,-0.28793088,-0.6021021,0.18340999,-1.4905825,-1.1449068,-1.1449069,-1.1600167,-1.2573173,-1.2130898,-0.50935465,0.21966894,-1.4119507,-0.49113333,-0.4911333,-0.4973555,-0.65960056,-0.6605685,-0.5595318,-0.11254046,-0.84745854,0.49192187,0.4919218,-0.63095117,-0.10056716,-0.53719264,-0.37893113,0.40393537,0.42831263,0.2722955,0.27229765,0.255051,0.55097234,0.3035061,0.20436336,0.3676586,0.14916182,0.21498053,0.21498054,0.27528834,0.23276408,0.34164584,0.21354297
CCCCCCBr,-3.81,-3.6317039,-2.3619223,-2.1306882,-2.1306882,-2.120034,-2.49159,-2.088037,-2.6332328,-3.9318442,-2.2662377,-3.3827584,-3.3827586,-3.3708875,-3.0833101,-3.3544874,-2.5106077,-3.381203,-2.367708,-2.4338722,-2.4338722,-2.4562857,-2.3100162,-4.524262,-4.420373,-3.6749272,-2.5605793,-2.9377265,-2.9377348,-2.9097323,-3.155185,-3.061626,-2.6146622,-3.8518698,-2.3851774,-2.421367,-2.421367,-2.3963778,-2.3534014,-2.3526387,-2.7873254,-3.1089303,-2.7771678,-2.6341143,-2.634114,-2.5672293,-2.635627,-2.509803,-2.9649336,-4.0015674,-3.378376,-3.7206068,-3.720606,-3.4944425,-4.51246,-3.4277844,-3.7786684,-3.8291109,-3.9157474,-3.7770708,-3.7770681,-3.864943,-2.804764,-4.3658867,-4.3631234,-3.6520255,-3.7768028,-3.7990701,-3.7990706,-3.7545207,-3.71576,-4.1634097,-3.7919772
CON(C)C(=O)Nc1ccc(Br)c(Cl)c1,-3.924,-4.0120425,-4.0205927,-3.8791618,-3.8791618,-3.8897088,-4.32644,-3.9154534,-4.2509284,-3.9845114,-3.8513882,-2.9095204,-2.9095194,-2.8869703,-3.2706225,-2.8632653,-3.2683408,-3.945714,-3.991243,-3.7150702,-3.7150698,-3.743595,-3.6596355,-3.9847538,-3.775746,-3.639972,-2.4732332,-3.039195,-3.0392015,-2.8988552,-3.0689566,-2.9318986,-2.5091245,-4.175545,-3.4824996,-3.563139,-3.5631387,-3.5985248,-3.6214771,-3.5833144,-4.80102,-3.214952,-3.6557024,-3.592584,-3.592584,-3.4220526,-3.615141,-3.6050231,-3.9328003,-3.0638113,-2.6443334,-2.373779,-2.3737786,-3.0591578,-2.8139696,-3.1092455,-2.7070177,-3.9125242,-3.5008852,-3.4697871,-3.4697816,-3.535326,-2.3655806,-3.7050743,-4.192092,-3.900418,-3.7595253,-3.9209068,-3.920907,-3.8835306,-3.8885715,-3.9264681,-3.9494162
C,-0.9,-0.9351688,0.07234481,-1.8749932,-1.8749931,-1.8807882,-2.193696,-1.77584,-1.3097122,-0.7978038,0.63622683,-0.12576756,-0.12576774,-0.1264617,0.11094871,-0.116390534,-0.24853355,-0.9167195,-0.82405305,-0.71595156,-0.7159516,-0.71429104,-0.75659025,-0.6439402,-0.9421514,-0.8008064,-0.3178857,-0.3330432,-0.3330478,0.1354042,-0.41457555,0.07922497,-0.30748808,-1.0534817,-0.96007943,-0.31226787,-0.3122678,-0.28903857,-0.426927,-0.28020173,-0.90769315,-0.7790743,-0.69826645,-0.17361261,-0.1736126,-0.167873,-0.18970816,-0.19235034,-3.6541667,-1.0929432,-1.3188953,-0.98780096,-0.9878009,-0.90908045,-0.96842986,-0.9043608,-1.32047,-0.7807087,-0.5109544,-0.51827246,-0.5182731,-0.50702894,-0.33268565,-0.7564442,-1.0196396,-1.8847272,-1.4573543,-1.5351295,-1.5351294,-1.6698015,-1.7382395,-1.5811586,-2.446118
CC(C)=CCC/C(C)=C\CO,-2.46,-2.9563558,-2.9873195,-2.6010063,-2.6010058,-2.5963187,-2.8599415,-2.4956057,-2.6524146,-1.9001791,-2.7516325,-2.6316938,-2.631694,-2.5553548,-2.8348405,-2.6944418,-2.9110384,-2.4051154,-2.6439712,-2.449213,-2.4492133,-2.4646974,-2.443277,-1.6012379,-1.82002,-2.3887231,-1.7357342,-2.3944836,-2.39449,-2.2584772,-2.3962395,-2.0702627,-1.8077333,-2.2106023,-2.8091536,-2.6574852,-2.6574852,-2.6773708,-2.7664557,-2.6234171,-2.3666422,-2.236488,-3.2170637,-3.5489576,-3.548958,-3.5829926,-3.5164998,-3.425007,-4.364876,-2.2015104,-2.7119513,-2.1965523,-2.196552,-2.949508,-2.3375878,-2.9135156,-2.3104758,-2.6236463,-1.9528842,-1.8548499,-1.854844,-1.7699773,-0.8323143,-1.8974494,-2.2925873,-2.439296,-2.4892497,-2.3924437,-2.3924434,-2.3245466,-2.2950246,-2.4717307,-2.3751519
CC12CC(=O)C3C(CCC4=CC(=O)CCC34C)C2CCC1(O)C(=O)CO,-3.11,-4.175858,-4.95202,-4.57397,-4.5739694,-4.5803657,-4.9242115,-4.594009,-4.711896,-3.4061651,-4.037598,-3.3291848,-3.3291845,-3.2706199,-3.6989167,-3.3611224,-3.857643,-3.2800071,-3.0976436,-3.2401392,-3.2401392,-3.1925507,-3.2656455,-4.373037,-4.0431676,-3.3901222,-3.604065,-3.6619678,-3.661972,-3.4555147,-4.127812,-3.0552654,-3.6013176,-3.413474,-4.5061965,-4.430729,-4.4307284,-4.4434757,-4.5751367,-4.494223,-4.098291,-3.9940145,-4.604407,-4.7151084,-4.7151084,-4.382095,-4.5596633,-4.3267703,-4.9214044,-3.5856445,-3.3249474,-3.735534,-3.7355344,-3.928722,-3.9318304,-4.033794,-3.9478624,-3.2209234,-4.164842,-3.8539627,-3.853954,-3.8847084,-2.6789935,-3.9238462,-4.4102554,-3.0594826,-3.118874,-3.1052349,-3.1052346,-3.195043,-3.1997788,-3.2187724,-3.1995783
c1ccc2c(c1)ccc3ccccc32,-5.26,-3.5116248,-2.6764178,-2.6698153,-2.6698153,-2.6784863,-3.01123,-2.6995385,-3.6870475,-5.430199,-4.376003,-5.2527857,-5.2527857,-5.193817,-5.3824434,-5.274524,-5.1481934,-5.258669,-3.0201373,-3.1960347,-3.196035,-3.2162156,-3.097602,-4.8557343,-4.554499,-5.1378717,-4.346595,-5.0813127,-5.0813227,-4.9578567,-5.00611,-4.8078055,-4.6865973,-4.86533,-3.65546,-3.6901746,-3.6901746,-3.7922878,-3.9154258,-3.7402132,-4.7342896,-5.57668,-3.1453636,-3.4866965,-3.486697,-3.558212,-3.4393044,-3.3497827,-4.0482063,-5.4814014,-6.323326,-5.19574,-5.1957407,-6.6845655,-5.988093,-6.6570926,-5.0806103,-5.4240546,-5.7454324,-5.9357147,-5.935715,-5.9351454,-5.0414457,-6.029815,-6.1152873,-5.2437105,-5.904303,-5.838103,-5.838104,-5.78482,-6.087906,-5.8046184,-6.2728744
Clc1cc(Cl)c(cc1Cl)c2cc(Cl)c(Cl)cc2Cl ,-8.56,-8.365962,-4.9972324,-4.8455157,-4.8455153,-4.8510475,-5.1741886,-4.879995,-6.1362004,-8.405601,-7.652553,-7.8249354,-7.824936,-7.757353,-7.676599,-7.857457,-7.8737564,-8.232442,-6.5089383,-6.908483,-6.9084826,-6.9593115,-6.895394,-8.264155,-8.096313,-7.775068,-6.774229,-7.79053,-7.790538,-8.247883,-8.02597,-7.715388,-7.5068445,-8.726957,-5.863092,-6.212226,-6.212225,-6.418,-6.1914163,-6.4380474,-7.643344,-7.711449,-4.203167,-4.5287676,-4.528768,-4.737499,-4.3563123,-4.5681014,-5.2258096,-8.545994,-5.4205484,-8.281406,-8.281407,-6.246161,-8.86014,-6.178465,-8.369823,-8.246716,-8.860586,-8.579312,-8.579312,-8.604445,-7.3020725,-8.833183,-8.517162,-8.322252,-8.5634575,-8.802475,-8.802478,-8.700739,-8.51881,-8.462321,-8.591455
CCN(CC)C(=S)SSC(=S)N(CC)CC,-4.86,-4.28491,-4.2077823,-3.926724,-3.9267237,-3.928865,-4.208701,-3.9309428,-3.7243292,-4.9873877,-4.684952,-4.1347117,-4.1347117,-4.375951,-4.8423066,-3.935414,-4.324709,-4.8038483,-4.951675,-4.7500143,-4.7500143,-4.743707,-4.767239,-5.4599195,-5.222565,-4.353714,-3.5670686,-4.167584,-4.1675916,-4.3995605,-4.609285,-4.2939963,-3.7377455,-5.097547,-4.6081276,-4.5816145,-4.5816145,-4.3497047,-4.7083416,-4.1478534,-4.166127,-4.241417,-3.8297515,-4.1692758,-4.1692753,-4.0670137,-4.1296597,-3.9971619,-4.544531,-4.318024,-3.538083,-3.7337713,-3.7337716,-3.8139172,-4.3111258,-3.9008725,-3.710319,-4.8617787,-5.468082,-5.2680273,-5.2680254,-5.1592207,-4.2132883,-4.9004197,-5.873218,-4.8111205,-4.7966366,-4.7299323,-4.7299323,-4.7858653,-4.622356,-4.8893714,-4.82506
O=N(=O)c1cc(Cl)c(Cl)cc1,-3.2,-4.135978,-2.733555,-2.744537,-2.7445369,-2.7550874,-3.112683,-2.7796676,-3.8915968,-3.1627684,-2.2954009,-3.2857018,-3.2857025,-3.2905076,-3.2605612,-3.2753856,-2.7889092,-3.0760744,-2.3753834,-2.533301,-2.533301,-2.5487766,-2.5167422,-3.5577085,-3.6663897,-3.0875437,-2.9964938,-3.7710834,-3.7710915,-3.3178473,-3.6408613,-3.382802,-3.2134423,-3.0684648,-2.0390606,-2.166912,-2.166912,-2.1377742,-2.3384798,-2.1404688,-2.8061104,-2.517742,-2.9827998,-3.049155,-3.0491555,-3.1788974,-3.0035021,-3.1624937,-2.762089,-2.6904209,-1.7527422,-2.3450866,-2.3450863,-2.3367295,-2.84475,-2.22339,-2.4978034,-3.153144,-4.0305963,-3.3760202,-3.37602,-3.420785,-2.908071,-3.5787737,-3.4319754,-3.1237767,-3.382815,-3.3103917,-3.3103907,-3.248502,-3.2614248,-3.2506785,-3.2279153
CC1CCCO1,0.11,-0.42146328,-1.597997,-0.83964604,-0.8396458,-0.83043885,-0.9899525,-0.82155824,-1.1441642,0.114745684,-1.175991,-1.1968392,-1.1968391,-1.1918695,-1.3195034,-1.2009608,-1.2796696,0.19061409,-1.1600833,-1.1507224,-1.1507225,-1.1539025,-1.068709,-0.7287484,-0.68849885,-0.06298031,-0.779397,-1.0956869,-1.0956936,-0.5964099,-1.1258286,-0.8021247,-0.8673154,0.21958342,-1.6339737,-1.37113,-1.3711296,-1.3995614,-1.4092966,-1.3821763,-1.1164666,-0.08658345,-1.6703719,-1.5049495,-1.5049495,-1.5087509,-1.4753394,-1.5132481,-0.97495764,-0.4439784,-0.34091625,0.053249784,0.053249653,-0.3019884,-0.44579953,-0.25674114,-0.35890177,0.23782821,-2.234386,-2.1246414,-2.1246393,-2.1490707,-1.5734953,-2.0312626,-1.9256628,0.13694589,-0.67124355,-0.49065983,-0.49065983,-0.3554812,-0.3514664,-0.29391593,-0.2345642
CCCCCCCC,-5.24,-3.1784263,-2.5949218,-2.4237227,-2.4237227,-2.4306526,-2.7859616,-2.4314764,-2.5433865,-5.3541403,-2.1333036,-3.3337724,-3.3337722,-3.3509054,-3.3479655,-3.306244,-2.371117,-5.05045,-2.451326,-2.545519,-2.5455196,-2.5631337,-2.428966,-4.46417,-4.307971,-5.0390453,-3.3738484,-4.0281253,-4.028133,-4.118066,-4.3403606,-4.354556,-3.4463594,-3.9705164,-2.9586782,-2.8415506,-2.8415506,-2.5582635,-2.9684842,-2.4780097,-2.4741902,-3.6547606,-3.5188754,-3.5222232,-3.5222232,-3.3238885,-3.4954398,-3.2201917,-4.3215427,-5.2733936,-4.2876787,-5.01267,-5.012669,-5.112046,-5.9694595,-5.002432,-4.899666,-5.14622,-3.9114575,-4.053715,-4.053711,-4.0979357,-2.8448732,-4.7714972,-4.179472,-5.0529265,-4.544,-4.6941547,-4.6941547,-4.778395,-4.7961874,-5.1684117,-4.711798
CCSSCC,-2.42,-2.1438386,-2.2983665,-1.8562449,-1.8562449,-1.8606467,-2.0565567,-1.8634895,-1.4630089,-2.3464322,-1.5595198,-1.5765747,-1.5765744,-1.580435,-1.5227554,-1.5692464,-1.4643224,-2.2012606,-1.5593625,-1.6076957,-1.6076958,-1.6111311,-1.582101,-2.7105844,-2.9996953,-2.0441134,-1.6433569,-2.153124,-2.1531324,-1.7268701,-2.241905,-2.090173,-1.5853801,-2.5409472,-2.935252,-2.8097718,-2.8097723,-2.5370076,-2.6812055,-2.3919997,-2.5970879,-2.1354055,-2.6445568,-2.6886525,-2.6886528,-2.5142803,-2.6415365,-2.4626286,-2.1270895,-2.7575696,-4.3350687,-3.0139341,-3.0139346,-4.525596,-3.0191736,-4.5295243,-3.0728698,-2.3868222,-2.5721028,-2.577733,-2.577731,-2.5909982,-1.759297,-2.5556455,-2.7423637,-2.5968757,-2.5634055,-2.534073,-2.534073,-2.802818,-2.9804797,-2.7530699,-3.042631
Oc1c(Cl)cc(Cl)cc1Cl,-2.34,-2.0093055,-2.924737,-3.0626292,-3.0626297,-3.0630906,-3.4197135,-3.063361,-4.088021,-2.3231053,-2.5151021,-3.2057827,-3.2057836,-3.2136743,-3.0910578,-3.1926343,-3.0317464,-2.1749046,-3.0537415,-2.9553773,-2.9553773,-2.968379,-3.0106397,-3.577956,-2.86161,-2.4083323,-2.7984514,-3.4526863,-3.4526947,-3.249771,-3.4155953,-2.9429827,-2.8903632,-2.3859942,-2.0858433,-2.668662,-2.6686618,-2.5980098,-2.8204014,-2.5705776,-2.5946054,-1.2864026,-2.5892909,-2.9020014,-2.9020014,-2.9895194,-2.8670614,-2.8894255,-2.9887552,-1.9432144,-0.34814417,-1.0416558,-1.0416561,-1.0942789,-1.2973907,-1.017537,-1.0561444,-2.3985937,-2.699107,-2.5146282,-2.514627,-2.5312243,-2.0728595,-2.6805205,-2.335614,-2.4398637,-2.1727858,-2.2655313,-2.2655313,-2.2530131,-2.2277315,-2.2607932,-2.3196704
CCCCC1(CC)C(=O)NC(=O)NC1=O,-1.661,-2.244786,-3.3894444,-3.2396636,-3.2396634,-3.2361293,-3.5066476,-3.1895688,-3.4587867,-1.7474086,-1.8287412,-1.3439054,-1.3439057,-1.3117611,-1.4626143,-1.341005,-1.9963084,-2.402506,-3.674273,-3.4402187,-3.4402184,-3.4795785,-3.6009493,-3.027361,-2.6960235,-2.076872,-2.7263978,-2.81822,-2.8182256,-2.002155,-3.2970598,-2.2381835,-2.7411954,-2.1829374,-3.104038,-3.133213,-3.1332128,-3.0598936,-3.2514145,-2.9547112,-2.6978884,-2.2959297,-3.25213,-3.5913434,-3.5913436,-3.153552,-3.5225816,-2.994887,-4.15534,-2.5685492,-1.8829564,-2.3772368,-2.377237,-2.4267282,-2.6245859,-2.3445523,-2.5957272,-1.8208672,-2.2575114,-1.9767342,-1.9767278,-2.0167222,-1.1136508,-2.1995478,-2.7303364,-1.6832688,-1.7836666,-1.9131013,-1.913101,-1.7754669,-1.8317039,-1.7585332,-1.8098708
Clc1ccc(cc1)c2c(Cl)cccc2Cl ,-6.14,-6.301248,-3.5737019,-3.2434142,-3.2434144,-3.2388363,-3.5242572,-3.2623074,-3.8910618,-5.957425,-5.6542654,-5.533294,-5.533295,-5.4758024,-5.5066338,-5.522438,-5.6663675,-6.1733747,-5.2740474,-5.4697638,-5.4697638,-5.5037227,-5.5615206,-7.1602674,-6.6548033,-6.1100264,-4.648517,-5.3597484,-5.359758,-5.468451,-5.43986,-5.1735606,-5.091285,-6.289872,-4.0262337,-5.201437,-5.2014365,-5.2882853,-5.040567,-5.4434915,-6.371818,-4.9993906,-3.3404806,-3.6248438,-3.6248443,-3.7088318,-3.592194,-3.5518334,-4.363132,-6.1993604,-5.6340837,-6.0047927,-6.0047927,-6.293264,-6.2901587,-6.276342,-6.3289685,-6.0797887,-5.99869,-5.6325355,-5.632536,-5.646102,-4.6837277,-5.891041,-6.8451853,-6.085452,-6.7558985,-6.704678,-6.704681,-6.6092224,-6.547675,-6.5679836,-6.239699
Nc1ccc(cc1)c2ccc(N)cc2,-2.7,-3.0184672,-3.164369,-3.147553,-3.1475527,-3.1667922,-3.585857,-3.2204068,-3.1771953,-3.106068,-3.7569523,-3.2300904,-3.2300901,-3.1782174,-3.5178785,-3.2752998,-3.6220164,-2.5935936,-3.3397374,-3.297187,-3.2971878,-3.3078158,-3.294908,-3.393179,-3.2536826,-2.66754,-2.5922108,-3.0154457,-3.0154545,-2.985766,-3.3873425,-2.75288,-2.5456522,-2.9356794,-5.147756,-4.8821044,-4.8821054,-5.2989264,-4.8931923,-5.4981647,-5.2205896,-2.6094215,-4.7018604,-4.572626,-4.572625,-4.7745514,-4.4289274,-4.6220484,-4.99547,-3.220516,-2.5636263,-2.9604743,-2.9604743,-3.092192,-3.5328908,-2.9366155,-3.1897936,-2.855538,-4.2543807,-4.022113,-4.0221095,-4.064764,-3.1908321,-4.174697,-4.243162,-2.8563352,-2.7226663,-2.724552,-2.724552,-2.6726768,-2.6564856,-2.6918716,-2.686252
OCC(O)C(O)C(O)C(O)CO ,0.06,-0.71804756,-2.7814288,-2.4160347,-2.416035,-2.4147773,-2.6683774,-2.4111784,-2.7262435,0.37400255,-0.7921307,-0.22144169,-0.22144172,-0.18507396,-0.29913893,-0.21495089,-1.1177864,0.75481975,-1.196616,-1.0515624,-1.0515621,-1.0692526,-0.99533784,0.17392462,0.8560403,0.66667926,-0.12762041,0.8345852,0.83458424,0.55401325,0.09652865,1.0197101,-0.33146426,0.3676079,-2.4566474,-2.3951683,-2.3951683,-2.4253454,-2.516308,-2.4155436,-2.2494779,-1.28004,-2.8669264,-2.9902375,-2.9902372,-2.6629944,-2.9795256,-2.5660827,-3.3920124,0.0038477366,-0.77103734,-0.51766783,-0.51766783,-0.95335746,-0.43186092,-0.9005858,-0.41999388,0.6334976,-0.60176706,-0.51404035,-0.51403326,-0.51226026,0.29975912,-0.6591648,-1.3364732,0.5876276,0.08473314,0.06339359,0.063393585,0.05593118,0.044436283,0.039321296,0.003278446
COP(=S)(OC)Oc1ccc(N(=O)=O)c(C)c1,-4.04,-3.7562318,-3.926404,-3.743875,-3.7438748,-3.7518444,-4.108904,-3.756706,-4.172709,-3.9699783,-2.5956712,-2.8063033,-2.8063025,-2.7409148,-2.8024533,-2.8220234,-2.7673194,-4.0755725,-3.7456546,-3.4410079,-3.4410074,-3.4674385,-3.470903,-3.3266346,-3.1300268,-3.799784,-3.0499043,-3.3001986,-3.3002055,-3.2213895,-3.3815665,-3.070874,-3.232778,-4.107519,-3.54296,-3.253026,-3.253026,-3.2896283,-3.4589155,-3.2787147,-3.4886854,-3.7635608,-3.6195912,-3.8712275,-3.8712277,-3.8395853,-3.8536117,-3.771079,-4.4275227,-3.173404,-3.1866765,-2.785567,-2.785567,-3.6031432,-3.125923,-3.5178735,-3.2471237,-4.022304,-3.1506233,-3.1071253,-3.1071188,-3.1152935,-2.055376,-3.3309684,-3.577014,-4.0136003,-4.04292,-4.092935,-4.0929356,-4.0756297,-4.0059447,-4.2086062,-4.1936255
CN(C)c1nc(nc(n1)N(C)C)N(C)C,-3.364,-3.1830695,-3.5446036,-3.4901605,-3.4901605,-3.4839225,-3.818675,-3.4656537,-4.744446,-3.4830928,-2.036219,-1.1496763,-1.1496772,-1.1254128,-1.6985301,-1.1107112,-1.8389833,-3.3584442,-3.7722745,-3.6786134,-3.6786132,-3.6661513,-3.605191,-2.3533957,-2.2490113,-3.2967138,-1.2160592,-2.289329,-2.2893348,-1.9839811,-2.2440279,-2.1458814,-2.284109,-3.3905642,-3.554041,-4.7341475,-4.7341475,-4.5851655,-4.8670926,-4.5158525,-5.064963,-2.9820988,-3.4701688,-3.9152665,-3.9152663,-4.005903,-3.898699,-3.7265291,-4.489724,-2.9190118,-2.6993237,-2.9589305,-2.95893,-3.0252023,-3.201397,-2.9654055,-2.9575295,-3.2026873,-1.7115012,-2.169077,-2.1690702,-2.2493978,-1.3016977,-2.6457586,-2.490832,-3.4157457,-1.2154412,-0.8521197,-0.8521195,-0.9066662,-0.8608051,-1.0130512,-1.9646642
Cc1cc(C)c(C)c(C)c1C,-4.0,-4.3321414,-2.6816983,-2.3547912,-2.354791,-2.3424501,-2.50808,-2.3338802,-2.5363493,-3.988082,-2.4632807,-3.3691812,-3.3691816,-3.3525827,-3.5564256,-3.3749273,-3.1962152,-4.115722,-2.9895377,-2.981954,-2.981954,-2.9980283,-2.9889865,-3.6479218,-3.4438944,-3.8861728,-2.422041,-3.2434707,-3.2434778,-2.9761484,-3.2083004,-3.0903401,-2.6311438,-4.0914083,-3.6032367,-2.7280369,-2.7280364,-2.8185718,-2.7882593,-2.7036688,-4.226804,-3.7618053,-2.469339,-2.6132836,-2.6132836,-2.6462545,-2.658453,-2.531603,-2.838208,-4.3504863,-4.7719045,-4.5017304,-4.50173,-4.789104,-5.10386,-4.808055,-4.409136,-4.2800884,-4.107016,-4.1662426,-4.1662397,-4.1846147,-2.9326172,-4.764752,-4.63596,-4.126045,-4.233261,-4.0806956,-4.080696,-3.7142255,-3.8816063,-3.9232996,-4.217561
C1Cc2cccc3cccc1c23,-4.63,-3.1675818,-2.4659789,-2.3686867,-2.368687,-2.3600888,-2.563535,-2.3549128,-2.5652573,-4.2411776,-3.5150645,-4.1138616,-4.113862,-4.1008544,-4.268535,-4.1261663,-3.5009313,-4.534854,-2.28996,-2.4136794,-2.4136796,-2.4240632,-2.3784792,-3.669315,-3.7514777,-4.2322555,-3.3189907,-3.7671719,-3.7671797,-3.318387,-3.8720486,-3.5942307,-3.4519725,-4.6463366,-3.421498,-3.7618341,-3.761834,-3.7268288,-4.2641416,-3.5899217,-4.942796,-4.444892,-2.2382,-2.322902,-2.322902,-2.3390963,-2.3659444,-2.2341137,-2.4313874,-4.308793,-5.548958,-3.8383758,-3.8383753,-5.402707,-4.3872747,-5.4052086,-3.8244438,-4.5894685,-4.5351257,-4.194931,-4.1949286,-4.1836944,-3.4633174,-4.3075304,-3.9309156,-4.110451,-3.1911826,-3.3516438,-3.3516436,-3.4215596,-3.4163601,-3.3258235,-3.5988626
CCCC(=O)OCC,-1.36,-1.4414766,-2.3799033,-2.010054,-2.0100543,-2.0125635,-2.245842,-2.0056999,-1.925596,-1.0520835,-1.2008507,-0.6183855,-0.6183852,-0.5860652,-0.8266639,-0.6250702,-1.2894597,-1.2530539,-1.8753886,-1.9092872,-1.9092871,-1.9193273,-1.8508176,-1.8402739,-1.8378654,-1.320722,-1.0698727,-1.2734206,-1.2734262,-0.96269095,-1.5555483,-1.0251335,-1.1080348,-1.1571317,-2.3515263,-2.270183,-2.270183,-2.3264186,-2.4220603,-2.2813632,-1.6533281,-1.7262306,-2.5036743,-2.2245133,-2.2245138,-2.1478634,-2.286039,-2.2642887,-1.9828961,-1.5363805,-1.5330285,-1.5388396,-1.5388397,-2.170669,-1.7612114,-2.1618817,-1.704609,-1.2463533,-2.0466805,-1.7499678,-1.7499623,-1.8197145,-1.0384094,-1.6887299,-2.2140777,-1.2509212,-1.210626,-1.1064128,-1.1064124,-1.2375746,-1.1145282,-1.1883125,-0.66517466
CCCCCCCCCCCCCCCCCCCC,-8.172,-6.529126,-6.5900893,-6.109003,-6.1090035,-6.1216955,-6.4720182,-6.166748,-5.4124203,-8.842019,-4.8942,-8.063215,-8.063215,-7.9383698,-8.603744,-7.9595823,-7.921235,-8.012836,-7.185917,-7.669715,-7.6697154,-7.4409027,-7.144893,-8.869022,-7.887373,-8.5250435,-8.046256,-8.447587,-8.447592,-8.390717,-8.832289,-8.693855,-7.7718067,-6.599622,-7.1770644,-6.7857933,-6.785794,-6.821758,-7.036266,-6.796554,-6.644958,-6.7722425,-7.170965,-6.71852,-6.7185206,-6.690261,-6.7780766,-6.4503703,-6.4408493,-8.240256,-7.151373,-7.741593,-7.7415915,-8.278069,-7.7989883,-8.304041,-7.778785,-8.067133,-7.552225,-8.493792,-8.493788,-8.453891,-6.5029607,-8.908743,-7.4789224,-8.086265,-8.322429,-8.242267,-8.242265,-8.22117,-8.25525,-8.386544,-8.125355
CC(C)C(=O)C(C)C,-1.3,-1.5051131,-2.309363,-1.9636135,-1.9636134,-1.968331,-2.1371107,-1.9923075,-1.6370059,-1.1349797,-1.2723309,-1.194854,-1.194854,-1.1966338,-1.2275288,-1.2100991,-1.49188,-1.2003413,-1.959338,-2.0610723,-2.0610723,-2.0704958,-2.0726137,-2.2204542,-2.175588,-1.3129109,-1.8999997,-2.1379614,-2.1379683,-1.683422,-2.2683399,-1.9393368,-1.7485399,-1.2996925,-3.699644,-2.4974117,-2.4974115,-2.6598427,-2.562909,-2.6124675,-2.5729547,-1.9524952,-2.0636003,-2.1003778,-2.1003778,-2.111058,-2.0553925,-2.0065084,-1.660451,-1.2532269,-1.7118465,-0.9595686,-0.9595686,-1.6295222,-1.4160054,-1.5931236,-1.3541954,-1.262257,-1.8630376,-1.7827165,-1.782713,-1.7579077,-1.2012178,-1.8516463,-2.298234,0.026944388,-0.31365955,-0.1405069,-0.14050685,0.07847576,0.10138996,-0.09179624,-0.10035019
CCC#CCC,-1.99,-1.7088697,-2.0705702,-1.7546753,-1.7546755,-1.768629,-1.9954957,-1.8010579,-1.7156686,-1.7307109,-1.1345638,-1.3128966,-1.3128972,-1.3176568,-1.3121028,-1.3061529,-1.2578106,-1.5368342,-1.4579569,-1.4949588,-1.4949589,-1.4959095,-1.3914926,-1.5190957,-1.6673973,-2.0453544,-0.6949741,-0.87602854,-0.87603414,-0.54881227,-1.0791405,-0.6127994,-0.6716228,-1.9889425,-3.3278065,-2.522622,-2.522622,-2.5794685,-2.4565957,-2.3481486,-1.6162388,-2.268319,-2.4843957,-2.5773451,-2.5773447,-2.59938,-2.5388577,-2.4687269,-2.1205337,-2.36205,-3.5430102,-2.0544443,-2.0544443,-3.6177258,-2.68724,-3.6120842,-2.4838915,-1.8185313,-1.6293399,-1.7328248,-1.7328222,-1.72915,-1.0437057,-1.5581063,-1.9550313,-1.9742709,-3.0600739,-2.9688888,-2.968889,-2.9521296,-2.9622076,-2.9968848,-3.1527328
c1ccc2cc3cc4ccccc4cc3cc2c1,-8.6,-8.568336,-3.2476368,-3.488705,-3.488705,-3.511685,-4.077925,-3.5598352,-5.028801,-8.760316,-5.288983,-5.6286716,-5.628672,-5.530571,-6.050109,-5.6561484,-5.613287,-8.609868,-4.3045793,-4.583663,-4.583663,-4.583806,-4.3511243,-7.1890006,-7.1587996,-8.337637,-5.879429,-6.8010373,-6.801045,-6.905634,-6.508791,-6.730725,-6.4554234,-8.555432,-5.429401,-5.4535065,-5.4535074,-5.830991,-5.395244,-6.012778,-6.3603477,-7.775626,-4.351785,-4.649058,-4.649058,-4.770551,-4.553514,-4.504449,-4.952523,-7.683315,-6.7880464,-7.817633,-7.8176327,-7.953941,-8.920576,-7.8859606,-7.398611,-8.600113,-6.6663547,-7.020779,-7.0207796,-7.004943,-5.955827,-7.2791214,-7.589805,-8.418459,-8.52123,-8.762908,-8.762908,-8.656362,-8.728728,-8.707242,-8.524392
CC(C)C1CCC(C)CC1O ,-2.53,-2.5943487,-2.58988,-2.0724406,-2.0724406,-2.069953,-2.304571,-2.051187,-2.1740048,-2.4247918,-2.2400882,-3.0645244,-3.0645247,-3.0282023,-3.008291,-3.0582078,-2.8840268,-2.6741452,-2.9441302,-2.8463743,-2.846374,-2.880815,-2.894942,-2.5957186,-2.6482587,-2.600471,-2.9248006,-3.4196677,-3.4196737,-2.7789464,-3.4813344,-3.0226402,-3.3681116,-2.5761526,-2.4466212,-2.4090297,-2.40903,-2.431425,-2.4962347,-2.4265375,-1.9663022,-2.0291133,-2.8867445,-3.0533555,-3.0533555,-3.0217724,-2.9961114,-2.8308184,-3.3522813,-2.1964712,-2.483374,-1.7559121,-1.7559124,-2.6523244,-2.1544235,-2.6563323,-2.0903113,-2.7208655,-3.4233208,-3.44558,-3.4455748,-3.4466653,-2.3074784,-3.8595743,-3.7151866,-2.5841057,-2.2754426,-2.3861642,-2.3861644,-2.4453685,-2.5073054,-2.391097,-2.0936296
Cc1c(cccc1N(=O)=O)N(=O)=O,-3.0,-3.1548007,-2.7778642,-2.5857224,-2.5857224,-2.5890093,-2.8257296,-2.6123862,-3.0515788,-3.0114143,-1.86654,-2.6340578,-2.6340582,-2.641778,-2.499926,-2.6130483,-2.5528796,-2.7807121,-2.6856637,-2.6436615,-2.6436617,-2.6722083,-2.7245145,-2.5893857,-2.5629296,-2.9693189,-2.144198,-3.0753236,-3.0753303,-2.324191,-2.806485,-2.7446141,-2.4227319,-3.1167603,-2.3623734,-1.7850065,-1.7850064,-1.7159464,-1.972452,-1.5273901,-1.8124131,-2.6773105,-2.2517211,-2.3868473,-2.3868475,-2.4145143,-2.3820603,-2.2836688,-2.2420878,-3.1982667,-2.0345502,-3.2194893,-3.2194896,-2.7009766,-3.5517607,-2.6009455,-3.5781028,-2.907459,-3.5148706,-2.879937,-2.879935,-2.923919,-2.327317,-3.2287552,-3.3279076,-2.9384618,-4.1273913,-4.3673673,-4.3673673,-4.3717675,-4.400504,-4.1044126,-4.3312063
Clc1ccccc1c2ccccc2Cl ,-5.27,-5.210269,-3.4309006,-3.3560793,-3.3560793,-3.356375,-3.5677254,-3.34538,-3.2460017,-5.0754256,-4.859018,-5.2809825,-5.280983,-5.226992,-5.19114,-5.293149,-5.576208,-5.305286,-4.1875052,-4.2235823,-4.2235827,-4.245472,-4.255589,-5.58153,-5.3874264,-4.957498,-4.0990725,-4.545364,-4.5453725,-4.432698,-4.7176332,-4.292601,-4.114431,-5.2762585,-4.730731,-5.3321557,-5.3321548,-5.479873,-5.4466414,-5.3847947,-4.8489513,-5.299644,-3.201309,-3.4988487,-3.4988487,-3.571435,-3.4558613,-3.367296,-4.037521,-5.0897746,-6.0197496,-4.8770204,-4.8770194,-6.5121036,-5.4699473,-6.488406,-4.7869306,-5.3820124,-6.238635,-6.0395355,-6.039535,-6.1097937,-4.909402,-6.244023,-6.5300994,-5.331668,-5.915659,-5.857882,-5.8578815,-5.736702,-5.7691946,-5.791422,-5.403661
CC1CCCCC1NC(=O)Nc2ccccc2,-4.11,-3.5782592,-3.9353447,-3.7706866,-3.7706869,-3.787585,-4.1641946,-3.8408408,-3.7610075,-4.3647184,-3.813474,-3.417043,-3.4170427,-3.3032422,-4.0229583,-3.4610393,-3.6640015,-4.0750074,-3.81194,-3.7469015,-3.7469018,-3.702616,-3.6988735,-3.8070774,-3.9564214,-3.7287161,-3.8401287,-4.2599874,-4.259994,-3.7494087,-4.271138,-4.249999,-3.8437812,-3.9218724,-3.7518373,-3.6569605,-3.6569605,-3.7064242,-3.8010616,-3.7729971,-3.6025345,-3.038061,-4.5194173,-3.736996,-3.7369957,-3.888579,-3.6569655,-4.174164,-3.681052,-3.4333537,-3.982574,-3.6137261,-3.6137264,-4.1808147,-4.106122,-4.1356077,-3.6548548,-4.3956122,-5.206505,-5.2034254,-5.2034225,-5.2526894,-4.0457187,-5.229447,-5.194241,-4.119895,-4.076599,-4.1971116,-4.1971116,-4.1381116,-4.1853037,-4.2464676,-4.160024
CC1CC2C3CCC(O)(C(=O)C)C3(C)CC(O)C2(F)C4(C)C=CC(=O)C=C14,-4.099,-4.632483,-5.0308375,-4.6825914,-4.682592,-4.686964,-5.0168138,-4.701375,-4.8755913,-4.186256,-3.8402362,-3.1650374,-3.165037,-3.1105154,-3.5444674,-3.1809459,-3.769642,-3.7666948,-3.0720792,-3.2593613,-3.2593613,-3.236317,-3.2458122,-4.4522743,-4.269426,-3.8455496,-3.8785863,-3.8860564,-3.8860598,-3.5218205,-4.27536,-3.647843,-3.9482315,-4.091713,-4.5140853,-4.409548,-4.409548,-4.4106846,-4.492599,-4.4727955,-3.6437874,-3.968812,-4.3773346,-4.708861,-4.708861,-4.1258116,-4.5839853,-4.06025,-5.0319633,-4.3487263,-3.510579,-3.881762,-3.8817618,-3.9053655,-4.1934443,-3.8808904,-4.142795,-4.0261483,-4.397406,-4.114077,-4.1140685,-4.1611524,-2.8514829,-4.255923,-4.4028387,-4.045401,-4.270867,-4.1823363,-4.1823354,-4.220956,-4.2909527,-4.324458,-4.1904454
CCC(C)C(C)C,-4.28,-2.7671967,-2.024097,-1.49065,-1.4906503,-1.4801248,-1.7304226,-1.4425677,-1.7263463,-3.8567576,-1.8084984,-2.4965153,-2.4965148,-2.4885328,-2.5152373,-2.4935994,-2.2421672,-4.1525965,-1.9938656,-2.1000211,-2.1000211,-2.109715,-2.0546818,-2.9279954,-2.9976377,-4.038037,-2.0411246,-2.759284,-2.759292,-2.3298738,-2.5479844,-2.6727598,-2.360901,-3.594485,-1.9086818,-1.730176,-1.7301761,-1.7268494,-1.806403,-1.6451647,-1.4559261,-3.1586401,-1.9614714,-1.9284941,-1.928494,-1.9245784,-1.923977,-1.8895695,-1.6023881,-4.0127244,-4.0107574,-3.4623652,-3.4623647,-3.915681,-4.087289,-3.9763784,-3.3585055,-4.2149124,-3.2431784,-3.2038126,-3.2038102,-3.2113352,-2.410667,-3.4767454,-3.4047892,-3.8753326,-3.4438753,-3.5093782,-3.5093782,-3.5137208,-3.548678,-3.587998,-3.5962365
CC(=O)c1ccccc1,-1.28,-1.5096796,-2.2074525,-1.9597698,-1.9597701,-1.9646386,-2.150787,-1.98338,-2.016048,-1.342171,-1.9439963,-1.3971955,-1.3971956,-1.3884957,-1.4734346,-1.3909215,-2.0495918,-1.4679934,-1.727487,-1.878757,-1.8787569,-1.8862132,-1.8288867,-2.4034956,-2.275056,-1.4394773,-2.0980656,-2.440101,-2.4401069,-2.069338,-2.6857123,-2.1254702,-2.0811687,-1.1431501,-1.8376043,-1.9863741,-1.986374,-1.9951928,-1.9977087,-2.0187073,-1.5867,-1.3701794,-2.3157732,-2.351098,-2.3510978,-2.368735,-2.3396494,-2.2754924,-1.9273825,-1.1886967,-2.033042,-0.9292976,-0.92929727,-2.104476,-1.354853,-2.017451,-1.3217324,-1.2397959,-1.7308296,-1.6191906,-1.6191884,-1.6483123,-1.066372,-1.655353,-1.829392,-1.2935086,-1.4694884,-1.3662066,-1.366207,-1.307084,-1.2467456,-1.3974156,-1.1904715
CN(C)C(=O)Oc1nc(nc(C)c1C)N(C)C,-1.95,-2.2234428,-3.787918,-3.65069,-3.6506908,-3.6530304,-3.9937558,-3.6689692,-4.8049498,-1.5055035,-2.2405963,-1.5453227,-1.5453233,-1.4814321,-1.9891021,-1.5215281,-2.1335714,-2.118503,-4.182902,-3.948944,-3.9489436,-3.9341424,-3.915297,-3.2959895,-3.413572,-1.866837,-1.6330388,-1.8473413,-1.8473455,-1.726829,-2.4422438,-1.7897085,-1.8025743,-2.249407,-3.5682776,-3.5086708,-3.5086706,-3.4858341,-3.600238,-3.4358182,-3.450348,-2.3614447,-3.6590912,-3.8435857,-3.8435855,-3.8647249,-3.8769262,-3.792226,-3.9928727,-2.8747785,-3.6058517,-2.890335,-2.8903348,-3.769631,-2.9442039,-3.7463696,-3.2077107,-2.2586157,-3.1240313,-3.0233748,-3.0233698,-2.9250963,-2.2131577,-3.294087,-3.5400882,-1.8981112,-1.9135348,-2.0216267,-2.0216267,-2.036904,-1.9194562,-2.0848532,-2.0303512
CCCCCCCCC=C,-5.51,-4.7003217,-3.088762,-2.8992338,-2.899234,-2.9109886,-3.2871652,-2.9338381,-2.9435272,-5.113506,-3.3675337,-4.438459,-4.438459,-4.366965,-4.6435833,-4.410958,-3.4512262,-5.240386,-2.899166,-2.8782604,-2.8782606,-2.890354,-2.7788801,-4.239016,-4.047399,-5.566347,-3.140986,-4.3301444,-4.3301516,-4.298398,-4.070609,-4.4618716,-3.6388109,-4.390859,-2.9480941,-2.8762221,-2.8762217,-2.9355881,-3.0346663,-2.9645033,-2.913417,-3.382107,-3.7561762,-3.6570337,-3.6570342,-3.477796,-3.6724527,-3.415911,-4.28922,-5.742245,-4.7290554,-5.146622,-5.146622,-5.584505,-5.7253475,-5.631005,-5.572718,-5.3702493,-4.1090655,-4.181874,-4.181869,-4.195185,-2.9395123,-4.6552534,-4.341377,-5.5705523,-5.3836226,-5.466274,-5.4662733,-5.5474677,-5.4244843,-5.622151,-5.4628434
CCc1ccccc1CC,-3.28,-3.421509,-2.5245142,-2.0163503,-2.0163503,-1.998534,-2.1596522,-1.9699227,-2.0620763,-3.2002,-2.379385,-3.2858694,-3.2858686,-3.25905,-3.263001,-3.2932022,-3.0234923,-3.649863,-2.548026,-2.6440332,-2.644033,-2.656073,-2.588665,-3.3118148,-3.3305423,-3.4698234,-2.6321814,-3.090698,-3.0907054,-2.6299589,-3.1000965,-2.7753453,-2.5926886,-2.7864408,-2.4920819,-2.8621092,-2.8621094,-2.5505903,-2.9699473,-3.4427245,-2.9414728,-2.6836436,-2.3277476,-2.5416622,-2.5416625,-2.5778337,-2.5447314,-2.4553926,-2.7026615,-3.6434636,-4.6564646,-3.7651067,-3.7651064,-4.6049166,-4.0586305,-4.624738,-3.7696538,-3.5428436,-3.486343,-3.5918314,-3.5918288,-3.6105947,-2.5514715,-3.4675233,-3.555843,-3.2527864,-3.9380226,-3.965593,-3.9655929,-3.848644,-3.9428542,-3.6050038,-3.9003868
Clc1cccc(c1)c2cc(Cl)ccc2Cl ,-6.01,-5.243605,-3.9847746,-3.77273,-3.77273,-3.7768016,-4.0604167,-3.8060749,-4.328326,-6.1484528,-5.997887,-6.286148,-6.2861495,-6.2206593,-6.0495954,-6.2778444,-6.2532883,-5.9955916,-4.246094,-4.3832726,-4.3832726,-4.423633,-4.3697248,-6.6689315,-6.854548,-6.0004134,-5.0665545,-5.500302,-5.5003114,-5.519021,-5.5470495,-5.2431283,-5.3051805,-6.1290402,-3.2175262,-3.299889,-3.2998896,-3.3398197,-3.4304779,-3.3260913,-4.64232,-5.362561,-3.3543818,-3.6138332,-3.613833,-3.6996164,-3.5770257,-3.5149043,-4.361334,-6.7520876,-5.7367964,-6.206576,-6.206576,-6.316011,-6.107699,-6.328227,-6.66775,-5.981627,-6.9116063,-6.5466146,-6.546615,-6.603175,-5.6108427,-6.9268413,-7.426372,-5.9454875,-6.1211977,-6.3505325,-6.350533,-6.2991195,-6.353134,-6.133275,-6.1074
CC(=O)CCC1C(=O)N(N(C1=O)c2ccccc2)c3ccccc3,-3.27,-3.7942774,-5.3341985,-4.86804,-4.8680406,-4.8576245,-5.1373844,-4.8362184,-4.118417,-3.7514,-4.004452,-4.117526,-4.117526,-4.048546,-4.5149646,-4.2002892,-4.5351925,-3.596225,-4.565368,-4.4910913,-4.4910917,-4.413929,-4.7221036,-4.1822777,-4.082441,-3.1006005,-3.5799823,-3.805149,-3.8051558,-3.5970867,-4.3921213,-3.4557066,-3.0088112,-3.689827,-4.893686,-4.7448535,-4.744853,-4.6985474,-4.8407245,-4.681003,-3.641803,-4.1009464,-4.5770435,-5.0865345,-5.0865345,-5.1644917,-4.920212,-4.7898245,-4.833183,-4.4126325,-4.2455792,-4.599679,-4.599679,-4.6683173,-5.0546474,-4.649268,-4.9560285,-3.583742,-4.7078166,-4.59039,-4.590385,-4.658849,-3.3059225,-4.502374,-4.9979553,-3.3714807,-4.6791773,-4.565478,-4.5654774,-4.3335023,-4.6478686,-4.452231,-6.6154933
CC(=O)Nc1ccc(Cl)cc1,-2.843,-2.178808,-2.7891202,-2.7852473,-2.7852478,-2.8044443,-3.195931,-2.8508263,-3.0224388,-2.6845136,-2.8549788,-2.066046,-2.066046,-2.0347393,-2.2220774,-2.0975263,-2.3472476,-2.841147,-2.648466,-2.686379,-2.6863785,-2.7038846,-2.6465585,-3.2896862,-3.2701516,-2.7874444,-2.0640116,-2.6306636,-2.6306708,-2.2689533,-2.7572825,-2.2816415,-2.1474488,-2.5349226,-2.275374,-2.157124,-2.157124,-2.2230618,-2.2585504,-2.2378078,-2.3350437,-2.3803859,-3.208854,-3.5124633,-3.5124636,-3.5918436,-3.4731605,-3.3709333,-3.9119923,-2.0949008,-2.2152638,-1.6066978,-1.606697,-2.426146,-1.9333205,-2.3454835,-1.8119763,-2.7332768,-3.2358103,-2.7478116,-2.7478068,-2.7927332,-1.9936169,-2.9764931,-3.2761292,-3.05545,-2.9461098,-3.1169496,-3.1169496,-3.105894,-3.141125,-3.056239,-3.104829
O(c1ccccc1)c2ccccc2,-3.96,-3.680897,-2.9734387,-2.7106252,-2.710625,-2.7247658,-3.016656,-2.7691946,-2.5503209,-3.4282877,-3.6465406,-3.3148587,-3.3148599,-3.2890062,-3.5842454,-3.3253663,-3.1955357,-3.8151922,-2.9168613,-3.006352,-3.0063522,-3.0099065,-2.869228,-3.7973955,-3.8696468,-3.578063,-3.628601,-3.6846473,-3.6846538,-3.5364976,-4.159275,-3.4179025,-3.3240693,-3.4466548,-4.10411,-3.8993258,-3.899326,-4.119702,-3.8739002,-4.1462493,-3.1317701,-3.4597101,-3.493728,-3.8609052,-3.8609054,-3.9445372,-3.7923467,-3.7194083,-4.589207,-2.9803746,-1.8297983,-2.5874486,-2.5874486,-2.2327769,-2.8669329,-2.1426115,-2.518243,-3.618413,-3.9841504,-3.907621,-3.9076192,-3.9712327,-2.7427359,-3.9056141,-3.7312763,-3.948926,-3.8424606,-3.8615742,-3.8615732,-3.895786,-3.8648636,-3.8626022,-3.8662121
CN2C(=O)CN=C(c1ccccc1)c3cc(Cl)ccc23,-3.754,-4.309804,-4.70868,-4.2547817,-4.2547812,-4.235248,-4.556405,-4.1772246,-3.6879532,-3.912837,-4.5133023,-4.43297,-4.4329686,-4.390913,-4.5988593,-4.4221535,-4.5222774,-4.0934744,-4.983122,-4.940958,-4.940958,-4.9357176,-5.1701097,-4.924897,-4.8149676,-3.7053742,-5.1389117,-5.200195,-5.2002025,-5.367978,-5.7036314,-4.8612466,-4.6766896,-4.195775,-4.1487546,-4.2847166,-4.284716,-4.247602,-4.3850794,-4.283545,-3.8766997,-3.5875413,-3.4740925,-3.7115648,-3.7115643,-3.803729,-3.7035284,-3.7169495,-4.1235733,-3.111582,-3.3895683,-2.9901223,-2.9901226,-3.6353326,-3.3967204,-3.5655205,-3.1768715,-3.9354084,-5.0813384,-4.5531783,-4.553174,-4.603805,-3.3794463,-4.625275,-4.7994576,-3.730622,-3.7669008,-3.8399189,-3.8399172,-3.8051574,-3.7842464,-3.819817,-3.823165
c1ccc2c(c1)[nH]c3ccccc32,-5.27,-3.5921626,-2.5114179,-2.465053,-2.4650533,-2.4761486,-2.7962556,-2.5001216,-3.1103141,-4.7453375,-3.6922603,-4.357217,-4.3572164,-4.317897,-4.366201,-4.3759656,-4.186705,-4.9731236,-2.8897915,-2.931596,-2.9315963,-2.9415436,-2.8448005,-3.4189584,-3.3824737,-4.9239364,-3.1404352,-3.6008706,-3.6008809,-3.1116335,-3.6523814,-3.2846477,-2.9170828,-5.170685,-3.485115,-3.2893434,-3.2893436,-3.4340072,-3.4912927,-3.418261,-3.5416577,-4.9048,-3.0821178,-3.343385,-3.3433852,-3.4091966,-3.311813,-3.2200143,-3.7645843,-2.7977104,-1.9183756,-2.0052767,-2.0052764,-2.16526,-2.2171926,-2.316805,-2.17322,-5.099469,-5.0063305,-5.095222,-5.095221,-5.101715,-4.353782,-5.093064,-5.250035,-5.1447935,-4.842168,-4.4569507,-4.4569516,-4.406827,-4.8877463,-4.732227,-4.5997434
CCCCCC1CCCC1,-6.08,-4.6071863,-2.7832398,-2.4986312,-2.498631,-2.507299,-2.829327,-2.5118632,-2.6344135,-5.903504,-2.471314,-3.750857,-3.7508569,-3.7627776,-3.7577455,-3.741247,-2.6589742,-5.865104,-3.052429,-3.027642,-3.0276423,-3.0444517,-2.9856038,-4.516696,-4.2498183,-5.7094626,-3.8454878,-4.6557274,-4.655736,-3.6570396,-4.390641,-4.519852,-4.2771235,-5.4175076,-2.6639943,-2.5619633,-2.5619628,-2.6173906,-2.6738293,-2.6187522,-2.4407861,-4.256986,-3.1247182,-2.6927123,-2.692712,-2.6697907,-2.7231948,-2.7264307,-2.9275727,-5.608994,-4.471589,-4.9775467,-4.9775457,-5.0213313,-5.7474337,-5.017889,-5.046691,-6.044412,-4.4265304,-4.768482,-4.768478,-4.8299756,-3.440764,-5.4519954,-4.7223377,-5.9308763,-3.967271,-4.171268,-4.171268,-4.107818,-4.1222105,-3.7356138,-3.930446
O=C1NC(=O)NC(=O)C1(CC)CC,-2.4,-2.2212098,-2.6532316,-2.528904,-2.5289044,-2.5203998,-2.9149482,-2.531018,-2.8866386,-2.3069966,-1.5327833,-1.2636392,-1.2636392,-1.2605007,-1.3507334,-1.244649,-2.1145923,-1.9259918,-2.8365138,-2.7945423,-2.7945418,-2.8236873,-2.8510356,-2.37545,-2.2340717,-1.8796284,-1.5333327,-1.6523213,-1.6523274,-1.0838603,-2.0242617,-1.2098356,-1.5894078,-2.2234569,-2.6921642,-2.8677857,-2.867786,-2.6769695,-3.1226518,-2.7641582,-2.5718083,-2.2268844,-2.2779436,-2.4763489,-2.476349,-2.5122886,-2.493466,-2.3882718,-2.6301494,-2.4412444,-1.4009787,-1.871373,-1.8713728,-1.9205719,-2.1143804,-1.8197939,-2.2056139,-2.1433258,-1.8657523,-1.5929978,-1.5929927,-1.6288586,-0.8231801,-1.8181952,-2.2006724,-2.4168832,-1.1035957,-1.2213894,-1.2213894,-1.26299,-1.4733028,-2.2725358,-0.97525537
CN(C)C=Nc1ccc(Cl)cc1C,-2.86,-2.7980156,-3.246626,-3.1869757,-3.186976,-3.1920671,-3.6092753,-3.180926,-3.67309,-2.8764813,-2.899238,-2.3150737,-2.3150735,-2.300464,-2.6584842,-2.3080828,-2.780681,-2.8034363,-3.2819517,-3.1826656,-3.1826658,-3.194971,-3.0650816,-3.2940052,-3.1750536,-2.9272122,-2.6470351,-3.032036,-3.0320442,-2.8403378,-3.2067435,-2.7464633,-2.6667924,-2.912838,-2.8166752,-2.6856651,-2.6856654,-2.7183764,-2.7994907,-2.6824827,-3.0951781,-3.4873245,-3.4055586,-3.6994815,-3.699481,-3.7468944,-3.6748033,-3.6229002,-4.341965,-3.0434644,-2.8419352,-2.5823538,-2.582353,-2.9300337,-2.8837976,-2.8514898,-2.56029,-2.779304,-2.8486316,-2.785797,-2.785792,-2.851349,-1.7347621,-3.0040874,-2.7108617,-2.964395,-2.8220763,-2.9137738,-2.913773,-2.8355176,-2.8672817,-2.9101188,-2.900261
BrC(Cl)Cl,-1.54,-1.7800401,-1.348919,-0.48419523,-0.48419508,-0.4685582,-0.70778525,-0.45689663,-1.6029694,-1.4434673,-1.042148,-1.6225394,-1.6225392,-1.6169106,-1.6221235,-1.6190464,-1.3857635,-1.3405975,-1.6850934,-1.6391366,-1.6391368,-1.6464397,-1.7683817,-2.7581463,-2.6969614,-1.4945931,-0.623722,-1.3253822,-1.3253884,-0.6747117,-1.2328027,-0.9331511,-0.8005812,-1.7144465,-2.157569,-2.0455508,-2.0455503,-2.1155727,-1.9848627,-2.11774,-1.3628432,-1.4888138,-1.1742738,-0.8658198,-0.8658199,-0.8669564,-0.92832226,-0.85203665,-2.0697107,-1.2385179,-1.3561286,-1.4796475,-1.4796473,-1.8670009,-1.7331836,-1.8374063,-1.8226013,-1.4001651,-1.9422596,-1.811114,-1.8111156,-1.8212811,-1.5175053,-1.8334944,-1.5833195,-1.8847272,-1.4573543,-1.5351295,-1.5351294,-1.6698015,-1.7382395,-1.5811586,-2.446118
ClCCl,-0.63,-0.55295104,-0.8150439,-0.18454966,-0.18454939,-0.19317545,-0.36101323,-0.23492438,-1.1626263,-0.6815911,0.103888,-0.99585235,-0.9958524,-0.9919847,-1.1094105,-0.9640403,-0.026174866,-0.94219893,-0.8962758,-0.81609523,-0.81609535,-0.8154398,-0.87800705,-1.0363979,-1.3794835,-0.68855256,-0.6624729,-1.2788157,-1.2788217,-0.6281961,-1.0708407,-0.86641556,-0.7371865,-0.829914,-3.0762877,-2.5589867,-2.5589864,-2.617772,-2.8456144,-2.6222248,-1.587495,-0.54530185,-1.073349,-0.70975155,-0.70975155,-0.7111726,-0.75850177,-0.71532327,-1.8902806,-0.9357396,-1.4680697,-1.0227312,-1.0227308,-1.6524191,-1.157472,-1.5867163,-1.2086987,-0.4867129,-1.1616296,-1.0334611,-1.0334628,-1.0424964,-0.9023615,-1.0428718,-0.71574306,-1.8847272,-1.4573543,-1.5351295,-1.5351294,-1.6698015,-1.7382395,-1.5811586,-2.446118
Cc1ncc(N(=O)=O)n1CCO ,-1.26,-1.5313338,-2.6415825,-2.243765,-2.243765,-2.2309554,-2.427204,-2.1980526,-2.6207254,-1.6249213,-1.4887776,-0.9918007,-0.9918007,-0.9797961,-0.9796033,-0.9890165,-1.7101128,-1.1958381,-2.1150267,-1.9206967,-1.9206969,-1.9345454,-1.9833817,-0.66262716,-0.6405952,-1.385,-1.3070905,-1.5980134,-1.5980185,-1.2417599,-1.7831517,-1.4959266,-1.2406306,-1.2471161,-2.1428487,-2.014811,-2.014811,-1.9992273,-2.2119267,-1.8990241,-1.6726316,-1.550109,-2.2234905,-2.4129574,-2.4129572,-2.437199,-2.4156325,-2.3017929,-2.4980807,-1.1002308,-1.109706,-0.6586242,-0.65862393,-1.360722,-1.0975064,-1.3168308,-0.99148726,-1.1251073,-1.4005004,-1.3749671,-1.3749621,-1.3636277,-0.4231811,-1.649875,-1.4446976,-1.2909815,-1.223638,-1.1999097,-1.19991,-1.2575831,-1.3197796,-1.278074,-1.2518024
Cc1cccc(N)c1,-0.85,-0.13186893,-2.1402228,-1.8469312,-1.8469312,-1.8443223,-1.9722513,-1.8516849,-1.6841067,-0.034520805,-1.564038,-1.0140417,-1.014042,-1.0180846,-1.1492466,-1.0136364,-1.4972982,-0.95314145,-1.612543,-1.7341136,-1.7341138,-1.7390956,-1.6428884,-1.3637781,-1.329615,-1.210079,-1.5951117,-1.9241277,-1.9241344,-1.6369303,-2.2409708,-1.5968754,-1.595548,-0.84322476,-1.6848346,-1.341176,-1.3411757,-1.3493629,-1.3843666,-1.3048903,-0.9881831,-1.5297858,-2.2014353,-2.239383,-2.239383,-2.2558637,-2.2332275,-2.1869092,-1.9567596,-0.9739627,-1.2157782,-0.7584528,-0.7584527,-1.4725713,-1.038656,-1.3823335,-1.0799258,-0.6427977,-1.3772556,-1.2358413,-1.2358383,-1.2484863,-0.7589627,-1.3843929,-1.3636625,-0.8838512,-1.3105785,-1.2942058,-1.2942054,-1.0763348,-0.9988723,-1.1739717,-1.2451972
CCCCC(=O)C,-0.8,-1.8956436,-2.1527867,-1.7386054,-1.7386054,-1.7446404,-1.9845426,-1.7488333,-1.8769516,-0.6077517,-1.2726997,-1.6098642,-1.6098644,-1.5987628,-1.5072057,-1.5947889,-1.7589765,-0.97967064,-1.7280747,-1.8212595,-1.8212597,-1.8281493,-1.7812775,-2.268988,-2.2211268,-0.7848821,-1.083519,-1.4361652,-1.436172,-1.0850316,-1.6389762,-1.2646534,-1.1746646,-0.9899355,-2.1105626,-2.0260305,-2.0260305,-2.0576627,-2.0857184,-2.0464668,-1.8775713,-1.2416961,-2.390002,-2.1237552,-2.1237552,-2.0338192,-2.1588457,-2.1625955,-1.9720604,-1.007519,-1.8856286,-0.68659294,-0.6865929,-1.8165283,-1.2700139,-1.756167,-1.189213,-0.8502352,-2.0841064,-1.8140618,-1.8140582,-1.8321321,-1.2364174,-1.8544406,-2.2349737,-0.84775156,-1.175123,-1.293484,-1.293484,-1.2540926,-1.3600653,-1.1295483,-1.3202233
CCN(CC)c1nc(Cl)nc(n1)N(CC)CC,-4.4110000000000005,-4.392469,-4.2162933,-3.7820282,-3.7820287,-3.765485,-4.039047,-3.7284257,-3.4491239,-3.9194288,-3.1802511,-3.1155896,-3.1155899,-2.9960833,-3.601557,-3.158842,-3.501709,-4.3945637,-4.6234655,-4.4067755,-4.406776,-4.39911,-4.540644,-4.165548,-4.0912347,-4.166155,-3.448805,-3.6651428,-3.665149,-3.1981306,-3.765906,-3.332315,-3.2192988,-4.608356,-4.6560044,-4.8854775,-4.885478,-4.5616746,-5.0260396,-4.203475,-4.8483634,-4.491852,-3.4989464,-3.9843547,-3.984355,-4.0657425,-3.9086282,-3.7867749,-4.463171,-4.0205436,-3.321673,-3.5442047,-3.5442045,-3.626332,-3.8311315,-3.574737,-3.5763314,-4.445799,-4.338802,-4.081004,-4.0809994,-4.138353,-2.8312662,-4.1133847,-4.974033,-4.411154,-4.3843074,-4.5095153,-4.5095153,-4.424024,-4.3793716,-4.4646077,-4.550919
CN(C=Nc1ccc(C)cc1C)C=Nc2ccc(C)cc2C,-5.47,-4.621451,-5.264046,-5.053617,-5.053617,-5.062762,-5.561967,-5.0590734,-5.038049,-5.838775,-5.8145313,-5.7148776,-5.7148767,-5.6794543,-6.016627,-5.714411,-5.191355,-5.522956,-5.371735,-5.2101707,-5.2101703,-5.250995,-5.19614,-5.627936,-5.247807,-5.103018,-4.683559,-5.113671,-5.113678,-5.34093,-5.518832,-5.0752487,-5.0356855,-4.8266616,-5.3736806,-5.137683,-5.137682,-5.1524415,-5.3884773,-5.2344112,-4.803534,-5.672846,-6.088107,-5.9356194,-5.935619,-6.078298,-5.7832894,-6.2736974,-5.5310864,-5.8093166,-6.322772,-5.4130807,-5.41308,-6.486843,-6.3592863,-6.2324896,-5.385757,-5.5464034,-5.7919707,-5.7674747,-5.7674713,-5.797146,-4.1731615,-5.957524,-5.608992,-5.267869,-5.4123774,-5.7984977,-5.7984977,-5.450194,-5.596496,-5.718799,-5.481235
CCOc1ccc(cc1)C(C)(C)COCc3cccc(Oc2ccccc2)c3,-8.6,-6.6977305,-7.2063174,-6.4495864,-6.4495864,-6.45001,-6.7697964,-6.4386377,-5.5896344,-8.822264,-5.3670745,-5.9923377,-5.992339,-5.911852,-6.53213,-6.0419784,-6.2960086,-8.377693,-6.2767024,-6.5107384,-6.510738,-6.759141,-6.669289,-8.883954,-8.291349,-8.37288,-5.7976494,-5.8980823,-5.8980875,-7.4957285,-6.4983582,-6.2135215,-6.310737,-7.1096735,-7.348305,-6.929708,-6.9297085,-6.8925495,-6.9894996,-6.7795577,-5.929958,-6.8796325,-7.0164394,-6.621309,-6.621309,-6.305026,-6.841623,-6.7873335,-6.145588,-6.8407426,-5.7279587,-5.636619,-5.636618,-5.82395,-6.62909,-6.08241,-6.946722,-8.188686,-7.066833,-7.277751,-7.2777476,-7.276371,-5.404948,-7.3842316,-6.877435,-8.35462,-8.446567,-8.797792,-8.7977915,-8.649504,-8.394897,-8.876304,-8.599644
CC(C)N(C(C)C)C(=O)SCC(=CCl)Cl,-4.2860000000000005,-3.7054088,-3.7073185,-3.429121,-3.4291213,-3.4264064,-3.7719972,-3.427616,-3.82555,-4.305435,-3.2459478,-2.609618,-2.609618,-2.5656464,-2.8982139,-2.5940073,-3.245382,-3.959133,-4.2495856,-3.961469,-3.9614687,-3.9917262,-4.118362,-3.8528273,-3.7010765,-3.8967736,-3.3390675,-4.058141,-4.0581493,-4.0872808,-4.0009303,-3.979931,-3.4979358,-4.3400645,-3.5137813,-3.6669445,-3.6669443,-3.6294193,-3.7562144,-3.5646918,-4.052767,-3.3646517,-3.243302,-2.8941295,-2.8941295,-2.6647778,-2.7976205,-2.633047,-2.711703,-2.8318021,-3.2114758,-2.4492958,-2.4492955,-3.447363,-2.7849414,-3.4194806,-2.7319021,-4.278036,-3.6571922,-3.718197,-3.7181904,-3.716823,-2.48375,-3.994789,-4.35496,-4.247517,-4.0934772,-4.111791,-4.111791,-4.1563773,-4.180234,-4.340913,-3.8415399
C/C1CCC(\C)CC1,-4.47,-2.918626,-2.0427465,-1.4463089,-1.4463085,-1.4455258,-1.6553853,-1.4339484,-1.654706,-4.3989863,-1.7860796,-3.2838557,-3.2838554,-3.2645478,-3.0627239,-3.263394,-2.6121578,-4.503633,-2.336965,-2.495345,-2.4953456,-2.520207,-2.4174857,-4.1677785,-4.1017656,-4.4257555,-2.9633718,-3.5404344,-3.5404418,-3.156017,-3.5036645,-3.4804816,-3.2717464,-4.080152,-3.4637575,-3.005012,-3.0050118,-2.8998764,-3.1155438,-2.7381976,-3.5062182,-3.5134583,-2.7195966,-2.9852905,-2.9852905,-3.044622,-2.8810399,-2.8678157,-3.1832938,-4.3487306,-3.0710177,-3.6838305,-3.68383,-3.0714064,-4.2625585,-3.080048,-3.5509748,-4.443864,-4.500029,-4.739285,-4.7392817,-4.751665,-3.6673484,-5.1844916,-4.5231037,-4.336466,-2.654065,-2.9021232,-2.9021232,-2.989239,-2.9884875,-2.9024947,-3.08275
C1c2ccccc2c3ccccc13,-5.0,-3.3207757,-2.569129,-2.4834242,-2.4834244,-2.4930449,-2.796265,-2.5200381,-3.1320686,-5.2690306,-3.9277852,-4.9054127,-4.9054117,-4.8619003,-4.9347024,-4.924226,-4.5869393,-5.051301,-2.7496827,-2.8183806,-2.8183806,-2.831378,-2.755764,-4.300994,-4.226301,-4.5055814,-4.287521,-4.370094,-4.3701034,-3.968441,-4.682629,-4.179904,-4.431582,-5.080957,-3.5817823,-3.4689689,-3.468969,-3.6064806,-3.6586967,-3.5837727,-4.0234227,-4.6378284,-3.1080618,-3.4051557,-3.405156,-3.4758964,-3.3606436,-3.2827754,-3.891904,-5.1548553,-6.0409393,-4.9750986,-4.9750986,-6.434091,-5.76363,-6.4058247,-4.736919,-4.9841914,-5.2507577,-4.7399273,-4.7399263,-4.728214,-3.8191676,-5.1744485,-4.6386504,-4.5675516,-4.325774,-4.4431205,-4.443122,-4.4928675,-4.5143347,-4.4868355,-4.3422594
NC(N)=NC#N ,-0.31,-0.7695824,-1.8717854,-1.5987161,-1.5987163,-1.6100227,-1.7790983,-1.6244241,-1.2144014,-0.05252796,0.006869393,0.27866104,0.27866095,0.26728714,0.090142675,0.29639465,-0.080276035,0.18833214,-1.0221518,-0.99690527,-0.99690515,-0.99758667,-0.9239515,0.3453222,-0.018560933,0.2566224,-0.11467925,-0.095342346,-0.09534677,0.3570995,-0.18215829,0.3732814,-0.26391304,-0.26117238,-1.5715451,-1.3830894,-1.3830895,-1.3963354,-1.5080832,-1.432697,-1.0047543,-0.23967336,-1.5285128,-0.786438,-0.7864379,-0.78122634,-0.9429015,-0.96413076,-0.49815056,-0.07978724,-0.096982874,-0.17756346,-0.17756304,-0.09994115,-0.19158357,-0.053117223,-0.20895085,-0.1650006,0.27624694,0.12799282,0.12799475,0.096985444,0.47237867,-0.0028985925,-0.18639736,-0.33880565,-0.30851007,-0.28549275,-0.28549296,-0.3019088,-0.26482508,-0.33103687,-0.01862221
Oc1ccc(C=O)cc1,-0.96,-1.6524509,-2.1891296,-2.0854511,-2.0854514,-2.100679,-2.3904037,-2.1237154,-2.1745203,-1.0054502,-1.4419669,-1.3861525,-1.3861526,-1.3869594,-1.3194318,-1.3847929,-1.7683321,-0.95561206,-1.432664,-1.4639791,-1.463979,-1.4704772,-1.3886225,-0.64693666,-0.59508365,-1.0248142,-1.129867,-1.4223331,-1.4223397,-1.0252198,-1.6309316,-1.0230377,-1.114047,-1.0802189,-1.6962239,-1.5302432,-1.5302429,-1.5416157,-1.685656,-1.5576191,-1.3899939,-0.8283122,-3.092167,-3.1345193,-3.1345198,-3.2742286,-3.0568855,-3.2563198,-2.7584496,-2.085605,-0.4571931,-1.0401752,-1.0401756,-1.2187147,-1.3040246,-1.1298839,-1.1731956,-0.882255,-1.2441916,-1.1950555,-1.1950542,-1.2235895,-0.9480169,-1.2426156,-1.3465005,-0.970319,-1.150999,-1.1430899,-1.1430894,-1.0632002,-1.0800078,-1.1259208,-1.0263854
CCCCC1C(=O)N(N(C1=O)c2ccc(O)cc2)c3ccccc3 ,-3.73,-4.2432046,-5.5291944,-5.024253,-5.0242524,-5.014448,-5.3116117,-4.989674,-4.225774,-3.9301322,-3.8731046,-3.6796682,-3.6796682,-3.6184103,-4.1805634,-3.7075908,-4.1352553,-3.7929177,-4.522856,-4.468361,-4.4683614,-4.342637,-4.685335,-4.2728305,-4.2185884,-3.5712674,-4.224517,-3.9690988,-3.9691045,-3.558219,-4.782179,-3.5527892,-3.3452258,-3.8213735,-5.0268245,-4.8572154,-4.8572154,-4.8127527,-4.9371967,-4.852381,-3.7054422,-3.888003,-4.9286985,-5.4324894,-5.4324894,-5.532697,-5.2398252,-4.9898915,-4.8062205,-4.2460504,-3.5489678,-4.723898,-4.7238984,-4.3904033,-5.125929,-4.4040976,-4.4071746,-3.784457,-4.361396,-4.2230635,-4.2230587,-4.2720766,-2.929372,-4.157368,-4.728969,-3.6931283,-3.7642574,-3.7996938,-3.799693,-3.7634387,-3.7961824,-3.8545263,-3.8855329
CCOP(=S)(OCC)SCSCC,-4.11,-4.2933974,-3.910532,-3.7382278,-3.738228,-3.7423131,-3.9879918,-3.7396033,-3.7907476,-4.1093926,-3.4900231,-3.7724607,-3.7724617,-3.7384112,-4.1089945,-3.79739,-3.8700025,-4.07414,-3.9349315,-3.6222112,-3.6222112,-3.662744,-3.7138133,-4.2424116,-4.2241535,-3.9908862,-2.971112,-3.649946,-3.6499546,-3.4275837,-3.6297836,-3.3694148,-3.182648,-4.2541285,-3.7162683,-3.5138252,-3.5138252,-3.4968774,-3.6995895,-3.4618032,-3.1642354,-2.9591463,-3.9757826,-4.206896,-4.206896,-4.0895295,-4.1352324,-4.1106076,-4.572408,-3.142569,-3.4934049,-3.115625,-3.115625,-3.7537017,-3.2931294,-3.8678007,-3.2312288,-4.1724806,-4.6970196,-4.491892,-4.491889,-4.513288,-3.3694055,-4.508081,-4.965209,-4.16985,-4.0167994,-4.067476,-4.0674753,-4.151087,-4.1190047,-4.157578,-4.1650095
CNC(=O)Oc1ccc(N(C)C)c(C)c1,-2.36,-2.6403863,-3.4980407,-3.3344457,-3.334445,-3.3497744,-3.7036564,-3.4026453,-3.3213134,-2.541123,-3.5854683,-2.3938577,-2.393857,-2.3200812,-2.9142766,-2.361948,-2.7838657,-2.418255,-3.3985257,-3.2150753,-3.2150753,-3.2011824,-3.2134593,-2.6660755,-2.5226626,-2.1881497,-1.3268594,-1.8588805,-1.8588866,-1.6202838,-1.9670469,-1.5530095,-1.5345745,-2.1030738,-3.231804,-3.0729105,-3.0729108,-3.1242769,-3.2718427,-3.1717112,-2.6837604,-2.4183924,-4.0852547,-3.6527808,-3.652781,-3.7690768,-3.7140508,-4.0115485,-3.7051334,-1.6103063,-3.8428912,-3.2528222,-3.252822,-4.3505425,-3.3697786,-4.347096,-3.3703678,-2.6936808,-2.9835577,-2.7067668,-2.7067626,-2.7453117,-1.8216412,-2.6415317,-3.4115894,-2.3672926,-2.3294487,-2.3845232,-2.3845232,-2.3569653,-2.3590395,-2.3966298,-2.3930311
CCCCCC(=O)OCC,-2.35,-2.4983528,-2.9374921,-2.7172513,-2.7172515,-2.7133145,-3.0448232,-2.679255,-2.7349415,-1.9971826,-2.6008635,-2.5300694,-2.5300696,-2.4710357,-2.775324,-2.526079,-2.4628408,-2.069937,-2.6600606,-2.637205,-2.637205,-2.6518319,-2.5588322,-3.266672,-3.1049407,-2.3113952,-1.9827529,-2.5069818,-2.506988,-2.3666444,-2.7271335,-2.3977957,-2.0360954,-2.2500076,-2.7866251,-2.7052155,-2.7052155,-2.7300582,-2.881089,-2.6158624,-2.5563889,-2.085164,-3.4644153,-3.325242,-3.3252418,-3.0167637,-3.3298662,-3.0875173,-3.5649598,-2.358295,-2.7337008,-2.450671,-2.4506712,-3.3148828,-2.7172308,-3.266183,-2.5622509,-2.3981943,-3.1040673,-2.737406,-2.7374012,-2.8005018,-1.910008,-2.8300333,-3.3665907,-2.0780187,-1.9210205,-1.9904304,-1.9904306,-2.0824757,-2.169339,-2.3227618,-1.9048619
OC3N=C(c1ccccc1Cl)c2cc(Cl)ccc2NC3=O,-3.604,-3.8664236,-5.133162,-4.841294,-4.8412943,-4.8283305,-5.1354685,-4.7606997,-4.3957906,-3.8217096,-4.5643926,-4.7241664,-4.7241654,-4.6900206,-4.692469,-4.6870584,-4.1053414,-3.7681842,-5.1028466,-4.709838,-4.709838,-4.7459974,-5.0291314,-4.3597803,-4.032977,-3.407177,-3.9469962,-4.2712307,-4.2712374,-4.397714,-4.5739574,-3.9373574,-3.6751678,-4.038918,-4.009283,-4.0499363,-4.049936,-3.9982502,-4.2021856,-3.9796307,-3.7624593,-3.2416599,-3.0738218,-3.028558,-3.0285583,-2.9862263,-3.1054578,-3.1423917,-3.251786,-2.7945147,-2.132409,-2.3722315,-2.3722312,-2.409216,-2.619121,-2.361852,-2.3793585,-3.5259714,-5.167642,-5.0977883,-5.097783,-5.1171484,-3.6194305,-5.3005395,-5.34144,-3.5495558,-3.5931363,-3.6911724,-3.6911712,-3.6929069,-3.6651986,-3.6222801,-3.6962507
O=c2[nH]c(=O)c1[nH]c(=O)[nH]c1[nH]2 ,-3.93,-2.6575062,-2.460208,-2.3753164,-2.3753166,-2.3802557,-2.6440623,-2.3948777,-2.8094907,-3.6747782,-0.9328504,-2.1638062,-2.1638064,-2.1733496,-2.064115,-2.1334906,-1.2875507,-3.6792364,-1.7079524,-1.5888841,-1.5888839,-1.592938,-1.5939873,-0.7176998,-0.8543084,-3.8118446,-0.19526811,-1.7281511,-1.7281576,-0.9555022,-1.0397009,-1.5200764,-0.5443542,-3.8108559,-1.8290929,-1.9819564,-1.9819561,-1.9480786,-2.1041687,-1.9489498,-1.8051157,-3.2548707,-2.2610755,-2.3549058,-2.3549054,-2.3866508,-2.3367696,-2.282966,-1.9176152,-3.9056294,-3.4310923,-3.4929178,-3.4929175,-4.094467,-4.043816,-4.106608,-3.6492498,-3.8207524,-2.0038009,-1.6232789,-1.6232764,-1.6515265,-1.3438234,-1.831477,-1.7977712,-3.8800359,-3.906087,-4.0146747,-4.0146747,-3.9356487,-3.9221365,-4.045365,-3.9836066
Brc1ccccc1Br,-3.5,-3.24541,-2.558172,-2.6363282,-2.6363282,-2.6337788,-2.9217224,-2.6342683,-2.5615518,-3.403351,-3.5361924,-3.2364998,-3.2365,-3.2327998,-3.194349,-3.234803,-3.839476,-3.3816578,-2.085857,-2.0500014,-2.0500016,-2.0571377,-1.9450556,-3.4598453,-3.4632535,-3.3151705,-2.4348345,-3.3489397,-3.3489518,-2.6795683,-3.1951869,-2.9751534,-2.6817203,-3.5906444,-2.7424233,-3.3517013,-3.3517013,-3.3009942,-3.1781154,-3.3575435,-4.684874,-3.2746608,-2.278301,-2.3572977,-2.3572977,-2.4190278,-2.3669283,-2.458104,-2.7113667,-3.6438582,-3.5065837,-3.5094118,-3.5094118,-3.465421,-3.9918673,-3.4574735,-3.4707794,-3.4461584,-3.9773593,-3.8054388,-3.8054378,-3.8132381,-3.2824376,-3.7407987,-3.9413278,-3.2587166,-3.6131964,-3.5991302,-3.5991297,-3.519447,-3.4306505,-3.6063032,-3.0516
O=C1NC(=O)NC(=O)C1(C)C,-1.742,-1.3644211,-1.97695,-1.485007,-1.4850069,-1.4665163,-1.7542175,-1.4334275,-2.633888,-1.3620932,-0.75046796,-0.93727994,-0.937279,-0.95465285,-1.0726154,-0.93211544,-1.3179687,-1.8124558,-2.3370147,-2.370573,-2.3705735,-2.3842988,-2.358498,-1.7288119,-1.804195,-1.3593776,-0.8968481,-1.3023052,-1.3023105,-1.0103856,-1.3791581,-1.1937703,-0.9621848,-1.6294663,-2.9263377,-3.9843564,-3.984356,-3.9544215,-3.7990856,-4.0132885,-2.2304754,-1.6121075,-1.9997065,-1.9227672,-1.922767,-1.9458417,-1.9765718,-1.9399892,-1.5629696,-1.9160792,-1.4442672,-1.3508409,-1.3508414,-1.922806,-1.4408911,-1.812637,-1.8697038,-1.5924363,-1.1110379,-1.1032251,-1.1032199,-1.1262298,-0.51695406,-1.4864906,-1.1714642,-1.8487816,-1.771251,-1.8140923,-1.8140925,-1.7755909,-1.860463,-1.808464,-1.829997
OC1CCCCC1,-0.44,-0.6626062,-1.7448325,-1.0537561,-1.0537562,-1.0436596,-1.226326,-1.0521399,-1.4946423,-0.443335,-1.2760514,-1.6459754,-1.6459755,-1.6359347,-1.6931272,-1.6472727,-1.5699048,-0.7612681,-1.7097324,-1.8073211,-1.8073211,-1.8224262,-1.7069752,-1.9064765,-1.9277855,-0.4706813,-1.542385,-1.7235488,-1.7235552,-1.4216932,-1.960184,-1.6079296,-1.6437526,-0.5866766,-1.7339917,-1.4499121,-1.4499118,-1.473302,-1.5767394,-1.7706515,-1.2217026,-0.71684766,-2.0254505,-2.1048422,-2.104842,-2.104227,-2.0622747,-1.8930432,-1.7279111,-0.3719705,-1.1155963,0.06524349,0.065243505,-1.2921574,-0.34707636,-1.2296517,-0.721569,-0.32733694,-2.0248835,-1.9647598,-1.9647571,-1.9430513,-1.3880156,-1.9475852,-1.8285435,-0.57065004,-0.15213656,-0.07061842,-0.0706184,-0.029026203,-0.0780733,0.010287508,0.3024198
CC=CC=O,0.32,0.2727141,-1.5938829,-1.2802886,-1.2802889,-1.2794536,-1.4455272,-1.2710699,-1.0943515,0.6752981,-0.548215,0.14231512,0.1423149,0.13545938,0.06170267,0.14581433,-0.7303943,0.192749,-0.949624,-0.89071727,-0.8907172,-0.8920094,-0.83288056,-0.26654533,-0.31285053,0.022270972,-0.54078645,-0.94996357,-0.9499696,-0.40145987,-0.9424894,-0.62651557,-0.7375612,0.119506426,-1.5508937,-1.1148905,-1.1148903,-1.1166407,-1.1961342,-1.1276027,-0.49056098,0.2681202,-1.7939092,-1.4147824,-1.4147823,-1.2267396,-1.443121,-1.1929839,-0.80447775,0.013136147,-0.7157239,0.5196252,0.5196253,-0.6659549,0.13553175,-0.5909354,-0.20631127,0.44459447,-0.39318627,-0.33543926,-0.33543766,-0.35512015,0.05263533,-0.18157326,-0.45498008,0.23753795,0.16536589,0.32337055,0.32337055,0.3122502,0.2838543,0.26265955,0.2383448
ClC1=C(Cl)C2(Cl)C3C4CC(C=C4)C3C1(Cl)C2(Cl)Cl,-6.307,-6.778851,-4.194355,-4.8821216,-4.882121,-4.8752522,-5.238836,-4.748219,-6.864743,-6.368194,-5.850738,-6.2615924,-6.261594,-6.2446647,-6.213206,-6.1990643,-6.166197,-6.1495876,-7.058776,-6.881366,-6.8813653,-6.939315,-6.820981,-6.68805,-6.844734,-6.202333,-5.7657504,-6.149282,-6.149292,-5.652019,-6.2757807,-5.8329697,-6.278453,-6.6134825,-3.827931,-4.461705,-4.4617047,-4.396757,-4.7377195,-4.850817,-6.227907,-5.707501,-2.589104,-2.7220743,-2.722074,-2.5280364,-2.7210739,-2.6840358,-3.291889,-6.466621,-4.4377136,-5.4124985,-5.412498,-4.9804482,-6.227472,-5.134912,-5.813532,-6.187436,-6.664367,-6.7097373,-6.7097373,-6.6945176,-5.34019,-6.7690725,-6.8927364,-6.268227,-6.133663,-6.3649564,-6.3649564,-6.318929,-6.457928,-6.249624,-6.3255115
CCN2c1cc(OC)cc(C)c1NC(=O)c3cccnc23 ,-5.153,-4.8717217,-4.340915,-3.94923,-3.9492302,-3.9430203,-4.2262616,-3.9118006,-3.7185316,-5.0917077,-3.6527934,-3.36238,-3.3623796,-3.3245356,-3.6509776,-3.365495,-3.5081697,-4.87536,-4.428679,-4.201825,-4.201825,-4.1957006,-4.510134,-4.3230996,-4.4621234,-4.804315,-4.0306234,-4.333475,-4.3334813,-4.6151533,-4.6638937,-4.113388,-3.9302518,-5.147231,-4.4933715,-4.400809,-4.400809,-4.3741417,-4.43355,-4.4047933,-3.4175322,-4.122355,-3.8774254,-4.458638,-4.4586387,-4.583621,-4.3950744,-4.318091,-4.544423,-3.6571481,-2.9779186,-3.7349958,-3.7349958,-3.5926926,-3.9624486,-3.50023,-3.6717331,-4.8991094,-3.8000722,-3.4576259,-3.4576194,-3.5338862,-2.4862204,-3.5397544,-3.9559908,-5.0897446,-5.1318355,-5.241527,-5.241526,-5.3290734,-5.363148,-5.171848,-5.1750374
Cn2c(=O)n(C)c1ncn(CC(O)CO)c1c2=O,-0.17,-1.6452128,-3.691887,-3.3766093,-3.3766093,-3.3766284,-3.6467304,-3.4000537,-3.4954093,-0.19684656,-1.7344499,-1.5924275,-1.5924274,-1.55425,-1.5211694,-1.5863028,-1.819151,-0.23747212,-3.3486905,-2.6900759,-2.6900756,-2.70548,-3.0401635,-1.0840982,-0.65571463,-0.1990085,-1.1491442,-1.4899142,-1.4899185,-1.3371325,-1.8473281,-1.2782315,-1.2233177,-0.3423436,-3.101177,-2.8488936,-2.8488936,-2.8580477,-2.995557,-2.8173318,-2.4636602,-2.808833,-3.4501808,-3.8235407,-3.8235404,-3.7769256,-3.7929866,-3.665901,-4.506227,-1.4365977,-2.5000687,-2.2967505,-2.2967505,-2.8389082,-2.429877,-2.7962782,-2.380893,-0.37114277,-1.5246955,-1.4508803,-1.4508737,-1.3254619,-0.66907203,-1.322539,-2.209933,-0.1648927,-1.2481874,-1.9669144,-1.9669143,-2.1378665,-1.9235097,-2.3743608,-1.7600622
CN2C(=C(O)c1ccccc1S2(=O)=O)C(=O)Nc3ccccn3 ,-4.16,-4.6679997,-4.7324815,-4.5227237,-4.522723,-4.532168,-4.913112,-4.5849714,-4.8895955,-4.528045,-3.5839663,-3.2639124,-3.2639115,-3.2482083,-3.7234757,-3.1913078,-2.8706489,-4.166953,-5.1032667,-4.772024,-4.7720237,-4.7085357,-5.005834,-3.502155,-3.3990796,-4.100786,-4.1731796,-4.413607,-4.413614,-4.460615,-5.1246834,-4.146736,-3.8101854,-4.3267884,-4.178955,-4.1406937,-4.1406937,-4.16469,-4.2788754,-4.242742,-3.9172165,-4.4001,-5.141799,-4.5764427,-4.5764422,-4.7817864,-4.3625073,-4.9372716,-4.5940228,-3.2266715,-3.3919878,-4.2763257,-4.2763257,-3.9950576,-4.3167825,-3.9609313,-4.1853995,-4.0894194,-3.7424407,-3.7212312,-3.7212245,-3.7596898,-2.5758927,-3.930851,-4.2003384,-4.0487266,-4.192921,-4.179365,-4.1793647,-4.264982,-4.3439703,-4.244677,-4.316333
Cc1cccc(C)c1NC(=O)c2cc(c(Cl)cc2O)S(N)(=O)=O,-3.79,-4.3897038,-5.294831,-4.818661,-4.818662,-4.824732,-5.1502075,-4.842447,-4.4211617,-3.9325383,-3.7157884,-3.7375371,-3.7375364,-3.7229187,-4.2798085,-3.6424096,-3.6062999,-3.917537,-5.0279,-4.6492405,-4.64924,-4.583311,-4.878608,-3.9857895,-3.8741088,-3.814503,-4.418145,-4.3870444,-4.3870516,-4.506274,-5.0006857,-3.9952934,-3.9290442,-3.8485053,-5.007672,-4.865617,-4.8656163,-4.887106,-4.9287996,-5.0153246,-4.101153,-4.3656907,-4.2371807,-4.1478357,-4.1478357,-4.1193523,-4.10893,-4.1704173,-4.119267,-3.959469,-3.1536112,-4.2390313,-4.2390313,-3.859088,-4.335954,-3.9395535,-4.2325315,-3.7067678,-3.8966944,-3.765486,-3.7654798,-3.829484,-2.5715327,-3.8994002,-3.896913,-3.7457824,-3.8381302,-3.8552456,-3.855245,-3.9111345,-3.887246,-4.099547,-3.8366637
N(Nc1ccccc1)c2ccccc2 ,-2.92,-2.8941808,-3.2941034,-3.2624402,-3.2624402,-3.2689815,-3.723494,-3.2242792,-3.3326194,-3.322215,-3.7632098,-3.2681553,-3.2681553,-3.2258093,-3.87424,-3.264692,-3.3758457,-3.1805673,-3.2467952,-3.3024778,-3.3024776,-3.305084,-3.1973877,-3.602497,-3.3770313,-2.6223147,-3.1876297,-3.7482193,-3.7482266,-3.4296217,-4.044824,-3.4349349,-3.420849,-3.2799256,-5.1651607,-4.313074,-4.3130736,-4.6618423,-4.2746854,-4.753348,-3.4276295,-3.3090892,-4.11805,-4.373686,-4.3736854,-4.4763117,-4.30278,-4.224283,-4.7593412,-3.2206109,-3.031129,-3.3033357,-3.303336,-3.3538656,-3.6194634,-3.3736594,-3.3937783,-3.076103,-4.0767865,-3.8845074,-3.8845038,-3.9835758,-2.8915195,-4.032788,-3.797363,-2.9141693,-3.0374093,-2.9802296,-2.9802296,-2.9516912,-2.9739835,-2.9955988,-2.9179485
CCCCC(C)(O)CC,-1.6,-2.044366,-2.5172966,-2.1359096,-2.1359096,-2.1391778,-2.4131877,-2.1202886,-2.2491088,-1.8863441,-1.6563245,-2.5959022,-2.5959022,-2.5812643,-2.4775255,-2.5701816,-2.3117108,-1.6140262,-2.4905446,-2.488741,-2.4887404,-2.5051937,-2.4514048,-2.587963,-2.6587842,-1.6549942,-2.364741,-2.776334,-2.7763407,-1.8535248,-2.9774709,-2.191504,-2.4285703,-1.2287472,-2.392594,-2.3133807,-2.3133807,-2.3386877,-2.4016604,-2.2888453,-2.0838044,-2.3818069,-2.8018486,-2.825668,-2.8256679,-2.397903,-2.8341157,-2.6382384,-2.9741557,-1.9318951,-2.2690706,-1.4991977,-1.4991976,-2.4417157,-1.9163657,-2.4018922,-1.8778503,-1.888522,-2.8465447,-2.7673647,-2.7673593,-2.7217631,-1.8243645,-2.903848,-3.1824994,-1.6905028,-1.5386577,-1.6070979,-1.6070977,-1.5939355,-1.5747766,-1.7122343,-1.4514058
CSc1nc(NC(C)C)nc(NC(C)C)n1,-4.1,-3.7426593,-4.2431426,-3.810254,-3.8102539,-3.8000038,-4.065278,-3.759029,-3.3457773,-3.465827,-2.6578445,-3.0554821,-3.0554836,-3.0113802,-3.495736,-3.050432,-3.2889948,-3.9647498,-4.394482,-4.168925,-4.1689243,-4.1853647,-4.300121,-4.055508,-4.0414166,-3.5161636,-2.605011,-3.0576334,-3.0576391,-2.9956102,-3.2117808,-2.9753342,-2.6428664,-3.953353,-4.189377,-3.9695203,-3.9695203,-3.9223657,-4.044435,-4.174594,-2.7657044,-3.252454,-3.6218023,-3.9523005,-3.9523005,-3.8958561,-3.9877236,-3.8665059,-4.1912904,-3.874843,-3.0029187,-3.7508216,-3.7508216,-3.3393438,-3.9817147,-3.3297813,-3.81672,-3.5978975,-3.6098194,-3.3314836,-3.3314798,-3.4050293,-2.4195135,-3.28457,-3.4293115,-3.9986053,-4.1709046,-4.25715,-4.2571497,-4.131357,-4.0736346,-4.1569753,-4.30899
CC(O)c1ccccc1,-0.92,-0.86732197,-2.1906445,-1.8031962,-1.8031961,-1.8080326,-1.9892787,-1.8201896,-1.9062886,-0.59904855,-1.9073061,-1.7015979,-1.7015977,-1.6884868,-1.7526797,-1.6980215,-2.1622477,-0.8396366,-1.768833,-1.8273762,-1.8273766,-1.8332798,-1.727588,-1.2337271,-1.3702269,-0.8774546,-1.6432695,-1.7166128,-1.7166176,-1.3726816,-2.0638306,-1.4301826,-1.4534545,-0.46322027,-1.950425,-1.6156068,-1.6156067,-1.6470811,-1.6594962,-1.6245121,-1.2227278,-1.8457539,-2.168646,-2.132772,-2.1327717,-2.141332,-2.1492703,-2.098128,-1.8284477,-1.2248043,-1.4818755,-0.91544735,-0.91544694,-1.7454969,-1.2566171,-1.6762336,-1.3011414,-0.83276373,-0.50076,-0.5536237,-0.5536193,-0.6011613,0.09009651,-0.6224797,-0.9104592,-0.9537467,-0.64812136,-0.640014,-0.64001405,-0.65806025,-0.69365,-0.5974859,-0.93924475
CN(C)c2c(C)n(C)n(c1ccccc1)c2=O ,-0.364,-1.0856768,-3.5254526,-3.1588292,-3.1588292,-3.1613533,-3.4193912,-3.1932533,-3.0791757,-0.44273913,-3.067679,-2.502823,-2.502824,-2.4657362,-2.842587,-2.4950523,-2.7894912,-0.7749383,-3.7146711,-3.4234636,-3.423464,-3.421845,-3.621571,-2.6595953,-2.5257201,-0.48838323,-3.2775476,-3.3032675,-3.3032737,-3.030837,-3.7166858,-2.8437352,-2.7513447,-0.40875986,-3.2871242,-3.1884997,-3.1884997,-3.2045028,-3.2702315,-3.2073836,-2.803155,-2.0349917,-3.3101692,-3.1040347,-3.1040344,-3.0687633,-3.1849325,-3.269603,-3.099172,-2.3626654,-3.5801387,-3.0685403,-3.0685396,-3.8219461,-3.3666859,-3.750321,-3.1294158,-0.8329383,-3.269126,-3.1962109,-3.1962051,-3.2265708,-2.1437137,-3.343657,-3.817815,-0.27091357,0.22543718,-0.18498315,-0.18498325,-0.3083039,-0.34845814,-0.25648135,0.14917415
CCCCCl,-2.03,-1.5486394,-1.6018391,-1.181042,-1.181042,-1.1746365,-1.4394621,-1.139057,-1.868567,-1.6024503,-1.3203406,-1.2723016,-1.2723018,-1.2690622,-1.3153207,-1.2657146,-1.45113,-2.1256993,-1.242197,-1.3171078,-1.3171079,-1.3190639,-1.2844012,-1.8356613,-1.5505306,-2.1437566,-1.6228098,-1.9050925,-1.9051,-1.6115719,-2.0619965,-1.7801484,-1.5486232,-1.9207733,-1.8214891,-1.662425,-1.6624247,-1.6129525,-1.5659612,-1.5194887,-1.8246235,-1.4476401,-1.8581179,-1.6093799,-1.6093799,-1.5567048,-1.6171691,-1.5395814,-1.2034738,-1.9644312,-2.1468482,-1.8780553,-1.8780553,-1.9897935,-2.4920123,-1.9346627,-2.0618227,-1.9617306,-2.4237003,-2.1766686,-2.176667,-2.1979384,-1.6731929,-2.3142867,-2.1706371,-2.3774514,-2.3649383,-2.4459312,-2.4459307,-2.3467407,-2.3243449,-2.1906693,-2.3022137
CC1(C)C(C=C(Cl)C(F)(F)F)C1C(=O)OC(C#N)c2cccc(Oc3ccccc3)c2,-8.176,-5.787105,-7.6380377,-6.79379,-6.79379,-6.7907615,-7.0909076,-6.7767377,-6.0040607,-8.034226,-4.863621,-4.5123544,-4.5123534,-4.4930124,-4.9415107,-4.5476503,-5.14021,-7.829056,-6.4066334,-6.204324,-6.2043233,-6.3292665,-6.621186,-8.520862,-7.542673,-7.7205033,-6.9979258,-7.04388,-7.0438895,-8.080057,-7.503705,-7.888993,-7.5402503,-7.264922,-7.0759387,-6.7155867,-6.715586,-6.7213926,-6.786907,-6.91125,-5.9621563,-6.1461926,-5.89565,-5.3569393,-5.356939,-5.3922496,-5.2769923,-5.259296,-5.24961,-5.88825,-5.6894507,-4.9587774,-4.958778,-5.8452077,-6.0992336,-6.0421085,-6.543369,-8.068026,-6.3025947,-6.0030966,-6.003091,-6.018869,-4.6507215,-6.4218097,-6.4613075,-8.030203,-8.114434,-8.328677,-8.328676,-8.239834,-8.284812,-8.337707,-8.15201
COc1ccc(Cl)cc1,-2.78,-2.0636108,-2.3191955,-2.2716355,-2.271636,-2.2892542,-2.6226573,-2.3224869,-2.5496886,-2.383367,-2.2760692,-1.5483813,-1.5483817,-1.5344646,-1.6152331,-1.5461104,-2.0395937,-2.5647721,-1.9055688,-1.9372748,-1.9372748,-1.94813,-1.859635,-2.1761315,-2.0502996,-2.4034286,-1.7112354,-2.2084384,-2.208446,-1.8641044,-2.2554064,-1.8464619,-1.7433487,-2.6698198,-1.9190975,-1.8804948,-1.8804947,-1.9110875,-1.913081,-1.9346122,-2.235101,-3.1791067,-2.6270857,-2.8121116,-2.8121114,-2.8640008,-2.787279,-2.7234995,-2.6434636,-2.3138824,-0.3232106,-1.4512516,-1.4512506,-0.8527307,-1.6918023,-0.79866034,-1.2085942,-2.7047544,-2.6715202,-2.4580271,-2.4580247,-2.496419,-1.7103114,-2.6491263,-2.5159616,-2.7749476,-2.9251213,-2.9142535,-2.9142535,-2.799869,-2.7655065,-2.8923867,-2.6242244
ClC=C(Cl)Cl,-1.96,-1.3750407,-2.0884619,-1.8473084,-1.8473086,-1.8510365,-2.0115237,-1.8620439,-1.569838,-1.756639,-1.512324,-1.8500988,-1.8500994,-1.8488448,-1.8512292,-1.8378981,-1.7135215,-1.7401787,-0.98248464,-0.9134759,-0.9134759,-0.91407835,-1.0086346,-1.2738326,-1.4787176,-1.9332083,-1.4051172,-2.2033966,-2.2034047,-1.5648438,-2.0086303,-1.8106514,-1.567453,-2.2533479,-1.6055828,-1.3712986,-1.3712986,-1.3196893,-1.4611491,-1.329998,-0.7820272,-2.0391302,-1.4923023,-1.2538127,-1.2538127,-1.2574241,-1.2565991,-1.2465688,-0.9340292,-1.8572026,-3.3623161,-1.6497405,-1.6497413,-3.6980596,-2.098388,-3.6995096,-2.0816972,-1.9332502,-1.8770922,-1.6519789,-1.6519793,-1.6527399,-1.4693711,-1.7611662,-1.9969268,-2.0088148,-2.2411184,-2.2954776,-2.2954776,-2.1809845,-2.1604772,-2.2282772,-1.9892508
Oc1cccc(Cl)c1,-0.7,-1.6383519,-2.2142882,-2.0415716,-2.0415716,-2.048188,-2.2636285,-2.0635126,-2.0454063,-0.86819416,-1.4819634,-1.2014962,-1.2014966,-1.2132077,-1.2481635,-1.1884712,-1.4928094,-0.5184765,-1.5437462,-1.6174523,-1.6174521,-1.6220626,-1.5695945,-1.4146911,-1.1694217,-0.88099045,-1.6646913,-2.0506206,-2.0506268,-1.6276411,-2.2060137,-1.6072487,-1.5512102,-0.9388157,-1.669923,-1.6464407,-1.6464406,-1.5884845,-1.7371285,-1.5660847,-1.5137548,-0.8288416,-2.443931,-2.694119,-2.6941185,-2.7614625,-2.6895146,-2.7161791,-2.73425,-1.5918705,-0.23442179,-0.69236755,-0.692368,-0.96348727,-0.9913278,-0.88686895,-0.8509563,-0.7061241,-1.1911883,-1.2772754,-1.277274,-1.2996958,-0.97788066,-1.3135412,-1.0409762,-0.74489754,-0.8658818,-0.94036484,-0.94036484,-0.9179548,-0.9709401,-0.89691573,-0.91487813
CCCCCCC(=O)OCC,-2.74,-2.9534812,-3.1995542,-2.9635665,-2.9635663,-2.9493628,-3.3176703,-2.912916,-2.9481833,-2.3902395,-3.2109697,-3.0316627,-3.0316627,-2.9296796,-3.2923925,-3.0048678,-2.8447409,-2.454357,-3.0396805,-2.9550068,-2.9550068,-2.9825234,-2.9021058,-3.5802863,-3.3656402,-2.8664575,-2.3449798,-3.057233,-3.0572393,-2.391552,-3.2314565,-3.019505,-2.5094042,-2.38404,-3.0544722,-2.9768958,-2.9768956,-2.950899,-3.180864,-2.6645532,-2.9190962,-2.8238244,-3.589383,-3.3751552,-3.3751554,-3.2465405,-3.4325833,-2.928537,-3.7212262,-2.627649,-3.2184873,-2.80164,-2.8016398,-3.7593024,-2.92073,-3.738112,-2.8473923,-2.9808834,-3.443082,-3.084077,-3.0840719,-3.1335926,-2.2348733,-3.1386638,-3.6559422,-2.7647629,-2.8121383,-2.9159682,-2.9159687,-2.790763,-2.8438947,-2.7994843,-2.8032563
CCCC(C)C1(CC=C)C(=O)NC(=S)NC1=O ,-3.46,-2.966625,-3.8372242,-3.6015255,-3.6015258,-3.596896,-3.8779287,-3.5651634,-3.9802184,-3.4347498,-3.0065951,-2.6692529,-2.6692536,-2.6299493,-2.8151271,-2.667208,-2.9779658,-3.461072,-4.3851027,-4.016475,-4.016476,-4.0365524,-4.291863,-3.5367534,-3.593094,-3.2025619,-2.3290048,-3.1434515,-3.1434586,-2.7420406,-2.985025,-3.052597,-2.8156073,-3.3568861,-3.430582,-3.4531493,-3.4531496,-3.4206917,-3.539103,-3.3757744,-2.92733,-3.3657677,-3.6061943,-4.177514,-4.177514,-4.2323437,-4.069755,-3.8074992,-4.9386873,-3.5658023,-2.5801315,-3.2425528,-3.2425528,-3.1590767,-3.4334636,-3.1255908,-3.6112885,-3.4565694,-3.6415324,-3.4205463,-3.42054,-3.4658346,-2.1420841,-3.781559,-4.2611375,-3.402802,-3.422406,-3.315416,-3.3154156,-3.265165,-3.6261952,-3.5504484,-3.5069928
Cc1cc(no1)C(=O)NNCc2ccccc2,-2.461,-2.8738105,-3.9675417,-3.8245943,-3.824594,-3.7978292,-4.3009577,-3.754104,-3.9724166,-2.9301717,-4.145593,-2.7844923,-2.784492,-2.6716402,-3.4503238,-2.8220127,-3.2463686,-2.5749886,-3.718056,-3.4127584,-3.4127584,-3.3992758,-3.5111597,-2.7021024,-2.8862264,-2.2683914,-2.0950227,-2.6156492,-2.6156557,-1.9242821,-2.8169692,-2.204657,-2.212732,-2.697654,-3.6233506,-3.6138136,-3.613814,-3.630302,-3.855986,-3.5763855,-3.9865425,-2.8708596,-4.5353003,-4.456027,-4.4560275,-4.5618944,-4.453077,-4.7045746,-4.603321,-3.0773673,-3.6549945,-3.5178888,-3.5178883,-3.775273,-3.7579455,-3.6474888,-3.724275,-2.6263595,-3.6703877,-3.2667122,-3.2667084,-3.2702966,-2.406982,-3.3254375,-3.637864,-2.4505093,-2.515236,-2.4952018,-2.4952016,-2.4764273,-2.5271177,-2.4819295,-2.5378842
O2c1ccc(N)cc1N(C)C(=O)c3cc(C)ccc23 ,-3.928,-3.1391733,-3.9524674,-3.582961,-3.582961,-3.58534,-3.8456109,-3.616113,-3.249035,-3.282329,-3.9168534,-3.446852,-3.4468513,-3.39233,-3.6932988,-3.476752,-3.7660496,-3.7226548,-4.1464095,-4.028699,-4.028699,-4.0254445,-4.1312013,-3.6962047,-3.5556483,-3.9836664,-3.1243355,-3.5733771,-3.5733838,-3.6011462,-3.9054186,-3.2765102,-3.1991327,-4.3840466,-3.5802724,-3.4476752,-3.4476755,-3.466233,-3.5666025,-3.4980812,-2.9441674,-4.1165466,-4.956044,-5.3527155,-5.352715,-5.615002,-5.0565386,-5.414471,-4.7794266,-2.9650502,-1.8207482,-2.9629257,-2.9629254,-2.4748316,-2.95398,-2.4725847,-2.9130023,-4.2443647,-3.828656,-3.4734962,-3.473491,-3.5212698,-2.5501323,-3.5423927,-3.8566492,-3.8575475,-3.84413,-4.013464,-4.013465,-3.9002054,-3.923723,-3.9836166,-3.9794886
CC(=O)Nc1nnc(s1)S(N)(=O)=O ,-2.36,-2.1072907,-3.1126895,-2.9945276,-2.9945276,-3.009123,-3.3659198,-3.0536995,-3.1605108,-2.3484762,-1.5419587,-2.1430247,-2.143025,-2.101896,-2.2101915,-2.0676072,-1.3553227,-2.4213912,-2.6476274,-2.563667,-2.563667,-2.5902677,-2.563592,-1.5747336,-1.656575,-2.357925,-1.0106117,-1.6112604,-1.611266,-0.89954084,-1.6762701,-1.187319,-1.2815936,-2.4171455,-2.922995,-2.8115299,-2.81153,-2.9062355,-3.0784533,-2.9641957,-2.6986332,-2.424105,-3.3837595,-3.1086752,-3.1086757,-3.0845776,-3.206372,-3.1430526,-3.0756257,-2.902948,-4.8156195,-3.05724,-3.0572402,-5.043259,-3.509828,-4.9430523,-4.3632374,-2.3134418,-1.8357857,-2.253619,-2.2536132,-2.0698855,-0.9926716,-2.60611,-1.7417768,-2.3246586,-1.0799704,-1.481746,-1.4817461,-1.5617759,-1.9231572,-1.7590374,-1.1391395
Cc1ccccc1Br,-2.23,-1.7338065,-2.19706,-1.9058443,-1.9058439,-1.9087615,-2.0784771,-1.9266388,-1.9576889,-2.3442504,-2.5488112,-2.2347295,-2.2347298,-2.238138,-2.25248,-2.2201288,-2.4575782,-2.0714796,-1.7360219,-1.8160244,-1.8160248,-1.8225682,-1.7198611,-2.6117275,-2.464511,-2.497509,-2.1822329,-2.6448536,-2.6448607,-2.1356492,-2.665069,-2.328086,-2.2791953,-2.3046784,-1.7765058,-1.7578872,-1.757887,-1.7131257,-1.7580308,-1.6853958,-1.6379957,-1.9031113,-2.0534475,-2.0123963,-2.012396,-2.0296648,-2.0119708,-1.9605985,-1.419001,-3.0947466,-4.320013,-2.3553367,-2.3553364,-4.1305013,-2.8885899,-4.1304126,-2.4461606,-2.2325861,-2.667254,-2.453376,-2.4533763,-2.4495902,-1.9210651,-2.5813525,-2.0813658,-2.4422834,-3.0863435,-3.034079,-3.0340793,-2.7761142,-2.683338,-2.8966775,-2.8149042
Nc1cccc(c1)N(=O)=O,-2.19,-2.023501,-2.3487515,-2.232894,-2.2328944,-2.2392821,-2.4870946,-2.2553875,-2.4906814,-1.9462539,-1.1203666,-1.1885023,-1.1885022,-1.195436,-1.1599247,-1.1851689,-1.1589497,-2.285057,-1.7438923,-1.8849757,-1.8849754,-1.8932176,-1.7626504,-1.3662472,-1.4055297,-2.0478446,-1.7571117,-2.3229666,-2.322974,-1.7794164,-2.4511826,-1.9322914,-1.7256895,-2.3190153,-1.8064042,-1.7009952,-1.7009952,-1.6639267,-1.8822271,-1.6480786,-1.5758532,-2.0363014,-2.3442173,-2.4900253,-2.4900248,-2.5232036,-2.464948,-2.4187036,-2.2744596,-1.7497107,-1.1253659,-0.9006475,-0.9006466,-1.4332783,-1.2904673,-1.3460308,-1.065932,-2.2176805,-1.9067293,-1.5430527,-1.5430512,-1.574455,-1.205327,-1.6424835,-1.86624,-2.1592195,-2.0387738,-2.4533365,-2.4533362,-2.4687583,-2.4106896,-2.370274,-2.49239
Oc1cc(Cl)ccc1Oc2ccc(Cl)cc2Cl,-4.46,-4.9109354,-4.185715,-4.0317483,-4.031749,-4.0499053,-4.4061155,-4.1068296,-4.779354,-4.535953,-5.213912,-4.838529,-4.8385286,-4.832126,-5.1329365,-4.8123665,-4.5392885,-4.5573483,-4.758073,-4.621007,-4.6210074,-4.670349,-4.5970707,-5.242332,-5.214615,-4.413481,-4.708738,-5.076315,-5.076322,-5.0946746,-5.391182,-4.663853,-4.78494,-4.624349,-3.4618478,-3.4858823,-3.4858818,-3.5401824,-3.5931017,-3.6086357,-4.2549906,-3.9040055,-4.060214,-4.676857,-4.6768575,-4.8500614,-4.5379195,-4.6460514,-5.516607,-2.595582,-1.2553504,-2.226456,-2.2264562,-2.1232042,-2.383483,-2.233179,-2.0770907,-4.414893,-4.876654,-4.9568796,-4.9568763,-4.9899445,-3.4383698,-4.9427023,-5.3521986,-4.418593,-4.4682436,-4.5352235,-4.5352235,-4.4376826,-4.463809,-4.553159,-4.5097423
CC34CCC1C(CCC2=CC(=O)CCC12C)C3CCC4=O,-3.69,-4.2686987,-3.9359045,-3.5674162,-3.567416,-3.5765076,-3.9249225,-3.5770178,-3.9176102,-4.016802,-3.8763247,-4.243195,-4.243196,-4.1836715,-4.5548277,-4.293581,-4.415442,-3.7429383,-4.014073,-4.139425,-4.139425,-4.1560526,-4.214336,-4.790093,-4.5021467,-4.033734,-4.292651,-4.385435,-4.3854394,-3.8748882,-4.840462,-4.083979,-3.9355028,-3.9153693,-3.7327244,-3.618924,-3.6189237,-3.6352954,-3.7628376,-3.6528983,-3.0605109,-3.7751412,-3.371634,-3.4221337,-3.4221334,-3.36272,-3.4102356,-3.407139,-4.0755157,-3.554693,-3.6155448,-3.9664633,-3.9664638,-3.9550347,-4.5228553,-3.8314946,-4.1279335,-4.1579947,-5.291367,-5.191894,-5.191888,-5.223628,-3.7517068,-5.288896,-5.236603,-3.7381277,-4.058032,-4.1597695,-4.1597686,-4.1810546,-4.2932386,-4.6929336,-4.669403
CN(C)C(=O)Oc1cc(C)nn1c2ccccc2,-2.09,-2.3612626,-4.0162315,-3.7165594,-3.7165596,-3.696508,-3.9960647,-3.6271498,-3.8615434,-1.9661263,-2.8463461,-2.8309913,-2.8309913,-2.7491467,-3.1136677,-2.8477497,-2.953747,-2.0601885,-3.9800687,-3.6493652,-3.6493654,-3.6427226,-3.7841,-2.7910776,-2.321698,-1.7780111,-3.4130595,-3.3638048,-3.3638122,-2.9694605,-3.8335721,-2.7819297,-2.9913445,-2.0018942,-3.616651,-3.5412424,-3.5412421,-3.491533,-3.656285,-3.4341764,-2.8138163,-2.2943842,-3.8355672,-4.3235693,-4.32357,-4.4329224,-4.2738223,-4.2472024,-4.583683,-3.2808332,-3.1439261,-3.1633859,-3.163386,-3.3949733,-3.224791,-3.3717384,-3.4570293,-2.3213058,-3.3064666,-3.0486076,-3.0486035,-3.1065183,-2.1871479,-3.0742292,-3.308773,-2.1749651,-2.071956,-2.162019,-2.1620188,-2.1783185,-2.0973868,-2.2057233,-2.158333
CC(=O)N(S(=O)c1ccc(N)cc1)c2onc(C)c2C ,-3.59,-3.8114464,-4.488634,-4.2518954,-4.2518954,-4.245203,-4.50089,-4.211865,-4.3094225,-3.3757772,-3.3542109,-2.6811435,-2.6811435,-2.605376,-2.9092286,-2.7070773,-3.1531994,-3.3150496,-4.6775675,-4.185194,-4.185194,-4.183378,-4.4620156,-3.2523425,-3.0202959,-3.409165,-3.5971808,-3.623725,-3.623732,-3.1637704,-4.0183077,-2.8404937,-3.5160043,-3.9781544,-4.1337457,-4.063218,-4.063218,-4.00313,-4.159918,-3.9577322,-3.5255704,-3.6190507,-4.590827,-4.8824944,-4.882494,-4.6478224,-4.6960106,-4.777173,-4.3258767,-3.6031487,-3.08576,-3.621355,-3.6213548,-3.6084175,-3.8731034,-3.6935074,-3.8147771,-3.4618747,-2.791223,-2.824525,-2.824518,-2.8562498,-1.6703773,-3.0320868,-3.3889165,-3.6535187,-3.542693,-3.6634393,-3.6634386,-3.656199,-3.561951,-3.7462103,-3.6255603
CCC(C)CCO,-0.71,-2.0436697,-2.070804,-1.5276058,-1.5276058,-1.5105982,-1.7194107,-1.4586359,-1.7969031,-0.18065469,-1.4401803,-1.6870266,-1.6870267,-1.6809764,-1.680774,-1.6808759,-1.9270918,-0.69903755,-1.5650778,-1.5853711,-1.5853711,-1.5919144,-1.502379,-0.98130506,-1.0825622,-0.92181104,-1.3375609,-1.639771,-1.6397771,-1.1880251,-1.7590593,-1.3871393,-1.4338604,-0.5997127,-1.855307,-1.5927252,-1.5927252,-1.6018279,-1.679899,-1.519379,-1.3687876,-1.2461957,-2.1922243,-2.2899482,-2.2899485,-2.234058,-2.2789662,-2.0912058,-1.9681498,-0.77157414,-1.5375398,-0.46474862,-0.46474832,-1.7621186,-0.9027356,-1.7008001,-1.1132622,-0.89957994,-1.4800694,-1.3449355,-1.344932,-1.1728761,-0.63231784,-1.2057085,-1.7023827,-0.7331781,-1.0659944,-0.9660807,-0.9660807,-0.783217,-0.5748524,-0.7599145,-0.91441935
CC(C)N(C(C)C)C(=O)SCC(Cl)=C(Cl)Cl,-4.88,-4.743028,-4.0017776,-3.700993,-3.700993,-3.6923037,-4.042664,-3.670808,-4.1711683,-5.2986174,-3.402845,-3.0276358,-3.0276358,-2.9804702,-3.2751508,-2.9985383,-3.5206213,-4.9304338,-4.859988,-4.527384,-4.527384,-4.6703506,-4.863035,-4.4361615,-4.3453627,-4.5294127,-4.1364174,-4.467856,-4.467865,-4.29837,-4.607815,-3.8652537,-4.1345773,-5.130669,-3.7403781,-3.9353995,-3.9353993,-3.906554,-3.9932663,-3.8820844,-4.349578,-3.8190408,-3.584966,-3.4056973,-3.405697,-3.4051604,-3.2842276,-3.1640403,-3.056018,-3.0522628,-3.2248282,-2.5388832,-2.5388837,-3.4688807,-2.919611,-3.4483974,-2.8070602,-4.853413,-4.130098,-4.375235,-4.3752275,-4.4194655,-2.9739695,-4.7116375,-4.8996797,-4.6410384,-4.3415728,-4.5799093,-4.5799093,-4.8612866,-4.850251,-4.949057,-4.9402947
OC(c1ccc(Cl)cc1)(c2cncnc2)c3ccccc3Cl,-4.38,-4.8192043,-5.0327477,-4.689548,-4.689548,-4.678078,-4.9872212,-4.6412997,-4.6547527,-4.435226,-5.0541596,-4.946894,-4.946894,-4.9017754,-5.1525536,-4.8793316,-4.836377,-4.579207,-5.3711743,-5.1503124,-5.1503124,-5.173479,-5.3903785,-5.6054506,-5.7897468,-4.366055,-3.9930763,-4.358273,-4.3582797,-4.4767275,-4.6572795,-4.146257,-4.571479,-4.3030906,-4.1272573,-4.1550837,-4.155084,-4.0868235,-4.292329,-4.064264,-3.2200718,-3.8440185,-3.9316535,-4.6710205,-4.671021,-4.8240356,-4.584551,-4.6692605,-4.9472466,-4.1350746,-2.7667131,-3.2697818,-3.269782,-3.107484,-3.586052,-3.070742,-3.4978673,-4.2475276,-5.533095,-5.3843727,-5.384366,-5.4156065,-3.902406,-5.6357255,-5.792889,-4.262891,-4.33673,-4.523695,-4.523694,-4.4371495,-4.4419165,-4.431384,-4.371118
C1CCC=CCC1,-3.18,-3.4001768,-1.808771,-1.2077305,-1.2077304,-1.1867058,-1.3695937,-1.14262,-1.6022702,-3.282759,-1.677455,-2.4416099,-2.4416099,-2.425984,-2.4370668,-2.447904,-1.981226,-3.157644,-1.6602383,-1.7785982,-1.7785984,-1.7846059,-1.6895413,-2.5022805,-2.4104428,-2.9154387,-1.7351274,-2.5503054,-2.5503125,-1.990017,-2.318588,-2.449703,-1.8187637,-3.066531,-2.3613067,-1.3014877,-1.3014876,-1.263413,-1.1361822,-1.539677,-2.086996,-2.6935759,-2.2313554,-2.4465435,-2.4465432,-2.5105705,-2.4160717,-2.4615607,-2.2524946,-3.0807683,-2.9320211,-2.4966865,-2.496686,-2.5809755,-3.0737078,-2.6009052,-2.617137,-3.135478,-3.8044837,-3.765259,-3.7652578,-3.7835093,-3.0541239,-3.7628064,-3.325939,-1.8847272,-1.4573543,-1.5351295,-1.5351294,-1.6698015,-1.7382395,-1.5811586,-2.446118
CCC#C,-1.24,-0.8236529,-1.2904333,-0.78963786,-0.78963786,-0.8006717,-0.9292545,-0.8277931,-0.80292857,-1.1518224,-0.57399017,0.07827321,0.07827349,0.073797084,-0.047627166,0.09049372,-0.71548694,-0.8619873,-1.0151249,-0.9884653,-0.9884653,-0.9885824,-0.944013,-0.66443986,-0.74695843,-0.78702873,-0.46517915,-0.56824166,-0.56824625,-0.11474296,-0.68189025,-0.19543552,-0.5255833,-1.0488565,-1.5601116,-1.5936031,-1.5936033,-1.6660705,-1.6147915,-1.7385905,-0.87403697,-1.2895608,-2.079801,-0.69557256,-0.6955726,-0.7234029,-0.82069325,-1.0590842,-0.38986027,-1.4058075,-1.6658581,-1.3162133,-1.3162137,-1.7845526,-1.6544918,-1.6869247,-1.5381418,-1.0686033,-0.005589251,-0.036938734,-0.036936395,-0.05337972,0.3163744,-0.0073589496,-0.04555928,-1.0630027,-1.903686,-1.782105,-1.7821046,-1.5578835,-1.6086447,-1.5942283,-1.8831584
N(c1ccccc1)c2ccccc2,-3.504,-3.5782704,-2.982914,-2.738923,-2.738923,-2.7530143,-3.047511,-2.797724,-2.6450315,-3.3381402,-3.746747,-3.68031,-3.6803122,-3.6426952,-3.8886402,-3.6868637,-3.5031946,-3.5346277,-2.9951046,-3.0982466,-3.0982463,-3.102584,-2.9887364,-3.7279494,-3.5615277,-3.4558516,-3.4874995,-3.8345995,-3.8346083,-3.63939,-4.2197976,-3.5057054,-3.6321774,-3.19806,-4.1084495,-3.8619142,-3.8619132,-4.047629,-3.9052281,-4.023121,-3.536216,-2.2728262,-3.476242,-3.8251584,-3.8251584,-3.914978,-3.772116,-3.7345352,-4.660791,-3.6029305,-1.9916203,-2.5764203,-2.5764196,-2.207706,-2.9095106,-2.165128,-2.6644654,-3.6119711,-4.2194824,-4.1431885,-4.1431837,-4.207054,-2.9497573,-4.2342324,-3.8877954,-3.4919438,-3.6447897,-3.606795,-3.6067953,-3.5693038,-3.579116,-3.5905442,-3.4828973
CCCCOc1ccc(C(=O)OCC)c(c1)N(CC)CC ,-3.84,-4.4302163,-5.169028,-4.719042,-4.719042,-4.721108,-4.999465,-4.7252393,-4.091471,-4.025298,-4.186074,-4.383954,-4.383955,-4.350239,-4.899348,-4.4560275,-4.459288,-4.059669,-4.051787,-4.120619,-4.12062,-4.0845366,-4.2157326,-4.0362635,-4.525979,-3.7158701,-4.2272377,-4.581227,-4.581232,-4.1364408,-4.7812676,-4.717178,-4.1721215,-4.045066,-5.4459395,-5.178732,-5.178732,-5.157075,-5.238988,-5.2161307,-3.8863924,-3.9880257,-5.265504,-5.22437,-5.224371,-4.9927087,-5.0502415,-4.961747,-4.7027884,-4.2839184,-4.6006193,-4.296314,-4.2963133,-5.022864,-4.6823964,-5.004627,-4.16136,-3.948236,-4.845754,-4.6300726,-4.63007,-4.6933746,-3.4482973,-4.397629,-5.077668,-3.7610106,-3.8779006,-4.0024204,-4.0024204,-3.8762972,-4.0012484,-4.0161557,-4.0050745
CCI,-1.6,-1.1108314,-0.83955574,-0.11265224,-0.11265232,-0.12505253,-0.28399837,-0.16892348,-0.75902355,-1.3767703,-1.187108,-1.5083975,-1.5083975,-1.5067296,-1.4505177,-1.4979333,-1.650302,-1.5643209,-1.221366,-1.2152342,-1.2152346,-1.2168207,-1.2287863,-1.9400208,-1.7299647,-1.5460621,-0.59258956,-0.80730927,-0.80731195,-0.3807379,-0.9366182,-0.4561507,-0.7140195,-1.5634692,-1.7301288,-1.8936329,-1.893633,-1.8880637,-1.6213996,-1.9330812,-1.5499556,-1.5018842,-1.277829,-0.51974744,-0.5197475,-0.51920944,-0.62510395,-0.6648532,-0.4973092,-1.7135274,-1.7356263,-1.599381,-1.5993812,-1.436768,-2.0869143,-1.3708864,-1.6246886,-1.5736482,-1.7533225,-1.7976246,-1.7976238,-1.8096497,-1.2912827,-1.8774709,-1.5269991,-1.8847272,-1.4573543,-1.5351295,-1.5351294,-1.6698015,-1.7382395,-1.5811586,-2.446118
CCOP(=S)(OCC)SC(CCl)N2C(=O)c1ccccc1C2=O,-6.34,-6.1453648,-5.5695086,-5.3551145,-5.3551135,-5.35498,-5.6669874,-5.3564625,-5.882071,-6.6064487,-4.669058,-5.0814824,-5.0814824,-4.95074,-5.4052854,-5.176359,-4.96892,-6.38015,-5.481026,-5.1321645,-5.132164,-5.090907,-5.547956,-5.413237,-5.3180337,-6.0897226,-4.276959,-4.7574553,-4.757463,-4.934636,-5.1040955,-4.577687,-4.433747,-6.4345865,-5.0262322,-4.7920856,-4.7920856,-4.7631035,-4.9587083,-4.7993665,-4.432088,-4.868339,-4.7934103,-4.6524925,-4.6524916,-4.635254,-4.5971365,-4.791886,-4.4572015,-5.1874804,-6.0656023,-5.5300193,-5.53002,-5.862019,-6.251253,-5.7123017,-6.0382447,-6.2856083,-5.484007,-5.494415,-5.4944077,-5.499821,-3.9639928,-5.948274,-5.932494,-6.1943464,-6.2983923,-6.5363836,-6.5363836,-6.3762116,-6.492008,-6.5219197,-6.3838663
OC(c1ccc(Cl)cc1)(c2ccc(Cl)cc2)C(Cl)(Cl)Cl,-5.666,-5.8848243,-5.4326205,-4.995971,-4.9959707,-4.9801717,-5.3258424,-4.9401946,-4.9120574,-5.6534266,-6.934927,-6.3600597,-6.3600597,-6.3002806,-6.517628,-6.3593616,-6.116168,-5.767235,-5.8591695,-5.8422413,-5.842241,-5.8914466,-6.1115317,-6.367814,-6.365744,-5.672194,-5.4003167,-5.593159,-5.5931673,-5.5498576,-5.6764393,-5.3198256,-6.246704,-6.132274,-4.284014,-4.770694,-4.7706943,-4.750044,-4.8336487,-4.8373313,-5.992222,-4.503568,-4.2979107,-4.8643475,-4.864348,-5.113369,-4.6475363,-4.982738,-4.2214775,-4.2896,-2.6037908,-3.4776568,-3.4776564,-3.0932584,-3.7160804,-3.0536559,-3.6828172,-5.5746408,-6.887332,-6.5620494,-6.5620484,-6.5947814,-5.13211,-6.613356,-7.1011963,-5.552335,-5.5904913,-5.744225,-5.744224,-5.652136,-5.710529,-5.7139316,-5.6487274
CCCOC(=O)C,-0.72,-1.7204295,-2.1302016,-1.7344683,-1.7344681,-1.7455341,-1.9538804,-1.7704171,-1.6975394,-0.45251778,-0.934941,-0.5846157,-0.5846156,-0.57178265,-0.6523307,-0.56982917,-1.1527208,-0.437853,-1.5133897,-1.5528799,-1.5528798,-1.5590093,-1.490981,-1.2455896,-1.2054605,-0.66406935,-0.62316084,-0.66398305,-0.66398793,-0.3775628,-0.9562181,-0.33285415,-0.7540712,-0.9190298,-2.087705,-1.9511701,-1.9511701,-2.0136368,-2.0632486,-1.9904549,-1.4287093,-1.0414813,-2.4819849,-2.1317878,-2.131788,-2.1249943,-2.1744087,-2.1662145,-2.2340412,-1.3659027,-1.0657655,-1.084929,-1.0849289,-1.6604607,-1.3306464,-1.6100597,-1.3117232,-0.5514237,-1.5456289,-1.258728,-1.2587237,-1.2633781,-0.745606,-1.2039361,-1.6596622,-0.828937,-0.5285435,-0.5760382,-0.5760381,-0.69442993,-0.6222481,-0.6263572,-0.59103316
c1ccccc1(OC(=O)NC),-1.803,-1.612476,-2.6571212,-2.549028,-2.549028,-2.566099,-2.9004922,-2.6078513,-2.557092,-1.9861966,-2.0142918,-1.0101646,-1.0101641,-0.9851724,-1.293084,-1.0143644,-1.5217278,-2.0675228,-2.010975,-2.075375,-2.0753753,-2.0871902,-1.9764329,-1.9329078,-1.9100273,-2.214398,-1.4761609,-2.068283,-2.06829,-1.6457196,-2.078704,-1.7719108,-1.5931495,-2.0246682,-2.2683692,-2.05585,-2.0558505,-2.1281383,-2.2016802,-2.1494105,-1.580962,-1.6676837,-3.4459362,-2.7654593,-2.7654598,-2.8492043,-2.7343695,-3.0519383,-2.5260432,-1.2017922,-2.230435,-1.6957841,-1.6957836,-2.5113456,-1.5828052,-2.4939868,-2.0300927,-1.6641424,-2.2964773,-1.974836,-1.9748302,-2.026156,-1.2569897,-1.9956685,-2.0479538,-1.8548675,-1.7266515,-1.719888,-1.7198882,-1.766604,-1.7777259,-1.7475476,-1.7427084
CS(=O)(=O)c1ccc(cc1)C(O)C(CO)NC(=O)C(Cl)Cl ,-2.154,-3.8317034,-5.3369174,-4.946809,-4.9468093,-4.923137,-5.323061,-4.8898277,-5.1662207,-2.539043,-3.9749293,-3.2903183,-3.2903183,-3.2037838,-3.7118642,-3.2341056,-3.319467,-2.1476219,-4.546196,-3.9461033,-3.9461033,-3.993669,-4.422563,-2.8895228,-2.6243541,-2.116906,-3.1802006,-3.2044163,-3.204422,-3.274059,-3.7264962,-2.8280375,-3.0512803,-2.9419148,-4.3964486,-4.433812,-4.4338126,-4.36749,-4.606916,-4.3587546,-4.779417,-3.551622,-4.5245733,-4.494842,-4.4948416,-3.977796,-4.583198,-4.025767,-4.6988683,-2.390163,-2.897694,-3.006266,-3.0062659,-3.3196359,-3.0912538,-3.2480567,-3.115883,-2.1915355,-3.9983106,-4.0121984,-4.012192,-4.054436,-2.6062508,-4.260267,-4.748038,-2.022339,-2.2798018,-2.185018,-2.1850178,-2.1916895,-2.2353487,-2.2461329,-2.232367
C1OC(O)C(O)C(O)C1O,0.39,-0.15348524,-2.1087546,-1.6461778,-1.6461779,-1.6210233,-1.9184787,-1.6057886,-2.1144564,0.39508277,-0.6877557,-0.08172169,-0.08172163,-0.09344869,-0.3702258,-0.07879453,-1.1149749,0.69995207,-1.0519474,-0.9909807,-0.99098045,-1.0020566,-0.7999908,0.78000206,0.78204876,0.6177204,-0.07358049,0.47173458,0.4717325,0.56614566,0.13957751,0.7543889,-0.20109338,0.24812375,-1.8082236,-1.6283469,-1.6283467,-1.6178982,-1.7743833,-1.5366715,-1.4050355,-0.46545818,-2.0491664,-2.1878262,-2.1878264,-2.1201239,-2.161483,-1.9338105,-1.8466876,0.2991165,-0.30345333,0.20950696,0.20950702,-0.286569,0.18734565,-0.23345333,0.0065826345,0.55111724,-0.43468174,-0.359277,-0.35927162,-0.39407352,0.40343204,-0.5607973,-0.79649144,0.40024886,0.3566631,0.3263019,0.3263019,0.25904906,0.33913633,0.32713938,0.4940879
CN(C)C(=O)Nc1ccc(Cl)cc1,-2.89,-3.2706656,-3.244172,-3.2120771,-3.2120771,-3.2305503,-3.6328974,-3.2853339,-3.4450254,-2.9033923,-2.591299,-2.0534027,-2.053404,-2.0329657,-2.3132524,-2.077413,-2.2633963,-2.7244465,-3.2935002,-3.2512143,-3.2512145,-3.2678819,-3.1694565,-3.3254132,-3.1036005,-3.06033,-2.2573612,-2.7580776,-2.7580838,-2.591878,-2.9261692,-2.51483,-2.4486005,-2.7679772,-2.873566,-2.8310928,-2.831093,-2.9031157,-2.9496057,-2.9374952,-3.4959018,-3.2626765,-3.2322106,-2.8895943,-2.8895946,-2.9304986,-2.9716785,-3.062563,-2.9351,-2.751836,-2.9224052,-2.412735,-2.4127355,-3.2098217,-2.8259163,-3.1507642,-2.6861808,-2.9547822,-2.7674947,-2.5872009,-2.587196,-2.6280112,-1.7287524,-2.7350235,-3.0893686,-3.05545,-2.9461098,-3.1169496,-3.1169496,-3.105894,-3.141125,-3.056239,-3.104829
Cc2cccc3sc1nncn1c23 ,-2.07,-2.0849702,-2.6255636,-2.5434318,-2.5434315,-2.5420055,-2.7970612,-2.5490272,-3.2386746,-1.8161765,-3.8067913,-3.5102499,-3.5102503,-3.507584,-3.6108792,-3.4937174,-3.4888992,-1.9610794,-2.4573016,-2.551839,-2.551839,-2.5660682,-2.5139256,-3.8013058,-3.9602299,-1.7247097,-2.9259264,-3.4561434,-3.456153,-2.9292436,-3.5992553,-3.1431525,-2.7747748,-2.1970832,-2.0934966,-2.5315638,-2.5315633,-2.4705145,-2.617268,-2.4256306,-3.0471637,-2.545017,-2.3639152,-2.522868,-2.522868,-2.5488718,-2.5083716,-2.4024096,-2.427798,-2.7068748,-2.3294225,-2.0920594,-2.0920594,-2.823722,-2.4021602,-2.7612894,-2.389617,-1.966951,-3.710952,-3.3638105,-3.3638074,-3.3709834,-2.6122632,-3.4778554,-3.2469437,-2.044805,-2.0869164,-2.123177,-2.123177,-2.1362693,-2.094076,-2.119062,-2.0845222
CC2=CC(=O)c1ccccc1C2=O ,-3.03,-3.1018386,-2.684143,-2.6201646,-2.6201653,-2.6183114,-2.8781607,-2.6235664,-3.3583624,-3.2973764,-2.5897598,-2.4002032,-2.4002032,-2.379122,-2.4051373,-2.4095824,-3.0126638,-3.234553,-2.720778,-2.900597,-2.900597,-2.9197907,-2.8354182,-4.2447963,-4.2298055,-3.0484514,-2.1410935,-2.7896047,-2.7896116,-2.3816805,-2.8054578,-2.5190609,-2.3350105,-3.1005442,-2.2331147,-2.2481318,-2.2481313,-2.2759156,-2.3834088,-2.2674541,-1.6987092,-2.8628983,-2.9085186,-3.1340833,-3.1340828,-3.1836433,-3.1035247,-3.007579,-3.2512636,-3.2394073,-2.565384,-2.2513332,-2.2513325,-2.7986758,-2.708296,-2.7091472,-2.313124,-2.902768,-3.283309,-2.9272711,-2.9272666,-2.9565094,-2.1168141,-3.2261057,-3.2243242,-3.0208316,-3.1381378,-3.2362082,-3.236207,-3.180312,-3.1805499,-3.2019813,-3.1498842
O=C1CCC(=O)N1,0.3,0.54364365,-1.7527612,-1.1790609,-1.1790607,-1.1742731,-1.2384416,-1.1893595,-1.3299222,0.6738528,-0.25333256,-0.175336,-0.17533644,-0.18468834,-0.38019338,-0.16921178,-0.47384444,0.21148305,-1.1936879,-1.2279053,-1.2279054,-1.2302774,-1.195336,-1.130949,-1.2221457,0.12758385,-0.5502458,-0.9402952,-0.9402991,-0.42729163,-1.0028157,-0.61110926,-0.59646785,0.26214913,-2.3787956,-1.5726125,-1.5726125,-1.4759969,-1.9215895,-1.4449822,-0.17874257,0.44835573,-2.016542,-2.1412072,-2.1412075,-2.202896,-2.1252043,-2.190945,-1.6031494,0.08678253,-0.8337746,0.08988152,0.08988224,-0.81983846,-0.36642313,-0.709032,-0.2332397,0.40901816,-0.7805037,-0.7164428,-0.71643955,-0.7244978,-0.4570985,-0.87498546,-0.5923993,0.25993174,-0.9837403,-0.93826,-0.9382599,-0.55523664,-0.30800447,-0.794661,-0.5307093
Cc1cccnc1C,0.38,-0.78053737,-2.0804362,-1.7583233,-1.7583234,-1.7480577,-1.8489493,-1.74481,-1.6000416,0.6183969,-1.9166846,-1.4570893,-1.4570891,-1.4626169,-1.6472642,-1.4436826,-1.8975552,-0.25028995,-1.5170672,-1.6101121,-1.6101118,-1.6158878,-1.56486,-1.7394352,-1.7265874,0.1024733,-1.3608829,-1.7783409,-1.7783477,-1.3678967,-1.8771943,-1.4317588,-1.4660106,0.23480435,-1.7500547,-1.9496539,-1.9496537,-1.8873035,-1.9947162,-1.8621202,-1.2569488,0.9690093,-1.9938941,-2.0255656,-2.0255654,-2.0459414,-2.0600584,-1.9682109,-1.901216,-0.68014055,-1.9498277,-0.60345185,-0.60345167,-1.8021796,-1.1458088,-1.7190285,-1.1936013,0.16775054,-2.4952884,-2.207464,-2.2074625,-2.2398667,-1.6900067,-2.2404492,-2.4934685,0.34243113,-1.3364447,-1.0680765,-1.0680763,-1.0536788,-1.1487412,-1.0433204,-0.8987013
Cn2c(=O)on(c1ccc(Cl)c(Cl)c1)c2=O,-2.82,-2.6634347,-3.675188,-3.651294,-3.6512942,-3.6657476,-4.1019716,-3.7197597,-4.4824266,-2.93585,-3.1344442,-3.2536898,-3.2536902,-3.2131143,-3.4214804,-3.2708213,-2.872385,-2.8425686,-4.0515113,-3.8279192,-3.8279192,-3.8593829,-3.9155195,-4.354182,-4.2830043,-2.7724233,-2.9410703,-3.3554683,-3.355475,-3.1737747,-3.7458253,-3.083341,-2.9382622,-3.0540807,-2.9161482,-2.958702,-2.9587026,-3.0189245,-3.181667,-3.0489726,-3.634134,-2.4946663,-3.465078,-3.1971018,-3.1971018,-3.2618423,-3.24114,-3.3192403,-3.4846814,-3.2085328,-3.2900662,-3.841967,-3.8419664,-4.1302123,-3.73679,-4.0448546,-3.272267,-2.7898524,-2.9182165,-3.2134593,-3.2134535,-3.2304254,-2.0744984,-3.604188,-3.604168,-2.7464745,-2.8639805,-2.9184735,-2.9184737,-2.8643732,-2.896403,-2.8981106,-2.783769
CC(C)COC(=O)C,-1.21,-1.9927135,-2.2714314,-1.8503145,-1.8503147,-1.8573996,-2.0956025,-1.831009,-1.9400007,-0.7680654,-0.95202345,-1.1740938,-1.1740938,-1.1613586,-1.1184659,-1.1510708,-1.3495039,-1.1896828,-1.814721,-1.8818275,-1.8818276,-1.8906056,-1.8126143,-1.800359,-1.8310331,-0.97051007,-0.9082207,-0.9745354,-0.97454077,-0.6795105,-1.2864953,-0.5537427,-1.0295295,-0.8026996,-2.1458678,-1.9934291,-1.993429,-2.0449116,-2.0834506,-2.0493326,-1.6818992,-1.2820364,-2.3431194,-1.8813161,-1.8813157,-1.8084869,-1.9668597,-1.9130967,-1.8720691,-1.3783613,-1.3951665,-1.2547724,-1.2547725,-1.9972703,-1.5049845,-1.9457761,-1.5403203,-1.3067311,-1.9568256,-1.7691107,-1.7691059,-1.7868091,-1.1179817,-1.7729931,-2.134917,-1.3490446,-0.99544084,-0.9989237,-0.99892384,-1.031153,-1.0308394,-1.0187459,-0.83798546
ClC(Cl)(Cl)C(Cl)(Cl)Cl,-3.67,-4.1396666,-2.1638215,-3.0935376,-3.0935376,-3.0940464,-3.5328414,-3.002119,-3.2807493,-3.6246293,-3.7088041,-3.3674848,-3.3674853,-3.3638499,-3.368531,-3.3653152,-3.3234525,-3.4540138,-1.2723154,-1.2498578,-1.2498577,-1.252846,-1.4554722,-1.9733739,-2.199835,-3.5702715,-2.6231608,-3.455256,-3.4552648,-2.8926773,-3.0965858,-2.9116578,-2.763768,-3.788429,-4.511158,-3.5156589,-3.515659,-3.4984167,-3.4302976,-3.362795,-3.7188616,-3.558201,-1.5010127,-1.3681772,-1.3681774,-1.3784157,-1.4257575,-1.3179965,-2.074741,-4.1149592,-1.6834831,-2.8942494,-2.8942494,-2.4366264,-3.1214452,-2.3323426,-3.0758502,-3.5181885,-3.7654548,-3.4127223,-3.4127226,-3.4216442,-3.2090554,-3.5280342,-3.1950366,-2.8716917,-2.2508566,-2.4165242,-2.4165235,-2.5747216,-2.652281,-2.4698691,-2.582138
CC1OC(CC(O)C1O)OC2C(O)CC(OC2C)OC8C(O)CC(OC7CCC3(C)C(CCC4C3CCC5(C)C(CCC45O)C6=CC(=O)OC6)C7)OC8C ,-5.292999999999999,-5.104479,-14.54868,-10.115752,-10.115751,-10.067169,-9.771468,-10.10734,-0.86697763,-4.9771748,-5.0781884,-6.744911,-6.744912,-6.6003685,-7.0002904,-6.6445003,-7.8123374,-4.8380313,-19.953205,-20.560097,-20.560099,-19.29694,-21.999897,-10.079701,1.4118313,-5.2537217,-5.5564775,-6.2532544,-6.2532587,-7.4481134,-6.7674494,-6.481794,-3.5107164,-4.768097,-13.360403,-12.130245,-12.130245,-12.138724,-11.5855465,-12.48637,-0.92266965,-4.858525,-10.39277,-9.621206,-9.621205,-9.78676,-10.084855,-9.596894,-5.4074607,-3.9736412,-10.546564,-5.3135405,-5.313542,-10.779446,-6.4934845,-10.4969225,-1.7968497,-4.957471,-9.918916,-9.904732,-9.904719,-9.732223,-7.7636204,-9.721231,-1.3420454,-5.043725,-6.2427335,-6.2428193,-6.242818,-5.858163,-6.0372214,-7.634602,0.48834682
Brc1cc(Br)cc(Br)c1,-5.6,-5.763488,-3.9663076,-4.1154037,-4.115403,-4.125259,-4.680435,-4.1137033,-6.88635,-5.4904637,-4.4130435,-4.633632,-4.6336336,-4.620344,-4.7451787,-4.6263666,-4.9651084,-5.335205,-1.9368131,-1.896523,-1.8965236,-1.9047784,-1.8118442,-3.3989341,-3.711408,-5.295021,-4.102681,-5.357405,-5.3574142,-4.6520324,-4.4976907,-4.9921155,-4.8738794,-5.506221,-2.602622,-3.559918,-3.559918,-3.4563913,-3.7011592,-3.4268875,-4.43682,-4.9444857,-2.618258,-2.8904111,-2.8904114,-2.9895763,-2.920687,-2.957801,-3.2597346,-4.9831915,-2.1926374,-3.59435,-3.5943496,-2.3918576,-4.3487544,-2.3886082,-3.3997676,-5.5156617,-5.4284415,-5.0476985,-5.047698,-5.0268335,-4.7887297,-5.1593895,-5.9127703,-4.9247108,-3.7606974,-3.8097074,-3.8097079,-3.7974615,-3.8672318,-3.7249057,-3.9250252
COC(=O)C1=C(C)NC(=C(C1c2ccccc2N(=O)=O)C(=O)OC)C ,-4.76,-4.7864213,-5.243212,-5.087875,-5.087875,-5.0753055,-5.3607063,-5.030296,-4.8991103,-4.8611126,-2.255464,-3.0394788,-3.0394793,-2.9756331,-2.8364003,-2.9979348,-2.57326,-4.8780274,-4.485538,-3.9102829,-3.9102829,-3.9218025,-4.474362,-4.358366,-4.1617923,-4.2999706,-3.5658727,-4.0773177,-4.0773244,-4.50608,-4.346108,-4.296053,-4.1442666,-4.727477,-4.7912536,-4.766316,-4.766316,-4.6763887,-5.021657,-4.627047,-3.7343407,-4.379921,-3.703453,-4.228482,-4.2284822,-4.303325,-4.1983914,-4.0118318,-4.609817,-3.0246918,-2.7856145,-3.0644608,-3.0644608,-3.3822703,-3.1858444,-3.302245,-3.2269206,-4.6683373,-3.1474452,-3.7247531,-3.7247438,-3.737247,-2.2693515,-4.491972,-3.9803772,-4.6104994,-4.7375255,-4.8009987,-4.8009996,-4.9017506,-4.9527383,-4.751596,-4.8643613
Oc2cc(O)c1C(=O)CC(Oc1c2)c3ccc(O)c(O)c3,-3.62,-3.661481,-4.5365615,-4.249067,-4.249067,-4.2565303,-4.587827,-4.275491,-4.3019924,-3.6914241,-2.7943616,-3.3721645,-3.3721645,-3.301612,-3.6225467,-3.3743923,-3.1313875,-3.677978,-4.175738,-3.881904,-3.881904,-3.8844635,-3.979165,-2.7319772,-2.8634598,-3.5976114,-2.2787275,-2.6463284,-2.6463323,-2.5649276,-3.1055906,-2.5781236,-2.0272207,-3.780423,-4.038048,-3.920266,-3.920266,-3.9545698,-4.118266,-4.0239244,-3.763278,-3.5191078,-4.4105115,-4.5419607,-4.5419602,-4.3931713,-4.5219464,-4.4035506,-4.713249,-1.9155691,-1.4513949,-1.7407609,-1.7407607,-2.4225092,-1.4040276,-2.3296099,-1.1051117,-3.5621269,-1.8286318,-1.9301704,-1.9301642,-1.9317918,-1.0585607,-2.1172187,-2.3736506,-3.5244129,-3.6098223,-3.7508667,-3.7508664,-3.7111514,-3.7018588,-3.7675314,-3.6538138
CCOC(=O)Nc2cccc(OC(=O)Nc1ccccc1)c2 ,-4.632,-4.6132727,-5.459308,-5.2625566,-5.262557,-5.277619,-5.7184134,-5.347692,-5.493746,-4.7521434,-4.3975406,-3.5001948,-3.5001943,-3.5281172,-4.074244,-3.4372141,-3.9123898,-4.618147,-4.9498467,-4.676401,-4.676401,-4.619189,-4.6218185,-4.710845,-4.6120653,-4.3327627,-3.516992,-4.1661944,-4.1662,-4.138052,-4.310912,-3.9115748,-3.8443892,-4.5490594,-5.4558206,-5.141444,-5.141444,-5.1419573,-5.370184,-5.1676545,-4.194338,-4.6668987,-6.0527644,-6.2311172,-6.2311177,-6.3381524,-6.04131,-6.12469,-5.1381693,-4.0748096,-5.933396,-5.235644,-5.235644,-6.2736573,-5.0524592,-6.22073,-5.3699036,-4.4102273,-5.005406,-4.4564457,-4.4564424,-4.4878473,-3.6264942,-4.1196465,-4.479295,-4.5449324,-4.6009364,-4.6981034,-4.698103,-4.6398087,-4.7611446,-4.7463546,-4.6773486
O=N(=O)OCC(CON(=O)=O)ON(=O)=O ,-2.22,-3.0857146,-3.676538,-3.4037323,-3.4037323,-3.3984272,-3.6853733,-3.3523133,-4.0983677,-2.1315303,-0.16741042,-2.9415364,-2.9415362,-2.90721,-3.2637386,-2.8456705,-1.4118325,-2.1327105,-2.8913598,-2.5861633,-2.5861633,-2.6115549,-2.6780362,-1.6946912,-1.5939407,-2.1817732,-0.76512885,-1.6119931,-1.6119976,-1.17829,-1.4575704,-1.4492579,-1.2584187,-2.7282906,-2.9519353,-3.0734951,-3.073495,-3.086752,-3.3262856,-3.0611296,-3.538806,-2.0436223,-3.508467,-3.7823298,-3.78233,-3.84501,-3.7335498,-3.882148,-4.2421293,-2.5406775,-2.3893309,-2.2797794,-2.2797787,-3.162387,-2.3186793,-3.1246789,-3.246342,-2.1080225,-2.5608246,-3.2284772,-3.2284727,-3.2217202,-1.7293375,-3.1077566,-2.104521,-2.0951629,-2.2570539,-2.258383,-2.2583833,-2.3010976,-2.165641,-2.2849288,-2.2603514
CCCCOC=O,-1.37,-1.7924436,-2.0655181,-1.6848329,-1.6848328,-1.6928129,-1.9407574,-1.6962222,-1.9702144,-0.97135955,-1.0596015,-0.95223904,-0.95223886,-0.93748444,-0.9024727,-0.9353229,-1.4973422,-0.9832611,-1.3830447,-1.3826679,-1.382668,-1.3886435,-1.3093091,-0.9061747,-0.84975046,-0.896639,-1.0113333,-1.2031243,-1.2031296,-0.87952197,-1.4292566,-0.9714835,-1.1337527,-1.1554528,-1.9652947,-1.7708883,-1.7708884,-1.8193266,-1.8423938,-1.7710131,-1.8578091,-1.3414154,-2.2324297,-1.5547158,-1.5547158,-1.5669098,-1.6699246,-1.6949636,-1.6988475,-1.5931699,-0.74456334,-0.8105919,-0.81059206,-1.327709,-1.1418344,-1.2647147,-1.1201668,-1.1434683,-1.1241251,-0.93482673,-0.93482214,-0.9977827,-0.33117363,-1.1109229,-1.3860557,-1.4040579,-1.3880537,-1.3087916,-1.3087915,-1.3874625,-1.3852351,-1.3778849,-0.81544536
Clc1cccc(Cl)c1,-3.04,-2.3336782,-2.3546107,-2.2462988,-2.2462993,-2.255639,-2.526319,-2.275698,-2.5547044,-2.8518763,-2.2470303,-2.4278657,-2.4278655,-2.4324598,-2.277323,-2.4177997,-2.3871202,-2.9600918,-2.0296593,-2.1076057,-2.1076055,-2.1128974,-2.12052,-3.2584631,-2.8014126,-3.2054846,-2.5098748,-3.0945046,-3.0945115,-2.733729,-3.0335855,-2.691476,-2.4828837,-3.089004,-3.0509987,-2.6204352,-2.6204345,-2.6203954,-3.0413768,-2.531896,-3.3870814,-2.851941,-2.3382623,-2.547572,-2.5475724,-2.6211143,-2.545025,-2.6033037,-2.7536087,-3.8980155,-2.5183268,-2.9965134,-2.9965131,-2.5420833,-3.480967,-2.503068,-3.0795975,-3.0810695,-3.367329,-3.0473938,-3.047394,-3.0505,-2.6655672,-3.0208352,-3.0937672,-3.213936,-3.5407915,-3.5996473,-3.5996473,-3.6082323,-3.6406305,-3.5420666,-3.6595778
c2ccc1scnc1c2 ,-1.5,-1.3734967,-2.1449893,-1.9331023,-1.933102,-1.9362115,-2.1098886,-1.9469135,-1.7272646,-1.3521837,-2.548502,-2.1191876,-2.119188,-2.126997,-2.0635188,-2.098057,-2.1694477,-1.3109457,-1.7291008,-1.8948752,-1.8948754,-1.9024235,-1.8477336,-2.7966383,-2.7447927,-1.7171191,-1.9037479,-2.5235,-2.5235085,-1.981975,-2.4552152,-2.2000332,-1.8343372,-1.5800217,-1.6518954,-1.7882292,-1.7882292,-1.7841594,-1.8463911,-1.794283,-1.4031855,-1.715326,-2.0819173,-1.6581944,-1.6581943,-1.6713369,-1.7267675,-1.8139579,-1.5904284,-1.1391251,-1.854513,-0.85288125,-0.8528814,-1.9082339,-1.099311,-1.8219696,-1.2122716,-1.5474728,-2.476449,-2.4533224,-2.453323,-2.4594574,-2.1322527,-2.3166955,-2.1399236,-1.4000582,-1.2642448,-1.3773315,-1.377331,-1.2952712,-1.377857,-1.3344994,-1.2773317
CC(=O)C3(C)CCC4C2C=C(C)C1=CC(=O)CCC1(C)C2CCC34C,-5.27,-4.648972,-4.8547854,-4.4698477,-4.469847,-4.4750495,-4.802767,-4.4742246,-4.540788,-5.204455,-4.2729645,-4.225027,-4.2250276,-4.1370764,-4.696892,-4.265771,-4.328325,-4.814292,-3.6022797,-4.108328,-4.108329,-4.001939,-3.9528837,-5.326864,-4.712055,-5.0800724,-5.658119,-5.183276,-5.1832814,-4.617377,-5.7738285,-4.981479,-4.8011794,-4.663292,-4.612908,-4.397715,-4.397715,-4.397579,-4.5307107,-4.426831,-3.1917593,-4.3666024,-4.1856565,-4.5960326,-4.5960326,-4.338214,-4.514656,-4.3165727,-4.9624114,-4.7158074,-4.4623313,-4.86838,-4.86838,-4.8661947,-5.524599,-4.778842,-5.1540494,-5.2592053,-5.266036,-5.0584984,-5.0584927,-5.1110587,-3.549782,-5.156483,-4.9400787,-5.0745096,-5.209125,-5.3648667,-5.3648677,-5.3312593,-5.2938404,-5.423436,-5.4018865
Nc1ccccc1,-0.41,0.18862285,-1.9541829,-1.6741614,-1.6741616,-1.6749524,-1.7866453,-1.6818143,-1.1650239,-0.43121174,-1.2716315,-0.6443533,-0.64435303,-0.651,-0.82308936,-0.6346842,-1.2268993,-0.26144698,-1.3034221,-1.3815583,-1.3815582,-1.3840346,-1.2834034,-0.71006626,-0.64778095,-0.6002169,-1.4222301,-1.762281,-1.762287,-1.3624593,-2.0123494,-1.3709879,-1.3607715,-0.20638008,-2.0457368,-2.0370417,-2.0370417,-2.0300605,-2.0950167,-2.0912354,-1.069303,-0.19161128,-2.032747,-1.9706233,-1.9706231,-1.9917657,-1.9574026,-1.9586343,-1.3933161,-0.66553473,-0.68720484,-0.34180406,-0.341804,-0.9071921,-0.5773588,-0.8301435,-0.656871,-0.4415745,-1.3248719,-1.3993214,-1.3993207,-1.3971963,-1.150445,-1.2754009,-1.5348032,-0.6183987,-0.93541956,-0.86689013,-0.86689,-0.7383421,-0.7287303,-0.8310267,-0.4050308
CC(Cl)Cl,-1.29,-1.208143,-1.2778652,-0.37515372,-0.37515348,-0.3634872,-0.568439,-0.36102107,-1.2836525,-1.0458723,-0.7659752,-1.0364631,-1.0364629,-1.0415907,-1.0770732,-1.0331305,-0.9855678,-1.219877,-0.96355855,-0.9162272,-0.9162271,-0.9164412,-0.96939546,-1.1867553,-1.3376524,-1.4264203,-1.2125537,-1.7924415,-1.7924496,-1.2322067,-1.7076075,-1.4564587,-1.2740228,-1.5312555,-2.6712193,-2.0642896,-2.064289,-2.1276433,-2.0114772,-2.1933174,-1.7668505,-1.0597612,-1.1555039,-0.8429953,-0.8429953,-0.8352898,-0.844344,-0.8704587,-1.2329726,-1.7585697,-1.5614625,-1.7003429,-1.7003433,-1.724979,-1.8042971,-1.6701828,-1.9137564,-1.2625166,-1.6575724,-1.4646168,-1.464617,-1.4781084,-1.0987976,-1.5271004,-1.4336193,-1.8847272,-1.4573543,-1.5351295,-1.5351294,-1.6698015,-1.7382395,-1.5811586,-2.446118
CC34CC(O)C1(F)C(CCC2=CC(=O)C=CC12C)C3CC(O)C4(O)C(=O)CO,-3.68,-4.2887826,-5.198519,-4.8447657,-4.844766,-4.8487487,-5.1840324,-4.840919,-5.1708174,-4.6360993,-3.6563413,-2.9592593,-2.9592593,-2.9191267,-3.174498,-2.9815595,-3.5065544,-4.0798745,-2.6000931,-2.6482255,-2.6482253,-2.6569717,-2.6306362,-3.8593314,-3.576621,-3.9389622,-2.3787885,-2.9256697,-2.9256737,-3.0511506,-2.9273326,-2.8701272,-2.839578,-4.1112366,-4.628863,-4.5773764,-4.577376,-4.58306,-4.676249,-4.6734757,-3.984272,-3.9152188,-4.449216,-4.693061,-4.693061,-4.4782033,-4.5308747,-3.8264916,-4.9354987,-3.2263365,-2.8308873,-3.340171,-3.3401709,-3.3912225,-3.5402777,-3.4110835,-3.514525,-3.887456,-3.7293406,-3.4843194,-3.4843102,-3.5048592,-2.3630166,-3.68327,-3.9276075,-3.490116,-3.6684246,-3.6472442,-3.6472447,-3.8628495,-3.788114,-3.941959,-3.7182071
CCC1(CCC(C)C)C(=O)NC(=O)NC1=O,-2.468,-2.893842,-3.611329,-3.4275825,-3.4275825,-3.4204664,-3.6923304,-3.3723214,-3.6254022,-2.5323384,-1.8778555,-1.4426805,-1.4426806,-1.4116478,-1.5503435,-1.4436452,-1.8721893,-2.5355985,-3.9791784,-3.679497,-3.6794968,-3.7137747,-3.881891,-3.2348115,-3.080989,-2.3614602,-2.9636176,-3.1596603,-3.1596677,-2.381412,-3.4713578,-2.8558176,-3.0395324,-2.8332026,-3.3840709,-3.3168335,-3.3168335,-3.262365,-3.4099486,-3.184465,-2.6874754,-1.937702,-3.0266092,-3.4370508,-3.4370508,-3.475931,-3.4215047,-3.27236,-4.08012,-2.7087524,-2.0803165,-2.5785522,-2.5785525,-2.618152,-2.841154,-2.5388286,-2.8253982,-2.6647542,-2.1418543,-2.0516531,-2.0516455,-2.0945828,-1.1319556,-2.3507872,-2.7703094,-2.5221486,-2.4834769,-2.3549328,-2.354933,-2.359859,-2.4779556,-2.481699,-2.482907
CC(C)SC(C)C,-2.24,-2.4898667,-2.323153,-1.9124111,-1.9124109,-1.9219668,-2.087943,-1.9356147,-1.5193365,-2.3767438,-1.6698339,-1.8959616,-1.8959619,-1.8960892,-1.8617921,-1.928676,-1.6352022,-2.7009628,-1.7960824,-1.8820833,-1.8820833,-1.8934598,-1.8654884,-2.5940177,-2.6914818,-2.5474093,-2.5048788,-3.0094671,-3.0094745,-2.7610145,-2.9993556,-2.9509463,-2.4161973,-2.137032,-3.2326097,-2.1459947,-2.1459947,-1.9196994,-2.3734376,-1.655415,-2.1364913,-2.058458,-2.1701202,-2.2560115,-2.2560115,-2.268707,-2.1817238,-2.15478,-1.7505643,-2.2954638,-4.268303,-2.6894624,-2.6894622,-4.029595,-3.286912,-4.0631156,-3.113949,-2.5334516,-2.5855258,-2.5449843,-2.544982,-2.5284305,-1.7687521,-2.4359493,-2.702822,-3.251403,-3.0500817,-3.2110748,-3.211075,-3.3668377,-3.4731638,-3.2641351,-3.3415186
CNC(=O)Oc1cccc2ccccc12,-3.224,-3.6371038,-3.25278,-3.0515623,-3.0515625,-3.0511918,-3.337168,-3.065986,-3.3980308,-3.40923,-3.2475944,-2.5795248,-2.579526,-2.5458412,-2.786722,-2.6027315,-3.0137894,-3.4670324,-3.1052153,-3.0780296,-3.0780296,-3.0888374,-3.0226676,-3.362241,-3.2023726,-3.2102923,-2.9492195,-3.8096805,-3.8096886,-3.3152475,-3.665765,-3.4106297,-2.9324174,-2.7165096,-2.6740427,-2.4861488,-2.4861495,-2.495594,-2.6259577,-2.456019,-2.160605,-2.4085376,-3.4945765,-2.905112,-2.9051123,-2.9407508,-2.908713,-3.324206,-2.617433,-2.8830504,-2.558144,-2.5955408,-2.5955408,-2.8834558,-2.653097,-2.8544877,-2.770091,-3.3003974,-3.161504,-2.8569887,-2.8569834,-2.8339376,-1.9544187,-2.881501,-3.1499918,-3.2148507,-3.2708316,-3.2582238,-3.2582242,-3.2557871,-3.2855232,-3.2662346,-3.314382
CC(=O)OCC(=O)C3(O)CCC4C2CCC1=CC(=O)CCC1(C)C2C(=O)CC34C ,-4.21,-4.1737313,-5.8631215,-5.3660645,-5.3660645,-5.3759484,-5.706667,-5.4114895,-5.0266466,-4.6422935,-4.2773166,-3.4371893,-3.4371881,-3.38497,-3.8838594,-3.4529083,-3.9600933,-4.0707684,-4.0554795,-4.059465,-4.059465,-3.987371,-3.9443643,-4.9241605,-4.6302056,-4.3438277,-4.054785,-3.9904222,-3.990426,-3.8707952,-4.60215,-3.9388423,-3.7441685,-4.2897115,-5.2797527,-5.182029,-5.1820292,-5.202361,-5.3224697,-5.334087,-4.9416647,-4.5394545,-5.2944384,-4.6697006,-4.669701,-4.5576663,-4.5476155,-4.1996217,-4.7597604,-3.8287823,-4.124367,-4.100363,-4.100363,-4.6667657,-4.3655157,-4.677437,-4.5656896,-4.4213467,-5.072449,-4.754552,-4.7545443,-4.784518,-3.3450396,-4.8443108,-4.9681563,-4.2237797,-4.2387466,-4.3268876,-4.326887,-4.350884,-4.252673,-4.435488,-4.3371735
COc1cc(CC=C)ccc1O,-1.56,-1.6935059,-2.8819165,-2.44631,-2.4463096,-2.4409761,-2.62477,-2.4517758,-2.4799526,-0.7934971,-2.4094834,-1.9403213,-1.940321,-1.9110765,-2.0473058,-1.9375259,-2.603187,-1.682682,-2.4064455,-2.368699,-2.368699,-2.3852105,-2.3141918,-1.9379728,-2.0208063,-2.0759478,-1.430207,-1.855931,-1.8559365,-1.6599962,-2.0150547,-1.5175993,-1.4719104,-1.2580355,-2.5214677,-2.2150636,-2.2150636,-2.2138798,-2.30342,-2.1341543,-1.9028666,-1.5610751,-2.7564557,-3.0498319,-3.049832,-3.0430062,-3.068568,-2.9505594,-3.4870703,-2.5043793,-1.0431741,-1.5986629,-1.5986623,-1.9110937,-1.9035964,-1.8235692,-1.680383,-1.6151763,-1.9607769,-1.6609648,-1.6609594,-1.7111204,-0.8752998,-1.6111664,-2.0966542,-1.56105,-1.5433817,-1.619299,-1.6192989,-1.5952547,-1.6267896,-1.6066947,-1.5698003
O=C2NC(=O)C1(CC1)C(=O)N2 ,-1.886,-1.6304822,-2.313247,-1.9586643,-1.9586643,-1.945918,-2.1030278,-1.9400686,-2.440669,-1.9488791,-0.7355978,-1.147975,-1.1479758,-1.163456,-1.1981328,-1.1382735,-1.0551357,-1.7659073,-2.0782092,-2.0867755,-2.0867753,-2.0979266,-2.0753627,-1.5296957,-1.5005412,-1.7941793,-0.71666485,-1.4987639,-1.4987715,-0.9989911,-1.353601,-1.3395538,-1.1047001,-1.8796881,-2.6976995,-3.1807394,-3.1807392,-3.1233237,-3.0081336,-3.1280618,-2.7781034,-1.4450265,-2.0356872,-1.9669257,-1.9669255,-1.9866147,-2.0086403,-1.9629962,-1.5538505,-1.2732735,-3.3847766,-1.9243901,-1.9243894,-3.822717,-2.1748042,-3.693622,-2.2285507,-1.871441,-1.1760149,-1.1124489,-1.1124444,-1.1346335,-0.6764817,-1.4737675,-1.1119244,-1.8626021,-1.7172756,-1.758235,-1.7582345,-1.7754962,-1.8635591,-1.8055729,-1.7889341
CCc1ccccc1C,-3.21,-2.859667,-2.321082,-1.7950741,-1.7950743,-1.7843928,-1.8990209,-1.7812232,-1.766438,-2.876284,-2.338881,-2.6453469,-2.645347,-2.6284995,-2.6946983,-2.6504238,-2.5691743,-3.1775942,-2.1219363,-2.2426944,-2.2426944,-2.250751,-2.1847587,-2.758928,-2.7169514,-3.1341963,-2.1686244,-2.5085628,-2.5085728,-2.2000878,-2.6295216,-2.2515368,-2.1275294,-2.9168816,-1.8862475,-1.6779826,-1.6779828,-1.6743625,-1.7603337,-1.6099107,-1.3511559,-3.4952095,-2.1825225,-2.275575,-2.275575,-2.2955523,-2.272366,-2.2025316,-2.1931338,-3.226376,-4.427341,-3.3592124,-3.3592122,-4.4058876,-3.4831014,-4.416917,-3.3372812,-3.457271,-2.8151174,-2.6980803,-2.698077,-2.7460995,-2.014867,-2.597897,-2.6914544,-3.219772,-2.892647,-2.9645581,-2.964558,-2.8121724,-2.7753122,-2.8860683,-2.7561586
ClCC,-1.06,-0.56364745,-0.85413843,-0.10856831,-0.10856787,-0.1154226,-0.30715805,-0.15392688,-0.84785956,-0.6762759,-0.2657323,-0.489018,-0.48901752,-0.4952719,-0.5978933,-0.4814649,-0.6994633,-0.99408376,-0.92597526,-0.8793763,-0.8793765,-0.8788425,-0.89742744,-0.9518915,-1.0608296,-1.1823199,-0.8559508,-1.1475959,-1.1476021,-0.6618167,-1.2145293,-0.80320644,-0.8367285,-1.1257913,-1.4615153,-0.7070826,-0.7070827,-0.6731369,-0.62244064,-0.7210029,-0.5151051,-1.0209583,-1.123367,-0.75671166,-0.7567119,-0.749356,-0.7559192,-0.8021548,-0.9334086,-0.86133665,-1.3285536,-0.72771394,-0.7277139,-1.0950553,-1.1787589,-1.017397,-1.139431,-0.97505933,-0.7318015,-0.8133406,-0.8133399,-0.81884706,-0.40361127,-0.90440136,-0.67165107,-1.8847272,-1.4573543,-1.5351295,-1.5351294,-1.6698015,-1.7382395,-1.5811586,-2.446118
CN(C)C(=O)SCCCCOc1ccccc1,-3.927,-4.3316593,-4.434714,-4.190187,-4.190187,-4.1544323,-4.639103,-3.959911,-4.1618743,-4.234363,-4.8715177,-4.4487667,-4.4487667,-4.3964977,-5.00138,-4.4648647,-4.7150993,-3.9533696,-4.0901885,-3.8715441,-3.8715444,-3.835299,-3.8754325,-3.8346844,-4.065953,-3.308265,-3.6611137,-3.704815,-3.7048216,-3.7618585,-4.093623,-3.8339782,-3.62737,-4.049225,-4.297262,-4.2211165,-4.221117,-4.119295,-4.461445,-3.75097,-4.6619253,-4.013281,-4.5126257,-4.357764,-4.357764,-4.2936087,-4.4199786,-4.1983275,-4.5307984,-4.0749288,-4.126924,-4.070434,-4.070435,-4.6669173,-4.090786,-4.7103586,-4.0990543,-4.115525,-4.514295,-4.231463,-4.231459,-4.2592244,-3.1369894,-4.313791,-4.7389545,-3.7807531,-3.9757965,-4.068156,-4.0681562,-3.9515827,-3.976784,-4.0394983,-4.0259886
C#C,0.29,0.56726277,-1.4145631,-1.066755,-1.066755,-1.1005496,-1.2249483,-1.1034372,-0.34585154,0.3367491,0.8194892,0.77682006,0.77682024,0.7691831,0.74486226,0.7735178,0.7076849,0.2088184,-0.8160805,-0.7076272,-0.70762724,-0.7059379,-0.72695816,-0.31207052,-0.6255268,0.319454,-0.14415553,-0.25722432,-0.2572296,0.30501714,-0.18170384,0.18484357,-0.26073846,0.24492057,-3.4557948,-2.1360972,-2.1360965,1.0914458,-2.3840868,-1.7559552,0.19346724,0.29077595,-1.58636,-0.38076985,-0.38076985,-0.38127849,-0.5025693,-0.5130055,0.480912,0.20537773,-1.4354633,0.18441764,0.18441741,-2.0178204,0.04352337,-1.997409,-0.6869764,0.3233568,0.24844618,0.31807485,0.3180747,0.32270586,0.30843925,0.34519157,-2.1286693,-1.1216829,-1.4588327,-1.5656065,-1.5656068,-1.5719192,-1.4925606,-1.5601101,-1.1633734
Cc1ccccc1C,-2.8,-1.4094512,-2.107575,-1.8003303,-1.80033,-1.7904112,-1.8963301,-1.7872897,-1.6410131,-2.244846,-2.1595552,-2.032019,-2.0320184,-2.0340335,-2.2019918,-2.0191374,-2.2449358,-2.2995267,-1.7213036,-1.8462127,-1.8462127,-1.8528639,-1.7881027,-2.2250257,-2.2359517,-2.61243,-1.8832663,-2.3352942,-2.3353014,-1.9340005,-2.38021,-2.0502572,-1.9381278,-3.1816552,-2.3872986,-2.6993947,-2.6993942,-2.6333864,-2.596653,-2.6616597,-1.7972622,-2.344668,-2.0266807,-2.069411,-2.0694118,-2.0899878,-2.0876327,-1.996659,-1.9053906,-3.1693017,-4.247981,-2.790609,-2.7906082,-3.8829925,-3.401506,-3.8942614,-2.9437172,-2.7782805,-3.015558,-2.7109349,-2.7109332,-2.7374334,-2.1289554,-2.813936,-3.0120053,-2.8018644,-3.3820324,-3.1858337,-3.1858342,-3.150801,-3.079343,-3.207326,-3.287041
CCCC(C)(COC(N)=O)COC(N)=O ,-1.807,-2.9778676,-3.6799111,-3.2939553,-3.293956,-3.2793179,-3.5552897,-3.1965451,-3.4639857,-1.8616855,-1.7235367,-1.3149613,-1.314961,-1.2843751,-1.3442001,-1.2992793,-1.8276409,-2.028094,-3.4727972,-3.1052454,-3.105245,-3.1394281,-3.2973099,-1.9088364,-1.8424697,-1.7217228,-1.1136366,-1.4107318,-1.4107366,-0.7998937,-1.7581357,-0.7890808,-1.5623372,-2.1666462,-3.4283783,-3.4861836,-3.4861836,-3.4450235,-3.6911414,-3.3438866,-3.0696418,-2.3249938,-4.158288,-4.453001,-4.4530015,-4.3868237,-4.330682,-4.459394,-4.044939,-2.0990717,-2.1442404,-3.0563023,-3.0563023,-3.1893528,-3.2304661,-3.1099446,-3.6054153,-1.9323019,-2.2630725,-2.028495,-2.0284882,-2.0532622,-1.0647724,-2.078318,-2.6969566,-1.7866615,-3.2456534,-2.5576909,-2.5576904,-2.5707223,-2.6633523,-2.3691134,-4.8434386
CC1(OC(=O)N(C1=O)c2cc(Cl)cc(Cl)c2)C=C,-4.925,-5.21038,-4.259743,-3.9705656,-3.9705658,-3.9679372,-4.2653093,-3.9820178,-4.4793835,-4.7119393,-3.863255,-3.996043,-3.9960434,-3.9566994,-3.8927093,-4.056618,-4.0574293,-4.857181,-4.7651424,-4.5129824,-4.5129824,-4.5258265,-4.7026067,-4.0310564,-3.8185992,-4.5157294,-2.571488,-3.4851017,-3.4851089,-3.2885497,-3.4688656,-3.191536,-2.461543,-5.130908,-3.8424797,-4.0822487,-4.0822487,-4.121724,-4.20068,-4.209267,-5.0196953,-3.8042898,-3.437124,-3.564194,-3.5641937,-3.2840724,-3.6072638,-3.597269,-3.9735441,-3.8601334,-2.4883175,-2.9563327,-2.956333,-2.8511255,-2.966663,-2.7959242,-3.2025604,-4.876178,-3.9583814,-4.159542,-4.159536,-4.2158246,-2.727078,-4.4700103,-4.7003603,-4.9168787,-4.863242,-4.9305253,-4.930525,-4.9315314,-4.884001,-4.9432197,-5.012254
Cc1cccc(C)c1,-2.82,-1.5065337,-2.1632905,-1.7850727,-1.7850727,-1.7801834,-1.8891102,-1.7872707,-1.6793853,-2.3508563,-1.8415303,-1.6993989,-1.6993985,-1.6971862,-1.7156572,-1.7053457,-1.7737409,-2.4877381,-1.7351675,-1.8727293,-1.8727292,-1.8787212,-1.8106889,-2.3908107,-2.3280613,-2.8056493,-1.9896561,-2.409831,-2.4098394,-2.1961384,-2.6604145,-2.1714633,-2.034954,-2.599396,-2.9127607,-1.99539,-1.9953898,-2.0095305,-2.1034145,-1.9237324,-2.7655497,-2.2210357,-2.2461002,-2.3173878,-2.3173878,-2.3352365,-2.284294,-2.2220404,-1.882468,-3.06429,-4.3116255,-3.2066097,-3.2066095,-4.2875915,-3.7744064,-4.3228045,-3.2353013,-2.7218173,-1.80167,-1.7277901,-1.727787,-1.7439446,-1.1375976,-1.8840103,-1.9120431,-2.4642482,-3.0101733,-3.0683136,-3.0683136,-2.9506361,-2.9108002,-2.9957952,-2.7607417
O=C2NC(=O)C1(CCC1)C(=O)N2,-1.655,-1.1230868,-2.2451978,-1.8565693,-1.8565692,-1.8454685,-2.0326247,-1.8444095,-2.710127,-1.8213251,-1.1122403,-1.2142012,-1.2142009,-1.2209692,-1.2304595,-1.2112608,-1.5270069,-1.7837683,-2.2911482,-2.3195956,-2.319595,-2.338182,-2.3961682,-2.0706017,-1.9098763,-1.8834958,-1.3300252,-1.9587725,-1.9587818,-1.5072051,-1.9099828,-1.905713,-1.5170355,-1.6057644,-2.9651499,-4.0149,-4.0149007,-4.0393133,-3.8135552,-4.145534,-2.882486,-1.4419892,-1.8910791,-1.3115882,-1.3115885,-1.30449,-1.4548967,-1.4789664,-1.0435938,-2.0128486,-1.4463625,-1.4561458,-1.4561456,-1.9119408,-1.5843602,-1.7938226,-1.8567832,-1.622093,-1.8455156,-1.6379037,-1.6379006,-1.6663725,-1.0256252,-1.8912413,-1.9499234,-1.8626021,-1.7172756,-1.758235,-1.7582345,-1.7754962,-1.8635591,-1.8055729,-1.7889341
Nc1ccc(Cl)cc1,-1.66,-1.5976155,-2.1523104,-2.054715,-2.0547144,-2.0715995,-2.3697252,-2.0949275,-2.0897174,-1.5861056,-1.8768857,-1.3793048,-1.3793043,-1.387726,-1.4354485,-1.36731,-1.5982976,-1.505736,-1.8129064,-1.87485,-1.8748504,-1.8807789,-1.8022171,-1.7456741,-1.4566252,-1.5057992,-1.7635076,-2.1179266,-2.117935,-1.7625133,-2.328829,-1.6913177,-1.7222266,-1.7885435,-2.2852502,-2.2982202,-2.2982204,-2.343931,-2.4129903,-2.421665,-2.0919964,-1.09326,-2.8106375,-2.77959,-2.77959,-2.8967113,-2.7392805,-2.9153783,-2.2541459,-0.8423523,-0.7523636,-0.36426857,-0.36426875,-0.96238315,-0.64275104,-0.8809755,-0.67764276,-1.6144006,-2.37679,-2.2447853,-2.2447855,-2.2560828,-1.9033222,-2.1995945,-2.1140087,-1.6291677,-1.7237195,-1.679568,-1.6795678,-1.5598354,-1.4604018,-1.6113335,-1.5418302
c1ccccc1SC,-2.39,-2.404819,-2.321248,-1.9190966,-1.9190967,-1.9289819,-2.089225,-1.9568597,-1.5613811,-2.2931476,-2.3532128,-2.0243275,-2.0243268,-2.009557,-2.0054147,-2.020073,-2.3177857,-2.74224,-1.670544,-1.7901506,-1.7901511,-1.794096,-1.7531732,-2.5529397,-2.5132034,-2.6235914,-2.2386384,-2.5930967,-2.593102,-2.2773986,-2.7999408,-2.2552629,-1.9452562,-2.435,-2.4504995,-2.2714846,-2.2714846,-2.3696465,-2.3694875,-2.4228811,-3.1194506,-2.1888554,-2.2279022,-2.2543113,-2.2543113,-2.2731526,-2.2475133,-2.2351153,-1.9929203,-2.6110365,-4.4856153,-3.0303493,-3.0303493,-4.4784293,-3.4163086,-4.5095396,-3.2057679,-2.483681,-3.1472945,-2.9364865,-2.9364843,-2.9984078,-2.2086074,-2.8330545,-2.9353092,-2.3611083,-2.4634056,-2.410475,-2.4104743,-2.2335765,-2.2211092,-2.3734794,-2.317301
C1Cc2ccccc2C1,-3.04,-2.1752021,-2.12518,-1.6890116,-1.6890113,-1.685327,-1.79242,-1.697925,-1.6825559,-2.8041928,-2.4386501,-2.7505772,-2.7505772,-2.744531,-2.8305762,-2.7610538,-2.3259864,-3.196749,-1.6480118,-1.7507377,-1.7507374,-1.7574513,-1.7105492,-2.3610327,-2.2884352,-2.9640195,-2.3935637,-3.106977,-3.1069844,-2.5107903,-2.909491,-2.9485323,-2.5291548,-2.7845728,-2.4251428,-2.7767076,-2.776707,-2.780958,-2.6602955,-2.840423,-1.9643735,-3.0758345,-1.8361645,-1.3856218,-1.3856215,-1.3696022,-1.4909962,-1.4997966,-1.0733802,-3.2441847,-4.2380934,-2.7055602,-2.7055602,-4.181783,-3.0919569,-4.1783156,-2.6763813,-3.118938,-4.0082583,-3.7958806,-3.7958791,-3.7883048,-3.0890355,-3.9658527,-3.5528226,-2.982787,-2.499764,-2.5218437,-2.5218434,-2.4755027,-2.4333446,-2.506589,-2.6308353
c1ccc2c3c(ccc2c1)c4cccc5cccc3c45,-8.0,-7.7472486,-3.4634187,-3.6004047,-3.6004057,-3.6138124,-4.087758,-3.6399853,-6.462532,-8.128954,-5.7678323,-6.884913,-6.8849125,-6.8111243,-7.168681,-6.8785877,-6.6465726,-8.03393,-4.4453855,-4.4005647,-4.4005647,-4.3967013,-4.3318677,-6.90354,-6.809319,-7.6956463,-6.148122,-6.2497954,-6.2498074,-6.2820506,-6.586623,-6.2215295,-6.6181774,-7.520357,-3.1059499,-3.9833434,-3.983343,-3.9692898,-3.9418,-3.961057,-8.11262,-6.674771,-3.4662333,-3.296375,-3.2963748,-3.3381758,-3.3569195,-3.3875225,-3.4115665,-8.088413,-7.587228,-7.09957,-7.0995703,-8.323641,-8.183316,-8.20726,-7.3390427,-8.037889,-7.0740414,-7.6115723,-7.6115727,-7.5827894,-6.3375597,-7.853743,-7.8996816,-7.795786,-7.816684,-8.05477,-8.05477,-8.016459,-8.188108,-8.128665,-8.004162
Nc1ncnc2n(ccc12)C3OC(CO)C(O)C3O ,-1.95,-2.6319056,-3.7963662,-3.5647836,-3.564784,-3.571958,-3.8918262,-3.6030643,-3.7928114,-1.801598,-2.4022012,-1.8625742,-1.8625743,-1.8296815,-1.9659774,-1.8640746,-2.1793916,-1.4985242,-2.7852511,-2.3177345,-2.3177342,-2.3285065,-2.558549,-0.80137616,-0.56326175,-1.7309448,-0.8179314,-1.2083108,-1.2083136,-0.5940928,-1.2957913,-0.8511879,-0.57271475,-2.1672518,-3.2453933,-3.1365857,-3.1365857,-3.1736548,-3.3023126,-3.1933928,-3.127556,-2.6240144,-3.8286502,-3.6834538,-3.6834536,-3.7400458,-3.6761787,-3.8788142,-4.0643706,-0.91894066,-2.0022826,-2.2637255,-2.2637253,-2.3975573,-2.2369258,-2.3229072,-2.0718586,-1.7537986,-2.3031523,-2.117692,-2.1176858,-2.1209054,-1.1575179,-2.1643414,-2.659213,-1.9213562,-1.9539738,-1.8894055,-1.8894045,-2.0589898,-2.013196,-2.0301661,-1.9913137
CCOP(=S)(OCC)SCCSCC,-4.23,-4.023244,-4.25196,-4.067454,-4.0674543,-4.073833,-4.3630166,-4.1003957,-4.162372,-3.8625727,-4.2782016,-3.7216103,-3.72161,-3.653385,-4.147758,-3.753363,-4.05873,-4.2489724,-4.1009912,-3.814456,-3.8144562,-3.8323095,-3.8687308,-4.518782,-4.755051,-4.1939826,-3.6398733,-4.2163663,-4.216374,-3.8207858,-4.2245097,-4.18353,-3.8077424,-4.493474,-4.1709905,-3.9017072,-3.9017067,-3.896929,-4.1059895,-3.9091425,-3.399697,-3.2055097,-4.1930094,-4.2955008,-4.2955003,-4.1951323,-4.2983747,-4.4221177,-4.274812,-4.041825,-4.5228095,-4.2197948,-4.2197948,-4.8213534,-4.4867554,-4.8485126,-4.344802,-4.0248427,-4.885198,-4.6624985,-4.662495,-4.6845174,-3.580399,-4.61174,-5.054642,-4.4272223,-4.1772213,-4.399558,-4.3995576,-4.307351,-4.2404146,-4.297516,-4.329025
Clc2c(Cl)c(Cl)c(c1ccccc1)c(Cl)c2Cl ,-7.92,-8.170488,-4.184985,-3.8573375,-3.8573372,-3.8458335,-4.1830916,-3.844075,-4.7051587,-7.98361,-6.9066844,-7.257543,-7.2575436,-7.1913323,-6.848378,-7.2617545,-7.611295,-7.8330097,-5.8669496,-5.889942,-5.8899417,-5.9514637,-5.922255,-7.643163,-7.7884746,-7.415284,-6.695797,-7.3238125,-7.323824,-7.4720182,-7.380035,-7.0040765,-7.374444,-8.119714,-4.5836,-6.143123,-6.1431227,-6.1977563,-5.8735213,-6.3970275,-7.9981365,-7.6288714,-3.1201272,-2.8517215,-2.851722,-2.895349,-2.9197433,-3.001136,-3.1247807,-7.8609557,-6.022789,-7.3284554,-7.3284545,-6.7634277,-8.081518,-6.7823143,-7.774318,-7.801458,-6.5909266,-6.390705,-6.3907027,-6.3970118,-5.2739944,-6.8282795,-7.5606427,-7.713166,-7.3106093,-7.427151,-7.427149,-7.4904065,-7.448537,-7.2947173,-7.627319
O=C1NC(=O)C(N1)(c2ccccc2)c3ccccc3,-4.097,-4.368964,-3.9967103,-3.656637,-3.6566367,-3.6400611,-3.915469,-3.5844436,-3.3977182,-3.9269829,-3.9386647,-3.7494237,-3.7494237,-3.6999905,-3.710623,-3.7466204,-3.941295,-3.8963068,-4.513986,-4.147519,-4.1475196,-4.1719933,-4.47912,-3.895913,-3.9261103,-3.957354,-2.5214334,-3.2579556,-3.257961,-2.995008,-3.350001,-3.1013474,-3.0549355,-4.2199664,-3.5761895,-3.787409,-3.7874093,-3.7419999,-3.9097073,-3.7466154,-3.2932,-3.6264963,-3.3486698,-3.8160279,-3.8160284,-3.9233527,-3.7849584,-3.7424958,-4.529295,-2.951348,-2.2205505,-2.6039524,-2.6039522,-2.6340945,-2.7901368,-2.5665753,-2.9582272,-3.8279824,-3.859352,-3.4639492,-3.463944,-3.5080032,-2.4041874,-3.6984167,-4.112787,-4.0602765,-4.0591135,-4.236516,-4.2365155,-4.1413684,-4.183137,-4.1889195,-4.0974574
O=C2NC(=O)C1(CCCCC1)C(=O)N2,-3.06,-2.460273,-2.6329355,-2.1415012,-2.1415012,-2.1390371,-2.4391441,-2.1304092,-2.6274893,-2.9069877,-1.7714397,-1.8025349,-1.8025349,-1.7897907,-1.8183523,-1.8067359,-2.3076108,-2.721936,-3.2275805,-3.1603,-3.1603003,-3.1825304,-3.2096553,-3.1206686,-2.9339972,-2.6456387,-2.1160932,-2.3022404,-2.3022456,-1.8352795,-2.5515034,-2.1077764,-2.1101513,-2.8752782,-2.609999,-2.699191,-2.6991904,-2.7323701,-2.8669214,-2.7528315,-2.671213,-2.6088705,-2.1628244,-1.6655773,-1.665577,-1.668086,-1.7858433,-1.8452365,-1.6050717,-2.327445,-1.4112754,-1.8805106,-1.8805104,-1.931983,-2.1431222,-1.8330079,-2.095918,-2.8024602,-2.795213,-2.3427274,-2.3427224,-2.39087,-1.6242938,-2.4237475,-2.7883034,-3.0919788,-2.9892716,-2.9350922,-2.9350924,-2.9365642,-3.0142791,-2.862475,-3.0630114
CC(Cl)(Cl)Cl,-2.0,-2.089801,-1.396171,-1.1755584,-1.1755584,-1.1583416,-1.6065342,-1.0790325,-2.071158,-1.7166677,-1.4576337,-1.6564006,-1.6564006,-1.6583817,-1.6385992,-1.6581682,-1.5422434,-1.8903594,-1.0288941,-0.978271,-0.97827125,-0.9796848,-1.0839547,-1.4559222,-1.6372125,-1.9484117,-1.7242587,-2.5992606,-2.599266,-1.9678273,-2.331951,-2.2068686,-2.0196743,-1.9297386,-2.0138426,-1.3876605,-1.3876603,-1.3851979,-1.4931346,-1.3560401,-2.0087445,-1.8622674,-1.1597517,-0.88334495,-0.88334495,-0.8744287,-0.8943814,-0.89119756,-1.683743,-2.1219964,-1.7499592,-2.194551,-2.1945505,-2.1922047,-2.5227644,-2.125731,-2.3919187,-1.9454901,-2.6507936,-2.2053225,-2.2053225,-2.217142,-1.834926,-2.2484326,-2.3695004,-2.551498,-2.4856005,-2.608187,-2.6081862,-2.6328585,-2.6083267,-2.624033,-2.3868477
CCC(C)(C)Cl,-2.51,-2.7942126,-1.8504722,-1.5955861,-1.5955864,-1.614497,-1.8524235,-1.5982335,-1.5599561,-1.4573114,-1.4464638,-1.5298096,-1.5298098,-1.5251477,-1.6189773,-1.527455,-1.7422882,-2.360268,-1.4001228,-1.4993063,-1.4993058,-1.5024717,-1.4740902,-2.1370537,-2.1471934,-2.6390195,-2.106807,-2.5000215,-2.5000296,-1.8146309,-2.4904668,-2.1438336,-2.212896,-2.5111997,-1.9229807,-1.8249588,-1.8249582,-1.8289756,-1.892077,-2.0377326,-1.8796328,-1.9951993,-1.658142,-1.5249568,-1.524957,-1.5266984,-1.4972984,-1.4986331,-1.1328257,-2.6510756,-2.7815824,-2.4224327,-2.4224324,-2.5396547,-2.9978209,-2.5525622,-2.7570543,-2.3616805,-2.7123268,-2.601907,-2.6019049,-2.6279857,-2.0326858,-2.653028,-2.6288319,-2.3898237,-2.0521243,-2.0435936,-2.043594,-2.0209918,-1.9920381,-2.0217638,-1.923764
CC(C)c1ccc(C)cc1O,-2.22,-1.3269106,-2.525525,-2.125905,-2.1259053,-2.1280668,-2.3136888,-2.1507926,-2.3710244,-2.1136093,-2.4879296,-2.1647584,-2.1647582,-2.1245215,-2.3390586,-2.1722133,-2.8123746,-2.152919,-2.6054516,-2.650061,-2.6500611,-2.682061,-2.6243978,-2.5799856,-2.6171439,-2.0372367,-2.033818,-2.2856357,-2.285643,-2.1054394,-2.522818,-1.8717991,-1.9341165,-2.0177693,-2.3832498,-2.2100682,-2.210068,-2.240946,-2.2924888,-2.2426777,-1.2942479,-2.0884316,-2.5467193,-2.0630753,-2.063075,-2.0782838,-2.1616778,-2.2506258,-1.9674852,-2.191664,-2.2699242,-2.1516159,-2.151616,-3.0053403,-2.4631503,-2.9094806,-2.1612957,-2.2568674,-2.0302944,-1.8736923,-1.8736873,-1.835861,-1.0650145,-1.9332246,-2.3719647,-2.2782052,-2.2571015,-2.0832388,-2.083239,-2.1179976,-2.14366,-2.1353734,-2.162943
C2c1ccccc1N(CCF)C(=O)c3ccccc23 ,-4.799,-3.9962578,-3.93822,-3.5273724,-3.5273728,-3.5117006,-3.7886286,-3.4644291,-3.3097785,-4.4244313,-3.6650763,-3.5754406,-3.5754418,-3.5388336,-3.6191618,-3.5838559,-3.7120857,-4.7264004,-3.9973822,-3.7229304,-3.722931,-3.748909,-3.824647,-3.5719478,-3.6025858,-4.449091,-3.7574866,-3.8714464,-3.871452,-3.9867396,-4.369127,-3.754533,-3.878534,-4.545943,-3.4838798,-3.4833329,-3.483333,-3.4347274,-3.602977,-3.3672674,-2.748786,-4.340616,-3.728305,-4.116653,-4.116653,-4.272806,-3.9989638,-4.07972,-4.259399,-3.5853708,-3.4158392,-3.023545,-3.023545,-3.702144,-3.4557636,-3.647148,-3.2634065,-4.7419877,-4.3637257,-4.0820303,-4.0820246,-4.114883,-2.9492202,-4.206988,-4.694033,-4.7708783,-4.7248783,-4.8334074,-4.8334064,-4.828047,-4.886629,-4.835667,-4.8394794
COP(=S)(OC)Oc1ccc(SC)c(C)c1,-4.57,-3.346475,-4.0220447,-3.774827,-3.7748268,-3.783977,-4.1329923,-3.7739005,-3.8744931,-4.5113235,-4.372377,-3.8155077,-3.815507,-3.7511108,-4.2829576,-3.8104625,-4.22178,-4.46387,-3.9635134,-3.6267142,-3.626714,-3.6402202,-3.573058,-3.8661783,-3.794234,-4.3147287,-3.331284,-3.3855426,-3.3855498,-3.3651462,-3.4513695,-3.0143652,-3.2191865,-4.357971,-3.7467704,-3.4907198,-3.4907196,-3.5234807,-3.6088412,-3.537682,-3.1258066,-4.052282,-3.856735,-4.204209,-4.204209,-3.8159277,-4.213764,-4.0689473,-4.493852,-3.1268654,-3.7317076,-3.132465,-3.1324646,-4.1577177,-3.4648037,-4.131795,-3.3839066,-4.527771,-4.1863346,-3.8636837,-3.8636801,-3.858123,-2.9034078,-4.0572906,-4.642757,-4.553554,-4.5696507,-4.6777225,-4.677722,-4.6354694,-4.5738726,-4.6459513,-4.7523246
CC(C)Cl,-1.41,-0.9427498,-1.3642395,-0.50885653,-0.5088565,-0.4965053,-0.6488012,-0.49080107,-1.0509359,-0.66402495,-0.61868745,-0.5760051,-0.57600504,-0.5744446,-0.6626182,-0.5632273,-0.9200945,-1.4660022,-1.0392203,-1.0481576,-1.0481572,-1.0486264,-1.0461208,-1.2570145,-1.2422544,-1.7821958,-1.2800347,-1.5721807,-1.5721877,-1.1975487,-1.6778258,-1.375714,-1.2581351,-1.4227655,-2.1231115,-0.32766202,-0.327662,-0.3884801,-0.10408729,-0.34988165,-0.8594713,-1.0894809,-1.3056165,-1.0079111,-1.0079112,-0.9988799,-0.9398608,-0.99676913,-0.8235141,-1.8312281,-1.9919832,-1.8409839,-1.8409836,-1.7200487,-2.1906316,-1.6937808,-1.9834405,-1.2411817,-1.1782695,-1.2057154,-1.2057134,-1.211354,-0.7769096,-1.2463549,-1.081497,-1.8847272,-1.4573543,-1.5351295,-1.5351294,-1.6698015,-1.7382395,-1.5811586,-2.446118
CCCCCCCCCC(C)O,-2.94,-3.9626846,-3.6623256,-3.5241013,-3.5241013,-3.5349557,-3.955197,-3.564751,-3.4332385,-4.0090747,-3.8096814,-4.7456737,-4.7456746,-4.6514134,-5.132664,-4.729906,-3.926268,-3.5586884,-3.4097118,-3.321191,-3.321191,-3.342198,-3.221287,-4.208538,-4.1261945,-3.4357994,-4.023822,-4.6690383,-4.669045,-3.3090825,-5.164963,-4.581116,-4.308828,-3.2146225,-3.4820213,-3.3841214,-3.3841214,-3.435866,-3.6308022,-3.4720314,-3.4748905,-3.6082842,-4.2861414,-4.0785646,-4.0785646,-3.9146802,-4.05838,-3.9740956,-4.2622514,-3.9249427,-4.1330266,-3.731752,-3.731752,-4.657525,-4.1739426,-4.742902,-3.8005714,-3.7570488,-4.0447574,-4.0556707,-4.0556664,-4.0219326,-2.8605986,-4.308334,-4.394311,-2.9962366,-2.9737246,-3.0673897,-3.0673902,-2.9310372,-3.0667055,-3.0266447,-2.9822946
Oc1ccccc1N(=O)=O,-1.74,-1.7443938,-2.3398347,-2.1504812,-2.1504815,-2.1499643,-2.3264647,-2.155238,-2.1176836,-1.9646086,-0.7756963,-1.2581147,-1.2581149,-1.2721603,-1.2639866,-1.2364702,-1.1279504,-1.6508408,-1.6198927,-1.7128873,-1.7128873,-1.7211108,-1.6775826,-1.0209702,-1.1402378,-1.8879197,-1.46427,-2.1731834,-2.1731906,-1.5672239,-2.105529,-1.8015014,-1.4727196,-1.8139172,-1.7488221,-1.4365207,-1.4365208,-1.4151169,-1.5372502,-1.3984306,-1.4781386,-1.8780705,-2.085539,-2.1102216,-2.1102216,-2.1278043,-2.100425,-2.049636,-1.6749475,-1.28397,-0.40611804,-1.2428334,-1.2428329,-1.145364,-1.325633,-1.0574825,-1.1869819,-1.6983421,-1.8354154,-2.1611779,-2.1611776,-1.7464724,-1.599714,-2.1998305,-1.8383862,-1.7081256,-1.7926848,-1.7544876,-1.7544879,-1.827022,-1.8909519,-1.7678628,-1.7688097
CCNc1nc(NC(C)C)nc(SC)n1,-3.04,-3.0182402,-4.0464664,-3.6535237,-3.6535237,-3.6439607,-3.908697,-3.5947592,-3.352523,-3.1954045,-2.6291373,-2.9167354,-2.916736,-2.8621805,-3.2932355,-2.9309814,-2.9918196,-3.6657572,-4.087444,-3.858934,-3.8589337,-3.86405,-3.9052176,-3.993504,-3.721751,-3.2452953,-2.151966,-2.6286664,-2.6286724,-2.6768856,-2.7781215,-2.6279612,-2.2197104,-3.4018478,-3.7700934,-3.5893445,-3.5893445,-3.5714428,-3.7088537,-3.5587497,-2.5275247,-2.7663693,-3.753685,-3.9899502,-3.98995,-3.6941533,-4.033072,-3.921726,-4.1638403,-3.4182732,-2.912725,-3.617199,-3.617199,-3.291562,-3.8472328,-3.311371,-3.6201396,-3.2253394,-3.2763562,-2.9922156,-2.9922106,-3.0341034,-2.0837355,-2.950786,-3.150178,-2.9633706,-3.9578242,-4.138894,-4.1388946,-3.928713,-3.829395,-4.4053893,-3.957255
Oc1ccccn1,1.02,0.17023018,-1.9272829,-1.6286423,-1.6286422,-1.6297227,-1.7335364,-1.6367003,-1.0941622,1.3002518,-0.8090304,0.09497881,0.09497898,0.0859781,-0.15520999,0.104171135,-0.71624744,0.9227162,-1.0768845,-1.072923,-1.0729231,-1.0743884,-0.9975449,-0.15984002,-0.3011515,0.9721366,-0.72502553,-0.9345967,-0.9346016,-0.50345385,-1.134687,-0.5366342,-0.7307376,1.0563872,-1.4685669,-1.2633984,-1.2633984,-1.2342254,-1.4005376,-1.2338936,-0.5590628,0.63168633,-2.2344077,-2.1683295,-2.1683297,-2.2226896,-2.1584468,-2.283409,-2.218822,-0.84460664,-0.095404215,-0.6002688,-0.60026926,-0.67657137,-0.81983036,-0.59622234,-0.7410422,1.0988059,0.050581027,-0.047074765,-0.04707314,-0.06484498,0.23884684,0.026428182,-0.34323004,1.1345332,1.4336429,1.2932575,1.2932575,1.1065159,1.1231079,1.2321413,0.9592651
C/C1CCCCC1\C,-4.3,-4.056468,-2.0256882,-1.4050591,-1.4050593,-1.3911754,-1.6078866,-1.3481965,-1.7123722,-4.187467,-2.0049706,-3.0073202,-3.0073206,-2.9943595,-3.006439,-3.0115864,-2.405969,-4.2923684,-2.3313746,-2.480769,-2.4807687,-2.50066,-2.413303,-3.9668164,-3.9142272,-4.1946774,-2.709507,-3.3218415,-3.3218489,-3.0123968,-3.160854,-3.3634655,-2.9663415,-3.8679037,-2.0253706,-2.1096988,-2.1096988,-1.8772235,-2.1374023,-2.4098186,-1.6247727,-3.4466975,-1.9498228,-1.9636678,-1.9636675,-1.9776033,-1.9368876,-1.9202447,-1.602942,-4.220315,-3.924459,-3.388291,-3.388291,-3.6528873,-3.9609017,-3.7009501,-3.2130542,-4.27201,-4.328211,-4.4324718,-4.43247,-4.4428854,-3.568067,-4.6359797,-4.236191,-3.251403,-3.0500817,-3.2110748,-3.211075,-3.3668377,-3.4731638,-3.2641351,-3.3415186
CCNc1nc(Cl)nc(NC(C)(C)C#N)n1,-3.15,-3.4900196,-3.9266505,-3.6154585,-3.6154583,-3.6122046,-3.8900948,-3.5995457,-3.853026,-3.2631648,-2.7758946,-2.0630386,-2.0630388,-2.1214912,-2.4154422,-2.0404131,-2.615396,-3.4300244,-4.0214267,-3.8217607,-3.8217607,-3.8788342,-3.9182734,-3.503076,-3.4405727,-3.4620442,-2.2831903,-2.8108752,-2.8108819,-2.576836,-2.866758,-2.645022,-2.4084702,-3.6705813,-3.6919253,-3.7687786,-3.7687786,-3.717076,-3.9001367,-3.7752776,-3.24905,-3.0477176,-3.5930655,-3.4639556,-3.4639556,-3.321341,-3.4568396,-3.3909745,-3.517339,-3.2034733,-2.7514029,-3.4405324,-3.4405327,-3.138483,-3.7105687,-3.1015089,-3.4830441,-3.1640522,-3.1960747,-3.1369333,-3.1369276,-3.1684074,-2.0534596,-3.4720166,-3.8995855,-3.1139495,-3.183671,-3.2478774,-3.2478776,-3.2130678,-3.131689,-3.2482038,-3.3153286
CC(C)(C)CCO,-0.5,-1.1233633,-1.7384565,-1.4106861,-1.410686,-1.4199263,-1.8270046,-1.3989747,-1.8373885,-0.6013422,-1.1778128,-1.3962011,-1.3962007,-1.3910694,-1.3899951,-1.3757491,-1.7929815,-0.82671857,-1.6591583,-1.697189,-1.6971892,-1.703753,-1.629584,-1.1186314,-1.2718899,-0.727293,-1.4657038,-1.791971,-1.7919773,-1.4660071,-1.8779181,-1.551148,-1.6513956,-0.22840577,-1.8828968,-1.7238028,-1.7238026,-1.6829786,-1.8283039,-1.6404525,-1.5952951,-0.31319103,-1.8759314,-1.5379127,-1.5379126,-1.5484608,-1.5625123,-1.6282314,-1.1802753,-0.6136123,-1.4216645,-0.2606344,-0.2606347,-1.6200285,-0.69854146,-1.5457398,-0.9811104,-0.6833397,-1.4074264,-1.3407203,-1.3407167,-1.363191,-0.77128553,-1.4721342,-1.5819558,-0.5812729,-0.8887123,-0.83977944,-0.8397795,-0.79298955,-0.7213635,-0.7835903,-0.46515346
BrCBr,-1.17,-1.0290437,-0.9710438,-0.56677026,-0.5667703,-0.581539,-0.76802564,-0.6187637,-1.583959,-1.0735567,-0.750292,-1.328963,-1.3289629,-1.326033,-1.4540792,-1.3061117,-0.87156624,-1.0640036,-1.4819856,-1.4645135,-1.4645135,-1.4667165,-1.3098241,-2.3753371,-2.1987,-1.1031387,-0.6940309,-1.099235,-1.099241,-0.52555496,-1.0044644,-0.68477386,-0.78710365,-1.3720857,-3.3482008,-3.1105263,-3.110527,-3.1879718,-3.246773,-3.199775,-1.9426347,-1.1625972,-1.1871549,-0.8712817,-0.87128174,-0.87626785,-0.9295551,-0.8751337,-1.618272,-1.7562593,-1.639314,-1.438175,-1.4381748,-1.5592945,-1.3294283,-1.5054488,-1.471765,-1.0451453,-1.4849042,-1.3537884,-1.3537904,-1.352994,-1.164744,-1.3723553,-1.2044966,-1.8847272,-1.4573543,-1.5351295,-1.5351294,-1.6698015,-1.7382395,-1.5811586,-2.446118
O=N(=O)c1ccccc1N(=O)=O,-3.1,-3.1392035,-2.6372037,-2.6006875,-2.6006875,-2.594073,-2.824103,-2.5801666,-2.9063208,-3.0779836,-0.7738423,-2.6419673,-2.6419668,-2.6506135,-2.7661047,-2.584596,-1.4923177,-2.8970659,-2.035026,-2.1369097,-2.13691,-2.1483479,-2.1605136,-2.1490078,-2.3000007,-2.8883598,-2.3639388,-3.452736,-3.452745,-2.6080418,-3.0857642,-2.988841,-2.5916295,-3.2791362,-2.347638,-2.5207734,-2.5207727,-2.1958797,-2.557183,-2.9461021,-2.4532158,-2.3115156,-2.1148152,-2.1743166,-2.1743164,-2.1974232,-2.193918,-2.1122606,-2.0653114,-2.4257898,-1.3715912,-2.0172894,-2.0172894,-2.1043959,-2.2561193,-1.9695841,-2.4766681,-2.951634,-3.0807905,-3.2838924,-3.2838895,-3.3617966,-2.6098342,-3.330218,-3.2113543,-3.0651639,-3.2412715,-3.1783507,-3.1783512,-3.1704953,-3.162275,-3.240541,-3.147441
Cc1ccc(Cl)cc1,-3.08,-1.8921399,-2.1584418,-1.966149,-1.966149,-1.9798366,-2.2269459,-2.0086992,-2.0221622,-2.3394587,-2.3296223,-1.9616883,-1.9616886,-1.963961,-1.9616075,-1.9502463,-2.0392497,-2.9562156,-1.9281629,-2.0155563,-2.015556,-2.0228019,-1.9888012,-2.80955,-2.6094327,-2.8666463,-2.161487,-2.5114064,-2.5114133,-2.252329,-2.7091098,-2.1943166,-2.11223,-3.3620687,-2.3335097,-2.136376,-2.136376,-2.23923,-2.2257168,-2.275139,-2.9448273,-2.783368,-2.438998,-2.0312726,-2.0312726,-2.0923064,-2.0650678,-2.20251,-1.495317,-3.3999684,-2.627273,-2.5514798,-2.5514793,-2.6576982,-3.0830708,-2.6169255,-2.6646595,-2.972653,-2.5605416,-2.2765262,-2.276524,-2.301193,-1.6729286,-2.5203152,-1.9983715,-3.153491,-3.6698766,-3.5885603,-3.588561,-3.4775267,-3.436317,-3.5398583,-3.2679112
Nc3ccc2cc1ccccc1cc2c3 ,-5.17,-5.0440288,-2.8595705,-2.9848046,-2.9848049,-3.0034308,-3.464802,-3.0412583,-4.2565737,-4.9998293,-4.2281857,-4.3634386,-4.3634405,-4.305833,-4.5478415,-4.395973,-4.3976693,-5.060805,-3.4332426,-3.6022553,-3.6022553,-3.6125436,-3.4420977,-4.9478602,-4.907993,-5.092208,-4.2759953,-5.0810866,-5.081097,-4.993803,-4.9514947,-4.8533893,-4.4223313,-5.0593324,-2.5604522,-3.0487545,-3.0487552,-3.1096518,-3.0706718,-3.152937,-5.2090364,-5.1307364,-3.675564,-3.5498173,-3.5498168,-3.6377003,-3.5322516,-3.6608574,-3.9860058,-3.1125138,-3.0950189,-3.0646152,-3.0646155,-3.4643219,-3.4610581,-3.3106425,-3.0180583,-5.2553306,-5.447745,-5.3845024,-5.3845015,-5.400017,-4.5552588,-5.57727,-5.6331854,-5.1362157,-5.0098395,-5.2160325,-5.216031,-5.175016,-5.2521625,-5.176828,-5.1686077
ClC(Cl)C(c1ccc(Cl)cc1)c2ccc(Cl)cc2,-7.2,-7.4096074,-4.904039,-4.418728,-4.4187274,-4.4025097,-4.7448635,-4.3400474,-4.4502277,-7.1752872,-6.8057294,-6.3000603,-6.300062,-6.2436423,-6.508185,-6.277397,-5.954919,-7.1192546,-5.2945337,-5.3437414,-5.343742,-5.403964,-5.400088,-7.105679,-7.4597754,-6.4930286,-4.818094,-5.1891,-5.1891074,-5.075545,-5.2071934,-5.020763,-5.3527474,-7.514048,-4.407726,-4.7062216,-4.7062216,-4.6474657,-4.7464843,-4.603345,-5.1736784,-5.902488,-4.317821,-4.935183,-4.9351835,-5.1871033,-4.7235227,-5.032163,-4.3970757,-6.691103,-4.00591,-5.491298,-5.4912972,-4.4652762,-6.001591,-4.4161854,-5.6980386,-6.9156294,-7.120337,-6.7226057,-6.722605,-6.739112,-5.433389,-6.8720937,-7.1008167,-7.072683,-6.358396,-6.6384907,-6.6384892,-6.60278,-6.452372,-6.6983166,-6.553977
CSSC,-1.44,-1.4282181,-1.8583263,-1.5505635,-1.5505637,-1.5652119,-1.7167838,-1.5777014,-0.76883084,-1.2558525,-1.28198,-0.1921865,-0.19218644,-0.1970898,-0.14503574,-0.16793069,-0.76092464,-1.3221079,-1.1829225,-1.1678554,-1.1678555,-1.168488,-1.1864073,-1.6701605,-1.9645934,-1.4583989,-0.62594277,-0.99169075,-0.9916974,-0.53878486,-0.9853593,-0.61174977,-0.65679324,-1.5005072,-3.4154205,-2.7461085,-2.7461078,-2.946431,-2.8641498,-3.0453653,-1.2349508,-1.5235986,-2.2955673,-2.4310918,-2.4310915,-2.4976373,-2.3093226,-2.4450357,-2.1244247,-2.1757417,-3.0581942,-1.7083948,-1.7083946,-3.032842,-1.9007577,-3.0387018,-2.0984995,-1.3498616,-1.3790318,-1.5621109,-1.562109,-1.6259128,-0.9007232,-1.7287284,-1.4991523,-2.9581819,-1.9327695,-2.0384283,-2.0384288,-2.162353,-2.2773533,-2.0840154,-2.4161155
CC(=O)OCC(=O)C1(O)CCC2C3CCC4=CC(=O)CCC4(C)C3C(O)CC21C,-4.88,-4.2709637,-5.9597416,-5.435368,-5.435368,-5.4431844,-5.768468,-5.481725,-5.0938816,-4.742578,-4.259987,-3.4447377,-3.4447374,-3.3967338,-3.9145622,-3.4512153,-3.9034507,-4.586648,-3.732885,-3.813814,-3.813814,-3.70431,-3.505429,-4.94232,-4.5673165,-4.5336633,-3.9571357,-4.0005736,-4.0005784,-4.0395217,-4.7411737,-4.1328893,-3.8315473,-4.400512,-5.3702483,-5.2563195,-5.256319,-5.249628,-5.377017,-5.296928,-4.682951,-4.7476535,-5.2612133,-4.800128,-4.800128,-4.8234224,-4.62974,-5.1503367,-4.800108,-3.9174128,-4.075774,-4.126324,-4.126324,-4.607615,-4.36325,-4.608264,-4.5236354,-4.5174956,-5.2224536,-4.875227,-4.87522,-4.9073067,-3.4405584,-5.075051,-4.910275,-4.5394993,-4.8494024,-4.9406133,-4.9406123,-4.9671073,-5.044447,-5.0283494,-4.98091
CCO,1.1,0.83629197,-0.93317515,-0.17070906,-0.17070894,-0.17428923,-0.35114175,-0.20195648,-0.49905714,1.4969202,-0.0013835084,0.36809006,0.36809012,0.36264575,0.1342059,0.37841406,-0.45567217,1.2888998,-0.7702171,-0.64007974,-0.64007974,-0.63995135,-0.5430253,0.6094846,0.2581448,1.1869712,-0.3086503,-0.08357849,-0.08358301,0.3021578,-0.34801844,0.34681785,-0.33207938,0.9462243,-1.3349224,-0.6306337,-0.6306336,-0.62137324,-0.5672067,-0.5961786,-0.68926716,1.3045844,-1.1321098,-0.7498297,-0.74982965,-0.7426168,-0.7307749,-0.7783454,-0.87070686,0.5493167,0.19079515,1.3016732,1.3016723,0.33546782,1.0416552,0.369695,0.35240844,1.2807736,0.8103118,1.0487665,1.0487692,1.0438235,1.5204493,1.3579533,0.5952411,1.1275728,1.8914373,2.2259,2.2259004,2.652815,2.9062676,2.7507634,0.9848345
CC(C)N(=O)=O,-0.62,-1.0540519,-1.6614202,-1.3762906,-1.3762907,-1.3775918,-1.6183677,-1.3584913,-1.1851263,-0.4450384,-0.10078612,0.3391375,0.3391377,0.3254233,-0.011573831,0.3522693,-0.46351317,-0.5361904,-1.2786428,-1.3258402,-1.3258401,-1.3291712,-1.3141061,-1.2166207,-1.3208369,-0.4631355,-0.851356,-1.0307782,-1.0307811,-0.63173056,-1.2589735,-0.74224323,-0.91290474,-0.73363906,-1.517381,-0.9361845,-0.93618435,-0.9307551,-1.1048368,-0.8689929,-0.7010659,-0.45174477,-1.3174683,-1.0939147,-1.0939146,-1.0888333,-1.1079292,-1.0794166,-1.657154,-0.5647991,-0.7542089,0.45377216,0.45377243,-0.7127011,-0.08435556,-0.64029604,-0.19259802,-0.5859467,-0.6421228,-0.66543895,-0.6654354,-0.69494915,-0.33353314,-0.80758846,-0.58421344,-0.7546004,-0.82307863,-0.6820554,-0.6820555,-0.8484275,-0.8381185,-0.8389356,-0.64661276
CCCCOCCO,-0.42,-2.4762163,-2.4544737,-2.22048,-2.2204797,-2.2091675,-2.560523,-2.153822,-2.3810947,-0.6229975,-1.4367435,-1.2337244,-1.2337245,-1.2010771,-1.3393024,-1.2800149,-1.5764668,-0.34966022,-1.6156719,-1.545244,-1.545244,-1.5551226,-1.4024359,-0.34288877,-0.5520899,-0.58560777,-0.79168206,-0.88306737,-0.883072,-0.5857755,-1.1671852,-0.58609897,-0.85213315,-0.89112395,-2.2898421,-2.1032982,-2.1032977,-2.13213,-2.214056,-1.979781,-2.012882,-1.5166866,-2.8788369,-2.6434715,-2.6434717,-2.383004,-2.6761143,-2.2985547,-2.552285,-1.0160354,-1.4228839,-0.8237264,-0.8237267,-1.7099556,-1.2004834,-1.6753507,-1.2465641,-0.5094064,-1.7133385,-1.4828537,-1.4828483,-1.3390436,-0.6068355,-1.3044826,-1.8586159,-0.49856728,-0.3020869,-0.28663397,-0.28663397,-0.40453178,-0.4826042,-0.48612642,-0.52461
ClC(=C)Cl,-1.64,-0.51284814,-1.8069562,-1.4324719,-1.4324721,-1.4352508,-1.5077726,-1.442883,-0.81634015,-1.3879961,-0.60875636,-1.207371,-1.2073709,-1.2074963,-1.1043949,-1.2020115,-0.61953115,-1.5161645,-0.8992802,-0.7984652,-0.7984651,-0.7986375,-0.8536807,-0.831772,-0.92214406,-1.4098341,-0.77992225,-1.3943614,-1.3943685,-0.7854477,-1.2301402,-0.9725291,-0.9614534,-1.6443791,-2.6445785,-2.2736113,-2.2736106,-2.2226996,-2.2583065,-2.319532,-0.952526,-1.7645663,-1.2026514,-0.8360694,-0.8360693,-0.82488775,-0.83606756,-0.8732397,-0.84814316,-2.3080008,-2.3826265,-2.065581,-2.0655816,-2.3980112,-2.4286776,-2.4151862,-2.2607543,-1.5954455,-1.2479991,-0.95063734,-0.95063806,-0.95507336,-0.8477851,-1.000568,-1.7076838,-1.1216829,-1.4588327,-1.5656065,-1.5656068,-1.5719192,-1.4925606,-1.5601101,-1.1633734
CN(C)C(=O)Nc1cccc(OC(=O)NC(C)(C)C)c1 ,-2.93,-3.6965933,-4.9214616,-4.6848426,-4.684843,-4.69124,-5.0634604,-4.7404456,-4.660723,-2.8701234,-3.8104663,-2.733338,-2.7333384,-2.689469,-3.3233614,-2.744777,-3.5764184,-3.2284787,-4.5575624,-4.2961416,-4.2961416,-4.220855,-4.1904435,-3.2549894,-3.316207,-2.8340974,-3.049955,-3.3023407,-3.3023458,-3.2659993,-3.6824267,-3.2577786,-3.1949134,-3.1146924,-4.955453,-4.5631037,-4.563103,-4.5671453,-4.7860913,-4.5968175,-3.2217004,-3.6195252,-5.0212636,-5.0411773,-5.0411777,-5.1013985,-4.926339,-5.0064483,-4.411089,-3.039525,-6.0678873,-4.470258,-4.4702587,-5.5779285,-5.39373,-5.4212184,-3.4069629,-3.0784776,-4.011802,-3.6637712,-3.6637664,-3.7487655,-2.942083,-3.510724,-3.8165143,-2.847155,-2.9507933,-3.0292325,-3.029232,-2.9566476,-2.9774334,-3.0501556,-2.9664702
CC(C)Oc1cc(c(Cl)cc1Cl)n2nc(oc2=O)C(C)(C)C,-5.696000000000001,-5.461052,-5.200814,-4.8317785,-4.831778,-4.8347783,-5.1572256,-4.8756046,-4.719849,-5.702068,-4.864898,-4.116449,-4.1164484,-4.1165257,-4.6020484,-4.1009817,-4.2085176,-5.8038177,-5.487305,-5.2668314,-5.2668314,-5.154932,-5.398048,-5.324682,-5.539867,-5.0966306,-5.211021,-4.7821546,-4.7821608,-4.978276,-5.4554753,-4.7144756,-4.3708525,-5.593963,-4.8331323,-4.6305103,-4.630511,-4.655148,-4.810253,-4.755652,-3.764857,-5.591181,-4.5243063,-4.2487087,-4.2487087,-4.3097982,-4.216226,-4.3890014,-3.9242845,-5.1668024,-5.324833,-5.0049205,-5.0049205,-5.6900983,-5.306316,-5.610551,-5.26686,-5.6660686,-4.8677216,-4.5700293,-4.5700245,-4.6085114,-3.3708563,-4.5537906,-5.245078,-5.559283,-3.4026282,-3.5918572,-3.5918577,-3.644272,-3.4914272,-3.9544384,-4.6550417
CCCCCCCCCCO,-3.63,-4.125955,-3.4904315,-3.4261703,-3.4261703,-3.4384909,-3.8654964,-3.4709184,-3.4467318,-3.4946241,-3.4243417,-4.0651765,-4.0651765,-4.004212,-4.4246435,-4.078239,-3.3688862,-3.4973755,-3.0681257,-2.951626,-2.9516263,-2.9562724,-2.8366299,-3.7949724,-3.9572682,-3.4937236,-3.6626096,-4.3163676,-4.3163733,-3.518835,-4.3278933,-4.284545,-3.9079678,-3.363407,-3.25862,-3.1870763,-3.1870766,-3.254998,-3.4267328,-3.30513,-3.4343274,-3.1270514,-4.449589,-4.435942,-4.435942,-4.361097,-4.4210005,-4.318689,-4.850235,-3.5496166,-3.7141523,-3.6024246,-3.6024246,-4.3259196,-4.408629,-4.2495565,-3.763237,-3.4897587,-3.7801094,-3.7111704,-3.7111657,-3.6388142,-2.5788422,-4.018435,-4.0481505,-3.7364337,-3.5424907,-3.6638315,-3.663832,-3.6738412,-3.7209246,-3.7212467,-3.6942263
CCOP(=S)(NC(C)C)Oc1ccccc1C(=O)OC(C)C,-4.194,-4.056067,-5.4761577,-5.0763965,-5.076396,-5.0705895,-5.3425574,-5.071487,-4.5755577,-4.174527,-4.0999646,-4.223558,-4.2235575,-4.0950723,-4.708884,-4.288952,-4.6632876,-4.312558,-4.707954,-4.6568985,-4.6568985,-4.535945,-4.837002,-5.0391555,-5.322024,-4.092186,-5.1989613,-4.9247346,-4.9247413,-4.8697753,-5.493397,-4.8373075,-4.858428,-4.1114955,-5.5740294,-5.236808,-5.2368073,-5.087231,-5.3509493,-4.8822904,-3.7709258,-4.342093,-4.4470267,-4.7118874,-4.711888,-4.5919867,-4.6498556,-4.5513453,-4.3339505,-3.8560736,-4.0899787,-4.2838016,-4.283801,-4.5332646,-4.5954323,-4.4567637,-4.2178597,-4.2773337,-4.911015,-4.648629,-4.6486254,-4.734015,-3.4701722,-4.6479564,-4.8731103,-4.0918446,-3.459599,-3.2096303,-3.20963,-3.2091033,-3.8331053,-3.6319566,-4.2763877
O=C1N(COC(=O)C)C(=O)C(N1)(c2ccccc2)c3ccccc3,-4.47,-4.39252,-4.9959664,-4.678153,-4.678153,-4.666496,-4.9393697,-4.6427956,-4.5510545,-4.7069383,-4.2535653,-3.7434428,-3.7434428,-3.6768582,-4.0715814,-3.7690659,-4.020388,-4.6375885,-4.6379895,-4.138467,-4.1384673,-4.107701,-4.7517047,-4.386864,-4.0642986,-4.1846147,-2.4721808,-3.0933456,-3.0933504,-3.0153918,-3.5230892,-2.9351435,-2.7653131,-4.3876157,-4.317208,-4.224867,-4.224867,-4.1625824,-4.3108873,-4.1398454,-3.3342967,-4.1223745,-4.3562903,-4.7947507,-4.794751,-4.835253,-4.624065,-4.394523,-4.895059,-3.6606765,-3.1890612,-3.7630873,-3.7630868,-3.6791086,-3.8929722,-3.635603,-4.069823,-4.3876014,-4.088217,-4.1490445,-4.1490374,-4.2030907,-2.8859043,-4.288568,-5.1239386,-4.3706074,-4.417783,-4.5779624,-4.577962,-4.5176263,-4.5431004,-4.5298004,-4.55498
O=C1NC(=O)C(=O)C(=O)N1 ,-1.25,-1.3849559,-2.3144112,-2.2781262,-2.2781267,-2.2746615,-2.4842432,-2.2773116,-2.0264359,-1.2691948,0.119599625,-1.7158204,-1.7158198,-1.7166778,-1.935501,-1.6591173,-0.22030497,-1.1978921,-1.5016049,-1.6142474,-1.6142477,-1.621052,-1.5705526,-1.597255,-1.6186082,-1.2549832,-0.27418643,-1.0901153,-1.0901227,-0.69781125,-0.6697059,-0.9999998,-0.48057222,-1.152079,-2.3204803,-2.4649959,-2.4649956,-2.3759887,-2.5687444,-2.4241264,-1.592298,-1.1380864,-2.29717,-2.5404594,-2.5404592,-2.6142902,-2.4975493,-2.5495408,-2.2347858,-1.1747795,-2.2700238,-0.6866878,-0.6866878,-2.0463283,-0.99482137,-2.0008917,-1.4936972,-1.0746005,-0.79827803,-0.82760334,-0.8276014,-0.84427124,-0.54345495,-1.0810145,-1.028538,-1.2966988,-1.1893257,-1.2446034,-1.2446034,-1.2690326,-1.2569826,-1.2361834,-1.2894762
CN(C)c1ccccc1,-1.92,-1.7155873,-2.3238542,-1.9145333,-1.9145331,-1.9160708,-2.0624385,-1.9375079,-1.8052297,-1.6419246,-2.030407,-2.317054,-2.3170543,-2.298856,-2.293818,-2.3151004,-2.351581,-1.6109746,-1.9072322,-2.0423083,-2.0423083,-2.0510101,-1.9599862,-2.3731554,-2.4154046,-1.9684701,-1.9167708,-2.4278653,-2.4278724,-2.055873,-2.5232623,-2.203615,-1.9142325,-1.8915781,-2.6644416,-3.0592566,-3.0592566,-3.098876,-2.9272416,-3.166627,-2.7870512,-2.6327846,-2.1441705,-1.9706254,-1.9706255,-1.9636992,-2.0376945,-1.9808159,-1.7021674,-1.7658011,-1.6032468,-1.3814259,-1.3814256,-1.6405456,-1.7123605,-1.5644625,-1.5435506,-2.1952505,-2.5963988,-2.4654977,-2.4654946,-2.500113,-1.7149153,-2.6397524,-2.6503367,-2.5699208,-2.6819248,-2.735348,-2.735348,-2.6875095,-2.5924418,-2.7083032,-2.5060458
CCCN(CCC)c1c(cc(cc1N(=O)=O)S(N)(=O)=O)N(=O)=O,-5.16,-5.7563586,-5.0981545,-4.85921,-4.85921,-4.848327,-5.1564417,-4.7867103,-5.2150073,-5.1458044,-2.8612604,-3.2489574,-3.2489586,-3.1988115,-3.2254972,-3.2579381,-3.3008761,-5.2321887,-4.4773097,-4.106944,-4.1069436,-4.09513,-4.5374236,-4.403926,-4.2022324,-5.079717,-5.0384197,-4.52831,-4.528318,-4.400652,-5.2087502,-4.1485205,-4.165429,-5.514344,-4.9870324,-5.151322,-5.1513214,-5.1237245,-5.4175286,-5.230318,-4.85233,-3.9282277,-3.9120429,-4.2372117,-4.2372117,-4.2014933,-4.1940036,-4.1161323,-4.583114,-3.981877,-3.407659,-3.7786274,-3.7786272,-3.824109,-4.029829,-3.7728498,-4.3692274,-5.168563,-4.269272,-4.8945704,-4.8945613,-4.937608,-3.0167713,-5.301704,-5.1796947,-4.977887,-5.1325426,-5.311092,-5.311092,-5.2311654,-5.291444,-5.2757583,-5.182319
CC23Cc1cnoc1C=C2CCC4C3CCC5(C)C4CCC5(O)C#C,-5.507000000000001,-4.5435033,-4.696923,-4.335552,-4.3355527,-4.344803,-4.6935673,-4.351505,-4.6151114,-5.239152,-4.794075,-4.497504,-4.4975047,-4.4260387,-4.9930673,-4.513856,-4.6139493,-5.0261006,-3.8139346,-4.101302,-4.101302,-4.0248995,-4.0940313,-5.275065,-4.5951877,-5.2824006,-5.4562407,-5.1710725,-5.1710787,-5.0758376,-5.35085,-5.375712,-5.299973,-4.7667494,-4.3255143,-4.279808,-4.279808,-4.304867,-4.3764024,-4.3772416,-3.8105028,-4.1423965,-4.7799163,-5.076634,-5.076634,-4.255393,-5.047108,-3.5650947,-5.245168,-4.466105,-4.230548,-4.554401,-4.5544,-4.788943,-4.768671,-4.7224083,-4.831728,-5.631696,-5.4171696,-5.214231,-5.2142243,-5.2426248,-3.5875013,-5.3146787,-5.1961956,-5.2977467,-5.488492,-5.6875505,-5.687551,-5.4573445,-5.6790156,-5.639048,-5.532984
CCOC(=O)c1ccccc1,-2.32,-2.6168547,-2.6627846,-2.4228024,-2.4228027,-2.434739,-2.7023404,-2.4703505,-2.4396048,-2.064155,-2.1798067,-1.2595215,-1.2595217,-1.2341746,-1.5212529,-1.2604331,-1.8108976,-2.1054587,-2.274849,-2.3438127,-2.3438125,-2.356122,-2.2527404,-2.815326,-2.8511646,-2.0402906,-2.0510578,-2.2994294,-2.2994354,-2.0382977,-2.6043332,-2.0605385,-1.9332044,-2.0845358,-2.3802524,-2.29418,-2.2941804,-2.2980833,-2.3712773,-2.372514,-1.6341283,-2.3099496,-3.282612,-3.5726442,-3.572644,-3.6359477,-3.523347,-3.4229975,-4.0215316,-2.2253277,-2.2070813,-2.2992637,-2.2992635,-2.8731031,-2.5747118,-2.810952,-2.3679032,-2.2633958,-2.3633704,-2.0693483,-2.0693421,-2.0731816,-1.2636327,-2.4153624,-2.337991,-2.3101032,-2.0884104,-2.041538,-2.0415375,-2.1523352,-2.2000413,-2.0135803,-2.2746937
Fc1cccc(Br)c1,-2.67,-2.0492504,-2.2713804,-2.1442869,-2.1442869,-2.1577158,-2.4415631,-2.1812646,-2.3015091,-2.54916,-1.7126582,-1.9308231,-1.9308227,-1.9381639,-1.7818701,-1.9254689,-1.8596662,-2.2593672,-1.4759682,-1.5363293,-1.5363295,-1.5410006,-1.4588441,-2.0908344,-2.017041,-2.3671303,-1.9172955,-2.4994931,-2.4994988,-1.9300038,-2.551818,-2.1072526,-1.9259676,-2.9379766,-1.7094344,-1.5964173,-1.5964171,-1.5363867,-1.6892825,-1.5254191,-1.8652604,-2.580875,-2.2971907,-2.413977,-2.4139776,-2.482939,-2.412382,-2.506828,-2.5918133,-1.3508157,-1.6630157,-0.7747924,-0.7747924,-1.7331821,-1.1772048,-1.6389705,-1.2049884,-2.570264,-2.5084205,-2.271481,-2.2714796,-2.2917118,-2.024432,-2.2435045,-2.1782086,-2.705363,-3.3552523,-3.1761892,-3.1761892,-2.9257472,-2.8410456,-3.1145825,-2.9904237
Clc1cccc(c1Cl)c2cccc(Cl)c2Cl,-7.28,-6.8784895,-3.9125862,-3.744913,-3.7449136,-3.7519767,-4.0367336,-3.772257,-4.449996,-6.9675417,-6.5030303,-6.783425,-6.7834244,-6.717847,-6.4667077,-6.783403,-6.954931,-6.972772,-5.107903,-5.134387,-5.1343865,-5.159401,-5.1456437,-6.570978,-6.7865334,-6.6676974,-5.650601,-6.3350263,-6.3350363,-6.4186435,-6.2906766,-6.2122855,-6.4914937,-7.1803513,-5.269032,-6.099681,-6.099681,-6.2457824,-6.4401054,-6.3211713,-6.7847986,-6.779808,-3.24773,-3.5082438,-3.5082438,-3.5908926,-3.5054128,-3.4491708,-4.3443875,-7.041951,-5.904418,-6.7359786,-6.735978,-6.275949,-7.1527047,-6.2577963,-7.073204,-7.2600102,-7.202429,-6.8817487,-6.88175,-6.9368196,-5.8582635,-7.3376384,-7.88165,-7.1565156,-7.060334,-7.316945,-7.3169465,-7.2298937,-7.0490704,-7.2724504,-7.1222515
CCC,-1.94,-0.7480974,-1.0480164,-0.33415127,-0.33415115,-0.3379543,-0.5113652,-0.36222804,-0.60470945,-1.8480587,-0.2958083,-0.44265005,-0.44265032,-0.43782246,-0.46424475,-0.42258647,-0.7899506,-1.9595107,-1.054729,-1.0766541,-1.0766542,-1.0769241,-1.0482169,-1.2162879,-1.0392809,-2.1084418,-0.9266626,-1.0210013,-1.0210053,-0.6802277,-1.2321217,-0.77384204,-0.8938346,-1.7744464,-2.4626799,-1.576757,-1.5767573,-1.6928487,-1.7510117,-1.6635273,-1.2152773,-1.4054165,-1.3112475,-0.9755667,-0.97556657,-0.966406,-0.90079665,-0.98097193,-0.52670753,-1.9818238,-2.536322,-1.7528803,-1.7528801,-2.0317438,-2.171453,-2.0509112,-1.9201024,-1.7092032,-0.59949595,-0.71199626,-0.7119939,-0.71107906,-0.25605035,-0.7555386,-0.69395477,-1.8847272,-1.4573543,-1.5351295,-1.5351294,-1.6698015,-1.7382395,-1.5811586,-2.446118
COc1cccc(Cl)c1,-2.78,-1.9357184,-2.380927,-2.2183192,-2.2183192,-2.2259603,-2.4729905,-2.2486818,-2.6031501,-2.1773174,-2.2812862,-1.6071898,-1.6071898,-1.5982356,-1.6699674,-1.6026975,-2.0982788,-2.5210102,-1.8398685,-1.8931539,-1.893154,-1.90384,-1.8747244,-2.0969913,-1.7671757,-2.4224672,-1.857117,-2.4153383,-2.4153445,-2.0928278,-2.4350932,-2.0503993,-1.8438358,-2.4759636,-1.951563,-2.0017662,-2.0017657,-2.0167413,-2.0136423,-2.0506177,-2.0954828,-2.1053936,-2.4540107,-2.5836954,-2.5836952,-2.588998,-2.5867565,-2.506196,-2.4785252,-2.3130395,-0.3224971,-1.463099,-1.4630985,-0.8543825,-1.6923139,-0.8009449,-1.2132622,-2.766647,-2.606633,-2.4271934,-2.4271922,-2.4720902,-1.7225568,-2.5776353,-2.40923,-2.7857428,-2.8449252,-2.8596761,-2.8596761,-2.7858264,-2.772825,-2.8020587,-2.7704525
CCSC(=O)N(CC(C)C)CC(C)C,-3.68,-3.577128,-3.6013663,-3.2030013,-3.2030013,-3.192329,-3.4322505,-3.1567168,-2.9530594,-3.4103765,-2.5217981,-2.7043998,-2.7043998,-2.7278025,-2.9456701,-2.7061102,-2.7873056,-3.692513,-3.940235,-3.7337277,-3.7337277,-3.7422814,-3.8271036,-3.790121,-3.9910202,-3.4703717,-3.2487965,-3.9758115,-3.9758177,-3.712419,-3.9518065,-3.896682,-3.528826,-3.5474548,-3.349258,-3.3716373,-3.3716369,-3.3319619,-3.5134964,-3.2786071,-2.9365432,-3.2566981,-3.1843982,-3.5693636,-3.5693636,-3.5882626,-3.5678618,-3.4505377,-4.236527,-3.1707458,-3.7173805,-3.0182126,-3.0182126,-3.909105,-3.4608068,-3.9016244,-3.1971319,-3.7618752,-2.900216,-3.1575153,-3.1575086,-3.235229,-2.020875,-3.4445832,-3.9879124,-3.673001,-3.3848267,-3.3692384,-3.3692377,-3.4469922,-3.5463624,-3.5417352,-3.4339793
CCCCCO,-0.6,-1.6604699,-1.9039768,-1.6160457,-1.6160456,-1.6242665,-1.9170445,-1.6114551,-1.941827,-0.25045735,-1.1088569,-1.1854607,-1.1854606,-1.1790017,-1.141421,-1.1850241,-1.4121537,-0.44075882,-1.3771578,-1.3958453,-1.3958453,-1.4021727,-1.291546,-0.7311739,-0.6161178,-0.5591222,-1.3626968,-1.3230435,-1.3230491,-1.1495149,-1.7606869,-1.1666824,-1.3577235,-0.54770213,-1.9292392,-1.7341745,-1.7341746,-1.7688892,-1.7578698,-1.7325491,-1.768882,-1.3189546,-2.2876809,-2.1741374,-2.174137,-2.1063154,-2.1793962,-2.123531,-1.7851264,-0.6489015,-1.2942859,-0.2667788,-0.26677862,-1.559189,-0.6576744,-1.4891047,-0.92208517,-0.3792612,-1.0582381,-1.0096499,-1.0096463,-0.83055913,-0.33916268,-0.9510684,-1.3473914,-0.6234,-0.69609034,-0.6055729,-0.6055729,-0.7002388,-0.8010429,-0.6804274,-0.7190622
O=C1NC(=O)C(=O)N1 ,-0.4,-0.43140092,-2.052683,-1.8243905,-1.8243908,-1.8239466,-1.9581974,-1.830052,-1.3875365,-0.3318995,0.18924832,-0.52737933,-0.52737945,-0.5305974,-0.6733621,-0.48849896,0.057722136,-0.3764916,-1.2062799,-1.181692,-1.1816918,-1.1838012,-1.203195,-0.5863904,-1.0265292,-0.23071185,-0.036866117,-0.6078383,-0.60784346,-0.07382893,-0.33637837,-0.43427813,-0.17510766,-0.3363004,-2.0320382,-1.1096402,-1.1096402,-1.0478026,-1.4361979,-1.1247789,-0.39247942,-0.2801307,-2.0235553,-2.0822904,-2.0822902,-2.1369805,-2.0634744,-2.1275115,-1.5627599,-0.5509376,-2.5426488,-0.6558078,-0.65580773,-2.675506,-0.78140897,-2.5406063,-0.76437736,-0.3127931,-0.0057414225,-0.1308135,-0.13081142,-0.13729262,0.110991545,-0.32773525,-0.31560874,-0.45635948,-0.18842654,-0.24150105,-0.24150105,-0.3324924,-0.2821947,-0.15677607,0.32002407
CCN(CC)c1c(cc(c(N)c1N(=O)=O)C(F)(F)F)N(=O)=O,-5.47,-5.5401077,-4.3265076,-3.97995,-3.9799492,-3.9638457,-4.2913585,-3.9019651,-4.478286,-5.6029325,-1.5430173,-2.8206856,-2.8206863,-2.7526977,-2.3430495,-2.74872,-2.5679448,-5.4459286,-4.2645288,-3.6277456,-3.6277452,-3.6705413,-4.1960664,-3.6249633,-3.1373823,-5.2974553,-3.790452,-4.3273416,-4.327349,-3.8080373,-4.6068788,-4.128773,-3.8360698,-5.7457576,-3.8480823,-3.8703244,-3.8703241,-3.859448,-4.0813465,-3.87505,-3.6090283,-3.7457316,-2.9153397,-3.0129507,-3.012951,-2.650604,-3.0753684,-3.0914478,-3.2499533,-2.5340605,-2.1499515,-2.088933,-2.0889325,-2.4309087,-1.9779546,-2.3549697,-2.1507232,-5.355244,-3.4003425,-4.1858854,-4.1858773,-4.2161293,-2.4899964,-4.613821,-3.9303257,-5.3213644,-3.9466157,-4.0892997,-4.0893,-4.051326,-3.746885,-3.7920558,-4.8937473
ClC(=C(Cl)Cl)Cl,-2.54,-2.041276,-2.3237062,-2.3285882,-2.328588,-2.3243966,-2.5444374,-2.3260703,-1.9288806,-2.3774927,-2.3469424,-2.4706948,-2.470694,-2.4686093,-2.5279284,-2.4581108,-2.4161336,-2.601439,-1.1967134,-1.1567557,-1.1567557,-1.1595767,-1.3654693,-1.8910356,-2.176738,-2.5466964,-2.0524993,-2.9166443,-2.916651,-2.2918658,-2.7623827,-2.5475311,-2.305371,-2.566428,-4.174052,-2.7553163,-2.7553155,-2.7847364,-2.9295962,-2.8076863,-2.8015249,-2.5522835,-1.5839761,-1.4064652,-1.4064652,-1.4158635,-1.4474058,-1.379551,-1.2676344,-2.0358644,-2.2554083,-1.7196246,-1.7196244,-2.655767,-2.3942404,-2.6370256,-2.1939125,-2.4592404,-2.6922088,-2.2878947,-2.287895,-2.2837477,-2.0769215,-2.421898,-3.0537887,-2.8716917,-2.2508566,-2.4165242,-2.4165235,-2.5747216,-2.652281,-2.4698691,-2.582138
O=C1NC(=O)NC(=O)C1(CC)CC=C,-1.614,-1.7500316,-2.9052453,-2.8062758,-2.8062758,-2.8121047,-3.2280378,-2.9348917,-3.133001,-1.7768676,-1.642147,-1.4249407,-1.4249405,-1.4037942,-1.4541491,-1.415424,-2.2430315,-2.1986082,-2.9592862,-2.8131516,-2.8131518,-2.8411002,-2.9088554,-2.0001023,-1.8875735,-1.6990832,-1.1122049,-1.6328573,-1.6328623,-1.2084881,-1.693299,-1.3921226,-1.3506877,-1.7681534,-2.646971,-2.70752,-2.70752,-2.6927207,-2.9488919,-2.6398125,-2.3752468,-1.5775943,-2.5286834,-2.8143735,-2.8143733,-2.8513033,-2.8118994,-2.6971292,-3.0454433,-2.4349415,-1.5445606,-1.9440565,-1.9440566,-2.0470223,-2.1549926,-1.9573747,-2.2507782,-1.4836181,-2.1466725,-1.8408842,-1.8408784,-1.8784364,-0.95471877,-2.0599284,-2.3838294,-1.6547298,-1.6569514,-1.6727734,-1.672773,-1.6504812,-1.7455124,-1.6923323,-1.6735326
CC2Nc1cc(Cl)c(cc1C(=O)N2c3ccccc3C)S(N)(=O)=O ,-3.78,-4.1197605,-5.152026,-4.7511535,-4.7511535,-4.75701,-5.101462,-4.790837,-4.86891,-3.846471,-3.9376168,-4.2966523,-4.2966523,-4.2535424,-4.582359,-4.346501,-4.202525,-3.9482715,-5.281918,-5.215915,-5.2159142,-5.1559334,-5.356397,-4.5889497,-4.583097,-3.8017428,-5.394415,-5.2231708,-5.2231774,-5.310378,-5.963626,-5.0152526,-4.3361273,-3.598871,-4.8384156,-4.730072,-4.7300725,-4.7448587,-4.8282986,-4.828772,-4.3243937,-3.741974,-4.5673847,-4.714031,-4.7140307,-4.732723,-4.6625032,-4.756916,-4.730503,-3.837676,-3.5157433,-3.5287943,-3.5287938,-3.6692863,-3.8342323,-3.5888422,-3.504636,-3.8495955,-4.5730524,-4.4481354,-4.4481297,-4.5058146,-3.1476228,-4.4616685,-5.192679,-3.7330635,-3.8073297,-3.8661184,-3.8661182,-3.881037,-3.884291,-3.9411712,-3.8014207
CCCCC(CC)COC(=O)c1ccccc1C(=O)OCC(CC)CCCC,-6.96,-6.3768086,-7.4358473,-6.630491,-6.630491,-6.6162467,-6.9188013,-6.5368924,-5.4127564,-7.122272,-4.9269023,-5.941908,-5.941908,-5.844735,-6.3437605,-5.9816456,-6.6820836,-6.2875338,-6.0876784,-6.478112,-6.478112,-7.488531,-7.861737,-7.238916,-6.90336,-6.7628465,-7.0146823,-6.656286,-6.656293,-6.353873,-7.307475,-6.4909043,-6.7819586,-6.8040633,-7.7658076,-7.2014823,-7.2014823,-7.061592,-7.2074714,-7.0445414,-5.247322,-5.837553,-5.9693317,-6.0823736,-6.082374,-5.9570684,-6.1608863,-6.0607095,-5.354571,-5.7188163,-6.47266,-6.1930165,-6.1930165,-6.6696706,-7.0041466,-6.613532,-5.789763,-6.8001533,-7.0251245,-7.1425557,-7.142551,-7.2245564,-5.59311,-7.307647,-6.6025167,-6.586992,-6.848503,-7.1394067,-7.1394067,-7.0198894,-7.198164,-7.171976,-6.9502783
CCC(=C)C,-2.73,-2.3472683,-1.6972659,-1.0354549,-1.035455,-1.0306677,-1.1479367,-1.0334697,-1.0884486,-2.6028428,-1.1017721,-0.91886604,-0.9188661,-0.91892177,-1.0035809,-0.9055714,-1.4621141,-2.3106487,-1.2651932,-1.3256538,-1.3256538,-1.32743,-1.2440265,-1.1920156,-1.1669258,-2.602168,-0.87344515,-1.3113868,-1.311393,-0.95375526,-1.3312982,-1.0730479,-0.996984,-2.316822,-1.5541786,-1.1146278,-1.1146277,-1.1285098,-1.1312298,-1.0934464,-0.69951355,-2.4508026,-1.6872357,-1.5489975,-1.5489976,-1.552921,-1.5096389,-1.5098072,-1.0008758,-2.2964473,-3.417491,-1.9770027,-1.9770026,-3.0884511,-2.2855906,-3.1187186,-2.3464212,-2.6055067,-1.3366088,-1.2784568,-1.2784541,-1.3049588,-0.8267923,-1.2923468,-1.3571649,-2.6163533,-2.9744096,-3.0296524,-3.029652,-2.9325264,-2.918227,-2.7643204,-3.0715656
Clc1cc(Cl)cc(Cl)c1,-4.48,-4.275271,-2.877975,-3.0444865,-3.0444865,-3.0443668,-3.3988042,-3.044586,-3.7210603,-4.3024526,-2.7471702,-3.3814292,-3.3814301,-3.38251,-3.2167969,-3.3799422,-3.4875731,-3.9698305,-2.7738192,-2.806294,-2.8062937,-2.8138537,-2.822594,-4.56883,-4.0677614,-4.080166,-3.17669,-4.0051417,-4.0051503,-3.7156715,-3.7108269,-3.5437412,-3.324582,-4.548939,-2.2654917,-2.9514022,-2.951402,-2.8538043,-3.1292968,-2.8132067,-2.6790318,-4.23885,-2.520893,-2.7823026,-2.7823029,-2.8742814,-2.7995627,-2.83925,-3.000674,-4.816894,-1.990128,-3.5276604,-3.5276601,-2.14591,-3.7409742,-2.108297,-3.3459165,-4.394977,-4.231711,-3.7847502,-3.784752,-3.7766476,-3.3945777,-3.8451142,-4.327551,-4.9247108,-3.7606974,-3.8097074,-3.8097079,-3.7974615,-3.8672318,-3.7249057,-3.9250252
ClCCCCl,-1.62,-1.5700208,-1.5331914,-1.0939764,-1.0939766,-1.0674167,-1.4058558,-0.9752012,-2.3753648,-1.5959505,-0.89215976,-1.2240533,-1.2240531,-1.2288291,-1.049434,-1.2147304,-1.1480088,-1.2669319,-1.106514,-1.1269215,-1.1269215,-1.1299415,-1.1279529,-1.4870012,-1.4735562,-1.5263759,-1.3615855,-1.7795999,-1.7796069,-1.3062595,-1.7938462,-1.445638,-1.2748823,-1.6354235,-2.401486,-1.9800153,-1.9800153,-1.8366911,-2.0447667,-1.6704663,-2.4338958,-1.4373798,-1.5861188,-1.4252039,-1.4252039,-1.4126775,-1.3998827,-1.3570637,-0.98226756,-1.9608985,-1.7375964,-1.8305693,-1.8305688,-1.6582751,-2.4068487,-1.5775529,-1.9207914,-1.5438176,-1.6697192,-1.6267796,-1.6267769,-1.6279459,-1.2314372,-1.826538,-1.5546738,-1.960929,-2.2020335,-2.2945838,-2.2945838,-2.1666787,-2.0268993,-2.0920148,-2.0909216
FC(F)(F)c1cccc(c1)N2CC(CCl)C(Cl)C2=O,-4.047,-5.7649946,-4.5318246,-4.425874,-4.425874,-4.4349875,-4.8018374,-4.483023,-5.4352355,-4.25981,-1.6575853,-3.5018218,-3.5018218,-3.4041364,-3.374449,-3.467805,-2.6305547,-3.9371722,-4.5932064,-4.4159985,-4.415998,-4.497258,-4.608791,-4.5199857,-4.7559185,-4.051607,-4.477926,-4.835687,-4.8356953,-4.1343417,-5.074395,-4.3182654,-4.7548394,-4.4329243,-3.6507905,-3.516238,-3.516238,-3.542701,-3.7322352,-3.5226707,-4.7032638,-3.9489176,-3.5887291,-3.5020142,-3.5020144,-3.2395425,-3.5290966,-3.4322393,-3.6841156,-3.0462036,-3.5216026,-3.928021,-3.928021,-4.2437444,-4.3034544,-4.190234,-4.201477,-3.8835363,-4.589661,-4.8401127,-4.840105,-4.8625593,-3.525025,-5.2792716,-4.92459,-4.0216537,-4.6411257,-4.6060233,-4.6060233,-4.613196,-4.742691,-4.2141075,-5.239172
c1ccc2cnccc2c1,-1.45,-1.4954071,-2.20367,-2.0233736,-2.0233734,-2.027576,-2.2246137,-2.0399365,-1.9536448,-1.1141998,-2.639453,-2.4114993,-2.4114988,-2.4108317,-2.4896886,-2.3992798,-2.5794222,-1.3307872,-1.668873,-1.8177114,-1.817711,-1.8240598,-1.7184026,-2.0995853,-1.886934,-1.4566194,-2.5549483,-3.052638,-3.0526464,-2.6950464,-3.1872993,-2.6909552,-2.2236872,-1.495377,-1.7125913,-1.8503735,-1.8503735,-1.8187902,-1.9032006,-1.8042263,-1.7472351,-1.6832136,-2.247495,-2.3177974,-2.3177974,-2.3402793,-2.3131244,-2.2498598,-2.025336,-1.3802166,-2.2889533,-1.0743519,-1.0743517,-2.277464,-1.4667883,-2.172912,-1.4560053,-1.4028363,-3.0157309,-2.984831,-2.984831,-2.9892762,-2.5950503,-2.8001432,-2.9662747,-1.4968562,-1.3665462,-1.4115338,-1.4115335,-1.4477719,-1.5194788,-1.4746917,-1.4187905
Sc1ccccc1,-2.12,-1.6858019,-2.0710862,-1.6776775,-1.6776775,-1.6834546,-1.8218101,-1.7049924,-1.4627135,-2.229925,-1.9466479,-1.5708432,-1.5708433,-1.5737568,-1.5949754,-1.5582899,-1.8286048,-1.6099371,-1.438783,-1.5396333,-1.539633,-1.5427762,-1.5035291,-2.065706,-1.8426299,-2.2837448,-2.0268154,-2.506299,-2.5063064,-2.0555353,-2.6063778,-2.1576304,-1.844491,-2.3394732,-2.0794845,-1.8363059,-1.8363055,-1.9135046,-1.9035238,-1.9458026,-2.4180129,-2.325391,-2.0576599,-2.035976,-2.0359757,-2.0668578,-2.0247495,-2.0838633,-1.7847917,-2.2622328,-2.3065686,-1.7779614,-1.7779607,-2.6153574,-2.2019563,-2.5680814,-2.006577,-2.0423245,-0.760843,-1.3328836,-1.3328803,-1.3701782,-0.7874036,-1.8317057,-0.6235534,-2.0673223,-2.05416,-2.1103513,-2.110351,-2.1471694,-2.1309009,-2.1024423,-1.8558184
CON(C)C(=O)Nc1ccc(Cl)c(Cl)c1,-3.592,-3.4457533,-3.800362,-3.6471028,-3.6471028,-3.6569803,-4.0509644,-3.6833656,-3.9982116,-3.8113801,-3.2515476,-2.7063468,-2.706346,-2.6829376,-2.9826455,-2.682412,-2.9396684,-3.335567,-3.7821298,-3.5553033,-3.555303,-3.5781732,-3.5405126,-3.4112704,-3.1175423,-3.3594778,-2.523222,-3.0905175,-3.0905244,-3.165877,-3.1198046,-3.06917,-2.6423597,-3.781524,-3.371851,-3.3976536,-3.397653,-3.4359086,-3.5166852,-3.4135275,-4.4862437,-3.1505713,-3.587865,-3.6103063,-3.6103067,-3.3690298,-3.6377525,-3.6390078,-3.906882,-3.0500681,-2.6916862,-2.4352667,-2.4352663,-3.107357,-2.8852353,-3.1463368,-2.7745218,-3.4993854,-3.0117629,-2.9905686,-2.990563,-3.0511227,-1.9691138,-3.2255113,-3.512097,-3.5998924,-3.7614932,-3.814906,-3.814906,-3.709553,-3.7613854,-3.6104975,-3.6904404
Oc1ccc(Cl)cc1,-0.7,-1.5899708,-2.147532,-2.0502253,-2.050226,-2.0672917,-2.3661108,-2.0906186,-2.077797,0.034202985,-1.6039141,-1.332449,-1.3324491,-1.3419365,-1.3352156,-1.3225039,-1.4825166,-1.0028193,-1.7116412,-1.7567714,-1.7567722,-1.7625434,-1.6871966,-1.5278473,-1.360231,-0.8606638,-1.4942292,-1.8198175,-1.8198246,-1.4236997,-2.0073488,-1.3777627,-1.4493852,-0.6703652,-1.619401,-1.4633389,-1.4633385,-1.4492853,-1.6109391,-1.4473966,-1.5543156,-0.23657271,-2.878615,-2.9730406,-2.9730403,-3.1067517,-2.929565,-3.1071596,-2.3845694,-1.6137815,-0.23544131,-0.6707308,-0.67073095,-0.9647103,-0.9774489,-0.88698334,-0.8403273,-0.7014262,-1.4157807,-1.4508293,-1.4508286,-1.4799151,-1.0743806,-1.4616765,-1.2192618,-0.74489754,-0.8658818,-0.94036484,-0.94036484,-0.9179548,-0.9709401,-0.89691573,-0.91487813
CCCC(O)C=C,-0.59,-1.3382276,-2.0967484,-1.544789,-1.5447888,-1.5280172,-1.7289375,-1.484707,-1.6899247,-0.4257101,-1.2684171,-1.3567442,-1.3567443,-1.352025,-1.3277895,-1.3417351,-1.7431712,-0.4791929,-1.5370959,-1.5478406,-1.5478404,-1.5554463,-1.4826174,-0.7284537,-0.78338546,-0.55888486,-0.95956236,-1.1631112,-1.1631169,-0.7703279,-1.3826922,-0.85733104,-1.084347,-0.36620763,-1.9726385,-1.8286895,-1.8286896,-1.8469491,-1.889776,-1.7655932,-1.354823,-1.4925641,-2.3410842,-2.2211916,-2.2211914,-2.2102385,-2.2340868,-2.3130164,-2.2920718,-0.9307907,-1.3022095,-0.63219887,-0.63219905,-1.5172268,-0.9409045,-1.4731994,-1.1145113,-0.5588957,-0.94195235,-0.8814319,-0.88142765,-0.8819104,-0.2605566,-0.9341441,-1.2843635,-0.6998774,-0.15171804,-0.3914337,-0.39143363,-0.45060456,-0.37529752,-0.43803626,-0.948041
CSCS(=O)CC(CO)NC(=O)C=Cc1c(C)[nH]c(=O)[nH]c1=O,-1.981,-4.282365,-6.0529327,-5.649153,-5.649153,-5.6449876,-6.0242143,-5.459245,-5.5669594,-2.344346,-4.236523,-2.725917,-2.7259169,-2.58341,-3.308533,-2.6343822,-2.816521,-2.320012,-4.6265054,-3.9716995,-3.9717,-4.0371647,-4.461229,-2.5750217,-2.6237185,-1.8210394,-2.2917142,-3.22667,-3.226676,-2.0183008,-3.3383904,-2.8176894,-2.589166,-3.4166563,-5.642348,-5.403113,-5.4031124,-5.3518887,-5.619917,-5.2424636,-4.86751,-4.882007,-5.477069,-5.45844,-5.4584403,-4.11722,-5.54019,-4.830911,-5.252255,-2.7431686,-4.113127,-3.1606383,-3.1606386,-3.9399753,-2.9756317,-3.5061367,-3.3928154,-1.8924929,-3.7160225,-3.3988776,-3.3988724,-3.3917656,-2.4798448,-3.2550077,-4.086418,-2.026927,-2.0564427,-2.0098784,-2.0098774,-2.0720298,-2.0561495,-2.1035647,-2.0546517
CCCSCCC,-2.58,-1.8792343,-2.4059324,-2.0788639,-2.078864,-2.084134,-2.3525538,-2.0821817,-1.9876223,-2.5017586,-1.6901138,-2.2592647,-2.259265,-2.2471948,-2.1850936,-2.2746403,-1.7998931,-3.1798246,-1.8478183,-1.954346,-1.9543461,-1.9604291,-1.8802487,-3.0155368,-3.1143982,-2.9377303,-2.48033,-2.9963517,-2.9963596,-2.6661947,-3.0019848,-3.0049899,-2.3093822,-2.1706395,-2.464935,-2.2617455,-2.2617455,-2.2566981,-2.3638241,-2.204571,-2.0265293,-2.497255,-2.8960173,-2.8405583,-2.8405583,-2.6608987,-2.8353293,-2.7023265,-2.8397987,-2.9048512,-4.9988933,-3.1340973,-3.1340976,-5.3957896,-3.4994535,-5.4373403,-3.5001974,-2.5424774,-3.1833284,-3.1991193,-3.1991148,-3.2529263,-2.150796,-3.5353763,-3.1390924,-2.6549437,-3.7662568,-3.69131,-3.6913104,-3.2814124,-3.3995745,-2.966472,-3.2165139
CC(C)(C)C(=O)C(Oc1ccc(Cl)cc1)n2cncn2,-3.61,-3.9987829,-4.4050517,-4.03305,-4.03305,-4.036057,-4.349866,-4.0460143,-4.184088,-3.823531,-3.4022949,-3.3100772,-3.3100781,-3.2597344,-3.616113,-3.310022,-3.3689413,-3.9379494,-4.752587,-4.365572,-4.3655715,-4.378149,-4.539647,-3.8260777,-4.0278606,-3.3814962,-4.061067,-4.1823525,-4.18236,-4.1774755,-4.572234,-4.044144,-4.100659,-3.4641516,-3.9053078,-3.8687754,-3.8687754,-3.8564038,-3.925759,-3.8801727,-3.199304,-3.5438447,-3.7886364,-3.685371,-3.6853714,-3.2844296,-3.6716192,-3.434605,-3.7635953,-3.4321833,-2.6017523,-3.4325058,-3.4325063,-3.1541715,-3.7325563,-3.2063086,-3.4471254,-3.7540562,-3.5673442,-3.6743326,-3.6743248,-3.7133842,-2.245143,-3.840365,-4.0370336,-3.6158955,-4.2563105,-3.5554378,-3.5554392,-3.4833064,-3.9846556,-3.2655635,-5.460599
Cc1occc1C(=O)Nc2ccccc2,-3.3,-3.22984,-3.3036919,-3.1721873,-3.1721873,-3.1860297,-3.554267,-3.226226,-3.310312,-2.9201646,-3.2667894,-2.4846137,-2.484613,-2.462942,-2.780696,-2.5023987,-2.8496776,-2.9307,-3.0390203,-2.9498727,-2.9498723,-2.9654696,-3.032725,-2.9413664,-2.73879,-2.8408217,-3.2049465,-3.4971724,-3.4971814,-3.0117455,-3.774733,-3.2323518,-3.0586758,-3.3064342,-2.9013238,-2.7748096,-2.7748098,-2.8246987,-2.901687,-2.8140676,-2.9558256,-2.7786498,-3.8144796,-4.2475457,-4.247546,-4.3537955,-4.166408,-4.0851355,-4.9187655,-2.7203953,-2.1864524,-2.9007735,-2.9007735,-2.8520083,-3.09092,-2.7728832,-2.7969558,-3.1790192,-3.219895,-3.0134287,-3.013424,-3.0962667,-2.0561128,-3.3035347,-3.206193,-3.2595289,-3.369453,-3.4328845,-3.4328842,-3.3456895,-3.4055452,-3.3348534,-3.3081248
CC5(C)OC4CC3C2CCC1=CC(=O)C=CC1(C)C2(F)C(O)CC3(C)C4(O5)C(=O)CO ,-4.31,-4.6352696,-5.813011,-5.3451586,-5.345159,-5.3460155,-5.6615777,-5.3492093,-5.225458,-5.010509,-4.2266526,-3.3565178,-3.3565176,-3.3095312,-3.805718,-3.347032,-3.6335733,-4.1621428,-3.0998414,-3.1816633,-3.1816635,-3.127536,-2.7722898,-4.409346,-4.378497,-4.1834903,-3.1667204,-4.108327,-4.108332,-3.631843,-3.8531294,-3.7871437,-3.8653355,-4.36131,-5.0906415,-4.952511,-4.9525113,-4.9423122,-5.0405235,-5.0350747,-3.9538298,-3.9834437,-4.564358,-4.5361943,-4.536194,-4.432159,-4.4628606,-4.7173333,-4.742507,-4.137205,-3.7798657,-4.106996,-4.1069956,-4.1517262,-4.4731283,-4.106735,-4.31683,-4.2981954,-4.8527627,-4.604391,-4.6043825,-4.6230564,-3.2524796,-4.736051,-4.419356,-4.2635164,-4.2849913,-4.301129,-4.301128,-4.4700522,-4.3856716,-4.515575,-4.308928
CC(C)N(C(=O)CCl)c1ccccc1 ,-2.48,-2.634384,-3.1201515,-2.6881094,-2.6881092,-2.67872,-2.9995625,-2.6043022,-3.1586497,-2.3365586,-3.1369328,-3.1461763,-3.1461766,-3.0966866,-3.1859338,-3.1501443,-3.257283,-2.6565502,-3.6342523,-3.489535,-3.489535,-3.5138896,-3.5365176,-3.6412313,-3.4940848,-2.2429647,-2.898175,-3.3384814,-3.3384888,-2.717567,-3.4398074,-2.9418244,-2.8181198,-2.5832129,-3.0392294,-3.0365386,-3.0365386,-3.0082064,-3.1405795,-2.9273171,-2.2479477,-2.1939108,-2.6903985,-2.7258627,-2.725863,-2.2484722,-2.7796338,-2.7163074,-2.6888824,-2.5861907,-2.7436948,-2.0845406,-2.0845404,-2.9638698,-2.4834669,-2.91458,-2.3851972,-2.393915,-3.8507016,-3.5344732,-3.534469,-3.5596278,-2.4135919,-3.5832098,-4.136241,-2.5951073,-2.7197404,-2.700435,-2.700435,-2.5266764,-2.5337222,-2.550784,-2.536471
ClC(Cl)(Cl)Cl,-2.31,-2.8173463,-1.4413625,-3.1263378,-3.126338,-3.1436453,-3.3681178,-3.027372,-2.8583457,-2.1821973,-1.4897909,-2.13404,-2.134041,-2.1245575,-1.9675035,-2.1585286,-2.6239297,-2.0769465,-1.1180688,-1.0613683,-1.0613681,-1.0640168,-1.2363267,-1.8101528,-2.1189375,-2.2677226,-1.4924555,-2.8051476,-2.8051572,-1.9909792,-2.2523181,-2.3458695,-2.138467,-2.4644077,-1.6999476,-1.7029641,-1.7029642,-1.6836023,-1.8828593,-1.6396917,-2.6309798,-2.450923,-1.1899383,-0.900078,-0.9000779,-0.9000836,-0.96931815,-0.8631072,-2.6831264,-2.6770556,-0.99094427,-2.367209,-2.3672087,-1.7618893,-2.576727,-1.6621064,-2.192609,-2.1071594,-2.3511896,-2.3900428,-2.3900456,-2.3992698,-2.0536997,-2.4680188,-1.9077553,-2.551498,-2.4856005,-2.608187,-2.6081862,-2.6328585,-2.6083267,-2.624033,-2.3868477
CC34CCC1C(CCc2cc(O)ccc12)C3CCC4(O)C#C ,-4.3,-4.3737636,-4.19386,-3.9300814,-3.930081,-3.9405994,-4.2873516,-3.965692,-4.472401,-5.1085386,-4.6725307,-4.5842957,-4.584296,-4.4877586,-4.985269,-4.615077,-4.665864,-4.656441,-3.922174,-3.9936512,-3.9936514,-3.9768977,-4.136761,-4.7751927,-4.3920956,-4.6497455,-4.4590416,-4.32075,-4.320756,-3.579008,-4.569343,-4.1888113,-4.4455104,-4.643527,-3.9328969,-3.904437,-3.9044368,-3.9310038,-4.027459,-3.9986067,-3.9258776,-4.51028,-4.4009256,-3.7137377,-3.7137377,-3.7992668,-3.581176,-3.9910593,-3.8037412,-3.9688785,-3.4905324,-4.4249873,-4.4249873,-4.4907823,-4.781719,-4.380286,-4.291682,-4.9647603,-5.0715394,-4.999633,-4.999627,-5.0332756,-3.4908996,-5.1733837,-5.2654433,-4.3084188,-4.260273,-4.486437,-4.486437,-4.2994657,-4.336309,-4.4943075,-4.3170547
Oc1c(Br)cc(C#N)cc1Br ,-3.33,-2.7487893,-3.315967,-3.4228911,-3.4228907,-3.429212,-3.8526144,-3.436684,-5.968638,-3.2675555,-3.9053779,-4.205211,-4.205211,-4.2022753,-4.1534367,-4.2189903,-5.1163683,-3.0706558,-2.122301,-2.0803068,-2.0803072,-2.0911965,-1.9899595,-2.454171,-2.6120212,-3.3122249,-2.5371187,-3.4233942,-3.4234045,-2.7570071,-3.1036627,-2.8790593,-2.7871675,-3.5548353,-2.1742702,-2.532691,-2.5326908,-2.4814055,-2.7190957,-2.4438188,-2.87403,-2.80219,-2.988206,-3.3371112,-3.3371117,-3.4591012,-3.3060696,-3.3996792,-4.143063,-2.3027456,-0.5512588,-1.2105525,-1.2105522,-1.3366892,-1.4870198,-1.2502929,-1.2568585,-3.2654932,-3.471012,-3.3444936,-3.3444936,-3.3884141,-2.7681406,-3.4506054,-3.5603297,-3.3389318,-2.6329525,-2.723799,-2.7237995,-2.7339911,-2.8537235,-2.9079363,-2.9071002
CCCOC,-0.39,-0.65815043,-1.663292,-1.212596,-1.2125962,-1.223313,-1.4276063,-1.242536,-1.2702049,-0.47962764,-0.6750992,-0.10518293,-0.10518292,-0.100992404,-0.1552751,-0.100946225,-0.91283643,-0.18595879,-1.1304699,-1.0961491,-1.0961491,-1.0985112,-1.0050424,-0.36955145,-0.40324122,-0.30177262,-0.5220216,-0.56106365,-0.5610689,-0.26250413,-0.7727435,-0.24576032,-0.5902271,-0.42229903,-1.7418624,-1.510078,-1.5100777,-1.5160067,-1.4781573,-1.504053,-1.2858216,-0.5703464,-1.9099866,-1.6938324,-1.6938326,-1.6208336,-1.7059258,-1.7235687,-1.2109888,-0.57138664,-0.4498669,-0.102047615,-0.10204759,-0.45416105,-0.56868595,-0.40498006,-0.42988285,-0.2569735,-0.9598629,-0.8941771,-0.89417374,-0.91505504,-0.42704698,-0.9210179,-1.1849873,-0.33839902,-0.6415081,-0.5322249,-0.5322248,-0.546741,-0.5537932,-0.5782277,-0.65463054
ClCC(C)C,-2.0,-1.3644377,-1.570495,-0.98666793,-0.9866679,-0.98834556,-1.1963605,-1.0182158,-1.4376258,-1.9147689,-0.71419305,-1.07782,-1.0778196,-1.0758824,-1.0189079,-1.0581801,-1.1210592,-2.105914,-1.2590604,-1.35242,-1.3524201,-1.3545768,-1.3046172,-1.8782411,-1.7704933,-2.0546591,-1.4378834,-1.7118802,-1.711887,-1.3402632,-1.7968014,-1.5335197,-1.3825064,-1.9372905,-1.8097185,-1.4386554,-1.4386555,-1.4710865,-1.4336783,-1.6304845,-1.8475147,-1.59264,-1.333483,-1.1096244,-1.1096245,-1.1040668,-1.1312474,-1.0890169,-1.6567533,-2.0470116,-1.9762937,-1.896925,-1.8969251,-1.7605388,-2.401063,-1.7293833,-2.1187158,-1.9479573,-1.571824,-1.661253,-1.6612494,-1.6754909,-1.1718707,-1.9314322,-1.4679605,-2.313622,-2.0919905,-2.0939705,-2.0939705,-2.0550568,-2.0268352,-2.0634308,-1.9429442
CCCCCCCCCCCCO,-4.8,-4.706905,-4.105416,-4.008957,-4.008957,-4.0104365,-4.4814615,-4.025581,-3.9557261,-4.8908815,-4.084686,-5.3731017,-5.3731017,-5.3159966,-5.813989,-5.350877,-4.4220057,-4.6786733,-3.6358414,-3.494232,-3.4942317,-3.4849627,-3.3901668,-4.3928304,-4.827599,-4.402649,-4.588113,-5.3221908,-5.3221974,-4.68153,-5.431498,-5.2250276,-5.094929,-4.262354,-3.929852,-3.8728535,-3.8728528,-3.9348657,-4.1494427,-3.9856107,-4.5395617,-4.431605,-5.1068783,-5.092172,-5.092172,-5.186797,-5.004623,-4.9166636,-5.123723,-4.551836,-4.7632055,-4.642141,-4.642141,-5.378736,-4.91072,-5.3279033,-4.942181,-4.649257,-4.4958954,-4.62056,-4.620555,-4.58027,-3.3306787,-5.082563,-4.984314,-4.779977,-4.8355794,-4.971046,-4.9710455,-4.822451,-4.8779545,-4.794685,-4.8496165
Cc1ccccc1n3c(C)nc2ccccc2c3=O,-2.925,-3.8985574,-3.5361824,-3.2096398,-3.20964,-3.2175384,-3.5203025,-3.2397597,-3.6060934,-3.2326467,-4.1418004,-3.7263951,-3.7263947,-3.6697118,-4.105447,-3.7396367,-4.130984,-3.0538216,-4.470731,-4.331758,-4.3317575,-4.3370075,-4.440371,-3.8790166,-4.012979,-2.5715585,-3.663943,-3.7635875,-3.7635944,-3.6655238,-4.12104,-3.3742735,-3.1158643,-2.7370093,-3.4750495,-3.3485026,-3.3485029,-3.3697708,-3.4151468,-3.420061,-2.3050497,-2.7986605,-3.5804543,-3.3487499,-3.3487499,-3.4253237,-3.3556712,-3.5397255,-3.583258,-3.3483613,-3.6907148,-3.6267743,-3.626774,-3.986682,-4.2201447,-3.957359,-3.7028096,-3.0931935,-4.16347,-4.1698537,-4.1698484,-4.2138486,-2.9198956,-4.1913123,-4.4916487,-2.977239,-2.9277885,-3.021592,-3.0215924,-3.0231755,-2.9299088,-3.0668676,-3.035881
CCN(Cc1c(F)cccc1Cl)c2c(cc(cc2N(=O)=O)C(F)(F)F)N(=O)=O,-6.78,-6.688092,-5.7884274,-5.607346,-5.6073456,-5.5972805,-5.901911,-5.5731406,-6.4363184,-7.025552,-2.705902,-4.9530015,-4.9530025,-4.880456,-5.2504735,-4.968061,-5.1702814,-6.8153577,-5.5411954,-5.14188,-5.1418796,-5.123759,-5.6863217,-6.619492,-6.4077315,-6.347158,-6.422472,-6.4773393,-6.4773483,-6.3935704,-6.674656,-6.337593,-6.284105,-6.602304,-4.7775683,-4.8111167,-4.811117,-4.7542624,-5.072074,-4.736544,-4.374225,-4.7720823,-4.130002,-4.581857,-4.581857,-4.6515093,-4.433077,-4.189442,-4.792235,-3.7584867,-3.3779292,-3.7028213,-3.7028213,-3.9127867,-3.8950212,-3.893686,-4.2135453,-6.531878,-5.57422,-6.8335214,-6.833514,-6.9123607,-5.69902,-7.2764316,-6.533026,-6.5336394,-6.6575403,-6.8721857,-6.8721848,-6.82366,-6.888761,-6.910222,-6.8130274
Cc1cccc(c1)N(=O)=O,-2.44,-2.1090014,-2.3679657,-2.157144,-2.1571443,-2.1603713,-2.3690886,-2.1786616,-2.4191267,-2.138478,-1.5543504,-1.1116049,-1.1116048,-1.1162207,-1.153193,-1.1139655,-1.5056539,-2.420507,-1.8586401,-2.0237734,-2.0237734,-2.0332034,-1.9488221,-2.4471514,-2.4852302,-2.452222,-2.0576062,-2.494882,-2.4948905,-2.0662713,-2.6929426,-2.1726906,-2.0500686,-2.4772193,-1.8380219,-1.4287839,-1.4287838,-1.4423664,-1.5250803,-1.3871493,-1.4063097,-2.2858527,-2.2506797,-2.2735212,-2.273521,-2.2904198,-2.2829354,-2.242674,-2.0864565,-2.2039564,-1.9501948,-2.2763891,-2.2763896,-2.5403438,-2.7456863,-2.4343626,-2.5371969,-2.2507477,-1.8727571,-1.5722008,-1.5721978,-1.6029971,-0.94450283,-1.8743399,-1.7062085,-2.5068533,-2.440392,-2.52786,-2.527861,-2.4764235,-2.4702675,-2.465118,-2.529964
CCCO,0.62,0.66627043,-1.2635857,-0.580727,-0.580727,-0.5734542,-0.7692059,-0.5691576,-0.99427056,0.8457402,-0.35049343,0.083260864,0.083261,0.08238254,-0.084754296,0.09690229,-0.689015,0.6051561,-0.9487332,-0.8827981,-0.882798,-0.88390577,-0.7881447,0.21444434,0.037364375,0.6799672,-0.5493216,-0.3465722,-0.34657705,-0.03933295,-0.7018717,0.016983237,-0.5562818,0.7263877,-1.4688543,-0.98870754,-0.9887074,-0.98474747,-0.95875645,-0.9496048,-0.8452145,-0.009330507,-1.4746149,-1.166044,-1.1660441,-1.165741,-1.123864,-1.1696161,-0.69241184,0.25119862,-0.22811055,0.84131086,0.8413108,-0.2760164,0.5452923,-0.23067695,-0.023132278,0.7049178,0.37718126,0.4693965,0.46940005,0.4859963,0.8666415,0.6609496,0.13491885,0.5192355,0.38124847,0.5113017,0.51130164,0.50401795,0.5277656,0.6229234,0.35076812
OCC2OC(Oc1ccccc1CO)C(O)C(O)C2O,-0.85,-3.3309753,-4.257347,-3.9513144,-3.9513144,-3.9486012,-4.2370586,-3.9605348,-4.158283,-0.8625584,-1.9818993,-1.7923948,-1.7923944,-1.7487531,-1.9394295,-1.793508,-2.0124962,-0.81004107,-2.314266,-1.9863644,-1.9863641,-2.0135794,-2.3799129,-0.7489364,-0.1727823,-0.9669073,-1.229829,-0.93862206,-0.93862444,-1.2661496,-1.6263958,-1.1230713,-1.2269872,-1.6991441,-3.8967087,-3.843542,-3.8435414,-3.8142982,-3.9233263,-3.7275658,-3.5622966,-2.6583989,-3.3696504,-3.3262913,-3.3262916,-3.0530367,-3.3882802,-3.4407818,-3.3760116,-0.8190493,-1.2700955,-2.012829,-2.0128286,-1.86835,-1.754418,-1.8489934,-1.7311046,-0.92542005,-2.0590315,-2.1905453,-2.1905382,-2.1875393,-1.1832923,-2.284668,-2.6786358,-0.83017474,-0.6568834,-0.32632628,-0.32632574,-0.45489305,-0.9897129,-0.5342293,-2.3299255
CCCOC(C)C,-1.34,-1.4141659,-2.2049148,-1.7414209,-1.7414207,-1.7460026,-1.9673976,-1.7495309,-1.7109746,-1.3132136,-1.0705155,-1.9661251,-1.9661254,-1.972334,-1.8240235,-1.9272406,-1.5747613,-1.3524802,-1.8422182,-1.8846794,-1.8846794,-1.8917048,-1.785405,-1.9437726,-1.9542253,-1.1947616,-1.0952669,-1.5564438,-1.5564501,-1.1000434,-1.6129957,-1.3418715,-1.0969024,-1.264612,-2.0597303,-1.7922302,-1.7922302,-1.8412101,-1.8427849,-1.8173572,-1.407185,-2.1564057,-2.2320998,-1.9572973,-1.9572972,-1.9289933,-2.0037525,-2.0491092,-1.7351574,-1.6385269,-1.2317406,-1.1106632,-1.110663,-1.2257144,-1.6355801,-1.1906291,-1.2326372,-1.3363187,-2.5461984,-2.5927908,-2.5927873,-2.6165648,-1.677686,-2.5952826,-2.6833236,-1.3700899,-0.9957907,-0.8978992,-0.89789903,-1.2042999,-1.1698847,-1.2063531,-0.58998126
CCCCc1c(C)nc(nc1O)N(C)C ,-2.24,-2.0720086,-3.5282965,-3.1890063,-3.1890066,-3.1904752,-3.4682922,-3.1889765,-3.0145264,-2.7923677,-3.52098,-3.0320528,-3.0320528,-2.9700844,-3.307552,-3.0016184,-2.9411554,-2.5713887,-3.759529,-3.5828302,-3.5828302,-3.5909731,-3.5660722,-3.0444076,-3.1139662,-2.488355,-2.328313,-2.425846,-2.4258513,-2.192927,-2.7605772,-2.1883929,-2.3039744,-2.2343283,-3.3433325,-3.1973438,-3.197344,-3.2214363,-3.3505428,-3.2179832,-2.5239637,-2.4864266,-4.1231356,-4.447426,-4.4474263,-3.895568,-4.457952,-4.205667,-4.8998637,-3.3128273,-3.1645741,-3.6116595,-3.6116593,-3.8343263,-3.9004629,-3.8159642,-3.592237,-2.674907,-3.1906085,-3.0550044,-3.0549986,-3.0525274,-2.0898695,-3.2073445,-3.585297,-2.1871035,-2.2221713,-2.3868463,-2.386846,-2.2857893,-2.2245834,-2.4286547,-2.315059
Clc1ccc(Cl)c(c1)c2c(Cl)c(Cl)c(Cl)c(Cl)c2Cl,-8.94,-9.578228,-5.045224,-5.1225896,-5.12259,-5.12038,-5.4404545,-5.11254,-7.8577847,-8.782783,-8.352497,-8.543894,-8.543894,-8.47082,-8.180795,-8.600168,-8.448361,-8.686651,-7.630969,-8.180536,-8.180536,-8.223386,-8.166008,-8.559385,-8.755827,-8.474037,-7.7704735,-8.573119,-8.573127,-9.076953,-8.807064,-8.426642,-8.387459,-9.063343,-4.541111,-4.8629413,-4.862941,-4.8735065,-5.0559983,-5.445438,-7.6748304,-8.051367,-3.1989963,-2.9880774,-2.9880774,-3.0360665,-3.0491586,-3.110224,-3.3218484,-8.359339,-5.7077284,-7.684187,-7.684186,-6.480918,-8.288506,-6.3826947,-7.744792,-8.437819,-9.475151,-9.011415,-9.011416,-9.0213785,-7.8175716,-9.478989,-8.830435,-8.658774,-9.63704,-9.678413,-9.678414,-9.515781,-9.2707615,-9.507253,-9.286259
OC1CCCCCC1,-0.88,-0.900521,-1.9516838,-1.296823,-1.296823,-1.2875813,-1.4905266,-1.2911404,-1.6955833,-1.1216303,-1.6646122,-2.2726624,-2.272662,-2.2629926,-2.3316972,-2.2742805,-2.060884,-1.0821673,-1.7386881,-1.7876637,-1.7876638,-1.7956289,-1.7152857,-1.5311546,-1.6790404,-0.87205154,-1.192047,-1.9299141,-1.9299208,-1.4438282,-1.8033217,-1.7086054,-1.4613034,-0.694943,-1.7184619,-1.4551122,-1.4551122,-1.4484192,-1.5768858,-1.3714901,-1.102986,-0.97631234,-2.2691326,-2.5027826,-2.5027823,-2.537363,-2.4477828,-2.306638,-2.392643,-0.6749385,-1.4822348,-0.33297697,-0.3329769,-1.6662403,-0.75776017,-1.598917,-1.0213436,-0.69575304,-2.8624797,-2.7340677,-2.734065,-2.7285516,-2.1053386,-2.6551716,-2.6447408,-0.57219845,-0.28326732,-0.19967096,-0.19967096,-0.1962413,-0.18692917,-0.12058646,0.26585615
COC(=O)c1ccccc1OC2OC(COC3OCC(O)C(O)C3O)C(O)C(O)C2O,-0.742,-4.2149343,-7.0903254,-6.390916,-6.3909163,-6.392508,-6.7051854,-6.437862,-5.836528,-0.8467392,-3.4033203,-2.4767244,-2.476724,-2.498114,-3.0137253,-2.4127119,-2.9142451,-0.7140286,-3.0682147,-2.5714078,-2.5714078,-2.4791212,-2.778854,-0.85529214,-0.99680334,-0.67760473,-1.2508014,-1.4361042,-1.4361045,-1.666746,-2.3079622,-1.3600372,-1.3633616,-1.9581295,-6.474451,-6.1360884,-6.136088,-6.047388,-6.259547,-5.960608,-4.865627,-3.3766246,-5.7209706,-5.692203,-5.692203,-5.7221313,-5.5623317,-5.781875,-5.2635546,-1.0954385,-3.4124823,-2.4570444,-2.4570444,-3.6101048,-2.317432,-3.63371,-1.8053247,-0.763197,-4.2154865,-3.7459247,-3.7459178,-3.7860036,-2.876737,-3.5204577,-4.4474235,-0.81116575,-0.75209874,-0.68250495,-0.6825036,-0.94395906,-0.8555661,-0.83433986,-0.7443872
CC(C)Nc1nc(Cl)nc(NC(C)C)n1,-4.43,-3.5557141,-3.8851733,-3.4846604,-3.4846604,-3.482866,-3.7421546,-3.4829144,-3.3931217,-4.1443987,-2.836649,-2.241086,-2.2410862,-2.1428936,-2.5959337,-2.231715,-2.703294,-4.1263556,-4.010266,-3.8070047,-3.8070047,-3.8487308,-3.8159435,-3.6393454,-3.5141928,-4.1829143,-2.5449102,-2.8373895,-2.8373961,-3.2115302,-3.0577967,-3.0206456,-2.558898,-4.547552,-4.2189703,-4.2616415,-4.2616415,-4.014737,-4.3259006,-3.9485993,-3.3292563,-4.5482006,-3.6768665,-3.8409598,-3.8409603,-3.6643114,-3.854251,-3.7371442,-4.059164,-3.465584,-3.054173,-3.6459122,-3.6459122,-3.426962,-3.8870564,-3.373155,-3.615841,-4.156107,-4.118603,-3.7803743,-3.7803702,-3.8525016,-2.7114365,-3.9453607,-4.3237886,-4.394966,-4.239498,-4.3373723,-4.337372,-4.343349,-4.3500447,-4.4770994,-4.5723295
COc1nc(NC(C)C)nc(NC(C)C)n1,-2.478,-2.9064667,-3.9357939,-3.575591,-3.5755913,-3.5733576,-3.8363547,-3.5631425,-3.5868237,-2.6497884,-2.1927524,-2.3434947,-2.343495,-2.2883403,-2.8011363,-2.3333933,-2.6635613,-2.7112265,-3.6516523,-3.4002023,-3.400202,-3.4094415,-3.4621153,-2.747534,-2.5525277,-2.6907055,-1.7320981,-2.2478032,-2.2478082,-2.1859465,-2.3655908,-2.379454,-1.6526989,-2.8100302,-3.8750167,-3.7958977,-3.795898,-3.7198784,-3.8677237,-3.7199554,-2.390262,-2.863827,-3.7543373,-4.062869,-4.062869,-3.825397,-4.095265,-3.9787855,-4.25684,-2.8811524,-3.0129704,-3.576919,-3.5769193,-3.5981295,-3.7968152,-3.5775151,-3.4722147,-2.8943543,-2.6618164,-2.438258,-2.4382532,-2.520312,-1.7633234,-2.2926784,-2.6823149,-2.4110558,-2.6633053,-2.6555593,-2.6555593,-2.5613134,-2.4678879,-2.513041,-2.532836
Clc1ccc(Cl)c(Cl)c1Cl,-4.57,-4.804736,-2.794014,-2.808426,-2.808426,-2.812963,-3.1432452,-2.825661,-4.001356,-4.6261744,-3.6024294,-4.1221175,-4.1221166,-4.1235924,-4.084945,-4.121505,-4.672119,-4.4514623,-2.8744392,-2.9751904,-2.9751904,-2.9851947,-2.992435,-4.8876066,-4.861868,-4.8973413,-4.2122984,-4.904554,-4.904562,-4.730043,-4.751645,-4.505167,-4.423371,-4.716731,-3.4169962,-3.5316837,-3.5316827,-3.515135,-3.9963796,-3.4192405,-4.649714,-3.9663649,-2.5607693,-2.907522,-2.9075215,-2.9973404,-2.8766632,-2.9119623,-3.2793736,-5.2731404,-3.0064578,-4.8813853,-4.8813844,-3.1489627,-5.4868746,-3.1259694,-4.9222484,-4.5635996,-5.0361753,-4.6142435,-4.614243,-4.622428,-4.126298,-4.6942344,-5.264797,-5.6330104,-5.5352793,-5.6434803,-5.6434793,-5.6342864,-5.5852985,-5.64103,-5.6697836
CC(=O)Nc1ccc(cc1)N(=O)=O,-2.692,-2.8061445,-2.9605074,-2.9834034,-2.9834037,-3.0020947,-3.414795,-3.050876,-3.3736682,-2.7322857,-1.3737252,-1.9862201,-1.9862202,-1.961906,-1.7939188,-2.0001998,-1.5607731,-2.754814,-2.7145603,-2.7422738,-2.7422738,-2.7601266,-2.7221668,-3.1149156,-3.1158187,-2.754197,-1.8829435,-2.5565667,-2.556573,-2.1045103,-2.5860407,-2.2353375,-2.062997,-2.5131288,-2.451918,-2.3281288,-2.3281286,-2.4016585,-2.5474308,-2.4261193,-2.7573464,-2.559241,-3.789736,-4.140077,-4.140077,-4.239877,-4.0418954,-3.8205163,-3.1788535,-2.4526703,-2.620798,-2.245328,-2.2453282,-2.891048,-2.661325,-2.786037,-2.416847,-2.6178732,-2.7446685,-2.3230178,-2.323012,-2.3728006,-1.5170811,-2.4344668,-2.7130754,-2.6391132,-2.6778255,-2.7467115,-2.7467115,-2.7074106,-2.7769597,-2.7552135,-2.7443984
CCCC(O)CCC,-1.4,-2.0178263,-2.41003,-1.9357365,-1.9357363,-1.9103106,-2.1681328,-1.8465546,-1.9812896,-1.2801908,-1.5200224,-2.012639,-2.0126388,-1.9951015,-1.9397608,-1.9883628,-1.9938,-1.2342855,-2.060749,-2.0941606,-2.0941608,-2.114664,-2.0294075,-1.9649756,-2.03458,-1.4097488,-2.065222,-2.3601875,-2.360194,-1.9586314,-2.6048217,-2.0345197,-2.02583,-1.4474905,-2.3248801,-2.2082958,-2.2082963,-2.209191,-2.2867918,-2.1567988,-1.7232566,-1.673675,-2.792596,-2.77449,-2.77449,-2.4139361,-2.7830288,-2.3311014,-2.8209863,-1.6118115,-1.8400848,-1.2230293,-1.2230293,-2.0644438,-1.5479327,-2.0964055,-1.627974,-1.5021882,-2.0685909,-1.883856,-1.8838505,-1.8958788,-0.98160195,-2.036797,-2.287001,-1.4715943,-1.4728122,-1.4379932,-1.4379933,-1.4192795,-1.4160429,-1.5392487,-1.5510075
CCOP(=S)(OCC)SCSP(=S)(OCC)OCC,-5.54,-5.6194234,-5.3194327,-5.0229216,-5.0229216,-5.024556,-5.3212843,-5.006282,-5.097229,-5.4255323,-5.178558,-5.0848556,-5.0848556,-5.022357,-5.556075,-5.0790596,-5.5199976,-5.3870764,-5.275299,-4.986905,-4.986905,-4.916918,-5.2977886,-5.2931185,-5.462874,-5.1719527,-4.0326915,-4.56264,-4.5626473,-4.33075,-4.827574,-4.7851024,-4.1612797,-5.64842,-5.4267755,-5.0640073,-5.0640063,-4.994075,-5.2324243,-4.909621,-4.027293,-4.6211553,-4.6521873,-4.948082,-4.9480815,-4.868988,-4.902507,-4.9238963,-4.648014,-4.299519,-5.2667017,-5.22131,-5.2213106,-5.7410717,-5.620103,-6.086268,-5.0991898,-5.4019423,-5.749731,-5.594198,-5.594195,-5.540084,-4.501064,-5.37629,-6.295759,-5.390757,-5.6100903,-5.7284136,-5.728412,-5.598356,-5.5233684,-5.7347903,-5.6895027
CC(C)CC(C)(C)O,-0.92,-2.6683586,-2.1035388,-1.6422223,-1.6422222,-1.6448189,-1.9299746,-1.6166366,-1.8071779,-1.1114181,-1.2452288,-1.5464355,-1.5464352,-1.538243,-1.4501232,-1.5476552,-1.6042053,-0.96554387,-2.0834494,-2.188009,-2.1880095,-2.206887,-2.1270561,-2.1433015,-2.3970532,-0.98300195,-1.5994952,-1.939551,-1.939557,-1.1979953,-2.0887532,-1.4876543,-1.6219721,-0.80572623,-2.090774,-1.8953581,-1.8953583,-1.9184289,-1.9421567,-1.8821436,-1.7761126,-1.8832134,-2.1106656,-2.174441,-2.1744413,-2.1859236,-2.1099982,-2.0985477,-1.6540139,-1.0467988,-1.8186063,-0.728119,-0.7281187,-1.9666597,-1.1774157,-1.9039191,-1.3077176,-0.9817862,-1.8283778,-1.7426424,-1.7426382,-1.6868727,-1.02179,-1.7361273,-2.1325014,-0.9040428,-0.52101207,-0.5621769,-0.56217676,-0.7434861,-0.8156154,-0.89545614,0.19425833
Oc1cc(Cl)c(Cl)cc1Cl,-2.21,-3.5620308,-2.7350013,-2.7341056,-2.7341063,-2.7411528,-3.0734355,-2.7593133,-3.8550951,-2.2735498,-2.702372,-3.357528,-3.3575273,-3.3654063,-3.274241,-3.347909,-3.222054,-2.2724159,-2.6348302,-2.6587975,-2.658797,-2.671379,-2.6715667,-3.2606483,-2.9454818,-2.2475379,-2.7908244,-3.3447285,-3.3447363,-3.0843635,-3.3807194,-2.8306937,-2.697285,-2.3220851,-2.0307426,-2.3543737,-2.3543737,-2.2932289,-2.4568899,-2.275662,-3.0420148,-1.5763041,-2.8702562,-3.0894885,-3.0894883,-3.2139087,-3.064682,-3.1654415,-3.006987,-1.950116,-0.3456671,-0.97039926,-0.9703988,-1.0876901,-1.2368735,-1.0094624,-1.0149088,-2.2168002,-3.2825737,-3.083874,-3.0838742,-3.118576,-2.596111,-3.2343993,-2.5670109,-2.2266657,-3.825775,-3.8979805,-3.89798,-3.9020095,-3.7011786,-3.7612984,-3.2723246
CC12CCC(CC1)C(C)(C)O2,-1.74,-2.0649023,-2.1712596,-2.2804546,-2.2804549,-2.281585,-2.7685413,-2.20537,-2.0530288,-1.5743558,-2.254672,-3.243056,-3.2430563,-3.230941,-3.241358,-3.2564616,-2.528234,-1.7763966,-3.1896749,-3.2753487,-3.2753482,-3.2941918,-3.2019367,-4.0882025,-3.8420978,-1.6324382,-3.0714374,-3.1514013,-3.1514084,-2.6965108,-3.4013937,-3.0720682,-2.7444258,-1.7464126,-2.7282372,-2.9786801,-2.97868,-2.970375,-3.139293,-3.042002,-1.5024525,-1.6854875,-2.2162094,-2.3388302,-2.33883,-2.3741264,-2.329604,-2.2782264,-2.1091254,-1.7926444,-1.5421016,-1.2108586,-1.2108587,-1.4283155,-1.8800213,-1.3618927,-1.4074152,-2.126699,-4.5587144,-4.6957417,-4.6957393,-4.705431,-3.6729867,-4.6725726,-4.404984,-1.6116357,-1.3235521,-1.3787462,-1.378746,-1.3141533,-1.4010088,-1.3497834,-1.4583251
Oc1c(Cl)cccc1Cl,-1.79,-2.4857233,-2.4177318,-2.3173122,-2.3173125,-2.3224769,-2.5778217,-2.3373334,-2.6671813,-1.7117174,-2.0444918,-2.0391524,-2.0391524,-2.0520294,-2.001394,-2.0263867,-2.09386,-1.6261979,-2.183501,-2.1796799,-2.1796799,-2.18852,-2.2518191,-2.4001665,-1.8482916,-1.9639132,-2.2456365,-2.6588302,-2.658836,-2.3730643,-2.8210757,-2.1953301,-2.1691177,-1.9420124,-1.8356034,-2.200992,-2.2009923,-2.1241426,-2.2489755,-2.0926008,-1.983904,-0.6803229,-2.064634,-2.0777333,-2.0777338,-2.1022272,-2.0814965,-2.0728927,-1.8111326,-1.7900221,-0.2988872,-1.013992,-1.0139917,-1.0449735,-1.2621092,-0.97265273,-1.0272174,-1.5834525,-1.5987784,-1.6288519,-1.6288505,-1.6417526,-1.2748685,-1.6847441,-1.4127688,-1.8789009,-1.9571897,-1.9794364,-1.9794365,-1.943915,-1.9829234,-2.0173845,-1.8651575
CCCC1CCCC1,-4.74,-2.9125984,-2.1853428,-1.7443023,-1.7443025,-1.751828,-2.0044198,-1.7611953,-1.9757724,-4.470012,-1.7000966,-3.3384836,-3.3384833,-3.333166,-3.0342252,-3.3236868,-2.2674766,-4.825052,-2.3057323,-2.3944175,-2.3944175,-2.4119587,-2.3658066,-3.6710005,-3.523396,-4.559477,-2.9136581,-3.6464467,-3.6464546,-2.9781008,-3.4147213,-3.4680135,-2.9581463,-4.2411547,-2.102527,-1.9426508,-1.942651,-1.9898404,-1.996635,-1.9837093,-1.7680186,-3.5978646,-2.3235502,-1.7719543,-1.7719544,-1.7813145,-1.8450984,-1.8365444,-1.7174903,-4.497182,-3.7815967,-3.917632,-3.9176319,-3.9047267,-4.469714,-3.8724453,-3.7349787,-4.7732873,-4.1781483,-4.455489,-4.455487,-4.4737945,-3.273871,-4.886854,-4.239106,-4.2833343,-2.6717463,-2.777327,-2.777327,-3.0259435,-3.1073864,-2.974533,-3.421429
CCCN(=O)=O,-0.8,-0.87041783,-1.6087939,-1.0471585,-1.0471585,-1.0486869,-1.2615405,-1.0472552,-1.484666,-0.70073885,-0.42197257,-0.013092728,-0.013092728,-0.020654371,-0.13438344,-0.018108541,-0.6537986,-0.54986614,-1.2458125,-1.2966285,-1.2966285,-1.2997078,-1.2764965,-1.2615995,-1.2742003,-0.48779148,-0.7587959,-0.93942726,-0.93943095,-0.42375353,-1.1408465,-0.5385644,-0.8248936,-0.7108631,-1.8054607,-1.4872817,-1.4872813,-1.4390452,-1.6549629,-1.2644135,-1.3294438,-0.6430079,-1.6680878,-1.4929873,-1.4929874,-1.504566,-1.482361,-1.516461,-1.0276189,-0.31854212,-0.76145315,0.30957153,0.30957168,-0.9176911,0.29922912,-0.9871995,-0.19298531,-0.668577,-1.088698,-0.83671856,-0.8367158,-0.892991,-0.46831352,-0.8232647,-1.0207788,-0.87835306,-0.7860608,-0.72597355,-0.72597367,-0.83829653,-0.85376847,-0.8559358,-0.21750121
CC(C)C(C)(C)C,-4.36,-3.464034,-1.791675,-1.4523364,-1.4523361,-1.4449365,-1.8091453,-1.3970264,-1.7056091,-4.0834837,-1.8016962,-2.568233,-2.5682333,-2.5611498,-2.6758084,-2.5590591,-2.468791,-4.44901,-1.9671125,-2.121432,-2.121432,-2.1282184,-2.0496097,-3.1629653,-3.2887535,-4.1577406,-2.2051635,-3.0103033,-3.010312,-2.4289484,-2.7775776,-2.858923,-2.7691925,-4.4455357,-2.4711268,-2.4585392,-2.4585383,-2.4716427,-2.4189982,-2.5381799,-2.662485,-3.7593722,-1.7054077,-1.6074139,-1.6074138,-1.613128,-1.6042728,-1.5642009,-1.4423542,-4.105463,-3.756195,-3.170486,-3.1704857,-3.4203005,-3.6101522,-3.4639823,-2.9471598,-4.4996905,-3.3351684,-3.3654406,-3.3654375,-3.3939545,-2.552629,-3.565143,-3.3497918,-2.8716917,-2.2508566,-2.4165242,-2.4165235,-2.5747216,-2.652281,-2.4698691,-2.582138
COP(=S)(OC)Oc1cc(Cl)c(Br)cc1Cl,-6.09,-6.059091,-4.4822598,-4.1605043,-4.1605043,-4.1538615,-4.535814,-4.0854735,-4.7518735,-6.041131,-5.076782,-4.987996,-4.987996,-4.948634,-5.0994244,-4.9493456,-4.952367,-5.95362,-4.8842487,-4.3160443,-4.316045,-4.3948097,-4.3588386,-5.493501,-5.895428,-5.7480955,-4.8552065,-5.5985813,-5.5985913,-5.5982556,-5.3752613,-5.315833,-5.6012526,-6.3143373,-3.6270022,-3.7069545,-3.7069542,-3.7138674,-3.7479234,-3.6803071,-4.525826,-4.248875,-3.4943187,-3.8820593,-3.8820589,-3.8588095,-3.8510158,-3.6759055,-4.563571,-2.6268651,-2.5018802,-2.1882374,-2.1882372,-2.9858484,-2.538795,-2.9693983,-2.4890127,-5.985412,-5.8162513,-5.8896523,-5.889649,-5.9755354,-4.718296,-6.2364717,-6.504168,-6.010383,-5.856393,-6.0295687,-6.02957,-6.028992,-6.109693,-6.18646,-6.1112623
OCC1OC(O)C(O)C(O)C1O,0.74,-0.3880573,-2.548726,-2.1127355,-2.1127355,-2.1019332,-2.343538,-2.0743034,-2.499843,0.4825894,-0.8736229,-0.5177643,-0.51776403,-0.50913876,-0.5975509,-0.52279025,-1.3407453,0.64795345,-1.2836915,-1.1600507,-1.1600507,-1.1764257,-1.0660826,0.2823159,0.70997334,0.6848382,-0.21212742,0.443265,0.44326356,0.6438659,-0.04276115,0.9185932,-0.35050225,0.36097348,-2.1058939,-2.0171263,-2.017126,-2.0118058,-2.1534352,-1.9512656,-1.7615728,-1.4138858,-2.397727,-2.5954783,-2.595478,-2.5703468,-2.5751212,-2.4366224,-2.5293536,0.115433544,-0.5511215,-0.2334018,-0.23340192,-0.6487278,-0.13954425,-0.58580965,-0.23208489,0.64179856,-0.91575915,-0.68037546,-0.68036896,-0.7076384,0.08800957,-0.80725634,-1.2854123,0.71204126,-0.39544696,-0.069222316,-0.069222264,0.002059415,0.24905623,-0.05693461,0.21387997
CCC(O)C(C)C,-0.7,-1.7720752,-1.9891042,-1.3845224,-1.3845223,-1.3680972,-1.5857184,-1.3094178,-1.6247877,-0.6567668,-1.3048264,-1.3910041,-1.3910038,-1.3885801,-1.4114566,-1.3885897,-1.7005758,-0.5775004,-1.634895,-1.6896291,-1.689629,-1.700225,-1.5981624,-1.157008,-1.2392464,-0.80238336,-1.3637544,-1.515193,-1.515199,-0.90767455,-1.6894683,-1.226909,-1.4517397,-0.672206,-1.8600963,-1.7296528,-1.7296528,-1.7375522,-1.8080143,-1.6909238,-1.2585491,-1.5399115,-1.984967,-1.936889,-1.9368892,-1.8866174,-1.9109842,-1.9172461,-1.4921267,-0.70823467,-1.3596877,-0.39913273,-0.399133,-1.5295821,-0.7677906,-1.4771234,-1.0206915,-0.72157246,-1.4988679,-1.4217026,-1.4216993,-1.275495,-0.81656826,-1.4287653,-1.8388717,-0.48824012,0.3248031,0.16758806,0.16758801,-0.10380057,-0.15039046,-0.23435082,-0.01531645
CCOC=O,0.15,-0.29125306,-1.5416646,-0.8993797,-0.8993796,-0.8905596,-1.0240844,-0.8847099,-1.0329216,0.18864518,-0.3450902,0.41730928,0.4173089,0.40979654,0.31207538,0.4204459,-0.5020502,0.16489919,-0.89107054,-0.7984247,-0.7984247,-0.7991837,-0.722345,0.06390321,-0.098984055,0.1274325,-0.41442993,-0.5112309,-0.5112353,-0.11021622,-0.64181226,-0.116486914,-0.51709586,0.38339153,-1.628961,-1.3419232,-1.3419234,-1.3633082,-1.3514413,-1.363519,-1.2397413,-0.027950509,-1.7082177,-0.9006563,-0.9006564,-0.8889007,-1.0254833,-0.97173226,-0.78786093,0.17690319,0.056666434,0.24573341,0.24573341,-0.18892361,-0.024312153,-0.13243908,-0.16881666,0.25410214,-0.046512213,0.03796588,0.037969027,0.0050982283,0.32178846,0.11621244,-0.16801693,0.19174555,0.019965509,0.054087084,0.05408705,0.062134735,0.072769634,0.0010949094,0.17428158
Clc1cc(Cl)c(Cl)c(Cl)c1,-4.63,-4.2246995,-2.9851491,-3.0895655,-3.0895655,-3.091516,-3.4536107,-3.0942986,-4.5512743,-4.639703,-3.5130432,-4.176052,-4.1760516,-4.176293,-4.1113744,-4.172414,-4.764791,-4.716029,-3.0284016,-3.1125789,-3.1125796,-3.1227646,-3.1253407,-5.1023183,-5.099742,-4.929633,-4.071057,-4.856922,-4.856929,-4.6791606,-4.6197476,-4.399605,-4.337247,-4.6863317,-2.8245182,-3.6001105,-3.6001103,-3.5302067,-3.5863297,-3.5699959,-4.5549326,-3.986229,-2.6517932,-3.0412621,-3.0412624,-3.1442406,-3.0125816,-3.0370095,-3.3696325,-5.467282,-2.529367,-4.8043714,-4.804372,-2.7442105,-5.0458794,-2.7294662,-4.7432737,-4.6265197,-5.0774994,-4.641998,-4.6419983,-4.6495476,-4.1812286,-4.7381806,-5.304409,-5.09249,-5.7204456,-5.784603,-5.7846045,-5.733232,-5.7217054,-5.74843,-5.5986004
CCCCS,-2.18,-1.3311152,-1.7108449,-1.2301826,-1.2301828,-1.2149038,-1.4885765,-1.1538233,-1.7202414,-2.5023851,-1.4719559,-1.5331622,-1.5331625,-1.5285408,-1.5242279,-1.5327917,-1.5903702,-1.6788098,-1.3259697,-1.4225057,-1.4225057,-1.4249903,-1.3823391,-2.088441,-1.887656,-1.9923478,-1.6143519,-1.8360499,-1.8360568,-1.582714,-2.0570629,-1.6173093,-1.470175,-2.1695702,-1.7978104,-1.5660849,-1.5660847,-1.5935848,-1.5368407,-1.4947243,-1.6028053,-1.184416,-1.9256343,-1.6372187,-1.6372188,-1.561386,-1.6656779,-1.6760705,-1.3615917,-1.345862,-1.879979,-1.137788,-1.1377879,-1.9414872,-1.6227387,-1.8544894,-1.6159434,-2.2081554,-1.8756738,-1.8719592,-1.8719572,-1.8841524,-1.3251562,-2.0961003,-1.7119284,-2.092605,-2.0137875,-1.9892268,-1.9892268,-2.0767634,-2.0434785,-2.127393,-2.1757584
Cc3ccnc4N(C1CC1)c2ncccc2C(=O)Nc34 ,-3.19,-3.5950446,-4.065265,-3.74727,-3.7472703,-3.7350569,-3.9983735,-3.693131,-3.5153286,-2.8759375,-3.8608062,-3.764608,-3.7646077,-3.7300224,-3.9441326,-3.762184,-3.6404047,-3.5567894,-4.5252776,-4.3126664,-4.3126664,-4.3286495,-4.522065,-4.4134097,-4.591158,-3.1939275,-4.478796,-4.8275924,-4.8276014,-4.427302,-5.0231857,-4.4301324,-4.5202394,-3.4781795,-3.839051,-3.8284373,-3.8284376,-3.786163,-3.9333446,-3.7724948,-3.1706834,-3.71855,-3.3851159,-3.8549902,-3.8549898,-3.9504364,-3.8470666,-3.7336538,-4.377262,-2.7111442,-2.9779634,-2.9108057,-2.9108055,-3.2149138,-3.1826887,-3.1729383,-3.060492,-3.4604096,-4.382394,-4.1280527,-4.1280494,-4.164645,-2.9861436,-4.2214885,-4.50262,-3.1491008,-3.304995,-3.2689488,-3.2689486,-3.2892241,-3.345228,-3.2348328,-3.2350302
CCc1cccc(C)c1N(C(C)COC)C(=O)CCl ,-2.73,-3.1690466,-4.081651,-4.0593667,-4.0593667,-4.052805,-4.4255705,-3.7241247,-4.75909,-2.7257507,-3.1530533,-2.975536,-2.9755368,-2.935364,-3.203759,-2.9466653,-2.567421,-2.8946965,-4.225029,-3.825197,-3.8251975,-3.8522854,-4.0993133,-3.6904848,-3.5792687,-2.8520613,-3.2769775,-3.6837568,-3.6837637,-3.2797225,-3.7138906,-3.1622095,-3.207137,-3.4550276,-4.1906266,-4.30606,-4.306061,-4.227558,-4.6448984,-4.0696416,-3.1898518,-2.4844513,-3.0679271,-3.504219,-3.504219,-3.5041895,-3.495341,-3.1787522,-4.155938,-3.0409582,-3.0307608,-2.7176423,-2.7176425,-3.2455528,-3.0617306,-3.1921341,-2.9016387,-2.9595382,-4.011599,-3.976412,-3.9764051,-3.98983,-2.7117586,-4.3495603,-4.4547157,-2.9015625,-3.0897608,-3.5924742,-3.5924747,-3.5585234,-3.5577247,-4.148996,-4.033956
C1CCOC1,0.49,0.59232444,-1.3649083,-0.59666806,-0.596668,-0.5749484,-0.7568883,-0.53858066,-1.0867981,0.14554183,-0.58494097,-0.8203432,-0.8203431,-0.8151756,-0.90127456,-0.8097466,-0.8786059,0.765581,-0.9211723,-0.83683646,-0.8368363,-0.83859324,-0.76586974,-0.16002785,-0.26743403,0.7147221,-0.44572717,-0.849828,-0.8498328,-0.38135007,-0.7474836,-0.534435,-0.63886607,0.51885766,-2.4267466,-1.2024078,-1.2024075,-1.1509558,-1.2034894,-1.1051929,-0.71865445,0.33973354,-1.4646745,-1.2794513,-1.2794513,-1.2886608,-1.256013,-1.2825897,-0.96738064,-0.012112146,-0.15478872,0.6014357,0.60143554,-0.09405102,0.17718321,-0.045863815,-0.057061873,0.7141428,-1.1819518,-1.2443666,-1.244364,-1.2518811,-0.7566531,-1.1908332,-1.0944614,0.61161244,-0.7845641,-0.5377626,-0.5377626,-0.13490182,0.010922542,-0.3553266,-0.23685734
CC1CCCCC1,-3.85,-2.7486672,-1.858982,-1.1721479,-1.1721476,-1.162202,-1.3180304,-1.1519907,-1.4487497,-3.626247,-1.6580933,-2.5830727,-2.5830722,-2.567179,-2.4999273,-2.588024,-1.9710943,-3.7415915,-2.0533652,-2.240343,-2.2403433,-2.268922,-2.1618695,-3.840453,-3.862358,-3.8934164,-2.6013174,-3.0952208,-3.095227,-2.8283172,-3.0472643,-3.1817026,-2.7225661,-3.6602318,-2.0131824,-1.916724,-1.9167244,-1.9482183,-2.0025187,-2.258389,-1.946737,-2.7414942,-1.9362319,-1.8578769,-1.8578769,-1.8736839,-1.820712,-1.8652308,-1.2985489,-3.8452253,-3.5920777,-3.0389185,-3.0389183,-3.3210258,-3.6993008,-3.3518589,-2.9405427,-3.6533465,-3.9660306,-4.040313,-4.0403104,-4.0553083,-3.245384,-4.245915,-3.7154474,-2.8716917,-2.2508566,-2.4165242,-2.4165235,-2.5747216,-2.652281,-2.4698691,-2.582138
C1(=O)NC(=O)NC(=O)C1(O)C2(O)C(=O)NC(=O)NC2(=O),-1.99,-2.435768,-3.4664674,-3.486998,-3.4869983,-3.476695,-3.8128526,-3.408459,-4.583727,-2.0312948,-0.547301,-2.5212343,-2.521234,-2.5085175,-2.6650229,-2.427366,-1.1409479,-1.9298255,-3.709171,-2.9996235,-2.9996238,-3.0464387,-3.4087,-0.9231214,-0.28981704,-1.9154891,-0.16441819,-1.278383,-1.2783868,-1.1159128,-0.5974393,-1.8221465,-0.6405669,-2.3908165,-3.4353952,-3.9424899,-3.9424899,-3.3604903,-4.4757385,-3.1077876,-4.202491,-1.9550546,-2.46888,-2.6820414,-2.6820414,-2.7026644,-2.6883006,-2.6155903,-2.7897646,-1.4761882,-1.0357759,-0.652359,-0.6523589,-1.0568926,-0.9313772,-1.0301512,-0.7332326,-1.6576025,-0.7585636,-1.7463177,-1.7463098,-1.744342,-0.058889654,-2.2184856,-1.1707233,-1.611014,-0.09677537,-0.49320248,-0.49320233,-0.3462525,-0.13709003,-0.31237423,-0.5117193
ICI,-2.34,-2.2129724,-1.1745309,-0.92043906,-0.92043906,-0.93853086,-1.1566377,-0.9707216,-1.8748642,-2.2582707,-2.6262832,-2.108197,-2.1081977,-2.1014743,-2.0585396,-2.0965507,-2.6759107,-2.3836172,-2.118388,-1.9325808,-1.9325807,-1.931397,-1.8731434,-3.2512758,-2.6690016,-2.2068775,0.21978049,-1.3927711,-1.3927801,-0.6638571,-0.5844892,-1.2227665,-0.25723395,-2.3729568,-3.653035,-3.7104564,-3.7104552,-3.8024318,-3.726102,-3.821892,-1.8542866,-2.182979,-1.3425866,-1.0943602,-1.0943602,-1.1053686,-1.1656104,-1.095855,-1.427021,-2.0981455,-1.8266889,-2.0045323,-2.0045316,-1.7460821,-1.7175951,-1.6802706,-1.8284186,-2.2936056,-2.2912946,-2.0922563,-2.0922568,-2.1050994,-1.8392308,-2.1892042,-2.1218174,-1.8847272,-1.4573543,-1.5351295,-1.5351294,-1.6698015,-1.7382395,-1.5811586,-2.446118
CCCCCC,-3.84,-1.9666704,-1.998375,-1.6599493,-1.6599494,-1.6642679,-1.9310532,-1.6568592,-1.8659658,-3.648192,-1.3144146,-2.4684813,-2.4684815,-2.4661524,-2.2476666,-2.4452693,-1.8756616,-3.7020662,-1.7472061,-1.8975195,-1.8975194,-1.9036534,-1.8153276,-3.0467436,-2.6692584,-3.786994,-2.3981023,-2.8634255,-2.8634324,-2.6414893,-2.958563,-2.8578396,-2.3876042,-3.248894,-2.6082742,-2.3245797,-2.3245797,-1.9170122,-2.4267144,-1.8090857,-1.7773758,-2.8083305,-2.5483394,-2.5643642,-2.5643644,-2.5133514,-2.547214,-2.466215,-2.4057403,-4.076569,-3.794867,-3.7781339,-3.7781336,-4.0736566,-4.6318464,-4.1237426,-3.657613,-3.759109,-2.9417782,-3.0161018,-3.0160992,-3.0091543,-2.1064265,-3.3240054,-3.0309577,-3.2534134,-3.0408597,-3.2326882,-3.2326884,-3.2445345,-3.3702626,-3.3567178,-3.2199235
ClCC#N,-0.092,-0.07358588,-1.1310512,-0.61204076,-0.6120411,-0.6218299,-0.7313558,-0.6531979,-1.0826038,0.13120198,-0.07358208,-0.7521901,-0.75219053,-0.7537021,-0.6582891,-0.7468285,-0.28678468,0.30100006,-0.86411357,-0.7722261,-0.7722261,-0.77155274,-0.77923775,-0.56810445,-0.854193,0.20711261,-0.4486807,-0.8502978,-0.85030395,-0.27504563,-0.71595645,-0.40213782,-0.5935824,-0.32929465,-1.6758682,-1.3767087,-1.3767089,-1.3936491,-1.5155643,-1.4720228,-0.49099305,0.10519961,-1.4507914,-1.1945373,-1.1945373,-1.2125511,-1.2369041,-1.2356541,-0.71165484,-0.3013316,-0.6746647,0.43461457,0.43461433,-0.5901632,0.30242872,-0.501489,-0.181903,-0.008680414,-0.066243045,-0.31721646,-0.31721684,-0.33615312,0.0096862065,-0.1703536,-0.034916904,-0.08313309,-0.552163,-0.46113554,-0.46113548,-0.35944605,-0.41770104,-0.4451406,-0.3291884
c1ccccc1NC(=O)c2c(O)cccc2,-3.59,-3.0750709,-3.4760551,-3.3142297,-3.3142295,-3.3282132,-3.696557,-3.3631735,-3.4326549,-3.2551908,-3.3467932,-2.777079,-2.77708,-2.749892,-3.139096,-2.8129094,-3.0190058,-3.3317943,-3.4234781,-3.3346443,-3.3346443,-3.3402703,-3.355157,-2.8788311,-2.670982,-3.524205,-3.1584053,-3.4272695,-3.427275,-3.2457595,-3.9022152,-3.148222,-3.059862,-3.798634,-3.1507192,-3.0380752,-3.038075,-3.088086,-3.2066057,-3.0832562,-2.57433,-3.1989653,-3.9358563,-3.9418619,-3.9418616,-3.978286,-3.9244401,-3.9574025,-4.1608915,-2.8744998,-2.5401874,-3.4577038,-3.4577043,-3.3181443,-3.6024654,-3.2398374,-3.2767544,-3.5238373,-2.3513365,-2.376331,-2.376325,-2.3264542,-1.4115231,-2.617384,-2.5655568,-3.5335977,-3.491613,-2.9076827,-2.907682,-2.9279988,-3.3619475,-2.6199274,-2.8530948
OC3N=C(c1ccccc1)c2cc(Cl)ccc2NC3=O ,-3.952,-4.242983,-4.7887716,-4.414745,-4.414745,-4.3989396,-4.7209764,-4.340096,-3.9883564,-3.8937232,-4.1744347,-4.128197,-4.128198,-4.0947247,-4.145863,-4.1044908,-3.7035983,-3.7278392,-4.7653728,-4.441923,-4.4419236,-4.463331,-4.7494817,-4.111991,-3.7248163,-3.7740397,-3.6835222,-3.869596,-3.8696022,-3.9562805,-4.350053,-3.616209,-3.384254,-4.3526897,-3.8276587,-3.9173715,-3.9173713,-3.8689387,-4.0099072,-3.8293085,-3.6721165,-3.3141968,-3.0509136,-2.9419754,-2.941975,-2.9207578,-3.0238519,-3.0754156,-3.1299963,-2.802609,-2.107862,-2.342528,-2.3425283,-2.3789454,-2.5808158,-2.337057,-2.372868,-3.8019052,-4.3412585,-4.0989633,-4.098958,-4.132185,-2.8231041,-4.297437,-4.392565,-3.877277,-3.6279778,-3.6983325,-3.6983328,-3.544757,-3.2130744,-3.3899903,-3.2184308
O=C2NC(=O)C1(CCCC1)C(=O)N2,-2.349,-2.3184159,-2.4098768,-1.8903606,-1.8903607,-1.8826606,-2.1346672,-1.8784465,-2.5689662,-2.3287687,-1.4681766,-1.5824918,-1.5824914,-1.5846267,-1.6093454,-1.5812297,-1.9667397,-2.5450904,-2.8738403,-2.8438952,-2.843895,-2.869962,-2.9508586,-2.6935265,-2.3650334,-2.4739711,-1.7892498,-2.2441483,-2.2441542,-2.0065174,-2.316137,-2.3520894,-1.7768345,-2.2779078,-2.4587379,-2.6254077,-2.625408,-2.5152955,-2.7643688,-2.7755108,-2.1100516,-1.6639254,-1.9845116,-1.4494216,-1.4494214,-1.4415002,-1.5953051,-1.6143901,-1.2501881,-2.2170699,-1.3683407,-1.6885989,-1.6885984,-1.8664873,-1.8891734,-1.7540492,-1.9565843,-2.4569774,-2.261119,-1.9559064,-1.955901,-1.9899132,-1.3119619,-2.1132982,-2.3826926,-2.3061688,-2.3311582,-2.3704696,-2.3704698,-2.4082353,-2.4811919,-2.3948236,-2.4275796
C=CCS(=O)SCC=C,-0.83,-1.4559348,-2.6451797,-2.2265897,-2.2265894,-2.1759908,-2.4598913,-2.046228,-2.1331785,-0.6146201,-2.5226178,-1.8317087,-1.8317086,-1.81253,-1.8969768,-1.778732,-2.443531,-0.99526757,-2.0891745,-1.9905725,-1.9905726,-2.0073004,-1.9544555,-1.8578494,-1.9263871,-1.2934365,-0.9774609,-1.9887668,-1.9887742,-1.4161668,-1.642572,-1.4805025,-1.2316073,-0.86037564,-2.594821,-2.495146,-2.495146,-2.4183462,-2.6916935,-1.8772882,-1.9869183,-1.2341311,-3.0615785,-3.3515303,-3.3515306,-2.8512125,-3.3556726,-2.708457,-3.7115698,-2.457927,-2.769371,-2.2225447,-2.2225447,-2.8213472,-2.0019376,-2.7029817,-2.3973415,-0.9262488,-2.6840212,-2.5248654,-2.5248601,-2.5330596,-1.6294143,-2.6175914,-2.8917615,-0.8356672,-1.4142058,-1.5235034,-1.5235034,-1.3975141,-1.4244156,-1.3865561,-1.4205792
CC1=C(C(=O)Nc2ccccc2)S(=O)(=O)CCO1,-2.281,-2.9306579,-3.8498409,-3.5756063,-3.575606,-3.5841465,-3.9045293,-3.6088173,-3.7084336,-2.427914,-2.853993,-2.279464,-2.279464,-2.2483456,-2.541102,-2.2792332,-2.4004738,-2.4218833,-4.0412297,-3.7839227,-3.7839227,-3.7806911,-3.9461107,-2.4283402,-2.2035296,-2.421771,-4.0054665,-3.8897476,-3.8897548,-3.6467586,-4.3748,-3.5061069,-3.7058852,-2.4746313,-3.5399814,-3.450703,-3.450703,-3.4727721,-3.6156576,-3.4523392,-2.6133566,-2.4997053,-3.6810546,-3.3620682,-3.362068,-3.4143858,-3.4157004,-3.5341926,-3.3016822,-3.0201352,-2.5259829,-3.560392,-3.5603914,-3.2358954,-3.6807923,-3.1709926,-3.3861582,-2.4715984,-3.2057,-3.1879945,-3.1879876,-3.225819,-2.175347,-3.4002259,-3.5161111,-2.221331,-2.2469523,-2.3319876,-2.3319876,-2.3079007,-2.293493,-2.3640497,-2.317257
Cl\C=C/Cl,-1.3,-0.77472436,-1.7584107,-1.4052267,-1.4052268,-1.4161438,-1.5390042,-1.4285985,-0.8886764,-1.0129663,-0.5450912,-1.1364427,-1.1364422,-1.1380994,-1.0806872,-1.1274371,-0.6580439,-0.8947836,-0.83312505,-0.7351048,-0.7351046,-0.73422253,-0.74333143,-0.58206886,-0.8256541,-1.4482787,-1.0261643,-1.7691274,-1.7691331,-1.1436025,-1.5275334,-1.3725313,-1.1173536,-1.222375,-3.1133304,-1.7460883,-1.746088,-1.7378856,-2.050947,-1.713273,-1.4626585,-1.2023768,-1.3415601,-0.98804724,-0.9880475,-0.9885893,-1.031861,-1.038497,-0.71820354,-1.3865964,-3.2516422,-1.684354,-1.6843544,-3.6159873,-1.8018392,-3.5351155,-1.7640679,-1.2760718,-1.1182375,-1.0916107,-1.0916108,-1.0903065,-0.9320005,-1.22131,-1.2250767,-1.1433645,-2.0408392,-1.9446915,-1.9446921,-1.7138885,-1.6223155,-1.856085,-1.8016096
Clc1ccc(c(Cl)c1)c2cc(Cl)c(Cl)c(Cl)c2Cl ,-7.39,-8.076697,-4.8151507,-4.565904,-4.565904,-4.5678325,-4.89468,-4.5966973,-5.5123587,-7.8356104,-7.5347543,-7.7640567,-7.7640595,-7.699234,-7.5260854,-7.7946286,-7.903042,-7.467981,-7.0537577,-7.504751,-7.5047503,-7.5429454,-7.5387554,-8.072228,-8.243154,-7.784455,-7.258085,-8.125053,-8.125063,-8.317212,-8.178301,-7.817883,-7.9570484,-7.657378,-3.779684,-3.952506,-3.9525058,-3.9952652,-4.0842557,-4.0896616,-5.7064905,-6.4541454,-4.0003448,-4.5550375,-4.555038,-4.730356,-4.4251056,-4.4931045,-5.746404,-8.69136,-5.607162,-8.45729,-8.457289,-6.4117007,-8.975116,-6.329359,-8.497679,-7.3156314,-8.311076,-8.069539,-8.069537,-8.107509,-6.768904,-8.314922,-8.431984,-7.2049026,-7.5441284,-7.5441766,-7.5441747,-7.4698186,-7.381264,-7.361852,-7.288642
CCCC(=O)CCC,-1.3,-1.4465626,-2.3486762,-1.9399883,-1.9399883,-1.9380782,-2.1438317,-1.92786,-1.9821475,-1.19651,-1.4460946,-1.6059736,-1.6059738,-1.5631418,-1.5706545,-1.6067876,-1.8486531,-1.527227,-2.07834,-2.166596,-2.1665962,-2.1748426,-2.1235085,-2.7028399,-2.7192886,-1.5298326,-1.4664091,-1.9292772,-1.929284,-1.4580828,-1.9905717,-1.5736288,-1.5050269,-1.2638335,-2.620354,-2.5451753,-2.5451753,-2.410504,-2.6730285,-2.2823756,-1.997032,-1.6426946,-2.672693,-2.5886142,-2.5886145,-2.500211,-2.5712085,-2.7432182,-2.9396794,-1.7691016,-1.6555797,-1.2896581,-1.2896581,-1.6236646,-1.6407831,-1.5816685,-1.5330025,-1.3516024,-2.4102879,-2.1851022,-2.1850967,-2.2688987,-1.3918298,-2.1666386,-2.5949895,-1.3195108,-1.6369126,-1.6041025,-1.6041025,-1.487625,-1.5800791,-1.551116,-1.5644819
OCC(O)CO,1.12,-0.28780335,-1.6385328,-0.96770424,-0.96770424,-0.95961726,-1.1746136,-0.9162778,-1.4760277,1.4192036,-0.2474241,0.80289906,0.80289924,0.79241556,0.3847378,0.80836034,-0.55260605,1.3537716,-0.7095892,-0.57591647,-0.5759164,-0.57846224,-0.33281407,1.53128,0.88883704,1.149303,-0.071382165,0.6164584,0.6164569,0.7934098,0.13693771,0.97400606,-0.17938519,1.0638669,-1.5668226,-1.2019708,-1.2019709,-1.2165196,-1.2523091,-1.1712795,-0.90074223,-0.4829914,-1.5452994,-1.3631989,-1.3631989,-1.3439131,-1.3416861,-1.3134742,-1.0252589,0.93444574,0.09072903,0.95615506,0.95615506,0.2659272,0.67460674,0.29515445,0.3246795,1.2077998,0.5042628,0.51447266,0.5144769,0.46804357,0.9916998,0.29467303,0.18109107,1.1495668,1.1874275,1.2436109,1.2436107,1.173376,1.2109976,1.1857595,0.98813397
Clc1c(Cl)c(Cl)c(c(Cl)c1Cl)c2c(Cl)c(Cl)c(Cl)c(Cl)c2Cl ,-11.6,-11.886927,-6.3955436,-6.356321,-6.3563204,-6.3508115,-6.6195984,-6.342564,-8.159652,-11.702254,-9.910732,-10.883945,-10.883943,-10.809231,-10.487932,-10.857872,-9.919736,-11.576688,-10.703061,-13.833277,-13.833274,-13.888803,-13.5820675,-11.666086,-10.4896755,-11.415378,-9.961946,-10.317922,-10.31793,-11.126071,-11.234531,-10.223971,-10.128248,-11.735509,-7.538383,-9.244956,-9.244956,-9.496002,-9.250141,-9.718178,-10.497719,-11.01019,-3.8972244,-4.326358,-4.3263574,-4.467655,-4.2242737,-4.23121,-5.320655,-10.334705,-5.8309536,-9.326126,-9.326127,-6.633365,-9.896369,-6.5651712,-9.050187,-11.1513195,-11.644616,-10.977606,-10.977604,-10.964378,-9.563888,-11.402286,-9.426608,-11.153675,-10.386641,-10.903882,-10.903883,-10.935429,-10.870241,-10.733527,-10.01473
CC1(O)CCC2C3CCC4=CC(=O)CCC4(C)C3CCC21C,-3.999,-4.302001,-4.1841474,-3.8339357,-3.8339355,-3.8438587,-4.1871605,-3.8534923,-4.078629,-4.271535,-4.0203476,-4.2790294,-4.2790303,-4.2060165,-4.6589365,-4.3167963,-4.2360654,-4.143118,-3.4840822,-3.790347,-3.7903473,-3.751736,-3.761024,-4.803177,-4.3286266,-4.321257,-4.8466377,-4.6996436,-4.699649,-4.547421,-5.0506287,-4.5174284,-4.516357,-4.204339,-3.9662797,-3.8494306,-3.8494303,-3.8707926,-3.9748418,-3.9199631,-3.3422775,-3.874484,-3.9135067,-4.0313034,-4.031304,-4.0154457,-3.9502554,-3.9179235,-4.6759553,-4.3791933,-4.09192,-3.991486,-3.9914863,-4.3639803,-4.393694,-4.298212,-4.097843,-4.2897587,-5.384517,-5.3592386,-5.3592315,-5.4001274,-3.8132417,-5.5404058,-5.0765047,-3.98945,-4.566825,-4.4068513,-4.406851,-4.458792,-4.6533427,-4.132518,-4.413826
OCC3OC(OCC2OC(OC(C#N)c1ccccc1)C(O)C(O)C2O)C(O)C(O)C3O ,-0.77,-4.2424526,-7.375997,-6.6382594,-6.63826,-6.6191006,-6.9433413,-6.473802,-5.910208,-1.274416,-3.5505323,-2.3383143,-2.3383138,-2.3274295,-2.9062235,-2.290026,-3.0543597,-0.7588644,-2.0974648,-2.0354736,-2.0354736,-1.9827652,-1.826101,-1.2565938,-1.1616592,-0.6496809,-1.4357641,-1.6800303,-1.6800314,-1.6835462,-2.22534,-1.0243461,-1.4710376,-2.545967,-6.580774,-6.320341,-6.320341,-6.1852055,-6.4307203,-5.9377975,-5.0682125,-4.0324903,-4.995097,-4.952531,-4.952531,-4.9646516,-4.86124,-4.9234185,-4.792604,-1.4696195,-3.7314644,-3.6347249,-3.6347249,-4.1434665,-3.6099737,-4.2447033,-3.0129545,-0.8382668,-4.2828655,-3.87275,-3.8727427,-3.949482,-2.8126447,-3.7152262,-4.402806,-0.8027848,-0.7462417,-0.6949015,-0.6949007,-0.991293,-0.84746647,-0.842297,-0.7788196
CCCCC#C,-2.36,-1.6243465,-1.8812864,-1.5050796,-1.50508,-1.4995412,-1.7500207,-1.4698945,-1.7731595,-2.2913396,-1.4983956,-1.8054814,-1.8054816,-1.796497,-1.6878667,-1.791808,-1.8707988,-2.0590246,-1.4860213,-1.5676227,-1.5676228,-1.5739865,-1.4869906,-1.8435425,-1.684787,-1.9537333,-1.0991398,-1.3013815,-1.3013875,-0.9553672,-1.5183684,-1.1077179,-1.1462429,-2.1395833,-1.8860394,-1.8615531,-1.8615528,-1.8114225,-1.8648814,-1.7690749,-1.8790427,-2.001026,-2.5367556,-1.4843718,-1.4843717,-1.5364325,-1.5627062,-1.8489038,-1.3275435,-2.225184,-2.3359451,-2.21954,-2.2195399,-2.5262218,-2.7925906,-2.426062,-2.380903,-2.276139,-1.2198228,-1.2732944,-1.2732909,-1.2457585,-0.60311157,-1.4273273,-1.2391702,-2.865159,-3.190562,-3.24275,-3.2427504,-3.0931249,-3.2252033,-2.9881318,-2.9698176
CCCCSP(=O)(SCCCC)SCCCC,-5.14,-4.8984604,-5.400885,-4.983747,-4.983747,-4.9803166,-5.3120136,-4.920564,-4.314364,-5.373357,-4.297889,-5.8601027,-5.860103,-5.7440577,-6.470498,-5.9933763,-5.0649586,-4.9183116,-4.759562,-4.7603197,-4.76032,-4.7048283,-4.855372,-5.6669116,-5.8535533,-4.9034467,-4.96893,-5.9657636,-5.9657702,-5.261658,-5.80732,-5.76857,-5.307079,-5.2138796,-5.5978074,-5.377589,-5.3775887,-5.316428,-5.563455,-5.3097734,-4.1731515,-4.6867304,-4.8149433,-5.2641354,-5.264135,-5.343254,-5.1426263,-5.1674733,-4.501793,-5.2869797,-5.6536646,-6.0014563,-6.0014553,-5.663817,-5.377204,-5.4818997,-6.031608,-5.05045,-6.027779,-6.1023927,-6.102391,-6.1467285,-4.87385,-6.1948066,-6.2347302,-5.0452037,-5.105645,-5.258388,-5.258389,-5.1222095,-5.1710486,-5.234491,-5.1662035
Cc1ccnc(C)c1,0.38,-0.9746987,-2.1349828,-1.742109,-1.7421092,-1.737174,-1.8410693,-1.7446483,-1.6356845,0.2134538,-1.7426353,-1.2154993,-1.2154996,-1.2180077,-1.3455211,-1.217893,-1.5878115,-0.17528819,-1.5129521,-1.6261045,-1.6261044,-1.631222,-1.5555294,-1.7401696,-1.6300895,0.015317704,-1.5156015,-1.7718232,-1.7718303,-1.4577541,-2.0487306,-1.4400893,-1.4927245,-0.11475908,-1.7095214,-1.3667698,-1.3667696,-1.381372,-1.4046949,-1.3415974,-0.8441311,-0.94486606,-2.184465,-2.1840098,-2.1840098,-2.1954553,-2.1811588,-2.1283033,-1.8224866,0.011354567,-1.9733241,-0.6368958,-0.6368957,-1.9482648,-1.0801067,-1.8875538,-1.360433,0.45795277,-1.4391958,-1.3559858,-1.3559825,-1.3752974,-0.83623064,-1.4421386,-1.6174008,0.2555241,0.49231377,0.46653602,0.46653605,0.5250886,0.5138565,0.56517303,0.102807105
CC(C)c1ccccc1,-3.27,-2.644403,-2.0521092,-1.7124971,-1.7124974,-1.7196224,-1.9271506,-1.7362291,-2.185979,-3.654407,-2.2476006,-2.914106,-2.9141078,-2.8899343,-2.816673,-2.9140246,-2.6818144,-3.553772,-2.094241,-2.2385662,-2.2385662,-2.2463493,-2.1505525,-2.811055,-2.9501128,-3.115397,-2.2253866,-2.603623,-2.6036313,-2.2500942,-2.634827,-2.3868728,-2.1480389,-3.0029025,-2.162366,-2.4682121,-2.468212,-2.472796,-2.4750593,-2.4933107,-1.5452358,-3.131028,-1.9993837,-1.6291455,-1.6291459,-1.6157703,-1.7322248,-1.7270538,-1.360389,-3.5440063,-4.3088446,-3.3917642,-3.3917642,-4.3914313,-3.6526973,-4.389181,-3.2812567,-3.6020706,-2.9355092,-2.8341827,-2.83418,-2.8698645,-2.040428,-2.7905855,-2.862511,-2.5699208,-2.6819248,-2.735348,-2.735348,-2.6875095,-2.5924418,-2.7083032,-2.5060458
CCc1ccc(C)cc1,-3.11,-3.1682544,-2.3678489,-1.9645922,-1.9645919,-1.9750776,-2.17106,-2.0087109,-1.807899,-3.0672677,-2.3938398,-2.7750514,-2.775051,-2.739236,-2.8067687,-2.768767,-2.911762,-3.0174396,-2.1354342,-2.2771697,-2.2771695,-2.2882612,-2.2266557,-3.2424667,-3.045165,-3.1435518,-2.2978792,-2.6730485,-2.6730554,-2.4968474,-2.9353566,-2.4856756,-2.1561177,-3.0726857,-2.7378626,-2.637725,-2.6377256,-2.763448,-2.7833264,-2.839164,-3.3518066,-2.8703506,-3.2613165,-3.371046,-3.3710465,-3.4839158,-3.2991548,-3.3030632,-3.369181,-3.4838183,-4.5857944,-4.3364606,-4.3364596,-4.9261765,-5.0330057,-4.952423,-4.1240993,-3.0437875,-3.1611314,-2.9108832,-2.9108787,-2.983898,-2.1353743,-3.008195,-2.9148312,-3.1945066,-3.255578,-3.3366253,-3.336625,-3.28412,-3.246866,-3.3672557,-3.05907
CN(C)C(=O)Nc1ccc(Cl)c(Cl)c1,-3.8,-4.05632,-3.5590076,-3.4381213,-3.4381216,-3.4498966,-3.8148646,-3.5024908,-3.8576124,-3.7025032,-2.993582,-2.7368515,-2.736851,-2.718012,-2.9796026,-2.762741,-2.6692662,-3.788333,-3.808952,-3.7240393,-3.7240393,-3.7410989,-3.6473923,-4.115506,-3.8838234,-3.75975,-3.0323162,-3.5919175,-3.5919242,-3.467726,-3.681263,-3.3649912,-3.2447834,-3.8263953,-3.149391,-3.1564867,-3.156487,-3.2161705,-3.2928421,-3.2537475,-4.038017,-4.3456073,-3.2949235,-2.9346647,-2.9346647,-2.982078,-3.0124302,-3.1204917,-3.0145075,-2.7523277,-2.9752855,-2.431516,-2.4315157,-3.2388659,-2.8518982,-3.1795287,-2.717166,-3.7707522,-2.8973973,-3.0033705,-3.0033643,-3.0509238,-2.0011578,-3.2943816,-3.3959765,-3.672386,-3.2999685,-3.2561305,-3.2561302,-3.2807095,-3.230123,-3.2587137,-3.0647671
ClC(Cl)(Cl)C#N,-2.168,-3.0929677,-1.7944881,-3.1347299,-3.1347296,-3.1526513,-3.426681,-3.0499737,-3.2025163,-2.0271993,-1.6609254,-1.9738333,-1.973833,-1.9719985,-1.9000907,-1.9834075,-2.2614982,-1.9051803,-1.0568452,-1.0033323,-1.0033324,-1.0046787,-1.0898429,-1.3998404,-1.7514921,-2.1173651,-1.1923594,-2.2522185,-2.2522266,-1.4896513,-1.8519564,-1.8111616,-1.706408,-2.2690432,-1.8324344,-1.5635011,-1.5635014,-1.5767696,-1.721867,-1.55704,-1.854446,-2.282123,-1.4131906,-1.2187846,-1.2187845,-1.2270842,-1.2472435,-1.1816106,-1.5263321,-2.0730474,-1.4110967,-2.4772067,-2.4772065,-2.3309276,-2.6552618,-2.2140396,-2.9973786,-2.0653095,-1.6704987,-1.8985127,-1.8985133,-1.9282782,-1.5881107,-1.9106628,-1.8332374,-1.8247069,-1.2734854,-1.3583683,-1.358368,-1.4494108,-1.5194635,-1.3633606,-1.2957578
ClC(Cl)(Cl)N(=O)=O,-2.0,-2.7782,-1.9403131,-2.5667253,-2.5667257,-2.5696764,-2.8844357,-2.4899237,-2.7505612,-1.9572731,-1.4054518,-1.8658522,-1.8658522,-1.8659813,-1.8349566,-1.8525242,-1.9066131,-2.0780222,-1.2631557,-1.2280732,-1.2280732,-1.2319126,-1.3942966,-1.6272815,-1.9153614,-2.1033835,-1.4243463,-2.800298,-2.8003066,-1.9046732,-2.2040234,-2.3364944,-2.0168233,-2.1835725,-1.8947994,-1.3114682,-1.3114679,-1.3167082,-1.4897214,-1.2779204,-1.6156324,-1.7515409,-1.2987915,-1.0539769,-1.0539769,-1.0526597,-1.0851283,-1.0372958,-1.760598,-1.6415173,-0.74834365,-1.8395443,-1.8395438,-2.1382108,-1.8592478,-2.003662,-1.98622,-1.9491159,-2.2158403,-2.2028077,-2.202808,-2.2302418,-1.8513708,-2.2199488,-2.3803768,-0.7546004,-0.82307863,-0.6820554,-0.6820555,-0.8484275,-0.8381185,-0.8389356,-0.64661276
CCC=O,0.58,0.7250493,-1.1742371,-0.4835197,-0.48351943,-0.4809411,-0.67029727,-0.49267754,-0.94481695,0.89061207,-0.13902625,0.23318735,0.23318723,0.2279421,0.05590801,0.24735829,-0.51705104,0.5776463,-0.9443132,-0.87562406,-0.87562406,-0.87653106,-0.8516229,-0.38961565,-0.40599155,0.77781683,-0.5196362,-0.54816383,-0.5481657,-0.13722718,-0.75541395,-0.16842416,-0.5882262,0.60596085,-1.4300998,-0.83067316,-0.8306731,-0.8564522,-0.7967387,-0.84053814,-0.71566767,0.83647794,-1.2737615,-0.9147916,-0.91479164,-0.9050341,-0.88663477,-0.9517276,-0.6480245,0.2671605,-0.29646608,1.1882722,1.1882726,-0.09664543,0.7659336,-0.030809289,0.16782168,0.68404794,0.19424647,0.14792767,0.14793077,0.13475756,0.38872796,0.22233419,-0.012113603,0.3676586,0.14916182,0.21498053,0.21498054,0.27528834,0.23276408,0.34164584,0.21354297
O=C2NC(=O)C1(CCCCCCC1)C(=O)N2,-2.982,-2.9100168,-3.1278358,-2.7924838,-2.7924838,-2.7922397,-3.0842698,-2.7912095,-3.2011259,-3.0487635,-2.3212767,-2.3249192,-2.3249195,-2.2937043,-2.333824,-2.3358889,-2.8249056,-2.8749776,-3.5551834,-3.3371136,-3.3371136,-3.374631,-3.4483147,-2.7442977,-2.5435617,-2.8299453,-2.5027723,-3.2849612,-3.2849686,-2.6149993,-3.062689,-3.0249736,-2.7521348,-3.0403473,-2.939405,-3.0129414,-3.0129411,-3.032686,-3.1973588,-3.0356545,-3.2224593,-2.5939748,-2.8145816,-2.3855166,-2.3855166,-2.4501936,-2.4381177,-2.6364467,-3.0057192,-2.4827006,-1.680215,-2.2376597,-2.2376592,-2.2524018,-2.5857563,-2.1524704,-2.3208315,-2.9840918,-3.4690003,-3.0412781,-3.0412722,-3.0861626,-2.1544433,-3.118249,-3.6970794,-2.9882407,-3.0605593,-3.043569,-3.0435684,-3.0001194,-3.0303686,-3.0761776,-3.0085661
ClCCC#N ,-0.29,-0.8827098,-1.4165385,-0.7835375,-0.78353757,-0.76727265,-0.96734095,-0.7688638,-1.5710368,-0.02426691,-0.40533024,-0.65419775,-0.6541977,-0.65983146,-0.5638075,-0.6499261,-0.69505537,-0.2446458,-1.0875713,-1.0623852,-1.0623851,-1.0631835,-1.0530434,-1.0180322,-1.1520891,-0.8684537,-0.8349369,-1.2298371,-1.2298423,-0.72321594,-1.1887515,-0.86498696,-0.89090276,-0.34495157,-1.6968096,-1.4323032,-1.4323032,-1.4585346,-1.4772793,-1.428334,-1.6861728,-0.4502335,-1.6186513,-1.3001074,-1.3001072,-1.2944067,-1.3103489,-1.3716341,-0.92276233,-0.25466165,-0.9361346,0.02763591,0.027636077,-0.7852739,-0.19615328,-0.6880691,-0.5095306,-0.25820568,0.01991875,-0.5573007,-0.5572984,-0.56909126,-0.2085242,-0.73995805,-0.033442352,-0.22186682,0.028349238,0.057979714,0.05797959,-0.0015800688,-0.03341411,-0.032364488,0.39617282
c1ccccc1C(O)C(O)c2ccccc2,-1.93,-2.2096453,-3.3399158,-3.0061178,-3.0061178,-2.9492607,-3.2918768,-2.8246493,-3.1941607,-1.8651052,-3.7218232,-2.951094,-2.9510942,-2.8707855,-3.2066817,-2.9117243,-3.518687,-1.9136523,-3.336232,-2.9964085,-2.9964082,-3.0541248,-3.1676354,-1.6625901,-1.7528403,-2.17442,-2.7816026,-2.6473465,-2.647353,-2.6018424,-3.2603679,-2.455401,-2.5103989,-1.8959724,-3.3293748,-3.465927,-3.465927,-3.191045,-3.5236745,-3.0610414,-3.3691926,-2.484195,-3.856571,-4.2699265,-4.269927,-4.3992224,-4.199825,-4.3976946,-4.385269,-2.9656804,-1.8037709,-2.2652974,-2.2652977,-2.1670916,-2.4698243,-2.1088057,-2.3867989,-2.0814946,-3.393378,-3.2107873,-3.2107825,-3.0254905,-2.0754564,-2.9128208,-3.6907454,-2.0133662,-1.9062301,-1.9658068,-1.9658071,-1.909519,-1.952376,-1.927796,-1.9812982
Oc1ccc(Cl)c(Cl)c1Cl,-2.67,-2.6455722,-2.6629567,-2.667274,-2.667274,-2.6686032,-2.9630985,-2.675882,-3.4047704,-2.2059567,-2.5608668,-3.0877712,-3.0877712,-3.096904,-3.0358598,-3.0744617,-2.9466593,-2.1426973,-2.600011,-2.6077695,-2.6077693,-2.620541,-2.6173053,-3.176213,-2.72674,-2.4916728,-2.9994278,-3.501618,-3.501626,-3.2092192,-3.5773675,-3.00999,-2.9253707,-2.825168,-2.0820634,-2.612767,-2.612767,-2.5468562,-2.7572324,-2.521957,-2.745833,-1.7351792,-2.7229338,-2.952381,-2.9523807,-3.0356483,-2.9132125,-2.8573277,-3.0812378,-1.9911683,-0.3536357,-1.0669259,-1.0669262,-1.1039863,-1.3108206,-1.0283377,-1.0631919,-2.4460661,-2.8368263,-2.7468853,-2.746884,-2.7643464,-2.2149682,-2.9319224,-2.3896704,-2.6986394,-2.4405308,-2.5198128,-2.519813,-2.5351665,-2.5891786,-2.493894,-2.570634
CCCCOCN(C(=O)CCl)c1c(CC)cccc1CC ,-4.19,-4.8905916,-5.1802516,-4.9433722,-4.9433722,-4.9341063,-5.216773,-4.865934,-4.909371,-4.031639,-4.2735496,-4.308452,-4.308453,-4.252654,-4.7172923,-4.359464,-4.2825446,-4.1973815,-3.9955258,-3.971818,-3.971818,-3.9451234,-4.2341247,-4.5288744,-4.7045317,-3.7879455,-4.328286,-4.7556314,-4.755637,-3.7856195,-4.7691975,-4.587999,-4.443185,-4.7952976,-5.256878,-5.2924905,-5.29249,-5.20775,-5.4725,-5.077268,-4.897709,-4.2415957,-4.1613736,-3.9762151,-3.9762156,-3.927328,-3.854073,-4.1066356,-4.0423694,-4.3169413,-4.1217203,-4.089605,-4.089605,-4.2647424,-4.4419518,-4.220413,-4.1407905,-4.190818,-5.0850224,-4.82251,-4.822504,-4.855709,-3.5141113,-5.035819,-5.248168,-4.3059154,-4.7804313,-5.079194,-5.0791936,-4.8963933,-4.5673776,-4.9724507,-5.1640058
COC(=O)c1ccccc1,-1.85,-1.8125345,-2.3554013,-2.2086675,-2.2086678,-2.219697,-2.4881697,-2.2469432,-2.478547,-1.4148215,-1.6895493,-0.9111294,-0.9111282,-0.88149023,-1.1062714,-0.9095454,-1.687546,-1.5450807,-1.7726785,-1.8374754,-1.8374753,-1.8471843,-1.7345812,-1.6817019,-1.6187291,-1.6131635,-1.599167,-1.936559,-1.9365666,-1.5835198,-2.1093323,-1.6417631,-1.6489351,-1.3295556,-2.0467713,-2.06782,-2.06782,-2.131602,-2.0868967,-2.1641793,-1.7206067,-2.038339,-2.5372832,-2.075709,-2.075709,-2.082657,-2.1990921,-2.231096,-1.976983,-2.2425761,-1.6211165,-1.8219098,-1.8219106,-2.3559048,-2.1346676,-2.2772262,-1.9482406,-1.6093028,-2.1306953,-1.9844332,-1.984428,-2.0020037,-1.1933422,-2.1031027,-2.1050308,-1.8727394,-1.8836144,-2.0306895,-2.0306895,-2.0455663,-1.9657829,-2.0169394,-1.708522
Cc1ccc(C)c2ccccc12,-4.14,-4.1247783,-2.6117182,-2.593338,-2.593338,-2.58586,-2.8262682,-2.5800142,-2.9440904,-4.310821,-3.0489948,-4.020068,-4.0200686,-3.9900506,-4.108334,-4.0266695,-3.9274457,-4.4446464,-2.5016103,-2.7105823,-2.7105825,-2.7274342,-2.6331978,-4.0885444,-3.8431935,-4.237029,-4.12302,-4.617233,-4.6172423,-4.2700744,-4.4734106,-4.4150305,-4.229132,-4.182968,-3.4485598,-3.3035235,-3.303524,-3.2428877,-3.3607996,-3.1044648,-4.54709,-3.8190634,-2.5921333,-2.841639,-2.8416393,-2.886023,-2.8604329,-2.7207072,-3.1994557,-4.4252477,-5.7763495,-4.744951,-4.7449512,-5.6666155,-5.4715514,-5.683591,-4.8477125,-4.392663,-4.4259996,-4.396406,-4.3964014,-4.3696246,-3.2830143,-4.833299,-4.4599323,-4.101356,-4.54935,-4.547254,-4.547253,-4.5066643,-4.5739713,-4.4719586,-4.2249403
OCCCC=C,-0.15,-1.2027458,-1.7703083,-1.2859945,-1.2859942,-1.2566123,-1.5532181,-1.158701,-1.7465924,-0.1867436,-0.9634638,-0.63285434,-0.6328541,-0.6214488,-0.64291805,-0.62192583,-1.3315774,-0.046629746,-1.1182283,-1.092763,-1.0927628,-1.0960394,-0.96342194,0.051554505,-0.08702268,-0.28772923,-0.56378114,-0.7429522,-0.7429574,-0.36863637,-0.8829377,-0.44097754,-0.7075682,-0.25785542,-1.7723514,-1.4761157,-1.4761157,-1.5121615,-1.5102285,-1.475034,-1.3789705,-0.1703236,-2.3217099,-2.424843,-2.4248428,-2.1772733,-2.4118612,-1.926852,-2.1801043,-0.41404864,-0.8909291,-0.087727,-0.08772684,-1.1100798,-0.40097997,-1.0564305,-0.6901698,-0.26734647,-0.4899887,-0.47340208,-0.47339803,-0.50327474,0.13311273,-0.49879467,-0.76879,-0.32373005,-0.12043129,-0.20386343,-0.2038634,-0.23654942,-0.23479925,-0.21646906,-0.5353003
O=C1NC(=O)NC(=O)C1(CC)C(C)CC,-2.39,-2.411979,-3.066228,-3.0332456,-3.033245,-3.0261438,-3.3913488,-2.949987,-3.4601152,-2.460465,-1.8711791,-1.6321771,-1.6321768,-1.6076845,-1.7379379,-1.6147248,-2.4730504,-2.4042733,-3.5087688,-3.2173922,-3.2173922,-3.25733,-3.4360142,-2.1732633,-2.0902815,-2.4954457,-2.0447025,-2.5566387,-2.5566444,-1.6869029,-2.6394107,-2.0163784,-2.3201802,-2.234403,-2.878693,-2.87046,-2.87046,-2.8450053,-3.0929394,-2.7868116,-2.4142356,-1.8580749,-2.6034954,-2.926422,-2.926422,-2.9546304,-2.9195888,-2.7611167,-3.2666988,-2.6837997,-1.6787403,-2.25933,-2.2593296,-2.2326775,-2.5781727,-2.1591961,-2.514344,-2.322796,-2.4079242,-1.9733181,-1.9733118,-1.9918516,-1.1504604,-2.1131496,-2.7211323,-2.3867452,-1.1075912,-1.4423761,-1.4423764,-1.3733678,-1.635068,-2.0597095,-1.5782981
CCCCN(C)C(=O)Nc1ccc(Cl)c(Cl)c1,-4.77,-3.8451326,-4.521978,-4.3144517,-4.3144517,-4.324985,-4.6991415,-4.3618207,-4.5775614,-4.491125,-4.411636,-3.419009,-3.4190092,-3.3673625,-4.0213223,-3.4702857,-3.8124347,-4.3463073,-4.7003465,-4.5131826,-4.5131826,-4.503992,-4.479038,-4.7754645,-4.5056887,-3.8312788,-4.2554245,-4.1097608,-4.109768,-4.171107,-4.6168365,-4.0972085,-4.061967,-4.425433,-4.218127,-4.212469,-4.212469,-4.232421,-4.355445,-4.264565,-4.5506325,-4.0549474,-4.489457,-4.456233,-4.4562325,-4.2041845,-4.4303603,-4.548518,-4.54173,-3.6015737,-4.047611,-3.5427678,-3.542768,-4.267377,-3.9446867,-4.2084584,-3.7164152,-4.814094,-4.4302063,-4.172657,-4.1726527,-4.2282367,-3.1824288,-4.311694,-4.8635826,-4.591906,-3.7634516,-4.1755066,-4.175506,-4.1814604,-4.156549,-4.3621883,-3.989464
O=C(c1ccccc1)c2ccccc2,-3.12,-3.1031518,-3.0922818,-2.7586622,-2.7586622,-2.766221,-3.0182931,-2.8051133,-2.6365125,-3.2278547,-3.7186475,-3.2335818,-3.2335818,-3.195583,-3.3801255,-3.2514546,-3.4687512,-3.2676098,-3.3206053,-3.4337387,-3.4337382,-3.4381337,-3.3778005,-4.3274264,-4.2047076,-2.7872057,-3.2811863,-3.6676822,-3.66769,-3.362166,-4.0050206,-3.319535,-3.5722532,-3.1330495,-4.2986865,-4.5170507,-4.5170517,-4.615294,-4.6146755,-4.1665235,-3.4706554,-2.2037437,-3.474801,-3.8292415,-3.8292418,-3.9182541,-3.7728999,-3.7355647,-4.648736,-3.6650972,-2.5327582,-2.8401804,-2.84018,-2.8924572,-3.285038,-2.9759734,-3.0413747,-3.133862,-3.659786,-3.5306723,-3.5306675,-3.5954466,-2.4935753,-3.5716832,-3.6855297,-3.157096,-3.8990636,-3.7495568,-3.7495573,-3.648191,-3.6265664,-3.7698812,-3.2849379
ClC(Cl)C(c1ccc(Cl)cc1)c2ccccc2Cl ,-6.51,-5.621278,-4.589578,-4.320439,-4.32044,-4.310044,-4.6249804,-4.2587385,-4.8067083,-6.6111236,-6.20917,-6.357286,-6.3572874,-6.2758093,-6.2792993,-6.3102093,-6.563781,-6.301187,-5.2002482,-5.1365767,-5.136577,-5.225755,-5.306108,-6.139528,-6.505666,-6.3980694,-4.92968,-5.379684,-5.3796926,-5.648577,-5.3800554,-5.5103087,-5.5016055,-6.6378427,-3.9136226,-4.05344,-4.0534406,-4.0435166,-4.1714764,-4.073518,-4.245494,-5.9626265,-3.8071425,-4.451632,-4.451632,-4.6213765,-4.3472166,-4.4910913,-5.026971,-6.4398527,-5.3556623,-6.1747613,-6.174762,-5.7798014,-6.6209784,-5.7484474,-6.657365,-6.4637556,-7.498779,-7.0616307,-7.0616283,-7.099822,-5.603212,-7.058368,-7.2592072,-6.3888164,-6.2927756,-6.456795,-6.4567943,-6.401394,-6.469797,-6.4506145,-6.415251
CCC(C)C1(CC=C)C(=O)NC(=O)NC1=O,-2.016,-2.291705,-3.3792856,-3.3410232,-3.3410234,-3.3395276,-3.6568418,-3.288664,-3.7485726,-2.1098342,-2.042303,-1.719604,-1.7196041,-1.6883061,-1.788543,-1.7031852,-2.4869325,-2.1930475,-3.5628421,-3.2221339,-3.2221339,-3.2520845,-3.464853,-2.2650301,-2.1316483,-2.1016011,-1.6678838,-2.3830426,-2.3830483,-1.7116901,-2.309466,-2.2763095,-2.0215669,-2.009038,-3.0997036,-3.0989811,-3.0989811,-3.0492785,-3.287957,-2.9287686,-2.3428571,-2.343792,-2.7907727,-3.1777174,-3.1777177,-3.214976,-3.1725328,-3.0454538,-3.6757398,-2.7036598,-1.8522097,-2.3850183,-2.3850179,-2.3829124,-2.6532364,-2.3020625,-2.6697454,-2.0031543,-2.3757453,-2.0946388,-2.0946317,-2.1232514,-1.2167227,-2.363355,-2.9140975,-2.051613,-1.9617963,-1.9998536,-1.9998531,-1.957721,-1.9747854,-2.0916917,-2.0475721
COc1cc(cc(OC)c1O)C6C2C(COC2=O)C(OC4OC3COC(C)OC3C(O)C4O)c7cc5OCOc5cc67,-3.571,-3.8456764,-9.928689,-8.370254,-8.370254,-8.339822,-8.462381,-8.398645,-5.1323724,-3.6903305,-4.3905196,-3.9965558,-3.9965563,-4.009103,-4.430767,-3.9202952,-4.2436438,-3.637706,-7.7228703,-6.5789323,-6.578933,-6.106118,-6.5777593,-7.247873,-3.5111477,-3.597968,-2.7827494,-3.9905705,-3.9905722,-4.137368,-5.0881824,-3.9507918,-2.7292907,-3.7255101,-8.869044,-8.113835,-8.113835,-8.048743,-7.880415,-8.051276,-4.979843,-3.8670363,-6.6381893,-6.430892,-6.4308925,-6.292145,-6.3197145,-6.0555243,-5.91576,-2.4901152,-3.880836,-3.4540575,-3.4540567,-4.4570084,-3.0574462,-4.4647264,-2.3855631,-3.5630953,-6.401506,-5.813881,-5.8138742,-5.83216,-4.477599,-5.566239,-5.3763113,-3.4618251,-5.5426397,-5.7727523,-5.772752,-5.5053344,-5.239325,-7.5512223,-0.30822498
CCOP(=S)(OCC)SCn1c(=O)oc2cc(Cl)ccc12,-5.233,-5.123338,-5.214103,-4.88252,-4.88252,-4.869948,-5.21696,-4.7028775,-5.177316,-5.4347315,-4.519933,-4.3557706,-4.355771,-4.2104096,-4.79553,-4.3954988,-4.6501517,-5.1521773,-5.412072,-5.077752,-5.0777516,-5.102173,-5.309194,-5.3655734,-5.3351684,-4.804602,-4.3898287,-4.9492564,-4.9492645,-4.6792912,-4.992505,-4.7384505,-4.199213,-5.1971183,-4.917196,-4.833561,-4.8335614,-4.7515354,-5.0320835,-4.6764393,-4.2342687,-4.459615,-4.5071745,-5.01452,-5.0145197,-5.0086913,-4.864627,-4.9105973,-4.891759,-3.3179755,-3.643567,-3.1396248,-3.1396246,-4.0520015,-3.858212,-4.1298146,-3.7228296,-5.2642207,-5.293756,-5.010398,-5.010393,-5.0096297,-3.8478546,-5.0445857,-5.541364,-5.072887,-5.2121077,-5.3565345,-5.3565335,-5.310798,-5.32563,-5.453797,-5.307923
COc1ccc(NC(=O)N(C)C)cc1Cl,-2.564,-2.7316256,-3.6976995,-3.5648885,-3.5648887,-3.576424,-3.9387481,-3.6295488,-3.8441715,-2.727917,-3.823081,-2.3796394,-2.3796391,-2.3628607,-2.8581135,-2.358255,-2.8850596,-2.7307842,-3.6504498,-3.4202316,-3.4202313,-3.411325,-3.4308977,-2.749525,-2.4698005,-2.6342406,-2.3849597,-2.8960319,-2.896039,-2.7768002,-3.0324414,-2.6521425,-2.4777513,-2.9177122,-3.3401003,-3.2812474,-3.2812467,-3.3459847,-3.5154457,-3.4030256,-3.409655,-2.8026717,-3.957054,-3.6468155,-3.6468158,-3.7162607,-3.69248,-3.8145287,-3.554568,-3.3144526,-3.0398703,-3.330446,-3.3304458,-3.7198434,-3.5228705,-3.611768,-3.3029706,-2.6828053,-2.8854678,-2.6450775,-2.6450722,-2.7044303,-1.8679867,-2.8084135,-3.1276166,-2.5626464,-2.504616,-2.6998222,-2.6998215,-2.6388156,-2.6181004,-2.6277866,-2.6259055
c1c(NC(=O)c2ccccc2(I))cccc1,-4.21,-3.8466027,-3.985703,-3.6984353,-3.6984358,-3.6903381,-4.058961,-3.6536252,-3.9833436,-4.4200344,-5.009932,-5.008862,-5.008863,-4.942294,-5.399411,-5.006287,-5.0484223,-4.229379,-4.8391743,-4.6652718,-4.665272,-4.718545,-5.0132318,-5.0820785,-4.8987813,-4.0185637,-3.002469,-3.7112384,-3.711246,-3.3762178,-3.8584974,-3.559255,-3.06395,-4.398359,-3.4035573,-3.3898406,-3.3898401,-3.413935,-3.5412567,-3.3727498,-3.449428,-3.2319357,-4.098395,-4.3089943,-4.3089952,-4.3433223,-4.2542343,-4.1946836,-4.6099925,-3.374353,-3.2127485,-3.3721342,-3.3721344,-3.5236297,-3.7990112,-3.5935044,-3.535988,-4.162216,-5.2091355,-5.202986,-5.2029815,-5.273982,-3.7581463,-5.348426,-5.8808117,-4.203015,-4.079898,-4.1835856,-4.183585,-4.2118363,-4.2349267,-4.245685,-4.2392917
CC1=CCCCC1,-3.27,-2.9487796,-1.9109489,-1.2766374,-1.2766377,-1.2676979,-1.361261,-1.2692479,-1.3931527,-3.3476043,-1.6774442,-2.15967,-2.15967,-2.1506732,-2.1437604,-2.1623847,-1.8541741,-3.1683202,-1.8285943,-1.975518,-1.975518,-1.9901364,-1.8962368,-2.7641807,-2.798439,-3.3232458,-1.8569974,-2.5370169,-2.537023,-2.1449163,-2.388087,-2.4947124,-2.015539,-2.99709,-1.6797795,-1.396204,-1.3962039,-1.4091668,-1.4449776,-1.3661543,-1.121815,-3.1025813,-1.7162384,-1.2245153,-1.2245153,-1.2142985,-1.2813044,-1.354734,-0.8645808,-3.0607212,-3.6322985,-2.4851484,-2.4851482,-3.3773923,-2.9853315,-3.4090664,-2.593068,-3.2954366,-3.1478717,-3.049007,-3.0490048,-3.0663714,-2.3948436,-3.167121,-2.7930744,-2.8716917,-2.2508566,-2.4165242,-2.4165235,-2.5747216,-2.652281,-2.4698691,-2.582138
CCCCCCl,-2.73,-2.0745127,-1.970862,-1.5740823,-1.5740823,-1.580178,-1.8421841,-1.5808305,-2.1211984,-1.9536263,-1.7115427,-1.8353883,-1.8353884,-1.8312488,-1.7477381,-1.8472406,-1.6606741,-2.5080478,-1.5215024,-1.6461278,-1.6461278,-1.6499751,-1.5913454,-2.5714314,-2.2035532,-2.8285458,-2.1976426,-2.53976,-2.5397673,-2.163793,-2.6793463,-2.4666138,-2.098285,-2.523284,-2.0135775,-1.837065,-1.8370647,-1.8908703,-1.8270454,-1.8559464,-2.0071645,-2.607505,-2.2630773,-2.3016245,-2.3016248,-2.3032455,-2.2433522,-2.1501534,-1.3446449,-2.6870172,-2.791193,-2.639409,-2.639409,-2.781047,-3.376627,-2.7775795,-2.79867,-2.6288645,-2.9858,-2.5938904,-2.5938883,-2.6730623,-1.9840087,-2.8351421,-2.7189572,-3.07388,-3.0568638,-3.1663115,-3.1663117,-3.1117163,-3.1847918,-3.106062,-3.0785103
CCCCCCCC(=O)OC,-3.17,-3.6713521,-3.2536395,-3.0980473,-3.098047,-3.084674,-3.5181813,-3.0111892,-3.1590488,-2.630617,-3.015543,-2.702443,-2.702443,-2.633348,-2.973861,-2.7051864,-2.5928833,-2.927531,-2.9325888,-2.8704572,-2.8704567,-2.8901975,-2.7706323,-3.7648728,-3.6664643,-3.288175,-2.4871383,-2.991696,-2.9917028,-3.132052,-3.3434513,-3.020404,-2.5516768,-2.8242176,-3.03958,-2.9760368,-2.9760368,-2.9803627,-3.1987648,-2.845677,-3.1735744,-2.7185943,-4.0987577,-3.7747357,-3.7747355,-3.3240077,-3.768624,-3.155318,-4.2443366,-2.6806216,-3.2004428,-2.7977655,-2.7977655,-3.8329144,-2.883495,-3.7877014,-2.8698962,-3.231732,-3.291736,-2.9734697,-2.973464,-3.0104742,-2.0707488,-3.1409888,-3.5738888,-3.1550472,-2.8638124,-2.9779656,-2.9779658,-3.1256845,-3.228276,-3.1942945,-3.1566858
