SMILES,Y_TRUE,RDKitGEOM|MeanInstanceWrapperMLPNetworkRegressor,RDKitGEOM|MeanBagWrapperMLPNetworkRegressor,RDKitGEOM|MeanBagNetworkRegressor,RDKitGEOM|MeanInstanceNetworkRegressor,RDKitGEOM|AdditiveAttentionNetworkRegressor,RDKitGEOM|SelfAttentionNetworkRegressor,RDKitGEOM|HopfieldAttentionNetworkRegressor,RDKitGEOM|DynamicPoolingNetworkRegressor,RDKitAUTOCORR|MeanInstanceWrapperMLPNetworkRegressor,RDKitAUTOCORR|MeanBagWrapperMLPNetworkRegressor,RDKitAUTOCORR|MeanBagNetworkRegressor,RDKitAUTOCORR|MeanInstanceNetworkRegressor,RDKitAUTOCORR|AdditiveAttentionNetworkRegressor,RDKitAUTOCORR|SelfAttentionNetworkRegressor,RDKitAUTOCORR|HopfieldAttentionNetworkRegressor,RDKitAUTOCORR|DynamicPoolingNetworkRegressor,RDKitRDF|MeanInstanceWrapperMLPNetworkRegressor,RDKitRDF|MeanBagWrapperMLPNetworkRegressor,RDKitRDF|MeanBagNetworkRegressor,RDKitRDF|MeanInstanceNetworkRegressor,RDKitRDF|AdditiveAttentionNetworkRegressor,RDKitRDF|SelfAttentionNetworkRegressor,RDKitRDF|HopfieldAttentionNetworkRegressor,RDKitRDF|DynamicPoolingNetworkRegressor,RDKitMORSE|MeanInstanceWrapperMLPNetworkRegressor,RDKitMORSE|MeanBagWrapperMLPNetworkRegressor,RDKitMORSE|MeanBagNetworkRegressor,RDKitMORSE|MeanInstanceNetworkRegressor,RDKitMORSE|AdditiveAttentionNetworkRegressor,RDKitMORSE|SelfAttentionNetworkRegressor,RDKitMORSE|HopfieldAttentionNetworkRegressor,RDKitMORSE|DynamicPoolingNetworkRegressor,RDKitWHIM|MeanInstanceWrapperMLPNetworkRegressor,RDKitWHIM|MeanBagWrapperMLPNetworkRegressor,RDKitWHIM|MeanBagNetworkRegressor,RDKitWHIM|MeanInstanceNetworkRegressor,RDKitWHIM|AdditiveAttentionNetworkRegressor,RDKitWHIM|SelfAttentionNetworkRegressor,RDKitWHIM|HopfieldAttentionNetworkRegressor,RDKitWHIM|DynamicPoolingNetworkRegressor,MolFeatUSRD|MeanInstanceWrapperMLPNetworkRegressor,MolFeatUSRD|MeanBagWrapperMLPNetworkRegressor,MolFeatUSRD|MeanBagNetworkRegressor,MolFeatUSRD|MeanInstanceNetworkRegressor,MolFeatUSRD|AdditiveAttentionNetworkRegressor,MolFeatUSRD|SelfAttentionNetworkRegressor,MolFeatUSRD|HopfieldAttentionNetworkRegressor,MolFeatUSRD|DynamicPoolingNetworkRegressor,MolFeatElectroShape|MeanInstanceWrapperMLPNetworkRegressor,MolFeatElectroShape|MeanBagWrapperMLPNetworkRegressor,MolFeatElectroShape|MeanBagNetworkRegressor,MolFeatElectroShape|MeanInstanceNetworkRegressor,MolFeatElectroShape|AdditiveAttentionNetworkRegressor,MolFeatElectroShape|SelfAttentionNetworkRegressor,MolFeatElectroShape|HopfieldAttentionNetworkRegressor,MolFeatElectroShape|DynamicPoolingNetworkRegressor,RDKitGETAWAY|MeanInstanceWrapperMLPNetworkRegressor,RDKitGETAWAY|MeanBagWrapperMLPNetworkRegressor,RDKitGETAWAY|MeanBagNetworkRegressor,RDKitGETAWAY|MeanInstanceNetworkRegressor,RDKitGETAWAY|AdditiveAttentionNetworkRegressor,RDKitGETAWAY|SelfAttentionNetworkRegressor,RDKitGETAWAY|HopfieldAttentionNetworkRegressor,RDKitGETAWAY|DynamicPoolingNetworkRegressor,MolFeatPmapper|MeanInstanceWrapperMLPNetworkRegressor,MolFeatPmapper|MeanBagWrapperMLPNetworkRegressor,MolFeatPmapper|MeanBagNetworkRegressor,MolFeatPmapper|MeanInstanceNetworkRegressor,MolFeatPmapper|AdditiveAttentionNetworkRegressor,MolFeatPmapper|SelfAttentionNetworkRegressor,MolFeatPmapper|HopfieldAttentionNetworkRegressor,MolFeatPmapper|DynamicPoolingNetworkRegressor
CCOP(=S)(OCC)Oc1c(cc(c(n1)Cl)Cl)Cl,-5.04,-5.3915896,-5.931449,-6.4775753,-6.477575,-6.520239,-6.646414,-6.5413756,-5.734415,-5.763381,-5.345611,-5.0332336,-5.0332365,-4.8777614,-5.043618,-5.0652385,-4.127386,-5.101186,-5.713097,-5.9126363,-5.9126353,-5.414878,-5.738805,-6.7405915,-5.107679,-4.8275275,-4.483955,-4.158979,-4.158979,-4.390556,-4.385988,-5.5502977,-4.557444,-5.2239676,-8.295936,-7.742429,-7.7424293,-6.9277034,-6.209545,-6.4639125,-5.234378,-5.952527,-5.2007995,-6.3525496,-6.3525486,-6.191038,-6.170718,-5.970206,-5.317712,-6.962119,-7.4323945,-6.9891796,-6.98918,-7.1019125,-7.476119,-7.0105553,-5.5644917,-5.1844816,-6.6294837,-5.728744,-5.728742,-6.0086155,-5.0627136,-5.5993176,-5.2367663,-5.147411,-4.9704256,-5.160955,-5.1609564,-5.0465026,-4.7703643,-5.0074925,-5.0974665
CCCCCCCBr,0.34,-2.5189514,-2.8733811,-2.8952217,-2.8952217,-2.5518134,-2.9899623,-2.7382622,-2.7213235,0.19295368,0.2287004,0.9902161,0.99021214,1.1527586,0.69387823,0.89463484,-0.3619498,0.2003524,-0.9788671,-0.5923913,-0.5923912,-0.5348365,-0.8950313,-0.36637604,-0.12451139,-0.9917771,0.4204583,0.6908356,0.6908304,1.0209625,0.49066815,-0.5648241,-0.1362143,-0.676675,-1.495351,-1.0079404,-1.0079418,0.039388485,-1.3539002,-0.26042303,-0.014150383,-2.7505364,-4.4862423,-3.3502984,-3.3502984,-3.580791,-2.9548485,-4.2245584,-0.94367164,1.1290202,0.24177065,1.0389365,1.0389359,1.0314626,0.49122247,0.947663,0.036187224,0.6837491,0.09430784,-0.78944784,-0.7894453,-1.2705709,-0.24287274,-0.15233433,0.4556173,0.096657656,-0.13216984,-0.10787232,-0.10787229,-0.30365813,-0.58475107,-0.74582976,0.9714814
Cc1cccc(c1C)O,-6.16,-5.0817595,-5.5754285,-5.2181015,-5.2181015,-5.305953,-5.424793,-5.497069,-4.209495,-5.156252,-3.6391246,-4.454886,-4.45489,-4.3581057,-4.4773626,-4.4445043,-3.4637754,-5.5719914,-5.4244537,-5.165627,-5.1656275,-5.1989174,-5.4291315,-5.3159056,-6.3772097,-5.9794335,-5.785581,-4.814492,-4.814496,-5.2671423,-5.4188075,-6.6052713,-5.2330546,-6.543193,-6.965324,-6.903351,-6.9033523,-6.7142243,-6.612643,-7.0169754,-7.0635023,-3.2832444,-3.4211912,-3.878988,-3.8789887,-3.7592452,-3.9560633,-3.4057698,-4.6980233,-6.5765967,-4.387455,-4.398205,-4.3982058,-4.361,-4.7555,-4.3508763,-4.014574,-5.226369,-4.0558352,-5.502064,-5.502061,-6.08105,-5.5788174,-5.901109,-5.6852055,-6.229886,-6.0926685,-6.269335,-6.269335,-6.0863566,-5.964797,-6.014627,-6.1675467
CC(C)(C)c1ccc(cc1)O,-5.91,-3.392556,-3.150969,-3.496142,-3.4961421,-3.491638,-3.1724331,-3.5351439,-3.4304025,-5.896627,-2.2902083,-2.837935,-2.8379378,-2.6740289,-2.9504273,-2.9356608,-3.5230508,-6.375889,-4.233184,-3.9148793,-3.9148793,-3.8136618,-4.526541,-3.9910753,-6.666506,-5.817639,-5.696221,-4.3213263,-4.3213296,-4.4598374,-4.8199778,-5.4815845,-4.881064,-5.70978,-3.861186,-3.2873971,-3.2873979,-2.6348927,-3.172669,-2.542736,-4.5011864,-4.479739,-4.1381574,-3.8011222,-3.8011222,-3.8834906,-3.8356256,-3.90769,-2.6171637,-6.0119567,-3.6424732,-3.930995,-3.930994,-3.972356,-4.2087674,-3.9500716,-4.0228395,-5.933809,-5.670638,-5.2324243,-5.232418,-5.9020133,-5.585694,-5.53119,-5.2372403,-5.9358683,-5.8830466,-5.966419,-5.9664197,-5.8646016,-5.8187685,-5.811664,-5.912391
CCCCCC(=O)OC,-2.49,-2.6422505,-3.2793567,-3.2578268,-3.2578266,-3.1007388,-3.4990013,-3.580093,-2.831566,-3.9504685,-4.1121936,-4.1956534,-4.1956573,-3.9516838,-4.5038047,-4.0686264,-4.223873,-2.772613,-3.0253587,-2.6960502,-2.6960502,-2.2474604,-3.1296432,-1.3607907,-3.4765017,-2.8006701,-2.135068,-1.5842948,-1.5842991,-1.192959,-2.0121245,-3.2046907,-1.9714056,-2.9825802,-3.2203097,-3.917927,-3.917928,-2.8681333,-3.0984306,-3.2343464,-3.16744,-3.4626484,-4.6938906,-4.1387863,-4.1387863,-4.233148,-3.5400393,-4.0127144,-3.5892153,-4.547628,-5.1032586,-5.0166874,-5.016687,-4.9827533,-5.3048263,-4.9876213,-4.5659823,-3.4464436,-4.7325244,-4.6224194,-4.622416,-4.5352197,-3.7320101,-3.491142,-3.8636897,-2.6143785,-2.4367762,-2.6166368,-2.6166368,-2.5047822,-2.5628755,-2.4485576,-2.5345411
Cc1cc(c2ccccc2c1)C,-2.47,-6.2817945,-5.8280087,-6.424514,-6.4245133,-6.4848614,-6.1324787,-6.558949,-5.7788315,-2.6664927,-3.1729486,-3.8063893,-3.8063931,-3.6496072,-4.082523,-3.798107,-3.2568505,-3.0817895,-3.062994,-2.5539947,-2.553995,-2.561258,-2.8188033,-3.0914729,-3.9212348,-2.8667243,-2.7605715,-2.9093394,-2.909341,-3.4347637,-2.5952349,-4.4220233,-3.5182757,-5.6733437,-9.222594,-8.949146,-8.949147,-8.491989,-9.32633,-8.666478,-6.6950507,-4.8552475,-4.127536,-4.9144187,-4.914418,-4.8308716,-5.1911955,-4.300901,-5.9047966,-3.1062157,-0.94864506,-0.9543916,-0.95439166,-1.2208173,-1.0404096,-1.1005567,-0.96828085,-3.2068489,-5.772647,-4.9595037,-4.9595,-5.49253,-5.0422688,-5.0796976,-4.538862,-2.5525448,-2.300015,-2.8554962,-2.8554964,-2.6192555,-2.7310393,-2.4388826,-3.8366866
c1(=O)[nH]c(=O)[nH]c(=O)[nH]1,-18.06,-4.971608,-6.3215938,-4.5973415,-4.5973425,-4.6618366,-5.487039,-5.103454,-3.354195,-17.375988,-12.1069145,-13.8138895,-13.813891,-13.76074,-14.201472,-13.681364,-12.150736,-18.05066,-16.356552,-14.791853,-14.791855,-15.347037,-20.011217,-15.547273,-14.6104765,-19.112629,-17.75622,-15.691736,-15.69174,-18.132431,-20.156944,-16.83531,-15.131032,-19.828365,-6.285628,-6.476639,-6.476639,-7.198505,-8.634193,-7.8285284,-3.3436015,-8.921693,-3.3231187,-3.5366733,-3.5366738,-3.4664788,-3.8909163,-4.0028377,-7.424549,-18.61077,-5.8492947,-5.537243,-5.537244,-5.255372,-7.0165076,-5.315028,-4.7697496,-17.492155,-7.5084424,-13.03417,-13.034166,-13.426468,-12.966334,-13.468687,-13.381569,-18.059786,-14.515655,-15.486338,-15.486338,-15.2072735,-14.555809,-14.899431,-15.3082
CCC=O,-3.43,-1.7030977,-1.8037912,-1.7182521,-1.7182522,-1.6692569,-1.4789746,-1.7046171,-1.503027,-3.4593136,-3.7034078,-4.935493,-4.935495,-4.8795977,-4.696749,-4.9427805,-4.827513,-3.398578,-1.7612704,-1.9369141,-1.9369142,-1.9725746,-1.8063114,-2.037555,-2.7955909,-3.6906574,-3.3630888,-2.1017873,-2.10179,-2.2794664,-3.1398976,-4.0694532,-2.5712914,-4.7046957,-2.334104,-3.003193,-3.003193,-1.9498361,-3.5162745,-2.1871595,-2.4084957,-3.6237369,-2.627222,-2.3474874,-2.3474877,-2.313955,-2.3301203,-2.2594447,-2.1195407,-4.1643515,-3.4903255,-3.5439093,-3.5439098,-3.5287035,-3.7101994,-3.4890723,-3.3035464,-2.625424,-4.893164,-4.0908647,-4.0908613,-5.0032063,-4.2097864,-4.2766404,-4.581642,-3.0619612,-3.178522,-3.2074795,-3.2074795,-3.1032677,-3.1668262,-3.1823704,-3.2496572
CC(C)COC(=O)C(C)C,-1.69,-2.6385503,-2.8322217,-2.708602,-2.7086017,-2.6463993,-2.7229767,-2.6167793,-2.2995522,-1.0989047,-3.2122438,-3.0380037,-3.0380077,-2.8772593,-3.6163025,-2.8578823,-3.063357,-3.1589592,-2.7634478,-2.7494588,-2.749459,-2.4288146,-3.0546198,-2.0355334,-4.4239287,-2.7829053,-3.222435,-2.5491068,-2.5491104,-2.3673534,-3.1502733,-3.9202614,-3.0554202,-1.3971269,-1.7557826,-2.2628882,-2.2628887,-1.8300875,-2.3650668,-2.0574613,-1.9802434,-3.5453095,-4.15416,-4.383311,-4.3833113,-4.211508,-4.622302,-3.701901,-3.4017162,-2.5634906,-5.0696893,-4.7425475,-4.742547,-4.696721,-5.1816096,-4.6906166,-3.3701422,-1.9912741,-5.1361604,-3.8745387,-3.874536,-4.5398407,-3.7368453,-3.1079855,-2.3002005,-2.3459733,-2.470957,-2.4396508,-2.4396508,-2.4859958,-2.417716,-2.47781,-1.885868
CCCCCCO,-4.4,-0.98343676,-2.3163195,-1.4888278,-1.488828,-1.5141859,-1.8975532,-1.8152429,-1.1862592,-1.9379371,-0.8273192,-0.97671664,-0.97672,-0.8727524,-0.786664,-1.1789937,-1.0733843,-4.551297,-2.7875955,-2.312657,-2.312657,-2.4215462,-2.7117138,-3.0899687,-4.642451,-4.3426414,-2.1032646,-1.0743437,-1.0743488,-1.0175915,-1.9049217,-2.373937,-1.4544209,-2.7654026,-1.7479154,-1.7567178,-1.7567186,-0.920366,-1.7046721,-0.91325,-0.9147756,-2.1606913,-4.17746,-3.2912736,-3.2912738,-3.3481174,-3.1363919,-3.6731763,-1.8816183,-5.068927,-3.9362283,-3.903791,-3.903792,-3.9430392,-4.119799,-3.9425101,-4.356015,-3.897612,-4.589795,-3.3365433,-3.3365402,-4.091399,-3.708409,-3.5983648,-3.2643578,-4.4774275,-4.325658,-4.4894385,-4.4894385,-4.383521,-4.3449254,-4.376126,-4.3912754
c1ccc(c(c1)O)F,-5.29,-5.286953,-5.9602447,-5.104292,-5.1042914,-5.111041,-5.6993628,-5.384112,-3.8854895,-7.6715155,-7.511041,-8.350247,-8.35025,-8.274683,-7.8854985,-8.517927,-8.808705,-5.730301,-6.381836,-6.150604,-6.1506042,-6.3046455,-6.5560513,-6.4158587,-7.776854,-5.8970337,-6.4048557,-5.5739026,-5.5739083,-5.434358,-5.7051787,-7.7904935,-5.1123385,-7.9369826,-6.562423,-7.751013,-7.7510133,-7.017296,-7.3417954,-8.201799,-5.481765,-5.9933305,-3.3821177,-3.55696,-3.5569603,-3.483594,-3.6628542,-3.4712455,-4.704007,-6.484847,-6.0696926,-5.8260317,-5.8260317,-5.8317966,-6.2460837,-5.805515,-6.092708,-4.5032234,-8.078294,-10.203147,-10.203143,-10.954519,-10.006343,-10.397226,-7.720301,-5.752016,-5.8831224,-6.0289187,-6.0289187,-5.8325176,-5.8719134,-5.806186,-5.8982244
CC=C,1.32,-3.2940285,-3.0497372,-3.4566488,-3.456649,-3.4416814,-3.4706979,-3.4431758,-3.4599054,-0.6174407,-1.4272931,-2.0903592,-2.090362,-2.0299225,-2.0587318,-2.1174104,-2.7362056,1.154946,-3.0563478,-2.9296637,-2.9296641,-2.9790337,-3.1621103,-2.9825714,-2.46938,0.10172011,-0.71610975,-0.14092922,-0.1409343,0.43327755,-0.33234033,-2.39613,-1.0218561,0.21980408,-1.6218547,-2.2659216,-2.2659216,-1.7235184,-2.1850476,-1.221107,-1.1859765,-4.1474466,-2.6286535,-2.2875986,-2.2875986,-2.2490802,-2.2645977,-2.1895428,-2.113705,0.05493487,-0.043887567,0.44780293,0.4478026,0.5096963,0.16284561,0.5888454,0.26365292,1.5654032,-2.3377368,-0.38769418,-0.38769218,-0.930658,0.08661017,-0.13962749,-0.34843108,0.61294705,0.28975645,0.53924257,0.53924257,0.38571054,0.38722238,0.25580278,0.6335648
Cc1cccnc1C,-4.82,-4.7701197,-5.2578692,-4.9919167,-4.9919157,-5.0548525,-5.18887,-5.1785293,-4.0294476,-3.6343727,-2.6114302,-3.0378857,-3.03789,-2.9336786,-3.085367,-3.0648158,-2.615472,-2.7566466,-1.8174304,-1.7557995,-1.7557995,-1.7838359,-1.8964372,-1.9646931,-1.8446509,-3.6284556,-3.1256375,-2.6296031,-2.6296048,-2.701521,-2.7776365,-4.8116164,-2.8722749,-4.752529,-3.3817422,-4.0542874,-4.054288,-3.2242508,-3.751966,-3.704651,-2.9695625,-5.0131383,-3.3134253,-3.7797036,-3.7797036,-3.6704187,-3.8447056,-3.3535285,-4.6112194,-5.2970085,-2.8274536,-2.994198,-2.9941983,-3.022693,-3.0270681,-2.972172,-3.0788643,-3.3660374,-1.7770175,-2.4316654,-2.4316607,-2.8834019,-3.2035222,-3.0843306,-2.4120417,-4.8851995,-4.898587,-4.911106,-4.9111066,-4.878524,-4.7939215,-4.855568,-4.945153
Cc1ccccc1C,-0.9,-4.830819,-5.3153057,-5.0469146,-5.0469146,-5.11031,-5.2460737,-5.2399344,-4.0648546,-1.1030604,-1.6124535,-2.0139897,-2.0139935,-1.8942664,-2.2152145,-2.0325246,-2.0240517,-1.4636518,-2.2089367,-1.9729468,-1.9729469,-1.8891895,-2.121759,-1.7989062,-1.7103174,-1.9893911,-2.6763163,-2.3490305,-2.3490329,-2.4241927,-2.5130076,-4.297744,-2.3209424,-2.1317832,-0.56362385,-1.1080838,-1.1080841,-0.6403304,-0.82207245,-0.13208328,-0.36544156,-4.800654,-3.3347788,-3.804926,-3.804926,-3.6881907,-3.8652155,-3.3379173,-4.5639935,0.033597864,0.61258215,0.4097241,0.40972394,0.31238866,0.4997081,0.46425477,0.28784958,-2.0103326,-1.4454076,-1.643204,-1.6431992,-2.2997973,-2.3900912,-2.3972611,-1.6504352,-1.1500932,-1.8517635,-1.8556174,-1.8556178,-1.5313354,-1.7972275,-1.3604918,-2.9898036
CC(=O)C(C)(C)C,-3.11,-0.64649904,-1.4489044,-1.2378494,-1.2378497,-1.1007992,-0.63795143,-1.1761984,-1.3844134,-2.4826717,-1.3152053,-1.860533,-1.8605359,-1.7556627,-1.5349224,-1.8879071,-2.434237,-3.8255463,-1.1597044,-0.9474242,-0.9474243,-0.94718546,-1.3088007,-0.93815714,-1.7058592,-2.806966,-1.8976327,-0.7222557,-0.7222622,-0.9931016,-2.1280122,-2.2988846,-0.7937666,-0.68363273,-0.7174141,-0.26229942,-0.26230022,0.21302372,-0.23845272,-0.7244749,0.627011,-1.4581664,-2.9942684,-3.102271,-3.102271,-3.0136213,-3.03308,-2.7844071,-2.6584806,-4.0098,-3.007444,-3.1985354,-3.1985354,-3.1816623,-3.2782054,-3.1222882,-3.2278144,-2.3822036,-2.7410526,-2.3070426,-2.3070385,-3.2655363,-2.4172652,-2.0443115,-0.8157335,-3.0114386,-3.136428,-3.1223485,-3.1223483,-2.9981966,-3.0915084,-2.9989114,-2.7861805
CCOC=O,-2.56,-2.3018947,-2.592452,-2.5041306,-2.5041308,-2.5063097,-2.393389,-2.398171,-2.265924,-3.5524273,-4.860621,-5.1071224,-5.1071243,-5.048525,-4.7231073,-5.1236386,-4.5574527,-2.7843828,-2.4623628,-2.4718742,-2.4718745,-2.4465413,-2.358646,-2.430499,-2.9405465,-3.3348413,-3.31244,-2.0899858,-2.0899892,-1.9395626,-2.979667,-4.0202017,-2.6942246,-4.912259,-2.7812514,-3.118773,-3.118773,-2.781487,-3.1493778,-2.9020774,-4.299471,-2.2295105,-3.390912,-2.926591,-2.9265912,-3.0275984,-3.2187495,-2.980645,-2.9161043,-4.237664,-6.681161,-6.3785915,-6.378591,-6.389045,-6.7933493,-6.3580003,-6.7524047,-2.5755744,-5.385093,-3.3449132,-3.3449085,-4.010667,-3.097825,-3.5441375,-3.1780336,-2.9566,-3.0407152,-2.983966,-2.983966,-2.914471,-2.9965074,-2.8581383,-2.9793684
CNc1ccccc1,-4.69,-5.1700735,-4.9274654,-5.515108,-5.5151086,-5.5579615,-5.423149,-5.5839562,-5.2198973,-3.9461238,-2.9282117,-3.52761,-3.5276132,-3.4083462,-3.6724412,-3.6180289,-3.438164,-4.5373416,-5.0406046,-4.6671286,-4.667129,-4.696966,-5.0236588,-4.668593,-4.3858933,-4.673457,-4.408448,-3.806145,-3.806148,-4.0640564,-3.833087,-5.95384,-3.8751428,-6.022783,-4.9499764,-5.6867,-5.6867,-4.753573,-5.2909803,-4.4833603,-4.6404023,-4.184485,-3.653276,-3.7476935,-3.7476935,-3.656108,-3.9155967,-3.25687,-3.5295975,-4.9973383,-4.1474237,-4.1198072,-4.119807,-4.1411314,-4.3880324,-4.1254454,-4.1905513,-3.5965488,-5.015518,-3.53931,-3.539306,-4.191388,-4.00737,-3.8653255,-3.1514316,-4.7613306,-4.6999865,-4.7474313,-4.7474313,-4.6731467,-4.625409,-4.6359935,-4.62417
CC(C)(C)c1ccccc1,-0.44,-3.3380191,-3.0702376,-3.415563,-3.415563,-3.3160012,-3.0148766,-3.2127142,-3.2614415,0.076580085,-1.288584,-1.9554638,-1.9554684,-1.7638984,-2.1338718,-1.9624888,-3.070352,-0.33730966,-2.0647402,-1.3445932,-1.3445927,-1.2300478,-1.391708,-1.6330386,-2.0962932,-1.6482503,-2.2319877,-1.4128857,-1.4128888,-1.2137797,-1.497126,-2.4945517,-1.7334305,-1.1431847,-2.475109,-2.0752773,-2.0752792,-1.5524566,-2.081001,-1.8258106,-2.181621,-1.8329604,-3.7896,-3.604132,-3.6041322,-3.573418,-3.6248631,-3.4474974,-1.9463382,-0.65021,0.57309455,0.205151,0.20515113,0.09277851,0.44205937,0.1152657,0.22263993,0.7477266,-2.2912529,-0.7203683,-0.72036356,-1.3870451,-0.56227195,-0.21131274,-0.006949915,-0.6418437,-0.50907683,-0.65476435,-0.6547645,-0.45695782,-0.6076568,-0.49118719,-0.76252365
CN(C)C,-3.2,-2.9282613,-3.6772716,-3.2014282,-3.201428,-3.3299334,-3.2089021,-3.422358,-2.658986,-0.9449423,-0.342164,-0.32396087,-0.32396343,-0.20936295,-0.10257302,-0.35395646,-1.1872585,-3.518309,-1.8100541,-1.9588403,-1.9588404,-2.0150287,-1.9737607,-2.1187618,-3.5279,-4.294437,-2.575479,-1.126239,-1.126243,-0.6659879,-2.237149,-2.7416577,-2.5744605,-3.361568,-3.2644744,-3.7301855,-3.7301857,-3.854203,-4.0786614,-3.4648106,-5.9750586,-3.504937,-2.468319,-2.17465,-2.1746502,-2.1095815,-1.9645588,-2.0392413,-1.8004231,-4.562991,-2.9061375,-3.0439548,-3.0439548,-3.0009105,-3.1962066,-2.9310734,-2.648478,-2.1847682,-1.5368009,-0.7240683,-0.72406244,-1.4054928,-1.2651888,-1.2811502,-0.59330124,-3.2737465,-3.2172022,-3.2318587,-3.2318585,-3.203361,-3.1995466,-3.2080674,-3.2658553
CCOC(=O)c1ccccc1,-3.64,-4.6669865,-4.2184405,-5.0682926,-5.0682926,-5.0311704,-4.9401236,-5.030493,-4.918491,-4.455743,-6.4260974,-7.0974336,-7.097436,-7.043211,-7.3181853,-7.0887847,-6.724989,-4.2609477,-5.0783587,-4.2367096,-4.23671,-4.3018017,-4.9431734,-4.5717363,-5.203162,-5.2306824,-5.305696,-4.749799,-4.7498016,-4.719323,-5.126338,-6.44588,-5.1305723,-5.441825,-5.2089524,-5.887995,-5.8879957,-5.482138,-5.3414865,-5.8288155,-5.80226,-3.792254,-4.5292034,-4.9160447,-4.9160447,-4.9048085,-5.2668076,-4.278939,-5.6046968,-3.2906342,-5.7544665,-5.35268,-5.3526797,-5.4243636,-5.8676896,-5.3883886,-4.45771,-4.42443,-6.5390472,-6.4235454,-6.423541,-7.2511473,-6.172401,-6.0270596,-5.223249,-3.6591802,-3.596144,-3.6779838,-3.677983,-3.5963478,-3.646952,-3.6269531,-3.7144914
CC[C@H](C)n1c(=O)c(c([nH]c1=O)C)Br,-9.73,-5.5565996,-3.5026267,-5.0556116,-5.0556116,-5.151235,-4.3336034,-4.981416,-5.665978,-9.9601,-7.727132,-9.114738,-9.114739,-8.988247,-9.318962,-8.665694,-10.633453,-9.85182,-10.944082,-9.87678,-9.8767805,-9.6563015,-10.797678,-9.521038,-9.70636,-10.390813,-9.845078,-7.685673,-7.6856766,-8.240405,-8.524519,-9.31363,-8.354708,-9.097975,-4.0134664,-4.814395,-4.8143954,-4.9370093,-5.558377,-3.3532376,-5.803262,-6.348676,-4.427745,-4.4080176,-4.408018,-4.506344,-4.4883804,-4.264254,-5.196663,-9.7582855,-7.8857813,-6.96036,-6.9603605,-7.0564604,-7.768258,-7.0220976,-8.40561,-9.62745,-9.740404,-11.029811,-11.029808,-11.768636,-10.30314,-10.939947,-10.157711,-10.032001,-9.652295,-9.783138,-9.783139,-9.739093,-9.606156,-9.587947,-9.707505
CC(=O)OC,-3.13,-3.2569802,-3.6558406,-3.728528,-3.7285283,-3.7300353,-3.8048747,-3.649498,-3.3004544,-3.457418,-3.4301918,-3.4984508,-3.4984527,-3.465138,-3.053251,-3.4968145,-1.8297617,-3.8373847,-3.1001406,-3.0271916,-3.0271912,-3.125785,-3.1093678,-3.3840158,-3.4526193,-4.5967994,-4.0923853,-3.0233092,-3.0233126,-3.0641122,-3.7652864,-5.5399737,-3.616724,-5.119345,-3.246131,-4.486437,-4.4864373,-4.0325174,-4.5328727,-3.6983225,-4.533773,-3.852303,-3.1837025,-3.1162992,-3.1162992,-3.0765405,-3.1493902,-2.745742,-3.5818894,-4.3888316,-6.5113196,-6.0960712,-6.0960712,-6.0683804,-6.622117,-6.0385156,-6.1279225,-5.832371,-4.1733994,-6.0864196,-6.0864167,-7.005178,-6.2267714,-6.6674848,-5.6659694,-3.0114386,-3.136428,-3.1223485,-3.1223483,-2.9981966,-3.0915084,-2.9989114,-2.7861805
CC(=O)OCCOC(=O)C,-6.34,-2.9859567,-3.3808064,-3.4847155,-3.4847157,-3.5474944,-3.6320295,-3.8811283,-3.1824732,-4.4921355,-6.403057,-6.844174,-6.8441772,-6.40587,-6.3628974,-6.3315206,-5.485347,-5.656568,-5.892679,-5.6106205,-5.61062,-4.7150664,-6.0462074,-5.4894495,-6.350262,-5.549901,-8.069087,-7.679887,-7.679892,-6.406331,-7.381508,-9.155356,-7.661224,-2.046272,-2.6096964,-3.0257607,-3.0257611,-3.7215464,-3.3582692,-3.7634857,-4.281452,-4.0086064,-4.6198893,-4.1559234,-4.1559234,-4.441668,-4.1548724,-4.321548,-5.20281,-7.92584,-7.83037,-7.610923,-7.610924,-7.445034,-7.840568,-7.4165835,-7.8215127,-5.8825808,-4.0550704,-5.384492,-5.38449,-5.8335066,-5.5668736,-5.4334016,-5.841714,-6.090556,-6.409466,-6.3742642,-6.3742647,-6.3709235,-6.381304,-6.3279004,-6.3410444
c1ccnc(c1)Cl,-4.39,-5.4649944,-5.101111,-5.588937,-5.588937,-5.621572,-5.63245,-5.7065244,-5.3689456,-1.8158032,-5.727488,-5.4080534,-5.40806,-5.2995234,-5.164004,-5.5860376,-5.460035,-3.947186,-3.0989828,-3.0339673,-3.033967,-3.0609267,-3.1002643,-2.9603493,-2.9890313,-4.0497003,-3.750839,-3.2120538,-3.2120564,-3.3238914,-3.5050762,-5.154875,-3.0787203,-4.3848467,-5.672693,-7.093513,-7.0935135,-5.6431756,-5.402902,-5.4110527,-5.349734,-8.268916,-3.5575976,-3.6102362,-3.6102364,-3.6382687,-3.9413555,-4.4966617,-9.389291,-6.340487,-3.6271577,-3.5544639,-3.5544639,-3.5752437,-3.6648154,-3.5384007,-3.7945871,-3.5821786,-3.9676728,-2.3673923,-2.3673892,-2.867564,-2.8582382,-2.311586,-2.3789387,-4.3924007,-4.4538746,-4.4046407,-4.4046407,-4.437725,-4.348131,-4.441131,-4.274322
CCOCC,-1.59,-1.4906813,-2.2241416,-1.6219969,-1.6219966,-1.6390717,-1.8954201,-1.7795054,-1.286262,-2.127392,-0.9746741,-1.5501001,-1.550103,-1.483036,-1.451659,-1.6114529,-1.9640481,-1.9698641,-1.8891985,-1.7712425,-1.7712425,-1.8048997,-1.8303325,-1.8116782,-2.5041475,-2.4251018,-1.685822,-0.92330855,-0.9233125,-0.6746417,-1.3850213,-3.1237147,-1.690409,-1.4754629,-0.999847,-1.020038,-1.0200388,-0.63925576,-1.2840137,-1.169259,-1.4345155,-2.9830985,-3.3690045,-3.0531034,-3.0531037,-2.9516695,-3.131637,-2.7798357,-1.8692201,-2.580687,-3.4317498,-3.440794,-3.440794,-3.3785532,-3.727603,-3.3157263,-2.2021904,-1.3119287,-1.5768921,-1.6886394,-1.6886375,-2.236107,-1.6890966,-1.7637308,-1.2829202,-1.6434157,-1.2644541,-1.8170855,-1.8170853,-1.8129609,-1.7557433,-1.6172853,-1.3092368
CCCOC=O,-2.48,-1.8641163,-2.3694382,-1.997298,-1.997298,-1.9622984,-2.0998497,-1.7907625,-1.6011826,-3.478091,-4.3476787,-4.8944454,-4.8944483,-4.7774787,-4.8073063,-4.955498,-4.625002,-3.2246616,-2.8251643,-2.678945,-2.678945,-2.6857882,-2.7142737,-2.8403971,-3.6853154,-3.4628742,-2.8385239,-1.9825861,-1.9825894,-1.9071434,-2.7672155,-4.1575193,-2.6702735,-4.0818887,-2.6195476,-2.858086,-2.8580866,-1.6806778,-3.2549028,-1.7917541,-2.38307,-2.9219398,-3.702489,-3.3281972,-3.328197,-3.3797057,-3.449124,-4.2567825,-3.9232948,-4.1336546,-5.963993,-5.70311,-5.7031107,-5.7186213,-6.0668874,-5.6802344,-5.9152503,-2.5687997,-5.023986,-3.117367,-3.1173632,-3.5026731,-2.9238417,-2.9959645,-2.3783762,-2.756684,-2.5584626,-2.3052328,-2.305233,-2.381948,-2.290223,-2.3627841,-2.391518
C(CCCl)CCl,-2.32,-1.5424789,-2.1947775,-1.8858429,-1.8858429,-1.6312969,-1.8390341,-1.9435474,-1.9262029,-1.8205252,-3.664306,-3.708809,-3.708812,-3.6348448,-3.7719018,-3.724542,-3.70866,-2.95839,-1.1413163,-1.3095249,-1.3095249,-1.1290454,-1.1287967,-0.95493674,-1.7874354,-3.0257516,-0.84389955,-0.52909315,-0.5290968,-1.2159412,-1.6137875,-2.44739,-0.85609263,-1.2433115,-2.5051665,-2.9674451,-2.9674459,-2.332861,-2.4743342,-2.4357834,-4.3628416,-3.8234105,-3.2529135,-3.1526575,-3.1526573,-3.110086,-3.4723268,-3.0368528,-3.9352717,-0.9286957,-1.0407505,-0.78539807,-0.7853983,-0.7211437,-0.7965478,-0.7351745,-0.6221745,-1.9842551,-1.4854792,-2.186597,-2.186592,-3.4910574,-2.335725,-2.8484921,-2.0106256,-0.856538,-0.23913792,-1.4333819,-1.4333818,-0.961942,-1.5959867,-0.859995,-0.12957342
c1ccc(c(c1)O)Cl,-4.55,-5.7571545,-5.862712,-5.694865,-5.6948647,-5.692064,-5.9592,-5.8589644,-4.695632,-6.3852253,-7.4750123,-7.4960876,-7.496091,-7.390275,-7.4859643,-7.6845517,-7.5142856,-4.6588416,-7.0316854,-6.7773657,-6.7773657,-6.9363594,-7.371464,-7.02837,-7.6559477,-5.3141465,-6.1250854,-5.04463,-5.0446305,-5.0653763,-5.218368,-7.10715,-4.5920763,-7.262849,-5.7309203,-7.146399,-7.1464005,-5.46108,-4.771145,-5.1535687,-5.42349,-6.195326,-3.4193294,-3.6122222,-3.6122222,-3.5326753,-3.7368631,-3.5380764,-4.9391847,-7.237175,-5.2927094,-5.136028,-5.1360283,-5.097883,-5.550904,-5.0792747,-5.3612285,-4.9807286,-6.880649,-6.739452,-6.7394495,-7.4006686,-6.4221597,-6.6135116,-5.8128924,-5.5008526,-5.3075185,-5.366247,-5.3662467,-5.295727,-5.2753005,-5.2605076,-5.395098
c1ccc(c(c1)N)[N+](=O)[O-],-7.37,-5.8747854,-5.588236,-5.945237,-5.945237,-5.9601464,-5.855873,-6.0214596,-5.035487,-9.180181,-9.150677,-9.368547,-9.36855,-9.299236,-9.454023,-9.342533,-5.790447,-8.201901,-7.5328674,-7.130495,-7.1304946,-7.1320186,-7.9013066,-6.8508015,-8.831028,-7.1726904,-8.228183,-7.3864193,-7.3864226,-7.7552156,-7.653512,-9.665496,-6.757694,-6.2170067,-8.261424,-8.196372,-8.196373,-7.9770937,-8.426702,-7.448613,-4.2308908,-5.11724,-3.3830743,-3.7499027,-3.7499032,-3.6338584,-3.8374512,-3.333515,-4.537266,-7.8119445,-6.725039,-6.461296,-6.461296,-6.569583,-6.8623576,-6.5019903,-7.2701917,-4.9187517,-8.274966,-3.9585807,-3.9585738,-5.3612757,-5.1550198,-4.820119,-4.9205394,-7.341831,-7.4068108,-7.4325986,-7.432599,-7.3634534,-7.3291254,-7.3419857,-7.3933635
CC[C@H](C)O,-4.62,-2.2548501,-2.5848265,-2.5677896,-2.5677896,-2.6099489,-2.3524945,-2.4838638,-2.3203843,-4.364447,-1.5255318,-2.2966325,-2.2966352,-2.2350016,-2.018816,-2.3056357,-2.7396502,-4.1347075,-4.29341,-4.11483,-4.11483,-4.1018,-4.389214,-3.7964804,-4.4486094,-6.548167,-4.203092,-2.6547472,-2.6547503,-3.2216609,-3.9201965,-4.185355,-2.7843518,-4.576381,-2.8264441,-3.2278056,-3.227806,-3.1663156,-3.382449,-3.1202643,-4.8962874,-3.2577083,-2.994139,-2.951366,-2.951366,-2.8771465,-2.9439983,-2.7514517,-2.6879735,-5.421676,-4.0287695,-3.981257,-3.981257,-3.922294,-4.1918726,-3.902536,-4.1669874,-4.32448,-5.968112,-5.7519755,-5.7519712,-6.4642673,-5.6766715,-5.5446205,-5.6351576,-4.56928,-4.5861096,-4.680842,-4.680842,-4.7203193,-4.601424,-4.6428413,-4.771741
c1ccc2c(c1)C(=O)c3c(ccc(c3C2=O)N)N,-11.85,-6.637197,-6.6361003,-7.1608286,-7.1608286,-7.2226124,-6.8929815,-7.344062,-6.5362353,-10.6826935,-9.418781,-10.312437,-10.312439,-10.256917,-10.703199,-10.25711,-10.856793,-12.248716,-12.66631,-13.031752,-13.031754,-12.991674,-12.838497,-13.69073,-12.185785,-11.996012,-10.407127,-10.411346,-10.411348,-10.7159815,-10.380303,-12.421071,-11.080365,-11.246019,-8.333969,-8.90874,-8.90874,-9.381786,-9.9079685,-10.424043,-11.008413,-8.3027525,-4.856159,-5.407275,-5.407275,-5.573979,-5.5150995,-4.9920983,-8.5659895,-12.12558,-6.4768133,-6.6832414,-6.683242,-6.843706,-6.825046,-6.771273,-6.7864213,-11.570677,-13.924138,-12.922398,-12.922394,-13.692188,-11.581886,-12.778511,-12.470409,-11.3567705,-11.817984,-12.06218,-12.06218,-11.848053,-11.898655,-11.624234,-11.845354
C=CCl,-0.59,-4.019934,-3.6947184,-3.9829946,-3.9829948,-4.025206,-4.3678436,-4.1569643,-4.011339,-1.4750613,-2.3807538,-2.5669723,-2.5669746,-2.5228534,-2.0088086,-2.602132,-3.0561838,-0.12051859,-2.0068667,-1.8690209,-1.869021,-1.8823123,-2.0525556,-1.8486625,-2.0088198,-0.33803105,-1.05872,-0.4268911,-0.42689458,-0.040681466,-0.5305831,-2.6663597,-1.1738383,-1.9404485,-1.7136089,-2.7209544,-2.7209556,-1.6631604,-2.3272924,-1.3266876,-0.2707177,-1.5916586,-2.534573,-2.1892483,-2.189248,-2.1839466,-2.2819068,-2.2059321,-1.9540726,-0.23464921,-1.2837845,-1.1702667,-1.1702669,-1.299008,-1.0579516,-1.2034012,-0.2626165,-0.093652986,-1.5352968,-0.239224,-0.23922317,-0.44035283,-0.3167003,-0.21986543,-0.9754357,-0.05765183,0.04811021,0.04143236,0.041432228,-0.01563812,-0.25728023,0.12374014,0.43454835
C1CCC=CC1,0.14,-3.048451,-3.8090034,-3.4240665,-3.4240665,-3.5805333,-3.4015281,-3.680572,-2.9481654,-0.39851546,-0.971546,-1.2220103,-1.2220138,-1.1331083,-1.4554408,-1.2784051,-1.424487,-1.3415282,-1.2044953,-1.1284239,-1.1284243,-0.9575683,-1.3202742,-0.68814534,-1.8188925,-0.13580398,-0.015170749,0.33878115,0.33877614,1.3213818,0.06472215,-1.6120092,-0.72548354,-1.0902236,-1.0634731,-0.7242839,-0.7242849,-0.5151797,-0.26618364,-1.5122497,-0.045187764,-4.399763,-3.1115646,-3.4549193,-3.4549193,-3.377491,-3.5477047,-3.4879088,-4.763731,0.40031323,1.1999111,1.2707123,1.270712,1.3502828,1.277831,1.3613814,0.6103445,1.4435303,-0.8991984,-0.040123537,-0.040120494,-0.05339811,0.25884053,0.9828708,-0.26342446,-0.47131294,-0.44280842,-0.3466243,-0.3466243,-0.48809996,-0.37760323,-0.5463249,-1.4061204
c1ccc2cc(ccc2c1)N,-7.47,-6.4398956,-5.5723944,-6.5361137,-6.5361137,-6.580955,-6.158887,-6.6437507,-6.5229836,-5.733324,-4.677506,-5.1483808,-5.1483855,-5.0037284,-5.4896,-5.2176046,-5.057787,-8.423331,-7.5844936,-7.380322,-7.3803225,-7.416508,-7.7829585,-7.39097,-7.425083,-8.361824,-5.196708,-5.1251554,-5.125157,-6.1675854,-5.2872386,-6.781092,-5.5156174,-7.2339106,-5.9307737,-6.648395,-6.6483955,-5.1825967,-6.0155826,-5.3073173,-5.8472514,-4.8095436,-4.0848675,-4.219123,-4.2191234,-4.1729217,-4.4289465,-3.813579,-4.124772,-7.612811,-4.5075207,-4.485695,-4.4856954,-4.6670923,-4.6626716,-4.649345,-5.4470844,-7.6933722,-6.4933176,-5.5081086,-5.5081058,-6.049304,-6.028635,-6.051202,-5.387094,-7.5130167,-7.1265984,-6.927874,-6.927874,-7.0281386,-7.5705967,-7.0583305,-8.516288
COc1ccccc1N,-6.12,-5.558297,-5.712909,-5.6484513,-5.648452,-5.683477,-5.782163,-5.826747,-4.6754355,-6.164339,-4.542501,-5.3985457,-5.3985496,-5.2968,-5.469456,-5.4712477,-5.9621263,-6.9774566,-7.345728,-7.0222416,-7.022242,-7.0982428,-7.2739534,-7.3390746,-7.4130306,-6.413835,-5.758717,-4.9292583,-4.929261,-5.3724213,-5.344804,-7.0175486,-5.0357885,-6.221961,-5.6185117,-6.2058735,-6.2058744,-5.1305137,-6.273602,-5.6830034,-4.706937,-7.1128225,-3.6290631,-4.078873,-4.0788736,-3.9494512,-4.2561855,-3.5171776,-4.8225126,-7.4349556,-5.4048185,-5.232747,-5.232748,-5.1837974,-5.670458,-5.21406,-4.8470016,-6.066807,-7.714657,-6.239018,-6.239014,-6.7787485,-6.4216475,-6.3655186,-5.2168264,-6.143591,-6.1285486,-6.1580677,-6.1580687,-6.161535,-6.1147494,-6.0449,-6.0753384
CS(=O)(=O)C,-10.08,-2.899506,-2.2092187,-2.1132998,-2.1132998,-1.8742954,-1.2507968,-1.9862176,-3.1166682,-9.48625,-1.9217975,-3.8212404,-3.8212438,-3.7757392,-3.052986,-3.936665,-3.2790399,-10.794317,-0.4419373,-0.9485604,-0.94856054,-1.0640436,-0.89006275,-1.3704442,-6.2948623,-9.711321,-4.2553763,-2.3751893,-2.3751922,-3.6477516,-4.001276,-3.90443,-3.3485537,-11.399414,-6.0288143,-6.395201,-6.3952007,-6.9444866,-8.316507,-7.708873,-9.871784,-3.7836883,-2.6965377,-2.5027268,-2.502727,-2.4291255,-2.3668451,-2.2779274,-2.435089,-6.383909,-4.137354,-3.866402,-3.8664024,-3.8952434,-4.0671506,-3.8722367,-3.5461125,-9.300887,-2.4849315,-5.3634543,-5.3634505,-6.717565,-6.8272476,-7.1691637,-9.103815,-10.095977,-8.4264345,-10.09078,-10.090781,-9.302168,-9.419886,-8.793632,-10.033375
c1c(c(=O)[nH]c(=O)[nH]1)Cl,-17.74,-6.186321,-5.5156517,-6.240385,-6.240385,-6.264698,-6.0406647,-6.327801,-6.0190864,-15.002024,-10.888464,-12.602296,-12.602299,-12.533629,-12.611945,-12.642047,-15.078109,-17.99768,-10.630954,-9.802814,-9.8028145,-10.188582,-12.140189,-10.553009,-17.806871,-17.155827,-14.44307,-12.726319,-12.726324,-14.565451,-14.702784,-14.341644,-14.978818,-18.505795,-9.63995,-11.41936,-11.41936,-10.877504,-15.083777,-13.013665,-15.032924,-9.911424,-3.4874701,-3.5765736,-3.5765736,-3.5135975,-3.9673333,-4.2382936,-8.506307,-17.96117,-16.075027,-17.741661,-17.741663,-17.623182,-18.512352,-17.80223,-17.759918,-16.455505,-8.943012,-15.706186,-15.7061825,-16.168621,-16.427507,-16.587967,-16.605633,-17.823885,-17.848799,-17.546803,-17.546803,-17.743347,-17.882555,-17.621382,-17.766
CCCCCCl,-0.1,-1.5101951,-2.4401155,-1.9441816,-1.9441811,-1.853835,-2.2237477,-2.2413511,-1.7569762,0.00096294284,-1.1681046,-1.6684082,-1.6684113,-1.551795,-1.7308704,-1.67788,-1.7982118,-0.12443119,-0.4666818,-0.38435653,-0.3843565,-0.3346053,-0.17169529,-0.33740336,-0.99445754,-1.0493097,0.57246375,0.9481901,0.9481867,0.8920798,0.42122278,-0.55295944,0.09868312,-1.8823818,-1.8144816,-1.8245157,-1.8245165,-1.0901676,-1.5565766,-1.3756305,-1.0668234,-1.4977049,-3.531685,-3.1707873,-3.1707873,-3.1110873,-3.3803682,-2.9488225,-2.2208595,-0.4161126,0.04453026,0.16401885,0.16401884,0.394126,0.21720362,0.1815125,-0.035136517,0.4747246,-0.89658976,0.15877204,0.15877597,-1.1970868,-0.37240013,-0.03957135,-0.4630847,0.4411455,0.17689326,0.5415439,0.54154384,0.67626506,0.3330489,0.36503652,0.2994554
C(Br)Br,-1.96,-1.2643094,-1.3887199,-1.1472738,-1.1472735,-1.2770809,-0.91689163,-1.7203665,-0.9875825,-1.6118219,-0.93314284,-2.2662055,-2.2662055,-2.2296052,-1.5476208,-2.169708,-0.9856782,-1.9070253,-1.3622643,-1.4848489,-1.4848487,-1.4206456,-1.3241848,-1.251189,-0.8226413,-2.13364,-0.6877471,-0.072419316,-0.07242259,-0.6503153,-0.9488539,-1.7897509,-0.78325,-1.6894604,-1.4966723,-2.154743,-2.1547418,-2.119567,-2.2068737,-2.2442577,-1.3780237,-1.2360002,-2.310332,-1.9758947,-1.9758947,-1.9844335,-1.9749526,-1.9152638,-0.80830175,-1.3772922,0.22091644,0.33395424,0.33395398,0.33637226,0.3772575,0.22624409,0.5811244,-1.7075064,-1.3622571,-1.4482439,-1.4482436,-1.5772972,-1.4582641,-1.4496931,-2.2777452,-0.47131294,-0.44280842,-0.3466243,-0.3466243,-0.48809996,-0.37760323,-0.5463249,-1.4061204
C(CO[N+](=O)[O-])O[N+](=O)[O-],-5.73,-4.054276,-3.8615227,-4.4050694,-4.4050694,-4.360269,-4.1501412,-4.527981,-4.2553844,-4.9933934,-6.5472665,-6.0198064,-6.019811,-5.868038,-6.076826,-5.989076,-5.6976604,-5.46802,-3.3321142,-2.8466022,-2.846602,-2.8231661,-3.403299,-2.5986688,-5.7935147,-6.397393,-5.8127975,-4.5800095,-4.5800123,-3.8651283,-4.157145,-7.25805,-4.434745,-4.454376,-4.507334,-5.043027,-5.0430284,-5.218937,-6.792119,-6.1403584,-6.050338,-4.882106,-4.436293,-3.634877,-3.634877,-3.9586742,-3.315296,-4.6929736,-4.500166,-6.9837084,-7.536645,-6.3837833,-6.383783,-6.4476223,-7.435243,-6.5513916,-7.063021,-5.237901,-6.7752047,-5.8141065,-5.814101,-6.622226,-5.8003135,-5.884602,-5.3109736,-5.736965,-5.727789,-5.724383,-5.7243834,-5.733668,-5.616132,-5.6776958,-5.7350674
CCCCCCCCCCO,-3.64,-4.118272,-3.5574865,-4.1271505,-4.1271505,-4.3853297,-3.7491345,-4.947023,-3.550251,-2.3237681,-2.7379992,-2.6981456,-2.6981473,-2.628998,-2.8120725,-2.784325,-2.7212594,-3.5812118,-3.4520612,-2.8254077,-2.8254075,-3.1239896,-3.4116852,-3.2082818,-4.231415,-3.5970962,-2.4676034,-1.3267814,-1.326786,-1.6717219,-2.2320743,-2.539185,-2.2265797,-3.2819448,-3.0934794,-4.460236,-4.4602365,-3.220086,-3.498979,-3.722216,-2.8543937,-3.8771682,-5.5209036,-4.8010793,-4.8010798,-4.7036033,-4.5133686,-5.23716,-2.6582537,-4.785569,-4.536395,-4.29152,-4.29152,-3.809735,-4.089313,-3.870786,-4.5872855,-3.762965,-3.421712,-3.402308,-3.4023068,-4.259015,-3.797643,-4.2144737,-3.1534102,-3.7881913,-3.436977,-3.7158248,-3.7158246,-3.63766,-3.5435605,-3.6219604,-3.6187725
Cc1ccc(c(c1)O)C,-5.91,-5.320234,-5.140495,-5.6980033,-5.6980033,-5.7407856,-5.5069447,-5.7148204,-5.080833,-6.407827,-3.8822138,-5.2500534,-5.250057,-5.1201906,-5.59009,-5.3414435,-7.021139,-6.091886,-6.0392647,-5.974201,-5.974201,-6.005778,-6.3805075,-6.1953206,-7.672296,-5.994052,-5.18979,-4.4247456,-4.424749,-4.7917128,-4.7879415,-6.115471,-4.769555,-6.397556,-6.88561,-7.4458065,-7.445807,-7.0857806,-7.5296736,-7.093648,-6.4501553,-3.6918633,-3.9112666,-3.9697392,-3.9697392,-3.9723685,-4.0246544,-3.6922925,-4.438965,-6.247181,-4.532338,-4.475156,-4.4751563,-4.450334,-4.8702617,-4.442612,-3.9823503,-5.116266,-5.89494,-6.294397,-6.2943916,-7.3153214,-6.9557877,-7.1720295,-5.4379125,-5.9570494,-5.9342957,-6.0616183,-6.0616193,-5.888798,-5.8192515,-5.8810463,-5.9703803
c1cc(c(cc1c2ccc(cc2F)F)C(=O)O)O,-9.4,-7.882441,-5.040561,-7.2239795,-7.223979,-7.361553,-5.742032,-7.293628,-8.488244,-8.424497,-9.420084,-10.775477,-10.77548,-10.647662,-9.947939,-10.355354,-7.8032446,-9.555933,-9.630894,-9.380497,-9.380497,-9.141965,-9.674387,-9.158016,-9.092589,-9.335408,-10.178309,-11.888262,-11.888264,-9.765399,-9.687016,-13.410479,-9.148349,-8.034581,-6.4452114,-7.4942245,-7.494223,-7.1569934,-6.608434,-8.086467,-8.609861,-6.927684,-4.953739,-5.570905,-5.5709047,-5.66195,-5.8588023,-5.110983,-6.8840647,-11.162355,-7.027376,-7.2388687,-7.2388687,-7.13721,-7.133826,-7.1654487,-8.857893,-9.248191,-13.28736,-10.4085245,-10.408522,-10.399168,-9.249066,-9.717179,-10.244786,-9.344206,-9.2487955,-9.570677,-9.570676,-9.390201,-8.736296,-9.458357,-9.357214
COC(=O)CCl,-4.0,-2.5262876,-2.8532014,-2.6991122,-2.699112,-2.6801813,-2.7406816,-2.762785,-2.3791058,-2.4541914,-4.7840686,-3.838161,-3.8381639,-3.8211064,-3.6693208,-3.8635113,-1.2474846,-3.892044,-2.6804879,-2.6485465,-2.6485467,-2.6637864,-2.65204,-2.6775942,-2.6839094,-5.5615916,-4.784806,-3.0331635,-3.0331693,-3.4245913,-3.9957843,-5.2483654,-3.8259473,-3.7026272,-2.1636696,-2.8295307,-2.8295302,-2.3977869,-3.1476994,-2.122659,-3.136955,-2.994222,-3.2146811,-3.2502701,-3.2502701,-3.2049341,-3.2837677,-2.9217305,-3.9490845,-4.6789675,-7.166886,-6.6907053,-6.690706,-6.680637,-7.2393594,-6.6290174,-6.558616,-3.2212472,-2.937903,-5.176021,-5.176019,-6.5349307,-5.6623154,-6.247492,-3.5979948,-3.568376,-3.1728094,-3.1660385,-3.1660385,-3.0565467,-3.1527767,-3.2647407,-3.6063685
CC(C)CC(=O)O,-6.09,-2.0779037,-2.419725,-2.251665,-2.2516649,-2.1603885,-2.1414769,-2.1126745,-1.9770772,-4.203154,-4.339021,-5.260121,-5.260124,-5.159708,-5.08527,-5.328738,-5.2416854,-7.155959,-4.6405296,-4.2857227,-4.285723,-4.269866,-4.879463,-3.8597956,-7.355555,-7.512384,-4.904281,-3.3455281,-3.3455322,-4.4084053,-5.348464,-5.6223817,-3.4059446,-5.5875196,-3.3615575,-3.4083657,-3.4083664,-2.8300116,-3.1118255,-3.0462937,-3.3938477,-1.8390652,-3.6510434,-3.31596,-3.31596,-3.5146039,-3.216941,-3.4328306,-3.8049939,-6.451996,-4.749653,-5.050571,-5.0505714,-4.9809237,-5.080895,-4.9220576,-5.6463466,-4.505538,-5.994292,-5.4033,-5.403295,-5.998483,-5.488098,-5.898824,-5.527199,-6.0799284,-6.1263876,-6.1312804,-6.1312804,-6.096908,-6.092803,-6.073246,-6.0293875
c1ccc(cc1)F,-0.8,-5.3459854,-5.4615545,-5.3199453,-5.319946,-5.2969055,-5.6764984,-5.4103627,-4.4170566,-2.9535768,-5.207848,-5.6674714,-5.667477,-5.579749,-5.2283278,-5.835066,-5.4584374,-2.6779628,-3.586187,-3.515659,-3.5156593,-3.5527756,-3.5549495,-3.436395,-3.3293147,-2.773415,-3.4791443,-3.070558,-3.0705628,-2.925568,-2.9634676,-5.2810745,-2.8794682,-1.9792038,-0.78790575,-1.4619609,-1.461962,-0.34656328,-0.5034691,-0.10730555,-0.061592955,-9.134324,-3.3437486,-3.533311,-3.5333107,-3.4569306,-3.8742645,-3.9932675,-7.3135943,-1.7493111,-2.4039326,-2.539515,-2.539515,-2.4506712,-2.2994027,-2.4171047,-1.9021889,-0.9254758,-5.1615825,-4.974462,-4.974458,-5.472399,-4.7342587,-4.797768,-4.39634,-1.4828011,-1.97989,-1.7467207,-1.7467209,-1.7441194,-1.7406716,-1.7930831,-1.8835968
c1ccc-2c(c1)Cc3c2cccc3,-3.35,-6.723668,-5.4852586,-6.820779,-6.8207793,-6.8992124,-6.1391444,-6.9239197,-7.1568685,-2.7879975,-3.9731038,-4.2684474,-4.268451,-4.102209,-4.386902,-4.3159,-3.695047,-3.5518136,-2.4236698,-2.47372,-2.4737198,-2.811448,-3.0832398,-3.6229336,-4.6282954,-2.5492864,-3.3978693,-2.542266,-2.5422668,-2.2861445,-2.523553,-4.0631504,-2.0812528,-3.7037666,-4.054843,-3.8018126,-3.8018126,-3.6717217,-4.1530113,-4.292251,-4.9410233,-2.6820521,-4.327139,-4.5335298,-4.5335298,-4.5160127,-4.7826796,-4.0470424,-4.224715,-2.5797029,-0.913058,-0.8141787,-0.81417924,-1.1542671,-1.0081108,-1.1000701,-0.73394734,-3.2288067,-5.124859,-5.021988,-5.0219836,-5.6071496,-4.3536615,-4.951022,-4.0943046,-3.5017624,-3.2705379,-3.2158682,-3.2158685,-3.3089206,-3.3021643,-3.3159795,-3.1900406
c1cc(c(c(c1c2cc(c(c(c2Cl)Cl)Cl)Cl)Cl)Cl)Cl,-4.4,-4.4159327,-4.9648685,-4.9611983,-4.961198,-4.976033,-5.47624,-5.1105824,-4.2718096,-3.9705586,-3.3917248,-3.8580856,-3.858089,-3.7799563,-3.9548204,-3.900964,-3.3807986,-4.575102,-4.0902386,-3.7764063,-3.776406,-3.6963859,-3.8066955,-3.6499338,-4.653858,-5.0174623,-3.7648783,-2.9862978,-2.986298,-3.7514493,-2.6673763,-4.366199,-3.9105413,-4.4634185,-3.9491494,-4.365169,-4.3651695,-3.8734586,-4.2122645,-4.04354,-5.1813097,-2.5580208,-5.0511203,-4.1473746,-4.147374,-4.4364667,-3.6810365,-4.782417,-1.180365,-3.9333873,-4.8444023,-4.302593,-4.302593,-4.5947742,-4.8008018,-4.5613885,-4.4869013,-4.3612394,-5.558032,-4.888615,-4.8886156,-5.244774,-4.6518383,-4.7374206,-4.708771,-4.507283,-4.276085,-4.5552382,-4.5552387,-4.3745446,-4.1694603,-4.2970023,-4.3551087
CCCCCI,-0.14,-1.6346422,-2.3020096,-1.8390188,-1.8390191,-1.808239,-2.0565917,-2.1507483,-1.7630503,1.2702439,0.6880289,0.7903848,0.7903813,0.92218834,0.531534,0.8595316,-0.56937015,-0.67954063,-1.3213708,-0.9220706,-0.9220706,-0.9123364,-1.1415607,-0.7958878,-0.86966985,-1.008398,0.05904286,0.7319355,0.7319309,1.0375191,0.19306079,-0.95548654,0.111226834,-0.2172049,-0.8742484,0.54382896,0.54382765,0.98652244,0.41703278,0.76136017,0.9653002,-3.6580257,-3.6528163,-3.3299565,-3.3299568,-3.2967062,-3.4584203,-3.20536,-3.194573,0.058056988,0.74014884,1.022152,1.0221521,1.0108904,0.89666814,0.8220642,0.21629313,-0.2715643,-0.49145484,-0.11147834,-0.11147511,-1.4481454,-0.5402981,-0.7567085,-0.2501327,-0.2975588,-0.2390531,-0.39593118,-0.39593118,-0.19376068,-0.5337225,-0.009907171,0.050529633
C[C@H](CC(C)C)O,-3.73,-2.5729823,-3.1344516,-3.1886895,-3.1886897,-3.042732,-3.185803,-2.8986554,-2.8800821,-1.4614489,-1.1602613,-1.5411212,-1.5411246,-1.4292225,-1.4630007,-1.6564415,-2.3285382,-4.481061,-3.1264648,-2.492157,-2.492157,-2.4970496,-2.8320503,-2.2051938,-4.4947643,-3.9894493,-2.2782025,-0.8503227,-0.8503286,-0.9890473,-2.0452173,-2.3963203,-1.169203,-1.368701,-3.305265,-3.9042714,-3.9042714,-3.3929389,-3.5346167,-3.3254654,-3.329135,-2.4904218,-3.4764163,-3.4897733,-3.4897733,-3.3675756,-3.5744028,-3.1837149,-2.7501838,-4.8176136,-3.9477696,-3.8994803,-3.8994803,-3.8545372,-4.085777,-3.8561664,-3.9877877,-3.0931861,-3.6876445,-2.6121888,-2.6121852,-3.79815,-3.2633622,-3.214527,-2.3152466,-3.7888024,-3.7021399,-3.6937857,-3.693786,-3.7041974,-3.632293,-3.8315663,-3.68708
CCSC,-1.5,-2.4087577,-2.690743,-2.5751634,-2.5751634,-2.5341847,-2.5419517,-2.5342374,-2.254929,-0.5568818,0.34113976,0.077180415,0.077176765,0.13645741,-0.027182676,0.05964656,-1.21467,-1.232182,-1.0656503,-1.2943844,-1.2943842,-1.3403306,-1.0487665,-1.3545133,-0.34860668,-1.293684,0.7859275,1.1136191,1.1136161,0.70865875,0.67878574,-0.8165842,0.06910039,-3.247659,-1.4939457,-1.6204573,-1.6204579,-1.2019714,-1.6700913,-1.5956926,-2.170642,-1.6314719,-3.3955722,-3.122784,-3.1227841,-3.1607335,-3.4681132,-2.9421148,-3.5789928,-1.2456943,-1.0719689,-1.0156257,-1.0156257,-0.8378888,-0.95226514,-0.84025425,-0.6468751,-0.71385914,-1.5672033,-1.4849279,-1.4849248,-2.250329,-2.1613553,-3.029291,-1.4817353,-1.290526,0.060246874,0.9593384,0.95933807,0.3565032,0.52630913,0.41001442,0.8821408
c1ccc2c(c1)C(=O)c3ccc(cc3C2=O)N,-11.53,-7.4355326,-6.4057765,-7.627429,-7.627429,-7.6411314,-6.9313087,-7.6611333,-7.9119444,-11.524494,-9.731249,-11.810185,-11.810187,-11.689306,-11.930704,-11.518246,-13.033359,-11.586058,-9.599515,-9.178576,-9.178576,-8.872924,-10.39189,-8.515335,-11.793732,-11.658545,-10.185992,-9.583185,-9.583187,-10.191442,-10.323849,-11.508134,-9.97171,-7.6689005,-8.363866,-8.298282,-8.298281,-6.497714,-7.7409635,-7.0808268,-6.9810553,-5.319805,-5.146986,-5.0933337,-5.0933337,-5.32109,-5.1537423,-4.9761825,-6.0916476,-11.211508,-5.5675225,-5.895302,-5.895303,-6.0746346,-6.03254,-6.0340314,-6.1269264,-11.39148,-10.774582,-10.875263,-10.875261,-11.881605,-11.219857,-11.363747,-11.237915,-11.364115,-11.540986,-11.693253,-11.693254,-11.445213,-11.426689,-11.394286,-11.540771
c1ccc(cc1)[N+](=O)[O-],-4.12,-5.916424,-5.426397,-6.0346165,-6.0346174,-6.057179,-5.9326935,-6.125908,-5.712393,-6.356354,-8.891533,-9.297691,-9.297696,-9.205583,-9.287678,-9.378386,-8.660176,-3.6585567,-3.6533628,-3.4748693,-3.4748695,-3.3922014,-3.380129,-3.1468408,-3.1591916,-4.3794684,-4.250727,-3.6093776,-3.60938,-3.5377643,-3.6851773,-5.8855066,-2.6563723,-9.246785,-6.6939225,-8.130357,-8.130359,-6.999739,-7.2616034,-7.130025,-9.078699,-4.003356,-3.4603636,-3.5051582,-3.505158,-3.437864,-3.5974975,-3.317601,-3.8114393,-3.7399673,-4.3059425,-3.286628,-3.2866275,-3.2980702,-3.9985747,-3.4710898,-2.9598212,-4.206116,-7.583936,-6.3058805,-6.3058767,-7.579249,-6.5572987,-6.493952,-5.7354045,-4.1263375,-4.3101835,-4.2152076,-4.2152076,-4.2869015,-4.131817,-4.323957,-4.113482
CC(C)SC(C)C,-1.21,-3.0013137,-2.935269,-2.9077346,-2.907735,-2.5020127,-2.8330166,-2.4580584,-2.3134208,0.076232255,-0.007273565,0.002988549,0.0029843026,0.11096337,-0.4101022,-0.075702414,-1.1897167,-1.182399,-0.15877602,0.07922498,0.07922485,0.08746805,0.119517855,-0.25671986,1.0189997,-1.2905134,2.0159364,2.0215874,2.021583,1.5020359,1.9901744,0.9265546,0.92928356,-3.3641517,-1.4171236,-3.3938217,-3.3938224,-2.6050463,-3.1894023,-2.6470888,-2.3994622,-1.5727704,-3.487754,-3.6464152,-3.6464152,-3.476839,-3.6974702,-3.23554,-2.61237,-0.6125225,-1.277484,-1.1710774,-1.1710778,-1.1661403,-0.96550673,-1.0401741,-1.1057822,-0.9890703,-0.6639467,-0.16127934,-0.16127679,-0.8131842,-0.6976842,-0.82850957,-0.098040685,1.244754,1.1349316,1.135711,1.135711,1.2315711,1.037317,1.4896218,1.2020234
CCOP(=S)(OCC)Oc1ccc(cc1)[N+](=O)[O-],-6.74,-7.389702,-4.585032,-6.512242,-6.5122414,-6.757531,-5.867569,-6.728682,-7.6564574,-5.8590193,-6.648163,-6.9229274,-6.9229317,-6.788416,-6.6675053,-6.8848624,-5.6021957,-6.6381707,-6.7562637,-6.4040074,-6.404007,-7.194407,-6.349842,-6.313471,-6.895959,-6.872158,-5.5237384,-4.718363,-4.718363,-5.9989567,-5.133082,-6.1666126,-6.148749,-6.31624,-6.589885,-7.1167145,-7.116713,-5.999074,-5.3378954,-6.9232845,-6.80017,-6.0154333,-5.288888,-6.349411,-6.3494105,-6.207166,-5.5193405,-5.899298,-4.5848155,-6.5905113,-7.1951823,-6.8063326,-6.806333,-6.9038544,-7.2541943,-6.84595,-5.459604,-6.284195,-9.695131,-6.9964123,-6.9964104,-7.6024156,-6.8512764,-7.1328745,-7.342355,-6.858326,-6.65501,-6.8781056,-6.8781066,-6.7535644,-6.5128098,-6.6758604,-6.748856
CN(C)C(=O)c1ccccc1,-9.29,-3.472557,-3.3901856,-3.8101687,-3.8101692,-3.7837002,-3.5276475,-3.6727836,-3.5820122,-5.5091424,-4.6757708,-5.0903196,-5.0903234,-4.9511395,-5.121849,-5.0618615,-3.944158,-8.278177,-4.5453176,-3.8886933,-3.888694,-3.860664,-4.7211432,-4.0190935,-7.3132534,-9.977824,-7.2423606,-5.6804004,-5.6804028,-6.003911,-6.4269514,-7.421109,-6.535387,-5.7638617,-4.7117677,-5.4213734,-5.4213734,-5.163473,-5.3384156,-5.0857534,-5.408764,-3.4795928,-4.221405,-3.9988534,-3.9988537,-4.0449433,-4.078747,-3.8301983,-3.482586,-9.824591,-5.146037,-4.954119,-4.9541197,-5.0532966,-5.265681,-5.0248365,-5.564315,-8.709378,-6.1315,-6.826581,-6.826576,-7.813442,-8.182208,-7.8472395,-7.8667655,-9.36077,-9.128419,-9.366514,-9.366515,-9.235243,-9.295973,-9.2061205,-9.275155
c1ccc(cc1)O,-6.6,-5.3381786,-5.489952,-5.3100395,-5.3100395,-5.2872996,-5.6808796,-5.4078116,-4.3757253,-4.6147375,-5.0174603,-5.063735,-5.0637374,-4.9697766,-5.0116196,-5.214682,-4.392186,-6.0130577,-6.7091393,-6.430266,-6.430266,-6.4720464,-6.8996186,-6.2786617,-6.373995,-5.5102816,-5.599465,-4.89569,-4.895695,-5.120045,-5.1475143,-6.9928684,-4.3212705,-5.4779787,-4.3019156,-5.7646914,-5.7646933,-4.6249065,-5.0531144,-5.090911,-3.3225553,-6.327592,-3.401164,-3.5028453,-3.5028453,-3.4346683,-3.6421447,-3.5562346,-4.723503,-7.5651093,-5.0808973,-5.006033,-5.0060334,-4.9492555,-5.389374,-4.9355464,-5.218521,-4.393614,-6.100881,-4.9616637,-4.96166,-5.45083,-4.770617,-4.741453,-4.2334304,-6.537805,-6.0246315,-6.343467,-6.3434668,-6.123441,-6.0723715,-6.0273614,-6.7619777
c1ccc(c(c1)O)I,-6.2,-6.3777986,-5.341569,-6.2450066,-6.2450066,-6.2839975,-5.9465113,-6.338304,-6.461347,-4.085379,-4.7510715,-3.873976,-3.8739822,-3.726889,-4.109333,-4.091063,-4.395378,-6.240217,-8.430534,-7.8520803,-7.8520803,-8.185194,-8.900866,-8.678041,-7.824759,-6.448686,-7.0592227,-6.7844205,-6.7844253,-6.706256,-6.4866815,-9.054622,-4.9526377,-10.048466,-7.41233,-9.232031,-9.232031,-7.711434,-8.597967,-7.578814,-7.9094176,-7.623905,-3.5249062,-3.7583961,-3.7583961,-3.6893063,-4.0990815,-3.7545967,-7.0282865,-7.499791,-5.1912937,-5.068084,-5.0680833,-5.025385,-5.4701858,-5.0101647,-5.301445,-5.217161,-8.135867,-7.088965,-7.088961,-7.9326906,-6.519003,-5.8690653,-6.4601192,-5.5008526,-5.3075185,-5.366247,-5.3662467,-5.295727,-5.2753005,-5.2605076,-5.395098
CN,-4.55,-2.7607887,-1.4327976,-3.1306484,-3.1306484,-3.0921116,-2.103968,-2.9332354,-3.157156,-3.2587936,-3.0565186,-3.8062544,-3.8062558,-3.779908,-3.750017,-3.729789,-4.4892554,-4.4190607,-5.751466,-5.209619,-5.209619,-5.2868648,-5.860408,-5.363486,-5.384156,-5.993015,-4.544928,-3.416946,-3.4169514,-3.4875436,-4.4352255,-5.702451,-3.8828073,-4.7297163,-0.4687029,-1.6430628,-1.643063,-1.1259054,-2.1794033,-1.1481826,-1.7284341,-4.926301,-2.0955403,-1.545055,-1.5450549,-1.5577159,-1.5577632,-1.5220006,-1.855136,-4.116186,-4.424701,-4.2915306,-4.2915306,-4.2641697,-4.5574617,-4.2424827,-3.8303125,-3.8724284,-4.751508,-4.405497,-4.405496,-5.050692,-4.34067,-4.8685846,-4.5003886,-5.0721126,-4.968488,-5.0231166,-5.0231166,-4.9660783,-5.0984163,-5.057713,-5.092059
c1ccc(c(c1)C(F)(F)F)C(F)(F)F,1.07,-5.5992928,-5.8553834,-5.760831,-5.760831,-5.8596363,-5.750245,-6.126782,-5.156953,0.801896,-6.902307,-5.084131,-5.0841317,-5.030529,-6.457203,-4.824363,0.017365225,0.99063617,-14.361144,-12.804146,-12.804146,-13.904649,-15.560929,-16.021824,-1.71448,1.237274,1.1664292,1.5408474,1.540848,1.4615233,1.4487841,0.5595042,0.8619969,0.4204207,-1.3661139,-1.8371879,-1.8371881,-1.1478298,-1.0906997,-0.91891694,-1.2732016,-2.754991,-3.4036696,-3.8942156,-3.8942158,-3.77769,-3.965713,-3.4126413,-5.008894,0.5906685,1.3301967,0.65781665,0.65781623,0.6534719,1.1054354,0.6626497,0.58209515,1.1165618,-6.129621,-4.039993,-4.0399866,-2.772143,-5.047764,-2.8902903,-1.6586707,1.0446899,0.75696266,0.31203648,0.31203622,0.4054281,-0.18753856,0.05077386,-1.8382027
CC(=O)C,-3.8,-3.1599958,-3.760925,-3.4091558,-3.409156,-3.4957235,-3.4636827,-3.5508428,-2.8372548,-3.6249452,-1.992291,-2.9789376,-2.9789405,-2.9129715,-2.5623372,-3.0672321,-3.486743,-3.4436355,-2.0837035,-2.1383653,-2.1383653,-2.1414328,-2.2966666,-2.0805907,-3.2305052,-5.0236435,-4.959023,-3.2488098,-3.2488132,-3.2552629,-4.781869,-4.8411016,-4.426354,-5.023074,-3.8554497,-4.2481527,-4.2481523,-3.3752,-3.9176297,-2.3645508,-3.360876,-4.372968,-2.5414424,-2.220088,-2.220088,-2.1701493,-2.1142435,-2.067223,-2.1392934,-4.4538736,-3.40983,-3.4235535,-3.4235535,-3.3714259,-3.6108298,-3.3260489,-3.049637,-3.307473,-3.1791053,-3.6129184,-3.6129138,-4.1567965,-3.858638,-4.0002694,-4.044659,-5.787838,-3.1330829,-3.602984,-3.602984,-3.0155716,-3.5661724,-2.7647927,-2.4497414
CC(=CCC/C(=C\CO)/C)C,-4.78,-2.9579895,-2.9207406,-3.1735697,-3.1735697,-2.4864807,-3.779733,-2.8774452,-2.395952,-2.4771,-2.6234856,-2.7136514,-2.7136555,-2.6500242,-3.1402476,-2.5822084,-3.9699466,-4.741544,-5.8684587,-5.48904,-5.4890404,-5.5060987,-5.8686104,-4.823018,-5.57712,-5.087636,-4.078931,-2.4378588,-2.437864,-4.0036564,-4.0055,-5.159601,-3.1726189,-3.314769,-3.0989401,-3.3645988,-3.3645992,-2.3973463,-3.2561617,-2.7891293,-1.99489,-4.0715036,-4.5565834,-4.502461,-4.5024614,-4.276855,-3.879295,-4.6057806,-2.9663692,-5.2034173,-4.962969,-4.6213026,-4.6213026,-4.721134,-4.699508,-4.7291026,-5.421849,-4.3059635,-5.0709615,-4.3074865,-4.307484,-5.2019,-4.562563,-4.905051,-4.5941486,-4.775653,-4.7733097,-4.8442907,-4.8442907,-4.7697644,-4.7647524,-4.7490077,-4.8461823
c1cc(ccc1C#N)O,-10.17,-5.5359907,-4.9649525,-5.7918158,-5.7918158,-5.932251,-5.5909033,-6.1272464,-5.9530516,-7.86514,-7.2510877,-7.7346396,-7.734643,-7.598677,-7.9065847,-7.7871265,-9.143349,-9.38779,-6.9405947,-6.785632,-6.7856307,-6.7258387,-7.436038,-6.237935,-10.0668745,-8.96903,-8.059857,-7.2845144,-7.284518,-7.667378,-7.5344796,-9.284711,-7.5586004,-9.629171,-7.3739443,-9.004317,-9.004318,-7.909386,-9.281416,-7.322811,-9.180371,-5.2475615,-3.9629107,-3.6659098,-3.66591,-3.6403565,-3.9810805,-4.5099077,-5.440418,-8.030378,-5.406376,-5.3297577,-5.3297567,-5.3225513,-5.7058005,-5.306305,-5.6031866,-9.256905,-9.085326,-9.095447,-9.095444,-9.616482,-9.916536,-9.60264,-9.568785,-9.761458,-9.839765,-9.899748,-9.899749,-9.906699,-9.751096,-9.685308,-9.790431
C1CNC1,-5.56,-1.8689648,-2.4193838,-2.255585,-2.2555852,-2.386938,-1.8672647,-2.434656,-2.0050883,-3.2870224,-1.3595082,-2.4743528,-2.4743543,-2.4281275,-2.460535,-2.4473126,-2.49283,-5.864461,-4.4765167,-4.294915,-4.294915,-4.4099894,-5.0661764,-4.680785,-6.1156244,-4.845236,-2.5665884,-1.8160284,-1.8160324,-1.8521948,-2.1126747,-4.2535553,-2.5033965,-6.4519515,-2.3860416,-2.5520825,-2.5520825,-2.532512,-2.5886555,-1.5617707,-5.0207725,-2.6877089,-2.4397886,-2.253653,-2.253653,-2.2181897,-2.1751812,-2.2122355,-1.8702707,-4.5303345,-3.510127,-3.5537615,-3.5537617,-3.5189624,-3.7021508,-3.4607654,-3.5563023,-4.426013,-3.329999,-4.611131,-4.6111283,-5.2947664,-4.3155837,-5.0445576,-3.9093764,-5.0721126,-4.968488,-5.0231166,-5.0231166,-4.9660783,-5.0984163,-5.057713,-5.092059
c1c(c(=O)[nH]c(=O)[nH]1)I,-18.72,-6.6141343,-5.1367784,-6.389319,-6.389319,-6.529771,-5.816988,-6.6687827,-7.184728,-17.544945,-8.233675,-10.051375,-10.05138,-9.9575205,-10.414077,-10.153958,-15.588968,-18.635748,-11.884913,-10.610677,-10.610678,-10.984978,-13.397262,-11.198158,-18.138468,-19.03005,-16.160921,-15.784121,-15.7841215,-17.417864,-17.799229,-17.045914,-17.21657,-20.887096,-11.066077,-12.9089155,-12.908915,-12.039221,-15.093661,-12.705281,-16.016407,-9.184412,-3.607418,-3.55824,-3.5582402,-3.5256472,-3.9488544,-4.398582,-9.059485,-18.090084,-16.165659,-17.860332,-17.860332,-17.757235,-18.575764,-17.918339,-17.7453,-18.27388,-10.664164,-18.159414,-18.15941,-18.94209,-19.412,-18.704662,-18.588003,-18.728807,-18.683239,-18.44577,-18.44577,-18.709492,-18.85747,-18.566132,-18.643272
CCCCN,-4.24,-1.3192759,-1.7542614,-1.2922252,-1.2922255,-1.4013889,-1.188129,-1.2517244,-0.94804704,-1.984112,-1.0740812,-1.566435,-1.5664374,-1.4896001,-1.4035718,-1.6598115,-1.9945103,-4.0324607,-4.8251886,-4.520733,-4.520733,-4.473754,-4.898141,-4.1535196,-3.3063087,-5.4541144,-3.3037162,-2.2492647,-2.249267,-2.9397051,-3.8542733,-4.7529907,-2.0969756,-2.5658298,-1.3984066,-1.5995802,-1.5995806,-0.81493515,-1.4911695,-0.9520759,-1.4339144,-2.1588132,-3.1884248,-3.1128063,-3.1128068,-3.0155244,-3.2775154,-2.9691925,-3.1899478,-4.596337,-3.4940934,-3.5717206,-3.5717206,-3.5611908,-3.7043476,-3.5045803,-3.9085228,-3.0952182,-2.0921276,-1.6407151,-1.6407102,-2.5014958,-1.8273466,-1.8252352,-1.3621768,-4.356044,-4.5206437,-3.5775042,-3.5775044,-3.5363355,-3.6090376,-4.0658884,-2.8686275
C[C@@H]1CCCC[C@@H]1C,1.58,-2.2706442,-2.7424517,-2.8314683,-2.8314683,-2.8541415,-2.4656396,-2.7182112,-2.6673841,1.2349112,0.29416335,0.11843857,0.118435726,0.24578711,-0.007909697,0.012260569,-1.6396817,0.1574496,1.2376202,1.2913711,1.2913707,1.4443853,1.4083219,1.3829392,0.871066,1.1370795,1.5944593,1.9418781,1.9418728,2.139404,1.5871128,0.44458294,0.42489824,-3.3645515,-2.9267812,-3.1988919,-3.198892,-3.2506344,-3.3264832,-2.8863566,-4.5734067,-0.8879679,-3.266911,-3.5347733,-3.5347736,-3.4052453,-3.5352726,-3.2481618,-3.214607,2.315622,1.1585312,1.5040995,1.5040992,1.5607708,1.3098403,1.604905,0.5545167,1.4377224,0.24847054,1.4016106,1.4016174,0.093605034,1.3026487,1.070645,0.9082889,1.2978065,1.0487206,0.99140424,0.9914042,1.1555908,0.9068987,1.2372524,1.1484667
Cc1cccc(c1C)Nc2ccccc2C(=O)O,-6.78,-5.8837795,-3.1313112,-4.643433,-4.6434336,-4.8952627,-3.9471252,-5.008031,-4.9713726,-7.828273,-5.9450793,-6.5603576,-6.560361,-6.3756905,-6.63212,-6.5275493,-7.699169,-7.1179132,-7.864786,-7.429916,-7.4299154,-7.0091324,-6.787789,-6.4341307,-6.5690956,-7.071063,-7.865557,-7.3448896,-7.3448906,-7.544162,-7.327861,-8.570072,-8.348063,-6.7596903,-3.6457667,-4.720357,-4.720357,-4.490168,-5.0892277,-4.601362,-5.6352515,-5.6937537,-4.923857,-5.5565324,-5.556533,-5.642791,-5.413353,-5.6038947,-5.982243,-7.293269,-6.0365963,-5.920419,-5.920419,-5.7311435,-5.935627,-5.894892,-6.154863,-6.7887588,-10.802453,-8.104155,-8.104152,-8.884842,-7.504194,-7.834077,-7.2864556,-6.745112,-6.709132,-6.9778495,-6.977851,-6.77346,-6.528036,-6.608499,-6.7891593
CS(=O)C,-9.28,-3.3834305,-3.69313,-3.4231822,-3.423182,-3.4590578,-3.3597713,-3.479299,-2.9168096,-7.3720007,-1.3311882,-2.2462273,-2.2462316,-2.1870115,-1.8349924,-2.3794382,-2.4326353,-8.224371,-0.855245,-1.1978282,-1.197828,-1.2356218,-1.0640934,-1.2747179,-2.5207353,-7.2772,-2.512305,-1.2677029,-1.2677057,-1.7881466,-2.67993,-3.1699693,-2.6080074,-9.645404,-7.0769525,-5.1030645,-5.1030655,-5.136481,-5.680247,-4.6866255,-2.521255,-3.733455,-2.7894354,-2.5492268,-2.5492268,-2.4523363,-2.4902296,-2.4685364,-2.2280643,-5.441721,-2.4034314,-2.6022625,-2.6022623,-2.5952165,-2.7432137,-2.577867,-2.4063444,-8.173583,-4.401687,-8.20046,-8.200457,-8.586683,-7.659704,-9.277116,-6.13765,-5.787838,-3.1330829,-3.602984,-3.602984,-3.0155716,-3.5661724,-2.7647927,-2.4497414
CC(OC(=O)C)OC(=O)C,-4.97,-4.5207014,-3.992939,-4.7378774,-4.737878,-4.719967,-4.2957635,-4.5216765,-4.4158673,-4.0397053,-4.95915,-4.9201384,-4.9201407,-4.9062533,-5.2922635,-5.0796285,-5.1944227,-4.2296915,-5.3025923,-4.7947474,-4.794747,-5.0412264,-5.6181927,-4.831599,-6.698908,-6.2954483,-9.73095,-7.8247147,-7.8247194,-8.141503,-8.273727,-10.202071,-7.9991064,-3.7406552,-4.6089263,-4.625324,-4.6253247,-4.0116253,-4.288613,-4.0641747,-3.4388363,-3.671193,-4.1649094,-4.83,-4.83,-4.8154516,-5.0798287,-4.371366,-5.9326406,-9.098524,-7.9215546,-7.692029,-7.692029,-7.7724094,-8.071763,-7.6912007,-8.418935,-4.6564016,-6.7887316,-6.5430694,-6.5430655,-7.5307755,-5.8895054,-6.888998,-6.8537197,-5.099061,-4.8219824,-4.1508327,-4.150832,-4.33277,-4.2058377,-4.3942695,-7.5168476
CCCCN(CC)C(=O)SCCC,-3.64,-6.2001724,-4.4126735,-5.937499,-5.937499,-6.0278234,-5.188263,-5.8808427,-6.369645,-3.0917783,-3.8822381,-3.75456,-3.7545624,-3.6333232,-3.9918103,-4.0086365,-5.0690413,-3.9454026,-2.5531664,-3.0491552,-3.0491552,-3.253982,-3.3602304,-2.6720335,-4.8236732,-4.0305634,-2.1196153,-1.8517811,-1.8517857,-2.506726,-2.805837,-3.2628956,-2.7555172,-6.77426,-6.4239097,-6.212942,-6.2129426,-5.354079,-5.9654,-4.8797355,-7.314828,-3.1377168,-4.8661327,-5.001524,-5.0015235,-4.771039,-4.831732,-4.836949,-2.707301,-4.186203,-4.9837623,-4.757246,-4.7572465,-4.40968,-4.7496123,-4.4832854,-4.88474,-3.5753639,-4.0070724,-4.1646404,-4.164638,-4.500904,-3.8369417,-3.9345143,-3.5404809,-4.2777877,-3.5157487,-3.7386246,-3.7386246,-3.6732686,-3.5323129,-3.6263704,-3.645032
CCc1cccc(c1)O,-6.25,-4.0701323,-4.0701785,-4.670317,-4.6703167,-4.682079,-4.3562317,-4.496816,-4.224418,-4.73709,-3.67792,-4.5820146,-4.5820174,-4.4568453,-4.7883596,-4.6205964,-4.788353,-5.8259315,-4.7481184,-4.234391,-4.234391,-4.2612066,-4.580313,-4.2834272,-6.4176373,-6.329403,-4.530728,-3.8025274,-3.802531,-4.169052,-3.963326,-5.310944,-3.6279073,-4.393588,-4.80236,-5.3802433,-5.3802443,-5.1398907,-5.1069713,-5.2442427,-4.14414,-4.388686,-3.74797,-4.145367,-4.1453667,-4.065453,-4.316658,-3.7081115,-4.7275558,-6.9794493,-4.4478307,-4.4545107,-4.454511,-4.43808,-4.79894,-4.421349,-4.2586374,-6.0045223,-7.9161897,-8.209393,-8.209389,-9.385667,-8.68765,-8.377891,-6.592921,-6.338363,-6.248192,-6.3362207,-6.3362203,-6.2377133,-6.1629543,-6.0995,-6.120144
CCCCCCCC=O,-2.29,-1.5958887,-2.6822236,-2.2249503,-2.22495,-1.9757001,-2.5959322,-2.250739,-1.7421741,-0.9953025,-1.3793664,-1.061506,-1.06151,-1.0172347,-1.3479127,-1.1264385,-1.9300958,-1.6795118,-0.97426873,-0.9036152,-0.9036149,-0.7471086,-1.050073,-0.34322515,-1.3432605,-2.2385936,-1.5974236,-1.019739,-1.0197442,-1.6927545,-2.6199589,-2.5284886,-1.3270166,-2.670279,-2.130182,-2.120722,-2.1207225,-0.7746314,-1.6547253,-1.3011303,-0.802072,-2.3536677,-4.6110907,-3.7218387,-3.7218387,-3.6065354,-3.3998346,-4.5185413,-1.3793113,-2.9860713,-2.910881,-3.0260115,-3.0260115,-2.8468416,-3.124855,-3.0041342,-2.843623,-1.7046694,-2.0386634,-1.5648551,-1.5648534,-2.7912095,-2.7591689,-2.9057539,-1.0014496,-2.7036195,-2.213775,-2.4862404,-2.4862409,-2.4726887,-2.336685,-2.4056787,-2.3727076
CCCCCCCC=C,2.06,-1.6807194,-2.9127738,-2.4856195,-2.4856198,-2.6460488,-2.7630064,-3.1627777,-2.0477002,0.942578,-1.037446,-0.5691645,-0.56916803,-0.37963197,-0.7689828,-1.1052319,-1.4071296,1.4977415,-2.1226358,-1.8655194,-1.8655189,-2.0305805,-1.740095,-2.2339199,0.50108415,1.0848869,0.5926764,1.4591153,1.4591107,2.836206,1.3205879,-0.35380435,0.17880616,-1.6125553,-2.171392,-2.4837556,-2.483757,-1.819742,-2.420905,-2.1709714,-1.5044131,-3.2243354,-4.8753657,-4.2594085,-4.259409,-4.291268,-3.6353195,-4.3682013,-2.2779152,1.2185881,-0.513966,0.41208342,0.41208348,0.4420417,-0.26607418,0.22020856,-0.39096013,0.7122799,-0.07387751,-0.25154784,-0.25154442,-1.0143203,-0.35009065,-0.190269,0.10095146,2.0851495,2.0461922,2.4287107,2.4287114,2.6349626,1.9884591,3.444887,1.6880707
C1CCC(C1)O,-5.49,-1.9721248,-2.3256903,-2.2997615,-2.2997615,-2.4604168,-2.0396793,-2.391345,-2.10847,-4.240382,-2.075869,-2.889998,-2.890001,-2.807243,-2.87737,-2.95104,-1.9628562,-6.1178923,-2.100921,-2.1881485,-2.1881483,-2.188682,-2.892762,-2.549647,-6.37666,-6.341916,-5.6233954,-4.5137053,-4.513709,-5.2287197,-5.5933433,-6.5918293,-4.6975737,-6.952426,-2.2170732,-2.7030344,-2.7030342,-3.1667378,-2.7405543,-3.5771902,-4.0226526,-2.3810058,-2.8994384,-3.033597,-3.0335972,-2.9675364,-3.0244265,-2.8528714,-3.1241758,-5.0261717,-3.8184528,-3.816412,-3.8164115,-3.7685723,-4.026254,-3.7398312,-4.075264,-5.039016,-5.038895,-6.0379796,-6.0379763,-6.8145614,-6.128978,-6.3483477,-5.309666,-4.9559536,-5.2487793,-5.143583,-5.143583,-5.2544403,-5.1911826,-5.243053,-5.0081244
CCOCCOCC,-3.54,-2.112967,-3.13382,-2.8427625,-2.842762,-2.5094163,-3.452574,-3.579495,-2.2271094,-1.5676644,-3.1553361,-3.0765066,-3.07651,-2.7370949,-3.174795,-2.8974366,-2.7927516,-3.3599136,-2.9186535,-2.5729728,-2.5729728,-2.2439177,-2.9389443,-2.7519646,-3.0901062,-3.9193218,-3.6558592,-3.47992,-3.4799225,-3.6382523,-3.8961966,-5.0193906,-2.8222287,-0.4851001,-1.7063063,-1.7640307,-1.7640312,-0.69708025,-1.0994513,-2.50025,-2.2507436,-5.045532,-4.4147215,-4.323713,-4.3237123,-4.030499,-4.3674784,-4.3317018,-4.4053493,-3.9252315,-4.660558,-4.5129933,-4.512994,-4.280729,-4.5678434,-4.239882,-4.7276144,-2.5321317,-2.332124,-2.3096852,-2.3096824,-3.3139753,-2.2438085,-2.6035433,-0.99107426,-3.5988326,-3.5239198,-3.5518212,-3.5518212,-3.49971,-3.5813606,-3.490109,-3.604664
c1ccc(cc1)c2ccccc2Cl,-2.69,-5.9347305,-4.514235,-5.9953127,-5.9953127,-6.0321636,-5.069194,-5.7583294,-5.9682302,-3.0657613,-4.613257,-4.4297757,-4.4297805,-4.2748675,-4.35229,-4.559166,-3.6158204,-3.9288452,-3.9341674,-3.339443,-3.3394432,-3.306339,-3.9147248,-3.5987697,-4.0846457,-2.8172224,-3.9332416,-3.1920269,-3.1920288,-3.2165525,-3.1665535,-4.724531,-3.1834483,-4.2903748,-4.452336,-5.507535,-5.507535,-5.1714277,-5.3105493,-5.215331,-6.4957676,-2.9466472,-4.4492784,-4.679805,-4.679805,-4.709251,-4.9370785,-4.1494317,-4.8851395,-3.2312884,-1.2975076,-1.3295547,-1.3295553,-1.6610599,-1.4434956,-1.648846,-1.4603423,-2.917858,-4.425803,-4.3618355,-4.361831,-5.221733,-4.3916397,-4.475096,-3.0445666,-2.7807546,-2.7565944,-2.7972107,-2.7972116,-2.593045,-2.8182847,-2.630068,-2.686182
CCCC[N+](=O)[O-],-3.09,-1.4016292,-2.187166,-1.6676593,-1.6676592,-1.7165612,-1.7381,-1.8755168,-1.5649319,-4.6765256,-4.611979,-5.463248,-5.46325,-5.3631287,-5.316757,-5.455571,-5.187721,-3.8502808,-1.1502346,-1.0147728,-1.0147728,-1.0748808,-1.1874833,-1.2636765,-3.7856793,-3.7144592,-2.5517247,-1.8466451,-1.8466499,-2.297694,-2.6212747,-3.914782,-1.9546964,-3.598434,-3.2604392,-3.885679,-3.8856788,-3.2286518,-3.3756378,-3.5409389,-2.4056635,-3.042276,-3.5531144,-2.9270906,-2.927091,-2.8851867,-3.0291715,-3.257978,-1.9529834,-3.6271298,-3.9744978,-3.6624203,-3.6624203,-3.283396,-3.607736,-3.3885667,-3.516911,-2.7804577,-5.6123943,-3.9895124,-3.9895084,-4.571914,-3.2036312,-3.551115,-3.1409135,-3.0081012,-3.0149686,-3.0775638,-3.0775635,-2.940936,-2.9552295,-3.0316966,-3.0211666
COc1ccccc1O,-5.94,-5.529401,-5.6821656,-5.626951,-5.626951,-5.6627865,-5.7553616,-5.8012977,-4.6649556,-6.913573,-5.818132,-6.565638,-6.565642,-6.4721246,-6.688549,-6.6730733,-7.864707,-6.9344826,-7.307435,-7.0185146,-7.018515,-7.1425376,-7.2908406,-7.475127,-8.295549,-6.8476877,-5.7491374,-4.844387,-4.844391,-5.0357237,-5.0714097,-7.015414,-5.05146,-6.435628,-5.3082914,-5.7925415,-5.792542,-4.7109194,-5.8960395,-5.068218,-4.4232106,-6.862385,-3.654893,-3.9822714,-3.9822717,-3.8717687,-4.159876,-3.4677858,-4.6160545,-7.8996162,-6.5329413,-6.151297,-6.151297,-6.1257286,-6.6750207,-6.122404,-6.4496584,-6.6986113,-8.690005,-7.269847,-7.2698426,-7.779574,-7.133015,-7.2639356,-6.1913977,-5.9974775,-5.9119444,-6.020621,-6.0206213,-5.932327,-5.865409,-5.9245973,-6.1663604
CCCC,2.1,-1.914279,-2.0988057,-1.9695218,-1.9695219,-1.832071,-1.75913,-1.9652644,-1.7427951,0.25991067,-0.20495588,-0.7804977,-0.78050023,-0.7196118,-0.7868413,-0.7912842,-1.7980891,1.4120154,-0.9144262,-0.98132944,-0.98132944,-0.97443044,-0.7078451,-0.80769694,-0.8783207,0.8044459,0.7911302,1.4553754,1.4553715,1.5343568,0.8199115,-0.23622152,0.15191147,1.7609823,-0.75239927,-0.67543644,-0.67543685,0.010547169,-0.077566825,0.058496036,0.35058242,-1.452081,-3.0084324,-2.9131901,-2.9131901,-2.841692,-2.9457555,-2.8078496,-2.7178702,1.6876132,2.0507603,2.5005789,2.5005789,2.5987885,2.148663,2.56355,1.0494218,3.3282273,-1.2248915,0.37259713,0.37260184,-0.56939554,0.35968158,0.17201328,-0.3159305,-0.12593019,0.06753426,-0.026243353,-0.026243472,0.040000647,-0.17131168,0.05519098,0.8941963
CCBr,-0.74,-1.3418823,-1.2460817,-1.1905043,-1.1905043,-1.2576149,-0.8103015,-1.4689732,-1.0371592,-2.7983983,-1.3520925,-1.8953663,-1.8953682,-1.8458179,-1.3857362,-1.855534,-2.2967286,-0.6991506,-0.98176354,-1.2810367,-1.2810366,-1.2935902,-1.1158425,-1.3050276,-1.2605579,-0.85117114,0.05214474,0.49621177,0.49621004,0.31053126,-0.02533594,-1.2975848,-0.30379218,-0.1615339,-0.7998552,-1.1029011,-1.1029023,-0.4723727,-1.0562787,-0.43882427,-1.1531376,-1.501046,-2.506726,-2.268732,-2.2687325,-2.244962,-2.3213708,-2.3144119,-1.919218,-0.64711344,0.801946,0.32461768,0.32461768,0.3753696,0.68718326,0.23865768,0.753613,-0.5441414,-2.888694,-2.2350152,-2.2350144,-2.8717139,-1.4146491,-1.5876554,-1.38903,-0.47131294,-0.44280842,-0.3466243,-0.3466243,-0.48809996,-0.37760323,-0.5463249,-1.4061204
CCCCOCCO,-6.25,-1.512141,-2.8194256,-2.2457447,-2.245745,-2.2445347,-2.6454163,-2.655543,-1.8516672,-3.0668747,-2.3994603,-2.586766,-2.58677,-2.5321338,-2.6314998,-2.803198,-2.1945546,-5.990168,-5.608919,-5.1752615,-5.1752615,-4.8869586,-5.4700994,-4.2263303,-7.20808,-5.283909,-6.013228,-4.590781,-4.590786,-4.7639713,-5.5255766,-6.3850055,-5.1692214,-2.7561078,-1.9258478,-2.1807532,-2.180753,-0.7303224,-1.542803,-1.054993,-0.8659826,-2.8991826,-4.5779524,-3.5447917,-3.5447915,-3.6806288,-3.1312363,-3.8529491,-1.7215563,-6.870701,-5.16718,-4.9028215,-4.902822,-5.0234942,-5.1972947,-5.012976,-5.84395,-4.248058,-4.808245,-4.274103,-4.2740993,-5.441608,-4.928388,-5.46394,-4.5245137,-6.5597486,-6.2116404,-6.34767,-6.34767,-6.200909,-6.1595726,-6.2024045,-6.2527304
CCC[C@H](C)CC,2.71,-2.1459544,-2.8777108,-2.7012358,-2.7012355,-2.5141451,-2.8918052,-2.4565713,-2.4133265,2.027536,0.49171942,0.17850503,0.17850144,0.30843905,0.31956285,-0.0033460725,-1.36358,1.8556974,0.5958614,0.8477428,0.84774274,0.90116054,1.0950931,0.63963526,0.4720082,1.8954809,0.8367737,2.2686749,2.2686706,3.0367873,2.1608686,0.75206304,0.6563025,-1.3367417,-3.0703661,-3.2788668,-3.278867,-2.1736944,-2.8046074,-2.0721512,-2.0862892,-1.5143489,-3.940887,-3.6971633,-3.6971633,-3.7413,-3.1721375,-3.4652052,-3.3494644,1.7653669,0.6029548,1.3061298,1.3061292,1.3943655,0.8072803,1.3204981,0.04467247,2.9260929,-0.8199712,1.2059875,1.2059911,0.24537265,1.6207243,1.7987121,0.7397474,2.5830235,2.6834493,2.6991525,2.6991522,3.1107035,2.6283174,2.6955924,1.4905404
CC(C)COC(=O)C,-2.36,-2.1781585,-2.7611375,-2.5359073,-2.535907,-2.4012866,-2.7577262,-2.269486,-2.0874896,-2.9114394,-2.4536786,-2.8282347,-2.828238,-2.6658306,-2.6161506,-2.7337453,-1.9553673,-3.3566818,-2.5614269,-2.1761138,-2.1761136,-2.1926131,-2.679106,-2.1402123,-4.227777,-3.174778,-3.4580703,-2.8045673,-2.8045714,-2.9486966,-3.3668475,-4.7526364,-3.2732484,-2.9688013,-2.988236,-3.3199632,-3.319963,-2.889037,-3.609485,-2.647241,-2.5005715,-4.455752,-4.12325,-3.598041,-3.5980408,-3.4861667,-3.49954,-3.9776094,-3.38084,-2.797649,-5.227719,-4.933663,-4.9336634,-4.9088492,-5.334904,-4.8787656,-4.2170806,-2.1534004,-2.9189973,-2.4129362,-2.4129333,-3.624059,-3.2027872,-2.6838026,-0.9728875,-2.8536549,-3.5520544,-3.8060102,-3.8060105,-3.681905,-3.7791343,-3.726073,-3.1764648
CCc1cnccn1,-5.45,-2.898852,-3.2859077,-3.3611188,-3.3611188,-3.3401983,-3.3242443,-3.264113,-2.9979348,-4.266636,-3.7884262,-4.3251414,-4.3251443,-4.2219205,-4.3990726,-4.4295697,-4.1194806,-5.4226656,-2.8136516,-2.5016603,-2.50166,-2.642977,-2.6817818,-2.9763138,-3.7896464,-6.23219,-3.7028584,-3.0972147,-3.0972168,-3.1163242,-3.208642,-5.0588274,-3.7285552,-3.2308197,-2.9360948,-3.5001316,-3.5001316,-3.0857332,-3.2384918,-3.1754272,-2.7614043,-2.9217803,-3.6795344,-3.4057834,-3.405784,-3.39824,-3.4672031,-3.1716404,-2.4034424,-6.269965,-4.4309635,-4.2060814,-4.206082,-4.3692274,-4.298016,-4.3092213,-5.4023643,-4.812664,-3.3010154,-3.2733974,-3.2733912,-4.209909,-3.9773529,-3.727444,-2.0746746,-5.548616,-7.812204,-7.1247277,-7.1247277,-7.585584,-6.9844503,-7.72174,-5.2870927
c1c(c(=O)[nH]c(=O)[nH]1)C(F)(F)F,-15.46,-6.463259,-5.0766225,-6.3381777,-6.338178,-6.3438454,-5.6724405,-6.309153,-6.1615868,-14.117541,-8.91616,-11.39276,-11.392764,-11.277113,-12.4810505,-11.434586,-11.809776,-15.408842,-11.883178,-10.957258,-10.957257,-11.458351,-13.512174,-12.171013,-13.52423,-15.7929535,-14.093166,-13.084864,-13.084869,-14.600385,-14.8244,-14.994478,-12.614274,-10.334263,-6.268309,-7.1604557,-7.1604576,-6.2920666,-6.391015,-6.7852097,-11.663688,-5.573492,-3.409497,-3.4887786,-3.4887786,-3.4051857,-3.5774379,-3.1179209,-3.55364,-15.614862,-7.1669474,-8.157585,-8.157585,-8.157531,-8.543568,-8.038248,-13.798073,-14.592512,-10.594795,-14.8051605,-14.805155,-16.0043,-14.585363,-15.554012,-15.497093,-17.047445,-16.66586,-16.501766,-16.501766,-16.777641,-16.97325,-16.652739,-16.896254
C[C@@H](c1ccc(cc1)CC(C)C)C(=O)O,-7.0,-4.8999887,-3.1733966,-4.0026336,-4.002634,-4.049982,-3.3377147,-4.2646155,-3.8836067,-6.452253,-7.002564,-7.215113,-7.2151155,-7.111599,-7.034711,-7.2690606,-7.9053373,-6.9636917,-8.494323,-8.253503,-8.253505,-8.206184,-7.906329,-7.6799383,-6.9529915,-6.3559594,-5.9221115,-5.137454,-5.137458,-5.3479233,-6.1399727,-6.2903204,-6.919647,-3.8606064,-2.4820628,-3.214586,-3.2145858,-2.6559193,-3.4625447,-2.771759,-3.4483867,-5.849912,-5.136994,-5.5858736,-5.5858736,-5.7219934,-5.8372154,-5.158622,-6.357237,-7.771474,-5.7773247,-5.642227,-5.642227,-6.0351176,-5.8329153,-5.921996,-6.592942,-6.3395023,-7.4314656,-6.1030703,-6.1030693,-6.923948,-6.5105734,-6.8640304,-7.97497,-7.2171464,-6.8325596,-7.0691676,-7.0691695,-6.991885,-6.821826,-6.9457765,-6.9826713
CCCCCCI,0.08,-2.496841,-2.8677716,-2.7687874,-2.7687874,-2.7709334,-2.9459364,-3.4720016,-2.6690373,-0.19933572,1.305519,1.3321515,1.3321478,1.5208324,1.104651,1.4856223,0.10220484,-0.0257495,-0.94835955,-0.3732407,-0.37324098,0.0105321305,-0.484055,0.5961059,0.056372516,-0.73339635,0.062549844,0.6633276,0.66332304,1.2042935,0.23663256,-0.7120725,0.038162928,-0.130477,-1.2473096,-0.055447333,-0.05544827,0.6352198,-0.43231714,0.5955926,0.33395168,-3.3467917,-4.182518,-3.473205,-3.4732049,-3.5541773,-2.9785733,-3.487965,-2.2066114,0.7302047,0.33563656,0.9197538,0.91975373,0.92654777,0.58319557,0.7482643,0.08116873,0.39341432,-1.5245008,-0.36021587,-0.36021286,-1.304393,-0.44399205,-0.24678987,0.4488094,0.020473901,-0.13809976,0.45372868,0.45372874,0.38317394,0.16756172,0.2887616,1.0007159
CCCCCC(=O)N,-9.31,-1.5243572,-2.4431245,-1.8842398,-1.8842399,-1.7679468,-2.139975,-1.8841041,-1.5033638,-4.0421953,-1.7965405,-2.1752589,-2.1752617,-2.061315,-2.0136135,-2.2485187,-1.8179489,-8.102039,-2.3517895,-1.6390676,-1.6390674,-1.7319824,-2.2041287,-1.792548,-4.071961,-8.287788,-4.799454,-2.8519585,-2.851963,-3.8175604,-4.266268,-4.625577,-2.9294062,-3.1947973,-2.1988893,-2.2215002,-2.2215009,-1.58653,-2.378428,-1.7055333,-1.5276319,-4.0859413,-3.9727802,-4.018112,-4.018112,-3.9519093,-3.6891718,-3.6675358,-3.552041,-8.9331875,-4.781975,-4.7936945,-4.793695,-4.796277,-4.872249,-4.8522415,-5.824254,-6.4812593,-5.3809934,-4.6139045,-4.6139,-5.1027875,-5.036991,-5.602683,-5.1376643,-9.343599,-6.1112785,-4.923651,-4.92365,-4.4960337,-5.581849,-4.787493,-6.6358485
c1c(cc(c(c1Cl)Cl)Cl)Cl,-1.62,-5.8319345,-6.917971,-6.244549,-6.244549,-6.2875195,-6.626112,-6.566466,-5.0683846,-1.5319084,-1.515106,-3.123122,-3.1231294,-3.00583,-4.0162573,-3.3804371,-3.0856924,-1.3717647,-2.208726,-2.0050132,-2.0050132,-1.9278054,-1.717415,-1.5866691,-1.3206456,-1.556726,-2.6097903,-2.5054202,-2.5054207,-2.1491864,-2.0067554,-4.1179423,-1.7368766,-1.22262,-3.6375756,-4.0443125,-4.0443125,-3.7146022,-3.5257206,-3.721017,-2.2950056,-6.074197,-3.702467,-3.7342417,-3.7342415,-3.6603568,-4.110427,-4.3174143,-6.888767,-1.4047968,-1.8635727,-1.2144886,-1.2144883,-1.2380354,-1.2969819,-1.1695658,-1.5485095,-2.1925333,-4.178454,-2.1299255,-2.1299202,-3.1519003,-1.94184,-1.678841,-1.8733243,-1.7221127,-1.5649984,-1.6692746,-1.6692746,-1.5524261,-1.5703638,-1.3790673,-1.5333834
c1c(c(c(c(c1Cl)Cl)Cl)Cl)c2c(cc(c(c2Cl)Cl)Cl)Cl,-4.61,-3.651568,-4.5636163,-4.34926,-4.3492594,-4.3118486,-5.2385654,-4.6427755,-2.8367138,-3.8860219,-3.343766,-4.0152764,-4.0152783,-3.9278722,-4.228178,-3.8606927,-3.4724076,-4.7972054,-4.700372,-4.624877,-4.6248765,-4.7327433,-4.215805,-4.7818394,-4.6537566,-4.6502113,-3.5728352,-2.674483,-2.6744816,-3.4089735,-2.55052,-4.095151,-3.95926,-4.5213585,-3.0877395,-4.2472816,-4.247282,-3.6876442,-4.2760124,-4.0985312,-4.0087852,-2.9025397,-4.964058,-4.3882146,-4.3882146,-4.563119,-4.206725,-4.798945,-1.8017308,-3.837806,-5.053285,-4.5351133,-4.535114,-4.7944775,-4.990853,-4.753039,-4.758585,-3.9076467,-4.5176387,-4.156062,-4.1560607,-4.539949,-4.333432,-4.201721,-4.5993595,-3.944467,-4.4681873,-4.7609525,-4.760954,-4.6167254,-4.4229345,-4.603474,-4.5859246
CCCN(CCC)c1c(cc(cc1[N+](=O)[O-])S(=O)(=O)C)[N+](=O)[O-],-7.98,-5.6080155,-4.4250994,-5.864252,-5.8642516,-5.9668984,-5.547722,-6.207095,-5.330214,-7.226472,-6.256905,-5.3545747,-5.354577,-5.1513157,-6.0728025,-5.4432063,-8.394919,-7.845155,-5.5266743,-6.317447,-6.3174467,-4.9168415,-5.137083,-5.6293726,-4.3240256,-7.9236894,-4.4386573,-5.615668,-5.615668,-6.673111,-5.988511,-6.9100103,-7.8142424,-6.3191566,-6.9205365,-7.33152,-7.331519,-7.1247587,-6.9893856,-7.2202206,-4.402824,-6.625697,-5.2342343,-5.69033,-5.690331,-5.733774,-5.1760793,-5.857753,-4.170993,-8.62429,-7.1769447,-7.2742033,-7.2742033,-7.3399973,-7.3215094,-7.199109,-7.4599338,-7.5988894,-5.255676,-5.6782846,-5.678284,-6.0217075,-5.4853735,-6.335993,-5.7966757,-8.026632,-8.872016,-6.721214,-6.7212105,-6.5628366,-6.3571076,-6.1450315,-2.767671
c1c(c(=O)[nH]c(=O)[nH]1)F,-16.92,-5.844332,-5.6779222,-5.834732,-5.8347325,-5.8292456,-5.959455,-5.937917,-5.056716,-14.881102,-10.615923,-12.451339,-12.451343,-12.391063,-12.180881,-12.4345,-12.017002,-16.887508,-9.7512665,-8.886547,-8.886546,-9.153644,-10.990447,-9.240035,-16.728144,-17.69892,-15.816518,-14.724414,-14.724417,-16.542902,-17.44965,-16.136265,-17.399206,-19.480335,-7.5404143,-9.57064,-9.570641,-8.64834,-9.329582,-8.848738,-10.14294,-9.060957,-3.3699932,-3.5258062,-3.5258064,-3.447812,-3.887212,-4.0162005,-7.316434,-17.2024,-16.528124,-18.373564,-18.373562,-18.167048,-19.235199,-18.392006,-16.559998,-16.04757,-10.157391,-18.041077,-18.041075,-18.461393,-19.012627,-19.129742,-15.427746,-17.10256,-15.618726,-15.509978,-15.509981,-15.319516,-14.636814,-15.311906,-13.544192
CCCCCC(=O)C,-3.04,-1.9897563,-2.9538984,-2.6600084,-2.6600087,-2.457182,-2.9055636,-2.346262,-2.3707776,-2.0065813,-1.1701211,-1.2033831,-1.2033861,-1.0989583,-1.1201315,-1.262275,-1.4065744,-2.8085873,-1.0914823,-0.90121144,-0.9012114,-0.6969132,-1.1638699,-0.6061082,-2.8239274,-3.2062538,-3.0469062,-1.958365,-1.9583696,-2.7048566,-3.2752888,-3.5309849,-2.372141,-2.3560376,-3.3330562,-3.0364063,-3.0364063,-2.4941337,-2.3241136,-2.2790534,-3.6720665,-2.545006,-4.345436,-3.5487776,-3.5487778,-3.629369,-3.3652375,-3.804665,-1.9969485,-3.225554,-3.2696726,-3.406255,-3.406255,-3.3915787,-3.5059245,-3.3893895,-3.609903,-2.5091023,-2.7364156,-2.0968342,-2.09683,-2.8526964,-2.3160884,-2.972158,-2.080733,-3.0737827,-2.9428716,-2.8552878,-2.8552878,-2.79746,-2.8353522,-2.9662414,-2.6944659
CC[C@H](C)O[N+](=O)[O-],-1.82,-2.5284345,-2.7794561,-2.741005,-2.741005,-2.5550084,-2.799884,-2.5736372,-2.4383483,-4.718307,-5.520269,-6.224771,-6.2247734,-6.154853,-6.0698547,-6.1227427,-4.889245,-3.1667144,-2.2554827,-2.065743,-2.065743,-2.059683,-2.3140411,-2.079538,-4.2813582,-3.5964541,-2.776712,-1.9743087,-1.9743118,-2.5389345,-3.1112676,-3.9301796,-2.1191123,-3.1023679,-3.784295,-3.9346972,-3.9346976,-3.2258377,-3.1906075,-3.7954466,-1.7831757,-3.5135555,-3.4796839,-3.3917248,-3.3917248,-3.3123088,-3.3989656,-3.3730178,-3.1729274,-2.219942,-5.280507,-3.9375718,-3.937572,-4.067199,-4.706698,-4.1115007,-3.3691585,-2.2662213,-6.5298486,-4.5380435,-4.538038,-5.8786244,-4.2418776,-4.8494415,-4.056051,-1.8550694,-2.7798772,-2.9704113,-2.9704123,-3.04426,-2.9392738,-2.6839201,-4.7567816
CC(F)F,-0.11,-1.7416952,-2.4529033,-2.25458,-2.25458,-2.418051,-1.8707578,-2.5198522,-2.0100546,-1.6579936,-2.3931754,-3.890089,-3.8900914,-3.8403497,-3.4591515,-3.8356035,-3.744188,-0.30815706,-1.5194136,-1.5920376,-1.5920377,-1.5834268,-1.221818,-1.6258868,-0.9445539,-1.1863723,-0.9662836,-0.5801039,-0.580106,-0.63527286,-1.0673451,-2.4740105,-1.5469806,-0.5817963,-0.7922579,-2.0648456,-2.0648453,-1.5736812,-2.3574386,-1.571662,0.5037594,-2.3718898,-2.2444096,-1.8449051,-1.8449051,-1.8404334,-1.7774521,-1.8067473,-1.6629119,-1.5010047,-7.3639812,-5.5622883,-5.5622888,-5.6955376,-6.9113,-5.9365726,-3.165046,-0.097194396,-2.3511686,-1.8225106,-1.8225088,-2.6818142,-3.0114462,-2.5896924,-3.3659196,-0.47131294,-0.44280842,-0.3466243,-0.3466243,-0.48809996,-0.37760323,-0.5463249,-1.4061204
c1(c(c(c(c(c1Cl)Cl)Cl)Cl)Cl)c2c(c(c(c(c2Cl)Cl)Cl)Cl)Cl,-2.98,-2.526568,-4.9233117,-3.0669029,-3.0669026,-3.0382874,-5.3737264,-3.560146,-1.0307082,-3.456985,-3.6123097,-4.256907,-4.2569084,-4.152818,-5.063406,-3.8138754,-3.8357058,-3.1022289,-3.840805,-5.4778013,-5.4778004,-5.5724545,-4.3478723,-5.6370344,-1.0113881,-3.0998652,-3.2760525,-2.4931703,-2.4931698,-3.538119,-2.9053507,-3.9640045,-3.668572,-2.991605,-2.0370526,-3.3012972,-3.3012955,-2.0198295,-2.789576,-2.7745297,-2.7340643,-4.5119433,-4.93624,-4.9420166,-4.9420166,-5.090507,-5.0118775,-4.7593617,-4.1581936,-3.6176598,-5.468457,-4.980139,-4.980139,-5.212586,-5.482857,-5.193669,-5.336895,-3.224355,-4.392525,-3.526506,-3.5265033,-3.9603887,-4.29321,-3.4622264,-2.379674,-3.944467,-4.4681873,-4.7609525,-4.760954,-4.6167254,-4.4229345,-4.603474,-4.5859246
CC(C)CBr,-0.03,-1.5317802,-1.7702893,-1.4221716,-1.4221716,-1.4678202,-1.2137187,-1.5274258,-1.250304,0.3415273,-2.514011,-2.2087145,-2.2087173,-2.031136,-2.598697,-2.2364578,-1.5117663,-0.34551066,-1.5203011,-1.6164432,-1.6164433,-1.5711663,-1.7680084,-1.539591,-0.5981763,-1.260809,0.17295003,0.74740106,0.7473974,0.5578773,-0.18894884,-0.85870314,-0.1721367,-0.25019366,-1.1082891,-1.40495,-1.4049501,-0.0032686815,-0.30573314,-1.7058632,0.6425939,-2.367277,-2.6728435,-2.5958376,-2.5958378,-2.5340319,-2.459473,-2.4128356,-1.6461769,-0.14307009,0.88584584,0.76047957,0.7604793,0.77119297,0.9288038,0.7675379,0.24808425,-0.15490992,-1.1238514,0.5058954,0.50589913,0.0153564755,0.34743187,0.06258118,-0.005755071,-0.02930348,0.24425378,0.05577971,0.055779535,0.059417102,0.100336775,0.12091681,1.1055908
C=C(Cl)Cl,0.25,-5.156638,-5.2254925,-5.0662584,-5.066259,-5.031419,-5.4950323,-5.122586,-4.260509,-1.5643758,-1.4803896,-1.9840208,-1.9840233,-1.9475427,-1.1308873,-2.0354526,-2.1850998,-0.091656,-1.739497,-1.5038944,-1.5038942,-1.564732,-1.7097188,-1.5939676,-1.5139033,-0.99530524,-1.6131326,-0.49004844,-0.4900547,-0.4208592,-0.74251837,-2.4305763,-0.888559,0.93732464,0.038795784,1.5896835,1.5896828,2.5010073,0.87575597,1.6508669,2.0232308,0.41963673,-2.5598316,-2.292427,-2.292427,-2.2681742,-2.3052602,-2.2565422,-1.8695456,0.41208905,0.7335382,0.92607945,0.9260793,0.9291081,0.804157,0.9830696,0.16471642,0.18973522,-1.1652324,-0.16478206,-0.1647817,-0.39113182,-0.20236325,-0.3343349,-0.86050224,-0.32183224,-0.6147407,-0.8684814,-0.86848134,-0.67217517,-1.0461076,-0.7245409,-0.6690332
C[C@@H](CCO[N+](=O)[O-])O[N+](=O)[O-],-4.29,-4.166377,-3.3739467,-4.1457486,-4.145749,-3.1950607,-4.010188,-3.8107913,-4.1316032,-4.042863,-4.1290703,-5.2841845,-5.284187,-5.213295,-5.534481,-5.3762083,-5.809866,-3.915176,-3.827599,-3.2328904,-3.2328904,-3.1375525,-4.149663,-3.545228,-4.8715897,-4.253299,-5.256685,-4.9418626,-4.941865,-4.899288,-5.035987,-7.3709683,-4.5813084,-4.8314414,-5.8582387,-5.7023153,-5.7023163,-3.828608,-4.951384,-4.545512,-3.7284453,-5.168428,-4.4115615,-3.8890672,-3.8890672,-4.121512,-3.582345,-4.9092646,-5.8647985,-4.625671,-6.4419627,-5.183557,-5.183558,-4.611129,-5.5112195,-4.754661,-4.411545,-3.9735413,-3.6712189,-4.53269,-4.532688,-5.135591,-4.3179345,-4.634218,-4.554926,-4.3410635,-4.251832,-4.4017577,-4.401758,-4.2972946,-4.1501665,-4.2211137,-4.2858505
C=CCCC=C,1.01,-1.8423401,-2.4913945,-2.1535754,-2.1535754,-1.8012004,-2.3110046,-1.4297756,-1.7575029,-0.09857797,-1.5127289,-1.7459778,-1.745981,-1.6097227,-1.836734,-1.7898446,-2.48503,0.49029988,-4.462702,-3.8920462,-3.8920465,-3.7970765,-4.248423,-3.4838178,-0.8725435,0.80858594,-0.77847314,-0.31960958,-0.31961387,1.4259765,0.22687158,-2.5995762,-0.35378432,-0.2741465,-1.2554287,-1.4602848,-1.4602854,-0.107764535,-0.13957997,-2.1538136,-0.24527769,-4.5631313,-3.635261,-3.5152395,-3.5152397,-3.5373635,-3.9487946,-4.3206506,-3.3006427,-0.25916377,-0.46208006,-0.32662112,-0.3266214,0.043756153,-0.07405189,0.1763442,-0.76967704,1.6632049,-1.3557554,0.6656308,0.66563565,0.34479192,0.5962955,1.0004178,0.096971504,0.7302648,-0.19506791,1.1490821,1.149082,0.046237763,0.9696192,-0.0014996771,0.0016181278
CCCCCCCCCO,-3.88,-3.4047763,-3.501046,-3.8483672,-3.848367,-3.97833,-3.8676083,-4.4864035,-3.311953,-2.130584,-2.4373972,-1.9926432,-1.9926456,-2.1071732,-2.0170557,-1.4751734,-2.7759237,-3.8303952,-3.520479,-2.9646494,-2.9646492,-2.6329901,-3.4675555,-3.2560434,-4.440608,-3.6743572,-2.395412,-1.3839282,-1.3839325,-3.242005,-3.614614,-4.414134,-1.9898493,-2.6029809,-3.17867,-4.2300515,-4.230051,-3.0690293,-2.9982297,-3.4750626,-3.0575628,-3.4237342,-5.1329746,-4.675116,-4.675116,-4.296252,-4.4454,-4.739359,-3.3391633,-4.7125163,-4.709788,-4.437872,-4.4378724,-3.510046,-3.7649255,-3.5474885,-4.953911,-3.1868396,-4.6196356,-3.7447371,-3.7447345,-4.65267,-4.326273,-4.0262566,-3.7940319,-3.9538388,-3.7800026,-3.97585,-3.9758506,-3.870085,-3.7919998,-3.8758233,-3.9167924
CC(=O)NC,-10.0,-3.4850535,-3.8264773,-3.9393504,-3.9393506,-3.9393528,-4.010655,-3.8669157,-3.49087,-5.724198,-3.1204576,-3.7866688,-3.7866714,-3.7447174,-3.300707,-3.7875779,-2.758455,-8.275474,-3.8334708,-3.732904,-3.7329037,-3.8284519,-4.187527,-3.961788,-5.956963,-9.576882,-6.4208856,-4.520156,-4.5201583,-5.0490003,-5.4284344,-7.0091534,-4.821392,-8.284727,-4.580441,-5.6521206,-5.65212,-5.304048,-5.8602133,-5.1092224,-6.1627116,-4.00905,-3.1756823,-3.063274,-3.0632744,-3.0117233,-3.1034055,-2.7107744,-3.2275703,-9.748667,-5.883994,-5.5627933,-5.5627933,-5.575408,-5.9451423,-5.548439,-6.0968294,-5.9645095,-4.308501,-5.591869,-5.591867,-6.9248605,-6.0267205,-6.5423393,-5.862556,-10.064393,-9.926991,-9.946438,-9.946439,-9.9826765,-9.961339,-9.963989,-10.055285
Cc1cccc(c1C)C,-1.21,-4.8962235,-5.3469768,-5.187639,-5.187639,-5.2973146,-5.264883,-5.425487,-4.231974,-0.7735525,-1.3583637,-2.3319519,-2.3319542,-2.2065225,-2.5529091,-2.3334,-2.9950354,-1.4993966,-1.6378953,-1.2232993,-1.2232991,-1.1360514,-1.3819771,-1.2538372,-1.6011112,-3.470696,-3.5066404,-2.4667459,-2.4667487,-2.4349377,-3.0876331,-4.014113,-2.838544,-1.2027199,-3.5214667,-3.7342324,-3.7342331,-3.7554839,-3.7657166,-1.4063814,-3.0886972,-1.8724893,-3.3560376,-3.9836917,-3.9836915,-3.8502192,-4.0368237,-3.4997745,-4.64533,-1.3855523,-0.56633365,-0.9409743,-0.9409744,-0.9536788,-0.48428556,-0.8101215,-0.48492023,-1.4061254,-0.6999731,-1.583923,-1.5839195,-2.01938,-2.4507759,-2.2811232,-0.6263343,-1.0680965,-0.98071027,-1.1487274,-1.1487275,-0.96073854,-1.1920878,-0.9605008,-1.4347324
Cc1cccc(c1)O,-5.49,-5.2461553,-5.3232713,-5.481387,-5.481387,-5.5046816,-5.5471687,-5.5579524,-4.6412973,-5.4700828,-4.6404405,-5.07612,-5.076123,-4.967517,-5.163191,-5.1688256,-4.79279,-6.566503,-6.2977276,-5.916023,-5.9160223,-5.957177,-6.3197927,-5.898264,-7.1923914,-6.4023995,-5.465984,-4.630438,-4.63044,-5.045292,-4.9280176,-6.4409294,-4.718681,-5.5256543,-6.9998107,-7.235853,-7.2358537,-6.8477607,-7.2713447,-6.7205625,-5.9474497,-6.9380875,-3.532436,-3.970594,-3.970594,-3.919281,-4.0775714,-3.5979385,-5.5946383,-7.482942,-4.6291184,-4.627833,-4.6278334,-4.5868216,-4.984535,-4.5752645,-4.6299014,-5.574813,-6.297301,-6.279187,-6.2791824,-6.8748107,-6.4282217,-6.621567,-6.9410973,-5.615837,-5.563401,-5.627815,-5.627815,-5.574774,-5.634391,-5.6699758,-5.768769
C(CO[N+](=O)[O-])CO[N+](=O)[O-],-4.8,-4.57897,-3.8744059,-4.6234937,-4.6234937,-4.8082747,-4.103804,-5.1563807,-4.4237347,-4.2750196,-4.27321,-4.087006,-4.0870094,-3.9763398,-4.28823,-4.11678,-3.565828,-4.7286177,-3.8459897,-3.7312224,-3.7312222,-3.6129618,-4.0081835,-3.0568235,-4.5781436,-4.146839,-4.30734,-3.8249884,-3.82499,-3.904176,-3.8123903,-6.570875,-2.679521,-4.2256217,-6.6316624,-6.8753624,-6.8753624,-5.740762,-6.723038,-6.1385145,-5.390019,-3.9246793,-4.76751,-3.594333,-3.5943332,-3.9780152,-3.0670333,-4.83981,-3.23415,-5.560027,-6.5597997,-5.4542637,-5.454264,-5.522887,-6.329066,-5.6655993,-4.8540864,-4.516738,-5.0204835,-4.6135,-4.613497,-5.1463585,-4.7667866,-4.761359,-4.933857,-4.8730783,-4.7910767,-4.8971343,-4.897134,-4.7968264,-4.6511974,-4.719559,-4.7815394
CCOC(=O)C[C@H](C(=O)OCC)SP(=S)(OC)OC,-8.15,-6.0303993,-5.5183935,-6.690749,-6.6907487,-6.710289,-6.569772,-6.7515655,-6.3335686,-8.805533,-7.321956,-8.392011,-8.392014,-8.259135,-8.327372,-8.294292,-8.189789,-8.096067,-8.432769,-8.241709,-8.241709,-8.57407,-8.7958975,-8.076334,-7.8671513,-8.664106,-8.730261,-7.813918,-7.8139205,-7.660578,-8.351743,-9.288194,-8.165685,-8.253847,-7.953534,-7.636135,-7.636135,-7.3354926,-6.984332,-7.6509433,-7.4666615,-8.025558,-5.248313,-6.9959235,-6.995923,-6.912543,-7.5733423,-6.679913,-6.3853736,-9.715661,-7.554585,-7.6028957,-7.602896,-7.5879793,-7.7176094,-7.5393023,-6.088941,-8.0499935,-7.863994,-7.7330008,-7.7330008,-8.232828,-8.066367,-7.92155,-8.456902,-7.9931245,-8.085912,-8.308306,-8.308309,-8.083007,-8.020201,-8.396604,-8.123913
C(CCl)Cl,-1.79,-0.996233,-1.3311816,-0.9086319,-0.9086323,-1.0334082,-0.7676971,-1.5076729,-0.72132367,-1.3671106,-1.6549975,-2.220129,-2.2201316,-2.1614597,-1.3695326,-2.2312977,-2.7165642,-2.2211976,-0.49439135,-0.77378666,-0.7737866,-0.8061261,-0.50367177,-0.84636647,-1.7093538,-2.2705684,-1.625307,-0.6394414,-0.6394452,-0.84864295,-1.1453674,-2.5225024,-1.1052154,-1.6500782,-0.8923375,-1.8842427,-1.8842423,-1.1289119,-1.2344346,-1.7332833,-1.9361,-4.1311707,-2.6123624,-2.4727108,-2.472711,-2.4371583,-2.5165944,-2.4523997,-2.2860534,-1.239774,-0.8822728,-1.0185932,-1.0185935,-1.0204656,-0.77315164,-1.0622135,-0.41546085,-1.3299638,-2.3189101,-1.6089047,-1.6089032,-2.1483948,-1.3393421,-1.3705065,-1.4203786,-2.159195,0.2722975,-1.2876614,-1.2876616,-0.86025095,-1.2879972,0.073665395,1.4421855
c1ccc2c(c1)C(=O)c3cccc(c3C2=O)N,-9.44,-7.0777063,-6.4463744,-7.3387637,-7.338763,-7.3789663,-6.849719,-7.452546,-7.032986,-9.196131,-9.049335,-9.432019,-9.432022,-9.357551,-9.67857,-9.417631,-10.976651,-9.319592,-9.399301,-9.305721,-9.305721,-9.213457,-9.323022,-9.6635475,-9.378313,-9.273491,-8.56515,-7.9922657,-7.9922676,-7.8609757,-8.222006,-10.159139,-8.954795,-8.750576,-10.7043085,-10.783126,-10.783125,-10.555006,-11.494186,-10.567441,-10.205021,-6.9073305,-4.985692,-4.8432784,-4.8432794,-5.2784786,-4.7125993,-4.662661,-7.702935,-10.35821,-5.758809,-5.9723864,-5.9723864,-6.1159387,-6.134319,-6.070681,-5.964312,-9.485396,-15.264051,-14.654845,-14.654841,-16.32019,-15.173184,-15.188635,-11.74756,-9.123306,-11.246837,-11.34517,-11.34517,-11.194531,-11.229982,-11.018846,-11.708504
C[C@H]1CC[C@@H](O1)C,-2.92,-2.5286543,-2.9820704,-3.0089412,-3.0089412,-2.9811018,-2.861849,-2.8511758,-2.6969442,-3.7491002,-1.0167145,-1.5782048,-1.5782073,-1.4900165,-1.5738989,-1.6892381,-1.866849,-3.2980824,-0.43600985,-0.4072121,-0.4072122,-0.44757745,-1.0267358,-0.8357294,-4.228778,-3.698915,-4.1200523,-2.8154125,-2.8154175,-2.930802,-3.5619473,-4.873251,-2.8970697,-0.55333203,-0.97291076,-0.97529083,-0.9752917,-0.77222663,-0.8237946,-2.6151288,0.09792795,-2.4241467,-3.3846526,-3.1488829,-3.1488833,-3.0091395,-3.230145,-2.989615,-1.7283713,-2.2344666,-3.3156457,-3.3885121,-3.3885121,-3.3430362,-3.613659,-3.266121,-2.3387952,-1.6167347,-1.0866278,-1.4564403,-1.4564371,-2.6251013,-1.898161,-2.1950464,-0.84704924,-3.2529716,-3.1074734,-3.0521698,-3.0521703,-3.066336,-3.0001996,-2.6515024,-2.948755
CCCC(C)(C)O,-3.92,-2.0398116,-2.1267715,-1.7840068,-1.7840067,-1.5667052,-1.6079773,-1.6150001,-1.2282115,-1.8975372,-0.9843687,-1.3193575,-1.31936,-1.2001874,-1.1706984,-1.4448999,-2.2523994,-4.7079544,-2.9946277,-2.6388578,-2.6388583,-2.8298016,-2.933593,-3.4027424,-3.4221556,-4.166499,-2.9121823,-1.6672773,-1.6672821,-3.2359989,-3.3830907,-3.72304,-1.4308295,-1.4038401,-2.162733,-1.9748297,-1.9748303,-1.1460934,-1.9260981,-1.2433847,-1.9137391,-2.100765,-3.5751452,-3.2531705,-3.2531705,-3.221003,-3.2798474,-3.234237,-1.5556843,-4.881893,-3.9143186,-3.927556,-3.9275563,-3.9000442,-4.111838,-3.874453,-3.9038517,-3.9008946,-5.684667,-4.5531416,-4.5531387,-5.7730927,-4.837075,-4.8485913,-3.7202156,-4.2978525,-3.8534918,-4.0127335,-4.0127335,-3.9458547,-3.9768007,-3.8866882,-3.9472075
CCCC=C,1.68,-1.4644531,-1.9632205,-1.5325003,-1.5325006,-1.5739708,-1.5236512,-1.5327128,-1.2377532,0.09334596,-1.1281595,-1.3261935,-1.326196,-1.2335277,-1.3657618,-1.419031,-1.8764135,1.2169601,-2.5171676,-2.3169434,-2.3169434,-2.3378007,-2.3960695,-2.0177865,-0.8704008,0.760419,0.13693012,0.7516671,0.7516638,1.5490528,0.65042466,-1.3894584,-0.17583828,-2.2012105,-1.7823983,-2.020545,-2.0205455,-1.4729841,-1.9636297,-1.5304703,-1.9187183,-3.3440502,-3.3882835,-3.3115082,-3.3115082,-3.2529519,-3.5820637,-3.289874,-4.5996037,0.014639651,0.48871255,0.5104811,0.510481,0.8246792,0.6748391,0.8601497,-0.0046915603,1.8102232,-1.0735062,0.5911467,0.5911511,-0.046965726,0.081252664,0.61852217,-0.33082536,1.6358459,1.4580543,1.6487263,1.6487262,1.6835226,1.4990343,1.6561266,1.1242986
Cc1ccc(cc1)C(C)C,-0.68,-2.6622748,-2.871025,-2.7766228,-2.7766232,-2.7655675,-2.7175722,-2.9143777,-2.4840906,-1.641867,-2.0238287,-1.9627401,-1.9627435,-1.8543354,-2.5387423,-2.2891228,-2.709802,-0.6700655,-1.844997,-1.6396902,-1.63969,-1.6004428,-1.6273003,-2.1753404,-1.276195,-0.8159601,-1.0747861,-0.8740479,-0.8740516,-0.38368434,-0.7434685,-2.4460137,-1.3413019,-2.283053,-2.699984,-2.9701166,-2.9701164,-2.6472332,-2.7813942,-2.6373565,-2.1148767,-3.8989606,-4.3351355,-4.0812845,-4.0812845,-4.271686,-4.0953655,-3.9130929,-4.5683775,0.13216573,-0.0572004,0.20891811,0.20891766,0.0070523424,-0.25051233,-0.04006952,-0.301885,-0.7358791,-3.389873,-2.346901,-2.346897,-3.1100397,-1.8111144,-2.0213878,-1.6039491,-0.709669,-0.6666517,-0.6460533,-0.6460537,-0.6460033,-0.618299,-0.6570422,-0.66261077
CCCCC=O,-3.03,-1.2236108,-2.1020646,-1.4236819,-1.4236817,-1.46763,-1.6440163,-1.7084733,-1.185674,-2.130782,-2.450967,-3.0938957,-3.0938985,-3.0018,-3.0504463,-3.090544,-3.039379,-2.4021647,-1.5475404,-1.3795205,-1.3795205,-1.4377457,-1.5080969,-1.5132234,-3.0691173,-4.242337,-3.0404668,-1.9477619,-1.9477656,-2.3231711,-2.861024,-3.5321836,-2.0053153,-3.7431839,-2.1474366,-2.3700562,-2.3700566,-1.6615367,-1.8636372,-2.027092,-1.2434103,-2.886621,-3.597801,-2.9655335,-2.9655337,-2.9289446,-3.1078892,-3.185422,-2.0983417,-4.3512626,-3.203536,-3.3338661,-3.3338666,-3.3600106,-3.4317656,-3.3180733,-3.67499,-1.8814856,-4.2139354,-2.7483582,-2.748354,-3.7193205,-3.0405605,-2.9705353,-2.4840136,-3.2497573,-3.2231631,-3.4473166,-3.4473171,-3.4440756,-3.4870822,-3.459349,-3.510664
c1cc2c(cc1Cl)Oc3cc(c(c(c3O2)Cl)Cl)Cl,-3.84,-4.999859,-6.935167,-6.0507975,-6.050797,-6.005236,-6.7411203,-5.789597,-4.3434587,-3.6553974,-4.346206,-4.4371176,-4.4371195,-4.356122,-3.9862897,-4.487622,-3.8270035,-3.8159714,-3.6916378,-3.4173229,-3.4173222,-3.3638422,-3.4103842,-3.5465639,-3.8815296,-3.6429825,-3.822653,-3.2321737,-3.2321746,-3.086404,-2.654482,-4.5349503,-3.5431876,-3.9526467,-8.15803,-8.118339,-8.118341,-6.5358577,-6.449947,-6.602167,-3.1695142,-3.1026475,-5.1018043,-4.440475,-4.4404745,-4.563419,-4.377859,-4.956656,-1.7095194,-4.637046,-5.9870515,-5.6672077,-5.667208,-5.7182045,-6.203808,-5.7058845,-4.6262355,-3.5069492,-4.395624,-3.002784,-3.0027828,-3.218906,-2.8490875,-3.0221567,-2.9416702,-3.8609529,-3.663353,-3.966546,-3.9665465,-3.836068,-3.7704618,-3.750858,-3.7919462
[C@@H](C(F)(F)F)(Cl)Br,-0.11,-2.4693248,-2.4782076,-2.8643475,-2.8643475,-2.853159,-2.236804,-2.7806115,-3.0238287,-0.6001926,-0.96171254,-1.1126832,-1.1126853,-1.0655118,-1.2147832,-1.2799047,-0.00094000815,0.0340829,-3.2524133,-2.8946013,-2.8946013,-3.18494,-2.0845685,-3.5036538,0.5147528,0.15460186,-0.8269125,0.20753235,0.20753017,-0.036172733,-0.15988162,-1.6653181,0.25356597,-1.4059614,-0.78769034,-1.3248063,-1.3248068,-1.1147833,-0.22769223,-0.5740707,-1.3851086,-0.48086816,-2.5747683,-2.5005176,-2.5005178,-2.4625506,-2.427906,-2.4082727,-1.7754984,0.67333543,1.6069971,1.5821539,1.5821543,1.6074,1.6993109,1.6379732,1.0459028,-0.13468906,-1.4281262,-0.26720062,-0.26720122,-1.3515041,-0.24658409,-0.40658295,-0.24944608,-0.39358148,-0.33736622,-0.5137323,-0.5137324,-0.5154909,-0.5103272,-0.45865223,-0.09357679
Cc1cccnc1,-4.77,-4.7610993,-4.949077,-5.0239563,-5.0239563,-5.03024,-5.1871147,-5.047553,-4.233537,-2.6289139,-3.4353,-3.3944736,-3.3944793,-3.2784657,-3.5309212,-3.5100257,-3.0168395,-3.663992,-3.107243,-3.0396645,-3.0396645,-3.0576236,-3.0865626,-2.993188,-2.9888144,-5.2705917,-3.4428878,-2.6616626,-2.6616654,-2.8013566,-3.0415463,-4.5474434,-2.9972625,-4.7760696,-5.778702,-6.3372855,-6.337287,-6.0245924,-6.3709283,-5.9222226,-5.6763515,-3.7591584,-3.3039222,-3.3758626,-3.3758621,-3.327529,-3.4294055,-3.0421696,-3.83374,-5.703931,-2.9423034,-3.1507094,-3.1507092,-3.1580045,-3.191695,-3.1099505,-3.1615057,-3.9594402,-2.9379487,-2.6165714,-2.6165662,-3.0774102,-3.004263,-3.0196164,-2.8505409,-4.860041,-4.699183,-4.8420386,-4.8420386,-4.6843324,-4.7583876,-4.6930966,-4.6180816
CCCCC/C=C/C=O,-3.43,-1.7501554,-2.992425,-2.559188,-2.5591881,-2.6450083,-2.824777,-2.9275398,-2.0970228,-2.0028567,-2.2224996,-2.2575376,-2.2575402,-2.162693,-2.797688,-2.5758777,-2.898894,-2.9216301,-2.454092,-2.176019,-2.176019,-2.0195873,-2.3219156,-2.3656392,-3.3540254,-4.2543125,-3.2513824,-1.923631,-1.9236358,-1.7773999,-2.6460497,-3.7288709,-1.7695956,-3.1503024,-2.5175288,-2.9894657,-2.9894667,-1.6975436,-2.1018689,-1.7317508,-1.4989556,-3.071572,-4.9342575,-3.811675,-3.8116753,-4.097112,-3.2396777,-4.42341,-2.6482196,-3.2917137,-2.5985813,-2.8351264,-2.8351262,-2.9209027,-3.017745,-2.979965,-2.2096505,-1.9230804,-3.7292295,-2.7914977,-2.791495,-3.676011,-2.9513712,-2.684216,-3.4299686,-3.5849297,-3.3498323,-3.47356,-3.4735603,-3.366149,-3.3541982,-3.2684584,-3.288089
CN(C)C(=O)c1ccc(cc1)OC,-11.01,-4.4789743,-3.6907613,-4.4944835,-4.494483,-4.679963,-3.9705162,-4.8373375,-4.4284167,-7.558535,-7.0125804,-6.1221986,-6.1222034,-5.9470463,-6.124839,-6.4704814,-5.5776963,-10.431978,-7.3634834,-7.1348557,-7.134855,-7.196064,-7.4236145,-7.28636,-11.441343,-10.319316,-7.6590424,-6.8880215,-6.888021,-7.3572226,-7.5279245,-9.002898,-8.373481,-9.260477,-4.95211,-6.307704,-6.307705,-6.113306,-5.722536,-6.499347,-6.943279,-6.4805884,-5.083731,-4.642834,-4.6428347,-4.902359,-4.0530877,-4.9303255,-3.8241842,-8.370946,-5.5982804,-5.650464,-5.6504645,-5.696404,-5.9719796,-5.6915,-4.3512487,-9.037424,-6.470294,-6.9835677,-6.983564,-7.623637,-7.0254517,-7.4051876,-6.9551725,-11.080442,-6.701826,-6.8307433,-6.830743,-6.754536,-6.138694,-6.7877464,-5.293081
CN(C)C=O,-7.81,-3.6137786,-3.9767103,-4.021096,-4.021096,-4.030528,-4.049092,-3.9690468,-3.484296,-4.19099,-4.5681214,-5.01011,-5.010113,-4.871772,-4.5090036,-5.083341,-3.1205127,-6.003599,-4.6489143,-4.368554,-4.3685546,-4.3128233,-4.615279,-4.163077,-4.8785615,-6.362306,-4.82462,-3.0055728,-3.005576,-3.207312,-4.4703856,-5.027628,-3.4462082,-8.399102,-2.4628787,-3.9322648,-3.9322667,-3.3841832,-3.2864645,-3.4079125,-3.734371,-3.2649288,-2.5762532,-2.369338,-2.3693383,-2.315033,-2.20079,-2.1604786,-1.660722,-8.577916,-5.6725335,-5.375476,-5.3754754,-5.435235,-5.710608,-5.401731,-6.1017404,-7.2971067,-3.6286612,-1.4645206,-1.4645152,-1.6420981,-0.6455375,-0.8857841,-1.188569,-4.521821,-2.8788927,-3.0613456,-3.0613456,-2.7458632,-3.0594027,-2.6326773,-2.8001332
COc1cccc(c1)N,-7.29,-5.777695,-5.5055885,-5.9842896,-5.9842896,-6.0134554,-5.85483,-6.061493,-5.3355484,-6.350867,-4.5309753,-5.6523604,-5.6523633,-5.53924,-5.812482,-5.726582,-5.828344,-7.327535,-7.6062436,-7.2504435,-7.2504435,-7.3736305,-7.6677914,-7.781582,-7.7352386,-7.4385996,-5.691916,-5.265626,-5.2656307,-5.849251,-5.7718534,-7.376601,-5.743764,-6.8705306,-5.5065923,-6.122799,-6.122798,-5.089456,-6.0237937,-5.4777346,-5.401659,-6.6181655,-3.7637424,-4.3156,-4.3156,-4.184476,-4.5426636,-3.767192,-5.357952,-8.356762,-5.3300247,-5.294427,-5.294427,-5.266515,-5.6752043,-5.297955,-4.994597,-6.4568725,-7.5019455,-7.449747,-7.449743,-8.03669,-7.708204,-7.561988,-6.5035334,-7.300042,-7.285128,-7.332687,-7.3326883,-7.294813,-7.2157555,-7.269873,-7.3618436
CCOP(=O)(OCC)O/C(=C/Cl)/c1ccc(cc1Cl)Cl,-7.07,-5.120124,-5.4983296,-5.8916793,-5.8916793,-5.9423265,-6.2794437,-5.9993434,-4.975602,-6.713263,-4.9975057,-5.453351,-5.453355,-5.1839848,-6.0560746,-5.049796,-4.0772796,-7.471788,-9.104903,-6.8587723,-6.8587713,-6.6525564,-6.254566,-8.500162,-0.99094725,-8.021078,-5.914162,-6.3318987,-6.3318996,-8.047169,-8.144447,-5.9315815,-6.4296713,-6.6544633,-6.1047854,-6.687859,-6.6878595,-6.081239,-5.509267,-6.1821737,-3.4367678,-7.601387,-5.3739057,-6.9470196,-6.94702,-6.708595,-7.4637012,-6.4595532,-5.416307,-6.276567,-5.6461554,-5.7397947,-5.7397933,-5.8930826,-6.3586717,-5.791063,-6.0231247,-7.3605256,-7.760474,-6.1518717,-6.15187,-6.7991433,-6.585621,-6.7215,-7.493903,-6.8227057,-5.9207416,-6.3995337,-6.3995314,-6.2260013,-5.566206,-5.7397323,-5.3129807
C[C@H]1CCCO1,-3.3,-2.2788615,-2.6131601,-2.6093569,-2.609357,-2.661268,-2.3489754,-2.552727,-2.3329852,-4.1597075,-1.1155893,-1.7647182,-1.76472,-1.6998665,-1.7244313,-1.8041986,-1.9518614,-3.4884152,-1.2629093,-1.3933442,-1.3933442,-1.4716264,-1.9552802,-1.7701339,-4.9133477,-3.6180406,-4.155649,-2.942773,-2.9427762,-3.0550468,-3.8486874,-4.8868146,-3.51257,-3.461308,-2.3696537,-2.9816623,-2.9816628,-3.0346115,-3.2081213,-2.9120467,-4.838668,-2.594069,-3.0239103,-3.02598,-3.02598,-2.9409263,-3.0204842,-2.8684344,-2.8740108,-3.4060485,-3.196646,-3.2908325,-3.290833,-3.2159476,-3.5361128,-3.1521401,-2.2153294,-3.1185863,-1.7657762,-2.3297343,-2.3297296,-3.457335,-2.918016,-2.9211993,-1.5094894,-3.457362,-3.671526,-3.6544344,-3.6544347,-3.3005548,-3.7203224,-3.639108,-2.8551018
Cc1cccc(c1O)C,-5.26,-5.086463,-5.628878,-5.1822653,-5.1822653,-5.2686214,-5.435551,-5.4819064,-4.1530232,-6.282809,-4.0317693,-4.908802,-4.9088054,-4.7968526,-4.9969263,-4.941652,-5.3765516,-6.0360823,-6.2288246,-5.9237747,-5.9237757,-5.92459,-6.2972345,-5.9060974,-7.8051047,-5.2303057,-4.195932,-3.6630847,-3.6630864,-3.8091702,-3.592201,-5.7527027,-4.1218643,-6.031013,-4.03377,-4.640401,-4.6404023,-3.616205,-4.612383,-4.1983047,-3.4154277,-4.9136677,-3.5457764,-3.861907,-3.8619072,-3.7313495,-3.9773157,-3.3290174,-4.0274634,-5.944579,-4.5151052,-4.43975,-4.4397507,-4.389999,-4.8529277,-4.3810925,-3.736812,-4.959677,-4.617987,-4.3798165,-4.3798137,-4.8251595,-4.7536497,-4.6529922,-5.375227,-5.3652987,-6.2163596,-5.966047,-5.966046,-5.6375284,-6.060899,-5.582544,-5.2460594
C(C(Cl)(Cl)Cl)Cl,-1.43,-2.277351,-1.7973893,-2.1361754,-2.1361752,-1.9121879,-1.2115812,-1.9991088,-2.1270208,-1.384952,-1.0388432,-1.4287839,-1.4287877,-1.3842633,-0.3179205,-1.5115962,-1.7033067,-1.3939673,-0.5825688,-0.6863058,-0.6863058,-0.76356936,-0.4603476,-0.84965634,-1.0366411,-1.7941364,-1.0787724,-0.2100096,-0.21000943,-0.5166889,-0.62551683,-1.9986675,-0.34657246,-1.7254145,-0.8193429,-1.4680271,-1.4680285,-0.97806966,-0.9309788,-1.5703441,-0.8068599,-1.6421547,-2.5965075,-2.5094862,-2.509486,-2.4506712,-2.4198925,-2.3824997,-1.8697484,-1.1619637,-0.5365901,-0.52795297,-0.5279527,-0.4713083,-0.4342449,-0.46269777,-1.3375775,-1.5993662,-0.89525354,-1.0569034,-1.0569026,-1.5879856,-0.925255,-1.2799686,-1.1364226,-0.02930348,0.24425378,0.05577971,0.055779535,0.059417102,0.100336775,0.12091681,1.1055908
Cc1ccc(c(c1)C)C,-0.86,-5.0750914,-4.955274,-5.563527,-5.5635276,-5.61398,-5.319587,-5.5434923,-4.9617424,-1.4216651,-1.5213276,-2.6595836,-2.659586,-2.50363,-2.9629192,-2.7513678,-4.1640496,-1.6628101,-1.9358746,-1.6874628,-1.6874632,-1.6271954,-1.9753965,-1.8582076,-2.5830572,-2.3227794,-2.6080532,-2.1910539,-2.1910577,-2.2352371,-2.5625625,-3.936885,-2.2445896,-4.096242,-6.0896125,-6.7076855,-6.707686,-6.4641213,-6.6089263,-6.4218483,-5.0470233,-3.3586686,-3.9210267,-3.9953125,-3.9953125,-4.032534,-4.0257487,-3.6751635,-4.313966,-0.63647777,0.14717843,0.44051257,0.44051233,0.26554927,0.07930897,0.38418004,-0.14423274,-0.88450545,-2.8913949,-2.4488606,-2.4488583,-3.3048773,-2.728891,-2.7470021,-1.3125415,-0.93954897,-0.94468844,-0.87505955,-0.8750599,-0.9419183,-0.9162781,-0.9023759,-0.80918825
CBr,-0.82,-1.7614863,-0.24819861,-2.3091912,-2.309191,-2.3926127,-0.7347061,-2.3410392,-1.3948686,-1.7724613,-0.20583811,-0.5047205,-0.5047219,-0.4778296,-0.29040033,-0.46544278,-0.80029327,-0.8780627,-1.1054018,-1.2370344,-1.2370344,-1.2087073,-1.1398998,-1.1138283,-1.0857652,-1.0327597,-0.46731055,0.27306932,0.27306464,-0.10372032,-0.3854902,-1.4741275,-0.3410693,-1.0776492,-0.91949433,-0.6443983,-0.6443961,-0.111493506,-0.05096125,-0.3338549,0.2104945,-0.61353576,-2.1078792,-1.5822642,-1.5822643,-1.6082692,-1.6768011,-1.5845376,-0.72772044,-0.98943776,0.5399422,-0.05886251,-0.058862865,-0.06359812,0.3890954,-0.2086883,0.5321472,-0.5822849,-0.42649013,-0.17077918,-0.17077865,-0.27828872,0.02672431,-0.053619508,-0.5432934,-0.32183224,-0.6147407,-0.8684814,-0.86848134,-0.67217517,-1.0461076,-0.7245409,-0.6690332
Cc1cccc(c1N)C,-5.21,-5.1356416,-5.664277,-5.2247515,-5.224752,-5.3080416,-5.4771166,-5.522701,-4.187465,-4.042485,-2.5946052,-3.5461297,-3.5461338,-3.4293516,-3.639917,-3.562287,-3.9616768,-5.172147,-5.400903,-5.0947924,-5.0947924,-5.050626,-5.3054533,-4.992572,-6.0323696,-4.568003,-4.0798945,-3.5136046,-3.513607,-3.7502878,-3.8610964,-5.4265485,-3.5097861,-4.4555826,-2.1756017,-2.390036,-2.3900354,-2.542093,-2.4399614,-3.3315635,-2.864522,-4.811357,-3.5158305,-3.8636394,-3.863639,-3.726543,-3.9752274,-3.2994614,-3.9028013,-4.699591,-4.062421,-4.0839615,-4.0839615,-4.115426,-4.3317723,-4.096776,-4.1105285,-4.2268925,-3.0763395,-3.314519,-3.314516,-3.7030687,-3.8872402,-3.7286751,-3.599084,-5.289954,-5.1520557,-5.2329392,-5.2329392,-5.156384,-5.154032,-5.233827,-5.2983727
C1[C@H]([C@@H]2[C@H]([C@H]1Cl)[C@]3(C(=C([C@@]2(C3(Cl)Cl)Cl)Cl)Cl)Cl)Cl,-3.44,-3.4637063,-4.342153,-4.831247,-4.8312464,-4.9043636,-5.206165,-5.375165,-3.5630474,-2.5188339,-2.1797087,-3.1109793,-3.110981,-2.9809744,-3.8380148,-3.1810758,-1.260765,-3.56245,-3.7972436,-4.101384,-4.101383,-4.005234,-4.199404,-3.8513172,-4.052248,-3.863666,-1.0189892,-2.40765,-2.4076524,-2.772704,-2.315912,-3.4219337,-2.2551818,-4.1873817,-2.407622,-3.7760928,-3.7760937,-3.7310834,-3.1756716,-4.1230254,-3.3679924,-6.0945907,-3.8309903,-4.1169276,-4.116928,-4.0193787,-4.2658,-3.9835536,-4.497412,-3.4801192,-4.3233366,-4.630204,-4.630204,-4.682829,-4.080928,-4.559093,-3.4755168,-3.6145344,-3.3832653,-3.2555835,-3.255579,-4.3414507,-3.810465,-3.5918636,-3.725225,-3.5692863,-3.3316364,-3.602009,-3.6020083,-3.574758,-3.449336,-3.479397,-3.3564079
C[C@@H](C(F)(F)F)O,-4.16,-3.042731,-2.606186,-2.8287268,-2.8287268,-2.7294505,-2.2137153,-2.7263126,-2.8837137,-3.8166451,-6.6559935,-9.698067,-9.698069,-9.659893,-8.089951,-9.815662,-7.978366,-4.1722407,-5.0472193,-5.0337105,-5.033711,-5.137826,-5.412099,-5.405997,-7.9867325,-3.9216373,-3.5478117,-3.1035583,-3.103561,-3.3185947,-3.8939517,-5.1454563,-2.190396,-5.6969748,-2.8731637,-2.9354496,-2.9354496,-2.8610308,-2.5330248,-2.6329744,-5.1514497,-3.551056,-2.6360877,-2.4184544,-2.4184542,-2.3624897,-2.3159993,-2.2529497,-2.0057592,-4.2081995,-6.4515743,-5.1386986,-5.1386995,-5.2040615,-6.3255906,-5.322685,-4.5542393,-3.6743824,-6.3182826,-8.64298,-8.642974,-9.762119,-7.172833,-9.0552225,-4.575461,-4.1614065,-4.4760957,-4.2800174,-4.2800174,-4.4146123,-4.3708267,-4.6192803,-4.9935637
c1ccc2c(c1)ccc3c2cccc3,-3.88,-7.1181664,-6.032599,-7.129255,-7.129255,-7.158911,-6.5752964,-7.2180057,-7.165375,-3.0102575,-4.5446362,-4.627679,-4.627684,-4.4656835,-4.660578,-4.7001414,-3.989992,-4.825162,-5.749179,-5.2078953,-5.2078958,-5.0234594,-5.0355167,-5.021437,-4.7410603,-4.3364344,-4.087791,-3.8669834,-3.8669846,-4.3988113,-3.3404117,-5.533928,-5.033186,-4.070138,-3.5542278,-3.8831253,-3.8831246,-3.0882819,-3.7220626,-4.312707,-4.7645917,-2.5785973,-4.3659954,-4.832407,-4.8324075,-4.78516,-5.135278,-4.231359,-4.6988854,-3.5543098,-1.1854701,-1.1130549,-1.1130552,-1.462469,-1.3368611,-1.395154,-1.0362228,-3.003076,-5.315556,-3.3562222,-3.3562202,-3.8099568,-3.381737,-3.5026865,-3.3693714,-3.9426656,-3.8690836,-3.9597259,-3.9597259,-3.8453119,-3.8429782,-3.8057158,-4.076032
C(CBr)Br,-2.33,-1.1256404,-1.4944705,-1.0788877,-1.0788877,-1.2554158,-1.0016367,-1.9091334,-0.86641365,-1.6246141,-2.718473,-3.2081666,-3.2081695,-3.1558118,-2.3924873,-3.2840922,-1.890172,-2.0814726,-0.9818756,-1.321232,-1.321232,-1.402756,-1.3500545,-1.6004933,-1.4297646,-3.2389407,-0.98632103,-0.27921727,-0.27922148,-0.73821235,-1.0416825,-2.2063847,-1.0096507,-1.637014,-0.941158,-1.6456877,-1.6456859,-0.90126497,-0.91365635,-1.2921078,-1.6502211,-2.2598624,-2.7766588,-2.7126946,-2.7126946,-2.659614,-2.8640933,-2.8131113,-3.051747,-1.4555138,0.17860463,0.3428379,0.34283763,0.32588744,0.4867592,0.30492654,0.011448108,-2.0753152,-4.4494796,-2.0265079,-2.0265064,-2.439378,-2.2501955,-2.1433477,-2.1153336,-2.159195,0.2722975,-1.2876614,-1.2876616,-0.86025095,-1.2879972,0.073665395,1.4421855
CCCC[N@](CC)c1c(cc(cc1[N+](=O)[O-])C(F)(F)F)[N+](=O)[O-],-3.51,-5.5718093,-4.431731,-5.857004,-5.8570037,-6.032859,-5.7500477,-6.303909,-5.71564,-3.6443295,-5.759649,-4.2597404,-4.2597437,-4.102091,-4.597377,-4.11479,-3.2843447,-3.7650108,-5.6127253,-5.777852,-5.777852,-5.1669073,-5.345812,-4.9834228,-3.299094,-3.4836133,-3.1230612,-2.9497466,-2.9497466,-2.651893,-2.6954618,-4.2333145,-2.360535,-3.9949524,-6.5899796,-6.6284943,-6.6284933,-6.357739,-6.036651,-6.579196,-4.1555386,-3.4769044,-5.141557,-4.915938,-4.9159374,-4.877381,-4.5356226,-5.4426413,-1.7485824,-5.0591254,-5.6524763,-5.794052,-5.794052,-5.669071,-6.0309772,-5.6446195,-6.78806,-3.5801835,-4.728257,-3.6066875,-3.6066856,-4.068388,-3.4539583,-4.206103,-3.8623135,-3.4598784,-3.405239,-3.5852134,-3.5852141,-3.4906602,-3.337898,-3.4726365,-3.503064
CF,-0.22,-1.8153883,-0.11151411,-2.4295568,-2.429557,-2.46646,-0.6482005,-2.31469,-2.1584992,-0.2689576,-1.9729694,-1.5478672,-1.5478686,-1.5310581,-1.5063102,-1.732122,-1.08123,0.22087249,-1.6393806,-1.4853987,-1.4853989,-1.4596976,-1.1338081,-1.4888161,-0.35856655,-0.54158324,-0.19842894,0.25918186,0.2591795,0.09761532,-0.017704519,-1.6383408,-0.54816127,0.027454693,-1.8259825,-2.4307814,-2.4307814,-2.093489,-1.888341,-2.6855848,-1.8398886,0.91686565,-1.7217925,-0.8231482,-0.82314825,-0.84013265,-0.849194,-0.83270824,-1.9904289,-2.0281656,-3.7072673,-3.4546015,-3.4546013,-3.4438632,-3.816823,-3.4221473,-1.8827546,-0.053287376,0.32671764,0.027919455,0.027920227,-0.048523076,0.18418086,0.04078817,0.2512919,-0.32183224,-0.6147407,-0.8684814,-0.86848134,-0.67217517,-1.0461076,-0.7245409,-0.6690332
CCCCBr,-0.4,-1.1118205,-1.6900251,-1.0664396,-1.0664396,-1.1511248,-1.1088518,-1.3458338,-0.9356361,-0.92554873,-1.5693395,-1.6815037,-1.6815068,-1.603101,-1.9130772,-1.6775883,-2.2085714,-0.37146395,-1.0590771,-1.0743924,-1.0743924,-0.9579864,-1.1705173,-0.8852571,-0.6809859,-1.2690803,0.3480826,0.6576686,0.6576652,0.31772864,0.07400152,-1.1095853,-0.124458574,-0.750666,-1.1884793,-0.6222296,-0.62222964,-0.018673338,-1.6650192,-0.23347093,0.20465304,-3.1603756,-3.3528972,-3.127511,-3.1275113,-3.128686,-3.4458103,-3.178641,-3.8248494,-0.54998994,0.94799805,0.93778205,0.937782,1.0218617,1.0433298,0.87897485,0.46857214,-0.6363055,-0.989971,-0.50034326,-0.50033873,-1.5723495,-0.50499344,-0.8326332,-0.73792446,-0.27313796,0.162254,-0.47956866,-0.47956878,-0.8461937,-0.6517316,-0.55475426,1.0992997
C=CC=C,0.56,-4.061785,-3.9329364,-4.165857,-4.165857,-4.2586203,-4.5547886,-4.4743705,-4.181655,-1.6877638,-2.3795757,-2.4468536,-2.446858,-2.3803418,-2.3329062,-2.4939032,-2.6665678,0.6446889,-5.888474,-5.2909613,-5.2909617,-5.3583574,-5.5492673,-5.372752,-1.9873825,0.07871517,-2.8002405,-2.2409554,-2.2409587,-0.8252364,-2.1290379,-5.154929,-2.1662338,0.8963292,-0.85783625,-1.0082014,-1.0082008,0.09893633,-0.11510181,0.51132214,-0.015191053,-1.653578,-3.165935,-2.9652095,-2.9652095,-2.932535,-3.0378222,-2.753854,-3.0844703,-0.09888544,-0.91340965,-0.0120796,-0.012079602,-0.0120142745,-0.54597783,0.10296926,-0.15550596,0.2498966,-3.0505736,-0.4290156,-0.42901272,-1.0936332,-0.49945858,-0.6076596,-1.6031911,0.4654394,0.22999835,0.63087344,0.63087326,0.41385233,0.6046486,0.101649955,0.7389851
Cc1cc(cc(c1)C)C,-0.9,-4.9209266,-5.6681848,-5.0263996,-5.0264,-5.1890793,-5.28685,-5.472677,-4.015235,-1.2493023,-1.9978304,-2.1056678,-2.1056736,-1.964854,-2.8816166,-2.073129,-2.4243057,-1.1528304,-1.2439114,-0.5919181,-0.5919179,-0.5272609,-0.9744837,-0.768184,-2.6100147,-0.64610815,-1.3415115,-0.82459545,-0.8245991,-0.6983642,-0.7423239,-2.0635233,-1.0598799,-2.5387583,-8.149914,-7.8544245,-7.854426,-7.7015333,-8.48169,-7.5869966,-6.65464,-2.2260902,-3.8580437,-4.7449303,-4.7449307,-4.6474576,-4.962762,-4.18543,-7.05542,-0.99373513,-0.026914146,0.45834222,0.458342,0.34195954,0.014142306,0.43688872,-0.20293425,-1.764259,-4.718985,-3.853036,-3.8530343,-4.3859835,-3.9526794,-4.2614393,-2.642561,-1.055823,-1.1284463,-0.9942474,-0.9942473,-1.1481091,-1.1039269,-1.3800339,-0.7361315
CC(=O)c1ccccc1,-4.58,-5.538233,-5.130052,-5.8488507,-5.8488507,-5.8924255,-5.6339273,-5.906921,-5.5602136,-4.9057016,-4.804914,-5.37307,-5.3730726,-5.259143,-5.546983,-5.4703193,-6.4121985,-4.869369,-2.7617702,-2.4116335,-2.411634,-2.431187,-2.7488327,-2.5064209,-4.607532,-3.8066444,-3.769207,-3.159649,-3.1596527,-3.091212,-3.1940734,-5.305006,-3.2517498,-6.745762,-5.498325,-6.1361294,-6.1361303,-5.131514,-5.787371,-5.04446,-5.6121798,-4.7616205,-3.6792283,-3.813111,-3.813111,-3.718693,-3.9884698,-3.304409,-3.7221498,-5.417155,-3.7896311,-3.8739486,-3.8739486,-3.9514492,-3.9930453,-3.9227057,-4.4684834,-5.537223,-7.1778297,-6.25316,-6.253158,-6.979995,-6.2703257,-6.328048,-4.8500624,-4.628157,-4.5359144,-4.522217,-4.5222173,-4.531954,-4.485112,-4.5319514,-4.638842
c1ccc(cc1)C(F)(F)F,-0.25,-5.855724,-4.7489047,-5.654376,-5.654376,-5.6092563,-5.244911,-5.579929,-4.926134,-1.422415,-7.5777907,-8.95062,-8.950624,-8.8580265,-8.740986,-9.050768,-7.738155,-1.2159154,-4.6142263,-4.1852083,-4.1852083,-4.2131996,-4.3431673,-4.223973,-3.3059504,-0.2673865,0.19612832,0.22507519,0.22507283,0.14673795,0.5759765,-1.3345233,0.5696742,-0.6482812,-2.2992249,-2.3998525,-2.399853,-1.5135465,-1.7876588,-2.124716,-0.3474318,-5.674363,-3.378241,-3.4565687,-3.4565685,-3.3687377,-3.5394292,-3.0803175,-3.4996622,0.20517597,1.1636946,0.3135431,0.31354287,0.36165786,0.6956566,0.40310428,0.20199926,-0.57683885,-2.3814957,-0.50556266,-0.505557,-1.329357,-0.56460965,-0.6573822,-1.8574901,-0.6418437,-0.50907683,-0.65476435,-0.6547645,-0.45695782,-0.6076568,-0.49118719,-0.76252365
CCCCCCC=C,1.92,-1.5812441,-2.7961855,-2.3399134,-2.3399134,-2.2201152,-2.6578386,-2.627483,-1.9848144,2.0609007,-0.96735066,-0.26816824,-0.26817182,-0.16245285,-0.46880895,-0.5551541,-1.2057264,0.8442113,-1.292183,-0.7857504,-0.7857505,-0.6306944,-0.89557636,-0.943312,-0.030678337,0.77893364,0.25212777,1.0248679,1.0248628,1.9841683,0.9474129,-0.5633538,0.07268064,-1.6556107,-2.3829656,-2.6085434,-2.6085439,-1.1884723,-2.0651643,-1.8265465,-1.3999463,-3.6132603,-4.6123743,-4.0163655,-4.016366,-4.225861,-3.5558066,-4.22327,-3.1637383,0.90064895,0.17642081,0.8277303,0.8277302,1.1369374,0.7205107,1.000783,0.16042528,1.8971422,-1.3415776,-0.08560355,-0.0855997,-1.247555,-0.015158562,-0.027695898,-0.023624906,1.9328095,2.027134,2.3323696,2.3323693,2.0015664,1.9088789,2.2895901,1.5507665
C(I)I,-2.49,-1.4866133,-1.6637195,-1.3573339,-1.3573338,-1.5327436,-1.2788429,-2.106636,-1.2082003,-2.7304845,-2.4119198,-2.3824983,-2.382501,-2.307331,-2.5435941,-2.397955,-2.0234935,-2.4680743,-3.2542217,-2.884184,-2.884184,-2.84417,-2.8676648,-2.5441542,-2.7223985,-2.79208,-2.7100544,-1.1698481,-1.1698512,-1.4932706,-2.3059103,-3.3833835,-2.0010912,-2.6386523,-1.4608558,-2.5738986,-2.5738997,-2.4858534,-2.4161098,-2.300597,-1.9287168,-2.3845382,-2.5012045,-2.37222,-2.3722198,-2.3759766,-2.392581,-2.2767158,-1.080973,-1.4295225,0.43968588,0.44214284,0.4421429,0.41517717,0.54294354,0.28217414,0.623425,-2.2610633,-3.4268079,-2.4389029,-2.438902,-2.8428931,-2.3431213,-2.4208364,-2.4542737,-0.47131294,-0.44280842,-0.3466243,-0.3466243,-0.48809996,-0.37760323,-0.5463249,-1.4061204
c1c(c(=O)[nH]c(=O)[nH]1)Br,-18.17,-6.447089,-5.2763853,-6.3968673,-6.3968673,-6.486062,-5.938971,-6.5775237,-6.8661346,-18.31862,-10.491662,-12.315083,-12.315085,-12.24171,-12.680473,-12.357908,-16.95886,-18.557043,-12.162413,-10.844049,-10.844049,-11.224499,-13.768293,-11.463381,-18.610697,-18.597494,-15.691987,-14.121973,-14.121976,-16.069311,-16.279198,-15.667269,-16.495466,-20.976812,-10.125884,-11.950057,-11.950059,-11.046087,-13.390081,-11.785586,-15.760835,-10.020891,-3.5353994,-3.582775,-3.582775,-3.5281487,-3.9800286,-4.3151994,-8.903098,-18.13405,-16.137815,-17.81696,-17.81696,-17.713827,-18.548515,-17.880726,-17.782515,-18.25364,-9.944794,-17.382545,-17.38254,-17.94878,-18.18446,-18.195133,-18.146446,-17.047445,-16.66586,-16.501766,-16.501766,-16.777641,-16.97325,-16.652739,-16.896254
C(Cl)Cl,-1.31,-1.3478237,-1.319242,-1.3360333,-1.3360332,-1.4196728,-0.9171029,-1.6782157,-1.3122317,-1.2798252,0.3162015,-0.15636316,-0.15636529,-0.11540113,0.11287673,-0.07475208,-0.004406054,-0.3061017,-0.54533005,-0.53828555,-0.53828555,-0.55224276,-0.44942757,-0.5413122,-1.0707306,-1.938359,-2.0214567,-0.57166594,-0.5716689,-0.702598,-1.2030661,-2.6012924,-0.89319986,-0.3608402,-1.7278544,-1.9467882,-1.9467884,-1.9880277,-2.2404113,-2.3806686,-0.6862621,-0.9939802,-2.1621037,-1.6712625,-1.6712624,-1.6832952,-1.6596602,-1.634262,-0.78447336,-1.1730511,-1.4804108,-0.9107499,-0.91075003,-0.8688762,-1.1644839,-0.90680104,-0.09684013,-0.8649219,-0.008428575,-0.5182551,-0.51825464,-0.6040821,-0.48221326,-0.6965255,-0.5795441,-0.47131294,-0.44280842,-0.3466243,-0.3466243,-0.48809996,-0.37760323,-0.5463249,-1.4061204
CCCCC(=O)OC,-2.56,-2.626313,-3.1840124,-3.0816627,-3.0816624,-2.9763947,-3.2499459,-3.3142982,-2.7199373,-3.4978843,-3.1504261,-3.51132,-3.5113244,-3.341825,-3.4712813,-3.480863,-3.3726146,-3.3145263,-2.4911017,-2.1851883,-2.1851878,-2.3811219,-2.756027,-3.1353347,-4.3054323,-3.1620822,-2.5857098,-1.8973237,-1.8973281,-1.6462007,-2.443522,-3.5986252,-2.0448108,-3.3284829,-3.4831932,-4.0451,-4.0450997,-3.6018803,-3.7963152,-3.850242,-3.5367336,-3.2613041,-4.4415526,-3.5655622,-3.5655618,-3.3286247,-3.402408,-4.204922,-2.113191,-4.215376,-5.2042923,-5.0504932,-5.050493,-5.0147166,-5.3929496,-5.004026,-4.5365596,-3.41479,-5.4459662,-5.0553136,-5.0553102,-3.6487517,-2.780338,-2.849128,-4.3438725,-2.6456432,-2.5552814,-2.6253307,-2.6253307,-2.595819,-2.5302877,-2.695125,-2.4667618
c1ccc2cc(ccc2c1)O,-8.11,-6.438099,-5.5653105,-6.5314074,-6.5314064,-6.576684,-6.153781,-6.6394563,-6.527556,-6.182637,-5.589268,-5.9070463,-5.9070506,-5.7743764,-6.226694,-5.9856606,-6.692233,-7.9008574,-7.2460084,-7.0822725,-7.082273,-7.0426993,-7.4229593,-6.868165,-8.100481,-7.953424,-4.619194,-4.65856,-4.6585603,-5.4723334,-4.47715,-6.394417,-5.1652613,-7.996759,-6.094169,-6.99578,-6.9957824,-5.6440597,-6.202592,-5.858653,-7.0513196,-6.1353974,-3.9277596,-4.2227564,-4.2227564,-4.140531,-4.425705,-3.7898808,-4.544802,-7.3940935,-4.5817237,-4.6154675,-4.6154675,-4.645705,-4.943208,-4.635707,-4.7151337,-8.022124,-7.887,-7.516904,-7.516899,-7.9851937,-7.8324614,-7.7526298,-7.718478,-8.178596,-8.105449,-8.297673,-8.297674,-8.111975,-7.9503226,-7.9974523,-8.1552725
CCCCO,-4.72,-1.2708318,-1.8263036,-1.2824111,-1.2824111,-1.3513465,-1.2691209,-1.4792567,-1.10674,-3.251165,-2.054619,-2.864286,-2.8642888,-2.7865949,-2.6781385,-2.97647,-2.9534059,-4.365721,-4.518545,-4.238029,-4.2380295,-4.336337,-4.450677,-4.632306,-5.093762,-5.193829,-3.1567445,-1.9381809,-1.938185,-2.510647,-3.1025736,-3.7374136,-2.1475902,-3.5739357,-1.4996117,-1.6534734,-1.6534739,-1.4089631,-1.90643,-1.8079393,-1.3320615,-2.0063386,-3.1878655,-3.0489454,-3.0489452,-2.968577,-3.253242,-2.9160469,-2.9022503,-5.3288016,-3.9673254,-3.934754,-3.934754,-3.9124947,-4.157705,-3.8907797,-4.343417,-3.9637742,-4.986817,-4.702364,-4.7023597,-4.995828,-4.1436577,-4.373662,-5.014383,-4.750669,-4.8350058,-4.2425723,-4.242572,-4.2677536,-4.4556165,-4.4806786,-3.286623
CCCOC(=O)C,-2.79,-2.2977588,-3.1424007,-2.9255562,-2.9255562,-2.9897387,-3.1502829,-3.0552666,-2.7224014,-3.6058545,-3.1018667,-4.0640807,-4.064084,-3.9559937,-3.9252005,-4.0741267,-2.7331576,-3.4102893,-2.6809232,-2.3469195,-2.3469193,-2.4224215,-2.6766586,-2.7247894,-4.4736195,-3.4007156,-3.4469776,-2.8000252,-2.8000293,-3.0303319,-3.3335245,-5.1367836,-3.2142315,-3.3138237,-2.847486,-3.6964333,-3.696434,-3.259959,-3.3196058,-3.4897888,-2.945793,-3.4130092,-3.9172559,-3.8550262,-3.8550262,-3.7508454,-3.9556897,-3.4178622,-4.129756,-3.1748319,-5.5448904,-5.1666684,-5.1666684,-5.140126,-5.6228776,-5.1239896,-4.653317,-2.5728245,-4.6537323,-4.234335,-4.2343316,-5.31959,-4.3702044,-4.0852995,-2.913662,-2.5786233,-2.5623622,-2.7618718,-2.761872,-2.6240094,-2.7405431,-2.4913137,-2.7679596
CC(=C)C(=C)C,0.4,-3.431612,-4.0262704,-4.079943,-4.079943,-4.112468,-4.0274477,-3.9796066,-3.2759194,0.45955285,-0.29697767,-0.5797423,-0.5797456,-0.47782344,-0.60495776,-0.57002544,-0.9950871,-0.39896476,-4.15267,-3.9420261,-3.9420257,-4.09816,-4.3854113,-4.500844,-1.0916352,-0.3039008,-1.842916,-1.3284695,-1.328475,0.07000126,-1.3571022,-3.5724864,-1.2447523,-0.06982913,-1.1002072,-2.4616334,-2.461634,-2.2178984,-2.4955974,-1.493051,-1.3623095,-2.677592,-3.114579,-3.2980132,-3.298013,-3.2051644,-3.2788227,-2.8804088,-3.4596312,1.1597857,0.30402666,0.6054659,0.6054658,0.6008063,0.4859825,0.7154821,0.043706033,0.94084185,-1.5520716,-0.46621183,-0.46620688,-1.1031449,-0.25821427,-0.28351226,-0.5188327,1.3045206,1.515306,1.2458334,1.2458334,1.3294703,1.287177,1.4460119,1.276699
c1c2c(cc(c1Cl)Cl)Oc3cc(c(cc3O2)Cl)Cl,-3.37,-4.6482215,-6.711984,-5.335445,-5.3354445,-5.2947545,-6.3341618,-5.0988026,-3.1383653,-3.409243,-3.5580022,-2.8589559,-2.8589604,-2.7786083,-2.9847252,-2.9635184,-3.1069996,-3.5481849,-5.0720844,-4.1702833,-4.1702843,-4.072053,-4.431017,-3.9552805,-3.3667233,-4.08137,-4.1410766,-3.7197523,-3.7197526,-3.405297,-3.148758,-5.100255,-3.3428392,-4.377574,-3.1933782,-3.6926203,-3.6926224,-2.4638422,-3.6141186,-2.4102204,-3.869838,-2.2231395,-5.1716623,-4.385533,-4.3855333,-4.5465016,-4.248795,-5.0734763,-1.579801,-3.9390292,-5.810906,-5.535474,-5.535474,-5.584436,-6.0550704,-5.5820785,-4.404407,-3.303027,-5.6800237,-3.7740345,-3.774034,-3.9343386,-3.4063044,-3.7819302,-3.698213,-3.4362042,-3.297933,-3.4772112,-3.4772117,-3.3538277,-3.3239381,-3.3584917,-3.34184
COc1ccccc1OC,-5.33,-5.500989,-5.93938,-5.54949,-5.5494895,-5.649356,-5.744936,-5.8964467,-4.5185127,-4.48498,-4.564718,-5.5199046,-5.519909,-5.422844,-5.5407357,-5.5953994,-4.403796,-4.7288084,-3.9613228,-3.4524674,-3.4524665,-3.515185,-3.8929713,-4.0657763,-5.103378,-5.3360205,-3.748913,-3.1182857,-3.118287,-3.5379887,-3.1515114,-5.1788073,-3.5913324,-5.332271,-2.0877304,-2.8249803,-2.8249793,-2.7856705,-2.7591653,-3.4904535,-4.118013,-5.6052527,-3.8663847,-4.8342457,-4.8342457,-4.711802,-5.1081624,-4.206774,-7.366379,-5.266003,-5.04951,-4.8909225,-4.890923,-4.7868304,-5.4638033,-4.828816,-3.4215147,-4.8482323,-3.8726432,-4.4018307,-4.4018273,-4.9768643,-4.993977,-5.1455336,-3.8108783,-5.288293,-5.3103886,-5.370138,-5.3701377,-5.293232,-5.2707825,-5.249214,-5.1615467
Cn1cccc1,-2.89,-4.3597174,-4.5540233,-4.6114035,-4.6114035,-4.6042194,-4.832792,-4.592795,-3.9436185,-3.2801826,-2.289962,-2.4036138,-2.4036167,-2.3157697,-2.3843896,-2.4896119,-2.2260659,-3.9285095,-3.9631906,-3.7918,-3.7918003,-3.8393614,-4.1845665,-3.7580361,-2.9265268,-2.5606916,-1.2740731,0.53379154,0.533789,0.90973675,0.049911052,-1.3754158,-0.30654162,-3.8653076,-1.8873204,-3.086773,-3.0867736,-2.5943677,-2.6877189,-2.8674848,-3.4916737,-3.395556,-3.0876155,-3.0698142,-3.0698142,-3.0113049,-3.0973828,-2.779838,-3.1908257,-4.0936155,-3.5499034,-3.6208644,-3.6208644,-3.5845778,-3.8643534,-3.557351,-3.391094,-0.9933259,-2.7989967,-1.678394,-1.6783895,-2.3989305,-1.7128204,-2.0742671,-1.8557185,-1.4828011,-1.97989,-1.7467207,-1.7467209,-1.7441194,-1.7406716,-1.7930831,-1.8835968
CC[C@@H](C)c1cc(cc(c1O)[N+](=O)[O-])[N+](=O)[O-],-6.23,-5.678921,-4.9445324,-6.0086765,-6.008676,-6.2630444,-5.732646,-6.5960164,-6.079308,-7.0392737,-4.911317,-5.733251,-5.7332525,-5.6264343,-6.352914,-5.802742,-5.1463494,-5.7105675,-4.3719907,-4.057786,-4.057786,-4.165847,-4.6078157,-4.0645623,-2.8044372,-6.600151,-7.9007363,-8.5711975,-8.571199,-4.7131906,-5.41759,-7.6146336,-8.362603,-5.8997393,-8.896614,-7.776682,-7.7766814,-8.212782,-8.579912,-8.150234,-8.541971,-5.457709,-4.3097534,-4.7226515,-4.7226515,-4.7268558,-4.8454084,-4.446436,-5.885768,-8.784467,-6.9630833,-7.0599833,-7.0599837,-7.217265,-7.2424517,-7.13351,-6.9438624,-5.977268,-13.693459,-10.97817,-10.978168,-12.354302,-10.368001,-11.818562,-8.173146,-6.391609,-6.696156,-8.034622,-8.034623,-7.728166,-6.4950094,-6.5386224,-4.773647
CCCN,-4.39,-1.6296593,-1.9270184,-1.6741741,-1.674174,-1.6085625,-1.5817572,-1.7995135,-1.5089669,-3.6862645,-1.4670689,-2.3174374,-2.3174405,-2.2635064,-2.1082447,-2.3347414,-2.400673,-5.0796804,-5.312707,-5.093916,-5.0939164,-4.885062,-5.4163437,-4.6565647,-4.2138686,-5.5717955,-4.011844,-2.6534307,-2.653434,-2.9794567,-3.9120088,-4.637752,-2.7166712,-3.4050446,-1.6602165,-1.871533,-1.8715338,-1.6259329,-1.5300992,-2.13079,-2.5932298,-3.5684228,-2.9651957,-2.7966635,-2.7966633,-2.7391667,-2.832357,-2.6268363,-2.535449,-4.7753987,-3.614688,-3.6678586,-3.6678588,-3.6639097,-3.8208494,-3.6157055,-3.8375058,-3.4013393,-3.7814012,-3.3815122,-3.3815072,-4.715733,-3.9968326,-4.1150737,-3.3807545,-4.4401155,-4.403284,-4.5096145,-4.5096154,-4.401684,-4.36819,-4.3736815,-4.4113708
CCCCCC=C,1.66,-1.2816792,-2.4585218,-1.8035334,-1.8035333,-1.6737733,-2.1466434,-1.7773962,-1.4800608,1.1928978,-0.3481135,0.057681054,0.057677727,0.20177206,0.1191901,-0.1182525,-0.79485583,0.25558904,-1.6247729,-0.96123385,-0.9612336,-1.045402,-1.128107,-0.96694994,-0.51606613,0.54699606,0.71053666,1.3687656,1.3687619,1.9366546,1.0386366,-0.84706384,0.41402045,-1.522747,-1.8985083,-1.9603187,-1.9603192,-1.0133022,-1.8834294,-1.2236687,-0.9430964,-3.7166073,-4.1188765,-3.6566055,-3.6566052,-3.6716962,-3.5448709,-3.7362812,-2.3627734,0.4502903,0.1652343,0.70795596,0.70795596,0.8442095,0.46151182,0.7079404,-0.06473067,1.2201493,-1.5668796,0.1044883,0.1044922,-0.7829026,0.6780981,0.56422377,-0.278926,1.8917764,1.366471,1.8201581,1.8201586,1.8543012,1.7349458,1.5666226,1.7763835
c1ccc(cc1)C(=O)N,-11.0,-5.3859415,-5.0235877,-5.7555795,-5.7555785,-5.808202,-5.5495644,-5.7953916,-5.3107424,-6.556096,-6.2639074,-6.8118196,-6.811824,-6.708716,-6.9779315,-6.9180007,-8.1475,-10.020214,-7.8130684,-7.4169097,-7.4169097,-7.4344163,-8.218923,-7.2621145,-9.207722,-9.996867,-9.653723,-7.76894,-7.7689466,-8.758817,-8.8619175,-9.630071,-7.7764044,-7.0664115,-6.7104535,-7.322982,-7.322982,-6.9880757,-7.2222404,-7.0973263,-5.6742363,-4.414475,-3.6930034,-3.7686777,-3.7686775,-3.7021284,-3.9101706,-3.385876,-3.8705504,-9.812914,-5.8323584,-5.679386,-5.6793857,-5.828949,-5.9346414,-5.7782617,-7.1222754,-9.262144,-9.315298,-8.231596,-8.231592,-9.396048,-7.541939,-8.20853,-6.4112477,-11.068085,-8.279605,-8.21694,-8.21694,-8.289671,-8.917069,-8.094744,-9.907764
CCCCCCCC,2.88,-1.7630084,-2.9837356,-2.5770345,-2.577034,-2.60417,-2.8815825,-2.47683,-2.2274647,1.8162174,-1.0650762,-0.55178493,-0.55178857,-0.5623222,-0.8412931,-0.6422708,-1.384786,2.67677,-0.69366866,-0.57449734,-0.5744973,-0.2463594,-0.32127798,0.42352757,0.79834616,1.9352926,0.70620275,1.3919545,1.3919493,2.267814,1.0815016,0.59674567,0.11132533,-1.3903983,-2.0709245,-2.427981,-2.4279814,-0.0582053,0.44179326,1.541146,-1.6367438,-1.7496265,-4.7721124,-3.8255339,-3.8255336,-3.8029232,-3.3926592,-4.185854,-1.1378559,2.3786483,0.109733194,1.5837971,1.583797,1.5731213,0.4462207,1.2330319,0.45623115,2.0066848,-1.0138053,0.19037949,0.19038287,-0.76250094,1.0212111,1.1753649,0.06612113,2.735808,2.9185824,3.2278223,3.227822,3.025055,2.710859,2.9367626,1.3853427
CCCCCl,-0.16,-1.1080711,-1.7681488,-1.1442646,-1.1442647,-1.2141365,-1.1984059,-1.5075971,-1.0220902,-0.7079703,-2.0540779,-2.5279584,-2.527961,-2.448649,-2.601452,-2.548484,-2.7066712,-0.5904676,-0.76425576,-0.9256594,-0.9256595,-0.9487371,-0.674416,-0.92834216,-1.2439471,-1.5077811,-0.3474263,0.21113813,0.21113434,-0.09442036,-0.5847992,-1.589019,-0.41730237,-0.9998687,-1.9570965,-1.8040544,-1.8040546,-1.3599201,-2.3580444,-1.2370363,-0.89266455,-2.0830307,-3.3378592,-3.0731542,-3.073154,-3.0568755,-3.475872,-3.1769962,-4.3856206,-0.9455528,-0.15954313,-0.21302669,-0.21302691,-0.15492418,-0.1496228,-0.2184185,0.0619042,0.5352835,-0.87766546,0.4210844,0.42108974,-0.5110214,0.25618872,0.0024454556,-0.5479486,-0.10642511,0.22577022,-0.178601,-0.17860126,-0.27174062,-0.39861414,0.50405663,1.2432576
COC(=O)c1ccc(cc1)O,-9.51,-6.0695505,-4.981096,-6.2640047,-6.2640047,-6.458482,-5.6310325,-6.637696,-6.6896505,-8.864672,-8.010563,-9.316262,-9.316267,-9.196202,-9.626509,-9.188923,-10.300105,-9.295252,-9.642535,-9.318437,-9.318438,-9.328765,-10.028106,-9.48468,-8.925611,-9.35615,-8.21992,-7.4097314,-7.40973,-7.6049695,-7.689471,-9.778895,-8.165278,-6.4850283,-7.1482496,-7.6810203,-7.6810217,-7.12203,-7.0968647,-7.1557474,-7.2069435,-5.0178785,-4.4370413,-4.3428073,-4.342807,-4.3798766,-4.6345434,-3.9769702,-4.7959175,-10.469995,-7.1192617,-7.157729,-7.157729,-7.236658,-7.4955497,-7.201733,-7.488868,-9.21202,-9.551344,-9.743878,-9.743872,-10.350889,-10.120116,-9.731567,-8.158387,-9.5992565,-9.510971,-9.644859,-9.644857,-9.500108,-9.317538,-9.447407,-9.555439
COC(C(Cl)Cl)(F)F,-1.12,-3.622786,-3.1616962,-3.5975823,-3.5975823,-3.706246,-3.1847122,-3.505797,-3.7450032,-3.66871,-5.722555,-5.621692,-5.6216955,-5.648692,-5.6775527,-5.590016,-3.4215562,-1.0136275,-4.926607,-4.6204824,-4.620482,-4.0428143,-4.544752,-3.6676404,-1.0890343,-2.6821756,-3.574082,-2.2890594,-2.2890623,-2.0456135,-2.2926347,-3.8102143,-1.7385039,-2.0572925,-2.1241426,-2.5366378,-2.5366383,-1.1811796,-2.0558114,-1.2666664,-2.0206811,-2.862934,-3.1965437,-3.1415339,-3.1415336,-3.0452895,-3.413842,-2.9265206,-4.1671143,-2.9864357,-4.388588,-3.5516164,-3.5516171,-3.4297926,-4.3014035,-3.4920065,-4.295265,-1.4492748,-1.7238431,-1.7624975,-1.7624931,-2.508736,-1.4489213,-1.3391212,-1.5407637,-1.0484986,-1.1649108,-1.1760021,-1.176002,-1.3354971,-1.1331532,-1.2835048,-1.9282043
Cc1ccc(cc1)C(=O)N(C)C,-9.76,-3.7632473,-3.5057414,-4.01877,-4.01877,-4.1089077,-3.699206,-4.1403008,-3.8381484,-8.17026,-7.279939,-7.098055,-7.0980597,-7.0842266,-8.400845,-7.681285,-9.295101,-9.606301,-7.8914175,-7.566196,-7.566198,-7.8882704,-8.231666,-7.772051,-10.317995,-10.622022,-7.6673446,-5.896528,-5.896531,-6.794111,-6.85662,-7.5990014,-7.8674936,-7.4703074,-4.626077,-5.778133,-5.778133,-5.5008664,-5.4378386,-5.6895947,-5.864573,-6.8190002,-4.653039,-4.474751,-4.4747515,-4.598372,-4.611942,-4.2714725,-5.355685,-9.8067045,-5.1695714,-5.065585,-5.065585,-5.226447,-5.320892,-5.195186,-5.729676,-8.772136,-6.628788,-7.3109074,-7.3109026,-8.534748,-8.485822,-8.539111,-8.478397,-9.873157,-9.841672,-9.853018,-9.853018,-9.715855,-9.686574,-9.747431,-9.759432
C[C@@H](CO[N+](=O)[O-])O[N+](=O)[O-],-4.95,-4.513522,-3.7803211,-4.6133194,-4.61332,-4.485942,-4.555244,-4.345298,-4.665264,-4.0844946,-7.1916804,-7.5988593,-7.5988617,-7.493994,-7.572897,-7.56953,-8.3945055,-3.4401913,-4.6863823,-4.035574,-4.0355744,-3.2055578,-4.565769,-2.5012782,-2.7053723,-5.108407,-5.5605674,-4.5339556,-4.5339594,-4.188973,-4.888112,-6.5464554,-4.0101843,-5.3485727,-6.986095,-6.4907703,-6.49077,-5.5723886,-5.488033,-5.8860655,-4.7150807,-4.061677,-3.8518324,-3.8244915,-3.8244915,-3.826992,-4.192422,-4.172712,-5.0605974,-4.636468,-6.5254126,-5.0901365,-5.0901365,-5.1355147,-6.207743,-5.2824063,-5.0128894,-4.7069187,-7.410457,-4.1865096,-4.186506,-4.9363327,-4.181121,-4.0399637,-3.8185782,-4.8889637,-4.8475485,-4.6922917,-4.6922917,-4.439968,-4.006084,-3.5533898,-6.0740247
C,2.0,1.7143074,-0.013636213,0.72291774,0.72291785,0.8526574,1.2985626,0.98865044,1.4216362,0.3382972,-0.09808122,-0.2008664,-0.20086718,-0.1754836,-0.08516571,-0.2360809,-2.294523,0.92784226,-0.97015387,-0.92448795,-0.92448795,-0.9311731,-1.0521479,-0.8944654,-1.6328766,0.6929723,0.57153773,0.9883713,0.9883701,0.7829231,0.587591,-0.6824405,0.016248895,0.94680274,-0.50138915,0.6986521,0.69865197,1.7046281,0.9466982,1.1894418,1.1240488,1.1097375,-1.6111782,-0.62376124,-0.6237613,-0.6383279,-0.66196567,-0.63496566,-2.71834,2.245478,2.0286312,1.5436773,1.5436772,1.642601,1.8426672,1.4764,1.1385368,2.029026,0.11917685,0.8107342,0.8107349,0.66255546,1.4073602,0.9201746,0.32570055,-0.47131294,-0.44280842,-0.3466243,-0.3466243,-0.48809996,-0.37760323,-0.5463249,-1.4061204
C(C(Cl)(Cl)Cl)(Cl)Cl,-1.23,-2.1804185,-2.2593884,-2.7120237,-2.7120237,-2.5578997,-1.90621,-2.59132,-3.2455287,-1.3575066,-0.5872709,-0.85606396,-0.85606605,-0.81380814,0.00407286,-0.88480276,-0.6938865,-1.4522324,-0.68091047,-0.67603934,-0.67603934,-0.7798248,-0.45474845,-0.8862558,-0.6170325,-1.536917,-1.1871496,-0.3375848,-0.33758697,-0.59120584,-0.8931593,-2.1406248,-0.28463188,-1.3570167,-0.62901974,-1.1886605,-1.1886612,-0.7709737,-0.6357018,-0.6180961,-0.058580864,-0.037302583,-2.6727948,-2.7322245,-2.7322245,-2.6763377,-2.6437647,-2.553103,-1.7980905,-0.6775505,0.15409094,0.3138668,0.3138667,0.4705684,0.21027768,0.41182753,-0.68390954,-1.1737177,-0.4492223,-0.61105835,-0.61105764,-1.184237,-0.7062938,-0.95420516,-1.1252251,-0.39358148,-0.33736622,-0.5137323,-0.5137324,-0.5154909,-0.5103272,-0.45865223,-0.09357679
CCCCc1ccccc1,-0.4,-1.6907632,-2.461107,-2.0179613,-2.017961,-1.9149872,-2.138458,-1.849962,-1.7045858,0.5930037,-1.6987381,-1.3973411,-1.3973457,-1.2605387,-1.6477437,-1.5366797,-1.6477101,-0.18886651,-1.8491184,-1.3877709,-1.3877712,-1.2701087,-1.2494525,-0.97290343,-1.933369,-0.64626276,-1.4816003,-0.9445702,-0.94457436,-0.44461152,-1.0206875,-2.1887088,-1.3757597,-0.46928033,-1.7008497,-1.3954288,-1.3954293,-0.070639886,-0.96528476,-0.3477879,-0.14475235,-2.1738467,-4.5603795,-4.011775,-4.011775,-4.15141,-3.7338955,-4.6110635,-2.5068755,-0.67670166,0.08681002,0.5508439,0.55084383,0.94180137,0.61934173,0.9195929,-0.20467013,1.0635866,-2.381597,-1.8584545,-1.8584497,-2.651179,-1.6006571,-0.92061156,-0.91287696,-0.47969976,-0.35981542,-0.3792949,-0.37929517,-0.4332049,-0.5027217,-0.2689341,-0.44201294
CC(=O)Oc1ccccc1C(=O)O,-9.94,-6.4566984,-6.0893435,-6.5885334,-6.588533,-6.66753,-6.3077755,-6.796636,-5.8460054,-6.6117415,-7.008695,-6.719081,-6.7190843,-6.6401796,-7.0774612,-6.9171557,-6.5112677,-9.886122,-7.2904587,-6.8111167,-6.8111176,-6.9987235,-7.656209,-7.4421015,-9.236355,-9.516966,-10.302248,-9.703499,-9.703503,-9.006236,-9.869455,-11.659215,-9.975101,-7.374962,-9.204555,-8.83084,-8.830839,-8.546343,-9.294758,-8.348012,-7.9447546,-6.879265,-4.2166076,-5.0028834,-5.0028834,-4.925269,-5.3405027,-4.306159,-6.7512956,-9.721128,-8.031703,-8.047263,-8.047263,-8.183172,-8.270587,-8.090052,-8.500878,-9.702482,-10.619383,-10.152507,-10.152503,-10.85482,-10.426915,-10.862459,-10.023414,-10.003312,-9.953031,-10.033644,-10.033644,-9.853183,-9.74368,-9.732754,-9.9785595
CC(C)C(C)C(C)C,2.56,-1.9148502,-2.2454653,-2.1533937,-2.1533942,-1.8923795,-1.8268294,-1.8108666,-2.004296,2.4175467,0.8313994,0.32055306,0.32055014,0.45648354,0.34797394,0.21320261,-2.23606,2.3271043,0.6983509,0.825653,0.82565296,0.8997016,1.1107285,0.77398604,1.7045559,1.8526844,1.1269754,2.697956,2.6979518,3.381109,2.0967069,1.145525,1.0004203,-0.41437525,-2.344764,-2.4995923,-2.499592,-1.9574676,-2.3502529,-1.8751062,-2.6228154,-1.09506,-3.3683743,-3.57893,-3.5789304,-3.4205847,-3.61101,-3.1684737,-2.5715327,1.9526609,0.70179313,1.1377572,1.1377571,1.1166734,0.8590006,1.1909904,0.25098786,2.5504787,0.49586755,1.8668402,1.8668444,1.1508968,1.6325684,1.7079393,1.2426167,1.758344,2.1848054,2.67098,2.6709797,2.4934993,2.7173696,1.6577687,1.1082375
CC[C@@H](C)CO,-4.42,-2.2329772,-2.6914253,-2.583693,-2.5836933,-2.5203354,-2.4966252,-2.4315596,-2.3312364,-2.2684975,-1.3249309,-2.0609124,-2.060915,-1.9787861,-1.8463843,-2.1188042,-2.6571932,-4.485246,-4.595502,-4.2446885,-4.244688,-4.1690474,-4.6098223,-4.2517824,-4.684937,-5.124568,-3.0124917,-1.4226263,-1.4226308,-1.869807,-2.6852093,-3.1002793,-1.3111768,-2.6008964,-2.9302027,-3.23969,-3.2396903,-2.8621871,-2.914887,-3.0257688,-2.9932454,-2.1691349,-3.1564407,-3.1680334,-3.1680331,-3.0656512,-3.1955202,-2.8697605,-2.640361,-5.0696855,-3.8836207,-3.860655,-3.8606553,-3.840112,-4.070929,-3.8136175,-4.121873,-4.223098,-4.5198064,-4.7686954,-4.7686915,-6.0453053,-5.1164436,-5.3327074,-4.2279673,-4.4941216,-4.2786913,-4.49009,-4.4900904,-4.285716,-4.40903,-4.1481013,-4.3026214
c1cc(c(cc1Cl)c2cc(c(c(c2)Cl)Cl)Cl)Cl,-3.61,-5.7270956,-5.754211,-6.5902305,-6.5902305,-6.6171165,-6.355625,-6.621303,-5.878556,-3.4956346,-2.799608,-3.0103402,-3.0103438,-2.9277663,-2.723838,-3.0683527,-2.088633,-3.6798153,-2.3612132,-2.8610768,-2.8610768,-2.7620847,-3.076642,-3.0088756,-3.8416214,-3.4108734,-4.038882,-3.204405,-3.204404,-2.7110345,-2.73144,-4.6706104,-3.2183113,-2.791914,-5.997245,-5.8205004,-5.8204994,-5.237109,-5.092528,-5.273836,-4.1832867,-5.955407,-4.823232,-4.471683,-4.4716825,-4.6678023,-4.4689584,-4.553477,-4.820959,-2.9712892,-2.7883463,-2.9179993,-2.9179997,-3.013942,-2.7670896,-3.0406322,-2.3719723,-3.5173926,-3.306189,-4.43037,-4.430367,-4.7940454,-3.7701695,-4.318803,-3.540037,-3.719344,-3.4550936,-3.7261434,-3.7261443,-3.6050649,-3.4600008,-3.5674045,-3.6148024
c1cc(ccc1O)Br,-5.85,-5.5959435,-4.744117,-5.604511,-5.6045103,-5.846772,-5.3397903,-6.1893096,-5.8820477,-6.864978,-6.6474156,-6.5043497,-6.504355,-6.375766,-6.6176367,-6.6734614,-7.3423233,-5.817169,-7.3775454,-6.9983234,-6.998323,-7.150134,-7.970481,-7.244865,-8.304856,-6.180421,-6.172585,-5.4452386,-5.4452415,-5.4926796,-5.4220514,-7.612014,-4.272376,-6.951655,-7.437673,-9.212459,-9.21246,-7.984867,-9.067367,-7.920802,-8.320558,-6.2882357,-3.9217393,-3.7824214,-3.7824216,-3.9365003,-3.6806598,-4.5648026,-7.1426764,-7.7984595,-5.0116262,-4.986536,-4.9865365,-4.9400225,-5.3507695,-4.928732,-5.275034,-5.7683907,-7.698904,-7.612135,-7.6121306,-8.1306305,-7.079532,-7.148763,-6.190968,-5.9358683,-5.8830466,-5.966419,-5.9664197,-5.8646016,-5.8187685,-5.811664,-5.912391
CCCN(CCC)C(=O)SCCC,-4.13,-6.231381,-4.205997,-5.7935762,-5.7935762,-6.147169,-5.1796465,-5.979572,-6.0791783,-3.4256535,-4.4522185,-4.147804,-4.1478086,-3.9452517,-4.408147,-3.9815605,-5.3458753,-3.9294953,-2.246539,-2.95297,-2.9529698,-3.1553042,-2.926728,-2.321887,-4.390697,-3.6524467,-1.7733816,-1.71518,-1.7151845,-2.335154,-2.6814394,-3.2491417,-3.0857494,-6.3222814,-6.080039,-5.8178234,-5.817824,-5.5857935,-5.9749436,-5.536809,-6.6659837,-3.5732937,-4.808145,-5.103983,-5.1039834,-4.9406304,-4.665602,-4.8690095,-3.799806,-4.8598967,-5.1194935,-4.957316,-4.9573164,-4.760395,-5.0490723,-4.8112516,-5.039697,-3.6857815,-6.476606,-4.9577513,-4.957749,-5.501298,-4.5327773,-4.9812193,-4.595312,-4.5989275,-4.055669,-4.2826724,-4.282672,-4.1252723,-4.101054,-4.0917664,-4.1101556
C1C=CC[C@@H]2[C@@H]1C(=O)N(C2=O)SC(Cl)(Cl)Cl,-9.01,-7.5345993,-4.431503,-6.6036434,-6.603643,-6.626722,-5.123004,-6.473288,-7.77013,-5.169478,-5.012441,-4.926927,-4.9269323,-4.8091097,-4.673487,-5.1446896,-6.9310503,-9.428751,-5.3769054,-5.153599,-5.1535983,-5.5145235,-6.2592697,-5.615661,-9.746295,-10.082436,-8.717145,-7.8980184,-7.8980207,-8.262447,-8.7590885,-10.265426,-7.911721,-9.263413,-6.571852,-6.5472174,-6.547217,-6.16583,-6.2555857,-6.6417966,-7.6893263,-6.436335,-5.083136,-4.127391,-4.127391,-4.6314254,-3.4452972,-5.5001235,-6.970039,-8.910885,-6.7824154,-6.2915163,-6.2915173,-6.491396,-6.604098,-6.413406,-7.4211245,-9.073878,-9.175091,-9.600651,-9.600649,-10.154782,-8.938938,-9.629913,-9.310825,-9.075948,-9.142339,-9.02743,-9.02743,-9.036012,-9.034443,-9.055381,-8.992464
CCCC(=O)C,-3.52,-2.1233678,-2.3496838,-2.154307,-2.154307,-2.0433753,-1.9537835,-2.064642,-1.8282485,-3.0776784,-2.2629578,-2.9370525,-2.9370549,-2.8461971,-2.8005464,-3.0406382,-3.2989,-2.456402,-1.8707197,-1.7472671,-1.7472674,-1.8053534,-1.9957249,-1.555262,-3.0765204,-3.6830807,-3.6210084,-2.331664,-2.331669,-2.3018534,-3.2726643,-4.1193233,-2.936578,-5.4616137,-2.5940027,-2.8604193,-2.860419,-2.7403018,-2.9501154,-2.5400603,-4.0568333,-2.8391142,-3.317231,-3.354963,-3.3549628,-3.2479773,-3.469178,-3.3040016,-3.3828614,-4.3606443,-3.1594844,-3.2976415,-3.2976418,-3.2667143,-3.4037824,-3.2104027,-3.2820065,-2.8678956,-2.9184027,-2.5998077,-2.5998034,-3.1161494,-2.0559835,-1.3638572,-2.617739,-3.9244657,-3.2167568,-3.1615868,-3.1615872,-2.9508162,-3.0933774,-3.211931,-3.2879322
c1cc(cc(c1)C(F)(F)F)C(F)(F)F,1.07,-7.1881614,-4.9802322,-6.8120737,-6.812074,-6.847204,-5.6597834,-6.768519,-7.1861844,1.8037026,0.21546651,0.25747165,0.25746635,0.44891953,0.034536824,0.010861738,-0.6285113,0.99157274,-3.800859,-2.7832527,-2.7832527,-2.2492714,-2.9717565,-1.7897772,1.1608891,1.3487844,1.0343292,1.3775662,1.3775666,1.1584749,2.2925127,0.6191919,2.0069625,-0.31874907,-3.0458174,-3.6969829,-3.6969845,-2.7681925,-2.4734552,-1.1653365,-0.003906418,-6.7304487,-3.6975312,-3.9506888,-3.9506888,-3.8202987,-4.126086,-3.475978,-4.0760965,0.34134513,1.1334835,0.22970667,0.22970672,0.21829112,0.84352905,0.21304092,0.4972598,1.1994476,-0.10457784,1.18116,1.1811632,0.6951748,0.9886311,1.0884542,1.763096,-0.19227108,0.79673755,1.0694584,1.0694582,0.89060605,1.0716699,0.723636,-0.069727026
CN(C)C(=O)Nc1ccccc1,-9.13,-4.6988096,-4.0128264,-4.878147,-4.878147,-5.0710993,-4.397878,-5.222237,-4.748211,-6.5717416,-5.8493524,-6.981665,-6.981669,-6.943809,-7.567553,-7.00895,-7.614148,-8.786614,-8.680181,-8.60755,-8.60755,-8.48869,-9.6069975,-8.8798485,-10.577886,-10.005552,-8.063188,-6.948408,-6.9484124,-7.741679,-7.413324,-9.181882,-7.8087025,-5.4400067,-4.8795323,-6.3101616,-6.3101606,-6.082911,-5.7602077,-6.547183,-6.644355,-8.62089,-4.737417,-4.947516,-4.9475164,-5.054953,-5.161516,-4.5323563,-7.6182184,-7.804241,-6.388828,-5.9104548,-5.9104548,-6.0327725,-6.4588237,-5.991281,-6.515436,-8.65578,-6.4639955,-7.223294,-7.223288,-8.184563,-8.52745,-8.587484,-7.178357,-9.132695,-9.123107,-9.215086,-9.215086,-9.11752,-9.063449,-9.025717,-9.127622
C(C(F)(F)F)Cl,0.06,-1.9510034,-1.5677793,-1.5243903,-1.5243902,-1.4057052,-0.90270525,-1.5858039,-1.0504282,-0.12696835,-0.81932634,-1.4770125,-1.4770148,-1.3981004,-1.4096438,-1.5808924,-1.1265513,0.033259165,-1.4851979,-1.4989232,-1.4989231,-1.6172991,-1.319267,-1.8285667,-0.56464213,-0.006864615,0.3263619,0.7003801,0.70037854,0.29883477,0.25864968,-0.95879674,0.04852395,-0.7021894,-0.78012484,-1.0134978,-1.0134977,-0.18100417,-0.76076746,-0.80716,0.18979815,-2.7248335,-2.4897518,-2.3254852,-2.3254852,-2.309206,-2.2845886,-2.2459025,-1.753366,0.49468803,1.3435198,1.1560189,1.1560192,1.1786118,1.356993,1.2056953,0.87419945,0.048113346,-0.7570404,0.3571302,0.3571289,-0.55688006,-0.22975305,-0.104673624,-0.44589722,-0.02930348,0.24425378,0.05577971,0.055779535,0.059417102,0.100336775,0.12091681,1.1055908
CNC(=O)Oc1cccc2c1cccc2,-9.45,-7.303647,-5.374649,-7.222014,-7.222014,-7.2237434,-6.067322,-6.996396,-7.6610255,-8.774553,-7.802408,-8.77259,-8.7725935,-8.735682,-9.25492,-8.876779,-9.857301,-9.425006,-7.3925543,-6.657087,-6.6570864,-6.8710055,-7.385099,-6.910007,-9.14569,-8.853186,-6.0441947,-6.47621,-6.4762125,-7.0956726,-6.3156705,-8.781036,-8.595522,-8.4026985,-7.410296,-8.200753,-8.200752,-8.278532,-8.234722,-7.4560323,-7.9142027,-7.5386605,-5.1164064,-5.3947444,-5.394745,-5.8563113,-5.1312494,-5.417239,-9.222303,-10.04677,-8.52189,-7.184334,-7.184333,-7.5244827,-8.1947365,-7.473496,-7.06519,-8.947149,-9.095919,-8.821565,-8.821562,-9.827087,-9.992993,-9.884268,-9.375299,-9.341833,-9.363223,-9.609344,-9.609345,-9.43916,-9.276214,-9.394995,-9.509039
CCc1ccc(cc1)C,-0.95,-2.941488,-3.4213324,-3.4865549,-3.4865546,-3.5472991,-3.542366,-3.6182399,-3.1592317,-1.7050412,-1.9946234,-2.0250626,-2.0250664,-1.8893151,-2.445472,-2.3103886,-2.741653,-1.3883469,-2.0695224,-1.6712958,-1.6712958,-1.6314212,-1.9219303,-1.8134106,-2.480773,-1.3381567,-1.5034163,-1.0580013,-1.0580049,-0.7960418,-1.0366607,-2.504997,-1.08523,-1.5563334,-1.5784591,-1.9609872,-1.9609869,-1.0777438,-1.5867882,-1.2105714,-0.58411366,-2.236853,-4.2899265,-3.8798118,-3.8798118,-4.1049795,-3.7668273,-3.617807,-2.8285553,-0.6149193,-0.23337902,0.650183,0.65018284,0.58804256,-0.15172842,0.41389158,-0.2853799,0.20101562,-3.4041367,-1.9328649,-1.93286,-3.199088,-1.8301344,-2.0449986,-1.1050669,-0.9640895,-1.0653375,-0.9133419,-0.9133421,-0.95677847,-0.95432234,-1.0690747,-0.99297005
CC(=O)N,-9.71,-3.7100425,-4.5603437,-3.7442086,-3.7442086,-3.8120291,-4.1889896,-3.990754,-2.9026785,-8.105601,-3.9126563,-5.0514846,-5.051486,-5.0004663,-4.3516893,-5.1071806,-4.7659764,-9.296949,-3.9097943,-3.7914314,-3.7914314,-3.893084,-4.434432,-3.975384,-6.0674725,-9.434871,-7.446314,-5.3841505,-5.384155,-5.952094,-6.6478443,-7.3401012,-5.41411,-10.992658,-4.9119515,-5.5707517,-5.570753,-5.3984976,-5.4605756,-5.296915,-7.4889464,-4.186315,-2.6283786,-2.3003333,-2.3003335,-2.2574244,-2.2498167,-2.17698,-2.1573288,-12.221717,-7.127054,-7.0714664,-7.071466,-7.1681466,-7.358274,-7.102514,-8.140062,-7.905181,-4.084573,-4.2265697,-4.2265677,-4.7157435,-4.421395,-4.3520126,-2.8214319,-9.713002,-5.601149,-5.3124166,-5.3124166,-5.3542733,-5.6789722,-5.3014846,-7.698604
c1ccc2c(c1)Oc3c(cc(c(c3O2)Cl)Cl)Cl,-4.05,-5.207593,-7.3505206,-6.666635,-6.666635,-6.664302,-7.146208,-6.691821,-5.4035263,-4.657087,-6.2591395,-5.3773093,-5.3773146,-5.257497,-5.4058046,-5.660988,-4.128844,-4.3084693,-4.9756594,-4.6162753,-4.616275,-4.6918297,-4.707247,-4.6892185,-3.654228,-3.8074374,-3.9257095,-2.8226552,-2.8226535,-2.6798437,-2.0181072,-4.136104,-2.3644478,-4.9432473,-7.427713,-7.360093,-7.360095,-5.585571,-6.54945,-6.1975317,-4.800958,-7.157193,-4.90374,-5.245706,-5.245707,-5.3430467,-5.4385533,-4.9215503,-7.5569544,-4.8205757,-5.9809275,-5.6351156,-5.635115,-5.6713085,-6.186107,-5.6581306,-4.6571927,-4.09271,-6.4407344,-4.6900563,-4.6900535,-4.860802,-3.9766335,-4.1596622,-3.9672914,-4.131247,-3.9267545,-4.141806,-4.1418056,-4.036531,-3.9510438,-4.0216293,-4.067644
CC(C)(C)C(=O)OC,-2.4,-1.6066811,-1.9116327,-1.6654117,-1.6654116,-1.5338305,-1.3023686,-1.5348431,-1.5324697,-5.5568724,-3.9095576,-4.1990485,-4.1990514,-4.064247,-4.278386,-4.2205014,-3.1514115,-3.7570884,-3.9194674,-3.6450572,-3.6450565,-3.5582807,-4.087948,-3.493682,-4.881605,-2.5226789,-1.8167826,-1.1566752,-1.1566789,-1.4042149,-1.8533118,-2.5262284,-0.97747415,-2.8405006,-2.5247548,-2.5751085,-2.575108,-2.4657235,-2.7551405,-2.1477926,-2.9120116,-3.4067817,-3.975099,-3.6745358,-3.6745353,-4.0385594,-3.3621283,-3.8153389,-4.8333144,-3.4500625,-4.976342,-4.7567225,-4.7567225,-4.7327404,-5.1788297,-4.703577,-4.0075507,-3.2388787,-4.6655507,-4.1178045,-4.1177993,-5.0984044,-4.1880693,-4.0843005,-2.6273348,-3.2529716,-3.1074734,-3.0521698,-3.0521703,-3.066336,-3.0001996,-2.6515024,-2.948755
c1cc(c(c(c1)Cl)c2c(cc(cc2Cl)Cl)Cl)Cl,-1.96,-6.570994,-3.924119,-5.92753,-5.92753,-5.600904,-4.589917,-5.5634384,-5.2373786,-1.5503,-3.868887,-2.6483607,-2.648365,-2.53758,-2.7616608,-3.0048826,-2.5386822,-2.2612689,-3.570271,-3.3702726,-3.3702722,-3.254995,-3.0304394,-3.201995,-2.5651815,-2.4370277,-2.8715613,-1.7984948,-1.7984962,-1.9449673,-1.3078502,-3.5201719,-2.131292,-2.8146043,-1.5128537,-1.755703,-1.7557036,-1.1466413,-1.4065809,-1.3834215,-1.6278703,-3.789844,-4.565711,-5.0513062,-5.0513067,-5.0522647,-5.338461,-4.5171757,-5.605529,-3.571056,-3.8345606,-3.5308614,-3.5308616,-3.8258274,-3.94379,-3.7837763,-3.2721407,-1.8769029,-2.543731,-1.7682167,-1.7682136,-2.4953194,-1.9558342,-1.580268,-1.8179246,-2.0833645,-1.8890527,-1.9629852,-1.9629853,-1.9378752,-1.8986554,-1.9245089,-2.0104172
C1CCCCC1,1.23,-2.3913372,-3.1121836,-2.932494,-2.932494,-3.0678642,-2.6639318,-3.1046343,-2.695635,0.37567875,-0.37447318,-0.5670566,-0.56705916,-0.48249415,-0.7473167,-0.6352856,-1.2238004,0.47737455,0.8608216,0.82068497,0.8206852,0.90790814,0.8904914,0.9152163,0.13956761,0.06351342,1.0145257,1.4448978,1.4448944,1.7202718,0.8828515,-0.16375268,-0.34598145,1.7430999,-0.16971098,1.6034474,1.6034462,1.2287722,0.79878014,1.481401,0.89154536,-2.2212894,-3.0325136,-3.3216271,-3.3216274,-3.2228448,-3.3367262,-3.231691,-3.9038546,1.4066746,1.8639356,2.2745428,2.274543,2.4265418,2.0029235,2.3823552,1.0760881,1.6763628,0.013007912,1.1909943,1.1909964,0.52528584,1.3315169,1.1934649,0.403875,-0.47131294,-0.44280842,-0.3466243,-0.3466243,-0.48809996,-0.37760323,-0.5463249,-1.4061204
c1c2c(cc(c1Cl)Cl)Oc3c(c(c(c(c3Cl)Cl)Cl)Cl)O2,-3.71,-3.0777752,-7.7052984,-3.911237,-3.9112372,-3.8669083,-6.271698,-3.6581955,-1.6448779,-3.7771373,-4.2726865,-3.934371,-3.9343724,-3.8774385,-3.7572377,-4.0053782,-3.2430477,-3.699873,-2.8892133,-3.130563,-3.130563,-3.0273726,-3.1169455,-3.1474094,-4.078582,-3.8358853,-3.5301642,-3.2082014,-3.2082012,-3.2850363,-2.6683998,-4.5161905,-3.03015,-3.118475,-5.1874237,-5.0375896,-5.0375915,-3.3976538,-3.8151865,-3.8298461,-2.6757367,-2.220549,-5.200927,-4.6641564,-4.664157,-4.8186355,-4.5733776,-5.2161703,-2.2923446,-4.709962,-6.2086425,-5.8800716,-5.880071,-5.9472017,-6.43306,-5.927963,-4.8155074,-3.5478015,-4.0661902,-3.7170131,-3.717011,-3.8585725,-3.877938,-3.822066,-3.7823133,-3.7745304,-3.4967933,-3.8259788,-3.8259788,-3.7283297,-3.5777147,-3.7158477,-3.7580738
CC(=O)c1ccncc1,-7.62,-5.469399,-5.076985,-5.7887626,-5.7887626,-5.832844,-5.5769577,-5.843593,-5.5196943,-5.1906943,-5.717433,-5.6677165,-5.6677184,-5.5791802,-5.670491,-5.7588973,-5.868559,-6.638753,-2.8485684,-2.580245,-2.580245,-2.6453314,-2.933182,-2.8598788,-5.240211,-6.677568,-5.6082053,-4.5848484,-4.5848517,-4.7010336,-4.862204,-6.812658,-5.4418526,-6.7246003,-5.2282567,-5.982683,-5.9826846,-5.025768,-5.5921245,-4.966584,-5.8495355,-5.837705,-3.5246015,-3.740381,-3.7403808,-3.6264045,-3.8868759,-3.2286,-3.9491217,-7.0844383,-4.462078,-4.509822,-4.509822,-4.615587,-4.654889,-4.593802,-4.700226,-6.9351654,-6.7779784,-6.4942403,-6.494237,-7.0621805,-6.767682,-6.777181,-6.406698,-7.6915107,-7.638213,-7.67573,-7.6757293,-7.596179,-7.513891,-7.5848093,-7.66848
C(=C(Cl)Cl)Cl,-0.44,-5.7700796,-5.528296,-5.765965,-5.7659655,-5.7589874,-5.878765,-5.8460875,-5.1020374,-0.8562195,-0.7591718,-1.3275954,-1.3275985,-1.2923354,-0.67080665,-1.2731296,-1.4631689,-1.0810932,-0.8651977,-0.75381637,-0.75381637,-0.8098496,-0.6987734,-0.84237283,-0.78195095,-0.38001567,-1.2132281,-0.13108525,-0.13108727,-0.45857662,-0.43776008,-1.7073288,-0.24144618,-1.7267872,-3.6762567,-4.9946575,-4.9946575,-4.1834426,-5.075462,-4.4240723,-3.427559,-1.3392198,-2.7556233,-2.6667345,-2.6667342,-2.6332707,-2.697342,-2.521387,-2.7464967,-0.7684289,-0.29347798,-0.45746294,-0.45746368,-0.5853415,-0.17522271,-0.52307004,-0.57310456,-0.42818707,-1.5728072,-0.3090634,-0.30906186,-0.61214787,-0.7761328,-0.8229592,-0.49256465,-0.02930348,0.24425378,0.05577971,0.055779535,0.059417102,0.100336775,0.12091681,1.1055908
CCCOC(=O)CC,-2.44,-2.0593486,-2.9163148,-2.5474582,-2.5474582,-2.5251515,-2.7887354,-2.5352397,-2.173664,-2.9386263,-3.462989,-3.4017792,-3.401783,-3.3125954,-3.3357337,-3.4527214,-2.0301986,-2.4258068,-1.8577985,-1.614866,-1.614866,-1.6995325,-2.0820923,-1.5541835,-3.416928,-3.221293,-2.636364,-2.3022318,-2.3022377,-2.3247187,-2.7735634,-4.3870444,-2.6403027,-3.1746776,-2.856797,-3.7721384,-3.7721379,-2.5886014,-3.2002811,-2.2533054,-3.0333705,-2.5189185,-4.1664443,-4.1885133,-4.1885138,-4.116926,-4.282523,-3.6955073,-3.8983672,-2.9137406,-5.4534473,-5.0873775,-5.087377,-5.044983,-5.5368047,-5.03766,-4.0810084,-2.8833017,-3.8701344,-3.4420884,-3.4420853,-4.100468,-3.8146777,-3.9446566,-3.3372004,-2.531463,-3.9460926,-3.8015244,-3.8015246,-3.6010518,-3.9614341,-3.576074,-3.003555
CCOCCO,-6.69,-1.5738497,-2.4858751,-1.9188327,-1.9188328,-1.9350281,-2.2534227,-2.2623947,-1.7036008,-3.6461284,-2.342581,-3.160306,-3.1603086,-3.0673537,-3.042156,-3.2264922,-3.128434,-6.889623,-6.4531965,-5.9176416,-5.9176416,-5.924888,-6.093706,-6.408511,-7.733767,-6.666497,-6.6338453,-5.0135393,-5.013541,-5.2963758,-5.8535986,-7.2003407,-5.9261584,-3.3747356,-1.5035341,-1.6216385,-1.621639,-0.9905457,-1.590008,-1.2711685,-0.83107513,-2.3179173,-3.5465899,-3.2984276,-3.2984276,-3.2325366,-3.387679,-3.1297832,-2.2335246,-7.803054,-5.444056,-5.117191,-5.1171913,-5.1434317,-5.4616456,-5.1380734,-5.9656725,-5.2734003,-6.509765,-5.6899743,-5.689971,-6.885813,-6.135908,-6.6023045,-4.715813,-6.4984183,-6.71139,-6.779572,-6.7795725,-6.692512,-6.6154833,-6.652862,-6.7145424
c1cc(cc(c1)O)[N+](=O)[O-],-9.62,-6.3608766,-5.720408,-6.4303503,-6.4303503,-6.4508038,-6.19746,-6.523171,-6.0783887,-9.1198635,-10.12599,-10.655393,-10.6553955,-10.566456,-10.849375,-10.690706,-9.8301525,-8.5970955,-7.576726,-7.1628923,-7.162893,-7.1449494,-7.5512342,-7.041953,-7.77075,-8.278087,-7.4209747,-6.5532846,-6.55329,-6.6331697,-6.8650646,-8.791488,-5.52152,-10.001772,-8.545661,-10.16579,-10.165791,-9.187048,-10.426611,-9.062275,-12.463722,-5.8578043,-3.592956,-3.9191935,-3.9191937,-3.8175843,-4.0424566,-3.6639717,-4.898019,-8.355912,-6.957124,-6.892096,-6.8920965,-6.9679403,-7.204809,-6.928334,-7.309673,-8.755305,-10.546016,-10.325882,-10.325879,-11.408728,-10.306686,-10.070463,-9.303364,-9.728972,-9.642821,-9.798796,-9.798798,-9.615752,-9.463932,-9.457426,-9.627606
C[N+](=O)[O-],-4.02,-3.1150165,-3.788507,-3.242248,-3.242248,-3.3550403,-3.3814702,-3.4860175,-2.6843917,-5.2572684,-4.869598,-5.260158,-5.2601595,-5.215499,-4.9872875,-5.2653933,-4.1321096,-3.7264473,-1.2118689,-1.2768903,-1.2768904,-1.288164,-1.1840535,-1.2892224,-1.9527179,-3.5753312,-3.4584632,-2.3072832,-2.3072832,-2.3799393,-3.0242133,-4.591589,-2.410864,-4.4400206,-4.4350147,-4.958035,-4.9580364,-5.2002635,-5.0701723,-4.431276,-5.4835467,-3.8640282,-2.4354942,-2.2303867,-2.2303867,-2.2588844,-2.3061893,-2.1993818,-1.6656299,-4.9031277,-7.5098267,-7.473651,-7.473651,-7.6740804,-7.9034066,-7.6210084,-6.501936,-3.1658285,-4.636328,-4.042706,-4.0427065,-4.9157476,-4.6213512,-4.6638494,-5.225439,-2.8999918,-3.6422405,-3.6024761,-3.6024761,-3.6616712,-3.5805056,-3.6764596,-3.5936792
CCCI,-0.53,-1.2638566,-1.4642597,-1.0730497,-1.0730495,-1.1225892,-0.87948734,-1.3310608,-0.9581168,0.41586465,-1.2291541,-0.81946474,-0.8194686,-0.71265197,-1.284486,-0.88110024,-0.9981977,-0.3231463,-1.7680246,-1.9499243,-1.9499241,-1.9948353,-1.9167833,-1.9578222,-1.0727419,-1.0545733,-0.99695426,-0.20972946,-0.20973802,0.31372824,-0.5539967,-2.1522264,-0.726173,-0.16450372,-0.6007484,0.4937778,0.49377832,0.8275065,1.0682116,1.0839921,1.4173751,-3.024874,-2.8241096,-2.8227131,-2.8227131,-2.7734632,-2.8733656,-2.8180766,-2.6082187,-0.8953738,0.82673585,0.77680194,0.77680194,0.8013635,0.8436108,0.77200586,0.49919412,-0.36691704,-1.2445526,0.30475315,0.3047553,-0.41458333,0.4959632,-0.036215547,0.50227755,-0.70522803,0.25979164,0.45257738,0.45257726,0.3340934,0.22371775,0.18259393,0.54993284
c1ccc(cc1)CO,-6.62,-4.041847,-4.0159025,-4.4275994,-4.4275994,-4.424548,-4.3148847,-4.3573527,-3.9425936,-4.711187,-4.3803134,-4.779797,-4.779801,-4.669202,-4.919623,-4.856688,-4.8882103,-7.4149857,-8.667832,-8.126579,-8.126579,-8.21361,-8.586007,-8.3182955,-9.981427,-6.6925316,-5.557503,-4.2910285,-4.291032,-4.739832,-4.887624,-5.990572,-3.889835,-2.7474246,-4.164906,-4.8133793,-4.8133802,-4.5003085,-4.3153152,-4.5410924,-3.2540696,-6.080514,-3.3494453,-3.5668793,-3.5668793,-3.4726028,-3.6417675,-3.13702,-3.8848157,-6.8381195,-4.455134,-4.303848,-4.3038473,-4.3396792,-4.5738873,-4.313765,-4.8386807,-6.8312926,-12.114948,-10.603703,-10.603701,-11.481713,-9.123465,-9.997999,-8.448122,-6.6551743,-5.551323,-5.3639903,-5.3639913,-5.381732,-6.219651,-6.38092,-5.2289176
c1ccc(cc1)O[C@@H](C(F)F)F,-1.29,-5.471976,-4.1218057,-5.168482,-5.1684813,-4.855489,-4.727026,-4.6844077,-4.8906913,-3.6857293,-4.5272603,-4.807731,-4.8077345,-4.732486,-5.2560244,-5.1716914,-4.6569858,-2.094089,-6.6430397,-5.5829935,-5.5829935,-5.6647644,-6.2427425,-5.2520885,-1.8917623,-2.4692943,-4.2129116,-3.7623372,-3.7623405,-1.9644657,-3.0878453,-4.6485424,-3.3506505,-4.669285,-4.1592784,-4.609659,-4.609659,-3.1721013,-3.985476,-3.3984616,-3.336107,-3.2479198,-4.0730095,-4.075728,-4.075728,-4.0263515,-4.252859,-3.605629,-4.030604,-2.8242574,-7.0884,-6.810461,-6.8104606,-6.468738,-6.682005,-6.396044,-8.200115,-1.4492477,-6.100577,-2.5761962,-2.5761933,-2.4760423,-1.8838245,-1.5594461,-1.1045059,-1.3583901,-1.3014598,-1.2877449,-1.2877449,-1.3116894,-1.3572745,-1.3143405,-1.4302728
CCC(=O)CC,-3.41,-2.289981,-2.5237446,-2.3502846,-2.3502846,-2.2101624,-2.194802,-2.2341769,-1.9778996,-4.2724004,-2.2281563,-3.0376728,-3.0376747,-2.9666953,-2.846977,-3.1136644,-3.1847615,-3.0968134,-1.9014646,-1.8432027,-1.843203,-1.9682196,-2.1591094,-2.2840345,-2.2624707,-3.4333897,-2.7814016,-2.3286757,-2.3286793,-2.2557385,-3.0599432,-4.3727093,-2.448902,-3.9375935,-1.7448022,-2.6798213,-2.6798215,-3.2533271,-3.3463442,-2.0463772,-3.4566221,-0.9107572,-3.3294578,-3.2119255,-3.2119255,-3.1024508,-3.2727072,-2.9640088,-2.1915095,-4.2437706,-3.4723,-3.5508971,-3.5508971,-3.5293355,-3.6336668,-3.4494534,-3.3090239,-3.6465592,-3.2769723,-3.828125,-3.8281205,-5.042057,-3.9267876,-4.3256044,-3.7529945,-3.4577758,-3.137565,-3.5704064,-3.5704067,-3.6299965,-3.415574,-3.421156,-3.376152
CCC(C)C,2.38,-2.1902993,-2.5297153,-2.5091138,-2.5091136,-2.7133524,-2.3785212,-2.5769873,-2.248581,1.9770863,0.37785798,0.23465315,0.23465192,0.3219079,0.23877017,0.17078032,-1.5956337,2.591521,-0.4817861,-0.32116738,-0.32116723,-0.3052823,-0.13394292,-0.08245573,-0.033460595,1.2153794,0.6655564,1.8057323,1.805728,2.2373402,0.96691984,-0.11371245,0.39616776,-1.206695,-1.6747051,-2.3734,-2.3734,-0.61307436,-1.1992993,-0.70458555,-1.0211323,-2.2896686,-2.9767752,-2.9895587,-2.9895587,-2.9002376,-2.945033,-2.744133,-2.6129782,2.3830638,1.6050388,1.84733,1.8473299,1.8869187,1.6448256,1.9418297,0.785801,3.1452239,-0.83476007,1.0209849,1.0209892,1.0228288,1.8421615,1.8848379,0.3790645,0.23094611,0.20187683,0.3052755,0.30527538,0.009618763,0.27473664,0.11200434,0.94826263
CCC#C,-0.16,-2.205209,-2.5406997,-2.4749,-2.4749,-2.523239,-2.578562,-2.6775186,-2.4248953,-0.93030465,-2.2218409,-2.6589901,-2.6589925,-2.5977669,-2.5364764,-2.7019138,-2.8869615,-0.8035835,-2.7896304,-2.7301283,-2.7301285,-2.8211844,-2.8595135,-2.906963,-2.811866,-2.1321163,-2.563159,-1.5710517,-1.5710554,-1.4134669,-2.2681432,-3.6061523,-1.6525965,-0.09178911,-2.511414,-2.7059095,-2.7059102,-2.0258474,-2.386018,-1.2937552,-0.91611886,-0.23402241,-3.7630908,-3.3235605,-3.3235602,-3.659904,-3.2938633,-4.578959,-2.0181787,-0.45436102,-0.6413065,-1.4149493,-1.4149493,-1.3123443,-0.684516,-1.3434116,-0.2990699,0.2423391,-3.7986155,-1.2808571,-1.2808526,-2.1601126,-1.5952733,-1.5972086,-2.4643335,0.0061727026,0.016590932,0.25421998,0.25421983,0.025968011,0.018846069,0.012964224,0.53056985
CCc1ccccc1O,-5.66,-4.2555547,-4.339508,-4.810321,-4.8103204,-4.843765,-4.519717,-4.679147,-4.1639624,-5.136569,-3.7711766,-4.6117373,-4.6117377,-4.501849,-4.708209,-4.665364,-5.17683,-5.4774866,-5.2983847,-4.865035,-4.865035,-4.932544,-5.275792,-5.017996,-7.3119354,-5.015922,-4.016108,-3.3032434,-3.303246,-3.5168154,-3.2097383,-4.8375025,-2.6789615,-5.157058,-5.6008186,-5.866319,-5.8663206,-5.721975,-6.172341,-5.6247807,-5.7192507,-4.1409197,-3.5698662,-3.8391266,-3.8391266,-3.7193704,-3.9700007,-3.343863,-3.6623678,-6.341527,-4.5909333,-4.5358562,-4.535856,-4.4896646,-4.9058447,-4.4740806,-3.9306238,-5.5724883,-6.3451,-6.3972087,-6.397204,-7.4409366,-6.8057394,-6.552679,-4.8020043,-5.7449646,-5.38288,-5.8760004,-5.8759995,-5.615626,-5.409025,-5.4755836,-4.4347177
CC(C)NC(C)C,-3.22,-1.7639656,-2.3680508,-2.0306258,-2.0306258,-1.9447641,-1.9505627,-1.9098651,-1.75175,-0.13950601,-0.23427513,-0.097858936,-0.09786154,0.012934231,-0.16707811,-0.19549347,-1.2173908,-3.0722537,-1.9047822,-1.4317824,-1.4317822,-1.4121282,-1.5224004,-1.9228412,-3.621783,-2.734498,0.043517474,0.17531522,0.17531067,-0.047175065,0.028354852,-1.2199998,-0.0979536,-0.95192325,-1.4947294,-1.7145518,-1.7145531,-1.3232236,-1.9727879,-1.3474914,-0.9154993,-2.1697571,-3.4084122,-3.4836946,-3.4836946,-3.3378978,-3.5497406,-3.0485644,-2.625876,-3.096021,-3.6113496,-3.7084153,-3.7084153,-3.7044542,-3.7279842,-3.5973144,-3.3991838,-0.3049582,-1.2660717,0.08446972,0.084474124,-0.68346274,-0.1801224,-0.14381921,0.0049671163,-3.2549572,-3.2547016,-3.233493,-3.233493,-3.154698,-3.2559464,-3.249091,-3.3499882
C[C@@H]1CC[C@H]([C@@H](C1)O)C(C)C,-3.2,-2.8855624,-2.8407154,-3.0828357,-3.0828357,-2.8593755,-3.0882094,-2.821848,-2.8264797,-1.6574767,-0.8953648,-1.23315,-1.2331536,-1.1200011,-1.3194606,-1.5888449,-2.480883,-3.7050586,-2.3184896,-2.5980415,-2.598041,-2.6385322,-3.1039062,-2.265897,-3.424227,-3.404118,-2.6764462,-1.7262495,-1.7262535,-1.9728291,-2.3018136,-3.070781,-1.9229238,-2.1915164,-3.4478927,-3.6853037,-3.685304,-3.2499218,-3.8702247,-3.0373776,-2.8675628,-0.7605303,-4.172968,-3.7579174,-3.7579174,-3.6569242,-3.6646762,-3.7867641,-1.5315062,-3.592828,-4.159165,-4.186691,-4.1866913,-4.092429,-4.265862,-4.1140065,-3.897014,-2.54012,-3.3613977,-2.2558503,-2.2558467,-3.3344257,-3.3014162,-3.2672014,-1.7519327,-3.251384,-3.1279469,-3.144195,-3.144195,-3.1455755,-3.06407,-3.1432517,-3.1783276
CCCCCCCC(=O)OC,-2.04,-3.6911628,-3.4003735,-3.8313456,-3.8313458,-3.7906773,-3.5423386,-3.6364658,-3.5387678,-2.2093709,-2.5342133,-2.2370644,-2.2370677,-2.2540548,-2.1934404,-2.1272933,-2.854572,-2.9708736,-2.0904722,-2.0773988,-2.077398,-2.006505,-2.3114192,-2.5885174,-2.475684,-2.6638975,-2.210893,-1.7016184,-1.7016222,-1.9947611,-2.0523627,-3.6717606,-1.8050526,-3.2281144,-3.2580853,-4.1501055,-4.1501055,-3.5686061,-3.485577,-3.1277246,-3.5546777,-2.0791297,-5.2761393,-4.4879155,-4.487916,-4.474913,-3.916998,-4.213631,-2.4511662,-3.9732404,-4.947979,-4.9236736,-4.9236736,-4.847721,-5.1478953,-4.8072925,-4.483625,-3.3781254,-3.7555587,-3.8855562,-3.885554,-4.0137076,-3.7299333,-3.477646,-3.2472188,-2.0308661,-1.9309776,-2.0795457,-2.079546,-2.0547924,-2.0411441,-1.9968206,-2.0575714
c1ccc(c(c1)[N+](=O)[O-])O,-4.58,-5.913597,-5.763841,-5.9353085,-5.9353085,-5.947131,-5.974584,-6.0463386,-5.0298886,-11.005354,-10.67761,-11.143901,-11.143903,-11.07526,-11.458033,-11.116364,-8.326876,-5.7026644,-6.687289,-6.4052544,-6.4052553,-6.4975834,-6.800321,-6.415165,-7.399619,-6.5470266,-7.9742484,-7.291836,-7.2918406,-6.7307796,-6.6991534,-9.135652,-6.115462,-7.5241747,-8.2358465,-8.086754,-8.086755,-7.221054,-6.354607,-7.3069954,-7.248492,-5.177094,-3.4199777,-3.7111487,-3.7111487,-3.611465,-3.809817,-3.343119,-4.4653597,-7.835595,-7.247055,-7.27491,-7.27491,-7.346928,-7.5900702,-7.2867417,-7.756372,-5.041778,-10.388864,-7.9342155,-7.9342103,-6.793114,-5.8322077,-5.951748,-5.806868,-4.6196246,-4.5100465,-4.710363,-4.710363,-4.5051265,-4.4101915,-4.393533,-4.603398
c1ccc2c(c1)cccn2,-5.72,-5.9910517,-5.6416354,-6.036015,-6.036015,-6.040288,-6.023815,-6.126508,-5.4335284,-4.3919706,-5.178204,-5.033402,-5.0334063,-4.9047937,-5.38177,-5.1553335,-5.0973907,-4.0752697,-4.180435,-3.8057303,-3.8057303,-3.825366,-3.7048717,-3.8227842,-3.4111495,-5.3094296,-2.5011606,-2.237755,-2.2377555,-2.8367174,-2.0040576,-3.8887625,-2.3246284,-5.9539847,-4.928861,-5.7274694,-5.7274714,-4.6746,-5.5068994,-4.8133874,-4.6667743,-6.909002,-3.6772828,-3.9376984,-3.9376984,-3.8458934,-4.1026006,-3.4932978,-4.518778,-5.7209053,-3.3161778,-3.341538,-3.3415382,-3.432685,-3.4547758,-3.399751,-3.6358044,-5.342779,-5.1606197,-4.0647407,-4.064737,-4.413022,-4.3541245,-4.155612,-3.4786673,-5.7843575,-5.7127666,-5.7969284,-5.796929,-5.723123,-5.6356344,-5.649304,-5.7102585
C(CO)O,-9.3,-1.5924468,-1.7283577,-1.6006901,-1.6006901,-1.6131983,-1.3016703,-1.6417307,-1.3630389,-9.493979,-4.5484014,-5.7872534,-5.787255,-5.7456026,-5.370037,-5.752111,-5.8029237,-8.580439,-9.760709,-8.921485,-8.921485,-8.965687,-9.519369,-9.165073,-10.606307,-10.22983,-9.131145,-6.850467,-6.8504715,-7.763853,-8.069967,-8.577922,-7.112558,-8.914884,-1.4135038,-2.4572616,-2.4572625,-2.8539922,-3.0401187,-2.9816656,-6.2496467,-3.6650376,-2.5678492,-2.4001672,-2.4001672,-2.385756,-2.386347,-2.2840564,-2.2996793,-9.954523,-7.1807427,-6.901048,-6.901048,-6.915428,-7.265795,-6.914064,-8.768079,-8.451002,-8.690498,-9.202147,-9.202143,-10.240483,-9.230648,-9.744833,-9.159165,-9.357024,-9.693334,-9.360734,-9.360736,-9.43271,-9.50853,-9.49449,-9.320535
c1ccc(cc1)OC=O,-3.82,-5.220809,-4.7894773,-5.5283384,-5.528339,-5.5821695,-5.3275814,-5.5867424,-5.093916,-4.9328055,-6.2143126,-6.4144807,-6.414483,-6.300608,-6.503505,-6.527489,-7.6619835,-4.14052,-4.2994504,-4.0724363,-4.0724363,-4.115647,-4.0571647,-4.2563357,-3.5797238,-4.5658684,-5.709145,-5.044111,-5.0441113,-4.9156537,-5.0728984,-7.397258,-4.5304494,-5.7445974,-6.599654,-7.006999,-7.007,-6.516868,-6.819542,-6.703536,-4.643747,-4.30227,-3.8350098,-3.4717383,-3.4717383,-3.5088868,-3.5069814,-3.489338,-2.5338886,-2.625029,-6.3351936,-5.9470854,-5.9470854,-6.0921273,-6.3155904,-6.04651,-6.6337056,-4.4909153,-7.8821163,-4.0766234,-4.076619,-4.8228927,-4.358799,-4.4790363,-3.293648,-3.895496,-4.2403126,-3.9945714,-3.9945722,-4.325307,-4.192165,-4.5224023,-4.3949013
CCC(C)(C)CC,2.56,-1.1086323,-1.8852087,-1.7140173,-1.7140173,-1.4283066,-1.2048545,-1.4225066,-1.9453189,2.691487,1.0091256,0.77272654,0.77272445,0.90177685,0.7350229,0.69158673,-1.4894397,3.0403278,0.85896087,1.1157151,1.1157154,1.1809322,1.581986,1.261275,1.5602324,2.345672,1.59684,3.4912412,3.4912364,4.038665,2.7596948,1.6071658,1.2958336,1.0285314,-1.3229405,-1.2101277,-1.2101283,0.6434766,0.63514143,-1.832117,1.0692687,-0.67786545,-3.0981607,-3.3055954,-3.3055954,-3.1881638,-3.255436,-2.977304,-2.7776096,2.1965988,0.6831352,0.8481842,0.84818363,0.902266,0.79451746,0.94446117,0.28075188,3.3593376,0.3987378,2.4053292,2.405335,1.4653014,2.7225652,2.4821587,1.2424797,2.2991579,2.55021,2.609476,2.609475,2.784894,2.423579,2.2881734,0.5816797
CCOC(OCC)Oc1ccccc1,-5.23,-6.800223,-4.871573,-6.7389145,-6.7389145,-6.850747,-5.6350384,-6.594965,-7.1176887,-4.624215,-5.367439,-6.028536,-6.0285373,-6.0476713,-6.1957283,-6.367381,-6.1889095,-5.500455,-5.3827953,-5.1011806,-5.1011806,-5.1568737,-5.294239,-5.4077716,-6.068616,-5.7451572,-6.388684,-6.1081486,-6.10815,-5.17138,-5.9584255,-7.504724,-6.8871036,-6.503363,-6.943298,-6.9845924,-6.9845924,-6.528545,-6.329104,-6.034432,-6.502237,-6.1344104,-4.876805,-6.0461097,-6.046109,-6.1092706,-6.344343,-5.46246,-7.4786644,-6.973787,-6.2308817,-5.939496,-5.939496,-5.981344,-6.3465023,-5.966532,-4.460375,-4.656124,-6.0141664,-5.1405606,-5.14056,-5.5819616,-4.7456555,-4.8281536,-5.072399,-5.4900193,-5.1399536,-5.3646336,-5.364634,-5.218738,-5.097234,-5.2117877,-5.2412214
CCCSCCC,-1.28,-2.0921476,-2.914322,-2.570335,-2.570335,-2.4612586,-2.8264625,-2.6798186,-2.1774755,0.7390334,-0.8069212,-0.041030318,-0.041033246,0.06955644,-0.21169059,-0.09612505,-0.3346911,-1.4050732,-0.22021988,0.043542676,0.04354273,0.09999075,-0.074140795,0.5884142,0.15123339,-1.3030016,1.0293177,1.1542598,1.1542559,1.256354,1.0604305,-0.47179583,0.38271043,-2.3168182,-2.0552254,-2.5771625,-2.5771632,-1.4834974,-2.624752,-1.7095252,-2.0547178,-3.093161,-4.316201,-3.9926472,-3.9926476,-3.877733,-4.023835,-3.6135168,-3.3042417,-0.78175133,-1.7241491,-1.0075736,-1.007574,-1.141787,-1.2118894,-1.0289993,-1.458054,1.0441891,-0.92316043,0.17428826,0.17429236,-0.58849263,-0.023240117,-0.39181966,-0.2524539,-1.2338445,1.3854035,2.2010043,2.2010038,1.7189164,1.5367017,2.6703336,1.5522368
CCCCCCCCO,-4.09,-1.5706438,-2.8257523,-2.2940195,-2.2940197,-2.1628807,-2.6200905,-2.3505845,-1.7602181,-2.4558573,-2.0379245,-1.836782,-1.8367847,-1.8088791,-2.1352246,-1.8842384,-2.4141545,-3.7281177,-4.3886986,-3.9283407,-3.9283402,-3.832181,-3.738611,-4.03203,-3.041693,-3.8005805,-2.8294601,-1.8202811,-1.8202851,-3.3268857,-3.3801498,-3.580636,-2.152475,-2.2937438,-1.959057,-2.1726897,-2.1726904,-1.3468984,-2.0962396,-1.7448184,-1.2412734,-3.300656,-4.924678,-3.9830103,-3.9830105,-3.8754492,-3.5271375,-4.4950185,-1.6025616,-4.9342585,-4.449374,-4.2098885,-4.209889,-4.2142906,-4.294967,-4.2242208,-4.7785115,-3.1896682,-2.9857583,-2.5267246,-2.5267224,-3.8134418,-3.3863745,-3.102768,-2.4448364,-4.378937,-3.9738746,-4.2058654,-4.205865,-4.1022744,-3.9677365,-4.042668,-4.0861363
c1cc(cc(c1)O)C=O,-9.52,-6.0370207,-5.459706,-6.1868777,-6.1868773,-6.220189,-5.997589,-6.2891583,-5.953451,-7.119985,-7.9380803,-8.268481,-8.268485,-8.16618,-8.30578,-8.375498,-8.753224,-9.212875,-8.253851,-7.8266053,-7.826606,-7.859812,-8.239144,-7.8598714,-9.510828,-9.210916,-9.639676,-8.098915,-8.098915,-8.6680565,-8.740291,-10.131768,-8.1485815,-8.869448,-6.5754776,-7.9240656,-7.924066,-6.662844,-6.6346297,-6.911859,-8.395015,-6.1078787,-3.6015897,-3.8381286,-3.8381283,-3.7138462,-3.9996376,-3.5867314,-4.2973037,-8.02054,-6.0289936,-5.9165707,-5.9165716,-5.933386,-6.2798247,-5.916664,-6.09646,-8.739506,-9.043551,-8.8690815,-8.869079,-9.440377,-8.737936,-8.7055435,-8.871532,-9.761458,-9.839765,-9.899748,-9.899749,-9.906699,-9.751096,-9.685308,-9.790431
C[C@@H](c1ccc(c(c1)F)c2ccccc2)C(=O)O,-8.42,-7.1512055,-4.001951,-5.818096,-5.818096,-5.986936,-4.4352365,-6.088561,-6.3976316,-7.895192,-6.552766,-7.198478,-7.19848,-7.1846533,-6.961625,-7.5700336,-8.250478,-8.385538,-9.069021,-8.225559,-8.225561,-8.548538,-8.186336,-8.242101,-8.231835,-9.116468,-7.3473105,-7.4018044,-7.4018044,-6.884484,-7.328334,-8.269736,-8.259101,-8.63854,-4.582433,-6.5025773,-6.502575,-6.4004235,-5.661781,-6.5817223,-8.795306,-7.8989043,-5.5038013,-6.2227,-6.2227006,-6.4526954,-6.4119225,-5.836901,-9.050776,-9.441589,-6.4120016,-6.3781543,-6.378154,-6.8317337,-6.517473,-6.6954165,-7.9115715,-8.607519,-10.778065,-8.87083,-8.870829,-9.4243355,-8.189164,-8.851811,-8.410411,-8.320616,-8.060218,-8.614864,-8.614866,-8.477948,-8.333183,-8.28921,-8.418812
CCCCS,-0.99,-0.9570834,-1.7627336,-1.0311794,-1.0311794,-1.1277257,-1.132627,-1.1812141,-0.8879223,0.28801328,-1.0894675,-1.37737,-1.3773739,-1.2775269,-1.5827094,-1.4468082,-1.804503,-0.75328827,-0.29911974,-0.46219102,-0.46219096,-0.47202915,-0.06985428,-0.35632962,-0.9155693,-2.3339841,-0.682339,-0.3027649,-0.30276793,-0.624718,-0.8888885,-2.082296,-0.6487951,-1.3548105,-1.1836778,-0.8805927,-0.88059366,-0.4447766,-1.1336155,-0.8485533,-0.24776873,-3.9727318,-3.3477335,-3.176114,-3.176114,-3.2538636,-3.6529357,-3.0376596,-2.622898,-1.4641953,-1.6988075,-1.660074,-1.6600739,-1.4341133,-1.4379418,-1.5424377,-1.2190068,0.18774155,-0.9928209,0.9426099,0.9426147,0.22587696,0.62202907,1.0954152,-0.30881283,-1.0540115,-0.98037595,-0.9420712,-0.9420711,-1.0165032,-1.0109047,-0.95411646,-1.3525823
Cc1cccc(n1)C,-4.59,-4.9333873,-5.0603037,-5.2927365,-5.292736,-5.326244,-5.2853303,-5.328425,-4.5041003,-4.2877913,-3.0091946,-3.4202847,-3.4202888,-3.309436,-3.634263,-3.4959538,-3.3437214,-4.6212482,-4.1858225,-3.6997702,-3.6997705,-3.6111429,-3.8253064,-3.2059891,-4.343353,-4.718211,-4.41698,-3.0638857,-3.06389,-3.5249054,-3.5722609,-4.887359,-2.577641,-3.5498862,-1.9611896,-2.926031,-2.9260318,-2.2769754,-2.376341,-3.1432137,-4.281248,-5.903325,-3.521286,-3.8479493,-3.8479493,-3.6984048,-3.9694376,-3.3713698,-4.253407,-5.3568153,-3.5109622,-3.4471822,-3.4471824,-3.4809544,-3.3698711,-3.3720784,-3.6427107,-2.501575,-3.8465784,-3.5116177,-3.511615,-3.8021603,-3.7059572,-3.6180155,-3.6806746,-4.652324,-4.4270067,-4.6710258,-4.6710258,-4.584687,-4.5048375,-4.645265,-4.428565
S,-0.7,-2.2756073,-4.323622,-1.9680125,-1.9680121,-1.8229501,-3.9184384,-2.037003,-1.6582738,-0.91301554,-0.1796593,-0.6847686,-0.6847697,-0.66939074,-0.5509692,-0.69555044,-0.08234498,-0.84684545,-0.32012767,-0.3626872,-0.36268723,-0.35600358,-0.17520122,-0.33473077,-1.3397502,-0.7834287,-1.3649315,-0.29031524,-0.29031533,-0.25202006,-0.46046898,-2.219321,-0.4941792,-0.556448,-0.8274453,-1.7184912,-1.7184913,-1.4979376,-1.5816406,-1.2571384,-1.1134194,-1.5690266,-1.8715338,-1.1142459,-1.114246,-1.1363263,-1.2989854,-1.1468292,-3.653978,-1.3642315,-4.8513002,-3.9620438,-3.962045,-3.951676,-4.767184,-3.9775743,-2.6109881,-0.41730055,0.27594692,-0.35460302,-0.35460165,-0.39425394,-0.5677757,-0.7217374,-0.9578385,-0.47131294,-0.44280842,-0.3466243,-0.3466243,-0.48809996,-0.37760323,-0.5463249,-1.4061204
CC(C)CCC(C)(C)C,2.93,-1.7008699,-2.2677243,-1.8626641,-1.8626642,-1.7668834,-1.8194685,-1.7848047,-1.614757,5.1841154,0.95013946,2.402284,2.4022808,2.6153045,3.0320508,2.2497025,-0.08431069,1.8394912,1.2558813,1.2254027,1.2254028,1.4674147,1.578009,1.2055243,1.3743979,2.3543496,1.2870884,2.933527,2.9335217,3.553226,2.2425108,1.80952,1.1035966,-0.47490352,-1.8886346,-1.8735222,-1.8735225,-1.3981974,-2.302728,-1.4456238,-1.2624437,-3.0932546,-4.063413,-3.8410149,-3.8410153,-3.5845075,-3.6636922,-3.68578,-2.4581468,1.6100308,0.22114778,0.63865924,0.6386592,1.440426,0.5766354,1.3839179,0.09355542,3.1433346,1.6854084,3.3625093,3.362513,2.5018137,2.259892,2.7226412,1.9872584,2.8916004,1.0252104,1.660199,1.6601992,0.2028448,1.3475083,0.21034284,-0.06946151
CC(C)CO,-4.5,-2.329304,-2.6480749,-2.6664047,-2.666405,-2.7305057,-2.4661481,-2.6275878,-2.4336803,-3.000529,-1.916406,-2.4963725,-2.4963748,-2.40194,-2.1809688,-2.5549076,-2.6257932,-4.488967,-5.048833,-4.832653,-4.832653,-4.8339915,-5.1422806,-4.9004397,-5.194861,-5.5001945,-3.793215,-2.351039,-2.3510444,-2.6098032,-3.4945245,-3.8762667,-2.6274433,-6.576815,-3.0646558,-3.446818,-3.4468186,-3.634553,-3.3249538,-3.8582633,-5.213559,-2.7189348,-2.7504041,-2.650012,-2.650012,-2.5862508,-2.5582945,-2.3968382,-2.1439812,-5.291709,-3.9769592,-3.9503722,-3.950372,-3.9134476,-4.1640325,-3.8869522,-4.278606,-4.1302137,-5.4783225,-4.6409364,-4.6409297,-5.659127,-4.916126,-4.592867,-3.5759678,-4.9559536,-5.2487793,-5.143583,-5.143583,-5.2544403,-5.1911826,-5.243053,-5.0081244
CCC(=O)Nc1ccc(c(c1)Cl)Cl,-7.78,-7.263671,-4.8096557,-6.809768,-6.8097672,-7.015582,-5.485891,-7.0337853,-7.89423,-4.495652,-4.2929206,-5.611425,-5.611428,-5.4492316,-5.755939,-5.4613366,-6.6262155,-7.833024,-7.513423,-6.6892633,-6.6892633,-6.9177885,-7.4610386,-7.1967545,-7.901569,-8.420208,-7.359402,-6.279764,-6.279766,-6.3609505,-6.7205405,-8.018713,-7.688257,-5.521566,-5.038147,-6.0750747,-6.0750737,-5.2983384,-4.9691987,-5.3809385,-6.6809697,-5.040141,-4.912903,-4.344812,-4.344812,-4.497558,-3.9578402,-4.5290723,-3.6225426,-9.002004,-5.755714,-5.7386,-5.7386003,-5.900643,-5.9350967,-5.8404713,-6.637676,-7.583697,-6.9210076,-7.3546286,-7.3546257,-7.9630346,-7.642376,-7.980611,-7.5290117,-7.8424377,-7.6244793,-7.8989778,-7.8989778,-7.7708697,-7.6658945,-7.655436,-7.778868
CCCCC#N,-3.52,-1.4441345,-2.3616924,-1.8279947,-1.827995,-1.86674,-2.074067,-2.2161613,-1.7084801,-1.4875675,-2.5800462,-3.0503566,-3.0503602,-2.9531488,-3.0318727,-3.0438704,-2.8792129,-3.8535812,-1.8427184,-1.7349042,-1.734904,-1.784948,-1.81129,-1.6057905,-3.9830885,-2.3986785,-1.0219786,-0.48515287,-0.4851563,-0.5296023,-1.0607362,-1.9886271,-1.0287839,-2.9834857,-3.2260456,-3.316563,-3.316564,-2.750454,-3.4060807,-2.0380216,-2.943483,-2.775683,-3.644496,-2.9566967,-2.956697,-2.9952471,-3.0888743,-3.2115772,-2.113188,-4.149697,-1.5248754,-1.7741817,-1.774182,-1.7301408,-1.7534654,-1.7864101,-1.2729204,-2.4934354,-5.511268,-3.0853665,-3.085363,-3.960478,-3.2435536,-3.5687675,-2.6131923,-3.4304116,-3.320559,-3.3542612,-3.3542614,-3.3542514,-3.2666028,-3.3484538,-3.6708374
CCSCC,-1.46,-1.8776001,-2.6192527,-2.1610656,-2.1610656,-2.1780133,-2.4017084,-2.2294319,-1.8926388,-0.9184594,-0.036439266,-0.53533155,-0.5353347,-0.44110677,-0.6964833,-0.64297056,-1.3136506,-1.630406,-0.5555679,-0.6657597,-0.66575974,-0.7574819,-0.4712039,-1.0216879,0.10184938,-1.335393,0.9435476,1.1258564,1.1258528,0.62006307,0.35980305,-1.212832,0.37073916,-1.4201497,-1.1010435,-1.6195831,-1.6195829,-1.2000706,-1.2485775,-0.9429182,-1.3585622,-2.9336274,-3.6969185,-3.3532612,-3.3532612,-3.2869244,-3.4921796,-3.0395894,-1.9716569,-0.9061085,-1.3418813,-0.9488771,-0.94887733,-0.4378783,-0.6735219,-0.3623641,-1.1412406,-0.50662225,-1.4450699,-1.5457951,-1.5457921,-2.5132189,-1.7131107,-2.005157,-0.998329,-1.42604,0.022555798,-0.77330923,-0.77330935,-0.654634,-1.0108596,-0.3452036,1.0077364
COP(=O)(OC)OC,-8.7,-4.444249,-4.2226,-4.326189,-4.3261895,-4.397762,-4.133617,-4.362641,-4.0752683,-6.9324174,-5.982927,-6.611566,-6.6115685,-6.5190787,-6.743725,-6.699731,-7.591923,-8.318392,-7.9158955,-7.312533,-7.312533,-7.386429,-8.100256,-7.4538736,-8.933194,-7.3429465,-4.429475,-3.2860088,-3.2860126,-4.6048303,-5.9655533,-5.0199842,-5.4874706,-7.9045043,-4.516069,-4.6136,-4.613601,-4.679549,-4.82833,-4.6124163,-5.514661,-6.254808,-3.4309752,-3.957683,-3.957683,-3.7780433,-4.061055,-3.4628124,-4.36717,-8.459176,-3.9808502,-4.4771605,-4.47716,-4.5101123,-4.759744,-4.416193,-5.2508388,-7.5980988,-6.6450486,-7.596407,-7.596405,-8.503429,-7.259127,-8.237785,-7.9010406,-8.7724,-8.764697,-8.74129,-8.74129,-8.6847925,-8.576176,-8.68339,-8.671274
CCCCC,2.3,-1.4533293,-1.9736469,-1.5025743,-1.5025742,-1.5834467,-1.4821647,-1.4764436,-1.2070683,1.2074554,-0.14566429,-0.32512537,-0.3251268,-0.23470104,-0.2998711,-0.4482482,-1.3625336,2.2630944,-0.3170956,-0.17063276,-0.17063276,-0.18155451,0.09730028,0.031823404,-0.1049999,1.2146499,0.9674638,1.8285596,1.828557,2.114487,1.4336226,0.15821862,0.34727484,-0.697995,-1.4230713,-1.5908662,-1.590867,-0.50734425,-0.12927033,-2.087185,0.49872303,-0.17006755,-3.3409443,-3.1754704,-3.1754706,-3.0900896,-3.443367,-2.9948454,-2.496336,2.0096583,1.6565088,2.3403733,2.3403728,2.31086,1.8044022,2.3424225,0.8067272,2.212162,-0.14947009,1.246033,1.2460363,1.1221774,1.156426,1.4253572,0.44382447,1.7189324,1.3166764,1.4675542,1.4675541,1.5672586,1.3514464,1.5640143,1.0490906
CC#C,-0.48,-2.627384,-1.3659819,-3.4146938,-3.4146934,-3.4055827,-2.4187179,-3.3204508,-2.157804,-0.011508325,-1.677417,-1.8902096,-1.8902124,-1.8295733,-1.3494616,-2.062369,-3.1060803,-0.53638935,-2.5610175,-2.3742425,-2.3742425,-2.3984718,-2.6647954,-2.3559701,-2.9323597,-2.3885677,-2.9032989,-1.7386589,-1.7386618,-1.6755805,-2.6589642,-3.7313933,-1.7501084,-0.77903354,-1.4131866,-1.3376763,-1.337675,-0.83896995,-0.67614985,-0.57221925,-1.1400086,-1.5195084,-3.1690435,-2.502548,-2.502548,-2.5562878,-2.8917043,-3.297305,-1.3109198,-1.3267488,-1.7701396,-1.7409965,-1.7409966,-1.7348549,-1.4313517,-1.6473521,-1.2618927,0.0043846676,-1.4139532,-0.23242368,-0.23242192,-0.44053787,-0.03876796,-0.041832928,-0.41075855,-0.05765183,0.04811021,0.04143236,0.041432228,-0.01563812,-0.25728023,0.12374014,0.43454835
CC(C)(C)Cl,1.09,-2.6208377,-1.8214786,-1.9920316,-1.9920313,-1.7469616,-1.0432379,-1.8790487,-1.8039677,-2.6494544,-0.9089402,-1.0495609,-1.0495647,-0.9297663,-0.9374393,-1.1384004,-1.2006273,-0.051335104,-1.4327134,-1.5720209,-1.5720208,-1.5878298,-1.5746844,-1.501242,-1.8622338,-0.41925555,0.3407808,0.7440788,0.74407446,0.37663975,-0.07167533,-0.5290699,0.15938175,-0.17363296,-2.6914454,-1.9207436,-1.9207433,-2.0483267,-2.1458929,-1.5067726,-3.1732385,-3.3308952,-2.4682345,-2.2054381,-2.2054381,-2.1413305,-1.9591674,-2.0325003,-1.6809102,0.6480013,0.6259174,0.44867244,0.4486722,0.48296088,0.6786791,0.4989141,0.06562435,2.5685012,-1.2766416,-0.31540006,-0.31539646,-1.3399919,-0.5604782,-0.38219666,-0.9266883,2.2554517,1.7011727,1.6206871,1.6206872,1.7391189,1.484515,1.7434932,1.409074
c1ccc2c(c1)Oc3cc(c(cc3O2)Cl)Cl,-3.56,-7.659157,-6.1698914,-7.6563764,-7.6563773,-7.691311,-6.7098365,-7.626794,-8.370926,-4.120255,-5.536657,-5.508346,-5.508348,-5.3658123,-5.2708616,-5.715795,-5.2094464,-3.816486,-5.6320643,-5.1930532,-5.193055,-5.1287637,-5.587779,-5.0421844,-4.8059387,-4.0772147,-3.8701725,-3.199854,-3.199854,-3.3766248,-2.8651927,-4.531221,-3.9717195,-3.2737267,-3.4898775,-3.479919,-3.4799194,-2.3947244,-3.0654655,-2.2803755,-3.4886758,-2.208867,-5.1571336,-4.3936486,-4.3936486,-4.704662,-4.1003304,-5.11968,-3.236678,-4.0729413,-5.709525,-5.422599,-5.422599,-5.451227,-5.942142,-5.4509454,-4.3428335,-3.5973296,-6.8432817,-4.910937,-4.910935,-5.139414,-4.905129,-4.9584303,-3.927603,-3.654716,-3.5339594,-3.6674664,-3.6674666,-3.5550034,-3.5457633,-3.538905,-3.5712228
CCCCC(=O)OCC,-2.49,-3.1241403,-3.4398336,-3.6029606,-3.60296,-3.5202348,-3.748748,-3.9849806,-3.2130766,-2.9452734,-4.66671,-4.7511477,-4.7511506,-4.540331,-5.0596023,-4.891272,-4.2779593,-2.5506167,-1.8948243,-1.6626987,-1.6626985,-1.5375805,-2.0393138,-1.4382217,-3.0057604,-3.5785034,-3.745648,-2.6440187,-2.6440227,-2.4942985,-3.0943687,-4.2426486,-2.7911882,-3.063401,-3.739923,-4.5576305,-4.5576315,-3.465336,-3.6068327,-3.3197732,-4.1734195,-4.415797,-4.5555754,-4.486112,-4.486112,-4.151485,-4.3852715,-4.2606606,-3.5087569,-3.5554054,-5.2126365,-4.9850173,-4.985017,-4.904106,-5.3436627,-4.919556,-4.009005,-2.1123526,-4.5541368,-3.7208009,-3.7207978,-3.7853606,-3.966245,-3.3689778,-2.5334847,-2.4044452,-2.4349387,-2.5148773,-2.5148776,-2.4403458,-2.4649565,-2.3661287,-2.3859622
CCc1cccc2c1cccc2,-2.4,-6.222674,-5.6746936,-6.4013853,-6.401384,-6.37185,-6.045775,-6.234526,-5.869131,-2.2697804,-3.0740197,-3.5931685,-3.5931726,-3.4400535,-3.6983938,-3.5958622,-2.8648574,-2.7442067,-3.3566346,-2.859221,-2.8592207,-2.7698228,-2.885271,-1.9516684,-3.355657,-3.0225382,-2.9385824,-3.0487041,-3.0487032,-2.8695934,-2.253899,-4.259559,-3.350628,-7.1559296,-6.6690187,-6.7222037,-6.7222047,-6.2286134,-6.5610156,-6.8608584,-7.073244,-2.4933698,-4.0660877,-4.6960416,-4.696041,-4.556315,-5.0001583,-4.006344,-4.700994,-3.187005,-0.7485055,-0.7418733,-0.74187344,-1.0546591,-0.8628033,-0.9505833,-0.81347084,-2.0498402,-4.4345727,-3.2864199,-3.2864177,-3.8446367,-3.0619335,-2.7738237,-2.5677967,-2.5813508,-2.3585901,-2.4087105,-2.4087107,-2.4274871,-2.386942,-2.3643763,-2.279861
c1ccc(cc1)CCO,-6.79,-3.0445285,-3.4241457,-3.5397782,-3.5397782,-3.6077511,-3.5397487,-3.6645489,-3.2783632,-4.0685625,-3.278949,-3.8735647,-3.8735669,-3.7322283,-4.00416,-3.906134,-3.7949412,-6.295034,-7.1364822,-6.811619,-6.811619,-6.9634237,-7.1222644,-6.5042334,-9.581336,-6.252274,-5.32152,-4.5138507,-4.5138545,-5.0514917,-4.609368,-5.956992,-4.2157817,-4.303136,-3.7823765,-4.3246155,-4.324615,-3.9647305,-3.8031023,-4.190802,-2.8224626,-0.5785066,-3.7715244,-3.7323225,-3.7323227,-3.6506133,-3.8996027,-3.3413842,-2.6863205,-6.190279,-4.287982,-4.1628246,-4.162825,-4.229163,-4.421226,-4.2376704,-4.7854795,-5.2734976,-5.5950937,-5.5803466,-5.580342,-7.1042542,-6.954176,-7.314376,-5.2867084,-6.811891,-6.8312426,-6.886663,-6.8866615,-6.815759,-6.79566,-6.7919936,-6.9023757
C1[C@@H]2[C@H](COS(=O)O1)[C@@]3(C(=C([C@]2(C3(Cl)Cl)Cl)Cl)Cl)Cl,-4.23,-3.6964138,-3.2741556,-4.5914817,-4.5914817,-4.3482914,-4.119901,-4.7146077,-2.9122257,-4.332323,-2.6323779,-4.3887506,-4.388754,-4.217113,-4.797832,-4.3544526,-5.1923842,-4.393268,-5.878105,-5.998576,-5.9985757,-6.084401,-6.420522,-5.96768,-4.3608704,-4.803331,-4.733577,-4.5084295,-4.508432,-3.816861,-4.7382355,-5.2018056,-4.144442,-3.9183364,-3.0554607,-3.8763177,-3.8763168,-3.33111,-2.8909192,-3.8821776,-4.0863605,-4.9388127,-3.8179188,-3.9816241,-3.9816241,-3.8625162,-4.222101,-3.8010325,-3.8806844,-5.880773,-6.5880275,-5.805967,-5.805968,-5.9833655,-6.414104,-5.923246,-6.1959915,-4.219392,-7.4685826,-4.544241,-4.544239,-5.4698896,-4.628094,-4.7835627,-4.3234987,-4.3178554,-4.0852633,-4.36908,-4.3690796,-4.255171,-4.0942535,-4.197212,-4.204927
CCCl,-0.63,-1.4552351,-1.3621463,-1.4201592,-1.4201593,-1.4637437,-0.98814464,-1.6041964,-1.3492775,-1.5428971,-1.4105139,-2.2600372,-2.2600398,-2.2143865,-1.817019,-2.2147686,-2.8720908,-0.8001941,-0.79379064,-1.0308421,-1.0308421,-1.0563232,-0.8094475,-1.0729626,-1.6239973,-0.95255625,-0.22336097,0.3868331,0.3868303,0.17404889,-0.025175842,-1.3931807,-0.46173427,-2.3249643,-0.6537253,-1.0236043,-1.0236052,-0.40156078,-1.1737173,-0.6195586,-1.1868573,-1.9810655,-2.4059455,-2.1111546,-2.1111546,-2.0953753,-2.1089935,-2.1090121,-1.8059833,-0.6589516,-0.09520616,-0.47939375,-0.4793938,-0.42077866,-0.19866508,-0.5181517,0.17313601,0.000922669,-2.2580032,-1.703098,-1.7030973,-2.3003683,-1.1516917,-1.5023707,-1.4580169,-0.47131294,-0.44280842,-0.3466243,-0.3466243,-0.48809996,-0.37760323,-0.5463249,-1.4061204
CCOC(C)OCC,-3.28,-3.5550995,-3.7478008,-4.1694565,-4.169456,-4.129799,-3.942056,-3.8887253,-3.7052865,-1.8371872,-1.5483899,-1.7611355,-1.7611387,-1.7024835,-1.5786071,-1.9627124,-1.9268867,-3.065953,-1.4702822,-1.1564835,-1.1564833,-1.124806,-1.4312428,-1.5607954,-2.6987357,-3.0220973,-2.6880827,-2.1487179,-2.148721,-2.2441566,-2.4271033,-4.2262387,-1.8374561,-1.9588735,-4.113237,-4.3005753,-4.3005757,-3.6727107,-4.0943313,-3.5776784,-3.1366622,-4.67173,-3.784267,-4.2548423,-4.2548428,-4.1216865,-4.4604635,-3.7428386,-5.419556,-3.4487526,-4.4328246,-4.2682996,-4.2683,-4.2303123,-4.5756297,-4.2077727,-3.6335816,-1.8506371,-2.0211775,-1.8689976,-1.8689959,-2.7029214,-2.356342,-2.244252,-0.83671105,-3.3641753,-3.1894321,-3.3927872,-3.3927875,-3.2633185,-3.234935,-3.2365344,-3.3936021
Cc1cccs1,-1.38,-4.534315,-4.9651794,-4.7106752,-4.7106752,-4.726801,-5.008994,-4.788697,-3.7620394,-1.0062089,-1.2240081,-0.8028758,-0.80288,-0.7097222,-0.88481617,-0.98414665,-1.4956566,-3.0469677,-2.8324351,-2.8280935,-2.8280935,-2.8255517,-2.8531287,-2.657081,-2.324076,-2.4919,-3.4417415,-1.8046067,-1.8046086,-1.8256133,-2.7703311,-3.7986317,-1.684332,-3.1314397,-4.3361993,-5.617841,-5.6178417,-5.4040093,-5.456216,-5.157689,-5.687131,-3.4617832,-3.2982445,-3.2570338,-3.2570336,-3.2271628,-3.303855,-2.9702926,-3.5851712,-1.5586321,-2.4202967,-2.344573,-2.3445733,-2.4648988,-2.1052692,-2.3008273,-1.3952398,-1.4835484,-2.7620196,-1.8759102,-1.8759056,-2.694744,-2.2685626,-2.3405068,-1.3657455,-1.4828011,-1.97989,-1.7467207,-1.7467209,-1.7441194,-1.7406716,-1.7930831,-1.8835968
c1cc(cnc1)C=O,-7.1,-5.5737553,-5.2339616,-5.723111,-5.7231116,-5.746194,-5.741953,-5.8218403,-5.3942146,-4.678181,-7.2497964,-7.231335,-7.2313385,-7.121776,-7.2041054,-7.3859096,-7.620241,-5.294965,-4.0601797,-3.8086958,-3.808696,-3.742563,-3.726918,-3.5983398,-3.6150923,-7.5073752,-7.0488477,-5.9470053,-5.9470077,-6.272701,-6.5040846,-8.133964,-6.0249934,-7.5506325,-5.424449,-6.667244,-6.667245,-5.649812,-5.9308124,-5.4964447,-6.183034,-3.7070193,-3.3595936,-3.3518412,-3.351841,-3.2813456,-3.4440522,-3.0918634,-3.3288593,-8.343528,-4.9622784,-5.027078,-5.0270786,-5.144346,-5.094055,-5.0912747,-5.376369,-6.0882587,-6.3936906,-5.228919,-5.2289157,-5.850164,-5.5863266,-5.444511,-5.220631,-7.143565,-7.126125,-7.139742,-7.1397414,-7.0910716,-7.0335627,-7.043557,-7.1464834
CCCCC=C,1.58,-1.304514,-2.301941,-1.6116096,-1.6116098,-1.5878079,-1.9367403,-1.7049536,-1.2937794,0.90038186,-0.60918015,-0.87107885,-0.871081,-0.74319196,-0.889544,-1.0142334,-1.5021219,0.43350825,-1.8175517,-1.358908,-1.3589079,-1.362342,-1.5983346,-1.170064,-1.0871143,0.3063012,0.2763509,0.90563476,0.905629,1.5604534,0.6842469,-0.990925,0.14126067,-2.7702203,-2.1234407,-2.309522,-2.3095226,-1.4698095,-2.0137544,-1.5093775,-1.5038321,-3.210322,-3.8696225,-3.230278,-3.2302775,-3.174285,-3.1863885,-3.328014,-1.8771229,1.0007261,0.63011914,0.8658027,0.86580294,0.83221847,0.7065207,0.7658958,0.22865841,2.163466,-1.4215311,0.65693045,0.6569358,0.11011588,1.0114731,1.069955,0.3145458,0.5530732,0.39061412,1.0361062,1.0361063,0.80190957,1.1023978,1.0070796,0.38545984
CCCN(CCC)c1c(cc(cc1[N+](=O)[O-])C(F)(F)F)[N+](=O)[O-],-3.25,-5.498202,-3.9682407,-5.6118364,-5.6118364,-5.5927143,-5.044669,-5.744301,-5.119046,-4.735624,-6.9135375,-5.4095383,-5.4095416,-5.2253733,-6.235467,-5.0580645,-5.8507376,-3.3936334,-5.9600554,-5.8250785,-5.825078,-6.2094736,-5.2240925,-5.228635,-2.1150253,-3.4430575,-2.7081842,-2.3796887,-2.379689,-1.2023921,-2.0525198,-4.1936374,-1.6762707,-3.4110177,-6.249929,-6.4193506,-6.4193506,-6.1250925,-6.042068,-6.161643,-4.1325564,-4.3878927,-4.7284355,-5.5535536,-5.5535536,-5.420503,-5.5412564,-5.2276177,-3.8146925,-4.6723447,-5.5681624,-5.654604,-5.6546035,-5.710294,-6.060874,-5.6333213,-6.576834,-3.5937119,-7.1973176,-4.41184,-4.4118376,-4.9461536,-4.267434,-4.7642775,-4.3177147,-4.132985,-4.729252,-3.808657,-3.8086574,-3.790646,-3.7578843,-3.8274055,-7.0128937
CCCc1ccc(cc1)O,-5.21,-2.6282248,-3.1424017,-3.0715327,-3.0715325,-2.864726,-3.2045186,-2.8265703,-2.746728,-4.144912,-3.379647,-3.5334687,-3.5334725,-3.3401737,-3.7351632,-3.5368953,-2.9126184,-5.307949,-5.7673125,-5.589989,-5.58999,-4.9074655,-5.5548296,-3.8936813,-6.0804315,-5.1911807,-4.2809114,-3.7502866,-3.750288,-3.9357297,-3.8784153,-5.295672,-4.5281157,-4.5189147,-3.434361,-3.9216266,-3.9216266,-3.4486797,-3.561745,-3.184118,-2.745129,-2.3079896,-4.4352765,-3.557869,-3.557869,-3.631835,-3.4788022,-4.4096165,-1.8636656,-6.9252152,-4.200347,-4.2867084,-4.286708,-4.331326,-4.602303,-4.306564,-4.4576654,-5.3595057,-5.300718,-5.424253,-5.4242487,-6.447289,-6.0921254,-5.878575,-5.650949,-5.2552876,-6.051008,-5.160919,-5.160919,-4.83277,-5.1263556,-4.8169675,-6.6068563
c1ccc(c(c1)C=O)O,-4.68,-5.717793,-5.653609,-5.7908254,-5.790826,-5.799472,-5.8896484,-5.8845086,-4.8946786,-8.149849,-8.040329,-8.259376,-8.259378,-8.172844,-8.298762,-8.336048,-7.079986,-6.234625,-7.425023,-7.131207,-7.1312075,-7.1888876,-7.521448,-7.1984777,-8.411772,-7.5196137,-9.354159,-8.290901,-8.290907,-8.626414,-8.778962,-10.45178,-8.461915,-7.855531,-7.990091,-8.041459,-8.04146,-7.6035743,-8.927155,-7.343555,-9.018104,-5.6491857,-3.393392,-3.603788,-3.603788,-3.5075831,-3.6975303,-3.2300558,-4.07327,-6.896003,-6.1915483,-5.921405,-5.921405,-5.9253926,-6.3571973,-5.9068913,-5.909686,-4.10497,-9.708181,-9.000845,-9.000841,-8.956816,-7.4267797,-8.494074,-5.4609175,-4.7273955,-7.4185658,-6.7353816,-6.735381,-6.8555803,-6.5428123,-7.072085,-5.5183253
CCCC(C)(C)C,2.88,-0.97250855,-1.4514316,-0.8331981,-0.83319825,-0.71238685,-0.5570076,-0.8666601,-0.55001706,2.9520583,0.4674279,0.82385343,0.8238495,0.97878796,0.8941132,0.6797099,-1.2812742,1.5766261,0.37629327,0.7201651,0.72016513,0.7083,1.2052747,0.6353195,0.60880566,2.1142404,1.6809326,3.0296047,3.0296006,3.521168,2.484204,1.9433141,0.9210039,0.44549292,-1.4395974,-0.7499852,-0.74998546,-0.6167774,-0.9209058,-0.78964293,-0.058904912,-0.88206005,-3.6380038,-3.3149056,-3.3149056,-3.2613487,-3.2898788,-3.2819371,-1.5097007,1.9917157,1.0688732,1.3454896,1.3454899,1.3549867,1.1341183,1.303772,0.5403299,4.034504,-0.84205127,1.6476133,1.6476166,0.9779628,1.9614638,1.4431969,0.78557116,2.69668,1.9119551,2.593514,2.5935135,1.7621884,2.3811367,1.4569141,1.0750103
CCNc1nc(nc(n1)SC)NC(C)C,-7.65,-6.8207674,-5.740398,-7.0519857,-7.0519853,-7.2038116,-6.394203,-7.2778993,-6.9975147,-7.9938765,-8.427597,-8.008125,-8.008128,-7.9618173,-7.9674206,-7.8989353,-6.487341,-7.606021,-7.8460665,-7.874951,-7.8749495,-7.831973,-8.453769,-6.564078,-7.720528,-7.962279,-9.058077,-7.743435,-7.7434387,-7.055578,-8.555717,-8.943956,-8.314425,-7.717762,-7.227075,-7.2979736,-7.2979746,-6.8095317,-6.3115106,-6.6344004,-7.8180714,-7.477904,-5.016403,-6.8759274,-6.875928,-6.761532,-7.4384966,-5.9268436,-7.0782175,-8.407727,-6.404157,-6.4917364,-6.4917364,-6.4999924,-6.642212,-6.426866,-6.7561464,-7.512291,-7.4873586,-7.582966,-7.5829635,-8.157024,-7.3876495,-8.399315,-8.28612,-7.778146,-7.611062,-7.9043965,-7.904396,-7.6560435,-7.36131,-7.5259347,-7.6693964
CCCC(=O)OCC,-2.49,-2.198403,-2.8851006,-2.5145936,-2.5145938,-2.4551651,-2.747539,-2.566451,-2.0602965,-3.0440693,-3.576442,-3.772173,-3.7721767,-3.6862342,-3.7236888,-3.936926,-2.691498,-2.9842594,-1.3197297,-1.1121147,-1.1121145,-1.2556126,-1.5210826,-1.126556,-2.8783505,-3.1749809,-2.314643,-1.8053542,-1.8053589,-1.8132513,-2.214387,-3.7640173,-2.0709002,-3.2214293,-2.8983793,-3.6594915,-3.6594913,-2.8659356,-3.6097898,-2.7038062,-2.9651115,-4.4071045,-4.198851,-3.9704661,-3.970466,-3.9843354,-4.034468,-3.6672325,-3.5617983,-3.2647996,-5.350743,-5.054055,-5.0540557,-5.040728,-5.497149,-5.0137153,-4.093943,-2.737269,-2.5714064,-2.2945366,-2.294533,-3.431728,-3.3190227,-3.0838387,-2.0519655,-2.4558089,-2.4228601,-2.44936,-2.44936,-2.4276876,-2.4547918,-2.3618762,-2.0054195
CC(=O)c1ccc(cc1)OC,-4.4,-5.7019067,-4.774704,-5.9910827,-5.991082,-6.2020955,-5.3848286,-6.3800945,-6.318385,-5.0646987,-7.1799364,-7.2807097,-7.280711,-7.288557,-7.968065,-7.727391,-6.8070436,-4.947688,-3.2156465,-3.001843,-3.001843,-3.2623208,-3.4860435,-4.1851707,-4.884185,-4.638156,-4.2544665,-4.226409,-4.2264123,-3.983788,-4.1907997,-6.6206226,-5.3824143,-5.645716,-6.457428,-6.681236,-6.6812363,-5.8429236,-5.947723,-5.435173,-5.4087553,-2.1999955,-5.084978,-3.9724066,-3.9724064,-4.4847393,-3.333454,-4.86579,-3.160285,-5.5754538,-4.592128,-4.705948,-4.7059474,-4.691428,-5.0783095,-4.7194953,-3.4086213,-4.8789854,-6.3289385,-6.459723,-6.4597216,-7.0686283,-5.7175207,-6.5011835,-4.197185,-4.515856,-4.3900466,-4.5231533,-4.5231547,-4.405994,-4.315661,-4.3637643,-4.4686246
CC(=CCC/C(=C/CO)/C)C,-4.45,-3.515422,-3.401662,-3.7716556,-3.7716556,-3.1192746,-3.7127619,-3.1981344,-3.293845,-3.08215,-3.1266806,-3.3798046,-3.3798091,-3.2958694,-3.9447606,-3.708467,-4.3283052,-4.714557,-7.5864506,-6.9448376,-6.944837,-7.3280916,-7.364397,-6.399093,-5.4362326,-5.654996,-4.0588307,-2.7779949,-2.7779992,-2.5492823,-3.1966085,-4.1303463,-3.66135,-3.9121685,-3.4412851,-4.327682,-4.327682,-3.816735,-4.237569,-3.0086572,-3.7803304,-5.055026,-4.9340935,-4.586761,-4.5867605,-4.6774306,-3.5850863,-4.6357303,-3.9724889,-4.997582,-5.217895,-4.7601023,-4.7601013,-4.9684725,-4.924806,-4.998234,-5.5793824,-3.9230065,-4.1766768,-3.9067478,-3.906747,-4.380905,-4.178568,-3.8876634,-4.043497,-4.50124,-4.430339,-4.536152,-4.536153,-4.418666,-4.417426,-4.369508,-4.4879503
c1cc(c(cc1O)Cl)Cl,-7.29,-6.4105864,-6.0916104,-6.3908753,-6.3908753,-6.401869,-6.3360786,-6.5414367,-5.646041,-7.7266297,-8.617704,-9.222098,-9.222102,-9.103491,-9.280191,-9.412805,-11.168392,-6.9957047,-7.07908,-6.647029,-6.64703,-6.789924,-7.1877465,-6.750264,-8.272724,-6.9252357,-6.289773,-5.030194,-5.0301976,-4.8461347,-5.372672,-6.9389105,-4.958746,-7.868764,-7.7599583,-9.17004,-9.17004,-8.423956,-10.489421,-9.664539,-12.750756,-6.978093,-3.9286475,-3.8462398,-3.8462398,-3.988022,-3.7584858,-4.52292,-6.931467,-7.816568,-5.2067513,-5.123013,-5.1230135,-5.09091,-5.5163693,-5.07538,-5.3962574,-6.690918,-8.181703,-9.049295,-9.049292,-9.653836,-8.424903,-8.84225,-7.8302064,-7.322221,-6.52964,-6.618693,-6.618693,-6.5969563,-6.5477343,-6.486599,-6.3486776
CCC(C)(C)C,2.51,0.09239806,-0.8396456,-0.22739914,-0.22739916,-0.05147861,0.32438648,-0.2517182,-0.07707025,3.4111657,0.92296875,1.2090361,1.2090337,1.3273766,1.2858512,1.1334141,-1.3649218,3.0815926,0.086853266,0.40398115,0.40398103,0.45559207,0.6995287,0.44969115,0.7905832,1.9452679,0.9929814,2.524089,2.5240836,2.822996,1.4543507,1.213236,0.86324453,2.8285494,-0.6715536,-0.19227004,-0.19227041,0.3524194,0.03524808,0.029621819,0.22342223,-0.94722635,-2.9545667,-2.9899938,-2.989994,-2.8971786,-2.901316,-2.6796193,-2.3613744,2.6576984,1.2375509,1.3905047,1.3905047,1.3379536,1.2667367,1.4215475,0.58575535,3.9934933,-0.41483968,2.5806358,2.5806394,1.5495157,3.1790018,2.587864,1.1287739,0.6213205,0.1254827,0.6795191,0.6795191,-0.12519363,0.5332232,0.081605054,0.20820189
C1CCOC1,-3.47,-2.188083,-2.879699,-2.6438155,-2.6438155,-2.7884305,-2.3853376,-2.8400044,-2.2934582,-3.7933567,-1.5125251,-2.6067305,-2.6067328,-2.5456202,-2.6317317,-2.627967,-1.9386309,-3.0162146,-1.0512352,-1.2786261,-1.2786262,-1.335009,-1.8280619,-1.631256,-5.2199316,-5.291305,-4.626042,-3.6698134,-3.6698158,-3.8121216,-4.3339596,-6.198731,-4.2775154,-3.9208176,-1.3418514,-1.6756991,-1.6757002,-1.5632375,-2.010629,-2.48043,-0.5373406,-2.8685608,-2.6799428,-2.6982007,-2.698201,-2.6453753,-2.653284,-2.6212578,-2.5768673,-3.7484193,-3.0661077,-3.2397885,-3.2397888,-3.1527264,-3.4841323,-3.1194692,-2.5951412,-2.6759987,-2.1663737,-3.4924302,-3.4924293,-4.1872106,-3.7771707,-4.1401625,-2.832294,-3.5104644,-3.5385947,-3.4731662,-3.4731667,-3.5260167,-3.5733492,-3.500752,-3.4848428
C[C@@H](CCl)Cl,-1.27,-1.5489178,-1.9645892,-1.7455938,-1.7455938,-1.6866539,-1.480721,-1.8278375,-1.845386,-3.7167392,-3.3554728,-4.113323,-4.1133265,-4.0254226,-3.615603,-4.2461257,-3.7132692,-1.9602377,-0.7987988,-1.1211363,-1.1211364,-1.1532719,-0.8788376,-1.167697,-1.8759552,-2.2179728,-0.45577633,0.002208083,0.0022054552,-0.499629,-0.5947802,-1.6407058,-0.57278335,-1.2474334,-1.7985897,-2.1594038,-2.1594043,-2.1073368,-1.8656716,-1.9070357,-2.3650117,-2.6278942,-2.5791721,-2.4859347,-2.4859347,-2.4258604,-2.3543754,-2.3679192,-1.7127284,-0.4501565,-0.85161406,-0.7948322,-0.79483193,-0.77773356,-0.635688,-0.81019664,-0.26053655,-0.90558255,-1.5293101,-0.072908714,-0.07290481,-0.6716516,-1.1990072,-0.5454754,-1.4412776,0.23094611,0.20187683,0.3052755,0.30527538,0.009618763,0.27473664,0.11200434,0.94826263
c1ccc(cc1)C#N,-4.1,-5.5364327,-5.178324,-5.730591,-5.7305903,-5.767848,-5.7175493,-5.8522925,-5.4910197,-2.3555071,-6.289313,-5.7216163,-5.7216234,-5.5990634,-5.817423,-5.8708305,-5.6673985,-4.262007,-3.7205372,-3.6344547,-3.6344554,-3.4706123,-3.75343,-2.8211992,-4.3158646,-3.5764134,-3.6486866,-3.2739997,-3.2740028,-3.203963,-3.2085311,-5.2980943,-3.042685,-4.077464,-1.720837,-2.2450671,-2.2450676,-1.4134939,-1.8201103,-1.0995165,-1.9870628,-3.3880584,-3.7817855,-3.168285,-3.168285,-3.2559845,-3.397459,-4.210771,-4.015816,-3.71865,-2.1882107,-2.315833,-2.3158336,-2.264152,-2.2188964,-2.2505,-1.9268496,-4.8836412,-6.8146853,-4.324374,-4.3243704,-4.861801,-4.4591556,-4.359017,-5.0561137,-4.116951,-3.8711517,-4.152601,-4.152601,-3.859725,-4.017806,-3.8289871,-3.4782834
c1ccc2c(c1)Oc3cccc(c3O2)Cl,-3.52,-7.3119087,-6.3953543,-7.478776,-7.478775,-7.4924917,-6.8835773,-7.538998,-7.569738,-6.304106,-7.2487206,-6.9689126,-6.968913,-6.8646026,-6.9196844,-7.1540985,-6.2459154,-3.7255168,-6.243751,-6.0706396,-6.0706396,-6.418725,-6.348028,-6.4559712,-4.8689456,-3.9471214,-3.9041502,-3.061458,-3.0614576,-3.3093615,-2.650119,-4.455806,-3.2602293,-5.9083343,-6.65578,-6.923113,-6.923115,-4.7418575,-5.303486,-4.341343,-6.667584,-5.3046203,-4.6612086,-5.1066365,-5.106637,-5.084369,-5.459804,-4.546182,-6.1877165,-4.6908545,-5.776288,-5.4463296,-5.44633,-5.4624844,-5.984443,-5.455898,-4.4712853,-3.812877,-5.5049176,-4.0794,-4.079396,-4.274341,-4.039606,-4.032,-3.8950882,-3.6163402,-3.535462,-3.5881376,-3.5881379,-3.5028849,-3.5415318,-3.4785087,-3.5090182
CCOc1ccccc1,-2.22,-4.1452045,-4.12588,-4.6697407,-4.669741,-4.1712437,-4.694165,-3.9433799,-4.425152,-2.6807914,-3.0828345,-3.118151,-3.118155,-2.9936042,-3.090246,-3.181116,-1.7678325,-2.5301454,-3.331039,-2.9802885,-2.9802885,-2.5711575,-3.3330724,-1.85945,-3.2363083,-3.298643,-3.1527658,-2.945458,-2.9454608,-2.746139,-2.5799692,-4.287778,-3.2775412,-3.4026217,-4.5591855,-4.6136007,-4.6136003,-3.7515874,-4.1021695,-3.9055927,-4.643216,-3.8996003,-4.097234,-4.019999,-4.019999,-3.9929328,-4.1799774,-3.5587814,-4.1241827,-2.2092214,-3.7148342,-3.7722857,-3.772286,-3.6510265,-4.2294116,-3.6720634,-1.6201944,-2.2978978,-3.6325426,-2.524037,-2.5240326,-2.9530947,-2.2071855,-1.9678762,-2.084613,-2.2532458,-2.1995401,-2.2834284,-2.2834287,-2.1694608,-2.3366845,-2.1597536,-2.0096962
CC/C=C\C,1.31,-2.1172483,-2.481051,-2.3153005,-2.3153005,-2.2567346,-2.1810012,-2.2163928,-1.9750615,0.3451755,-0.6891261,-0.87288857,-0.872892,-0.7812051,-0.8916855,-0.9574996,-1.889354,1.4436638,-1.5216242,-1.4503976,-1.4503977,-1.4914544,-1.6679294,-1.6036403,-0.5113909,1.3037199,0.89051807,1.2064935,1.2064923,1.6221397,1.3771514,-0.77988046,-0.12631722,-2.0041294,-1.7334666,-2.1821895,-2.1821895,-1.8806623,-2.1148944,-1.8944491,-2.2145271,-2.9334216,-3.2161152,-3.2474973,-3.2474976,-3.128951,-3.3508935,-3.2785575,-3.299622,1.6022246,0.8707994,1.2618765,1.2618759,1.211112,0.94055986,1.3020238,0.40099424,1.3785144,-0.04259452,1.2313571,1.2313598,0.58633006,0.011188837,0.88112926,0.3180076,1.3526266,0.11172715,0.4761824,0.47618216,0.42305565,0.2768488,0.38045678,0.7896981
CC[C@H](C)c1ccccc1,-0.45,-1.5639306,-2.0319195,-1.5800072,-1.5800073,-1.5624154,-1.4639642,-1.6164695,-1.3495345,0.07835001,-1.1766753,-1.6596255,-1.6596291,-1.5002816,-1.6739261,-1.7130263,-2.0639083,-0.38470292,-1.182083,-0.8285427,-0.8285427,-0.72560453,-0.6714181,-0.9661088,-0.9332393,-0.81625617,-1.5212451,-0.9590579,-0.95906174,-0.123531744,-1.0786878,-2.247497,-1.2144201,-0.9427496,-2.0621579,-1.9179142,-1.9179142,-1.7615864,-2.1294942,-1.66841,-1.4168283,-2.0303216,-3.9547029,-4.0620594,-4.0620594,-3.960396,-4.242614,-3.7736826,-3.5417557,-0.56659526,0.35986802,0.10898659,0.10898588,0.035156947,0.32203963,0.028327897,0.015996221,0.5519508,-2.189723,-1.1651999,-1.1651963,-1.9426616,-1.4450816,-1.0529534,-0.727218,-0.5764654,-0.48495087,-0.41577685,-0.41577688,-0.57264364,-0.5536529,-0.7275215,-0.9887688
C(C(Cl)(Cl)Cl)(Cl)(Cl)Cl,-0.64,-0.69000375,-1.3059891,-1.4643068,-1.464307,-1.0706375,-0.5348151,-1.2399176,-1.3574558,-1.1919745,-0.2600933,-0.14153877,-0.14153995,-0.088356115,0.49555528,-0.088997886,0.5314863,-1.084122,-0.88546425,-0.71297014,-0.71297026,-0.8718312,-0.49617562,-1.0307655,-0.1333264,-1.0393932,-0.64349705,-0.0050156126,-0.005017043,-0.11283122,-0.64331853,-1.8610789,0.16972706,-0.19316617,-0.6169457,0.3501929,0.35019362,0.5795508,0.58152556,-0.043369256,0.04627559,1.6262035,-2.727087,-2.9148154,-2.9148154,-2.860573,-2.8190544,-2.6860647,-1.6598055,-1.1621621,0.4596922,0.53498083,0.53498083,0.6502407,0.50475407,0.59672904,-0.12210886,-0.5937252,-0.056887414,-0.31511238,-0.315111,-0.9019157,-0.7044258,-0.68519866,-0.96640795,-0.39358148,-0.33736622,-0.5137323,-0.5137324,-0.5154909,-0.5103272,-0.45865223,-0.09357679
c1ccc2c(c1)cccc2N,-7.28,-6.036127,-6.1140532,-6.007584,-6.0075846,-6.0309124,-6.1607842,-6.2227683,-4.980302,-5.3438888,-4.8268857,-5.342184,-5.342188,-5.2115445,-5.6052227,-5.3816094,-5.9649143,-7.484281,-8.179238,-7.983753,-7.983754,-7.9675283,-8.018939,-7.905754,-8.030769,-7.2466955,-5.5968823,-5.3889914,-5.3889933,-6.077424,-5.2842736,-7.1855183,-6.3122883,-6.7963195,-9.156124,-8.806169,-8.806169,-8.415903,-9.556974,-8.235577,-6.669193,-6.836029,-3.6989665,-4.227958,-4.227958,-4.0814996,-4.436385,-3.6250393,-4.721142,-7.097374,-4.466076,-4.4804797,-4.4804797,-4.605279,-4.661342,-4.58618,-5.1299615,-7.349037,-8.450415,-6.362346,-6.362341,-7.0624404,-6.5317783,-6.6019945,-5.975401,-7.380265,-7.2699885,-7.3755054,-7.3755064,-7.268606,-7.2174006,-7.2637353,-7.388027
CCCCCCCN,-3.79,-1.5189818,-2.752246,-2.2371364,-2.2371361,-2.31867,-2.5058815,-2.1921434,-1.9795555,-0.42020693,-1.1704005,-0.7450706,-0.7450739,-0.7360547,-0.82876325,-0.6411427,-1.2749959,-3.521951,-3.3436797,-2.8433714,-2.8433712,-2.6484852,-3.026092,-2.1888196,-2.3451662,-3.335601,-2.400317,-1.2511941,-1.2511996,-1.1962643,-2.0016234,-2.4548116,-1.5948443,-2.0512536,-2.4118881,-2.2862272,-2.2862272,-1.9749296,-1.5523506,-1.4393488,-2.0527663,-1.8387381,-4.530648,-3.6519406,-3.6519408,-3.639831,-3.5254705,-4.279432,-1.1875055,-3.367627,-3.3666246,-3.433794,-3.433794,-3.5044022,-3.7029057,-3.666501,-3.62615,-1.2920796,-1.960837,-1.2911934,-1.2911904,-2.679369,-2.0318706,-3.2816386,-0.91097265,-3.8274608,-3.6662922,-3.9128273,-3.9128265,-3.8419595,-3.6671107,-3.7547834,-3.766813
Cc1ccncc1C,-5.22,-4.746424,-5.238447,-4.9812903,-4.9812903,-5.047108,-5.1682415,-5.168203,-4.028267,-2.7620275,-2.4744198,-2.7525718,-2.7525747,-2.649287,-2.7841604,-2.7518382,-1.888743,-2.7689655,-2.3768125,-2.2648897,-2.2648902,-2.2176852,-2.5516179,-2.1592197,-2.4982789,-5.335332,-4.0402017,-3.2488775,-3.2488809,-3.4594343,-3.751739,-5.2330594,-3.4834182,-4.987832,-5.933342,-6.6874104,-6.6874113,-6.0343747,-6.3436437,-6.7209272,-6.598577,-2.4328558,-3.2462041,-3.6057477,-3.605748,-3.5020099,-3.6237864,-3.2048864,-4.294804,-4.868444,-2.9867702,-3.040155,-3.040155,-3.1030967,-3.0804338,-3.0461648,-3.6330192,-4.4304914,-1.8069197,-2.503538,-2.5035307,-3.0419874,-3.0834546,-3.1059816,-2.46152,-5.3143363,-5.464367,-5.0110354,-5.011036,-4.972699,-5.449901,-5.2189493,-5.0785747
CC1=CC(=O)[C@@H](CC1)C(C)C,-4.51,-3.8098316,-3.507015,-4.168618,-4.168618,-4.033137,-3.882275,-3.7324264,-3.9457443,-3.4310405,-2.5031078,-2.8815198,-2.8815231,-2.7577238,-3.151685,-3.091772,-3.844702,-2.6167865,-0.84649867,-1.27235,-1.2723501,-1.1842145,-1.6311846,-1.4902544,-3.5019789,-3.8500762,-3.006544,-2.6965644,-2.6965683,-2.9777853,-3.1897914,-3.9770284,-2.5721493,-7.2675753,-5.551232,-6.142021,-6.14202,-6.2926774,-6.5857196,-5.3242445,-7.0616236,-3.5275757,-4.375517,-3.798993,-3.7989936,-4.0626373,-3.5955086,-4.075217,-4.129943,-3.1565177,-3.473957,-3.7210906,-3.7210908,-3.728106,-3.6500568,-3.671542,-4.05549,-3.1154418,-4.173845,-3.4779694,-3.477967,-4.6153426,-3.7568424,-4.1189857,-3.0166197,-3.489287,-4.46616,-4.566907,-4.566907,-4.4587607,-4.5973706,-4.5144215,-4.586383
C(F)(F)(F)Br,1.79,-1.3325703,-1.0215293,-1.069713,-1.0697128,-0.9645839,-0.20691529,-1.1813922,-0.58981377,1.3005008,0.9783737,0.3442567,0.34425512,0.37259188,0.91556513,0.2247108,0.9463383,1.8899555,-0.44811556,-0.6177858,-0.6177857,-0.5908589,-0.3247578,-0.5180677,-1.315021,1.6716369,2.7848778,2.270705,2.2707057,1.4310322,2.2719886,1.2971427,1.4640325,2.029973,-3.3111134,-2.5460737,-2.5460734,-2.3963614,-2.0107975,-2.3492258,-3.7678125,1.8467352,-2.161581,-1.6739135,-1.6739136,-1.6865693,-1.6305724,-1.6238912,-0.69297576,1.7427266,2.487138,2.5056498,2.50565,2.4433243,2.6967845,2.4858265,1.9802535,1.664429,0.7468186,-0.046450987,-0.04645135,-0.22410905,0.36765915,-0.098325014,0.94949883,2.2554517,1.7011727,1.6206871,1.6206872,1.7391189,1.484515,1.7434932,1.409074
CC(C)O,-4.74,-2.4415119,-3.0297236,-2.7860727,-2.786073,-2.954738,-2.602468,-3.0387356,-2.505755,-4.3154397,-1.941596,-2.9021444,-2.9021482,-2.8273935,-2.7469826,-2.933339,-2.4808943,-5.796228,-4.635294,-4.4689083,-4.468909,-4.4710336,-4.7417736,-4.4466634,-5.311933,-6.0742807,-4.6711955,-3.024692,-3.024695,-3.521783,-4.2500954,-4.500478,-3.3769045,-6.480956,-3.8776,-3.3536987,-3.3536987,-3.5927618,-3.53019,-2.7757127,-6.792444,-3.5048194,-2.4712691,-2.1885645,-2.1885648,-2.1416824,-2.0334764,-2.0644622,-1.7988414,-5.333851,-4.1914916,-4.109332,-4.109333,-4.0499077,-4.35106,-4.0255637,-4.4378486,-4.2744627,-6.285503,-5.7945395,-5.794534,-6.429504,-5.8858657,-5.981449,-5.0209208,-4.8938375,-5.190692,-4.992599,-4.9925995,-5.128878,-5.0651035,-5.1925235,-4.976303
C1CCC(=O)CC1,-4.91,-2.7395227,-3.138715,-3.255793,-3.2557933,-3.2785609,-2.955589,-3.1606083,-2.969971,-3.603455,-2.7872875,-3.4309602,-3.4309654,-3.3395228,-3.4705257,-3.486963,-3.0097277,-3.7914214,0.17554341,0.21439011,0.21439013,0.27494046,0.046150647,0.20489793,-2.8100889,-5.632497,-2.1395843,-2.0172534,-2.017259,-2.1312478,-2.6533833,-3.830808,-2.3711116,-5.653942,-5.863555,-4.212812,-4.212811,-4.2865252,-4.83368,-3.833953,-4.17849,-4.429981,-3.107913,-3.4880118,-3.4880118,-3.399192,-3.5732427,-3.5124292,-4.5948296,-4.409368,-3.0177448,-3.1797426,-3.1797428,-3.1476984,-3.2553968,-3.0816498,-3.187458,-3.8911045,-3.1257086,-4.633167,-4.633161,-6.142481,-5.752732,-5.5306664,-3.864739,-4.521821,-2.8788927,-3.0613456,-3.0613456,-2.7458632,-3.0594027,-2.6326773,-2.8001332
c12c(c(c(c(c1Cl)Cl)Cl)Cl)Oc3c(c(c(c(c3Cl)Cl)Cl)Cl)O2,-4.53,-2.1449065,-8.436754,-2.33704,-2.3370402,-2.3259075,-5.6176248,-2.2647157,-0.76034385,-4.1203,-4.4475784,-4.5207114,-4.5207133,-4.4814663,-4.4943223,-4.6018453,-4.103362,-4.641042,-4.362834,-4.2656107,-4.2656093,-4.337299,-4.3396807,-3.9430032,-4.4133577,-4.9019094,-3.0795972,-3.3243723,-3.3243713,-4.0372868,-2.6898801,-4.540803,-3.0049398,-4.3076434,-4.394697,-5.5134363,-5.5134377,-4.407599,-4.6025577,-4.7917852,-4.689405,-2.7542138,-5.1949463,-4.9838095,-4.9838095,-5.1072736,-5.0044336,-5.254415,-3.2767031,-4.6173925,-6.431719,-6.076972,-6.076972,-6.1403666,-6.668427,-6.112396,-4.956011,-4.59235,-2.5091777,-4.4746876,-4.474687,-4.6581235,-4.3993163,-4.5525126,-4.367697,-4.564172,-4.350214,-4.678071,-4.6780705,-4.5124474,-4.3914733,-4.4248896,-4.481905
c1ccc(c(c1)N)Cl,-4.91,-5.7679396,-5.8729496,-5.7100635,-5.710063,-5.708297,-5.968632,-5.876053,-4.7094164,-6.1579328,-6.3834224,-6.233178,-6.2331824,-6.122237,-6.3269424,-6.393137,-5.2642093,-6.461026,-7.1203265,-6.749901,-6.749901,-6.8073654,-7.4348345,-6.6140127,-7.05903,-6.339223,-6.829344,-5.518113,-5.5181165,-5.9638996,-6.167787,-7.3388677,-5.191578,-5.4730806,-5.0723147,-6.387738,-6.3877397,-5.2701325,-5.2665925,-6.069893,-4.559416,-6.4435053,-3.3754663,-3.4762292,-3.4762292,-3.3895264,-3.5659683,-3.13719,-3.7622993,-6.299399,-4.5180206,-4.416458,-4.4164577,-4.4472322,-4.6896467,-4.4341903,-4.8700237,-5.522958,-5.348137,-4.535231,-4.5352273,-5.233191,-4.6479344,-4.7000256,-3.8510103,-4.897094,-4.959211,-4.9796867,-4.979687,-4.964293,-4.957602,-4.8271523,-4.8165083
CC=C(C)C,1.31,-3.5106983,-3.926077,-4.029858,-4.0298576,-4.0345078,-4.026391,-3.9376118,-3.4536812,2.4313776,0.43383443,0.16260365,0.16260079,0.25794336,0.11944161,0.1351871,-1.317986,-1.4028534,-1.9398197,-1.9176974,-1.9176973,-1.9458535,-2.203145,-1.9583156,-1.4025288,0.41241804,0.034127716,0.6527542,0.6527494,1.1106353,0.1965228,-1.2684009,-0.40583357,1.3288629,-1.6546508,-2.1453729,-2.145374,-1.4072576,-1.8513858,-1.5985755,-1.0902748,-2.843612,-3.035018,-3.0671334,-3.0671334,-2.9845557,-3.0327234,-2.7230358,-2.943376,1.1386902,1.2986108,1.8752292,1.8752291,1.905475,1.3477775,1.9550587,0.6732016,2.6471627,-1.1983047,0.047966674,0.047970876,-0.5375201,0.2220659,-0.057883415,-0.5410222,0.6213205,0.1254827,0.6795191,0.6795191,-0.12519363,0.5332232,0.081605054,0.20820189
COS(=O)(=O)OC,-5.1,-3.9785588,-3.371182,-3.6163807,-3.6163802,-3.4418309,-3.2341464,-3.318282,-2.9944403,-6.327,-7.838186,-8.911397,-8.911399,-8.81407,-8.580409,-9.131404,-10.069616,-4.9839454,-5.857153,-5.676713,-5.676713,-5.7602186,-6.197921,-6.3425627,-5.427059,-7.8762894,-7.1934237,-5.236567,-5.23657,-6.1605835,-7.0552826,-6.5188622,-7.2749596,-4.8784485,-3.7627423,-4.152889,-4.1528893,-3.793208,-4.5927687,-3.25372,-4.9567933,-4.997687,-3.342186,-3.5156145,-3.5156143,-3.4046547,-3.5770516,-3.1684303,-3.6542723,-6.2915735,-3.3126035,-3.395098,-3.3950982,-3.3391263,-3.6849842,-3.3067508,-3.8706145,-4.952084,-4.4508033,-6.281039,-6.2810335,-7.343569,-5.28409,-6.819989,-6.4279284,-5.1503105,-7.6971445,-6.5933995,-6.5934005,-6.877218,-6.8985844,-6.5106883,-6.0919333
COc1ccc(cc1)N,-7.48,-5.2111335,-4.763094,-5.586239,-5.5862393,-5.7188387,-5.3475256,-5.8542643,-5.690469,-6.053296,-4.583697,-4.7167854,-4.71679,-4.634583,-4.8442307,-4.919101,-4.888887,-7.542173,-7.40631,-7.144453,-7.144454,-7.26606,-7.8033524,-7.7134,-7.3642077,-7.8262305,-6.9825425,-6.479693,-6.479697,-7.1698203,-7.180297,-8.65182,-6.718641,-6.3695083,-5.9900403,-6.5487347,-6.5487366,-5.792918,-5.958742,-6.0103464,-5.1656537,-4.5052943,-4.2291307,-3.8314006,-3.8314006,-3.8911443,-3.909527,-3.8278599,-3.2963202,-8.896042,-5.3620195,-5.3525047,-5.3525047,-5.346758,-5.7108216,-5.3772187,-5.2995205,-6.516465,-6.735457,-5.411658,-5.4116535,-5.9796243,-5.1156654,-5.5056324,-2.8977191,-7.4476013,-6.1048875,-6.724218,-6.724218,-6.7218,-6.772535,-6.737937,-6.341133
[C@@H](C(F)(F)F)(F)Br,0.5,-2.044828,-1.8983835,-2.0047069,-2.0047069,-1.9285277,-1.447542,-1.9481686,-2.0157676,-0.030733442,0.060062516,0.66118294,0.6611794,0.72076625,0.33154124,0.7429993,0.86547434,0.7696672,-1.3710836,-1.5699319,-1.5699317,-1.5398897,-1.1395485,-1.5201219,-0.695414,0.26413447,-0.2686134,0.13278961,0.13278766,0.09352316,-0.3146824,-1.8818811,0.27043653,-0.81130743,-1.1639019,-1.7455535,-1.7455536,-1.6231234,-1.2129236,-1.5700325,-1.0270537,-1.5123904,-2.5501812,-2.4417515,-2.4417515,-2.4135413,-2.3885727,-2.3573995,-1.8666148,0.5700504,1.4469692,1.3413943,1.3413941,1.3731583,1.3339518,1.3815843,0.8439943,0.4933904,-0.77815014,1.2334361,1.2334366,-0.04040063,0.6611749,0.69187105,1.2092139,-0.39358148,-0.33736622,-0.5137323,-0.5137324,-0.5154909,-0.5103272,-0.45865223,-0.09357679
CC(=O)OCC(COC(=O)C)OC(=O)C,-8.84,-7.011943,-5.0542474,-6.8851542,-6.8851547,-7.0313077,-6.0055356,-6.9298606,-7.3948083,-6.8090715,-7.0421844,-6.9376907,-6.937693,-6.9474545,-6.8737054,-7.3114915,-6.798614,-8.398005,-7.40125,-7.1743946,-7.174394,-7.615163,-7.661359,-6.599806,-8.006491,-8.943692,-11.819221,-11.652006,-11.65201,-9.620145,-11.500035,-12.799149,-8.5670805,-7.032396,-7.0761437,-7.0760393,-7.0760393,-7.141786,-6.917692,-6.681513,-8.498601,-5.975896,-4.8608027,-6.1269145,-6.1269145,-6.1058946,-6.453805,-5.508037,-7.0962415,-9.9957,-8.357218,-8.349106,-8.349106,-8.423778,-8.566282,-8.321926,-8.244859,-8.457948,-4.614103,-5.7980037,-5.7980027,-6.487658,-6.2851295,-5.7404065,-8.487753,-8.877753,-7.81004,-6.448459,-6.4484587,-6.3678093,-7.0050683,-5.9932246,-9.922826
c1ccc2c(c1)cccc2O,-7.67,-6.0281205,-6.1624265,-5.9714622,-5.9714622,-5.9868326,-6.1751575,-6.195362,-4.929513,-6.2050433,-6.0491724,-6.3359265,-6.335931,-6.2167807,-6.645254,-6.408743,-7.467695,-7.3508215,-7.893259,-7.7167606,-7.716761,-7.6789865,-7.7231736,-6.978474,-8.015618,-6.393121,-4.411019,-4.3219013,-4.3219037,-4.791499,-3.9216452,-6.0570107,-4.5831456,-7.4938874,-6.424326,-7.141425,-7.141427,-5.67848,-6.296707,-6.252983,-6.253644,-6.706608,-3.6741774,-4.053448,-4.053448,-3.9311352,-4.227784,-3.5176697,-4.564453,-6.7480874,-4.6858244,-4.64955,-4.6495504,-4.6417747,-5.015675,-4.6298223,-4.3377814,-7.2908134,-7.858272,-7.3405023,-7.3404975,-7.808736,-7.417207,-7.3013663,-7.1668515,-7.66273,-7.6533184,-7.789533,-7.7895346,-7.690028,-7.566128,-7.5937533,-7.7105837
CC(C)C(=O)C(C)C,-2.74,-3.491499,-3.163027,-3.373918,-3.373918,-3.259714,-3.0801013,-3.126347,-2.8557398,-3.402755,-1.8071091,-2.202678,-2.2026803,-2.0966878,-2.2656286,-2.2789073,-2.696119,-3.1033287,-1.8818213,-1.7842896,-1.7842896,-1.6560173,-2.052972,-0.8476134,-2.7814767,-2.3562782,-0.20549706,-0.9513763,-0.95137894,-1.5051816,-0.91565025,-2.4287271,-0.73845977,-1.3140101,-1.0591093,-2.4015079,-2.4015095,-1.7245487,-2.1224916,-1.3896873,-0.6978051,-1.847283,-3.3875644,-3.583818,-3.5838177,-3.4248185,-3.6349006,-3.1052842,-2.9614985,-3.2003708,-3.471988,-3.6115024,-3.6115024,-3.4662116,-3.5817134,-3.4345217,-3.3454602,-2.3560045,-3.082644,-2.309886,-2.3098845,-3.0007062,-1.9026699,-1.7324216,-2.0147855,-3.0114386,-3.136428,-3.1223485,-3.1223483,-2.9981966,-3.0915084,-2.9989114,-2.7861805
CCCCCCc1ccccc1,-0.04,-3.2255998,-3.1203446,-3.302225,-3.302225,-3.1285837,-3.1064289,-3.0085626,-2.9013166,-1.564838,-1.9412313,-1.4230057,-1.4230093,-1.3325577,-1.6781988,-1.5245345,-2.5498528,-0.28013134,-1.7688425,-2.0327387,-2.0327384,-0.88743794,-1.651476,-2.5345085,-0.4331751,-0.96226245,-1.9921213,-0.9286115,-0.92861557,0.078714386,-1.2459263,-1.7632432,-1.7092838,-1.6137578,-2.3072398,-3.0165844,-3.016585,-0.43443486,-1.0865663,-0.7613612,0.45517477,-4.922068,-5.2058134,-5.510653,-5.5106535,-4.567373,-5.4253917,-5.334245,-4.6451416,-1.3584088,-1.411855,-0.75181973,-0.7518202,0.21459897,-0.2640472,0.14323333,-1.019188,0.13001949,-2.735662,-2.4525924,-2.4525902,-2.9510746,-2.13859,-1.6735944,-1.5461341,-0.051610988,-0.12974125,0.17636041,0.17636032,0.0643373,-0.046095546,0.4527754,0.07584976
CN1CCOCC1,-6.32,-2.4583793,-2.7248507,-2.7815793,-2.7815793,-3.1451862,-2.7912269,-3.103055,-2.5687547,-4.393613,-1.3800714,-1.9298376,-1.9298398,-1.8453269,-1.8085616,-1.9554199,-2.100396,-5.5743833,-2.443922,-2.4671075,-2.4671073,-2.4828713,-2.8399556,-2.2486887,-5.6420794,-4.6646714,-4.99526,-4.4075203,-4.407525,-4.652957,-5.268258,-6.359895,-4.6160984,-4.8971395,-1.8566816,-2.3074048,-2.3074055,-3.209101,-2.7514257,-3.2373981,-3.107629,-2.0506968,-2.988896,-3.1028745,-3.1028743,-2.9848912,-3.0674014,-2.942659,-2.8374288,-4.118905,-3.8777606,-3.8969998,-3.897,-3.8542173,-4.1032796,-3.8088646,-3.418604,-5.0778575,-1.6700373,-3.262896,-3.2628899,-4.7391,-3.3703303,-4.627241,-0.96269923,-6.3790903,-6.4342413,-6.3930497,-6.39305,-6.349643,-6.386089,-6.3879876,-6.2856264
CCCC(C)C,2.51,-2.1102989,-2.7802265,-2.5820894,-2.5820894,-2.5704787,-2.6204612,-2.5420547,-2.3491805,1.9179319,0.16355214,0.19527313,0.19527023,0.31371227,0.2170215,0.043407455,-1.3259845,1.7544504,-0.033219874,0.35617915,0.3561791,0.3795966,0.5765165,0.3850539,-0.042603932,1.5882714,1.420941,2.6430225,2.6430175,3.229005,2.372036,1.2485279,0.7114095,-1.3598754,-2.8503826,-3.2497387,-3.2497394,-2.9361908,-3.1399293,-2.9793122,-2.4584222,-2.507817,-3.5434613,-3.2506638,-3.2506638,-3.1919622,-3.2949314,-3.136877,-1.850598,2.2084224,1.0096825,1.4892329,1.4892325,1.7306753,1.1604302,1.7032665,0.43210015,2.618479,-0.9653274,0.7155076,0.71551263,-0.3909768,0.22529224,-0.3311543,0.1043704,2.8180165,1.8733294,3.0526814,3.052681,2.0737135,2.9742503,1.4611677,0.9808132
CC(C)CCOC=O,-2.13,-1.7487314,-2.4045806,-2.0277395,-2.0277393,-1.6888963,-2.2172487,-1.793353,-1.6115607,-3.4887784,-1.7916908,-2.811044,-2.811047,-2.6510267,-2.6511986,-2.7557266,-3.4055464,-2.9351947,-1.5926002,-1.0989666,-1.0989664,-0.84998643,-1.5444787,-0.34790432,-3.1311991,-3.874805,-2.9318006,-1.9171258,-1.9171299,-2.0367134,-3.0193229,-3.8596916,-1.9142616,-2.8842747,-2.2326193,-2.402295,-2.4022956,-1.6223257,-1.113589,-1.2746991,-2.094897,-3.5154662,-3.9747643,-3.2913127,-3.2913125,-3.2916646,-3.340957,-3.8096757,-2.727779,-4.090011,-5.1226773,-4.944707,-4.9447074,-4.989732,-5.2600427,-4.9599185,-4.8843975,-2.637854,-3.658466,-2.3018732,-2.3018677,-3.4265704,-2.5564013,-1.7764535,-1.2843034,-1.8461714,-1.6786087,-1.7949277,-1.7949276,-1.4697518,-1.8133485,-1.5254203,-1.5186641
CCCCCCCCC=O,-2.07,-2.589728,-3.0756576,-3.0933576,-3.0933576,-2.9722598,-3.0895886,-3.3691301,-2.6400528,-1.6747694,-1.832787,-1.261182,-1.2611849,-1.1565204,-1.291427,-1.6325176,-2.8982718,-2.2624314,-1.7670912,-1.9715747,-1.971575,-2.106889,-2.182962,-1.69843,-2.6787302,-2.8686817,-1.5907023,-0.730885,-0.73088956,-0.54827344,-1.2676219,-2.29424,-1.3219075,-2.6322725,-2.5599613,-3.0112576,-3.011258,-1.5321025,-2.1462734,-2.1930063,-1.7747732,-3.3743577,-4.950178,-4.3508086,-4.3508086,-4.4651566,-3.831247,-4.4562354,-2.6596527,-2.7017717,-2.950838,-2.9466317,-2.946632,-2.8184824,-3.2235248,-3.199441,-2.7182443,-1.9068663,-3.4961846,-2.601259,-2.601256,-3.332663,-2.964814,-3.175903,-2.40656,-2.2317865,-1.9879842,-2.0743294,-2.0743294,-2.0723805,-2.057018,-2.0392668,-1.9281685
CCCCCC,2.48,-1.3129189,-2.4848657,-1.7827357,-1.7827358,-1.9095683,-2.1890461,-2.2703676,-1.5576286,1.8466465,0.2047317,0.11121711,0.111213945,0.22632298,0.24328549,-0.09728645,-0.695394,1.5851023,0.18659008,0.4635116,0.46351153,0.46798387,0.7196646,0.4756555,-0.00968792,1.491044,1.0919881,1.6619986,1.661994,1.979972,1.2989681,0.27597344,0.399551,0.73195726,-1.1587453,-1.0230031,-1.0230033,0.44496423,0.34832352,0.9504281,0.15091506,-1.696027,-3.9998212,-3.440459,-3.4404588,-3.4086947,-3.0934558,-3.311325,-2.3108625,2.8398957,0.8136415,1.7655927,1.7655929,1.937045,1.1472297,1.8478814,0.4578328,2.4190044,-0.96657294,0.7456239,0.7456275,0.38063312,1.4184088,2.156289,0.37681758,2.1333919,2.6791408,2.7860804,2.7860801,2.7387333,2.4417937,2.7825415,1.2840594
c1ccsc1,-1.4,-4.642855,-5.6064878,-4.2553706,-4.25537,-4.2331796,-5.1976166,-4.524189,-3.0516942,-0.84120464,-0.4479133,-0.18852559,-0.18852897,-0.11027799,0.043526977,-0.31459022,-1.4090625,-0.8599248,-2.0694838,-2.1811159,-2.1811156,-2.1549408,-2.0262725,-1.9607638,-1.2264414,-2.0334895,-4.508839,-2.2281528,-2.2281568,-2.147877,-3.4287496,-4.2177763,-1.5756141,-2.1082318,-2.953105,-3.045712,-3.0457122,-2.7916038,-3.3348422,-3.195347,-1.8123915,-1.8273016,-3.0718627,-3.0697386,-3.0697384,-3.009868,-3.3482819,-3.3846903,-5.1267667,-1.581116,-1.7393382,-1.4186025,-1.4186023,-1.4197042,-1.4557551,-1.3282555,-1.115842,-1.4168483,-2.3583937,-1.4563563,-1.4563547,-1.6198926,-1.8430731,-1.5570558,-1.1300287,-1.3880707,-1.3135041,-1.3965282,-1.3965281,-1.1876144,-1.4306523,-1.1995181,-1.3755884
CCCCCCCCC(=O)C,-2.34,-3.2149863,-3.1488066,-3.3802023,-3.3802025,-3.3417566,-3.141791,-3.576356,-3.0110567,-2.0465403,-2.221862,-1.9542497,-1.954253,-1.8975407,-1.9989849,-2.249606,-2.8842633,-2.5310533,-1.810222,-2.1450346,-2.1450346,-2.140101,-2.3668516,-2.082241,-2.652284,-2.836824,-2.9270618,-1.9056524,-1.9056575,-2.4700463,-2.5552564,-3.310771,-2.3993297,-2.270802,-2.604743,-3.3893852,-3.389386,-2.8044016,-3.889347,-2.4259496,-2.9692214,-3.9612594,-5.1263275,-4.895122,-4.8951216,-4.9082413,-3.9724317,-4.688453,-3.3713384,-2.6511002,-3.324079,-3.236403,-3.2364025,-3.2937028,-3.5761437,-3.4189522,-3.2322226,-2.3587208,-2.5787482,-2.7057965,-2.7057948,-3.3121998,-2.7912471,-2.8200653,-2.0748632,-2.553391,-2.3090224,-2.3667488,-2.3667488,-2.294409,-2.2867088,-2.2609687,-2.3934023
CC(C)OC,-2.01,-2.8649874,-3.189246,-3.2206423,-3.2206426,-3.1856318,-3.073572,-3.054596,-2.7098033,-2.5396235,-0.4629179,-1.0701853,-1.0701879,-1.000788,-0.8967219,-1.0667554,-1.701735,-1.1810648,-2.351304,-2.2599006,-2.259901,-2.279075,-2.345686,-2.4082358,-2.3161273,-2.5716286,-2.4187722,-1.2441006,-1.2441025,-1.0139394,-2.2753623,-3.16997,-2.1040304,-2.1912215,-2.4996095,-3.0727718,-3.072772,-2.9294896,-2.9843988,-2.875811,-3.6881347,-3.0960813,-2.969007,-2.993934,-2.993934,-2.9221525,-2.9610953,-2.6986096,-2.840668,-3.1973197,-3.1535263,-3.2698355,-3.2698357,-3.1794465,-3.5448208,-3.1238008,-1.9370992,-1.1315168,-2.0750518,-2.0268698,-2.0268657,-3.1000485,-2.22248,-2.5232227,-1.6939707,-2.0440047,-2.0537515,-2.0209694,-2.0209696,-1.8855662,-2.1512597,-2.028228,-1.3033996
CCCC(=C)C,1.47,-1.9368881,-2.4961915,-2.2297359,-2.2297356,-2.3246098,-2.24952,-2.2556403,-1.9571317,1.3404167,-0.5172499,-0.5349866,-0.5349895,-0.4110951,-0.5955545,-0.6675259,-1.8067985,-0.06286623,-2.920087,-2.479287,-2.4792874,-2.4397328,-2.7110796,-2.2379982,-1.6174921,0.5162598,0.19373156,0.84310687,0.8431034,1.6884146,0.5915145,-0.9694327,-0.1682638,-1.8763622,-2.2185853,-2.577377,-2.5773768,-2.3888986,-2.576332,-2.5386164,-2.1697812,-3.9271576,-3.3966258,-3.5124454,-3.5124454,-3.411673,-3.5869532,-3.2228482,-3.466796,1.2331369,0.22560652,0.57739913,0.5773989,0.7233985,0.46044746,0.81304514,-0.06459077,2.6852334,-1.5213113,0.12836401,0.12836714,-0.5896031,-0.4875621,-0.520485,-0.2826847,1.5947073,4.113501,4.772383,4.772383,1.9524398,3.5290775,2.4578378,1.254067
c1ccc(cc1)n2c(=O)c(c(cn2)N)Cl,-16.43,-7.0735145,-4.7923594,-6.7506804,-6.7506804,-6.901664,-5.4855866,-6.803023,-7.5497637,-11.265429,-8.604031,-10.4727335,-10.472737,-10.351756,-10.47266,-10.19649,-12.511262,-16.222452,-14.777997,-14.821293,-14.821295,-15.230186,-17.607515,-15.995323,-15.351542,-15.98334,-11.954936,-10.442745,-10.442747,-12.476328,-11.790619,-12.284816,-12.858989,-11.038272,-5.4770646,-7.086955,-7.086955,-6.7997823,-6.584748,-7.3346963,-9.314964,-7.8898115,-4.8961897,-4.929835,-4.9298344,-5.0948453,-5.13659,-4.597039,-7.637711,-13.447487,-6.1670933,-6.140094,-6.140094,-6.29869,-6.4351335,-6.2127857,-6.790057,-15.338127,-9.570972,-12.162985,-12.162981,-13.532639,-14.8841505,-14.036877,-15.470613,-16.703596,-16.564981,-16.431053,-16.431057,-16.417261,-16.280916,-16.411716,-16.428968
CCc1ccc(cc1)O,-6.13,-3.001599,-3.4321585,-3.5270452,-3.5270455,-3.597418,-3.5650642,-3.6855712,-3.25378,-5.437343,-3.3320913,-3.8312657,-3.8312695,-3.707097,-3.9412086,-3.9504516,-3.935279,-6.375227,-5.473486,-5.2359724,-5.235973,-5.371091,-5.7136884,-5.567224,-6.9829826,-6.1040864,-4.423802,-3.7939296,-3.7939332,-4.123094,-3.893377,-5.4109893,-3.921048,-5.4575253,-3.9254727,-4.5256495,-4.525649,-4.094148,-3.949056,-4.6047573,-2.8789415,-3.2825356,-4.090376,-3.654264,-3.654264,-3.7856002,-3.650867,-3.6685615,-2.9027414,-7.0832605,-4.391483,-4.416705,-4.416705,-4.4278865,-4.760066,-4.415332,-4.4656367,-5.721334,-5.930903,-5.920419,-5.920415,-7.024362,-6.7384872,-6.68032,-5.7796235,-6.213253,-6.0015473,-6.0577807,-6.0577807,-5.895817,-5.605735,-5.680889,-5.721739
C1[C@H]([C@@H]([C@H]([C@H](O1)O)O)O)O,-20.52,-3.3579872,-3.3024685,-3.7188106,-3.7188106,-4.1614714,-3.6564958,-4.008048,-3.8364124,-14.699179,-7.765851,-9.331437,-9.331439,-9.261412,-9.30455,-9.337299,-10.557224,-19.848543,-21.20554,-20.838871,-20.838873,-20.963917,-21.002928,-20.35462,-18.321335,-21.177864,-20.691954,-16.548351,-16.548355,-19.084938,-19.95458,-18.652996,-17.725695,-10.9676,-4.176648,-4.32053,-4.320531,-5.0861893,-5.0730386,-5.1328926,-7.156823,-4.881194,-3.416738,-3.5469556,-3.5469558,-3.4496784,-3.8638072,-3.3850532,-4.3153977,-20.61263,-8.951889,-9.338102,-9.338102,-9.442901,-9.289883,-9.306804,-12.013937,-20.550045,-11.598315,-20.729288,-20.729284,-21.822552,-21.07444,-21.431307,-18.364689,-20.917736,-20.430355,-20.340393,-20.340393,-20.509792,-20.448942,-20.245386,-20.377068
CC(=C)[C@H]1CCC(=CC1)C=O,-4.09,-1.7866628,-2.4629111,-2.0924513,-2.0924513,-2.1336472,-2.1217978,-2.3753688,-1.9713528,-3.9409728,-1.806406,-2.4000754,-2.40008,-2.2521672,-2.5288906,-2.5301754,-3.0974722,-4.1620083,-2.7824879,-2.7730951,-2.7730947,-2.7103102,-3.2303798,-2.523616,-5.782994,-5.5669746,-3.1056159,-2.8773339,-2.8773375,-2.9464004,-3.6667917,-4.809572,-2.1418471,-2.6588688,-2.768617,-2.6257424,-2.6257424,-2.2506664,-2.4667058,-2.6704123,-1.8185042,-3.5193264,-4.505569,-3.386063,-3.3860633,-3.7082162,-2.9698827,-4.4084687,-3.029232,-3.930822,-2.765584,-3.1928577,-3.1928577,-3.1573484,-3.0820096,-3.1542842,-2.7148125,-3.7715378,-4.495258,-4.417097,-4.4170933,-5.2565055,-4.8380804,-5.125739,-4.1242127,-4.1139116,-4.0651975,-4.09907,-4.0990705,-4.1011677,-4.0701404,-4.0493326,-3.9893525
CC(=O)O,-6.69,-3.5496154,-4.293408,-3.658471,-3.6584709,-3.7283635,-3.98432,-3.8548772,-2.897578,-7.0667367,-4.4162226,-5.625781,-5.625784,-5.5875936,-4.7364225,-5.6633334,-5.975084,-8.998277,-3.6359556,-3.48452,-3.48452,-3.5390036,-3.966061,-3.5538917,-5.908685,-6.9945283,-6.0819526,-4.5940676,-4.594073,-4.9001217,-5.6197853,-6.6875343,-4.615372,-9.216886,-5.735108,-6.1477118,-6.1477118,-5.88571,-6.92664,-5.6789865,-7.7116246,-3.3319263,-2.704938,-2.332657,-2.332657,-2.3073149,-2.3727655,-2.298636,-1.8346168,-7.0355887,-8.9630165,-9.331103,-9.331103,-9.443716,-9.421378,-9.373072,-8.893062,-6.64211,-5.248332,-4.995469,-4.9954658,-5.7061696,-5.3907213,-5.3290186,-6.189599,-6.7021475,-6.7017937,-6.7182803,-6.71828,-6.6625204,-6.6734486,-6.6626854,-6.695529
CCNc1nc(nc(n1)Cl)NCC,-10.22,-6.5817213,-6.0717273,-6.866064,-6.8660636,-6.834501,-6.4988475,-6.9956994,-6.822407,-9.194156,-8.782545,-8.57791,-8.57791,-8.518465,-8.846875,-8.695488,-9.848947,-10.578898,-7.9580364,-7.6242604,-7.624261,-7.759636,-8.455978,-8.688837,-10.874398,-11.198273,-9.053625,-8.590972,-8.590975,-9.322535,-9.2354355,-10.367869,-10.051952,-8.314889,-6.8295302,-7.2441287,-7.244129,-7.665832,-7.2839994,-7.658629,-8.825037,-7.273391,-4.9685106,-5.9467645,-5.946765,-5.9274793,-6.3376474,-5.348123,-8.2703285,-11.748579,-6.95353,-6.9178014,-6.917801,-6.907701,-7.1023183,-6.782008,-8.183282,-8.93145,-6.49066,-7.4859586,-7.485957,-8.710283,-9.297268,-8.917391,-9.825766,-10.109907,-10.167863,-10.484972,-10.484972,-10.306105,-9.862086,-9.986267,-10.248894
CC1CCCC1,1.59,-2.0836506,-2.469922,-2.4479618,-2.4479618,-2.6722333,-2.2734272,-2.5723355,-2.2624393,0.6431657,-0.11019852,-0.23684129,-0.2368439,-0.14941153,-0.37780082,-0.31969833,-1.1916139,-0.2030284,0.7764589,0.56797993,0.56798,0.50266606,0.52373713,0.18925083,-0.4039064,0.1566231,-0.15753229,0.09440485,0.09439948,-0.034524426,-0.6870683,-1.6289634,-0.7782308,0.3497261,-0.8048869,-1.1627387,-1.1627389,-0.8080088,-1.3786306,-1.22517,-0.46208972,-2.102346,-2.9777813,-3.0249355,-3.0249355,-2.928298,-2.9828084,-2.8246255,-2.6915567,2.3482227,1.4774059,1.7385916,1.7385914,1.7888104,1.5459055,1.8383805,0.7791444,1.5558654,-0.76180583,0.061435446,0.061440777,-0.08713908,0.7265779,1.0871935,0.05003285,-0.39358148,-0.33736622,-0.5137323,-0.5137324,-0.5154909,-0.5103272,-0.45865223,-0.09357679
COc1c(ccc(c1C(=O)O)Cl)Cl,-9.86,-6.650481,-5.4359336,-6.7600546,-6.7600555,-6.8521748,-5.979763,-6.786532,-6.6869984,-6.6440077,-8.994331,-7.4331045,-7.4331064,-7.343868,-8.373823,-7.5608068,-8.040598,-9.430014,-9.206485,-8.577888,-8.577888,-8.557506,-9.422242,-7.7571936,-8.151761,-8.642321,-5.0704446,-4.2279005,-4.227902,-3.763489,-4.2728806,-6.388712,-4.4347906,-10.573726,-7.0405917,-6.8971906,-6.8971925,-6.9365764,-6.1832952,-6.561104,-5.960138,-6.720739,-3.740274,-4.4007363,-4.4007363,-4.2597446,-4.637202,-3.85934,-5.7306833,-7.4085236,-7.577855,-7.202046,-7.2020464,-7.2430735,-7.684378,-7.2055902,-7.116505,-9.353201,-13.366572,-11.029566,-11.029562,-11.684539,-9.774634,-10.185091,-8.601858,-10.042799,-4.7001953,-6.5237613,-6.5237617,-6.3564296,-5.252823,-6.086472,-8.94036
CCCCCOC(=O)C,-2.51,-2.3055604,-3.1528356,-2.9137833,-2.9137833,-2.9018655,-3.1583612,-3.2708538,-2.427402,-3.4332538,-3.7304227,-3.8713744,-3.871378,-3.8674743,-4.409006,-4.3086915,-3.572255,-2.6903946,-2.8530328,-2.6037805,-2.6037803,-2.5167222,-2.8298979,-2.4949472,-3.9118233,-3.1101074,-3.7139156,-3.1070194,-3.1070235,-2.8594167,-3.600158,-4.700572,-3.5147212,-2.6621685,-2.9541996,-3.644657,-3.6446576,-2.1658885,-3.1090446,-1.7206173,-2.5951612,-3.969621,-4.871669,-4.2544723,-4.2544723,-4.3584647,-3.7987683,-4.561231,-3.410026,-3.1514013,-5.3708086,-5.157645,-5.157645,-5.2166357,-5.4874616,-5.227815,-4.6443906,-2.714597,-3.3922124,-3.4613657,-3.4613628,-3.6307979,-3.0913332,-2.285733,-2.8268337,-2.6540403,-2.3347673,-2.5384774,-2.5384777,-2.5604515,-2.4951854,-2.5809453,-2.3487165
CCOC(=O)CC(=O)OCC,-6.0,-4.7586,-3.7166965,-4.4952,-4.4952,-4.3080606,-4.1753397,-4.157101,-4.067537,-4.772395,-7.503647,-6.241065,-6.2410684,-6.011736,-6.225567,-6.294765,-6.87021,-5.4878645,-4.172924,-3.9003363,-3.9003365,-4.256226,-4.6187077,-5.094491,-5.2900276,-6.7823267,-7.8588653,-6.6269765,-6.6269774,-5.803673,-6.773918,-7.7918797,-7.367301,-4.51978,-3.4527578,-4.111272,-4.111272,-3.0047026,-4.418954,-2.4355009,-3.834341,-3.8653061,-4.6835194,-4.452441,-4.452441,-4.4270873,-4.204308,-5.0103784,-3.094176,-6.3962374,-7.3133907,-6.9959545,-6.995954,-7.026456,-7.431804,-6.981428,-6.67266,-6.9958544,-7.67331,-7.6198187,-7.619817,-8.721128,-7.0998993,-7.681651,-5.707519,-5.3850436,-5.992271,-6.0499697,-6.0499697,-6.0258946,-5.9013762,-5.9689913,-6.044462
CCCCOCCCC,-0.83,-2.4284215,-3.1797018,-3.104871,-3.1048713,-3.0891385,-3.267017,-3.4758058,-2.6961005,-1.3933636,-2.2799337,-2.0885048,-2.0885077,-2.064266,-2.2240438,-2.3718057,-2.5569575,-1.6712058,-0.85750514,-1.2065122,-1.2065117,-1.2001481,-1.2603106,-1.4008546,-2.0553815,-2.2420654,-0.91473705,-1.0802168,-1.0802203,-0.30392173,-1.4872034,-2.510179,-1.2226099,-1.2412527,-2.4664288,-2.9524138,-2.952414,-1.6822766,-2.253183,-2.7140853,-1.8213392,-3.263579,-4.7229147,-4.1870103,-4.1870103,-4.122009,-3.9697242,-4.304962,-2.3296118,-1.6612856,-4.4780827,-4.171464,-4.1714644,-4.327468,-4.393595,-4.320909,-4.938538,0.20100164,-1.0147005,-1.1478145,-1.1478112,-1.3305836,-0.7456871,0.11322856,-0.09274882,-0.820639,-2.714973,-2.7341614,-2.7341611,-2.7481692,-2.6202958,-2.529085,-1.736611
CC(C)CO[N+](=O)[O-],-1.88,-1.3582643,-1.9888145,-1.4282889,-1.428289,-1.125096,-1.5769899,-1.2596668,-0.9684022,-3.5815392,-5.543236,-6.3357244,-6.3357277,-6.1930294,-6.32987,-6.1941247,-5.3377757,-2.9068494,-3.3238034,-2.7879934,-2.787994,-2.7760108,-3.1625094,-2.9160683,-4.3732243,-2.4047124,-0.62018925,-0.5891752,-0.5891773,-0.9484134,-1.0111915,-2.3563952,-0.67264915,-3.190847,-1.3797096,-1.9680852,-1.9680859,-1.5722362,-1.4537001,-2.0189462,-2.0969927,-3.549998,-3.7925916,-3.2337227,-3.2337227,-3.315434,-3.503471,-4.304566,-3.4851255,-2.2959545,-5.4020014,-4.037287,-4.0372877,-4.1879416,-4.81599,-4.228858,-3.4698052,-2.1345308,-7.8497987,-4.4890404,-4.4890347,-5.6500597,-3.7860281,-4.216648,-1.4827646,-1.9366173,-1.9231603,-1.986,-1.9859997,-1.938954,-1.9039544,-1.9427361,-1.7807902
CCCCCOC(=O)CC,-2.11,-2.3997335,-3.098948,-2.8903666,-2.8903663,-2.8057337,-3.0340896,-2.8838413,-2.4222686,-3.476823,-4.3612685,-3.6406865,-3.6406906,-3.54726,-3.752553,-3.5138218,-3.7112207,-2.4923737,-2.383945,-2.2647724,-2.2647724,-2.3565469,-2.3042364,-1.807743,-3.0189853,-3.0682957,-3.1586134,-2.5199592,-2.5199637,-2.3754733,-3.0853562,-3.821223,-3.1790342,-2.3062356,-2.7415087,-3.657267,-3.6572673,-2.8317637,-3.343883,-2.789907,-2.6989255,-3.515009,-5.2597084,-4.710646,-4.710645,-4.043444,-4.3126526,-4.945538,-4.326248,-3.580094,-5.447278,-5.234353,-5.234353,-5.0923834,-5.4974675,-5.1148,-4.1668415,-2.8597462,-2.8023224,-2.853827,-2.8538256,-3.3773541,-2.9816945,-2.3372557,-2.7331207,-2.2605903,-2.030429,-2.1223917,-2.122392,-2.166126,-2.0680869,-2.1155245,-2.1538842
CCC/C=C/C=O,-3.68,-1.0896157,-2.0987346,-1.3569533,-1.3569531,-1.311144,-1.586935,-1.4648671,-1.1211809,-2.5559757,-2.1581225,-2.837357,-2.83736,-2.704428,-2.8001468,-2.836685,-2.52427,-2.3873348,-2.1969714,-1.8166963,-1.8166964,-1.8320771,-1.9902208,-1.8183442,-2.5460184,-3.6548684,-3.0699518,-1.9093748,-1.9093796,-1.6500804,-2.8766878,-3.9629347,-1.8946987,-3.4781528,-1.9147557,-1.7571718,-1.7571722,-0.960947,-1.6072521,-1.2608949,-0.68658614,-3.2062397,-3.9851627,-3.2014675,-3.201467,-3.2913253,-3.2457767,-4.328322,-3.533903,-4.2946386,-3.9775243,-3.8365707,-3.8365712,-3.8635657,-3.864147,-3.8238447,-4.9041586,-1.9985052,-4.8125324,-3.29417,-3.2941647,-4.289907,-3.5238137,-3.9364827,-2.469594,-3.7765179,-3.0188437,-3.854507,-3.8545063,-3.2426023,-3.7380233,-3.003184,-3.940565
CCCCCCO[N+](=O)[O-],-1.66,-2.4278738,-2.9628854,-2.884739,-2.8847384,-2.1381695,-2.9852726,-2.539194,-2.4018064,-3.0167031,-3.5448787,-4.131987,-4.13199,-3.521543,-4.0883827,-3.6150987,-5.2135887,-2.8875546,-0.7588123,-0.63760376,-0.63760364,-0.52677536,-0.99316317,-0.67135954,-3.48102,-2.339971,-2.2501283,-1.8473347,-1.8473377,-1.7246518,-2.3886313,-3.5009458,-1.7472347,-3.7061238,-3.8555276,-3.797706,-3.7977061,-1.5198699,-3.9845471,-2.2252424,-1.5447195,-3.00256,-4.708932,-3.8113847,-3.8113847,-3.7375257,-3.3201492,-4.3617473,-3.412681,-2.0380585,-5.1621275,-3.9480076,-3.948007,-3.9937446,-4.5600047,-3.982634,-3.2713485,-2.5727043,-4.8204637,-3.3597002,-3.3596978,-4.250952,-3.9677439,-3.438531,-6.4982815,-1.7478161,-3.0973723,-2.9025178,-2.9025197,-2.9297974,-2.312785,-2.741846,-4.493181
Cc1ccc(cc1)N,-5.57,-4.990159,-4.792293,-5.379339,-5.379339,-5.438134,-5.3036757,-5.474647,-5.1456656,-5.227466,-2.964339,-3.7670186,-3.7670212,-3.6265333,-4.235153,-3.8674169,-4.6482153,-6.116464,-6.57067,-6.313795,-6.3137946,-6.3202615,-6.8031664,-6.142602,-5.8048825,-6.026281,-5.5218225,-4.397382,-4.397386,-4.7169995,-4.958331,-6.133703,-4.134357,-6.182132,-3.213352,-4.5784917,-4.578492,-3.9016955,-3.4819498,-4.277583,-4.7713156,-5.4964647,-4.139127,-3.72585,-3.7258496,-4.0504856,-3.3924744,-3.8298068,-5.512451,-6.3797483,-4.2519455,-4.212733,-4.212732,-4.2893734,-4.439608,-4.2769313,-4.9367037,-5.323848,-4.787269,-5.5198646,-5.5198574,-6.3741755,-5.7255893,-5.962805,-4.404266,-5.565366,-5.5581436,-5.6575775,-5.6575775,-5.569697,-5.574953,-5.5881886,-5.516478
CC(C)Cl,-0.25,-2.1775575,-2.520958,-2.5407796,-2.5407796,-2.5729005,-2.1963253,-2.497715,-2.303208,-3.4509304,-1.4612725,-2.3462062,-2.346208,-2.2811775,-2.183477,-2.4045603,-2.3119147,-0.6738781,-1.0305895,-1.30836,-1.30836,-1.3450438,-1.1133652,-1.3628124,-1.8864576,-0.8577444,0.18894781,0.5816992,0.58169633,0.3059161,0.08189687,-1.0014081,-0.19545399,-0.96769875,-4.0467696,-2.9419928,-2.9419937,-2.6794753,-3.208902,-2.19011,-0.93687236,-4.0920343,-2.5481129,-2.2275677,-2.2275677,-2.171737,-2.1159017,-2.0890296,-2.0244484,0.0072129937,0.75099665,0.3519784,0.35197812,0.5189361,0.7577147,0.38421363,0.3133781,0.41230494,-1.7915518,-1.1996331,-1.1996295,-2.2680006,-1.3759198,-1.3287165,-1.3942205,-0.47131294,-0.44280842,-0.3466243,-0.3466243,-0.48809996,-0.37760323,-0.5463249,-1.4061204
Cc1c[nH]c2c1cccc2,-5.88,-5.672166,-5.572556,-5.816495,-5.8164954,-5.845581,-5.8088045,-5.9236856,-4.989939,-4.7294426,-4.0743823,-4.63131,-4.6313133,-4.4972634,-4.9729533,-4.687163,-4.931533,-6.840594,-4.9260125,-4.503045,-4.503045,-4.470874,-5.3803363,-4.0835905,-3.5991025,-6.679296,-4.077162,-3.3956459,-3.3956494,-3.8993533,-3.913189,-5.257431,-2.8405137,-5.566214,-7.9008656,-7.8691072,-7.8691087,-7.5184464,-8.365907,-7.3069577,-6.571545,-6.789514,-3.6572294,-3.971754,-3.971754,-3.8533912,-4.1572065,-3.4032001,-4.4021273,-6.113875,-4.214345,-4.2455025,-4.2455025,-4.341328,-4.4050674,-4.3184037,-4.9411373,-5.0791235,-5.850582,-5.340688,-5.340684,-5.9036765,-5.4093986,-5.585378,-4.614538,-5.998277,-5.8656545,-5.979255,-5.9792542,-5.916323,-5.8080406,-5.799593,-5.8952436
Cc1cc(ccc1Cl)O,-6.79,-5.8896813,-5.2226005,-6.138496,-6.138496,-6.1914997,-5.762996,-6.1967716,-6.0218687,-7.3843565,-7.006473,-7.366178,-7.366182,-7.2504396,-7.4957943,-7.4809165,-7.5020742,-7.7176948,-6.9488106,-6.494006,-6.494007,-6.592264,-7.257181,-6.530693,-8.534659,-8.194124,-7.8089166,-6.253684,-6.253688,-6.6209445,-6.7249618,-8.03251,-6.8303995,-6.8724594,-5.190218,-6.3069305,-6.306931,-5.4047203,-5.7763796,-5.616708,-6.2452073,-6.2733335,-3.5552897,-4.0571504,-4.0571504,-3.982036,-4.1634073,-3.6478033,-5.7284207,-7.543775,-4.650126,-4.6650467,-4.6650467,-4.637966,-5.0126405,-4.6257896,-4.719783,-6.22462,-7.6008725,-6.99862,-6.998614,-7.640758,-6.6182814,-6.840412,-6.485408,-6.873214,-6.746719,-6.869413,-6.869414,-6.756328,-6.6584625,-6.6840982,-6.9172945
CCCCCCCl,0.0,-1.7754564,-2.8416824,-2.4862761,-2.4862761,-2.493066,-2.8358657,-3.0035772,-2.230604,-0.19367553,-0.41259453,-0.96729296,-0.9672972,-0.8139459,-0.95536685,-0.9748094,-0.9541883,-0.16907951,0.13981572,0.39241028,0.39241034,0.44247326,0.525272,0.56171125,-0.59628767,-1.0569588,0.40195987,0.4260312,0.42602643,0.47583243,-0.18850663,-1.1281924,-0.123639174,-2.3427835,-2.5542328,-2.2503867,-2.2503872,-1.3628811,-1.6562577,-0.7255143,-2.556632,-2.9861617,-4.0975356,-3.4816241,-3.481624,-3.6147225,-3.249322,-3.3831062,-2.1902847,-0.5569097,-0.57620156,-0.16238143,-0.16238146,-0.35659093,-0.38020134,-0.27769932,-0.31048873,0.7052266,-0.941842,0.23140888,0.2314136,-1.1956112,-0.082050234,-0.3122351,0.17160855,0.37242848,0.002351691,0.27807048,0.27807042,0.0982137,0.012332516,-0.041815706,1.4008329
COc1ccc(cc1)C(=O)OC,-5.33,-6.2234225,-4.8690944,-6.291849,-6.2918496,-6.562445,-5.4868546,-6.8151107,-6.7070694,-7.1921816,-7.7367935,-7.386366,-7.386367,-7.2769156,-7.4199915,-7.8353925,-7.4146852,-5.425859,-8.197524,-7.4692216,-7.4692216,-6.585476,-7.3041396,-6.780318,-5.86698,-6.1090617,-5.4467835,-4.9549885,-4.954989,-4.588324,-5.097747,-7.206782,-5.5306163,-6.580069,-7.0921016,-7.768481,-7.7684813,-7.446892,-7.0935426,-6.730041,-6.87658,-4.668563,-5.1431293,-3.9855766,-3.9855766,-4.2600474,-3.3478823,-4.239963,-0.8435118,-6.0472136,-6.801243,-6.6232266,-6.623226,-6.7363625,-7.040836,-6.7182326,-6.1039987,-6.079112,-7.139595,-7.300136,-7.300134,-7.892396,-6.6014023,-7.3178625,-5.933994,-5.32315,-5.291149,-5.4090242,-5.4090247,-5.30283,-5.2058973,-5.27263,-5.407763
CCl,-0.55,-1.77427,-0.23102011,-2.3704724,-2.3704724,-2.4421847,-0.746522,-2.3623066,-1.687918,-0.84160674,-0.2771907,-0.32270882,-0.32270902,-0.29843447,-0.164326,-0.3448263,-0.7215521,0.018482069,-0.79100674,-0.77297497,-0.77297497,-0.77601314,-0.79759985,-0.74688387,-1.6528549,-1.2683201,-0.98688287,-0.015896797,-0.015899815,-0.24971022,-0.5914871,-1.8710544,-0.65127903,-0.8223478,-1.3173462,-1.6198289,-1.6198288,-1.0490816,-0.9515066,-1.4940144,-0.4869616,0.051101476,-1.9809391,-1.3238851,-1.323885,-1.3458326,-1.3874797,-1.3276169,-0.9206941,-1.005979,-0.6501543,-0.9960869,-0.9960869,-1.0006381,-0.7590807,-1.0793022,-0.30937955,-0.38492718,0.007701191,-0.011105018,-0.011104692,-0.116762556,0.17915878,0.02645516,-0.26821953,-0.32183224,-0.6147407,-0.8684814,-0.86848134,-0.67217517,-1.0461076,-0.7245409,-0.6690332
COC,-1.91,-2.0110872,-1.8797132,-2.0733278,-2.0733275,-2.0651205,-1.77281,-2.044619,-1.8479556,-2.1540403,-1.4727199,-1.9680363,-1.9680392,-1.898589,-1.5732769,-2.0487542,-3.097528,-2.1464252,-2.748395,-2.6008334,-2.6008332,-2.5909736,-2.6609232,-2.6316512,-3.1324897,-2.4821002,-2.050626,-0.9728414,-0.97284395,-1.0964328,-1.9293042,-3.0802302,-1.8373662,-1.9529979,-0.8093516,-2.1856503,-2.1856503,-1.7532412,-3.013857,-2.067998,-0.9264214,0.6362435,-2.7385058,-2.3258061,-2.3258061,-2.240336,-2.6188385,-2.7387738,-3.0099103,-3.2003791,-3.3952682,-3.4824486,-3.482449,-3.3667777,-3.7856526,-3.3554516,-2.3271978,-1.0918381,-1.6313759,-2.4355888,-2.4355845,-2.7239947,-2.8779588,-2.777277,-2.6194077,-1.9175087,-1.9275476,-1.9201561,-1.9201558,-1.9221208,-1.9519267,-1.9224361,-0.66111183
CCCc1ccc(c(c1)OC)O,-5.26,-5.6226134,-4.4558263,-5.864547,-5.864547,-5.8372173,-5.100459,-5.5131354,-5.856024,-5.8215766,-5.689118,-6.2729583,-6.2729607,-6.160965,-6.798854,-6.44907,-6.677417,-5.803095,-5.9570694,-5.507531,-5.5075316,-4.8959975,-5.586421,-4.437393,-6.7755995,-5.2588773,-4.2835927,-3.9232621,-3.9232628,-4.0838437,-3.8676097,-5.5586634,-5.2132435,-5.553151,-5.809238,-6.4313493,-6.4313493,-6.5589356,-6.298091,-6.1574006,-5.7109265,-4.9101977,-4.445491,-5.08231,-5.0823097,-5.012257,-5.331559,-4.724255,-6.5431314,-6.706041,-5.530918,-5.3105283,-5.310528,-5.356828,-5.7259192,-5.3435903,-5.355531,-6.5273247,-7.1005774,-7.1482677,-7.148266,-8.268109,-7.7417717,-8.004145,-7.2189364,-5.247033,-5.177656,-5.3786826,-5.378683,-5.242348,-5.1463327,-5.187866,-5.3289976
CCCCOC[C@H](C)O,-5.73,-1.9161158,-3.0040848,-2.6206179,-2.6206176,-2.6779718,-2.8993926,-3.0929923,-2.2026057,-4.204839,-3.7114751,-3.8663642,-3.8663678,-3.836333,-4.3944883,-4.2440276,-4.0532646,-5.8984127,-5.488553,-5.04986,-5.0498605,-5.3872175,-5.6013794,-5.759369,-8.340729,-4.283167,-4.9877734,-4.3546286,-4.3546324,-4.3520646,-5.110587,-5.8442936,-4.808303,-2.2526343,-2.2830625,-2.8968425,-2.8968425,-2.2245634,-2.7097158,-2.4288228,-1.9708917,-5.360568,-4.799903,-4.4881606,-4.4881606,-4.677471,-4.4794054,-4.1672306,-5.2914352,-8.325118,-5.261709,-5.03977,-5.0397706,-5.1522465,-5.317902,-5.1485896,-5.4961686,-4.8077726,-5.4209228,-4.715423,-4.715422,-4.421992,-3.96983,-3.2537756,-5.766626,-5.806914,-5.2478027,-5.314326,-5.3143263,-5.0166097,-4.94269,-5.3044734,-6.041844
c1cc(cc(c1)O)C#N,-9.65,-6.0644965,-5.592404,-6.1901655,-6.1901655,-6.208895,-6.0589952,-6.282395,-5.7581306,-6.5955353,-8.315264,-8.34701,-8.347013,-8.2362175,-8.335318,-8.471668,-8.918851,-10.91835,-7.007546,-6.84721,-6.84721,-6.778346,-7.495017,-6.269642,-10.792061,-8.665709,-7.4188895,-6.6285543,-6.628558,-6.9095373,-6.6825743,-8.691655,-6.66085,-8.678114,-7.7570996,-8.906599,-8.906601,-7.912514,-8.7633095,-8.632434,-9.755812,-6.208656,-3.796949,-3.7195315,-3.7195313,-3.653038,-4.0801387,-4.4261622,-6.846259,-7.7909994,-5.4761705,-5.36436,-5.3643594,-5.354725,-5.751821,-5.3378296,-5.567744,-8.903244,-9.508606,-8.424976,-8.424973,-8.959035,-8.243494,-8.256379,-8.686323,-9.720025,-9.705766,-9.778148,-9.778149,-9.63284,-9.572578,-9.531445,-9.619095
c1cc(cc(c1)[N+](=O)[O-])N,-8.84,-6.364064,-5.7243233,-6.436943,-6.436943,-6.45803,-6.201276,-6.5305343,-6.0827413,-8.473158,-8.797642,-9.325014,-9.325019,-9.227173,-9.4214945,-9.372122,-9.900451,-9.757903,-7.481804,-7.011459,-7.011458,-7.0163198,-7.533023,-6.935444,-7.886397,-9.262925,-8.163833,-7.0636,-7.063605,-7.667351,-7.7876105,-9.169129,-6.393155,-9.811961,-8.162333,-9.772714,-9.772715,-8.686346,-9.370306,-8.791047,-12.140705,-6.762555,-3.658,-3.871658,-3.8716583,-3.7550309,-4.0322704,-3.5589576,-4.209276,-10.4692135,-6.4599338,-6.4253354,-6.425336,-6.562648,-6.6617827,-6.4906774,-7.2523646,-8.0435,-9.340787,-8.619854,-8.61985,-9.793684,-9.000897,-8.771896,-8.0758915,-8.890531,-8.5984125,-7.888697,-7.8886986,-8.131298,-8.630486,-8.127304,-10.476679
C[C@@H](c1cccc(c1)C(=O)c2ccccc2)C(=O)O,-10.78,-7.338483,-4.008057,-5.911359,-5.911359,-6.0698338,-4.484117,-6.1340785,-6.577261,-9.627138,-6.2964377,-7.006297,-7.006299,-6.9148383,-6.720621,-7.181621,-8.621515,-10.852416,-5.1089177,-3.9056377,-3.9056373,-3.877279,-4.750657,-7.906939,-1.2649461,-10.723594,-8.174865,-8.625458,-8.62546,-9.287872,-8.50704,-9.7433605,-8.888857,-8.952962,-4.535629,-6.54135,-6.541349,-6.48489,-5.9576964,-6.5853786,-7.744252,-8.7825365,-5.5709095,-6.3605685,-6.360568,-6.540106,-6.589718,-5.9430246,-8.538501,-10.555738,-6.3316,-6.394825,-6.3948255,-6.424431,-6.337153,-6.3600764,-7.9427247,-10.191471,-8.503103,-6.7056003,-6.705597,-7.566547,-6.5995703,-7.0226765,-11.284746,-10.67994,-8.36003,-8.492817,-8.492818,-8.1950445,-8.138418,-7.758813,-6.2966795
CCCCCCC#C,0.71,-1.2974101,-2.5391035,-1.915747,-1.915747,-1.7851766,-2.2513945,-1.8918337,-1.5775969,2.1332386,-0.8636654,-0.3229541,-0.3229574,-0.16904381,-0.41046184,-0.5386867,-1.0500313,-0.6483775,-1.8304687,-1.258362,-1.258362,-1.3647331,-1.4727637,-1.270709,-0.53927916,-2.1757023,-1.9224869,-0.873232,-0.8732359,-0.81488574,-1.7403612,-2.4513574,-0.92885244,-1.8971951,-2.5375881,-2.1095233,-2.1095238,-1.4715463,-2.1498487,-1.843475,-1.3944947,-3.3466191,-4.5888033,-3.660337,-3.660337,-3.7134519,-3.3734426,-4.7033067,-3.224805,-0.46093243,-0.582511,-0.7079274,-0.7079275,0.15044479,0.0023691365,-0.17838916,-0.20387071,0.85068166,-1.6100488,-0.5915083,-0.59150517,-1.638627,-0.71532285,-0.09790492,-0.4418002,0.6297103,0.49244347,0.74980074,0.7498007,0.56599677,0.35335714,0.9262344,0.85793555
CN(CC(F)(F)F)c1ccccc1,-1.92,-4.9918966,-3.7423434,-4.777879,-4.777879,-3.5736234,-4.826155,-3.1420758,-4.4164114,-2.839805,-3.082441,-4.67067,-4.6706734,-4.5613914,-4.7753954,-4.7615585,-5.331269,-2.9949336,-6.144128,-5.5155306,-5.5155306,-6.0556555,-6.321188,-5.6818743,-4.1508503,-2.1488597,-1.0924915,-1.6266001,-1.6266019,-1.3885198,-0.9479317,-3.3896403,-1.3685834,-4.2007904,-4.141457,-4.4115005,-4.4115005,-2.2009103,-2.6194777,-2.3002748,-2.606223,-3.279105,-3.8683176,-4.392972,-4.392972,-4.2442517,-4.6148705,-3.8735845,-4.1311307,-2.3959515,-5.648855,-4.821482,-4.8214827,-5.0254335,-5.616074,-5.0023885,-4.4695582,-0.71718675,-2.6399057,-1.4722012,-1.4721967,-2.3513322,-2.64567,-1.8229007,-2.1969528,-1.9606247,-1.9189827,-1.9317616,-1.9317615,-1.9057723,-2.010018,-1.6508545,-1.3782264
c1ccc(cc1)CBr,-2.38,-4.5771956,-3.8776236,-4.395809,-4.39581,-4.501089,-4.219655,-4.747654,-4.083157,-1.462724,-3.3111174,-2.7356462,-2.7356522,-2.6054168,-3.0928028,-2.8262599,-3.2375374,-2.3138535,-4.092882,-3.7974079,-3.7974083,-3.536692,-3.7872348,-2.6946728,-2.2078562,-2.1394596,-1.9556222,-1.2467241,-1.2467256,-1.3544413,-1.3185757,-3.2290225,-1.273537,-1.5051692,-2.9808884,-3.155584,-3.155585,-2.1998384,-3.1671715,-2.9862657,-2.31048,-4.869449,-3.4340022,-3.6449046,-3.6449046,-3.558964,-3.7431629,-3.3095584,-4.108367,-1.091757,-0.40378678,-0.3460328,-0.3460331,-0.4264878,-0.32137075,-0.33040014,-0.9276005,-2.2049272,0.43342578,-1.8630264,-1.8630211,-2.5357995,-2.6135724,-2.5497203,-2.4282427,-1.606275,-1.5688219,-1.6400313,-1.6400315,-1.4018755,-1.5604022,-1.3797323,-1.618814
CCCCCc1ccccc1,-0.23,-2.4431236,-2.95752,-2.8336802,-2.8336804,-2.8989332,-2.8187976,-2.9335203,-2.520537,-0.64323586,-2.0272396,-1.8367362,-1.8367405,-1.7484595,-2.3338459,-1.9808246,-2.5755725,-0.06599037,-2.6440163,-2.3619978,-2.3619978,-2.413191,-1.9825686,-1.2209197,-1.2336333,-0.29325867,-1.8404971,-0.98005736,-0.9800604,-0.042721972,-1.2117054,-1.8532794,-1.4555472,-1.0140986,-2.0250704,-2.0786252,-2.078627,-0.51480144,-1.0985843,-0.761803,0.21553512,-3.4108708,-4.884229,-4.8229504,-4.8229513,-4.3436804,-4.769399,-4.726029,-3.2725675,-1.6026967,-0.9404562,-0.36229774,-0.36229777,0.52769065,0.011240737,0.50795895,-0.8198747,0.6380545,-3.00261,-2.2861998,-2.2861962,-3.0297785,-1.9488877,-1.8098067,-1.3365397,-0.7168046,-1.4531767,-1.2726315,-1.2726314,-1.1669563,-1.0170152,-0.47866997,-2.1281528
CCCCC[N+](=O)[O-],-2.82,-1.278127,-2.3428788,-1.7264853,-1.7264855,-1.8126458,-1.9691236,-1.7759967,-1.5555059,-5.2726035,-2.8936405,-4.179745,-4.179748,-4.0009484,-3.9481995,-4.1543875,-3.1181686,-3.6570435,-0.59528244,-0.25653,-0.25652975,-0.3541959,-0.5649439,-0.6312257,-2.9855995,-3.8436775,-2.6296644,-2.0143478,-2.014352,-2.529383,-3.2736354,-3.9557133,-1.8131752,-3.709729,-2.8561385,-3.3366363,-3.336637,-2.8174245,-3.2268143,-3.564015,-1.6778282,-2.8569934,-4.0466943,-3.205745,-3.205745,-3.274116,-3.0530252,-3.947196,-2.865741,-4.12778,-3.8960612,-3.6851585,-3.6851585,-3.3145463,-3.6514091,-3.4596903,-3.9235988,-3.2415726,-5.119652,-3.2464013,-3.2463965,-4.6141205,-3.3283694,-3.477534,-3.3735526,-2.8999133,-2.2448921,-2.796911,-2.7969117,-2.7859054,-2.2968485,-2.4501407,-3.2777767
CCC(=O)OCC,-2.68,-2.4552193,-2.819829,-2.577714,-2.5777144,-2.5029604,-2.623368,-2.5025005,-2.0462725,-4.130756,-3.6225646,-4.3041987,-4.304201,-4.2208357,-4.1842537,-4.396204,-2.6751642,-3.515707,-1.6755291,-1.5103337,-1.5103338,-1.5654734,-1.7212152,-1.564005,-3.3968585,-3.198775,-2.3972113,-1.6363723,-1.6363766,-1.671523,-1.9450217,-3.6318977,-1.83803,-3.754475,-2.6207674,-3.4949708,-3.4949708,-2.9799578,-3.2648027,-2.7737715,-3.5691185,-1.833174,-3.6716666,-3.8163211,-3.8163211,-3.709008,-3.951466,-3.3339849,-3.318981,-3.2994347,-5.502367,-5.130487,-5.1304874,-5.0974026,-5.6102595,-5.062541,-4.3862877,-2.9143844,-3.3985486,-2.4401112,-2.4401062,-3.3433058,-2.821151,-2.9955158,-2.2490292,-2.686895,-2.8935566,-2.6921647,-2.692165,-2.8248234,-2.718767,-2.675092,-3.27706
C(Cl)(Cl)(Cl)Cl,0.08,4.753783,-0.36981538,1.6806768,1.6806767,1.8761928,1.4496533,1.7511505,1.0893098,-0.5961879,0.29988265,-0.66597307,-0.66597575,-0.60102487,-0.21168517,-0.75886214,0.014660053,-1.2250398,-0.42059535,-0.20359142,-0.20359147,-0.2983854,0.24798016,-0.3166212,0.5893284,0.35646194,-1.7849078,-0.036123544,-0.03612575,0.21416439,-0.24003735,-2.3213763,0.2462099,2.6505065,-0.97837734,-0.28351462,-0.28351483,0.30924731,0.55836457,0.61203104,0.5636443,4.892681,-2.3576076,-2.0556026,-2.0556026,-2.0507488,-1.9505266,-1.9281758,-0.47306457,-0.939011,0.96831596,0.8325077,0.8325081,0.93699056,0.9398382,0.8994902,0.5644737,-0.60225505,-0.1361267,-0.8428441,-0.8428442,-0.9992403,-0.30362242,-0.68416476,-0.4778625,2.2554517,1.7011727,1.6206871,1.6206872,1.7391189,1.484515,1.7434932,1.409074
CCCCC(=O)C,-3.28,-1.3480471,-2.432692,-1.7847432,-1.7847433,-1.7628903,-2.0948963,-2.0007086,-1.506049,-1.6607393,-1.5080991,-2.3360949,-2.336097,-2.2152324,-2.2770174,-2.4193578,-2.2472246,-3.7945468,-1.3578283,-0.9043042,-0.9043043,-0.9783373,-1.3343862,-1.1724557,-2.9698453,-3.585259,-3.7358975,-2.5391984,-2.5392003,-2.9207425,-3.7069712,-3.9911468,-2.6107256,-3.4798183,-2.3494284,-2.694704,-2.6947048,-2.0493085,-2.50288,-2.1217818,-2.1702478,-3.7350426,-3.9564042,-3.542561,-3.5425618,-3.586111,-3.5917861,-3.4802742,-2.7284513,-3.876681,-3.2869303,-3.4859104,-3.4859104,-3.5295703,-3.5509691,-3.4900982,-3.7277374,-2.3032215,-3.6931334,-2.841124,-2.8411202,-3.6794038,-2.80088,-2.774856,-1.7953897,-3.4018319,-3.2380009,-3.2754774,-3.2754776,-3.2350771,-3.208556,-3.1133287,-2.8728302
COC(=O)c1ccc(cc1)[N+](=O)[O-],-6.88,-7.025424,-5.1850524,-6.8654585,-6.8654594,-7.105706,-5.8364677,-7.3137774,-7.56699,-7.617292,-10.337656,-13.022189,-13.022189,-12.899669,-13.148065,-12.624815,-13.631246,-6.712767,-6.954548,-6.523937,-6.523937,-6.6041493,-7.0689173,-5.8893027,-8.194491,-7.625476,-7.6166506,-6.764654,-6.764657,-5.9851813,-6.609838,-9.119336,-6.0003386,-8.151012,-8.33032,-9.105413,-9.105415,-8.457516,-8.252188,-9.044036,-9.284773,-6.068161,-4.6568184,-3.820576,-3.8205764,-3.9150915,-4.0468874,-3.5985842,-3.090316,-8.045443,-7.2218847,-7.242033,-7.242034,-7.432971,-7.5080986,-7.3500743,-7.313957,-6.9855757,-10.933819,-9.988947,-9.988943,-10.849896,-10.243384,-9.966949,-8.183367,-6.833543,-6.5528603,-4.9308662,-4.930867,-5.177894,-5.0399075,-5.340857,-6.362409
C1(C(C(C1(F)F)(F)F)(F)F)(F)F,3.43,-0.7751134,-1.7601156,-1.7434849,-1.7434847,-1.4626234,-0.9933227,-1.6131456,-2.4681723,3.18768,3.3601122,3.8975253,3.8975227,3.9897509,3.564769,3.8960197,2.5322156,3.4383636,-1.5717866,-1.6359123,-1.6359122,-1.6278323,-0.9721602,-1.7127922,2.7598011,3.6944327,2.1975906,3.8367488,3.8367474,4.0771995,5.1042447,2.1767447,1.6413704,4.3278246,-0.40121025,2.7222638,2.7222633,3.3431885,3.329033,2.9958873,2.3178604,-0.013331997,-2.7172751,-2.8618183,-2.8618186,-2.7994556,-2.7788367,-2.7130058,-1.9045144,3.4785752,0.8602889,1.2911534,1.2911526,1.4219061,0.6959519,1.4522258,1.2570219,3.5019143,2.67135,3.5803926,3.5803933,2.4522014,2.378103,3.0467575,2.4322426,3.5137398,3.4681432,3.7248776,3.7248778,3.5591402,3.755791,3.5167437,1.5935795
CCCCC(=O)CCCC,-2.64,-3.0337203,-3.267591,-3.4814458,-3.481446,-3.4957435,-3.390878,-3.705058,-3.1428406,-2.1032677,-3.055167,-2.7122216,-2.7122252,-2.6420987,-2.8949625,-2.5887058,-3.0123286,-1.9309504,-1.0788233,-1.439924,-1.4399239,-1.4174933,-1.266509,-1.1006545,-2.5667505,-2.761932,-2.6852865,-2.018622,-2.0186267,-2.381488,-2.7819674,-3.1515594,-1.805181,-4.2151914,-3.6311307,-4.86701,-4.8670096,-4.534155,-4.9994826,-4.5146503,-5.628965,-2.5804992,-4.839183,-4.2232013,-4.2232013,-4.1546826,-3.995205,-4.5360823,-1.427936,-3.5289726,-4.3728557,-4.676077,-4.6760774,-4.266264,-4.1415644,-4.2176123,-4.4420867,-1.644083,-2.569617,-2.5259717,-2.5259693,-3.0789275,-2.450157,-2.8478932,-1.7718881,-2.2526739,-2.5516558,-2.5037172,-2.503717,-2.6813927,-2.5333874,-2.6329603,-2.6777425
c1ccc(cc1)Br,-1.46,-5.457593,-4.8273087,-5.5038643,-5.5038643,-5.6252637,-5.428041,-5.8078995,-5.7325206,-1.0784837,-4.2839637,-3.2537847,-3.2537894,-3.1220214,-3.5106452,-3.444385,-3.4305596,-2.014274,-3.5322094,-3.5314016,-3.5314019,-3.5253112,-3.8692102,-3.3787441,-2.7273805,-1.6468604,-2.3883872,-1.9104749,-1.910478,-1.8284514,-1.846721,-3.9632883,-1.3619212,-1.1081909,-1.9992708,-2.3721948,-2.3721967,-1.4714407,-1.9326409,-1.3338728,-1.6847303,-9.921494,-3.5156913,-3.584151,-3.584151,-3.5297158,-3.9860587,-4.332086,-9.11725,0.11831494,0.2643975,0.32386264,0.32386214,0.29672697,0.3360106,0.3952873,-0.31870705,-1.5500631,-4.1324697,-3.004264,-3.004261,-3.6034565,-2.7447252,-2.6272106,-2.296416,-0.6418437,-0.50907683,-0.65476435,-0.6547645,-0.45695782,-0.6076568,-0.49118719,-0.76252365
c1cc(cc(c1)Cl)Cl,-0.98,-6.43734,-5.5776,-6.5163975,-6.516398,-6.5573387,-6.155977,-6.6187377,-6.482871,0.087878086,-5.6282544,-5.3362556,-5.3362617,-5.2139645,-5.435197,-5.528279,-8.044025,-1.3117503,-3.1045642,-2.9121945,-2.912194,-2.8814127,-2.9478388,-2.5841386,-2.5087726,-2.184232,-3.205783,-2.8945012,-2.8945045,-2.754568,-2.7130482,-4.775117,-2.4811485,-1.5235647,-4.025427,-3.8212428,-3.8212438,-3.540797,-3.0735993,-4.662294,-5.0507603,-8.062217,-3.5340922,-3.6960855,-3.6960855,-3.6185982,-4.1260433,-4.3778,-9.315223,-0.99016917,-0.508013,-0.117510036,-0.1175102,-0.1404146,-0.25590146,-0.064161114,-0.23215011,-0.9855348,-3.0771391,-1.0645571,-1.064554,-1.8866273,-0.6476641,-0.8125702,-1.5524138,-0.19227108,0.79673755,1.0694584,1.0694582,0.89060605,1.0716699,0.723636,-0.069727026
c1cc(ccc1Br)Br,-2.3,-6.679554,-4.8623166,-6.0852118,-6.0852118,-6.4645805,-5.3399343,-6.9447722,-5.9938717,-1.5569041,-4.7295785,-4.6873484,-4.6873517,-4.5686064,-5.5584397,-4.7999086,-3.110874,-2.2882626,-3.0196333,-3.0357256,-3.0357258,-2.9789393,-3.575187,-2.8959217,-2.897418,-1.5807064,-2.403851,-2.0428734,-2.0428777,-1.8027155,-2.0675662,-4.260208,-0.84475374,-2.4456272,-1.8417246,-2.2259202,-2.2259219,-1.7915562,-2.0245814,-1.9842867,-2.9546664,-6.6340075,-3.7266998,-3.7163386,-3.716339,-3.6664534,-4.103984,-4.4755535,-7.62898,0.10098244,0.43319505,0.90637594,0.9063759,0.89403003,0.6208181,0.9171941,-0.15113342,-6.986148,-6.665855,-2.3408387,-2.3408368,-3.1817784,-2.4740381,-2.0528111,-2.3992026,-2.390725,-2.4936757,-2.2873626,-2.2873626,-2.4680102,-2.2752447,-2.5065691,-2.027155
CC(=C)C=C,0.68,-4.512754,-4.8468647,-4.7185373,-4.718538,-4.7120357,-4.9961915,-4.7502203,-3.8708901,-0.37048492,-1.2999268,-1.351138,-1.3511423,-1.2555872,-1.2687768,-1.3985173,-2.2099519,0.44582233,-4.667173,-4.3093925,-4.3093925,-4.320616,-4.680593,-4.263054,-1.2384226,-0.11250539,-2.5197904,-1.8688045,-1.8688103,-0.66393346,-2.1855245,-4.375083,-1.4885046,-1.5544747,-3.8702497,-4.4883246,-4.488325,-3.799637,-4.280647,-4.044053,-2.7919436,-3.2054756,-3.036436,-3.0848475,-3.0848477,-3.0078344,-3.0774522,-2.8024294,-3.1090782,0.22830138,-0.6445809,-0.09307799,-0.09307817,-0.11324114,-0.36147556,0.021962628,-0.10594635,0.6145066,-2.7478094,0.002940869,0.0029452103,-0.6384498,0.049741004,-0.083154306,-0.7514589,0.6978117,0.8540076,0.2872498,0.28724962,0.86928016,0.23296562,1.1972245,1.2965759
CC(C)CCOC(=O)C,-2.21,-2.6874309,-3.3055973,-3.300118,-3.300118,-3.4425755,-3.3554103,-3.634035,-3.034431,-3.6692033,-2.2934725,-2.829491,-2.8294933,-2.6950848,-3.062239,-2.8126662,-2.9586449,-3.261238,-2.0369492,-1.8234214,-1.8234211,-1.8563943,-2.4714184,-1.5639787,-3.5815582,-2.632731,-3.280252,-2.2513785,-2.251383,-2.1178873,-2.8792152,-4.058976,-2.329005,-2.8453765,-3.49605,-4.172719,-4.172721,-3.7384477,-3.7878766,-4.13484,-3.3178103,-3.219633,-4.6833315,-3.8830104,-3.8830101,-3.954431,-3.672037,-4.6675153,-3.576202,-2.659829,-5.234202,-4.99914,-4.999139,-5.0279655,-5.3503547,-5.0133677,-4.3524065,-3.0605159,-3.9543166,-3.5522227,-3.5522187,-4.108835,-3.6882014,-3.4615922,-3.102807,-2.352866,-2.6465487,-2.563302,-2.563302,-2.732475,-2.5627246,-2.7120929,-2.2291963
CCCCCCCC(=O)C,-2.49,-2.8224745,-3.23305,-3.2557545,-3.2557545,-3.2422292,-3.2327025,-3.6084638,-2.7715755,-2.6024525,-2.1457055,-1.9357661,-1.9357685,-1.8469951,-2.1092265,-2.2518756,-2.5346167,-2.0521297,-1.5514117,-1.7879704,-1.7879703,-1.9044651,-1.6822209,-2.661833,-3.1668131,-2.9515522,-3.035183,-1.8557181,-1.8557236,-1.8595206,-2.6745648,-3.334706,-2.4975994,-2.8623028,-3.085173,-3.976509,-3.976509,-2.717961,-3.8796558,-2.610117,-3.3473744,-2.5550642,-5.1559772,-4.485025,-4.4850254,-4.728533,-3.7684672,-4.5900335,-2.675828,-3.0221214,-3.5534658,-3.4673476,-3.4673476,-3.6371796,-3.7851653,-3.677029,-3.612737,-2.0733898,-2.2005394,-2.4069986,-2.4069967,-2.9065855,-2.6118727,-2.9020352,-2.0439656,-2.536035,-2.3878744,-2.592938,-2.5929382,-2.5554953,-2.510935,-2.5015585,-2.5537057
CCc1cccc(c1N(COC)C(=O)CCl)CC,-8.21,-5.8011065,-3.2074761,-4.8845224,-4.8845224,-5.6066895,-4.593005,-5.736086,-4.901956,-4.8753614,-4.525896,-6.1813,-6.181304,-6.1843233,-6.991375,-6.353169,-7.393937,-8.161017,-6.1368065,-5.5837517,-5.5837517,-5.751996,-6.3060093,-6.465843,-8.526159,-7.863649,-5.819779,-4.7243586,-4.72436,-6.585964,-6.096486,-5.8833485,-7.7567744,-6.657495,-4.401894,-5.579094,-5.579093,-5.4472704,-5.4409366,-5.582958,-7.657898,-4.851761,-4.219427,-5.531683,-5.5316834,-5.3448386,-5.8895826,-4.8493986,-5.832975,-8.083717,-5.436475,-5.446531,-5.4465303,-5.539896,-5.6029563,-5.477081,-5.1659136,-8.375915,-6.4921813,-8.207261,-8.207258,-8.817232,-8.113541,-8.573289,-9.043767,-8.0233135,-8.142011,-8.3283825,-8.3283825,-8.236606,-7.960565,-8.129803,-8.227406
CCCOCCC,-1.16,-1.2706711,-2.4088511,-1.6721631,-1.672163,-1.6081996,-2.046842,-1.6956908,-1.3134764,-0.15314236,-1.0727937,-0.39096138,-0.3909646,-0.313616,-0.2643633,-0.6239276,-0.59069747,-1.4368544,-0.90919787,-0.73736477,-0.7373643,-0.70237595,-0.99733865,-0.7013616,-1.6081903,-2.502952,-0.54010594,-0.5725254,-0.57252973,-0.18465082,-0.621221,-2.4580011,-1.0185599,-1.4897578,-1.5746961,-1.5285519,-1.5285525,-0.8793184,-0.7002559,-0.86615014,-1.2036351,-1.6398239,-3.9369798,-4.043285,-4.0432854,-3.9410691,-4.243964,-3.4924374,-3.299231,-0.6635412,-3.718119,-3.7220738,-3.722074,-3.590649,-3.9137053,-3.5807533,-2.533372,-0.13866612,-0.8701193,-0.292967,-0.2929634,-1.1352451,-0.8073164,-1.7503603,-0.3521712,-1.1699765,-1.1703439,-1.1594628,-1.1594626,-1.1620004,-1.2370371,-1.1049424,-1.2311779
CCOC(=O)C,-2.94,-2.3951743,-2.936315,-2.760635,-2.760635,-2.5685995,-2.9778507,-2.4436564,-2.3368638,-3.2185981,-3.62137,-3.8720262,-3.8720284,-3.8038054,-3.8543084,-3.9579365,-3.8748543,-4.031204,-2.6699266,-2.6438901,-2.64389,-2.7498567,-2.7239127,-3.077556,-4.003431,-3.5402992,-3.765053,-2.6447527,-2.6447568,-2.7456846,-3.1749735,-4.9157,-3.1371362,-3.9455616,-2.496327,-3.3154535,-3.315454,-2.9037125,-3.2938845,-2.6921687,-2.9892983,-3.2417367,-3.560926,-3.137332,-3.1373322,-3.0979862,-3.1440523,-2.9096541,-1.623188,-3.5606446,-5.834057,-5.4308705,-5.430871,-5.398167,-5.927201,-5.371259,-5.1030965,-3.4052148,-3.986623,-4.0828056,-4.0828013,-4.709428,-4.146335,-4.346413,-3.9340684,-3.4668884,-2.7836401,-2.7326746,-2.7326744,-2.8254032,-2.8181531,-2.9282734,-3.1198816
c1ccc2c(c1)Cc3ccccc3C2,-3.78,-6.1403165,-4.7153206,-6.2446527,-6.2446523,-6.390399,-5.345054,-6.350908,-6.6104183,-2.1911378,-3.3838272,-4.074901,-4.074905,-3.8972578,-4.3007812,-4.1200547,-3.8151023,-4.0490856,-3.3775842,-3.5317132,-3.531714,-3.5805454,-3.776727,-4.1073337,-5.300514,-3.2704747,-4.3527503,-3.7309732,-3.730975,-3.7900352,-3.343843,-5.2276525,-4.2092805,-3.9676266,-3.4238086,-4.5636,-4.5636015,-4.099317,-4.8113847,-3.6846564,-2.8038106,-3.84586,-4.8853884,-4.256326,-4.256326,-4.545012,-3.738118,-4.940992,-2.258615,-2.753227,-1.0679804,-0.8724271,-0.8724276,-1.0812279,-0.9894681,-1.1277906,-1.2284698,-2.6502128,-2.9462922,-3.02832,-3.0283153,-3.9124463,-2.8055313,-3.2673125,-1.7245469,-3.5017624,-3.2705379,-3.2158682,-3.2158685,-3.3089206,-3.3021643,-3.3159795,-3.1900406
COc1cccc(c1)O,-7.66,-5.670062,-5.261885,-5.947128,-5.9471273,-5.991829,-5.748888,-6.0256343,-5.6497655,-6.8633866,-5.641299,-6.6022706,-6.602273,-6.4969053,-6.8095665,-6.6826587,-7.619624,-7.233851,-7.2971244,-7.0590096,-7.0590105,-7.154376,-7.4343853,-7.52936,-8.048069,-7.20829,-5.5860715,-5.2775183,-5.277519,-5.533297,-5.389394,-7.529962,-5.935136,-7.18517,-5.6135325,-6.2997684,-6.2997704,-5.2728896,-5.9458823,-5.2215996,-5.8138943,-5.201931,-3.800506,-4.034199,-4.0341988,-3.969774,-4.1882224,-3.6864018,-4.870709,-9.144015,-6.330847,-6.067283,-6.0672827,-6.057669,-6.551125,-6.0556874,-6.4267793,-6.8579726,-8.404645,-7.799869,-7.7998667,-8.198757,-7.7173533,-7.4942384,-7.2159557,-7.6789207,-7.691268,-7.7217035,-7.721705,-7.6797037,-7.6115365,-7.6304398,-7.7077727
Cc1ccc(c(c1)OC)O,-5.8,-5.698825,-5.7120233,-5.870263,-5.870263,-5.9447727,-5.8125386,-6.0656195,-4.992219,-6.6994605,-4.953143,-6.287084,-6.2870865,-6.1718473,-6.4211764,-6.314907,-6.452375,-6.7981577,-6.615951,-6.3481345,-6.3481345,-6.4995785,-6.570988,-7.116294,-8.454034,-6.606958,-5.12252,-4.539901,-4.5399013,-4.8995085,-4.772964,-6.5107527,-5.8048096,-6.201426,-7.8801875,-7.9488916,-7.948892,-7.6448674,-8.17421,-7.5379305,-6.999572,-7.468501,-3.8390965,-4.5279593,-4.527959,-4.3981967,-4.773473,-3.92126,-5.9451914,-7.6427093,-6.024976,-5.7238207,-5.723821,-5.72502,-6.2029634,-5.7196903,-5.914464,-6.170714,-6.221741,-6.9062657,-6.9062624,-7.7910905,-8.09173,-8.828812,-5.813182,-5.8618536,-4.1782465,-5.9222674,-5.9222713,-5.9077296,-5.322839,-5.5838175,-6.0659394
CCC[N+](=O)[O-],-3.34,-1.5826207,-2.0480804,-1.6827346,-1.6827345,-1.5853962,-1.5790044,-1.7107102,-1.5397345,-5.693692,-6.360142,-7.209211,-7.2092123,-7.144966,-6.898246,-7.2328715,-6.913779,-2.4968307,-1.5921468,-1.7591983,-1.7591985,-1.8772656,-1.7334404,-1.8298662,-3.8889928,-3.451418,-2.7165108,-1.8906077,-1.89061,-2.095291,-2.8097763,-3.9789696,-2.1802335,-4.255092,-3.5096502,-4.3174133,-4.3174124,-3.9798691,-4.331942,-4.3484545,-3.2657268,-3.8387322,-3.0900025,-2.973946,-2.973946,-2.9185772,-3.045044,-2.8974829,-2.9660652,-4.2987113,-4.5630074,-4.2278814,-4.2278814,-3.5863383,-3.997924,-3.7049117,-4.3321867,-2.9856865,-6.523366,-5.38598,-5.385976,-5.2082143,-3.3328857,-3.8758504,-4.719212,-3.3866456,-3.3006377,-3.369048,-3.3690479,-3.273214,-3.3506358,-3.2628086,-3.4358685
C[C@H](C(F)(F)F)O,-4.2,-3.1587389,-2.6864572,-2.9148095,-2.9148097,-2.802327,-2.2987304,-2.783071,-2.9484951,-3.768483,-6.6857405,-9.7403555,-9.740358,-9.702431,-8.122128,-9.86305,-7.9185905,-4.410428,-5.071002,-5.0448575,-5.044858,-5.1306677,-5.4440966,-5.356089,-7.9274573,-3.9819183,-3.4205015,-3.011393,-3.0113964,-3.2062316,-3.8310592,-5.0776997,-2.1164172,-6.007438,-2.8072004,-2.9205637,-2.920564,-2.8548772,-2.4812117,-2.6228664,-4.9411087,-3.5621161,-2.6412277,-2.4262238,-2.4262235,-2.3707976,-2.325936,-2.2584507,-1.9942833,-4.355271,-6.4780107,-5.2491465,-5.2491465,-5.289514,-6.3840327,-5.4128013,-4.508016,-3.81236,-6.152499,-8.4051895,-8.405184,-9.6267185,-7.018647,-8.798819,-4.525145,-4.1614065,-4.4760957,-4.2800174,-4.2800174,-4.4146123,-4.3708267,-4.6192803,-4.9935637
Cc1cc(cc(c1)O)C,-6.27,-5.022116,-5.8436475,-5.019083,-5.019083,-5.1590233,-5.390732,-5.4807744,-3.9590003,-5.352427,-4.2802167,-4.953072,-4.953076,-4.8318624,-5.2439475,-4.98754,-5.339233,-6.7636795,-5.085003,-4.4729857,-4.4729857,-4.5267143,-4.852081,-4.6836634,-7.1330075,-6.393834,-5.061448,-4.190402,-4.190406,-4.630383,-4.5424957,-5.683523,-4.635376,-6.9625688,-7.9885755,-7.862577,-7.862578,-7.551286,-8.251408,-7.383581,-6.772573,-5.464611,-3.7212021,-4.5049453,-4.5049453,-4.3904176,-4.697501,-4.0419483,-6.5977216,-6.7084312,-4.438742,-4.4259844,-4.4259844,-4.4135942,-4.792354,-4.405509,-4.166109,-5.818326,-7.9257174,-6.920261,-6.9202566,-7.447535,-6.634948,-6.9270115,-6.1830053,-6.3992205,-6.24946,-6.418089,-6.41809,-6.18568,-6.1524353,-6.143468,-6.155811
CCOC(=O)c1ccc(cc1)O,-9.2,-5.1004267,-4.272925,-5.295762,-5.295762,-5.3784413,-4.9980373,-5.5294557,-5.2522106,-8.127919,-7.721268,-8.6252165,-8.625217,-8.544172,-9.000771,-8.668231,-9.939108,-9.879724,-9.85606,-9.541355,-9.541354,-9.7147255,-10.420156,-10.007273,-10.221241,-9.326334,-8.652513,-8.039338,-8.039342,-8.296774,-8.398541,-9.756814,-9.780008,-7.3475313,-5.5136275,-6.3575788,-6.357579,-6.004411,-5.4353113,-6.644776,-6.7919188,-4.7758956,-4.8347387,-5.2774367,-5.2774367,-5.341887,-5.5770144,-4.7351894,-6.2623606,-9.618548,-6.531763,-6.5619125,-6.5619125,-6.6154323,-6.9394946,-6.586063,-6.675689,-8.576437,-8.266888,-8.701545,-8.701542,-9.631506,-8.709788,-8.593403,-8.713681,-9.220996,-9.113591,-9.326586,-9.326586,-9.184856,-9.062334,-9.091877,-9.22584
CNC,-4.29,-2.3741164,-2.203628,-2.4483492,-2.4483495,-2.4239109,-2.1890864,-2.401239,-2.1823819,-3.278447,-1.5845115,-2.4935305,-2.4935331,-2.4294584,-2.32814,-2.4996927,-2.9103243,-4.015537,-4.1088285,-3.8980815,-3.8980815,-3.964328,-4.214669,-4.0929575,-4.5257072,-5.104193,-3.6998808,-2.4158487,-2.415853,-2.2753978,-3.4458404,-4.589614,-3.3961875,-4.535022,-0.89217156,-2.4193172,-2.419318,-2.3744035,-2.2384017,-1.6620356,-3.1319613,-4.5119386,-2.5759718,-2.1969938,-2.1969936,-2.1395214,-2.172461,-2.156499,-1.9832984,-4.4414864,-3.763474,-3.708374,-3.7083745,-3.6589458,-3.9055476,-3.596562,-3.3419898,-2.8685699,-3.0701768,-3.1331654,-3.133162,-3.9308681,-3.6162546,-3.6632466,-2.4501681,-4.3989944,-4.306552,-4.3369994,-4.336999,-4.282606,-4.300645,-4.2969747,-4.3365293
C(F)(F)Cl,-0.5,-1.5863407,-1.8111771,-1.960188,-1.9601879,-2.0224936,-1.3577094,-2.028347,-1.9127256,0.2989822,0.7298084,0.30222526,0.3022252,0.33660442,0.5581976,0.24578269,0.7113681,-0.07920234,-0.9320875,-0.92443293,-0.9244329,-0.9048265,-0.433649,-0.90970004,0.15842387,-0.43691698,0.113578305,0.84217864,0.8421733,0.5184541,0.45500925,-0.9146861,-0.18821497,-0.75447994,-1.233467,-0.8537957,-0.85379666,-0.6331457,-0.9174439,-0.18456413,0.09294158,0.9607047,-2.0514684,-1.4493473,-1.4493473,-1.465075,-1.4278183,-1.4243797,-0.84431404,-0.5051469,-0.9200396,-0.42491946,-0.4249196,-0.43940645,-0.9221588,-0.46716157,-0.21277994,-0.435816,0.74141395,-0.08197196,-0.081972085,-0.23034406,-0.108720034,-0.32154018,0.61515677,-0.47131294,-0.44280842,-0.3466243,-0.3466243,-0.48809996,-0.37760323,-0.5463249,-1.4061204
Cc1ccc(cc1C)O,-6.5,-5.3433495,-5.1462703,-5.70555,-5.7055497,-5.7467318,-5.508511,-5.7276826,-5.1236672,-4.9190164,-3.4305723,-4.5277543,-4.527756,-4.4084997,-4.705757,-4.536513,-5.2328105,-5.3940454,-5.372365,-5.244883,-5.244882,-5.2128863,-5.549676,-5.209473,-6.118137,-7.2883997,-6.740848,-5.908086,-5.908089,-6.278691,-6.406229,-7.76942,-6.7431245,-5.5621686,-7.209692,-7.7065525,-7.7065544,-7.2773833,-7.442037,-7.6295233,-6.917346,-6.70844,-3.613498,-4.110006,-4.110006,-4.0064793,-4.2468824,-3.6714835,-5.259858,-6.9821978,-4.2846193,-4.339961,-4.3399606,-4.3229036,-4.680626,-4.313886,-4.219215,-5.9509177,-5.720662,-6.0540996,-6.0540967,-6.8554096,-6.1736474,-6.2971373,-5.8026724,-6.6019526,-6.5193233,-6.651468,-6.6514688,-6.5150285,-6.3717537,-6.4704833,-6.5454082
CCCCCCCCBr,0.52,-3.6390712,-3.2121038,-3.6246433,-3.6246438,-3.0243282,-3.4067614,-3.8603797,-3.3157718,1.0211732,0.08317763,1.1687113,1.168707,1.3400178,0.34259778,0.86129004,-1.444905,0.91798466,-1.8640314,-1.7356826,-1.7356822,-1.4938545,-1.6518459,-1.400601,0.1394948,-1.3779844,-0.5558983,-0.10592711,-0.105930306,1.529011,-0.62526536,-0.5408284,-0.75555015,-0.95793027,-1.7766768,-1.5895119,-1.5895127,-0.24970436,-1.9465102,-0.36438876,-0.5672331,-1.7695681,-4.846606,-3.9063892,-3.9063888,-3.9246068,-3.5500674,-4.476851,-1.4678426,1.4528042,-0.3298146,1.0176808,1.0176806,0.85037464,0.056839734,0.3709315,-0.25736603,0.3714107,1.3903475,-0.5127028,-0.5127007,-0.6551482,-0.0010023392,0.0020736419,0.74539757,0.8795368,0.3548496,0.6850677,0.68506795,0.67192066,0.39866042,0.965399,1.0229182
CC[C@@H](C)C(C)C,2.52,-1.6783794,-2.111564,-1.8974143,-1.8974144,-1.3234897,-2.087487,-1.2388433,-1.4028057,2.0736358,0.7304333,0.28529587,0.28529277,0.4103228,0.2932539,0.16721345,-1.9131738,2.095033,0.30741754,0.5850782,0.5850777,0.768186,0.78492904,1.0774032,0.85096496,1.9996471,0.5234469,2.1419144,2.1419098,2.6065416,1.7466849,0.28303277,0.59505284,-0.87898576,-2.18912,-2.3587933,-2.3587937,-1.0773454,-1.8932658,-1.1549174,-1.9998934,-1.4384232,-3.36644,-3.5092223,-3.5092225,-3.3847377,-3.553252,-3.1688006,-2.9893568,1.8273189,0.64469475,0.89110595,0.8911058,0.7883272,0.71020573,0.81142974,0.16520464,3.4503465,0.21874523,1.7989243,1.7989285,0.86985946,1.8362687,1.605269,1.0323927,2.138082,1.5681342,1.7987804,1.7987798,2.195712,1.672194,1.697337,1.5632817
C=CCC=C,0.93,-0.97977525,-1.3050134,-0.7713119,-0.7713119,-0.7265272,-0.4913055,-0.8644748,-0.5277219,-0.80041856,-2.2306602,-2.2303555,-2.2303574,-2.1320195,-2.3122387,-2.2973433,-2.5513744,1.7690948,-4.7232027,-4.392142,-4.392142,-4.487773,-4.7508783,-4.6783924,-0.96993965,0.557735,-1.5406641,-1.0768481,-1.0768511,0.60109985,-0.8067371,-3.8407373,-1.203351,1.2754445,-0.6820906,-0.60033244,-0.60033214,-0.2364437,0.038934566,-0.63445145,0.28759262,-1.7166882,-3.3060544,-3.4569628,-3.456963,-3.3528152,-3.7531834,-3.8098195,-5.57484,0.24027793,-0.3941068,-0.10277024,-0.102770306,-0.1601487,-0.17647532,-0.0546619,-0.6065102,1.1428311,-1.4504635,0.26885203,0.26885656,-0.27033946,-0.2783946,0.095027745,-0.73059976,1.469673,1.7652957,2.011071,2.0110707,1.7877829,1.7873046,1.7463504,1.2368923
CC=O,-3.5,-2.594743,-2.1697364,-2.8282516,-2.8282514,-2.8296454,-2.4464643,-2.8341634,-3.0327938,-2.1593032,-2.7611282,-3.3787541,-3.3787556,-3.3392615,-3.107052,-3.340863,-4.305124,-2.9157963,-1.521237,-1.5828046,-1.5828046,-1.6052629,-1.5062375,-1.6416651,-2.2742991,-3.3890948,-3.49324,-2.1805267,-2.1805313,-2.192066,-3.10405,-4.1732845,-2.641873,-5.1187286,-1.0734959,-2.394041,-2.3940427,-2.0462632,-3.0935035,-2.0309858,-3.738304,-4.3495164,-2.3327131,-2.013319,-2.0133193,-2.0346859,-2.0643067,-1.9769984,-1.706306,-3.3366237,-3.955009,-3.8760867,-3.8760877,-3.866473,-4.1299133,-3.8429797,-3.1610744,-3.0067947,-4.5270195,-3.5772154,-3.5772138,-4.0779185,-3.6526916,-3.7419848,-3.1240857,-3.529319,-3.9707472,-3.439719,-3.4397194,-3.7709131,-3.5541918,-3.6967292,-3.8797636
CCCBr,-0.56,-1.303161,-1.5532416,-1.1956109,-1.1956108,-1.22753,-0.9924529,-1.3871895,-1.0959907,-1.776627,-2.3852093,-2.7984667,-2.79847,-2.7091935,-2.9710653,-2.8425198,-2.342187,-0.4116679,-1.197374,-1.4467524,-1.4467528,-1.4545839,-1.3968881,-1.4531723,-0.9659169,-1.0597026,0.13714764,0.57606715,0.57606256,0.42349398,-0.10956064,-1.078336,-0.39032772,-0.7256437,-0.8471861,-0.41853702,-0.41853732,-0.0539949,0.123354726,0.025790611,0.38481888,-2.8248672,-2.7204294,-2.6323953,-2.6323955,-2.5861192,-2.6153004,-2.5656357,-2.2063901,-0.7177371,0.9480129,0.8768194,0.87681925,1.0586574,1.0302925,0.9540644,0.43470824,-0.084506616,-1.6609882,-0.6782052,-0.6782023,-1.6765496,-0.9984302,-0.80158055,-0.7936881,0.0061727026,0.016590932,0.25421998,0.25421983,0.025968011,0.018846069,0.012964224,0.53056985
CN(C)CCOC(c1ccccc1)c2ccccc2,-9.34,-6.8190565,-4.1320567,-6.1807113,-6.180711,-6.316847,-5.2318077,-6.2677703,-6.932606,-6.38324,-4.054167,-4.752377,-4.752381,-4.3530893,-4.9025526,-4.3345695,-6.6562877,-9.235456,-8.247331,-7.169874,-7.1698747,-7.0090117,-7.389303,-4.7940974,-5.6381893,-9.599191,-6.3828154,-5.5748534,-5.5748544,-6.437483,-6.1953697,-5.672,-5.0370474,-8.07844,-4.66013,-5.774565,-5.7745657,-5.336039,-5.642864,-4.80474,-6.128859,-7.8128633,-5.1021023,-6.1244373,-6.1244373,-5.7052865,-5.587583,-6.004217,-6.2675867,-8.958761,-6.58154,-6.470871,-6.470871,-6.4178977,-5.892777,-6.4441304,-7.4784245,-9.3709545,-7.947391,-7.015902,-7.0158997,-7.571178,-6.6013384,-7.29811,-6.4084425,-9.118929,-5.462544,-5.086805,-5.0868063,-4.985124,-5.030545,-4.341264,-6.6035633
Cc1cc2ccccc2cc1C,-2.78,-6.375248,-5.3496623,-6.5897074,-6.5897074,-6.6660013,-5.9616776,-6.6500897,-6.6638436,-2.7976434,-2.995105,-3.7313576,-3.73136,-3.5681694,-3.8996491,-3.7882304,-3.6318243,-2.5426755,-3.5124598,-3.1250887,-3.1250887,-2.9961517,-3.2629018,-3.3029206,-3.216153,-3.6729126,-3.7162151,-4.0576916,-4.057693,-4.2961097,-4.1088424,-5.8990054,-5.127192,-4.8479004,-1.8831164,-2.7913208,-2.7913213,-2.3668444,-2.694742,-1.99256,-3.5629573,-2.8291152,-4.3702483,-4.646052,-4.646052,-4.718165,-4.7103996,-4.3424497,-6.413904,-2.881556,-0.9515539,-1.3688496,-1.3688499,-1.5890194,-1.2554525,-1.5677905,-1.1400628,-1.8931175,-3.1643548,-3.2132385,-3.2132347,-3.8590736,-3.0109236,-3.2710109,-1.874592,-2.8474228,-2.7745757,-2.8415265,-2.841527,-2.7717402,-2.7648852,-2.7615385,-2.746061
C1CCNCC1,-5.11,-2.3380232,-3.0997853,-2.8917942,-2.8917942,-3.0771759,-2.6765156,-3.1651685,-2.6163943,-2.783435,-1.0793989,-1.5386112,-1.538614,-1.4613394,-1.597545,-1.5878822,-1.6396545,-5.0526953,-1.945277,-1.9305656,-1.9305658,-1.6851352,-1.9797505,-1.3408837,-4.0901446,-4.2686753,-2.3574536,-2.0338373,-2.0338402,-1.8831508,-2.7987468,-3.9057581,-2.3082058,-6.128669,-3.9914863,-3.2780728,-3.2780735,-3.699859,-3.4109335,-2.1298554,-5.282693,-3.3047671,-3.001816,-3.1995926,-3.1995926,-3.0932682,-3.259541,-3.237667,-3.8947527,-4.39346,-3.2568717,-3.3456972,-3.3456974,-3.3130894,-3.4568543,-3.2398615,-3.430013,-3.4596717,-2.0654628,-2.9403276,-2.9403229,-4.49573,-3.7957108,-3.5574403,-1.5967944,-5.1681147,-5.747616,-5.1913576,-5.191356,-5.3891006,-5.9780374,-5.604167,-6.7624316
C([N+](=O)[O-])(Cl)(Cl)Cl,-1.45,-2.8368328,-2.3689244,-2.5038016,-2.5038016,-2.2247612,-1.5598345,-2.3811712,-3.497575,-1.4936616,-0.4312119,-0.2437565,-0.24375875,-0.21026745,0.20826866,-0.2837621,0.687427,-1.2167214,-0.9496571,-0.8222673,-0.82226735,-0.9362639,-0.38773298,-1.0562285,0.37348574,-1.7486248,-4.079658,-1.8763875,-1.8763897,-1.7665528,-2.8475993,-3.8310733,-1.0912513,-3.0934055,-2.195873,-2.4067945,-2.4067948,-2.6786125,-2.0309517,-1.7089275,-3.9675667,-0.30379596,-2.5517843,-2.4265084,-2.4265084,-2.3914633,-2.3261037,-2.2876945,-1.5711187,-1.6076443,1.0546983,0.26178303,0.26178402,0.15483446,0.69561803,0.11036047,0.75738883,-1.2571403,-1.6647416,-1.3839122,-1.3839116,-2.1460645,-1.0212191,-1.2017298,-1.4034909,-2.8999918,-3.6422405,-3.6024761,-3.6024761,-3.6616712,-3.5805056,-3.6764596,-3.5936792
COC(CCl)(OC)OC,-4.59,-1.6058346,-1.6862701,-1.6316667,-1.6316665,-1.4116454,-1.0429204,-1.4998844,-1.6308224,-5.0147395,-4.1564593,-4.7097716,-4.7097735,-4.6394978,-4.8732634,-4.676734,-5.721071,-4.8621597,-5.5510244,-5.2596903,-5.2596903,-5.0254564,-5.630106,-4.8035216,-5.8536067,-5.2350144,-5.6598763,-4.936449,-4.93645,-4.8007975,-5.474229,-7.129038,-5.6044827,-5.1182723,-1.9743677,-2.4045115,-2.404511,-2.3264158,-2.0924969,-2.2164934,-3.1658723,-2.34814,-3.158079,-3.5462427,-3.546243,-3.418786,-3.531742,-3.1789694,-3.5479312,-5.7651567,-6.164465,-5.4229193,-5.4229193,-5.4401236,-6.080584,-5.440892,-6.1962686,-4.6789374,-3.0747466,-5.205202,-5.2051992,-5.704737,-5.060157,-5.516652,-4.75755,-4.676174,-4.593955,-4.7209897,-4.7209888,-4.596247,-4.513749,-4.5379863,-4.58273
CCCCCCCCCC(=O)C,-2.15,-5.039607,-3.8314238,-4.854246,-4.854246,-5.0905724,-4.612886,-5.610871,-4.612561,-1.8990374,-2.2163002,-2.3911808,-2.391182,-2.311003,-2.4570072,-1.3318003,-2.703622,-2.5219471,-2.6943736,-2.1728137,-2.1728137,-2.2592163,-2.2138584,-1.2613078,-2.6952753,-2.486665,-3.4157238,-2.2897491,-2.2897544,-2.089629,-2.960727,-3.984168,-2.1060534,-3.3434567,-3.6684637,-4.679197,-4.679197,-3.1345768,-4.1889987,-3.3375547,-4.172416,-2.5534618,-5.2037497,-5.026406,-5.026406,-4.758929,-4.632196,-3.976726,-2.6699753,-2.489097,-3.4511464,-3.3089242,-3.3089242,-3.4818778,-3.737272,-3.5885859,-3.3216646,-2.7769103,-2.6907187,-3.3077784,-3.307777,-3.159181,-3.032468,-2.956958,-2.9532459,-2.2134356,-2.061762,-2.173386,-2.1733863,-2.220168,-2.1415696,-2.1637638,-2.1357615
CC(=C)c1ccccc1,-1.24,-4.1297646,-4.2022467,-4.763593,-4.763593,-4.802734,-4.5684304,-4.6786466,-4.273478,-2.0675366,-2.6611364,-3.2621975,-3.2622025,-3.1059136,-3.4844956,-3.2959864,-3.891718,-2.1458695,-4.7525682,-4.2616405,-4.261641,-4.256731,-4.6132,-4.2317247,-3.3692641,-3.133864,-3.5722148,-3.3047454,-3.3047485,-3.1995242,-3.2805972,-5.178555,-3.0571473,-2.8714404,-4.798796,-5.6790457,-5.679045,-5.4463153,-5.3735247,-5.668487,-4.2054377,-6.45709,-3.6683886,-3.9831228,-3.983123,-3.8687615,-4.169318,-3.405029,-4.4421153,-1.9125233,-0.74644727,-0.85946333,-0.8594635,-1.0418478,-0.76805437,-0.9025776,-0.88339704,-1.1047089,-3.5884185,-2.3065374,-2.3065329,-2.8896215,-2.4905941,-2.0888786,-1.9731416,-1.2387291,-1.3311973,-1.3045657,-1.3045657,-1.5091611,-1.2340305,-1.2042657,-0.72878253
CC(C)C=O,-2.86,-2.2855275,-2.4200377,-2.4645123,-2.4645123,-2.4114296,-2.0105522,-2.3525732,-2.303044,-2.5189848,-3.3163078,-3.9721618,-3.972166,-3.8567426,-3.8218143,-4.0356746,-2.9614913,-3.1443636,-2.4751444,-2.5665789,-2.5665784,-2.5252316,-2.618575,-2.2064822,-3.2657254,-4.1226053,-3.7355747,-2.4494936,-2.4494967,-3.1700647,-3.6123068,-4.4587245,-2.376095,-3.68073,-3.234251,-2.6479607,-2.647962,-2.5439053,-2.5683002,-2.7738159,-3.0100446,-3.0109665,-2.5527573,-2.3887415,-2.3887413,-2.3294125,-2.2127357,-2.2352164,-1.7196691,-4.8433595,-3.3939183,-3.5010366,-3.5010364,-3.4892976,-3.6061866,-3.4296217,-3.4128683,-2.1739485,-4.814393,-2.8509102,-2.8509068,-3.6333427,-2.8378365,-2.8281102,-2.039596,-4.521821,-2.8788927,-3.0613456,-3.0613456,-2.7458632,-3.0594027,-2.6326773,-2.8001332
CC[C@H](C(C)C)O,-3.88,-2.6140113,-2.8050156,-2.8258648,-2.825865,-2.668659,-2.9462287,-2.4659677,-2.353106,-2.573113,-1.0283308,-1.6899079,-1.6899107,-1.5901242,-1.462183,-1.8200195,-2.8128154,-4.164363,-3.219047,-2.8107092,-2.8107095,-2.8588257,-3.2272668,-3.1500185,-3.298847,-4.3442426,-2.0869923,-0.8564595,-0.8564636,-1.1312382,-1.8922479,-2.6142287,-1.2482111,-1.6287625,-3.1778762,-3.448775,-3.4487755,-2.4522026,-3.1902375,-2.2368674,-3.3762207,-1.989637,-3.4628053,-3.3654366,-3.3654366,-3.2802007,-3.3984432,-3.1370912,-2.2779324,-4.9046717,-4.0309525,-3.9902287,-3.9902282,-3.9693608,-4.1937985,-3.925387,-3.870556,-2.4910083,-3.642925,-2.9619823,-2.961977,-4.607362,-4.2439914,-4.3804283,-2.4769616,-4.052924,-3.8447592,-3.9945657,-3.9945655,-3.8603725,-3.8993351,-3.9474554,-3.89259
CS(=O)(=O)Cl,-4.87,-2.6026218,-1.9133201,-2.1429129,-2.1429129,-1.9716253,-1.3136398,-2.0366447,-1.8535957,-3.273302,-0.6802302,-2.2070265,-2.2070289,-2.1641145,-1.0470114,-2.2119,-2.0439913,-4.8780127,-1.3007246,-1.745455,-1.7454551,-1.8879436,-1.7848012,-2.2265267,-5.920407,-5.4858193,-5.2900524,-3.3639145,-3.3639145,-3.969541,-4.4897513,-5.368472,-3.6082501,-2.7267606,-0.5395682,-1.3665007,-1.3665019,-0.64058036,-1.318887,-1.0930934,-2.0704505,-1.0955007,-2.6423974,-2.557232,-2.557232,-2.5096793,-2.5127592,-2.5192955,-2.1833825,-3.2169182,-7.770836,-5.684991,-5.684991,-5.197053,-6.6949115,-5.4640527,-3.7635226,-4.3209243,-1.6858106,-5.2338653,-5.2338643,-6.029329,-5.1895504,-5.585936,-4.906407,-4.967961,-5.139786,-5.040687,-5.040687,-5.05361,-5.064205,-5.0753055,-4.800891
CCCCCN,-4.09,-1.1944458,-2.3257904,-1.5920683,-1.5920684,-1.6510191,-1.96315,-1.6811733,-1.3685806,-0.901518,-0.57886684,-1.0380243,-1.0380274,-0.94107544,-0.9376353,-1.2223862,-1.3555629,-4.1341352,-3.4653044,-2.9953454,-2.9953449,-2.9834735,-3.2357073,-3.2518215,-3.223112,-5.4457407,-2.8297694,-1.6421788,-1.6421837,-1.7429762,-2.585416,-3.0420976,-1.7725877,-2.912825,-1.8595406,-1.4997618,-1.4997624,-0.5564193,-1.5563464,-0.35529533,-1.2430892,-2.877429,-3.7447171,-3.4801583,-3.4801586,-3.4391007,-3.5887153,-3.2786837,-2.6698196,-4.2042985,-3.5092103,-3.612018,-3.6120179,-3.5473945,-3.7077346,-3.5649133,-3.965607,-2.3774116,-3.4093802,-2.3969052,-2.3969014,-3.6329057,-2.5486355,-2.6533453,-1.4611388,-4.201611,-4.0108004,-4.1983323,-4.198333,-4.089396,-3.943814,-4.0691233,-4.1034923
CCC(=O)N,-9.4,-2.3084693,-2.5294888,-2.5220132,-2.5220132,-2.4794505,-2.2148335,-2.3928828,-2.2235932,-6.370191,-3.9766738,-4.910086,-4.910088,-4.8582826,-4.4081016,-4.9434876,-4.69652,-8.115115,-3.8704395,-3.8696856,-3.869685,-3.954229,-4.2602973,-3.9991841,-5.446271,-8.7677355,-6.146501,-4.175236,-4.1752405,-4.631222,-5.6119037,-6.0081887,-4.465618,-9.012125,-3.0861533,-3.5621595,-3.56216,-3.4025548,-3.5584762,-3.3866584,-5.745867,-3.8347993,-3.0686188,-3.0440981,-3.044098,-3.0033755,-3.100399,-2.9809186,-3.4484107,-9.784307,-5.992621,-5.859893,-5.859893,-5.921427,-6.119901,-5.8836107,-6.8358912,-8.660648,-5.0826926,-5.9007525,-5.90075,-7.191568,-6.9065914,-6.809821,-6.3125954,-9.475942,-9.444895,-9.437565,-9.437565,-9.414705,-9.402097,-9.371233,-9.356642
Cc1cccc(c1)C,-0.83,-4.920533,-5.0417495,-5.333875,-5.333875,-5.3722744,-5.292796,-5.3563685,-4.5434275,-1.5987653,-2.1984427,-2.501677,-2.5016835,-2.357316,-2.879718,-2.5637662,-2.885257,-2.0139973,-2.3404088,-1.8470156,-1.8470157,-1.8124498,-2.0654879,-1.739947,-2.777524,-1.9104105,-1.8671798,-1.2712911,-1.2712952,-1.237648,-1.2251153,-2.7731915,-1.456074,-2.2940164,-2.187231,-2.6397412,-2.639742,-2.200363,-2.0696154,-1.4873737,-3.6977863,-6.31687,-3.5763028,-3.8132553,-3.8132553,-3.6849856,-3.9455576,-3.3355887,-3.969731,-0.2895239,0.3758725,0.91497946,0.91497916,0.8248902,0.4136974,0.8610058,0.07324308,-1.8421081,-3.5583193,-3.237511,-3.2375083,-3.6637816,-3.646283,-3.482027,-3.0046058,-1.055823,-1.1284463,-0.9942474,-0.9942473,-1.1481091,-1.1039269,-1.3800339,-0.7361315
CO,-5.1,-2.5523133,-0.950321,-3.1654346,-3.1654344,-3.1516373,-1.7572834,-2.9403172,-3.6200159,-1.6748116,-3.4571111,-3.4093888,-3.4093907,-3.3796067,-3.287678,-3.4085019,-4.2524705,-4.5915017,-4.9507895,-4.3480625,-4.3480625,-4.3694077,-4.698258,-4.411811,-4.8663836,-3.6714902,-3.1891966,-1.825751,-1.8257526,-1.9867213,-2.654685,-3.7904882,-1.8818866,-2.5777857,-0.89271253,-1.3029323,-1.3029333,-0.99579316,-2.012313,-0.9501692,-1.0428951,-4.730058,-2.0145674,-1.3488334,-1.3488334,-1.3664274,-1.4001524,-1.3310292,-1.8362784,-4.81535,-5.905484,-5.5985003,-5.5985003,-5.5779476,-6.0113983,-5.573753,-6.547827,-4.5000114,-5.967728,-4.1798954,-4.179895,-4.566632,-4.2825537,-4.4147053,-4.843236,-4.8938375,-5.190692,-4.992599,-4.9925995,-5.128878,-5.0651035,-5.1925235,-4.976303
CC(C)CC(C)(C)C,2.89,-1.6056963,-1.981294,-1.6789938,-1.6789936,-1.5458806,-1.3816587,-1.5453347,-1.5180688,3.3685832,0.4684617,1.2138828,1.2138785,1.3788958,1.0963818,1.1254417,-0.8595915,1.6818603,0.54095316,1.0507478,1.0507476,1.2155818,1.5986371,0.9420812,0.9077764,1.892608,1.8536808,3.2747366,3.274733,3.568679,2.7884579,2.3269868,1.1157035,0.3328363,-1.7982887,-1.976059,-1.976059,-1.5488583,-2.0494494,-1.5193673,-1.732958,-0.6427162,-3.471369,-3.6006522,-3.600652,-3.4458404,-3.6431212,-3.2580845,-2.5726519,1.8868641,0.77289444,1.1669664,1.1669662,1.1805332,0.8883851,1.210106,0.28031078,1.9975688,-0.683783,1.462105,1.4621096,0.9542798,1.6619252,1.6485496,0.8610105,2.1164901,1.1379737,1.7536625,1.7536627,1.2111187,1.657748,0.897008,0.100086376
CCc1ccccc1,-0.79,-3.1885855,-3.5161924,-3.6987536,-3.6987534,-3.680988,-3.6339529,-3.5803723,-3.2609317,-1.418299,-1.9596264,-2.3877354,-2.3877378,-2.25321,-2.6428905,-2.468393,-2.7936623,-1.2246125,-2.41968,-1.9010589,-1.9010592,-1.886552,-1.982525,-1.8741794,-2.4828916,-1.4527581,-1.467135,-1.081152,-1.0811566,-1.0164647,-0.7933628,-2.5988114,-0.9128584,-1.5563387,-1.4659023,-1.9966561,-1.9966562,-1.3871433,-1.8202405,-1.6952865,-1.2106657,-2.5916753,-3.58382,-3.6857967,-3.6857967,-3.5893323,-3.8159955,-3.2362146,-3.2175062,-1.0587748,0.24411076,0.42899725,0.42899734,0.2903453,0.24115057,0.35278037,-0.42196754,-0.74901587,-2.9112027,-2.2440152,-2.2440102,-3.2527204,-2.8190277,-2.5025373,-1.2512633,-1.606275,-1.5688219,-1.6400313,-1.6400315,-1.4018755,-1.5604022,-1.3797323,-1.618814
c1ccc(cc1)S,-2.55,-4.5373583,-4.541003,-5.0160246,-5.0160246,-5.073729,-4.9969873,-5.071752,-4.6982775,-0.80493987,-3.7062128,-2.8854265,-2.885431,-2.7575772,-3.2298152,-3.0598316,-2.611659,-2.382926,-3.1609554,-3.1450086,-3.1450086,-3.1377792,-3.1967564,-2.945733,-2.9626734,-3.1077824,-3.455999,-2.7614799,-2.7614799,-2.7423759,-2.9636612,-4.7458253,-2.206283,-4.085068,-3.5529892,-4.071661,-4.071661,-3.4731212,-3.5324275,-4.44976,-3.9766474,-5.4979215,-3.442106,-3.5348496,-3.5348496,-3.4600365,-3.6933718,-3.6336527,-4.8034406,-1.185138,-0.47746044,-0.63890237,-0.6389027,-0.60869104,-0.28001073,-0.56178844,-0.9132367,-1.9006971,-3.0427787,-1.759162,-1.7591541,-2.484396,-2.281714,-2.2359383,-2.2804434,-2.5275407,-2.6003075,-2.5833921,-2.5833926,-2.545249,-2.582999,-2.555024,-2.3232665
CC(C)OC(C)C,-0.53,-2.2488723,-2.77632,-2.6496446,-2.6496449,-2.578573,-2.5521839,-2.4683394,-2.2955966,-1.3360627,-0.57802135,-0.6125192,-0.6125237,-0.5268743,-0.74050665,-0.69374883,-1.5331964,-0.6167854,-1.5335468,-1.3058466,-1.3058469,-1.4292798,-1.3837365,-2.049669,-1.9872056,-2.6832054,-1.1916238,-0.8973373,-0.89734155,-1.1024015,-1.0210912,-2.6165335,-0.8373534,-0.79704237,-1.0379596,-2.8549871,-2.854989,-2.403683,-2.8572874,-2.2844067,-1.2439842,-1.5218571,-3.3416362,-3.421204,-3.421204,-3.2677345,-3.4511359,-2.9752598,-2.5242186,-0.9755143,-3.2439435,-3.3083918,-3.308392,-3.2662385,-3.5747204,-3.194908,-2.095845,-1.3627104,-1.0613188,-0.5512223,-0.55121833,-1.0340798,-1.0693675,-0.8365443,-0.35364014,-0.5803449,-0.61964333,-0.5133005,-0.5133004,-0.5033345,-0.5731389,-0.50846267,-0.34752747
c1cc(ccc1C=O)O,-8.83,-5.6973376,-5.0676856,-5.9255724,-5.9255724,-6.038328,-5.6965065,-6.189582,-6.0750184,-8.708653,-6.834721,-7.701642,-7.7016473,-7.574789,-8.007849,-7.734578,-9.608919,-8.314612,-7.1987453,-7.0498896,-7.04989,-6.9902325,-7.3023443,-6.8123417,-7.7141285,-8.562693,-9.679391,-8.272344,-8.2723465,-8.814461,-8.86015,-10.387223,-8.221357,-9.205027,-6.723044,-8.075116,-8.075117,-7.1088233,-8.007501,-6.8092723,-8.485739,-5.248983,-4.0621643,-3.6308038,-3.630804,-3.8089309,-3.4294968,-4.320732,-5.260983,-8.242098,-5.999888,-5.898274,-5.8982744,-5.9212255,-6.250224,-5.905422,-6.159851,-8.820554,-9.002717,-9.969322,-9.96932,-10.537075,-10.841377,-10.552822,-9.730758,-9.761458,-9.839765,-9.899748,-9.899749,-9.906699,-9.751096,-9.685308,-9.790431
COC(c1ccccc1)(OC)OC,-4.04,-2.188821,-1.850988,-1.8963028,-1.8963028,-1.7475405,-1.3915856,-1.8572121,-1.8175535,-3.9208477,-4.092965,-4.4878078,-4.4878097,-4.392396,-4.6153197,-4.4769654,-3.9395957,-4.144798,-6.3679247,-5.5031157,-5.5031157,-5.5707026,-5.821878,-5.547781,-4.991481,-4.9100957,-4.580858,-4.1976056,-4.197608,-4.0938163,-4.1275296,-5.964219,-5.023857,-2.9131262,-1.9776801,-2.3566725,-2.3566723,-1.429819,-1.6992999,-1.8177699,-1.993154,-5.0704184,-3.91609,-4.601382,-4.601382,-4.434997,-4.850476,-4.1180162,-4.904523,-5.9022474,-5.7222204,-5.1008105,-5.100811,-5.129601,-5.695868,-5.150781,-5.393929,-4.0409255,-4.229649,-4.645107,-4.645104,-5.175026,-4.70479,-4.694608,-4.5139575,-4.108745,-3.9993572,-4.064403,-4.0644026,-3.972612,-3.91759,-4.0227747,-4.067077
CC(C)CC(=O)C,-3.05,-2.055593,-2.4381647,-2.2350755,-2.2350755,-2.0927937,-2.1047332,-2.0446923,-1.932524,-1.8038406,-2.0860147,-2.5066547,-2.5066583,-2.3882635,-2.4869308,-2.6016924,-3.014767,-2.661214,-1.5994301,-1.1703814,-1.1703815,-1.0701854,-1.4306624,-0.6720725,-2.4952126,-2.9503796,-2.844799,-1.5972571,-1.5972617,-1.714988,-2.6541362,-3.2686718,-2.0439885,-3.1168945,-2.6797557,-2.7831187,-2.7831192,-1.9977134,-2.6142921,-2.0725598,-2.6990325,-2.2177384,-3.5246718,-3.5242376,-3.524238,-3.3978956,-3.5252664,-3.3565338,-3.3244169,-3.8440883,-3.0847683,-3.2696645,-3.2696643,-3.2653234,-3.3498797,-3.2111506,-3.3678367,-2.3280334,-2.641764,-1.7562962,-1.756292,-2.7064602,-1.9661514,-1.9419674,-1.6448251,-3.13607,-3.5279102,-3.5321724,-3.5321724,-3.419049,-3.5825436,-3.6394107,-3.419342
C(F)(F)(F)F,3.12,4.32069,-0.32878545,1.7975773,1.7975773,1.957908,1.6582518,1.8554388,1.1772115,2.8374915,2.152254,2.9749422,2.9749403,3.023034,3.3144815,2.9883568,1.7327152,3.045991,-0.15731582,-0.27680165,-0.27680162,-0.27476057,0.09826435,-0.26477137,-0.8316804,2.9351919,3.765152,4.583143,4.5831423,3.8509076,5.387971,3.888055,2.1479084,2.4981542,-0.75509787,0.8596929,0.85969245,1.7149585,1.3791089,2.0095193,1.3154393,2.2819703,-1.9196049,-1.1716847,-1.1716847,-1.1869829,-1.1257771,-1.1553608,-0.9934297,3.0596423,3.4712853,3.414881,3.4148815,3.3101618,3.7687278,3.4395053,2.5906887,2.9225528,1.3946513,3.079352,3.079352,2.8071084,3.1905057,3.0415852,2.07698,2.2554517,1.7011727,1.6206871,1.6206872,1.7391189,1.484515,1.7434932,1.409074
c1ccc(cc1)c2ccccc2,-2.7,-4.8221207,-4.265068,-5.1997175,-5.1997175,-5.3822346,-4.746013,-5.473477,-5.0902457,-1.7590392,-3.476918,-3.4888015,-3.4888062,-3.3214633,-3.5570855,-3.5302675,-2.375544,-2.5480204,-4.794238,-4.2483172,-4.248318,-4.0924225,-4.630209,-4.2656374,-3.1123443,-2.8106701,-4.2289047,-3.6135335,-3.6135345,-3.4649894,-3.3825226,-5.434677,-3.468385,-2.720606,-1.3790249,-1.6754259,-1.6754274,-0.5618703,-1.1433204,-0.443687,-1.295808,-2.797633,-4.462138,-4.5401483,-4.540148,-4.5884542,-4.7686872,-4.0702004,-4.410538,-3.3906198,-1.2639008,-1.3084892,-1.30849,-1.6079147,-1.4008497,-1.6266073,-1.460909,-1.8626511,-4.007973,-3.567556,-3.5675511,-4.46095,-3.4317808,-3.3946977,-2.1004617,-3.5017624,-3.2705379,-3.2158682,-3.2158685,-3.3089206,-3.3021643,-3.3159795,-3.1900406
Cc1ccccc1O,-5.9,-5.0536084,-5.59612,-5.0932746,-5.093274,-5.1343746,-5.4539337,-5.3316236,-4.0164127,-6.08591,-4.408197,-4.7820272,-4.782031,-4.6872625,-4.760344,-4.846337,-3.9350548,-5.6670313,-6.8260174,-6.6172533,-6.6172533,-6.5895214,-7.083994,-6.4049196,-7.2042813,-6.3098297,-5.924552,-5.1884794,-5.1884847,-5.4301643,-5.350745,-7.2985067,-5.3465276,-5.1242237,-4.6021404,-5.2852974,-5.2852983,-4.380547,-5.028889,-4.5057507,-3.8057675,-5.341588,-3.3519692,-3.6222723,-3.6222725,-3.5338287,-3.691759,-3.1926188,-4.2966914,-7.0413046,-4.713402,-4.665178,-4.665178,-4.608368,-5.0467467,-4.596603,-4.4345164,-5.2970424,-5.6688857,-5.8037267,-5.8037224,-6.2476735,-5.8679237,-6.2574663,-6.00991,-5.752016,-5.8831224,-6.0289187,-6.0289187,-5.8325176,-5.8719134,-5.806186,-5.8982244
C(C(Cl)Cl)Cl,-1.99,-1.408884,-2.0664933,-2.1532903,-2.1532903,-2.46431,-1.6857274,-2.4313385,-2.263971,-1.3770458,-1.400678,-1.8019745,-1.801976,-1.7444017,-0.74796355,-1.872712,-2.2569733,-1.6249593,-0.586827,-0.772966,-0.772966,-0.8096553,-0.55072314,-0.8450905,-1.2827717,-2.6506636,-1.5237309,-0.54621553,-0.5462171,-1.0564853,-1.0695935,-2.2220268,-0.98032784,-2.8059545,-0.7571656,-1.7898182,-1.7898178,-0.6730221,-0.56446195,-1.0788059,1.6574601,-0.79798996,-2.5679786,-2.4812033,-2.4812036,-2.4478376,-2.4436686,-2.4078453,-1.738828,-2.3254411,-2.8946028,-2.6165679,-2.616568,-2.3896282,-2.4197216,-2.3989708,-1.1738254,-1.8726923,-1.1996673,-0.47145084,-0.47144985,-1.0012709,-0.28830525,-0.91438717,-0.7531962,0.36107093,0.17816275,0.43002337,0.43002325,-0.024375565,0.361665,0.10529173,0.8123588
CCC[C@H](CC)O,-4.06,-2.0161796,-2.8485985,-2.59789,-2.59789,-2.5346618,-2.7584057,-2.5987844,-2.401635,-2.1446261,-1.0909061,-1.8944145,-1.8944162,-1.7950228,-1.6841193,-2.066757,-2.0392919,-4.3145466,-3.2201138,-2.7905579,-2.7905579,-2.9417431,-3.0071073,-3.3233871,-4.844268,-4.8173814,-3.1003807,-2.1568513,-2.156857,-2.5728276,-3.0524418,-3.3666692,-2.0829544,-2.6539674,-3.2541265,-3.715702,-3.7157025,-3.1077461,-3.4212255,-2.6330216,-2.8529348,-2.48809,-4.1218147,-3.3336732,-3.3336735,-3.5455053,-2.925632,-3.6213045,-2.4888186,-5.5413218,-4.205055,-4.1843057,-4.1843057,-4.010775,-4.270507,-4.0660386,-4.1196976,-3.5933843,-5.9164042,-5.0258374,-5.025834,-6.5027013,-5.6501217,-5.158098,-4.240741,-4.2123003,-2.7567554,-3.076396,-3.0763958,-2.8986702,-2.9819896,-2.812361,-2.51621
Cc1ccncc1,-4.93,-4.7603784,-4.9636183,-5.0188107,-5.018811,-5.0257797,-5.1867924,-5.047066,-4.2154517,-2.916251,-2.9048204,-2.7770927,-2.7770963,-2.6856863,-2.7534723,-2.8489351,-2.1968613,-3.6021187,-3.1655283,-3.0610123,-3.0610123,-3.062845,-3.1458325,-2.9413164,-3.0572658,-4.967779,-3.409427,-2.603005,-2.6030073,-2.7292647,-2.9454138,-4.5080786,-2.932698,-5.951772,-2.0950465,-3.2939944,-3.2939944,-2.8772905,-2.9640827,-3.2127707,-4.369774,-2.870002,-3.1443095,-3.3312051,-3.3312054,-3.2526455,-3.3511891,-2.9927874,-3.7076278,-4.5328245,-3.7011833,-3.4292293,-3.4292297,-3.5732205,-3.512363,-3.477992,-4.739647,-3.9735274,-3.8863468,-4.165033,-4.1650295,-4.964131,-4.0795846,-4.7464666,-3.5020103,-5.0114765,-5.0097456,-5.084801,-5.084801,-4.96366,-4.9981112,-5.014792,-5.073314
Cc1ccc(c(c1)C)O,-6.01,-5.316473,-5.1329274,-5.695738,-5.695737,-5.738599,-5.5003595,-5.7120795,-5.090143,-6.026929,-3.8296053,-4.858373,-4.858376,-4.727118,-5.1076555,-4.881005,-5.5968127,-5.9300795,-5.930797,-5.713272,-5.7132726,-5.757799,-6.2029815,-5.886265,-8.005172,-6.8176956,-5.9170523,-4.953862,-4.9538674,-5.2676325,-5.380462,-6.2984443,-5.2946086,-4.3184457,-6.3168197,-6.8904824,-6.890483,-6.614922,-6.7599874,-6.508939,-5.4603276,-5.6498637,-3.697471,-4.0859327,-4.0859327,-3.9707096,-4.2549763,-3.6620548,-4.7446876,-6.4824038,-4.4517417,-4.4274807,-4.4274807,-4.406087,-4.8088136,-4.3980746,-4.0716724,-6.210427,-6.514602,-6.199423,-6.1994195,-6.7500668,-6.0845776,-6.0240316,-5.8235245,-6.044836,-6.0896263,-6.1710267,-6.1710267,-6.050669,-5.9579744,-6.006289,-6.2355843
C1[C@@H]2[C@H]3[C@@H]([C@H]1[C@H]4[C@@H]2O4)[C@@]5(C(=C([C@]3(C5(Cl)Cl)Cl)Cl)Cl)Cl,-4.82,-4.2625694,-3.099691,-4.650908,-4.6509085,-4.32556,-3.8610775,-4.5528173,-3.4601338,-3.4709675,-4.1020265,-3.9807668,-3.9807725,-3.8273509,-4.0624895,-4.0724063,-4.4326777,-5.159306,-3.6548138,-4.361202,-4.3612013,-4.1926928,-4.679863,-4.001476,-4.8090367,-4.817724,-6.3201995,-5.5201,-5.520101,-4.3941307,-5.705606,-7.093854,-4.282326,-4.603335,-2.372982,-3.6140149,-3.6140141,-3.3441596,-3.4055586,-3.3024464,-4.5970697,-3.4192653,-3.9809775,-3.7654436,-3.7654433,-3.7638063,-3.797365,-3.9073694,-2.631676,-4.140317,-4.168129,-4.3613834,-4.3613834,-4.4438567,-4.497032,-4.3871417,-3.9711971,-4.7901735,-6.5073495,-5.2071724,-5.2071657,-6.204236,-4.892607,-5.215918,-4.977939,-4.9074745,-4.672261,-4.9497676,-4.9497695,-4.8297353,-4.7047887,-4.8055744,-4.7994337
c1cc(ccc1O)F,-6.19,-5.5283384,-5.1136217,-5.6989555,-5.6989555,-5.7466383,-5.6723313,-5.83985,-5.5563564,-7.6085525,-7.4446244,-8.291905,-8.291907,-8.20573,-7.8202085,-8.44635,-8.852417,-6.595048,-6.640302,-6.29283,-6.2928305,-6.380456,-6.9345284,-6.333417,-8.009785,-7.406124,-7.452354,-6.959999,-6.960004,-7.177359,-7.0715284,-9.122998,-7.3366647,-9.579092,-6.370733,-8.894184,-8.894185,-8.071875,-9.6659155,-7.9380302,-8.6161175,-5.7563777,-3.567655,-3.4956207,-3.4956207,-3.4517102,-3.7676318,-3.9969585,-5.746031,-7.756671,-5.681609,-5.558117,-5.558117,-5.5354347,-5.951471,-5.5186496,-5.769111,-6.920653,-8.004168,-8.931137,-8.931135,-9.351351,-8.283462,-8.394707,-6.7796235,-6.2270656,-6.1175094,-6.2758746,-6.2758746,-6.097365,-6.0693135,-5.9926386,-6.1890197
C1CCC(CC1)O,-5.46,-2.5650024,-2.9207268,-3.0309525,-3.0309522,-3.0992982,-2.7529793,-2.957387,-2.8447778,-3.5514889,-1.8486031,-2.379491,-2.3794923,-2.2928495,-2.359276,-2.460469,-2.333005,-4.7918816,-2.2318468,-2.1921055,-2.1921058,-1.985955,-2.4277391,-2.0423832,-4.167477,-6.0503473,-3.3775046,-2.7238052,-2.7238092,-2.9868433,-3.7883244,-4.1238556,-3.403141,-7.2492743,-3.6027174,-3.8773975,-3.8773975,-4.2572794,-3.964324,-4.237544,-5.6398225,-5.766245,-3.3449135,-3.4637465,-3.4637465,-3.378083,-3.800046,-3.4418035,-6.460816,-4.6112127,-3.721901,-3.7095299,-3.7095306,-3.6857727,-3.928955,-3.6647944,-3.9538069,-4.898207,-4.2227497,-6.020824,-6.0208216,-6.59688,-5.8411894,-5.623798,-4.5142426,-4.9559536,-5.2487793,-5.143583,-5.143583,-5.2544403,-5.1911826,-5.243053,-5.0081244
c1cc(ccc1O)Cl,-7.03,-5.5180717,-4.9209576,-5.7211146,-5.721115,-5.863717,-5.5422726,-6.0645485,-5.9138317,-5.873874,-7.1798015,-7.24229,-7.2422934,-7.1275616,-7.1549287,-7.42415,-7.433139,-7.0250144,-7.244143,-6.8254805,-6.8254805,-6.957346,-7.491147,-6.89132,-8.520997,-6.4322195,-6.4417176,-5.4966583,-5.496663,-5.6461825,-5.7011986,-7.598086,-5.3605647,-8.549189,-7.099298,-9.03574,-9.03574,-8.304942,-9.699577,-8.198742,-8.794899,-5.295069,-3.8397639,-3.6724396,-3.67244,-3.7898884,-3.6557899,-4.3889766,-6.536896,-7.792694,-5.0689397,-5.0291142,-5.0291147,-4.9836235,-5.4003654,-4.970843,-5.299135,-5.657489,-6.8399796,-6.2901797,-6.290176,-6.7314234,-5.9473953,-5.9201818,-5.10816,-7.0928392,-7.0599213,-7.197453,-7.1974535,-7.229926,-6.905811,-7.1124682,-6.6398954
c1c(cc(c(c1Cl)Cl)Cl)c2cc(c(c(c2Cl)Cl)Cl)Cl,-3.17,-3.57257,-6.0277343,-4.4830613,-4.4830613,-4.500114,-5.9972014,-4.5706425,-2.8060403,-3.8072839,-3.5857701,-3.7254832,-3.7254872,-3.670832,-4.1246514,-3.88607,-3.9361668,-3.3228943,-3.6177077,-3.6194558,-3.6194553,-3.4810648,-3.9235823,-2.8759475,-3.4047613,-3.7134037,-3.3986418,-2.9223175,-2.9223166,-3.0442998,-2.6402779,-4.347795,-3.2262685,-1.4523499,-5.79293,-5.670215,-5.670216,-5.0746984,-4.590246,-5.327739,-2.832925,-2.4025385,-5.146393,-4.175579,-4.175579,-4.52932,-3.5829954,-4.926844,-1.4820551,-4.151915,-4.8259125,-4.3629055,-4.3629065,-4.6903067,-4.8291802,-4.679463,-4.6858363,-3.0461526,-3.6370897,-4.081409,-4.0814066,-4.607495,-3.7706742,-3.8701286,-3.206988,-3.2787704,-3.003158,-3.3074284,-3.3074296,-3.2247603,-3.0151424,-3.2289474,-3.1513872
CCc1cccnc1,-4.59,-2.9553797,-3.3476658,-3.4512436,-3.4512436,-3.4320052,-3.4064274,-3.3453693,-3.0693328,-2.9607363,-2.863056,-3.3906956,-3.390698,-3.2659419,-3.567388,-3.4723837,-3.6496,-3.2324562,-2.6102185,-2.1917148,-2.191715,-2.2714365,-2.3792646,-2.4576972,-3.2560866,-4.6385455,-2.653921,-1.9874734,-1.987478,-2.0084584,-2.1002154,-3.663187,-2.2138875,-3.358392,-3.4285736,-3.9761524,-3.9761531,-3.5986426,-3.6890683,-3.7635195,-3.104727,-2.466502,-3.578782,-3.584044,-3.584044,-3.5102994,-3.6949441,-3.2317982,-3.1110637,-4.769731,-2.9860396,-3.0468514,-3.0468516,-3.1159923,-3.1633086,-3.0858946,-3.0599725,-3.6101356,-3.4586034,-3.3510504,-3.3510468,-4.396288,-4.0033975,-3.750334,-1.9723878,-4.681246,-4.6994057,-4.706116,-4.706116,-4.7350225,-4.627958,-4.728245,-4.767934
CCCCCCC=O,-2.67,-1.2365443,-2.5580044,-1.911873,-1.9118729,-1.7865236,-2.2601454,-2.0224383,-1.6085329,-1.8970654,-0.7909902,-0.7857121,-0.7857149,-0.6649184,-0.6339487,-0.89691055,-0.89119846,-1.5880728,-0.23290259,-0.08933162,-0.08933154,-0.07206575,-0.42721525,-0.0060622906,-1.4745877,-3.4119887,-2.1798787,-1.1393484,-1.1393538,-1.0022364,-2.0326934,-2.28394,-1.4902091,-3.1679082,-2.1962564,-1.937502,-1.9375021,-0.846264,-2.2917862,-1.2064686,-0.7446881,-2.4198093,-4.2805595,-3.5280476,-3.5280476,-3.544054,-3.26383,-3.6632535,-1.8799709,-3.1594203,-2.811054,-3.0204158,-3.020416,-2.8474877,-3.1135745,-3.0411134,-2.7397,-2.083459,-2.674188,-1.6679494,-1.6679451,-2.8325849,-2.2406275,-1.5474845,-1.7756398,-2.7693458,-2.5821817,-2.7854893,-2.7854896,-2.7423348,-2.751105,-2.7394364,-2.5270808
Cc1ccnc(c1)C,-4.86,-4.8503084,-4.9760704,-5.2693753,-5.269375,-5.3058615,-5.2291365,-5.2825894,-4.504924,-3.8205795,-2.9567783,-3.4798055,-3.4798088,-3.360344,-3.657433,-3.5445056,-3.570659,-4.577196,-3.2766094,-2.995812,-2.995812,-3.0521839,-3.1594648,-3.1551032,-3.9592116,-4.8044024,-2.6705365,-1.9541445,-1.9541467,-2.2277043,-2.092567,-3.7556102,-2.322614,-4.073485,-5.7586536,-6.2991314,-6.2991323,-6.001642,-6.2985306,-5.856305,-5.093716,-5.4590106,-3.5847812,-3.8065262,-3.8065262,-3.6974835,-3.9335763,-3.360364,-4.285839,-4.5362134,-3.8165941,-3.4718983,-3.4718983,-3.6399207,-3.5298243,-3.5113845,-4.846839,-3.439052,-3.740109,-3.6120574,-3.612053,-3.9509056,-4.115408,-3.861052,-3.6199045,-4.9670496,-4.7674747,-4.857243,-4.857243,-4.819974,-4.7190766,-4.6815553,-4.9002743
c1ccc(cc1)N,-5.49,-5.3454523,-5.504376,-5.322562,-5.322562,-5.3007445,-5.690468,-5.4232316,-4.380786,-4.447969,-3.7215915,-3.734128,-3.7341313,-3.63441,-3.7657006,-3.8461602,-3.0140874,-6.1331797,-6.9127564,-6.5118876,-6.511888,-6.5002136,-7.0341244,-6.1260214,-5.417616,-5.3135424,-5.784571,-4.8252397,-4.825241,-5.14482,-5.356339,-6.756148,-4.0008926,-5.1133623,-0.6822273,-1.3010011,-1.3010013,-0.54867595,-1.2880874,-0.27446803,-0.4617971,-4.420854,-3.376671,-3.4478476,-3.4478474,-3.3844388,-3.521935,-3.1953638,-3.77109,-6.290411,-4.418537,-4.367743,-4.367743,-4.3878703,-4.612058,-4.3763223,-4.8572116,-5.0571766,-4.46995,-3.0195994,-3.0195966,-3.4730847,-3.2309065,-3.1162524,-2.779731,-5.6148267,-4.4495506,-4.730787,-4.7307873,-4.4398727,-4.5562196,-4.2694635,-5.3588276
C(F)Cl,-0.77,-1.3689936,-1.0469419,-1.3676589,-1.3676589,-1.4368069,-0.68211013,-1.6134511,-1.3403097,-0.8262695,-0.047374394,-0.50464004,-0.50464123,-0.48241416,-0.31773162,-0.55506104,0.012167583,-0.96773493,-1.0602535,-1.0271169,-1.0271169,-1.009456,-0.66870844,-1.0100697,-0.29501715,-1.4920766,-1.4942536,-0.35308066,-0.35308233,-0.5242747,-0.9039992,-2.2784545,-1.0348309,-1.0740675,-4.8180513,-4.819541,-4.819541,-4.4189568,-5.0129447,-4.217195,-1.8300686,-0.058474272,-2.0211234,-1.3955042,-1.3955042,-1.4134967,-1.4062122,-1.384003,-0.8999564,-1.3775527,-5.293149,-4.5069876,-4.5069876,-4.5374804,-5.2495055,-4.5608935,-3.9385865,-0.77075195,0.31962198,-0.46922073,-0.46922025,-0.5574715,-0.53930867,-0.62379193,-0.13350484,-0.47131294,-0.44280842,-0.3466243,-0.3466243,-0.48809996,-0.37760323,-0.5463249,-1.4061204
CC(C)Cc1cnccn1,-5.04,-1.912659,-2.5993571,-2.252153,-2.252153,-2.2299984,-2.3318524,-2.3308115,-2.0194392,-2.3456726,-2.5317786,-2.599609,-2.599614,-2.4365036,-2.671928,-2.6339686,-2.0294163,-3.7681298,-1.975578,-1.5731179,-1.573118,-1.5848149,-1.9247956,-1.8515829,-2.7169995,-4.909545,-3.3381658,-2.5822992,-2.5823014,-2.45593,-2.8461344,-4.330158,-2.8215206,-2.1555693,-2.3912587,-2.4206333,-2.4206345,-1.9711683,-2.609843,-2.15475,-1.7976708,-3.0158362,-4.356078,-3.34202,-3.3420205,-3.5034528,-3.3333259,-4.4310155,-1.8464224,-5.1619506,-3.5841858,-3.647111,-3.6471105,-3.775573,-3.7593064,-3.753046,-3.6589317,-4.584627,-3.5207374,-3.2914104,-3.291406,-4.223328,-4.232694,-4.3051357,-2.7568133,-5.097795,-5.1334734,-5.0957646,-5.095763,-5.053903,-5.0232124,-5.0373893,-5.1038632
c1cc(cc(c1)Cl)N,-5.82,-6.0487547,-5.5509114,-6.14247,-6.1424704,-6.1593213,-6.024626,-6.2298365,-5.741888,-4.8092213,-6.013632,-5.821091,-5.821095,-5.715994,-5.8628254,-5.977226,-5.1946983,-6.3928895,-6.683525,-6.394923,-6.394923,-6.449876,-6.9315457,-6.260948,-6.3482423,-6.4380403,-6.1387887,-5.247734,-5.247739,-5.659261,-5.8071012,-7.133764,-5.1147094,-6.4048104,-5.344591,-6.654497,-6.654498,-5.3536134,-5.341245,-5.696552,-5.8035207,-6.7162247,-3.5251064,-3.8008323,-3.8008323,-3.75109,-3.9198194,-3.6235647,-5.1844916,-6.366717,-4.4282494,-4.4000845,-4.400085,-4.4344234,-4.63609,-4.4229693,-4.864155,-5.779666,-5.1593084,-4.627327,-4.627323,-5.18957,-4.7874823,-4.7785954,-3.5521595,-5.8201013,-5.978571,-5.927792,-5.9277925,-5.9128594,-5.8804293,-5.9164195,-5.7413516
CCCCCC=O,-2.81,-1.4208478,-2.605863,-2.0023642,-2.002364,-2.0620427,-2.3650794,-2.4963865,-1.748154,-2.2965608,-1.3680868,-2.181313,-2.181316,-2.0609157,-2.085581,-2.2126424,-1.8680667,-2.1624925,-0.6384327,-0.4123654,-0.41236538,-0.394581,-0.65370196,-0.60198474,-2.5060375,-3.50755,-1.9259485,-1.0049419,-1.0049456,-0.91584635,-1.6461833,-2.3283966,-1.3753885,-3.5091872,-2.905885,-2.9769115,-2.976912,-2.153146,-2.7524455,-1.915998,-1.8384725,-2.8446178,-4.0422244,-3.3778827,-3.3778832,-3.406981,-3.0050588,-3.4253647,-2.6871114,-3.6935463,-2.9548163,-3.1641946,-3.1641946,-3.1222875,-3.2722406,-3.1254678,-3.115769,-2.176459,-4.465323,-2.91767,-2.917666,-4.169393,-3.219721,-2.7079244,-2.4799807,-3.1807704,-2.7542362,-2.7901664,-2.7901664,-2.7978787,-2.687011,-2.7777305,-3.1113365
CCCCCCC,2.67,-0.95964974,-2.2831526,-1.4327191,-1.4327191,-1.4473369,-1.8045568,-1.7138183,-1.121258,2.1349976,0.08746899,0.8135086,0.81350577,0.923846,0.9082304,0.451959,-0.35132042,2.243082,0.64505213,0.8686112,0.86861116,0.9325377,1.0812021,1.019041,0.48242635,2.361312,1.5373443,2.49231,2.492306,2.9060752,2.1743295,0.9447552,0.7478315,-1.4904821,-1.586944,-1.2681985,-1.2681988,-0.53000915,-1.2504878,-0.7153325,-0.7710389,-1.3207392,-4.1480927,-3.6019683,-3.6019688,-3.4360642,-3.3767414,-3.6368246,-0.33312652,2.0308516,0.4130866,1.5509149,1.5509146,1.6775799,0.78832644,1.2242228,0.2616358,1.8094368,0.2462796,1.6914984,1.691502,1.0903671,1.7797947,1.7657644,0.681487,2.5265446,2.6616297,2.9289522,2.9289517,2.4851093,2.646106,2.7884324,1.6232564
COCCN,-6.55,-1.6019405,-2.330563,-1.8220582,-1.8220583,-1.8362625,-2.1151097,-2.0653768,-1.6107613,-4.630078,-2.455517,-3.2296023,-3.2296047,-3.1589532,-2.902346,-3.3035333,-3.2574928,-7.2155104,-7.751949,-7.185677,-7.1856766,-7.1696696,-7.579266,-7.2075763,-7.1284037,-7.663865,-7.3474574,-5.918544,-5.9185476,-6.35489,-7.151915,-8.323673,-6.1392374,-3.485991,-1.758123,-1.9518768,-1.951878,-1.6009649,-1.4293448,-1.6992117,-1.9702294,-4.0949755,-3.3285317,-3.1979425,-3.1979427,-3.1574435,-3.2681887,-2.983339,-3.0656211,-6.483041,-5.028997,-4.835354,-4.835355,-4.847456,-5.120951,-4.8284583,-4.987325,-5.6153235,-4.336036,-4.700996,-4.700992,-5.6267366,-5.1072745,-5.4283113,-4.7075047,-6.5849304,-6.5683117,-6.6671996,-6.6672006,-6.506402,-6.5006933,-6.5445857,-6.5892496
COC(=O)C1CC1,-4.1,-2.5609214,-3.0281513,-2.9958684,-2.9958687,-2.9638722,-2.9641042,-2.907856,-2.703418,-4.4280663,-4.5800166,-5.0558877,-5.0558896,-4.983929,-5.0510926,-5.1830697,-5.096787,-3.8284993,-3.2658916,-3.2287238,-3.228724,-3.3797908,-3.8120878,-3.6754224,-6.522264,-4.0919433,-3.5106652,-2.0793536,-2.0793571,-2.9714186,-3.969411,-4.0476537,-1.8377402,-4.9199386,-3.8524172,-4.5824084,-4.582409,-4.2463365,-3.965598,-4.211124,-5.0107937,-3.5370727,-3.6380668,-3.2855325,-3.2855325,-3.2835817,-3.2816753,-3.2045393,-1.8268338,-3.8880267,-5.681792,-5.3589687,-5.358969,-5.3383074,-5.8224072,-5.3072,-5.0042,-4.254905,-4.346226,-4.6416287,-4.641626,-5.5266676,-4.8200054,-4.953643,-4.101425,-3.2317708,-3.2103076,-3.255598,-3.2555985,-3.2583337,-3.2277827,-3.6371412,-3.025893
COC(=O)C1CCCCC1,-3.3,-2.4082222,-2.6656117,-2.4267387,-2.4267383,-2.297207,-2.4671266,-2.2877126,-1.9984003,-4.838168,-3.2783804,-3.9456167,-3.9456196,-3.8107314,-4.008095,-4.0498033,-2.9825346,-3.4107838,-0.24144587,-0.832338,-0.83233726,-0.787143,-1.735257,-0.8562782,-4.505549,-3.9649174,-1.2808553,-0.87938714,-0.87939084,-0.6996629,-1.0916069,-2.550324,-1.9226454,-2.32219,-2.7131808,-2.5131223,-2.5131226,-1.8457423,-2.5714693,-2.0800426,-1.4814141,-3.7532082,-4.3839226,-3.3766453,-3.3766453,-3.5667748,-3.372513,-4.470424,-2.1152065,-3.990984,-4.790678,-4.6930866,-4.693086,-4.699169,-5.0407043,-4.6741767,-3.9428806,-2.9809203,-3.4661307,-3.1728141,-3.1728082,-4.7403374,-4.2368875,-4.1193066,-2.389264,-2.7456262,-2.7924075,-2.8304598,-2.83046,-2.8765225,-2.783796,-3.2099178,-2.5724833
CN1CCCCC1,-3.88,-2.7575688,-3.1637025,-3.2629337,-3.2629337,-3.2567089,-3.0493615,-3.0932941,-2.8637798,-1.0338339,-0.48225272,-0.73791546,-0.7379186,-0.63334197,-0.7701901,-0.83536655,-1.6887145,-2.7288234,0.035577558,-0.007297865,-0.0072979806,-0.025745254,-0.20793594,0.02732969,-2.40841,-3.7805543,-1.6540457,-1.1745299,-1.174535,-0.89254653,-1.5730034,-3.0687466,-1.7831258,-2.6451838,-2.8213553,-3.2519684,-3.2519689,-2.7443519,-2.7444062,-1.86616,-4.749633,-1.4729149,-3.2535667,-3.293471,-3.293471,-3.1966941,-3.3108912,-3.0922062,-2.7800906,-3.597847,-2.8342273,-2.961771,-2.9617715,-2.9687314,-3.070071,-2.8984845,-2.9035366,-1.3657228,-0.40914387,-0.13938881,-0.13938378,-1.389226,-0.17500606,-0.24718475,0.026043188,-3.9406598,-5.499947,-5.2168036,-5.216803,-4.8491874,-6.5102644,-5.7162223,-6.4669743
Cc1c(nc(nc1OC(=O)N(C)C)N(C)C)C,-9.41,-7.0340676,-6.3815947,-7.488801,-7.488801,-7.5712943,-6.863895,-7.6041083,-7.374393,-8.892481,-8.615529,-8.749075,-8.749078,-8.715027,-8.424356,-8.646556,-8.47747,-9.499319,-9.8698225,-9.60141,-9.601412,-9.83828,-9.931073,-9.430724,-9.148463,-9.857809,-8.988012,-9.334292,-9.334295,-9.434399,-9.519976,-11.417827,-9.813978,-8.044406,-9.464341,-9.647162,-9.647163,-9.34466,-8.742554,-10.148517,-8.540691,-8.302603,-5.0474744,-6.816984,-6.8169847,-6.7628527,-7.2652817,-5.945153,-8.0242195,-9.904796,-9.651758,-8.8541565,-8.8541565,-9.172251,-9.740517,-9.00811,-8.660894,-9.205955,-9.771289,-8.743426,-8.743423,-9.671297,-9.2381,-10.158803,-9.8092985,-9.498596,-9.411063,-9.556236,-9.556235,-9.446759,-9.422894,-9.271246,-9.402876
CC(C)C=C,1.83,-1.9128767,-2.230166,-2.174168,-2.174168,-2.2575972,-1.8181926,-2.1919706,-2.0003517,0.40522796,-0.5903534,-0.7566457,-0.75664914,-0.6652105,-0.74059665,-0.81470585,-1.9801949,0.90335494,-2.9326668,-2.75311,-2.7531102,-2.4222715,-2.84059,-1.9936694,-0.9396246,0.20260584,-0.4865721,0.23921323,0.23920994,0.8958546,-0.32500318,-1.8663113,-0.4083189,1.2289572,-0.7946169,-0.77129596,-0.7712968,-0.45930058,-0.66633826,-0.8022129,-0.5844306,-2.6720657,-2.9649904,-3.0536547,-3.053655,-2.9717417,-3.0329888,-2.8543997,-2.9604206,0.83179677,0.34246838,0.21528445,0.21528438,0.27490342,0.43218192,0.3501387,0.006852885,2.79362,-1.8845639,0.11034922,0.11035459,0.033473052,0.60020745,1.0224899,-0.45285216,0.3610709,0.17816275,0.43002337,0.43002328,-0.024375563,0.361665,0.10529174,0.8123588
NN,-9.3,-2.6987212,-1.1949612,-3.339218,-3.3392181,-3.3105664,-2.1561737,-3.0774508,-3.3473132,-10.875101,-7.4080024,-7.0209427,-7.020944,-7.0153694,-7.0928535,-6.8665967,-5.644238,-9.812747,-10.627162,-9.300407,-9.300407,-9.3725605,-10.655484,-9.462735,-8.616127,-9.452673,-7.5381474,-6.120661,-6.1206665,-6.9060974,-7.7508774,-7.984625,-5.2059617,-9.123626,-0.8248301,-4.057332,-4.057332,-3.8245523,-4.7597604,-4.4913,-9.102323,-3.9854095,-2.1373339,-1.5992289,-1.5992289,-1.6075462,-1.6924192,-1.6279887,-2.3464353,-8.826428,-7.378158,-6.8188925,-6.8188944,-6.802049,-7.592505,-6.7622156,-5.647354,-8.39324,-7.556067,-7.7758603,-7.7758584,-8.363119,-8.201616,-8.483933,-8.966739,-9.407528,-9.4466505,-9.356368,-9.356367,-9.347998,-9.351088,-9.34528,-9.34544
CCS,-1.14,-1.4838288,-1.5321385,-1.4155637,-1.4155633,-1.4411435,-1.1502557,-1.5669957,-1.2499356,-1.4478749,-1.1260843,-1.9013535,-1.9013557,-1.8510478,-1.7698675,-1.9009296,-2.417953,-1.6851593,-0.5178502,-0.86795855,-0.86795855,-0.8920908,-0.45676154,-0.92076135,-1.4201745,-1.4878639,-0.80916584,-0.16278753,-0.1627918,-0.41860333,-0.6141238,-1.9624171,-0.7133138,-1.2809848,-1.355454,-1.5938973,-1.5938979,-1.2263798,-1.2228937,-1.4812042,-1.4062432,-2.9407494,-2.524025,-2.2709844,-2.2709842,-2.2458103,-2.2369528,-2.217431,-2.0217333,-1.5486815,-2.6229715,-2.1934247,-2.1934247,-2.2388682,-2.202878,-2.1544213,-2.706383,-0.6772761,-2.7355838,-1.132307,-1.132305,-2.0102725,-1.2563468,-1.2286569,-1.521425,-1.4182668,-1.057509,-1.0980611,-1.0980611,-1.0131853,-1.1258799,-0.9595531,-1.170081
CCCCNCCCC,-3.24,-1.890065,-2.9728765,-2.6042552,-2.6042552,-2.5586836,-2.8880472,-2.7855482,-2.1285825,-1.1743063,-1.8969353,-1.6015846,-1.6015875,-1.5485151,-1.7627012,-1.5500189,-2.0375974,-2.391746,-3.7063112,-3.645106,-3.6451054,-3.1865993,-3.9523742,-2.1383955,-3.5722864,-3.401928,-3.2677038,-2.155704,-2.1557086,-2.7555728,-3.3951106,-3.2438517,-2.0562737,-2.0215387,-2.0359316,-2.6920805,-2.692081,-1.9326423,-2.545053,-2.153628,-1.9568092,-2.8948624,-4.9173627,-4.322806,-4.3228064,-3.9776,-3.8992026,-4.9136195,-1.6742051,-3.90949,-4.874017,-5.1454115,-5.1454115,-4.3693132,-4.411308,-4.3679233,-4.6704445,-0.04278465,0.15459514,-0.088188305,-0.08818599,-0.8139608,-0.325905,-0.60850513,0.24239126,-3.2390087,-3.1257663,-3.3362956,-3.3362956,-3.222289,-3.149087,-3.207216,-3.2898707
Cc1ccc(cc1)O,-6.13,-4.915806,-4.736228,-5.3144794,-5.314479,-5.375046,-5.2410107,-5.41083,-5.1055703,-5.862885,-4.1076493,-4.818429,-4.8184314,-4.6934657,-5.160688,-4.899068,-5.3645873,-5.7169733,-6.3521338,-6.165393,-6.165393,-6.2341933,-6.557944,-6.1957684,-6.73158,-6.7396636,-5.6671057,-4.7835417,-4.7835455,-5.222183,-5.133774,-6.6388216,-5.1585345,-7.366155,-6.60698,-7.2228107,-7.222811,-6.783853,-6.9211946,-6.9835835,-5.551944,-4.0885115,-4.0197124,-3.5358882,-3.5358882,-3.8520427,-3.2371705,-3.7383957,-5.1235375,-7.4223204,-4.625826,-4.6214724,-4.621473,-4.598551,-4.974564,-4.5867753,-4.7678394,-6.214631,-6.065706,-6.621425,-6.6214204,-7.4447904,-6.7401285,-7.011298,-5.6843586,-6.2270656,-6.1175094,-6.2758746,-6.2758746,-6.097365,-6.0693135,-5.9926386,-6.1890197
[C@@H](C(F)(F)F)(OC(F)F)Cl,0.1,-4.3903956,-3.5300453,-4.353432,-4.3534327,-4.281149,-3.699996,-4.060476,-4.3639092,0.39628077,0.112307794,0.90690017,0.90689766,0.9864765,1.1351886,0.85558975,1.2090939,0.20485434,-7.648558,-6.6177516,-6.617752,-4.3708353,-6.3573227,-4.929558,0.9772229,0.1300121,0.59777844,1.566743,1.5667406,1.106807,1.1890131,0.06624658,0.874829,-1.9007139,-2.1163414,-2.576269,-2.5762691,-1.9168279,-2.0908263,-1.7845892,-2.1935508,-3.3964844,-3.209834,-3.2408543,-3.2408543,-3.1799827,-3.2935243,-2.9341843,-3.6879964,0.28430295,0.2654244,0.10672012,0.10671999,0.16923471,-0.14034864,0.1830748,-0.29782227,0.32475758,-2.4544363,0.57045454,0.5704602,-0.72328246,-0.041340258,0.20026338,0.4374691,0.06495917,0.23628718,0.24813876,0.2481387,0.15795214,0.11671442,0.2377305,-0.5094909
Cc1ccccc1Cl,-1.14,-5.4272113,-5.4490047,-5.584402,-5.5844016,-5.612293,-5.6326895,-5.6938233,-4.7600265,-4.000486,-4.965015,-4.7315145,-4.73152,-4.607294,-4.9970737,-4.8545375,-4.044815,-2.9701793,-3.3469193,-3.203556,-3.2035565,-3.2195392,-3.4489594,-3.148595,-3.1557956,-2.7401836,-3.1684341,-2.660256,-2.660259,-2.690172,-2.7799776,-4.5407314,-2.5744934,-5.170452,-4.0585184,-5.0129805,-5.0129814,-4.106831,-4.6410513,-4.3375444,-3.7252676,-5.231528,-3.3684483,-3.5337677,-3.5337682,-3.4586906,-3.603314,-3.1214972,-4.0980587,-0.29807597,-0.29817396,-0.0062713213,-0.0062714904,-0.10415534,-0.11730239,0.030201063,-0.05402133,-2.9368794,-3.754139,-3.0540094,-3.054006,-3.8086934,-3.0435646,-3.2181072,-2.0062246,-0.8590519,-1.1579604,-1.4064034,-1.4064035,-1.4253185,-1.3664,-1.2945298,-1.1895196
CCCC[C@@H](C)CC,2.97,-1.901133,-2.8073685,-2.502345,-2.502345,-2.4161515,-2.6382043,-2.601521,-2.2380984,2.5117698,0.4066762,0.7976723,0.7976686,0.92621267,1.037583,0.49608475,-0.59091014,2.4907537,0.62179977,0.5748892,0.57488936,0.90570426,0.7553926,0.9539317,0.5933883,2.1496935,1.0686399,2.2344148,2.2344108,3.2415593,2.1372764,1.0551156,0.68442774,-1.0855873,-2.4894543,-2.568006,-2.5680068,-1.6410705,-2.412375,-1.9056772,-1.4199547,-3.287726,-4.182248,-4.0999227,-4.0999227,-4.0719004,-3.69882,-3.8301494,-2.825339,1.4965233,0.25112998,1.00834,1.0083396,1.4017252,0.65470666,1.010008,0.00907555,3.1630776,0.26396507,1.5599978,1.560002,1.2955835,1.9173583,2.0796027,1.1015652,2.9933527,3.0429544,3.2956147,3.2956142,2.9755418,2.8859792,3.3622587,2.0244813
C(C(Cl)Cl)(Cl)Cl,-2.37,-2.2208276,-2.2286491,-2.5382843,-2.5382843,-3.1596484,-2.2382767,-2.8933756,-2.7349021,-1.3663176,-1.0202589,-1.3153502,-1.3153524,-1.268176,-0.36369908,-1.4084327,-1.6744578,-1.5545328,-0.63471746,-0.73875487,-0.738755,-0.7808857,-0.53333956,-0.8379611,-0.9149112,-2.44623,-1.8825201,-0.79399955,-0.79400104,-1.1481814,-1.4156595,-2.5795789,-0.9561497,-2.4458003,-0.90831274,-1.6011878,-1.6011881,-1.9117044,-2.027823,-1.2735791,-0.2133695,-1.2229961,-2.680343,-2.7146022,-2.7146022,-2.6728811,-2.6758096,-2.567198,-2.059383,-2.543353,-1.8050653,-1.2195593,-1.2195601,-1.0671223,-1.4595107,-1.0644319,-1.6848716,-1.6056687,-0.80190665,-0.47031918,-0.47031888,-1.0048115,-0.40449667,-1.0464205,-1.0112395,-0.39358148,-0.33736622,-0.5137323,-0.5137324,-0.5154909,-0.5103272,-0.45865223,-0.09357679
C(=C(F)F)(C(F)(F)F)F,2.93,-5.019719,-4.356194,-4.9065666,-4.9065666,-4.833564,-4.5215907,-4.7733316,-4.452248,4.1339936,2.1163666,1.6911209,1.691117,1.7860901,1.8429338,1.6084791,2.4309566,2.9289184,-0.4173694,-0.77585196,-0.7758521,-0.86241937,-0.03749387,-1.0343888,1.0303571,2.941967,0.34682116,1.7974513,1.7974507,2.1316345,2.1343284,-0.1715309,0.73605865,1.0476826,-3.3449004,-3.374536,-3.374536,-2.6267195,-3.0491312,-2.4607658,-2.4623737,-3.6242557,-2.8102176,-2.6951385,-2.6951385,-2.6331277,-2.6633167,-2.5202904,-2.7478027,2.9693122,1.8659644,2.1252139,2.1252131,2.1790245,1.7300757,2.2039492,1.1776882,2.7326765,1.260227,3.5614057,3.5614123,2.275117,2.4824505,2.8146236,2.1146855,1.244754,1.1349316,1.135711,1.135711,1.2315711,1.037317,1.4896218,1.2020234
c1cc2ccc3cccc4c3c2c(c1)cc4,-4.52,-6.4914694,-6.6128626,-6.6929545,-6.692954,-6.714995,-6.6888084,-6.9065204,-5.8242626,-3.4623227,-5.26362,-5.1183767,-5.118379,-4.962027,-5.059534,-5.2168536,-4.8961444,-3.8108964,-4.1096687,-3.4409153,-3.4409149,-3.3604422,-3.3608942,-3.7179883,-3.1388464,-4.6021285,-3.4541173,-2.7162664,-2.716267,-4.509577,-2.1040177,-3.5896683,-2.943887,-5.5037293,-2.2246614,-3.3062081,-3.3062096,-3.0951111,-3.5724993,-3.7831833,-4.6643605,-3.2149665,-4.2791076,-5.0562234,-5.056224,-4.952828,-5.4043474,-4.3284993,-5.1942787,-4.159333,-2.0008628,-2.1432912,-2.1432915,-1.8571618,-1.4661206,-2.144734,-1.8689346,-4.7473516,-6.4311852,-5.304281,-5.304279,-6.12268,-5.60672,-5.9312067,-4.6422567,-4.6030436,-4.5630035,-4.6596723,-4.6596723,-4.5562897,-4.499507,-4.5029607,-4.3444023
C1CC[S+2](C1)([O-])[O-],-8.61,-2.4590385,-1.9679841,-1.9949182,-1.9949181,-1.7892368,-1.3322403,-1.842499,-1.6846874,-6.815305,-4.1927714,-5.638476,-5.6384773,-5.548358,-5.5059223,-5.768208,-3.255066,-8.096827,-0.29730907,-0.565395,-0.565395,-0.5865976,-0.6385211,-0.64717805,-0.9541897,-9.576361,-1.8389114,-0.62545186,-0.6254541,-0.7284765,-1.4988505,-2.4549956,-1.5410707,-10.693151,-0.70351,0.30337638,0.30337542,0.9161815,0.63335884,0.78207386,0.7496902,-5.2041464,-3.166026,-3.6584303,-3.6584306,-3.5967607,-3.7798603,-3.7093968,-4.9768085,-8.551895,-5.827861,-5.6898804,-5.6898794,-5.430283,-6.164676,-5.580502,-5.0248194,-7.9557586,-2.5259256,-7.543408,-7.5434046,-8.738507,-7.5559263,-9.003659,-9.299112,-8.640748,-3.9138317,-4.446144,-4.446144,-3.9792275,-4.044259,-3.5858967,-3.9182286
CC(C)OC=O,-2.02,-2.508831,-2.835091,-2.7838438,-2.7838438,-2.7326167,-2.682571,-2.6721554,-2.4443924,-4.661393,-4.1578298,-4.6562343,-4.6562347,-4.5935774,-4.329937,-4.6563926,-3.5291705,-2.891711,-2.8438663,-2.7055783,-2.7055783,-2.7213755,-2.713365,-2.792063,-3.3964016,-3.9003627,-3.9235978,-2.4795094,-2.4795146,-2.2982862,-3.4556708,-4.3121943,-3.0793197,-3.2839859,-3.2840018,-3.6802301,-3.6802306,-3.4676325,-3.324026,-3.7331355,-3.3681836,-1.9640929,-3.2304132,-2.974694,-2.9746945,-2.9787076,-3.0071743,-2.8629107,-1.7304541,-3.8608718,-5.8452272,-5.5644855,-5.564486,-5.5782776,-5.9529777,-5.5455337,-5.6972637,-2.0774262,-5.2926493,-3.7739778,-3.773972,-4.970115,-3.6070213,-4.070463,-3.137519,-1.905824,-1.6530583,-1.7923031,-1.7923028,-1.579406,-1.7235875,-1.5795165,-1.9057136
C=C(c1ccccc1)c2ccccc2,-2.78,-4.783492,-3.678975,-4.692232,-4.6922317,-4.744153,-3.9913719,-4.6292214,-4.713739,-2.71816,-3.6724083,-4.3196816,-4.319687,-4.157,-4.758027,-4.4451194,-4.288166,-2.8567224,-4.7040033,-4.3289833,-4.3289833,-4.1135283,-4.3263693,-4.4681644,-4.1956277,-2.5723202,-3.575283,-2.7766688,-2.7766685,-2.5457964,-2.5352411,-4.411559,-2.8924117,-2.662576,-1.8213242,-1.7149202,-1.7149208,-0.7769982,-1.9567795,-2.200453,-1.8343484,-4.4616194,-4.60521,-5.114701,-5.1147013,-5.1140056,-5.322959,-4.7573905,-5.101532,-4.2104034,-2.0611858,-2.1133256,-2.113326,-2.3706045,-2.1801693,-2.3579361,-2.325529,-2.9793131,-4.126806,-4.018433,-4.01843,-4.3308744,-3.8938813,-3.2807262,-3.1839051,-2.9492385,-2.7825794,-2.761465,-2.7614655,-2.7760496,-2.885142,-2.7146227,-2.6322398
CCCCC(=O)O,-6.16,-1.4855219,-2.2104497,-1.7154232,-1.7154236,-1.6943533,-1.7477534,-1.734606,-1.5080562,-4.2583237,-3.5481284,-4.6022754,-4.6022778,-4.4701185,-4.5826817,-4.6462812,-4.702427,-6.9326925,-3.3122823,-2.998198,-2.998198,-2.8501332,-3.4221883,-2.8938777,-6.0203996,-7.1003265,-4.155206,-2.8016388,-2.801644,-3.5735445,-4.0176725,-4.543936,-2.627856,-4.6630907,-2.782223,-3.1349344,-3.134935,-2.8223557,-3.5317333,-3.5297012,-2.8944774,-4.5447216,-3.8003669,-3.310254,-3.3102539,-3.4137588,-3.4747453,-3.8918395,-3.3050683,-6.7959394,-4.6837277,-5.0179477,-5.0179467,-4.9725513,-5.0613775,-4.9036627,-5.5560737,-5.1735487,-6.985018,-5.933185,-5.9331803,-6.4235287,-6.584689,-6.8463626,-5.6814537,-5.630887,-6.1308174,-6.3006425,-6.300643,-6.1229405,-6.053993,-6.092203,-6.167067
C(C(F)(F)F)O,-4.31,-2.6924222,-1.8599929,-2.0574965,-2.057496,-1.8480225,-1.1978376,-1.9566954,-1.5903919,-2.9839485,-3.2588995,-5.176047,-5.1760488,-5.104971,-4.693805,-5.272571,-4.3251333,-4.2229185,-4.4560204,-4.2437153,-4.2437162,-4.2648277,-4.4443483,-4.326269,-5.1417913,-3.73441,-2.8678246,-2.1466331,-2.1466346,-2.2679574,-2.955501,-4.319601,-1.3940706,-3.9035182,-1.6390268,-2.167171,-2.1671715,-1.9718109,-1.6311086,-1.6874014,-3.2525678,-4.2119074,-2.4734788,-2.2381253,-2.2381253,-2.2185385,-2.1847162,-2.1342566,-1.9475516,-4.6307116,-8.275271,-6.7469535,-6.7469544,-6.741005,-8.243647,-6.902225,-6.6551714,-3.7298303,-4.198603,-4.14842,-4.148417,-5.485329,-4.3801513,-4.7937164,-4.2530346,-4.9559536,-5.2487793,-5.143583,-5.143583,-5.2544403,-5.1911826,-5.243053,-5.0081244
CCCCCCOC(=O)C,-2.26,-3.0428593,-3.2739053,-3.418651,-3.418651,-3.1438024,-3.397044,-3.2001376,-3.0166397,-2.782833,-2.9619725,-2.5293746,-2.5293777,-2.46748,-2.514895,-2.3367898,-3.0573673,-2.6815987,-1.8079649,-1.786184,-1.7861837,-1.9737748,-1.9779897,-1.2374092,-2.7494216,-2.6404302,-2.5498452,-2.0756269,-2.0756316,-1.9115753,-2.3944945,-4.1987767,-2.014757,-2.5202138,-3.0815456,-3.7004786,-3.7004795,-2.1315653,-3.3788052,-2.2962396,-2.7337258,-2.9500213,-4.963515,-4.2563534,-4.256353,-4.265519,-4.0752907,-4.0727415,-2.5051038,-2.730397,-5.2322483,-5.0212545,-5.0212545,-4.903286,-5.257891,-4.8882985,-4.4132676,-2.8918862,-2.9860742,-3.276757,-3.2767556,-3.6340222,-2.7427187,-2.4048545,-2.183317,-2.740463,-2.1878667,-2.3159838,-2.3159842,-2.1426373,-2.228799,-2.228368,-2.2030425
CC(C)[N+](=O)[O-],-3.13,-2.516464,-2.113776,-2.2087412,-2.2087414,-2.048446,-1.5534301,-2.067401,-1.9489478,-6.4119186,-7.075852,-8.149946,-8.149948,-8.037034,-7.9682865,-8.194347,-5.9841747,-3.0236602,-1.8531502,-2.0413904,-2.04139,-2.059551,-2.0824964,-2.0034618,-3.363691,-4.3833675,-3.300297,-2.1999092,-2.1999137,-2.5622547,-3.1406007,-4.034337,-2.3312905,-4.0586157,-3.3061175,-3.3251562,-3.325156,-3.425177,-2.9281654,-3.2267413,-3.29272,-2.8441894,-2.609403,-2.4869068,-2.4869068,-2.4229407,-2.335905,-2.335668,-1.7546978,-3.267989,-4.4162006,-4.071555,-4.071555,-4.0419316,-4.382327,-4.103188,-4.414119,-2.5202136,-6.0934024,-4.3990893,-4.399085,-5.907305,-4.054183,-4.42686,-2.7906544,-2.8999918,-3.6422405,-3.6024761,-3.6024761,-3.6616712,-3.5805056,-3.6764596,-3.5936792
C=CCO,-5.03,-2.2993908,-2.39008,-2.3984098,-2.3984094,-2.284126,-2.4610374,-2.2786984,-2.075357,-4.3608365,-3.6174023,-4.2743664,-4.274369,-4.213563,-3.9198134,-4.315327,-4.3452573,-5.279214,-7.541114,-6.9556484,-6.955649,-7.0520973,-7.5872765,-7.333306,-6.335517,-5.4042425,-4.8924136,-3.7216818,-3.7216887,-3.4479644,-4.1559668,-6.0726786,-3.738705,-4.441564,-2.191895,-2.8649654,-2.8649662,-2.4435143,-2.531684,-2.545581,-3.5466535,-3.383208,-2.721972,-2.6133933,-2.6133933,-2.559176,-2.6081257,-2.47305,-2.7137718,-6.1512384,-5.035515,-4.7031693,-4.7031693,-4.6725864,-5.0787253,-4.644112,-5.2937036,-4.1271024,-8.31112,-5.303276,-5.303271,-6.047219,-4.608572,-4.991442,-5.007919,-4.770421,-4.9817057,-5.0248857,-5.0248866,-5.0880947,-4.968947,-4.9126563,-5.0053606
CSc1ccccc1,-2.73,-3.5398872,-3.5340226,-3.7003808,-3.700381,-3.663691,-3.6706285,-3.646803,-3.101084,-1.9372095,-2.7221692,-2.822572,-2.8225765,-2.6776772,-3.2038176,-2.96651,-3.4445693,-2.7020922,-3.3058715,-2.9128983,-2.912899,-2.9305792,-3.219208,-2.7434015,-1.166171,-3.4245636,-2.1865222,-1.8567047,-1.8567089,-2.2406056,-2.0257902,-3.5190268,-1.7165656,-3.710362,-1.8849909,-2.1707344,-2.170735,-1.4819762,-2.3869126,-1.9611253,-1.1396788,-4.4625254,-3.6497493,-3.8264027,-3.8264027,-3.727954,-3.9493597,-3.4840302,-3.698283,-1.9078579,-1.1077588,-1.1470933,-1.1470937,-1.3036592,-0.98076016,-1.2153732,-1.3724164,-1.9290106,-1.4173979,-1.6109974,-1.6109917,-2.3085399,-2.6867998,-2.169336,-1.6931384,-2.7759793,-2.7911222,-2.827188,-2.8271878,-2.7550135,-2.790038,-2.92015,-2.9742835
C(=C\Cl)\Cl,-1.17,-4.964265,-4.7887173,-4.993577,-4.993577,-5.011548,-5.285796,-5.107212,-4.738565,-1.2280403,-1.7499936,-1.9988803,-1.998883,-1.957578,-1.3594345,-2.0609264,-2.3727388,-1.5143089,-1.1602752,-1.1343902,-1.1343902,-1.1315004,-1.1461388,-1.0869321,-1.5773286,-0.53347003,-0.5122396,0.09793103,0.09792869,-0.12760608,-0.04529777,-1.700527,-0.56925595,-1.05957,-1.2297741,-2.2905936,-2.290595,-1.355299,-1.4409319,-2.5000827,-1.1479428,-0.56851196,-2.6530633,-2.5826368,-2.5826368,-2.5882788,-2.6433682,-2.5102038,-2.3013139,-1.4107126,-0.9973553,-1.3016139,-1.3016138,-1.4788538,-0.81694144,-1.4601074,0.11720676,-0.8186022,-1.5777358,-0.25169492,-0.25169325,-0.46443862,-0.9199133,-0.68924105,-0.33520073,-0.2737726,0.034769163,-0.19052254,-0.19052266,-0.25890267,-0.36594355,0.040655613,0.92557484
c1cc2cccc3c2c(c1)CC3,-3.15,-5.4662323,-6.0212016,-5.456709,-5.456709,-5.5594254,-5.7416415,-5.8458667,-4.4113607,-3.2411294,-4.176721,-4.4204597,-4.420463,-4.2860727,-4.808193,-4.4336305,-4.5432415,-3.707026,-0.0057468396,-0.03862392,-0.03862407,-0.07592947,-0.47547352,-0.7619212,-3.0746317,-4.1372237,-5.799476,-5.267606,-5.267609,-5.6994386,-5.053733,-7.1719356,-4.295409,-4.4070807,-3.6267738,-3.0859742,-3.0859747,-3.1200614,-3.0455813,-3.8894413,-3.6213834,-4.8104854,-3.6097012,-4.2588415,-4.2588415,-4.109477,-4.434943,-3.6479151,-5.451691,-2.397642,-0.19026133,-0.6090638,-0.60906345,-0.80755305,-0.27418056,-0.64817005,-0.40949947,-2.9862418,-5.209735,-5.801589,-5.801585,-6.882504,-5.5509076,-5.75982,-3.815943,-3.2068858,-1.9391353,-1.9662205,-1.9662205,-1.9187502,-1.9650929,-1.9680145,-1.3706163
CCCCCCCCN,-3.65,-1.9322541,-3.0400412,-2.7359307,-2.735931,-2.7453945,-2.9709654,-3.306655,-2.2259088,-1.9185283,-1.8631027,-1.6012229,-1.6012266,-1.5579894,-1.9139055,-1.9872409,-1.9670331,-3.515244,-5.107562,-4.6820803,-4.68208,-4.4289174,-4.407067,-3.5480623,-3.4716125,-4.2755218,-2.5453277,-1.2994438,-1.2994493,-1.6287584,-2.2264118,-2.8526058,-1.9419014,-2.1314797,-2.300219,-2.911622,-2.9116225,-1.4514701,-2.4145565,-1.951878,-1.5678297,-4.5140343,-4.9596653,-4.480416,-4.4804153,-4.6328626,-3.6132197,-4.5516763,-3.210634,-3.3396068,-3.2242439,-3.246038,-3.246038,-3.1221185,-3.4416566,-3.298203,-3.1407993,-2.2202702,-2.1983325,-1.9405513,-1.9405483,-2.7765338,-2.153702,-2.892445,-1.3554159,-3.560203,-3.457222,-3.7677884,-3.7677886,-3.6437361,-3.4525487,-3.5843313,-3.5854466
N,-4.29,-2.0378733,-3.4751043,-2.6587796,-2.6587796,-2.638368,-3.694929,-2.6609306,-2.4760637,-4.6602006,-2.7379827,-2.4959826,-2.4959836,-2.4853146,-2.2507405,-2.571276,-2.8390248,-4.396764,-2.7503872,-2.513873,-2.513873,-2.5639286,-3.4790893,-2.502897,-2.948144,-5.117037,-4.4691195,-3.5496807,-3.549684,-3.580265,-4.9674125,-5.529164,-2.5150623,-5.823061,-6.563969,-5.218879,-5.2188787,-4.941281,-5.1000075,-5.190295,-3.75151,-2.7593613,-1.5579573,-0.5661072,-0.5661072,-0.5774562,-0.713207,-0.58527994,-4.6180944,-4.7195063,-6.264198,-5.587016,-5.587016,-5.555362,-6.336533,-5.5649066,-4.0334187,-3.4481583,-4.5340633,-4.7522645,-4.752263,-4.9873695,-4.4386373,-4.7677402,-4.2087283,-4.3500767,-2.9989572,-3.3816142,-3.3816142,-2.6549573,-3.2935705,-2.5854685,-2.3924832
C/C=C/C=O,-4.22,-2.8645527,-3.2861183,-3.243659,-3.2436593,-3.403334,-3.621646,-3.8679438,-3.201605,-2.1155803,-4.245793,-4.337893,-4.337896,-4.2819357,-3.9881952,-4.3859925,-3.605592,-4.7990956,-3.355802,-3.2439063,-3.2439065,-3.2771614,-3.3057528,-3.3310535,-4.018604,-4.541466,-4.4957614,-2.920599,-2.9206023,-2.666025,-3.879602,-5.1261954,-3.1939747,-5.526204,-4.6289163,-5.5041237,-5.5041237,-4.628201,-4.855247,-3.6909716,-5.116341,-3.780875,-3.3622937,-2.908179,-2.9081793,-2.959669,-2.9259644,-2.8208492,-1.789935,-5.099782,-3.8491728,-3.7646132,-3.7646134,-3.8067605,-3.975551,-3.78998,-4.2523737,-3.4609973,-5.684921,-3.7339227,-3.733918,-4.8130455,-4.003024,-4.1763864,-3.513973,-4.246757,-4.314683,-4.293445,-4.2934456,-4.2758374,-4.234428,-4.2592025,-4.4081144
