SMILES,Y_TRUE,RDKitGEOM|MeanInstanceWrapperMLPNetworkRegressor,RDKitGEOM|MeanBagWrapperMLPNetworkRegressor,RDKitGEOM|MeanBagNetworkRegressor,RDKitGEOM|MeanInstanceNetworkRegressor,RDKitGEOM|AdditiveAttentionNetworkRegressor,RDKitGEOM|SelfAttentionNetworkRegressor,RDKitGEOM|HopfieldAttentionNetworkRegressor,RDKitGEOM|DynamicPoolingNetworkRegressor,RDKitAUTOCORR|MeanInstanceWrapperMLPNetworkRegressor,RDKitAUTOCORR|MeanBagWrapperMLPNetworkRegressor,RDKitAUTOCORR|MeanBagNetworkRegressor,RDKitAUTOCORR|MeanInstanceNetworkRegressor,RDKitAUTOCORR|AdditiveAttentionNetworkRegressor,RDKitAUTOCORR|SelfAttentionNetworkRegressor,RDKitAUTOCORR|HopfieldAttentionNetworkRegressor,RDKitAUTOCORR|DynamicPoolingNetworkRegressor,RDKitRDF|MeanInstanceWrapperMLPNetworkRegressor,RDKitRDF|MeanBagWrapperMLPNetworkRegressor,RDKitRDF|MeanBagNetworkRegressor,RDKitRDF|MeanInstanceNetworkRegressor,RDKitRDF|AdditiveAttentionNetworkRegressor,RDKitRDF|SelfAttentionNetworkRegressor,RDKitRDF|HopfieldAttentionNetworkRegressor,RDKitRDF|DynamicPoolingNetworkRegressor,RDKitMORSE|MeanInstanceWrapperMLPNetworkRegressor,RDKitMORSE|MeanBagWrapperMLPNetworkRegressor,RDKitMORSE|MeanBagNetworkRegressor,RDKitMORSE|MeanInstanceNetworkRegressor,RDKitMORSE|AdditiveAttentionNetworkRegressor,RDKitMORSE|SelfAttentionNetworkRegressor,RDKitMORSE|HopfieldAttentionNetworkRegressor,RDKitMORSE|DynamicPoolingNetworkRegressor,RDKitWHIM|MeanInstanceWrapperMLPNetworkRegressor,RDKitWHIM|MeanBagWrapperMLPNetworkRegressor,RDKitWHIM|MeanBagNetworkRegressor,RDKitWHIM|MeanInstanceNetworkRegressor,RDKitWHIM|AdditiveAttentionNetworkRegressor,RDKitWHIM|SelfAttentionNetworkRegressor,RDKitWHIM|HopfieldAttentionNetworkRegressor,RDKitWHIM|DynamicPoolingNetworkRegressor,MolFeatUSRD|MeanInstanceWrapperMLPNetworkRegressor,MolFeatUSRD|MeanBagWrapperMLPNetworkRegressor,MolFeatUSRD|MeanBagNetworkRegressor,MolFeatUSRD|MeanInstanceNetworkRegressor,MolFeatUSRD|AdditiveAttentionNetworkRegressor,MolFeatUSRD|SelfAttentionNetworkRegressor,MolFeatUSRD|HopfieldAttentionNetworkRegressor,MolFeatUSRD|DynamicPoolingNetworkRegressor,MolFeatElectroShape|MeanInstanceWrapperMLPNetworkRegressor,MolFeatElectroShape|MeanBagWrapperMLPNetworkRegressor,MolFeatElectroShape|MeanBagNetworkRegressor,MolFeatElectroShape|MeanInstanceNetworkRegressor,MolFeatElectroShape|AdditiveAttentionNetworkRegressor,MolFeatElectroShape|SelfAttentionNetworkRegressor,MolFeatElectroShape|HopfieldAttentionNetworkRegressor,MolFeatElectroShape|DynamicPoolingNetworkRegressor,RDKitGETAWAY|MeanInstanceWrapperMLPNetworkRegressor,RDKitGETAWAY|MeanBagWrapperMLPNetworkRegressor,RDKitGETAWAY|MeanBagNetworkRegressor,RDKitGETAWAY|MeanInstanceNetworkRegressor,RDKitGETAWAY|AdditiveAttentionNetworkRegressor,RDKitGETAWAY|SelfAttentionNetworkRegressor,RDKitGETAWAY|HopfieldAttentionNetworkRegressor,RDKitGETAWAY|DynamicPoolingNetworkRegressor,MolFeatPmapper|MeanInstanceWrapperMLPNetworkRegressor,MolFeatPmapper|MeanBagWrapperMLPNetworkRegressor,MolFeatPmapper|MeanBagNetworkRegressor,MolFeatPmapper|MeanInstanceNetworkRegressor,MolFeatPmapper|AdditiveAttentionNetworkRegressor,MolFeatPmapper|SelfAttentionNetworkRegressor,MolFeatPmapper|HopfieldAttentionNetworkRegressor,MolFeatPmapper|DynamicPoolingNetworkRegressor
CC(=O)OC3CCC4C2CCC1=CC(=O)CCC1(C)C2CCC34C ,-5.184,-4.38577,-4.788632,-4.402004,-4.4020033,-4.409126,-4.753771,-4.408738,-4.36555,-4.5140104,-4.5950465,-4.4504514,-4.450452,-4.37763,-4.883753,-4.4586315,-4.333195,-5.1845694,-3.779597,-4.5294666,-4.5294666,-4.375094,-4.073723,-5.0968976,-4.40947,-4.8875003,-6.008629,-5.433532,-5.4335337,-5.4893503,-4.914719,-5.0113797,-4.8923206,-4.5994663,-4.4446497,-4.377658,-4.377658,-4.397012,-4.511135,-4.508592,-4.0111156,-4.5117545,-4.945621,-4.6786447,-4.678645,-4.790864,-4.4151073,-4.9042544,-4.4605126,-4.8331685,-4.913806,-4.681652,-4.6816525,-5.3226805,-4.154787,-5.2046695,-4.498979,-4.992667,-5.614196,-5.6374736,-5.6374745,-5.6529384,-3.924276,-5.5641117,-5.535634,-5.107494,-4.220917,-4.2047486,-4.2047477,-4.2809844,-4.3936677,-4.818215,-5.241998
CCCCC(CC)CO,-2.11,-2.5448966,-2.613722,-2.1411493,-2.1411493,-2.1293986,-2.3526,-2.1003563,-2.2556746,-2.0161252,-1.6821014,-2.460525,-2.4605253,-2.4487274,-2.402918,-2.437996,-2.2484221,-2.023355,-2.3284492,-2.3282712,-2.3282712,-2.3254812,-2.2576845,-1.902923,-1.7886733,-2.7079093,-3.1631963,-3.235218,-3.2352204,-3.0010855,-2.9009404,-2.2136247,-2.8550158,-2.231056,-2.421804,-2.307792,-2.3077922,-2.3182178,-2.4130645,-2.2347577,-1.8845057,-2.4204144,-2.634734,-2.549965,-2.5499647,-2.3359075,-2.5905154,-2.5943522,-2.7067442,-1.9577938,-2.3098316,-1.599341,-1.5993416,-2.560391,-1.3078084,-2.528273,-1.9601022,-2.068241,-2.3556938,-2.135744,-2.1357439,-2.1858616,-1.2531227,-2.1772585,-2.6346767,-2.0724034,-1.8269504,-1.8205327,-1.8205322,-1.8340989,-1.9134674,-2.0646486,-1.9455994
CNc1ccccc1,-1.28,-1.7293742,-2.0946355,-1.8043673,-1.8043673,-1.8093693,-1.9727157,-1.81735,-1.7053483,-1.2538286,-1.7905179,-1.6189362,-1.6189358,-1.6043211,-1.6828388,-1.6065499,-1.8519423,-1.293899,-1.4988687,-1.6651816,-1.6651819,-1.6572014,-1.5327228,-1.4449999,-1.2608116,-1.868871,-2.2777002,-2.4949744,-2.4949758,-2.1354785,-2.207796,-1.405645,-1.8255386,-1.7000666,-1.7728239,-1.847235,-1.8472345,-1.8646511,-1.8686055,-1.8805323,-1.3624699,-1.0611608,-2.3044088,-2.3460999,-2.3460999,-2.3686073,-2.3234625,-2.269542,-1.8619641,-1.3859465,-1.3255688,-0.6205613,-0.6205618,-1.4909128,-0.3205753,-1.4102257,-1.0144705,-1.6430715,-2.0190876,-1.872997,-1.872997,-1.9085506,-1.2832079,-1.8748003,-1.8958387,-1.2598138,-1.1213086,-1.2233609,-1.2233609,-1.1928024,-1.165945,-1.2384881,-1.228091
Clc1ccc2ccccc2c1,-4.14,-3.6918983,-2.4989638,-2.4862816,-2.4862819,-2.49906,-2.8558748,-2.5099006,-3.1016364,-3.8643622,-3.8031263,-3.8919296,-3.8919291,-3.8769908,-3.88303,-3.8700387,-3.76578,-4.3096094,-2.4320018,-2.7136543,-2.713654,-2.7093203,-2.528098,-3.793885,-3.3704834,-4.125181,-4.586782,-4.6438994,-4.643901,-4.469389,-4.1844144,-3.67419,-3.9708636,-4.2711573,-1.9569883,-2.1544642,-2.1544642,-2.1508305,-2.1997166,-2.1291473,-3.207071,-3.6980853,-2.4659789,-2.5706592,-2.5706592,-2.6073563,-2.5838673,-2.5271652,-2.5946832,-4.205356,-5.0013313,-3.9399977,-3.939998,-5.3073473,-4.0140014,-5.2487755,-3.9871747,-4.0153947,-4.509057,-4.372493,-4.3724933,-4.3994203,-3.760802,-4.369241,-4.538107,-4.3150845,-4.164443,-4.2913527,-4.2913527,-4.2917027,-4.325576,-4.2118077,-4.327684
CC34CCc1c(ccc2cc(O)ccc12)C3CCC4=O,-5.24,-4.6385803,-3.7979646,-3.593042,-3.5930424,-3.6003687,-3.9498866,-3.6217432,-4.0377827,-4.871097,-4.377394,-4.346717,-4.346717,-4.268493,-4.610729,-4.393914,-4.6903543,-5.0373983,-4.495284,-4.644867,-4.644867,-4.595589,-4.6058254,-4.535976,-4.1478796,-4.8184924,-5.4140573,-5.0303593,-5.03036,-5.0099897,-4.406081,-4.3306093,-4.4342546,-5.48908,-3.3464932,-3.2695546,-3.2695541,-3.300789,-3.4469323,-3.3335032,-3.5528603,-4.5735826,-3.7105987,-3.2261164,-3.2261162,-3.349476,-3.2682774,-3.6163397,-3.543939,-4.994189,-3.6044176,-3.8678455,-3.867846,-4.3017097,-3.961273,-4.283952,-4.16561,-4.8762484,-4.92355,-4.6838093,-4.6838098,-4.751426,-3.5013633,-4.7523165,-4.9153304,-5.0509634,-5.1761756,-5.235751,-5.235751,-5.259562,-5.333325,-5.1962433,-5.276524
CCCCCCCCCCCCCCCC,-8.4,-7.468095,-5.1605725,-4.9773564,-4.977357,-4.9829288,-5.452518,-4.9778666,-4.6234465,-7.7933173,-4.7006073,-7.3370767,-7.337077,-7.254036,-7.928814,-7.330635,-6.4539385,-8.385874,-5.546718,-6.047149,-6.047149,-6.6624336,-5.802389,-8.171306,-7.4742084,-8.195833,-7.3913417,-7.148562,-7.1485634,-7.6656,-6.8568726,-7.073457,-7.717821,-8.278387,-5.315892,-5.121413,-5.121413,-5.1806455,-5.4390745,-5.413098,-5.383187,-6.1184187,-6.165237,-5.890231,-5.8902307,-5.8243284,-5.7807636,-5.7359724,-5.647453,-8.423084,-6.5600944,-7.865434,-7.865434,-8.063147,-8.0936575,-8.743877,-8.232175,-8.453193,-6.4404993,-7.1365237,-7.136524,-7.140605,-5.3753257,-7.0592403,-6.923668,-8.4485235,-8.401953,-8.388486,-8.388484,-8.411335,-8.662202,-8.325233,-8.411053
N(=Nc1ccccc1)c2ccccc2,-4.45,-4.3756967,-2.988019,-3.1847677,-3.1847672,-3.173537,-3.7930577,-2.986406,-4.3416076,-3.8209758,-3.5690577,-3.397025,-3.3970253,-3.233251,-4.0100694,-3.2760227,-3.3611457,-4.288189,-3.3205163,-3.583928,-3.5839279,-3.6028872,-3.2995336,-4.3302765,-3.8831801,-3.8847916,-4.1104836,-3.9224317,-3.9224327,-3.6948245,-3.6580172,-3.0730906,-3.0594542,-4.7707267,-5.155896,-4.803458,-4.8034587,-5.1541333,-4.7833014,-5.262815,-4.9699807,-4.3268924,-4.027232,-4.2963395,-4.29634,-4.401632,-4.2162604,-4.1478767,-4.6479216,-4.4489093,-4.776261,-4.5913916,-4.5913925,-5.3718553,-4.941008,-5.3213673,-4.5022116,-4.012006,-4.978395,-4.7400403,-4.740041,-4.7453337,-3.9292893,-4.806654,-4.9606547,-4.447034,-4.3518066,-4.542954,-4.542953,-4.5491834,-4.596866,-4.3526826,-4.5530686
CNC(=O)ON=C(CSC)C(C)(C)C ,-1.62,-1.9951079,-3.6262898,-3.2391655,-3.2391655,-3.2350433,-3.4718602,-3.2348788,-3.2059321,-1.7505039,-2.2695653,-2.159197,-2.1591978,-2.128028,-2.3467762,-2.1734207,-2.1892948,-1.4553356,-3.7711732,-3.6848214,-3.6848216,-3.712564,-3.5872705,-2.8433495,-2.625835,-1.6221778,-2.5153463,-2.6701267,-2.6701286,-2.5984256,-2.5240319,-1.6609685,-1.9815834,-1.663147,-3.3392105,-3.3435736,-3.3435738,-3.2900124,-3.4311416,-3.244732,-2.7350435,-2.2629704,-3.7792418,-3.2786644,-3.2786648,-2.9492972,-3.2491753,-3.2063003,-2.899253,-1.4700432,-3.2925055,-2.8804338,-2.8804336,-3.6392412,-2.7492113,-3.5731883,-2.8493052,-1.8086617,-2.8146906,-2.607858,-2.6078582,-2.6720524,-1.8534253,-2.6779523,-3.2330773,-1.6278721,-1.6560096,-1.6510042,-1.6510032,-1.6773546,-1.7164829,-1.7309831,-1.7343435
CCCCCCCCCCCCCC,-7.96,-6.56355,-4.438331,-4.3044496,-4.30445,-4.3055854,-4.8000994,-4.3062577,-4.042122,-6.8993034,-4.4953704,-6.755664,-6.755665,-6.6865664,-7.3051915,-6.745508,-5.613833,-8.00506,-4.637858,-4.988879,-4.988879,-5.514503,-4.681608,-7.7872796,-5.902305,-7.6510277,-6.728788,-6.5657477,-6.5657487,-7.009261,-6.1168566,-6.3667617,-7.16421,-7.747145,-4.4209743,-4.2949867,-4.294987,-4.3329062,-4.612419,-4.3774085,-4.5167136,-5.3769865,-5.4427724,-5.179847,-5.1798472,-4.7957397,-5.2962556,-4.875979,-5.1684976,-7.892283,-6.101029,-7.651478,-7.651478,-7.446905,-7.772282,-7.7799997,-8.203559,-7.852315,-5.819281,-6.3983526,-6.3983526,-6.4213386,-4.756564,-6.3560085,-6.3722997,-7.9113836,-7.90203,-8.070356,-8.070354,-8.051252,-8.247476,-8.006404,-7.964811
CCOP(=S)(OCC)SC(CCl)N1C(=O)c2ccccc2C1=O,-6.34,-6.4046125,-5.572767,-5.3413134,-5.3413134,-5.3391623,-5.6430755,-5.3127084,-5.830808,-6.2912064,-4.6523757,-5.0348706,-5.0348706,-4.8719077,-5.381757,-5.1588273,-4.952811,-6.259195,-5.5228095,-5.2753115,-5.275312,-5.2020965,-5.5658827,-5.2888207,-4.509333,-6.027021,-5.103049,-5.0347996,-5.0348005,-5.037284,-4.769565,-4.310632,-4.830101,-6.052204,-5.0705132,-4.851716,-4.8517165,-4.8348,-4.994088,-4.885335,-4.2822485,-5.0787683,-4.793011,-4.805621,-4.8056207,-4.758897,-4.7278433,-4.901997,-4.632387,-5.9615626,-5.8582993,-5.441964,-5.441964,-5.658654,-5.394218,-5.6080604,-6.0284076,-6.1208506,-5.364447,-5.3145275,-5.314528,-5.320236,-3.9493825,-5.399571,-5.7748046,-6.0688124,-6.2913074,-6.2363396,-6.236336,-6.2570825,-6.5461073,-6.376756,-6.290117
c1cc2ccc3cccc4ccc(c1)c2c34,-6.176,-5.6792903,-2.8600836,-2.9066412,-2.906641,-2.9110768,-3.2470837,-2.922799,-4.2057095,-6.025121,-4.99003,-6.252767,-6.252766,-6.1843677,-6.5093317,-6.262416,-6.212456,-6.3356423,-3.4647675,-3.9758277,-3.9758282,-3.9821744,-3.607395,-6.4906354,-5.9387746,-6.470649,-7.1634436,-7.075391,-7.0753913,-7.202303,-6.562797,-6.464199,-7.073003,-6.8789926,-4.6569386,-4.971114,-4.971114,-5.115477,-5.2013397,-5.1315084,-6.938434,-6.340473,-3.0388186,-3.392484,-3.392484,-3.4632313,-3.3555121,-3.2256966,-3.9317083,-6.0716786,-5.8224554,-5.803164,-5.803164,-6.3936443,-5.717686,-6.4832215,-5.666191,-5.9355993,-6.4502716,-6.791551,-6.7915497,-6.759929,-5.8187485,-6.808246,-7.089978,-6.1483946,-6.4747696,-6.22055,-6.22055,-6.2167153,-6.3868113,-6.382215,-6.315149
O=C2NC(=O)C1(CCCCCC1)C(=O)N2 ,-3.168,-2.9492035,-2.8757644,-2.4709797,-2.4709797,-2.4702008,-2.7655628,-2.4679472,-2.8803368,-3.2088883,-2.056765,-2.1816308,-2.1816306,-2.1601245,-2.1968355,-2.1763868,-2.6781583,-2.866467,-3.3488574,-3.2853634,-3.285363,-3.2826095,-3.2900574,-2.2925754,-2.021379,-2.7032623,-2.7121449,-2.8274183,-2.8274207,-2.6981971,-2.5943942,-1.8896189,-2.5338628,-3.70091,-2.7706122,-2.8771052,-2.8771045,-2.9005883,-3.0482447,-2.9215677,-3.0481849,-3.3970342,-2.5562837,-2.0689423,-2.0689423,-2.1218607,-2.1456945,-2.3423693,-2.5702577,-2.814474,-1.525773,-2.060505,-2.0605044,-2.083717,-2.3257415,-1.9672842,-2.2262812,-2.9687445,-3.2350104,-2.7535963,-2.7535968,-2.8105962,-1.9899272,-2.7935796,-3.2749202,-3.1508114,-3.0251303,-3.1749763,-3.1749766,-3.2052598,-3.2344234,-3.1010118,-3.2380147
CC(=O)OC3(CCC4C2CCC1=CC(=O)CCC1C2CCC34C)C#C,-4.8,-4.181895,-4.9542637,-4.565085,-4.5650845,-4.571828,-4.9153237,-4.5698805,-4.584998,-4.5262804,-4.7313895,-4.4888086,-4.48881,-4.420836,-4.9728303,-4.50593,-4.434551,-4.997846,-3.8260553,-4.509935,-4.5099354,-4.3765564,-4.1496773,-4.8833895,-4.3268905,-4.4451146,-5.3697305,-4.971175,-4.971177,-4.800256,-4.442824,-4.414233,-4.4577665,-4.6671286,-4.6813316,-4.576684,-4.5766835,-4.587568,-4.7032776,-4.6815076,-3.9231713,-4.252985,-5.1336393,-5.317229,-5.317229,-5.4346037,-5.102833,-5.400192,-4.9010477,-4.616536,-4.8323455,-5.021928,-5.0219283,-5.326837,-4.9408555,-5.1951838,-5.1284685,-4.9558706,-5.3979197,-5.390918,-5.390918,-5.426453,-3.6987643,-5.302781,-5.7170825,-4.683933,-3.9700274,-4.2977,-4.2976985,-4.2445436,-4.710952,-4.379252,-4.54887
CNN,1.34,0.92516595,-1.0272712,-0.31704068,-0.31704056,-0.31372008,-0.43552038,-0.3208105,-0.2964859,1.0949646,0.29387373,1.0671067,1.0671068,1.062206,0.8052003,1.0908872,-0.091764495,1.3044546,-0.62072754,-0.42954716,-0.42954716,-0.4221848,-0.29504976,1.307306,0.6773368,1.0139472,-0.35826647,-0.5622211,-0.5622234,0.05067838,-0.2629591,0.68310803,-0.23189163,1.3238457,-1.3641628,-0.7258509,-0.72585076,-0.7589993,-0.6681049,-0.7426533,-0.44473365,1.1410774,-1.2408323,-0.8879823,-0.88798237,-0.877681,-0.8032241,-0.9076649,-0.5192476,1.1546872,-0.36037904,0.8340575,0.83405715,-0.18520787,1.0234808,-0.10601416,0.10545847,1.2839141,0.6075205,0.86112016,0.8611202,0.88248354,1.2082342,0.8628466,0.5192629,1.3960807,1.4412912,1.3148289,1.3148285,1.3128796,1.3574386,1.474713,1.0059401
Clc1cc(Cl)c(c(Cl)c1)c2c(Cl)cc(Cl)cc2Cl ,-8.71,-9.395484,-4.7355084,-4.77672,-4.77672,-4.7811866,-5.0652175,-4.7786107,-6.7861214,-8.784313,-7.014933,-7.3344064,-7.3344088,-7.2535367,-7.2668533,-7.399289,-7.8200283,-8.728715,-7.8709035,-8.654255,-8.654254,-8.665212,-8.754211,-8.362088,-7.8841567,-8.347387,-7.769828,-8.302943,-8.302942,-8.286832,-7.897883,-7.7912426,-7.9250855,-8.751436,-6.4546814,-7.59232,-7.5923204,-7.873596,-7.639006,-8.082031,-9.541849,-9.028635,-3.6659977,-4.1233587,-4.1233597,-4.260731,-4.014224,-3.988986,-5.12231,-8.526105,-5.349136,-7.8032165,-7.8032165,-6.076433,-7.835708,-6.004906,-7.75877,-8.614659,-7.806688,-7.758594,-7.7585936,-7.7415123,-6.6675363,-7.804344,-8.519842,-8.473322,-8.454063,-8.568096,-8.568097,-8.600073,-8.609893,-8.584822,-8.546826
Clc1cccc(c1)N(=O)=O,-2.77,-3.6556695,-2.4901595,-2.4283664,-2.4283664,-2.4369576,-2.7373357,-2.4480214,-3.0091827,-2.9791875,-1.5354701,-2.5595973,-2.5595975,-2.5669148,-2.4369507,-2.5368185,-1.9503915,-2.8348203,-1.9326239,-2.1635687,-2.1635687,-2.1634052,-2.0742438,-2.5908537,-2.4341204,-2.782352,-3.269076,-3.404855,-3.404857,-3.1084387,-3.047984,-2.3232703,-2.7438602,-2.553842,-1.8711499,-1.8309603,-1.83096,-1.7905416,-2.0068717,-1.7557968,-1.735672,-3.012659,-2.2905548,-2.4299746,-2.429974,-2.4817488,-2.4316742,-2.3953094,-2.288236,-3.2544034,-1.6399876,-2.188857,-2.1888568,-2.246107,-2.4686232,-2.1085367,-2.3785393,-2.674886,-3.2253294,-2.6035452,-2.6035457,-2.6557608,-2.210567,-2.6022837,-2.6615257,-2.7534678,-2.7594552,-2.787172,-2.7871723,-2.7850885,-2.840133,-2.8312304,-2.7747197
CN(C)C(=S)SSC(=S)N(C)C ,-3.9,-3.4322858,-3.307515,-3.008456,-3.0084553,-2.9798357,-3.2727983,-2.7465868,-2.996758,-3.8338706,-3.1097908,-3.9272532,-3.927253,-3.994884,-4.0162907,-4.0178194,-3.6191688,-3.7500393,-3.296594,-3.1364906,-3.1364903,-3.128985,-3.13828,-3.2680159,-2.9101782,-3.2122865,-2.1800988,-2.2884839,-2.288486,-1.9962503,-2.1463547,-1.1481601,-1.874088,-4.0088925,-4.6328025,-4.89945,-4.8994503,-4.595904,-4.9823923,-3.2022674,-4.5910983,-4.1124477,-3.2752352,-3.6189146,-3.6189148,-3.6380897,-3.5736637,-3.533073,-4.041442,-3.8043995,-2.1264167,-2.1349645,-2.1349652,-2.5158625,-1.9427125,-2.604554,-2.006071,-3.9059284,-4.628618,-4.51314,-4.5131407,-4.615105,-3.2333977,-4.419116,-5.2481027,-3.918878,-3.628374,-3.819624,-3.8196232,-3.8175874,-3.804116,-3.3348992,-3.8574755
Clc1ccc(c(Cl)c1Cl)c2ccc(Cl)c(Cl)c2Cl ,-8.01,-8.235706,-4.652271,-4.494449,-4.4944496,-4.5020833,-4.8502235,-4.517177,-5.594068,-7.959817,-7.536571,-7.626552,-7.62655,-7.5600047,-7.5385,-7.6599402,-7.7064376,-7.9510446,-7.3790665,-8.0671,-8.067101,-8.071609,-8.090943,-7.7812433,-7.5313935,-7.903778,-8.195745,-8.442922,-8.442924,-8.51069,-7.9651093,-7.909924,-8.057224,-8.156031,-5.529852,-6.388918,-6.388918,-6.5379996,-6.462405,-6.6730585,-7.5329146,-8.03992,-4.226381,-4.5542717,-4.5542717,-4.7824206,-4.376812,-4.5325623,-5.239574,-8.157934,-5.704059,-8.430229,-8.43023,-6.4987764,-8.628148,-6.4139314,-8.573395,-7.902701,-8.367413,-8.00408,-8.004078,-8.035248,-6.825548,-7.9874268,-8.4260235,-7.794613,-8.308039,-8.311972,-8.311972,-8.357476,-8.572669,-8.299511,-8.502118
CCOc1ccccc1,-2.33,-2.1745305,-2.307226,-1.9938457,-1.9938457,-1.9950899,-2.223729,-1.9825866,-1.9624386,-1.9596214,-1.9719085,-1.9458672,-1.9458673,-1.92375,-1.9971383,-1.9295545,-2.071333,-1.8312864,-1.8275266,-1.9712352,-1.9712353,-1.9642358,-1.8161284,-2.023652,-1.8125215,-1.554442,-2.552903,-2.6615956,-2.6615977,-2.313741,-2.3790874,-1.6196966,-1.9571972,-2.4060965,-2.0455244,-1.9559803,-1.9559803,-1.936722,-1.9881561,-1.9560561,-1.5817318,-1.8709402,-2.557624,-2.4483948,-2.4483948,-2.4294124,-2.4723709,-2.4849582,-2.3424776,-2.724976,-0.74566555,-1.8702716,-1.8702719,-1.3078226,-1.6719401,-1.2741704,-1.6766137,-2.4112892,-3.015174,-2.7933228,-2.7933247,-2.6762853,-1.8884178,-3.0058603,-2.6278665,-2.3600688,-2.3562818,-2.416951,-2.4169512,-2.4023035,-2.3936224,-2.3455286,-2.3222022
CCC(=O)OC3CCC4C2CCC1=CC(=O)CCC1(C)C2CCC34C ,-5.37,-4.518771,-5.1567006,-4.7402296,-4.74023,-4.745102,-5.07365,-4.7464347,-4.5589848,-4.7081103,-4.732549,-4.6228957,-4.622896,-4.5581284,-5.05183,-4.6302495,-4.447054,-5.5046926,-3.823563,-4.739964,-4.7399635,-4.549266,-4.1177616,-5.3904586,-4.70286,-5.255948,-6.5233846,-5.86567,-5.8656707,-6.0275984,-5.2229667,-5.571629,-5.460818,-5.1655774,-4.861946,-4.779393,-4.779393,-4.783613,-4.898654,-4.745201,-4.244621,-4.7995887,-4.824283,-4.3979135,-4.3979135,-3.9920743,-4.304326,-3.870308,-4.4668336,-4.8440657,-5.264695,-4.677184,-4.6771846,-5.5364065,-4.389459,-5.4804006,-4.3418093,-5.4485836,-5.8502183,-5.8483205,-5.848321,-5.857104,-4.139454,-5.8131933,-5.7159047,-5.230101,-3.8907275,-3.8867524,-3.8867512,-4.0139055,-4.297925,-4.1568475,-4.471807
Cc1cccc(C)c1C,-3.2,-2.9507143,-2.3055258,-2.0006447,-2.000645,-1.9908348,-2.119014,-1.9929717,-1.9930435,-2.8708866,-2.4111538,-2.4643822,-2.4643826,-2.4599552,-2.6822586,-2.4469135,-2.4540627,-3.213525,-2.0265944,-2.223274,-2.2232738,-2.2139013,-2.102118,-2.523383,-2.3539472,-3.1520867,-2.8986979,-2.9553034,-2.9553046,-2.6823847,-2.722783,-1.8982177,-2.5110745,-3.2247975,-3.0490055,-2.159131,-2.1591308,-2.236117,-2.32183,-2.1210668,-3.6580539,-3.3153217,-1.9812696,-2.0015273,-2.0015273,-2.0154912,-2.0597696,-1.9312897,-2.1279867,-3.0816908,-3.6600444,-3.4202344,-3.4202342,-3.5402162,-3.4043136,-3.5615673,-3.1941774,-3.179303,-3.4234643,-3.1847036,-3.1847034,-3.2101922,-2.4274778,-3.1753721,-3.6157923,-3.1851661,-3.8046155,-3.498268,-3.4982677,-3.501268,-3.648033,-3.7542446,-3.1986103
CC(C)C,-2.55,-1.6414368,-1.4744337,-0.8403269,-0.8403269,-0.821822,-0.9890687,-0.8110052,-1.1519737,-2.7003434,-0.47367877,-0.9402328,-0.94023263,-0.9275292,-0.849294,-0.9191093,-0.96932894,-2.6526122,-1.2189643,-1.3913046,-1.3913051,-1.3831826,-1.267337,-1.6967539,-1.4315319,-2.4387774,-1.8437182,-1.9730155,-1.9730175,-1.6545626,-1.6983211,-0.8208206,-1.3485336,-2.6967225,-1.4269211,-1.093573,-1.093573,-1.0788519,-1.2047617,-0.9965732,-0.6544333,-2.7996182,-1.2787406,-1.0252993,-1.0252993,-1.0192429,-0.99479127,-0.98874813,-1.5632713,-2.8112667,-3.0301483,-2.1745408,-2.1745412,-2.4850807,-2.3777683,-2.5141463,-2.1751769,-2.61823,-1.225704,-1.4101743,-1.4101745,-1.4139606,-0.8730817,-1.4028813,-1.28844,-1.8852133,-1.4590763,-1.6785485,-1.6785481,-1.6682099,-1.6256555,-1.2964172,-2.4447048
CCCCN(CC)C(=O)SCCC,-3.53,-3.2613406,-3.5173478,-3.1799052,-3.1799052,-3.1741626,-3.4083202,-3.1643944,-2.997446,-3.485621,-3.1310124,-3.4275436,-3.4275448,-3.3840017,-3.7682116,-3.4680955,-3.207296,-3.4103494,-3.619341,-3.5688195,-3.5688195,-3.5395842,-3.458753,-3.2356966,-2.8920429,-3.9423535,-4.169502,-4.1365004,-4.1365023,-3.9629889,-3.7333677,-3.0838616,-3.8687613,-3.4064555,-3.2602286,-3.179894,-3.179894,-3.1663563,-3.3116019,-3.1016116,-2.6838036,-3.3678842,-3.5703022,-3.7776527,-3.7776523,-3.1905391,-3.763914,-3.34836,-4.2312174,-3.3917394,-3.7318425,-3.1319077,-3.131908,-3.9631314,-2.4947422,-3.9348993,-3.285942,-3.3431733,-3.476242,-3.3549297,-3.3549297,-3.4437485,-2.3061001,-3.4081044,-4.036805,-3.5265427,-3.4852455,-3.542844,-3.5428436,-3.4887187,-3.637955,-3.606756,-3.7605355
CCOC(=O)NCCOc2ccc(Oc1ccccc1)cc2,-4.7,-4.720795,-5.700019,-5.426033,-5.4260325,-5.436895,-5.8977804,-5.460006,-5.043004,-4.8696632,-5.296203,-4.4205832,-4.4205837,-4.4368086,-4.8558154,-4.397889,-4.667317,-4.8060656,-5.5975947,-5.3880343,-5.3880343,-5.385185,-5.20652,-4.762257,-4.164121,-4.6400905,-4.8908906,-4.8443975,-4.8443995,-4.6575565,-4.4202228,-4.0538373,-4.4450455,-4.7859697,-5.6538734,-5.384513,-5.3845124,-5.431957,-5.703924,-5.5312934,-5.46209,-5.17864,-6.806162,-6.5090055,-6.5090055,-6.737724,-6.2273016,-6.18706,-6.112868,-4.333439,-5.735211,-4.091766,-4.0917664,-5.9241753,-3.9675512,-5.7778487,-4.2083025,-4.6513157,-5.594161,-5.4556828,-5.4556828,-5.481661,-4.2066975,-5.3743496,-5.7762365,-4.578619,-4.616375,-4.6890783,-4.6890764,-4.717107,-4.9475164,-4.7758603,-4.6895027
CCCCCCC(=O)C,-2.05,-3.2775886,-2.7049625,-2.477367,-2.477367,-2.4762352,-2.8226106,-2.4510002,-2.6474128,-2.3872716,-2.0817692,-2.4665208,-2.4665208,-2.4367416,-2.4858835,-2.4865472,-2.2272308,-2.250436,-2.4693348,-2.644457,-2.6444566,-2.6410916,-2.484707,-3.6590552,-3.2819464,-2.1770363,-3.0007842,-3.1739268,-3.1739287,-3.1721132,-2.8611674,-2.2827067,-2.5532503,-2.099127,-2.6100063,-2.5841203,-2.58412,-2.54244,-2.7206094,-2.4173324,-2.53107,-2.2833855,-3.2083676,-3.037424,-3.0374243,-2.5925364,-3.0532877,-2.625105,-3.3006608,-1.876968,-2.937034,-1.9885345,-1.9885347,-3.1171184,-1.8380798,-3.2621975,-2.159949,-2.027315,-2.8838444,-2.5821536,-2.5821538,-2.624879,-1.8071725,-2.6368449,-3.1688414,-2.1136518,-2.024559,-1.9200759,-1.9200754,-1.8852903,-2.0227768,-1.8165816,-2.085469
Brc1cccc(Br)c1,-3.54,-3.9278789,-2.6408956,-2.673517,-2.673517,-2.688666,-3.1069415,-2.7016473,-3.4317546,-3.5662208,-3.482986,-3.6666627,-3.6666636,-3.6554432,-3.5302448,-3.6612148,-4.1149416,-3.371053,-1.7353188,-1.8575524,-1.8575523,-1.8519454,-1.686978,-2.9707303,-2.9597833,-3.5095906,-3.6716936,-3.587244,-3.5872455,-3.4883935,-3.3222013,-2.5537455,-3.2544806,-3.7523968,-3.3503218,-3.1858587,-3.1858592,-3.195238,-3.5013163,-3.08439,-4.3860316,-3.3373656,-2.3916166,-2.5957348,-2.5957341,-2.6729305,-2.6091201,-2.6518233,-2.9614968,-3.7956707,-2.9146597,-3.3182733,-3.3182735,-2.8944018,-3.5706582,-2.8546596,-3.3454654,-3.5772214,-4.404714,-3.9957159,-3.9957156,-3.9941378,-3.6069007,-3.9880931,-4.233872,-3.3719108,-3.54382,-3.6063385,-3.606339,-3.623715,-3.6637256,-3.5249684,-3.6857734
COC(=O)c1ccc(O)cc1,-1.827,-2.4547565,-2.5172346,-2.4972684,-2.4972682,-2.510492,-2.8716385,-2.522499,-2.9809227,-1.5868857,-1.7071105,-1.0478953,-1.0478957,-1.0224134,-1.1224265,-1.0639944,-1.6618415,-1.7977604,-1.963017,-2.0172777,-2.017278,-2.0166469,-1.9249778,-1.246905,-1.1847162,-1.649039,-1.7379223,-1.9101014,-1.9101028,-1.3456014,-1.6546893,-0.7118307,-1.3307298,-1.6922894,-2.1673636,-2.176168,-2.176168,-2.2504735,-2.2657363,-2.3135097,-2.192217,-1.6720269,-3.4354408,-3.801118,-3.8011177,-3.8507922,-3.7182534,-3.4782104,-3.1281013,-2.0876496,-0.9063928,-1.4905156,-1.4905158,-1.8980992,-1.56355,-1.7889034,-1.5437526,-1.9611381,-1.9501467,-1.7437228,-1.7437226,-1.7490522,-1.0976613,-1.7739248,-2.0403519,-1.867865,-1.7929468,-1.8444933,-1.8444932,-1.8476416,-1.8645852,-1.9388679,-1.8969754
c1cc2ccc3ccc4ccc5cccc6c(c1)c2c3c4c56,-9.018,-9.349986,-3.7946067,-3.9430377,-3.9430377,-3.9538314,-4.455074,-3.9621859,-7.2347674,-8.696289,-6.2732353,-8.034234,-8.034235,-7.956866,-8.36879,-8.010093,-7.5633864,-9.346105,-5.608898,-6.584836,-6.584836,-6.5720897,-5.983593,-8.974545,-8.475152,-8.976916,-8.57982,-8.597161,-8.597162,-8.849166,-8.2242155,-8.258396,-8.113706,-9.525967,-4.7884464,-5.8503275,-5.850327,-5.813256,-6.218543,-5.65656,-8.321361,-8.225649,-3.456989,-3.862072,-3.8620725,-3.9589577,-3.8594632,-3.6970818,-4.518445,-9.356854,-7.0349116,-6.620804,-6.620804,-7.31912,-7.2392473,-7.2667985,-6.6517887,-8.647741,-7.6695275,-8.472575,-8.472578,-8.423405,-7.097915,-8.508823,-8.558652,-9.009322,-8.901122,-9.177414,-9.177415,-9.162893,-9.252088,-9.0273,-9.171998
ClCC(Cl)Cl,-1.48,-1.443365,-1.5062094,-0.76317286,-0.7631729,-0.7521537,-1.0163648,-0.73950267,-1.9736607,-1.4958782,-1.5128917,-1.6764686,-1.6764685,-1.6780996,-1.7004827,-1.6792011,-1.8003888,-1.4667351,-0.9753514,-0.98657435,-0.98657435,-0.9811517,-1.0025666,-1.312876,-1.4802942,-1.5771141,-2.0498068,-2.3771212,-2.377123,-2.0599256,-2.031371,-1.2279291,-1.4688811,-1.4426525,-1.8384192,-1.3456455,-1.3456454,-1.36758,-1.3276551,-1.6356403,-1.433481,-1.5265396,-1.3734528,-1.1554021,-1.155402,-1.1539084,-1.1546737,-1.1331928,-1.1916099,-1.523022,-2.4993126,-2.152873,-2.1528733,-2.9129434,-1.8859506,-2.8413386,-2.2513108,-1.3599039,-2.1319447,-2.0363212,-2.036321,-2.041195,-1.6412382,-2.0669484,-1.7736851,-2.1692548,-2.1951137,-2.1377723,-2.1377723,-2.1354957,-2.204004,-2.2565289,-1.9972795
CN(C)C(=O)N(C)C ,0.94,0.19980177,-2.0503652,-1.4581442,-1.4581443,-1.4524783,-1.6193366,-1.4547821,-1.6714681,0.5560224,-0.5784326,0.20082581,0.20082489,0.19946729,-0.07187011,0.2080159,-0.8326474,1.1615639,-1.634844,-1.7207518,-1.720752,-1.7124743,-1.6536862,-1.1837585,-1.374315,0.008244934,-1.2925757,-1.4634986,-1.4635013,-0.9742993,-1.3444376,-0.27429816,-1.0302317,0.9733513,-3.5895166,-3.7111816,-3.7111812,-3.7896814,-4.006964,-3.7466671,-2.074605,0.6968139,-2.122788,-2.163756,-2.163756,-2.1745536,-2.0865366,-2.0831919,-1.5314698,0.12437542,-1.5413013,-0.36571527,-0.3657152,-1.761099,-0.5145642,-1.7014083,-1.0710053,0.84863204,-0.8095504,-0.6449276,-0.6449272,-0.686575,-0.14245845,-0.6679661,-1.213677,-0.028126042,-0.28975868,0.09903274,0.09903276,0.1068232,-0.042919576,-0.3575664,-0.0794928
CCOP(=S)(OCC)Oc1ccc(cc1)S(C)=O ,-2.3,-3.837146,-4.689509,-4.4424148,-4.4424143,-4.447866,-4.773952,-4.45116,-4.5583477,-2.8812265,-4.79987,-3.962346,-3.962347,-3.9630365,-4.395543,-3.9691403,-4.5582423,-2.8010018,-4.5954633,-4.36008,-4.36008,-4.298318,-4.3043437,-3.996538,-3.3902102,-2.7119365,-5.6323357,-5.2491884,-5.2491903,-5.111486,-4.843789,-4.436567,-4.7336597,-2.575998,-4.4569855,-4.1720557,-4.1720557,-4.162761,-4.333167,-4.1661453,-3.3716846,-3.5943043,-4.4220943,-4.6571293,-4.65713,-4.6272845,-4.6242285,-4.385202,-4.561774,-2.7573292,-4.2887297,-3.598182,-3.5981815,-4.5848007,-3.5409372,-4.5040455,-3.8218265,-2.5786424,-4.8461285,-4.4573236,-4.4573236,-4.5340495,-3.512979,-4.536025,-5.0003414,-2.337078,-2.3463962,-2.3396204,-2.33962,-2.3661687,-2.5852473,-2.4930255,-2.5794342
Clc1ccc(cc1Cl)c2ccccc2 ,-6.39,-5.491517,-3.4349458,-3.307277,-3.3072772,-3.316535,-3.6805155,-3.3433137,-3.649623,-5.8863144,-5.296596,-5.319813,-5.3198133,-5.2620606,-5.2848535,-5.309423,-5.143284,-6.341012,-3.9156153,-4.097384,-4.0973835,-4.0968122,-3.8515892,-5.9830832,-5.550289,-5.4008055,-5.2958484,-5.2563124,-5.2563157,-5.0395,-4.8359137,-4.319605,-5.220584,-6.496324,-2.782318,-2.733325,-2.7333255,-2.7900786,-2.8858278,-2.8267138,-3.9679718,-6.526521,-3.3461955,-3.1404035,-3.1404037,-3.2370422,-3.1465642,-3.336768,-3.7761443,-6.5335855,-5.8749623,-6.590266,-6.590266,-6.6322165,-6.8473387,-6.5039306,-6.818677,-6.1478753,-5.348068,-4.9355226,-4.935523,-4.9976883,-3.8912532,-4.9744496,-5.6780963,-6.312056,-6.214983,-6.3482447,-6.3482447,-6.3636413,-6.374302,-6.1990376,-6.4694924
OC(CC(c1ccccc1)c3c(O)c2ccccc2oc3=O)c4ccc(cc4)c5ccc(Br)cc5 ,-4.445,-4.512476,-9.361394,-7.865831,-7.865831,-7.842347,-8.0747175,-7.7702127,-5.6361165,-4.972228,-5.9943786,-5.693975,-5.693976,-5.6596055,-6.2997603,-5.7984447,-6.0973988,-4.2799788,-7.1913137,-7.0787706,-7.078771,-6.915661,-6.992241,-4.5273843,-5.7062817,-4.3421297,-7.576873,-7.515296,-7.515297,-6.9933195,-6.5445547,-6.608293,-3.9646606,-4.348477,-8.123158,-7.7250834,-7.7250824,-7.6484914,-7.560382,-6.573999,-5.1790886,-3.806975,-6.570836,-6.340807,-6.340807,-6.531643,-6.0523133,-6.4794593,-5.285015,-4.104541,-5.6566024,-5.3415384,-5.341539,-6.0013695,-5.3994193,-5.98279,-5.428755,-4.409409,-7.4020247,-7.243491,-7.243492,-7.3016562,-5.6248813,-7.2737794,-6.506469,-4.337198,-4.399584,-4.471111,-4.471107,-4.49362,-4.9250784,-4.8767743,-4.2502866
CC1(C)C(C=C(Cl)Cl)C1C(=O)OC(C#N)c2ccc(F)c(Oc3ccccc3)c2,-7.337000000000001,-5.755721,-7.3321233,-6.6070614,-6.607062,-6.598655,-6.904515,-6.5862193,-6.054688,-7.6701927,-5.216907,-4.8405967,-4.840598,-4.818046,-5.2329416,-4.867157,-5.098081,-7.437557,-6.4654074,-6.539034,-6.5390344,-6.4517283,-6.6854534,-6.6843047,-5.965504,-7.079998,-7.2611337,-6.7325826,-6.7325835,-6.9119983,-6.227917,-6.3627105,-6.7534766,-7.1281996,-6.5846667,-6.4154243,-6.4154253,-6.4204984,-6.537168,-6.6142626,-6.1687417,-6.329028,-5.513291,-5.09832,-5.098321,-5.1412654,-5.0980067,-5.2650046,-4.9997606,-6.488706,-5.4279513,-5.2146683,-5.214669,-5.666271,-5.208157,-5.6192894,-5.254964,-7.390513,-6.1373353,-5.963267,-5.9632673,-6.020739,-5.1457267,-6.7037864,-6.6064925,-7.1597733,-7.2455063,-7.3453755,-7.345374,-7.3510404,-7.8942585,-7.5392184,-7.2822776
COc1ccccc1Cl,-2.46,-2.0292425,-2.3893907,-2.3590043,-2.3590043,-2.352753,-2.5615776,-2.3611631,-2.2577305,-1.9928448,-2.1730015,-1.478194,-1.4781942,-1.4687077,-1.6165799,-1.4646184,-2.1107996,-2.635711,-1.8029631,-1.9218495,-1.9218493,-1.9175727,-1.8875839,-2.057836,-1.7153778,-2.1003032,-2.6335483,-2.8499396,-2.8499372,-2.4343483,-2.4467077,-1.7127279,-2.0521255,-2.6489525,-1.9284712,-2.3769479,-2.3769474,-2.3520663,-2.3691318,-2.3444881,-1.3480756,-1.5737498,-2.258384,-2.2502933,-2.2502933,-2.26612,-2.2605927,-2.2150643,-1.9916885,-2.8949735,-0.3618948,-1.4908832,-1.4908831,-0.9193174,-1.1923766,-0.8667016,-1.2197802,-2.540444,-2.6440325,-2.440153,-2.4401534,-2.4886646,-1.7662857,-2.4516935,-2.5354111,-2.4658191,-2.398713,-2.4125597,-2.412561,-2.401393,-2.4433641,-2.279623,-2.5340254
C/C=C/C=O,0.32,-0.21036685,-1.4904809,-1.3357543,-1.3357543,-1.3480858,-1.5795171,-1.3393829,-1.0853385,0.02146253,-0.6068369,0.06260407,0.06260383,0.055183664,-0.01736604,0.086233124,-0.72115815,0.56439334,-0.91380596,-0.87638736,-0.8763874,-0.8695968,-0.8039744,-0.13397762,-0.18043944,-0.78380334,-1.020387,-1.3428817,-1.3428836,-0.92145073,-1.1148927,-0.16464747,-0.8341377,0.21292731,-1.6491199,-1.2571117,-1.2571115,-1.3288553,-1.2846322,-1.3977262,-0.48846975,0.69301236,-1.6041186,-0.8865498,-0.8865498,-0.8802523,-1.0121515,-1.0780046,-0.49836347,0.10364194,-0.771443,0.4520068,0.45200652,-0.74948484,0.5444393,-0.6617973,-0.27584612,0.3583624,-0.33560103,-0.26101664,-0.26101655,-0.27061,0.09879151,-0.24056628,-0.44226688,0.23305523,0.026475856,0.17957765,0.17957777,0.16802816,0.07894043,0.045849346,0.11022856
CCC(C)CO,-0.47,-1.4869406,-1.8226181,-1.1884937,-1.188494,-1.182907,-1.3510506,-1.1698917,-1.4913082,-0.6468248,-1.1132421,-1.0102658,-1.0102657,-1.0063844,-1.1415662,-0.9857949,-1.5466851,-0.31576246,-1.31767,-1.3617879,-1.361788,-1.3522773,-1.2659158,-0.53618205,-0.5993926,-0.7060689,-1.6540545,-1.787534,-1.7875357,-1.3829488,-1.519807,-0.5950131,-1.2556833,-0.4038062,-1.6520678,-1.326119,-1.326119,-1.3317437,-1.4143518,-1.2542539,-1.0656626,-0.90522325,-1.7918593,-1.7283484,-1.7283484,-1.712795,-1.7064409,-1.6679738,-1.320408,-0.48179656,-1.0595552,0.04281621,0.0428159,-1.2603537,0.29312223,-1.1944668,-0.7264381,-0.35006815,-0.91479445,-0.8253249,-0.8253252,-0.86658585,-0.36387655,-0.83893985,-1.1390649,-0.5586127,-0.6807214,-0.5497259,-0.5497256,-0.48155624,-0.579675,-0.82725114,-0.8550532
C=CCC=C,-2.09,-1.2496547,-1.5099407,-0.87536794,-0.8753678,-0.88393074,-1.1266785,-0.89318013,-1.2596301,-2.0552726,-0.86607313,-0.28238848,-0.28238863,-0.27293935,-0.3568407,-0.2584908,-1.1579788,-2.351382,-1.0238224,-1.0289038,-1.0289038,-1.0207399,-0.9276476,-0.42029408,-0.3377262,-1.7887449,-0.8891716,-1.3109765,-1.3109777,-0.93605757,-1.0231526,-0.1663025,-0.80155927,-2.3441212,-2.906259,-2.0750394,-2.0750394,-2.0583508,-1.8501995,-1.6176963,-1.5359846,-2.1639051,-2.1787312,-2.432386,-2.432386,-2.5004234,-2.3781948,-2.4218493,-2.1213264,-2.0398526,-3.6498215,-2.6422844,-2.6422842,-3.5300956,-2.5102427,-3.5597186,-2.852816,-2.318469,-0.8124813,-0.8373133,-0.83731353,-0.8794246,-0.43451604,-0.84829146,-0.78172,-2.1878173,-1.9385127,-1.9147464,-1.9147463,-1.9056624,-1.969948,-1.9671646,-1.9408294
CCOP(=S)(OCC)Oc1ccc(cc1)N(=O)=O,-4.66,-4.0395904,-4.4128213,-4.2320194,-4.232019,-4.2356906,-4.565493,-4.218682,-4.7364297,-4.691956,-3.43568,-3.3794527,-3.379453,-3.3396566,-3.5845768,-3.4204586,-3.4714024,-4.713555,-4.1960564,-4.0886493,-4.0886493,-4.0632353,-4.0014143,-3.9931376,-3.2995658,-4.129778,-4.9786572,-4.625655,-4.625658,-4.468263,-4.2462554,-3.7860847,-4.29805,-4.8812037,-4.1103525,-3.8596895,-3.8596897,-3.890297,-4.1178265,-4.7320952,-3.6255908,-3.9140954,-4.092343,-4.405941,-4.405941,-4.4099708,-4.351886,-4.3120914,-4.6856713,-4.689154,-3.3848016,-3.101213,-3.101213,-3.8249452,-3.2000358,-3.7538197,-3.5208137,-4.3792353,-3.8980064,-3.808814,-3.8088138,-3.8255847,-2.5998065,-3.670237,-4.1221256,-4.5544877,-4.6295958,-4.6620736,-4.662073,-4.6809697,-4.9432473,-4.790371,-4.764451
ClC(Cl)(Cl)C(NC=O)N1C=CN(C=C1)C(NC=O)C(Cl)(Cl)Cl ,-4.19,-4.089976,-5.530697,-5.1204686,-5.1204686,-5.118967,-5.447822,-5.125711,-5.558864,-4.8413777,-3.4292028,-4.1592846,-4.159285,-4.092421,-4.8653297,-4.0258656,-4.1391425,-4.3428373,-5.0900364,-4.5741014,-4.5741014,-4.57699,-5.230154,-4.6284833,-4.171061,-4.0539465,-3.8426144,-3.8763623,-3.8763642,-3.7884758,-3.6317718,-2.9749444,-3.4739988,-4.296591,-6.3777375,-6.5953736,-6.5953736,-6.5818963,-6.657099,-6.40019,-5.1153235,-4.1111755,-3.8801453,-4.2537746,-4.253774,-4.352946,-4.119944,-3.972325,-5.1000986,-4.2768583,-5.3912272,-3.8582811,-3.8582814,-5.544533,-3.3426197,-5.3111553,-3.8062654,-4.3647823,-5.308686,-5.318355,-5.318356,-5.404823,-3.8272607,-5.095927,-6.335736,-4.131451,-4.3883266,-4.195931,-4.195931,-4.2039757,-4.3096533,-4.2858963,-4.229731
Clc1cccc(Cl)c1c2c(Cl)cccc2Cl ,-7.39,-7.8804502,-4.318287,-4.9677587,-4.967758,-4.978249,-5.1576934,-4.945808,-5.9696517,-7.1832824,-5.961391,-6.4386835,-6.4386835,-6.3782,-6.098529,-6.4167023,-7.3654227,-7.4411635,-5.65001,-5.786811,-5.786812,-5.7889104,-5.796118,-6.4664903,-6.0644665,-6.9983892,-6.347322,-6.5233383,-6.5233407,-6.387335,-6.1100936,-5.757668,-6.3223944,-7.5496674,-6.313511,-7.640186,-7.6401863,-7.851621,-7.7642455,-8.100372,-7.946928,-7.3861337,-3.1613195,-3.4789732,-3.4789734,-3.5544002,-3.4338803,-3.3251984,-4.0097566,-6.9717445,-5.7788424,-6.0325766,-6.0325766,-6.218419,-6.2195153,-6.2008467,-6.136365,-7.2468157,-7.159694,-7.2282677,-7.2282686,-7.2388225,-6.094395,-7.248944,-7.7990227,-7.462686,-6.5159397,-6.778573,-6.778573,-6.722115,-6.575177,-6.561385,-7.247377
BrC(Br)(Br)Br,-3.14,-3.4164453,-1.9693857,-3.8062093,-3.8062096,-3.8237593,-3.9835093,-3.7592528,-3.5394745,-3.1709454,-2.9545312,-3.04159,-3.041592,-3.0257556,-2.9346566,-3.0533855,-2.9930978,-3.1521065,-2.2440932,-2.2027042,-2.202704,-2.196389,-1.9033725,-3.763173,-3.6392798,-2.7207618,-2.853797,-3.2358658,-3.2358665,-3.0732977,-2.6348147,-2.2235503,-2.4509525,-3.1541781,-1.9645829,-2.0728223,-2.0728226,-2.03504,-2.2631538,-1.9359269,-2.9322956,-3.2694373,-1.313248,-1.0832825,-1.0832825,-1.08586,-1.1643991,-1.0226536,-2.6464016,-3.181425,-1.3959092,-1.9366392,-1.9366391,-1.8462256,-2.145479,-1.7771665,-2.1204598,-3.1119924,-3.2146819,-3.0009773,-3.0009773,-3.0062127,-2.7365677,-2.98975,-3.200385,-2.4356306,-2.4801474,-2.634557,-2.6345565,-2.6266856,-2.6363537,-2.394594,-2.384721
CC1(C)CON(Cc2ccccc2Cl)C1=O,-2.338,-2.4278183,-3.3948474,-2.964618,-2.964618,-2.9603994,-3.2464082,-2.9426107,-3.0237617,-2.5629678,-3.2412546,-2.668343,-2.6683435,-2.624477,-2.926085,-2.6873014,-2.932799,-2.1414316,-4.083034,-3.8305933,-3.830593,-3.8332303,-3.8651564,-2.8469915,-2.3295915,-2.3750105,-3.9242322,-3.7858026,-3.785804,-3.4833705,-3.4664173,-2.8176641,-3.1740646,-2.4800372,-3.386756,-3.4074283,-3.4074283,-3.435255,-3.4869182,-3.495147,-2.9362597,-2.673656,-3.132731,-2.8580341,-2.8580341,-2.7891815,-2.8805044,-2.933973,-2.8824782,-2.8751655,-3.3938367,-3.1306462,-3.1306462,-3.7023664,-2.949432,-3.6732678,-3.3642042,-2.5129995,-3.5853417,-3.5126123,-3.5126133,-3.574535,-2.4240956,-3.530864,-3.8786967,-2.352508,-2.1668282,-2.2881734,-2.288173,-2.2809098,-2.2719178,-2.4021122,-2.322628
O=C1CCCCC1,-0.6,-0.79995006,-1.7278751,-1.0280882,-1.0280883,-1.0165385,-1.1609432,-1.0177082,-1.4485894,-1.4400723,-1.1925262,-1.384484,-1.3844842,-1.3731656,-1.4750384,-1.3733011,-1.4603968,-0.35170346,-1.903176,-2.13773,-2.1377294,-2.1299253,-2.0110328,-2.989191,-3.086675,-1.22655,-2.1792524,-2.3164918,-2.3164928,-2.1010585,-2.106131,-1.2820284,-1.9181573,-0.6586769,-2.2769117,-0.86803305,-0.8680328,-0.8965092,-0.82783717,-0.8386803,-1.0486664,-1.1125818,-1.8483884,-1.869142,-1.8691422,-1.9015874,-1.8516915,-1.8688115,-1.4444565,-0.9005669,-1.0397407,0.17275135,0.17275105,-0.9297716,0.027967647,-0.8597031,-0.5819863,-0.5621255,-2.470789,-2.2344878,-2.2344878,-2.2867794,-1.8218421,-2.216786,-2.3307488,-0.038686458,-0.74238086,-0.65417314,-0.6541733,-0.64521635,-0.7363448,-0.61227876,-0.6931205
CC(C)CCCO,-1.14,-1.9621372,-2.0958276,-1.6412853,-1.6412853,-1.6430832,-1.8866043,-1.623144,-1.9371465,-1.5200607,-1.2068037,-1.7152607,-1.7152605,-1.7023162,-1.5490772,-1.7011378,-1.7363703,-0.9955598,-1.5895829,-1.6719419,-1.6719418,-1.6641909,-1.5635543,-1.051775,-1.0578892,-1.5831362,-2.0934737,-2.261093,-2.2610946,-1.9062742,-1.9378467,-1.0970678,-1.7037998,-0.9174229,-1.9689333,-1.6739299,-1.6739299,-1.7104433,-1.7462838,-1.6868798,-1.5245214,-1.4663652,-2.0965512,-1.8500372,-1.8500372,-1.7123116,-1.8828384,-1.83988,-1.6324589,-1.0414273,-1.5945166,-0.5487403,-0.54874074,-1.8533305,-0.3244342,-1.7815076,-1.1732411,-0.9892413,-1.440882,-1.3158401,-1.3158405,-1.2391974,-0.60803694,-1.280005,-1.6635761,-1.0725907,-1.0160991,-1.0832963,-1.0832961,-1.0307356,-1.0738207,-0.88696325,-0.5809375
ClC1(C2(Cl)C3(Cl)C4(Cl)C5(Cl)C1(Cl)C3(Cl)Cl)C5(Cl)C(Cl)(Cl)C24Cl,-6.8,-7.2854967,-5.5327854,-6.3781137,-6.3781137,-6.375231,-6.626515,-6.35366,-6.7387033,-6.95379,-6.3283706,-6.851955,-6.8519526,-6.823995,-6.626446,-6.7530155,-6.559623,-6.8385267,-8.435408,-8.54,-8.539999,-8.539603,-8.50141,-7.131078,-6.6259212,-6.696925,-8.61592,-7.8427477,-7.8427477,-7.5449843,-7.891949,-7.1874623,-6.9319644,-7.0044584,-6.1916275,-8.0596695,-8.05967,-8.084703,-8.640674,-8.007797,-6.9113617,-6.8411813,-2.4431217,-2.6925116,-2.692512,-2.7470405,-2.7037303,-2.578601,-2.8163214,-6.7683053,-3.6149733,-6.0286045,-6.0286045,-4.106306,-6.0867133,-4.1482167,-6.2792144,-6.561364,-6.538756,-6.50155,-6.50155,-6.530734,-5.6359706,-6.4801226,-6.9908557,-6.69657,-6.700429,-6.6362376,-6.636237,-6.6587224,-6.7351923,-6.999602,-6.6449137
c1cc2ccc3ccc4ccc5ccc6ccc1c7c2c3c4c5c67,-9.332,-9.990517,-4.190228,-4.306618,-4.3066177,-4.3210196,-4.9054837,-4.326593,-7.2829,-8.968975,-6.6808333,-8.697668,-8.697669,-8.617115,-8.996201,-8.65294,-8.099346,-9.894812,-6.1997175,-7.6718745,-7.671874,-7.648645,-6.821134,-10.220016,-9.1773205,-9.73897,-10.161988,-9.710898,-9.7109,-9.977447,-9.674956,-9.563239,-8.8890505,-10.012886,-5.974515,-7.426358,-7.4263587,-7.4417553,-7.723984,-7.3897176,-8.711883,-8.968719,-3.6067255,-4.05785,-4.05785,-4.165356,-4.0303764,-3.850232,-4.7719064,-9.664518,-5.991677,-6.9318123,-6.9318132,-6.875972,-7.531174,-7.1667843,-7.138907,-9.119638,-7.9838653,-8.84456,-8.844561,-8.788682,-7.449429,-8.9185095,-8.845081,-9.009322,-8.901122,-9.177414,-9.177415,-9.162893,-9.252088,-9.0273,-9.171998
CCCC=O,-0.01,-0.98674804,-1.4679499,-1.0052056,-1.0052058,-0.99310946,-1.2323831,-0.9597822,-1.4627277,-0.49686828,-0.6805869,-0.32247126,-0.32247165,-0.32122666,-0.43256804,-0.2960505,-0.96723217,0.12341318,-1.0893333,-1.1307185,-1.1307185,-1.1235626,-1.0612606,-0.805269,-0.66563034,-0.8036377,-1.3992536,-1.5946062,-1.5946082,-1.165745,-1.3513888,-0.3963089,-1.0495187,-0.037685495,-1.6468015,-1.2622639,-1.2622638,-1.2387452,-1.273545,-1.1192827,-1.1193827,-0.04976784,-1.7466772,-1.4458104,-1.4458104,-1.367784,-1.4422724,-1.4606339,-0.91109,-0.28086227,-0.73638237,0.63704973,0.63704956,-0.63480985,0.5900886,-0.56648993,-0.22711839,0.104428425,-0.6859965,-0.57586163,-0.5758618,-0.5675172,-0.30557767,-0.5611667,-0.82546,0.110579506,0.15014824,0.25351444,0.25351456,0.23142521,0.26963076,0.13616142,0.2562578
CCCCCCCC=C,-5.05,-4.2789316,-2.7886896,-2.5614483,-2.5614486,-2.5554278,-2.931384,-2.510849,-2.6627176,-4.844316,-2.7717953,-3.7869875,-3.7869873,-3.7077806,-3.8142972,-3.77425,-2.9109943,-4.9836884,-2.5565026,-2.7035367,-2.7035367,-2.6968262,-2.509459,-3.8420238,-3.3512058,-4.4773107,-3.589813,-3.7805264,-3.7805285,-3.9722893,-3.4839873,-3.079619,-3.4283223,-5.4851785,-2.650134,-2.5426707,-2.5426705,-2.587946,-2.6853807,-2.5002744,-2.3770914,-4.32729,-3.3957417,-3.286584,-3.2865837,-2.866533,-3.3208902,-2.9088612,-3.7848377,-4.8013253,-4.341429,-4.5757747,-4.575775,-5.000391,-4.877231,-4.936022,-4.8237433,-4.982359,-3.836593,-3.7664468,-3.7664466,-3.79937,-2.6012914,-3.7326078,-3.9255989,-5.280705,-5.1703157,-5.3822985,-5.3822975,-5.1806607,-5.4163494,-5.296757,-5.4377284
CCOC(=O)N(C)C(=O)CSP(=S)(OCC)OCC,-2.518,-3.5933113,-4.855634,-4.622064,-4.622064,-4.611992,-4.922474,-4.530442,-4.748122,-3.037712,-3.6964216,-2.725031,-2.7250314,-2.7374713,-3.169185,-2.7096915,-3.4897797,-3.2492676,-4.7480483,-4.4076066,-4.4076066,-4.356093,-4.533861,-3.8214142,-3.2568343,-2.6987627,-3.3638637,-3.5363786,-3.5363803,-3.3168843,-3.205233,-2.6099446,-2.961295,-3.49532,-4.876657,-4.6698594,-4.6698594,-4.5624843,-4.855768,-4.2683473,-3.7484689,-4.1838756,-4.545488,-4.838097,-4.8380976,-4.8580146,-4.7421527,-4.763237,-4.9010005,-2.455917,-4.3275933,-3.781868,-3.781868,-4.6487246,-3.663218,-4.7689776,-4.4226356,-2.6358464,-3.8204978,-3.500552,-3.500552,-3.4401143,-2.6200707,-3.5006738,-4.3922095,-2.603378,-4.4196796,-3.923673,-3.9236712,-4.0548444,-4.7138867,-3.5685313,-5.382805
CCN2c1cc(Cl)ccc1NC(=O)c3cccnc23 ,-5.36,-5.0456185,-3.9619887,-3.6785548,-3.6785545,-3.6790245,-3.9908187,-3.6624432,-4.157219,-5.4027,-4.370808,-4.362599,-4.362599,-4.3091254,-4.4640675,-4.3359137,-4.1482954,-5.2098837,-4.8351917,-4.7672,-4.7671995,-4.7694435,-4.809428,-4.8538585,-4.4979887,-4.556884,-5.196468,-5.252343,-5.252345,-4.964517,-4.648396,-4.2678046,-4.680822,-5.747889,-3.8743467,-3.9475536,-3.947554,-3.9223466,-4.018029,-3.9428885,-3.5633204,-4.939889,-3.375277,-3.9660544,-3.9660542,-4.0874467,-3.9138415,-3.8050008,-4.6495194,-4.9221334,-2.71214,-2.3805456,-2.380546,-2.9643764,-2.2574751,-2.9155507,-2.6072958,-5.0558796,-5.280665,-4.719631,-4.7196302,-4.753815,-3.6047463,-4.7640824,-5.2175007,-5.212112,-5.292007,-5.403965,-5.4039645,-5.4378114,-5.7386355,-5.498347,-5.39047
ClCCCl,-1.06,-1.1648079,-1.1668477,-0.56853753,-0.5685377,-0.545733,-0.834683,-0.5317596,-1.7583473,-1.3173385,-0.7928898,-1.032804,-1.0328045,-1.0372103,-1.1007267,-1.0301516,-1.1033103,-1.0653136,-0.92761415,-0.9363987,-0.9363987,-0.9301532,-0.9170605,-1.0280349,-1.1797026,-1.2952373,-1.6643926,-1.9835886,-1.9835911,-1.5943547,-1.6424525,-0.8045489,-1.1156607,-1.0610484,-3.3678708,-2.088613,-2.0886126,-2.1634183,-2.392457,-2.0865226,-1.8234396,-1.2600842,-1.315045,-1.0382727,-1.0382726,-1.0325508,-1.0548977,-1.0365211,-0.9525212,-1.2157786,-1.4065032,-1.5202388,-1.5202388,-1.3261279,-1.1840575,-1.2314011,-1.4837257,-1.0942876,-1.3898665,-1.4760858,-1.4760861,-1.4744366,-1.0415032,-1.497117,-1.1744816,-1.2305249,-2.336055,-2.0877583,-2.0877583,-2.3028264,-2.3116233,-2.5725424,-2.0386195
Clc1cccc(Br)c1,-3.21,-4.0861306,-2.453917,-2.398529,-2.398529,-2.410705,-2.7473311,-2.4212193,-2.8796337,-3.3987389,-2.8929617,-3.0590324,-3.059032,-3.0546584,-2.890534,-3.0486355,-3.2124634,-3.239016,-1.9403137,-2.0711362,-2.0711365,-2.0642018,-1.9467815,-3.2150598,-2.848837,-3.1808019,-3.465986,-3.5084317,-3.5084324,-3.2914658,-3.2169423,-2.440148,-3.021445,-3.4166553,-1.8845886,-2.0753574,-2.0753574,-2.0154095,-2.135663,-1.9691124,-2.9118562,-3.1036913,-2.3584437,-2.5407083,-2.5407085,-2.614814,-2.550973,-2.6027422,-2.8529274,-3.1234748,-2.6525605,-2.8547986,-2.8547988,-2.6535172,-3.0107296,-2.604744,-2.9694996,-3.1497047,-3.8221314,-3.482416,-3.4824166,-3.492703,-3.0931249,-3.4703999,-3.5457256,-3.3719108,-3.54382,-3.6063385,-3.606339,-3.623715,-3.6637256,-3.5249684,-3.6857734
O=c1[nH]cnc2nc[nH]c12 ,-2.296,-1.6027693,-2.1909075,-2.0625079,-2.0625079,-2.060791,-2.2296793,-2.0685527,-1.6773758,-2.500988,-0.9629638,-0.55166197,-0.5516625,-0.5660319,-0.6739027,-0.54424006,-0.8685127,-2.5547798,-1.4770848,-1.4021437,-1.4021437,-1.3911872,-1.3601042,-0.67593944,-0.8167251,-2.4949927,-0.69093007,-1.3562741,-1.3562768,-0.9209985,-1.0859809,-0.24336952,-0.78031695,-2.3802726,-1.7044445,-1.9616215,-1.9616215,-1.9535534,-1.9663353,-1.9740732,-0.9637803,-2.248524,-2.1889045,-2.251958,-2.2519581,-2.285189,-2.2249742,-2.1841123,-1.6905061,-2.031609,-0.87038016,-0.42861032,-0.42861032,-0.8778101,-0.39762405,-0.8199942,-0.6697162,-2.3400497,-1.231561,-1.112296,-1.1122963,-1.1344084,-0.9128934,-1.1208966,-1.2430093,-2.3034623,-2.2816703,-2.296679,-2.2966802,-2.3074284,-2.3443446,-2.48297,-2.412051
O=C1NC(=O)NC(=O)C1(CC=C)c1ccccc1,-2.369,-2.6734328,-3.5613363,-3.3961365,-3.3961365,-3.3944561,-3.660288,-3.3750427,-3.8261833,-2.332954,-2.7234693,-2.3447833,-2.3447833,-2.3043172,-2.3169959,-2.3244345,-2.829634,-2.603356,-3.9348905,-3.6404283,-3.640428,-3.6348422,-3.8556552,-2.4808483,-1.9385284,-2.6950538,-2.7456138,-2.8884706,-2.8884723,-2.5911472,-2.5391936,-1.8705418,-2.3635988,-2.52118,-3.1501474,-3.1393406,-3.1393406,-3.110053,-3.2218554,-3.0453162,-2.7024,-2.5467887,-3.1244385,-3.447505,-3.4475052,-3.2595327,-3.4344811,-3.3192613,-4.11584,-2.0419037,-2.0426967,-2.4138927,-2.4138932,-2.5494566,-2.5248325,-2.4404666,-2.693756,-2.3238783,-2.9056334,-2.7543836,-2.7543843,-2.783519,-1.6829456,-2.7213855,-3.4162304,-2.3231034,-2.3687334,-2.3756144,-2.375614,-2.3996763,-2.5165815,-2.350807,-2.4349618
Brc1ccc2ccccc2c1,-4.4,-4.153582,-2.622438,-2.6984031,-2.6984031,-2.7148974,-3.1559064,-2.7262197,-3.4218326,-4.2072577,-4.440094,-4.712713,-4.7127147,-4.6897244,-4.672783,-4.6960616,-4.4327664,-4.259248,-2.484304,-2.7558315,-2.7558312,-2.7538402,-2.5177948,-4.2744765,-4.263159,-4.109824,-4.65219,-4.581935,-4.5819364,-4.500803,-4.22152,-3.6589534,-4.195433,-4.6145253,-2.0640426,-2.3704886,-2.3704886,-2.3720555,-2.3317356,-2.355821,-4.2550426,-4.491682,-2.4951723,-2.5761666,-2.5761664,-2.614526,-2.5983324,-2.56115,-2.6875737,-4.4114337,-5.0913796,-4.27674,-4.276741,-5.376525,-4.4371862,-5.32544,-4.227932,-4.372915,-5.0320997,-4.951595,-4.951596,-4.9872985,-4.310127,-4.9405336,-5.1822324,-4.3150845,-4.164443,-4.2913527,-4.2913527,-4.2917027,-4.325576,-4.2118077,-4.327684
Cc1ccc(N)cc1,-1.21,-1.2827816,-2.0924177,-1.7924936,-1.7924935,-1.7986642,-1.9684845,-1.8064468,-1.6603174,-1.2218833,-1.5286181,-1.6242987,-1.6242983,-1.6113958,-1.675134,-1.5971396,-2.0085049,-1.0698621,-1.5144135,-1.6989999,-1.6989998,-1.6915379,-1.5483102,-1.1550207,-1.0261121,-1.3681644,-2.1926215,-2.402859,-2.402861,-2.0462577,-2.1542099,-1.310348,-1.6559347,-1.2267005,-2.296206,-2.0456967,-2.0456967,-2.1688015,-2.1966383,-2.2690208,-2.50543,-1.3274722,-2.7478416,-2.1612697,-2.1612697,-2.2430336,-2.13811,-2.349574,-1.8078009,-1.0882258,-1.2417117,-0.80485445,-0.8048545,-1.530099,-0.4994351,-1.4328198,-1.1272135,-1.4358393,-2.2244267,-1.9771767,-1.9771773,-1.988696,-1.317095,-1.9955636,-1.9055698,-1.2202631,-1.7924699,-1.5645903,-1.5645912,-1.5833638,-1.4807591,-1.8488983,-1.5554681
O=C1N(COC(=O)CCCCCC)C(=O)C(N1)(c2ccccc2)c3ccccc3,-6.301,-6.0273337,-6.4810147,-5.9406376,-5.940638,-5.9377093,-6.2441826,-5.951222,-5.3907075,-5.735592,-5.3170133,-4.7667327,-4.766734,-4.6598263,-5.146842,-4.785571,-5.392063,-6.2415686,-5.6137147,-5.7169027,-5.7169027,-5.8978515,-5.9932027,-6.48016,-5.2703934,-5.9751635,-5.442205,-5.363332,-5.363333,-5.3674917,-4.852672,-4.817342,-5.5776343,-6.2731347,-6.2455835,-5.9232817,-5.9232817,-5.8725457,-6.033821,-5.9555807,-4.5685825,-5.70462,-5.944675,-5.8574123,-5.857413,-5.9886084,-5.587426,-5.7579045,-5.4742084,-5.914213,-4.730141,-4.759152,-4.7591524,-4.773395,-5.03095,-4.705418,-5.516219,-5.7449245,-6.189979,-6.0032606,-6.0032606,-6.019342,-4.57337,-6.0068736,-6.711708,-6.052832,-6.1458087,-6.193428,-6.193424,-6.1958985,-6.454764,-6.406546,-6.282223
COCCCNc1nc(NC(C)C)nc(SC)n1,-2.928,-3.146274,-5.036041,-4.6126437,-4.6126432,-4.604882,-4.894628,-4.5812135,-4.005668,-3.3593907,-3.8658726,-3.5681543,-3.5681553,-3.5122914,-4.149653,-3.627395,-4.0593534,-3.408488,-4.429494,-4.3389506,-4.33895,-4.2534447,-4.2646694,-3.2320268,-2.8308306,-2.9067352,-2.6437187,-2.8844812,-2.884483,-2.645467,-2.669586,-1.8755093,-2.4403849,-3.3590012,-4.9089746,-4.676764,-4.676764,-4.650573,-4.784692,-4.6556773,-3.4402554,-3.606783,-4.562656,-4.7530437,-4.7530437,-4.401794,-4.7039475,-4.475015,-4.4641232,-2.8718657,-3.6168134,-4.30995,-4.30995,-4.048619,-4.2928004,-4.074115,-4.408496,-3.413863,-4.3659716,-3.9133396,-3.91334,-4.002093,-2.9999921,-3.9561167,-4.059662,-2.8230274,-2.9766612,-2.8977444,-2.897744,-2.9157531,-3.0636325,-3.1632268,-3.2080517
Fc1cccc(F)c1C(=O)NC(=O)Nc2cc(Cl)c(F)c(Cl)c2F ,-7.28,-6.2913923,-5.8570766,-5.598557,-5.598556,-5.611689,-6.075069,-5.6511874,-5.940677,-7.458738,-3.2624197,-4.724355,-4.724356,-4.8143826,-6.2338924,-4.3306513,-2.3202155,-7.4603806,-5.838197,-5.436725,-5.436725,-5.421311,-5.600232,-4.433456,-3.27658,-7.083121,-5.5000424,-6.4750786,-6.4750795,-6.299803,-5.6456494,-5.557385,-4.4597664,-7.2101784,-4.948553,-4.9859967,-4.9859977,-5.0326447,-5.308282,-5.1628633,-6.3881674,-7.220641,-5.294727,-5.0150433,-5.0150437,-5.1556544,-4.956244,-4.9749217,-4.1436667,-6.8154855,-4.5264897,-3.0561192,-3.0561192,-4.3565173,-3.332537,-4.492264,-3.5751183,-7.4007325,-2.1364884,-3.5968773,-3.5968773,-3.6002336,-1.9138279,-3.5051956,-3.3659112,-7.056372,-5.0477953,-5.493694,-5.4936914,-5.239473,-4.7023487,-5.8265443,-4.3932686
CC(=O)N,1.58,1.5751212,-1.5443169,-1.0470432,-1.0470431,-1.0328264,-1.0450706,-1.0371727,-0.65347254,1.2225738,0.035381358,0.9259332,0.9259329,0.9191093,0.5873308,0.9482065,-0.18207426,1.543947,-0.92936,-0.9344454,-0.9344454,-0.9274035,-0.87079597,-0.15043765,-0.35854903,0.8389222,-0.61611176,-0.85845035,-0.85845166,-0.33972684,-0.6326167,0.33658326,-0.44483262,1.6916354,-1.4009963,-0.76314265,-0.7631425,-0.7799633,-0.7290926,-0.77106535,0.017537676,1.7282336,-1.278326,-0.90699536,-0.9069954,-0.89197856,-0.857525,-0.9402437,-0.5561459,1.2829372,-0.064203694,0.82845324,0.8284532,0.09039662,0.8784689,0.15522519,0.21540245,1.4660267,0.14085805,0.26815653,0.26815644,0.27114892,0.5682187,0.27975067,0.20785607,1.5759966,-0.021305805,0.9081915,0.90819156,0.9483092,0.49658424,-0.11405074,0.19597405
CCN2c1ccccc1N(C)C(=S)c3cccnc23 ,-4.706,-4.293733,-3.8656077,-3.511763,-3.5117633,-3.503114,-3.8784504,-3.454939,-3.2923648,-5.0615034,-4.5075507,-5.1907134,-5.190714,-5.1362877,-5.5164933,-5.1820393,-4.6462812,-4.3529744,-4.723577,-4.6054306,-4.605431,-4.6315403,-4.732077,-4.3561487,-3.9422147,-4.590429,-5.5226355,-5.521472,-5.5214744,-5.366026,-4.898929,-4.6932874,-4.8509483,-5.0530405,-4.0508366,-4.218508,-4.218507,-4.1660657,-4.3389025,-4.149284,-3.252263,-3.9054992,-3.2445958,-3.7722101,-3.77221,-3.8752942,-3.7609558,-3.609797,-4.314873,-4.5240335,-2.4041712,-2.612686,-2.6126862,-2.563104,-2.490417,-2.5183778,-2.665516,-4.5338407,-5.511696,-5.3537393,-5.3537393,-5.3752904,-3.9298074,-5.4977536,-5.3216763,-4.623613,-4.581703,-4.6603203,-4.6603193,-4.672561,-4.848508,-4.7200418,-4.7118683
COc1ccc(cc1)N(=O)=O,-2.41,-2.5183406,-2.493484,-2.4693863,-2.4693866,-2.482463,-2.8387501,-2.4943824,-2.9466453,-2.2982388,-1.6170084,-1.292751,-1.2927506,-1.2730367,-1.2600056,-1.3024065,-1.5535827,-2.4432478,-1.9344503,-2.0673177,-2.0673182,-2.0645356,-1.9504706,-1.7782767,-1.7697217,-2.5505576,-2.3059309,-2.5322564,-2.532259,-2.128792,-2.2056751,-1.4049001,-1.7787247,-2.2836149,-2.0800452,-2.121591,-2.1215909,-2.1742175,-2.2434158,-2.2274811,-2.251658,-2.576292,-3.0983765,-3.3439496,-3.3439496,-3.4397628,-3.2880304,-3.3484921,-4.229611,-2.8875976,-0.9910213,-1.6001778,-1.6001784,-1.7075022,-1.4318485,-1.6181808,-1.6166316,-2.392172,-2.185769,-1.9736894,-1.9736904,-2.03024,-1.2637726,-1.9650707,-2.3833148,-2.393439,-2.3037481,-2.3344574,-2.3344574,-2.343782,-2.3937764,-2.33213,-2.440197
CCCCCCCCCCCCCCCO,-6.35,-6.8092437,-5.0087814,-4.825297,-4.825297,-4.8240895,-5.3078876,-4.8235,-4.558017,-6.479638,-4.5473676,-6.7158136,-6.715814,-6.6295342,-7.2293897,-6.7115674,-5.974182,-6.7469773,-4.7222605,-4.9071693,-4.9071693,-5.2305274,-4.607518,-5.946476,-5.1840487,-6.6336403,-6.337249,-6.2846565,-6.2846575,-6.4417963,-5.729905,-5.756985,-6.7813854,-6.57678,-4.9569097,-4.8253345,-4.825335,-4.8499,-5.1796865,-4.6584377,-5.386079,-5.529921,-5.8022456,-5.461368,-5.4613686,-5.4343753,-5.5458956,-5.2633796,-5.4168696,-6.263942,-6.1318903,-5.812069,-5.8120685,-6.743995,-5.9075103,-6.628325,-6.3114467,-6.4590683,-5.5770206,-5.884521,-5.884521,-5.8702655,-4.366459,-5.77098,-6.1163807,-6.1168756,-6.192129,-6.31156,-6.3115587,-6.33515,-6.6474137,-6.386387,-6.4369216
CCc1ccccn1,0.51,-1.3407682,-2.1204796,-1.5788411,-1.5788412,-1.5810511,-1.7020491,-1.5931017,-1.444879,-1.3502233,-1.8167604,-1.671852,-1.6718514,-1.654424,-1.7156678,-1.6631408,-1.8512785,-0.032309216,-1.61461,-1.8086804,-1.8086805,-1.7996964,-1.6977612,-1.8341105,-1.6662651,-0.8977973,-2.2883692,-2.4112566,-2.4112592,-2.002996,-2.1311548,-1.2624137,-1.6294321,0.045982074,-1.855653,-1.4845574,-1.4845579,-1.5273423,-1.5280957,-1.5298287,-0.93352336,-0.101812854,-2.2190561,-2.2107377,-2.2107377,-2.2288601,-2.2013202,-2.1647444,-1.7940798,0.039969146,-2.0935767,-0.8988196,-0.8988198,-2.0303934,-0.78330404,-1.9567926,-1.4172239,-0.30811396,-1.9194996,-1.7687743,-1.7687743,-1.8321468,-1.2451922,-1.7850531,-1.7534263,0.5358859,0.65634954,0.52233505,0.5223352,0.5053268,0.5567666,0.8283424,0.19977789
COC(=O)c1cccnc1 ,-0.46,-1.9287522,-2.3429766,-2.186765,-2.186765,-2.195834,-2.4604099,-2.206785,-2.427542,-0.8816023,-1.4235259,-0.4474774,-0.44747764,-0.41466704,-0.6883485,-0.4408817,-1.3057733,-0.8821284,-1.5848097,-1.6725166,-1.6725166,-1.6686194,-1.5407327,-1.1290016,-1.0734745,-0.656822,-1.7780894,-2.04069,-2.0406914,-1.5206637,-1.757398,-0.8559997,-1.4313002,-0.8785573,-2.0608292,-2.282341,-2.2823412,-2.336605,-2.2972054,-2.4151003,-1.7886639,-0.47952956,-3.2266912,-3.5458088,-3.5458093,-3.622998,-3.4232218,-3.2221327,-1.8384632,-0.8028406,-1.3062986,-1.4444387,-1.4444395,-1.97449,-1.3828149,-1.8929063,-1.6391765,-0.7400165,-1.6154346,-1.5083385,-1.5083381,-1.5308644,-0.7880077,-1.5444992,-1.7363908,-0.45462713,-0.36278355,-0.43787786,-0.43787748,-0.43827564,-0.36921477,-0.2934054,-0.34710458
CCCCCC=C,-3.73,-2.5517855,-2.2183297,-1.9051358,-1.9051355,-1.8982162,-2.2126193,-1.8549234,-2.1008704,-3.6131573,-1.7553295,-2.649632,-2.6496322,-2.6289299,-2.4685817,-2.6188724,-2.260283,-3.7624345,-1.8378543,-2.0234926,-2.0234926,-2.0152972,-1.8697346,-2.7283282,-2.3886442,-3.2456474,-2.6674724,-2.8582513,-2.8582532,-2.8269236,-2.5631716,-1.9059476,-2.3267329,-3.7373245,-2.1576486,-1.9851258,-1.9851255,-2.0310602,-2.0607955,-1.9636424,-1.7774354,-2.801034,-2.768685,-2.7885046,-2.7885046,-2.7165692,-2.7997153,-2.6331096,-3.2902887,-3.590868,-3.8423092,-3.3670082,-3.3670087,-4.158462,-3.4275897,-4.108148,-3.5347784,-3.6850212,-3.0477157,-2.9238348,-2.9238353,-2.9559164,-1.9863985,-2.910718,-2.8818867,-3.6048741,-3.6046052,-3.606115,-3.6061146,-3.6143544,-3.7746162,-3.7177706,-3.7973096
CCC(C)(O)CC,-0.36,-0.9010242,-1.9950193,-1.6517043,-1.6517042,-1.6402959,-1.8934947,-1.5918922,-1.6537381,-0.8691456,-1.5339662,-1.677401,-1.6774012,-1.6732734,-1.8288611,-1.658817,-1.9635903,-0.29695284,-1.685189,-1.8424752,-1.8424752,-1.8323185,-1.729294,-1.5607812,-1.6217953,-0.49962968,-2.0559475,-2.1396487,-2.1396508,-1.8486193,-1.9020305,-1.0369928,-1.5005718,-0.626292,-1.8649396,-1.7054368,-1.7054367,-1.6825156,-1.7982304,-1.5618224,-1.5204661,-1.886309,-1.8626972,-1.8163787,-1.8163788,-1.80849,-1.8037107,-1.760005,-1.4343694,-0.57687074,-1.38633,-0.29796022,-0.2979601,-1.5436864,-0.076904655,-1.4874125,-0.9746937,-0.41823906,-1.538505,-1.387745,-1.3877455,-1.431765,-0.89428306,-1.3990922,-1.840351,-0.4489457,-0.5958472,-0.65970755,-0.65970725,-0.57153964,-0.74515074,-0.69630843,-0.81862384
CCCCCCCCC,-5.88,-4.410382,-2.8610263,-2.6690714,-2.6690714,-2.6699326,-3.0501022,-2.646089,-2.7339091,-5.261492,-2.7926302,-4.11828,-4.118281,-4.0435233,-4.273259,-4.1236672,-2.9737504,-5.8438663,-2.8004196,-3.0126727,-3.0126727,-3.0117319,-2.7605603,-4.7437234,-4.0866966,-5.3980174,-4.521033,-4.4788,-4.4788013,-4.6499357,-4.2652173,-3.871832,-4.3348584,-6.0698857,-2.8111243,-2.7060685,-2.7060683,-2.7035763,-2.8398166,-2.7249186,-2.506628,-4.7164617,-3.632547,-3.6700916,-3.6700912,-3.2131565,-3.7210863,-3.2838678,-4.1594224,-5.681357,-4.596864,-5.3921394,-5.392139,-5.542263,-5.2473917,-5.6958013,-5.3906837,-5.8396263,-4.2567315,-4.3788633,-4.3788633,-4.4174056,-3.1010175,-4.378292,-4.498386,-5.747819,-5.1363344,-5.517872,-5.517871,-5.9069552,-6.2403703,-5.990663,-5.5166254
c1c(Br)ccc2ccccc12 ,-4.4,-4.153592,-2.6224387,-2.698403,-2.6984031,-2.7148974,-3.1559062,-2.7262197,-3.4218295,-4.2072577,-4.440094,-4.712713,-4.7127147,-4.6897244,-4.672783,-4.6960616,-4.4327664,-4.259218,-2.4842992,-2.755824,-2.755824,-2.7538326,-2.5177882,-4.274456,-4.26313,-4.1098237,-4.6522126,-4.581951,-4.581953,-4.500826,-4.2215424,-3.6589766,-4.195493,-4.6145234,-2.0640435,-2.3704896,-2.3704896,-2.372056,-2.331736,-2.355822,-4.2550426,-4.491682,-2.4951723,-2.5761666,-2.5761664,-2.6145263,-2.5983324,-2.56115,-2.6875737,-4.4114327,-5.0913787,-4.276741,-4.276742,-5.376524,-4.4371867,-5.325439,-4.227932,-4.3839445,-5.018514,-4.9331264,-4.933127,-4.968839,-4.291948,-4.92262,-5.1859126,-4.3150845,-4.164443,-4.2913527,-4.2913527,-4.2917027,-4.325576,-4.2118077,-4.327684
OCC(NC(=O)C(Cl)Cl)C(O)c1ccc(cc1)N(=O)=O,-2.111,-3.476036,-4.8662457,-4.569817,-4.5698175,-4.558893,-4.9441113,-4.5703006,-5.241109,-2.559614,-3.057097,-3.626588,-3.6265883,-3.476024,-3.8624241,-3.4401162,-3.4731317,-2.1744175,-4.42133,-3.8662484,-3.8662484,-3.9548883,-4.3301907,-2.3956752,-1.8738304,-2.249086,-2.8701794,-2.7509997,-2.7510016,-2.2195883,-2.5121975,-1.6941712,-2.5820997,-2.3123775,-3.92207,-4.033179,-4.033179,-4.0015926,-4.215809,-3.9518168,-4.712555,-2.7534893,-4.2717023,-4.325487,-4.3254867,-3.7209857,-4.3188963,-3.7206953,-4.8937764,-2.1446528,-2.3962638,-2.382995,-2.3829951,-2.812212,-2.2595437,-2.730126,-2.4767725,-2.083946,-3.1770751,-3.4908044,-3.4908042,-3.508524,-1.967266,-3.3220558,-4.026427,-2.0890508,-2.493917,-1.9945441,-1.9945434,-1.9909054,-2.135961,-1.9585606,-2.9507916
Clc1ccccc1N(=O)=O,-2.55,-2.0337257,-2.494106,-2.4221156,-2.4221153,-2.4188168,-2.631612,-2.4245555,-2.449621,-2.1531687,-1.2763698,-2.0228028,-2.0228033,-2.0333285,-1.9369375,-2.0014875,-1.6114058,-2.604097,-1.8781656,-2.091518,-2.0915177,-2.0889997,-2.0373027,-2.410495,-2.3665607,-2.5297763,-2.9365697,-3.1127799,-3.112781,-2.8062217,-2.797718,-2.0311136,-2.47702,-2.493131,-1.8515197,-1.494897,-1.4948971,-1.5029662,-1.6523975,-1.4235379,-1.4416393,-2.689425,-2.0602133,-2.0127726,-2.0127723,-2.0315535,-2.0215125,-2.0017366,-1.6940688,-2.5730875,-1.5870966,-2.3747697,-2.3747697,-2.444622,-2.5758023,-2.387454,-2.698202,-2.4543293,-2.3523889,-2.9539793,-2.953979,-3.0138056,-2.1764398,-2.8725376,-2.439703,-2.569148,-2.3184853,-2.5848477,-2.5848467,-2.555979,-2.5862815,-2.128975,-2.7690008
COc1ccc(C=CC)cc1,-3.13,-2.6980188,-2.7363362,-2.6610007,-2.6610007,-2.6690118,-3.0565403,-2.6613655,-2.7414227,-2.9976726,-3.4880323,-2.9111843,-2.9111845,-2.7329237,-3.0819516,-2.874387,-3.0334024,-2.8139572,-2.2186098,-2.3100007,-2.3100007,-2.3047965,-2.183599,-2.224804,-2.100817,-2.532735,-2.5255291,-2.716554,-2.7165554,-2.4128416,-2.418213,-1.6461887,-2.0967093,-3.3829913,-2.3899083,-2.213542,-2.213542,-2.287194,-2.4064324,-2.3454013,-1.9727974,-3.0696886,-4.0420547,-4.1291685,-4.1291685,-3.6121001,-4.145382,-3.778315,-4.7106614,-3.5832314,-1.960362,-2.756297,-2.7562976,-2.5312781,-2.624501,-2.4615235,-2.706863,-3.148478,-3.542881,-3.1340017,-3.1340022,-3.1971579,-2.20537,-3.1421552,-3.3744035,-3.1464925,-2.9969592,-3.0243618,-3.0243611,-3.03585,-3.0883722,-3.105624,-3.1366973
O=C1NC(=O)NC(=O)C1(CC)CCC(C)C,-2.658,-2.7207,-3.5944636,-3.3964217,-3.3964214,-3.3970294,-3.6771758,-3.3877406,-3.609176,-2.6692166,-1.8707734,-1.4241081,-1.4241081,-1.3941227,-1.5527408,-1.4195948,-1.8338974,-2.4603117,-4.0259495,-3.882888,-3.8828876,-3.8812568,-3.9257011,-3.3380153,-2.7277203,-2.2282748,-3.763574,-3.5908978,-3.5908997,-3.450171,-3.2610965,-2.722777,-3.2538028,-2.7007804,-3.390585,-3.260104,-3.260104,-3.2493854,-3.3680565,-3.2161968,-2.6304588,-2.4779613,-3.1246393,-3.5292497,-3.5292492,-3.5872536,-3.508667,-3.3404627,-4.257525,-2.2807171,-2.1272867,-2.6224785,-2.6224785,-2.682078,-2.7549078,-2.5736487,-2.8435404,-2.3583558,-2.1793623,-2.0560594,-2.0560594,-2.1064782,-1.1615236,-2.0732996,-2.8052375,-2.5063763,-2.601007,-2.5999544,-2.5999541,-2.6136262,-2.621216,-2.5155072,-2.6744118
OC(Cn1cncn1)(Cn2cncn2)c3ccc(F)cc3F ,-1.8,-3.9198413,-4.3822074,-4.0388203,-4.0388203,-4.035361,-4.346399,-4.028621,-4.294664,-1.9309514,-2.3492436,-2.5255973,-2.5255978,-2.4648998,-2.650433,-2.4049866,-2.4459946,-2.0683186,-4.294633,-3.7928622,-3.792862,-3.7801597,-4.1316323,-2.6947544,-1.9047426,-1.7185549,-3.2238364,-3.4071112,-3.4071128,-3.150085,-3.0430155,-2.5400143,-1.9719042,-2.0157373,-3.7191515,-3.7648904,-3.7648907,-3.7358646,-3.871708,-3.7073414,-3.3093088,-2.8179631,-3.7330284,-4.237554,-4.2375536,-4.0896845,-4.2063394,-3.7424397,-5.1257825,-1.7669029,-2.3034756,-2.8800185,-2.8800187,-2.6392517,-2.6499932,-2.5994587,-3.0580401,-1.6346222,-2.506836,-2.8718054,-2.8718047,-2.909895,-1.3979533,-2.775344,-2.8677108,-1.7069708,-1.8111963,-1.8447012,-1.8446987,-1.86705,-2.0026832,-2.0731263,-1.588125
CC12CC2(C)C(=O)N(C1=O)c3cc(Cl)cc(Cl)c3,-4.8,-4.9627542,-4.2637854,-3.9674897,-3.9674897,-3.9667437,-4.256058,-3.989026,-4.3610635,-4.869027,-3.9598212,-3.9688597,-3.9688601,-3.9562666,-3.9259202,-4.013636,-3.4889612,-4.759225,-4.6637115,-4.523121,-4.5231204,-4.505725,-4.582869,-4.2027044,-3.7111187,-4.8111944,-4.9798517,-4.84293,-4.8429313,-4.9640017,-4.602756,-4.072669,-4.4942074,-5.064721,-3.8025851,-4.0618896,-4.0618896,-4.102295,-4.2043095,-4.2426267,-5.3375053,-4.7929235,-3.0527751,-2.577416,-2.577416,-2.61683,-2.6941977,-2.8596325,-2.4865413,-5.146326,-3.4244974,-3.5711346,-3.571134,-3.742669,-3.5154965,-3.6806612,-3.8354666,-4.429506,-3.9789522,-4.0105815,-4.010581,-4.0503063,-2.8894,-3.9502974,-4.423733,-4.6819396,-5.18531,-5.5772696,-5.5772667,-5.701239,-5.744369,-6.097773,-5.6513205
CCc1cccc(CC)c1N(COC)C(=O)CCl ,-3.26,-3.1379213,-4.148638,-4.229292,-4.2292924,-4.2230754,-4.596669,-4.1897635,-4.732745,-3.4720948,-2.8569353,-2.701091,-2.7010913,-2.6898923,-2.9509768,-2.6738648,-2.274653,-3.3060842,-4.1124825,-3.8364415,-3.836441,-3.8247638,-4.009485,-3.0945075,-2.706801,-2.7797296,-3.4757159,-3.493593,-3.4935951,-3.1339443,-3.0470839,-2.4817595,-2.854552,-3.4254527,-4.069783,-4.090885,-4.090885,-4.003719,-4.3795547,-3.8066714,-3.2587566,-3.501017,-2.9844215,-3.4056578,-3.4056575,-3.4791288,-3.4128602,-3.2438257,-4.006736,-2.7338986,-2.9426467,-2.731729,-2.7317297,-3.1675377,-2.5149252,-3.1054258,-2.912322,-3.0737808,-3.8135571,-3.663772,-3.663772,-3.6779404,-2.5149431,-3.7703931,-3.952283,-3.212722,-3.266119,-3.4825234,-3.4825225,-3.4056726,-3.6645489,-3.7038805,-4.064585
ClC1=C(Cl)C(Cl)(C(=C1Cl)Cl)C2(Cl)C(=C(Cl)C(=C2Cl)Cl)Cl,-7.278,-8.180504,-5.5614758,-5.8459163,-5.845916,-5.8555675,-6.232119,-5.967938,-8.215643,-7.498426,-8.781304,-7.4082675,-7.4082656,-7.3853917,-7.088616,-7.312943,-7.243362,-7.2862954,-8.019529,-8.464097,-8.464097,-8.451857,-8.0148945,-7.6447005,-7.311151,-7.109626,-6.866518,-7.163534,-7.163535,-7.577687,-6.8691278,-6.616134,-7.187534,-7.441545,-5.55135,-6.821342,-6.8213425,-6.8184495,-7.5374265,-6.5391026,-7.333714,-7.2763886,-3.2870963,-3.8909123,-3.8909118,-4.0370984,-3.8244874,-3.8332667,-5.0322924,-7.286517,-4.2669554,-6.9277263,-6.927726,-4.567628,-6.731664,-4.672761,-6.9743433,-7.264689,-8.509835,-8.435192,-8.435192,-8.454259,-6.942146,-8.301962,-8.070195,-7.102436,-7.1222796,-7.2693853,-7.269384,-7.2985406,-7.3600526,-7.2747703,-7.1436267
Oc1cccc2ncccc12 ,-2.54,-2.5973778,-2.3690195,-2.2886446,-2.2886443,-2.2891157,-2.5081863,-2.297789,-2.3314612,-2.4263225,-2.382245,-1.956785,-1.9567845,-1.9525852,-2.075634,-1.937702,-2.481648,-2.292563,-1.7519419,-1.9635915,-1.9635912,-1.9585046,-1.8077801,-1.3779156,-1.3736246,-2.2919965,-3.1819785,-3.385204,-3.3852062,-2.9920495,-2.9632828,-2.2657356,-2.3209643,-2.722241,-1.833441,-2.1720676,-2.1720679,-2.125177,-2.2104979,-2.0792916,-1.9812071,-2.0741625,-2.2617717,-2.27775,-2.2777498,-2.2951138,-2.3062336,-2.2378001,-2.1616428,-2.5830555,-1.0183026,-1.5800983,-1.5800982,-1.8799337,-1.3135625,-1.7946213,-1.655487,-2.4446871,-2.1548913,-2.180899,-2.1808991,-2.2190685,-1.8431911,-2.1934283,-2.1640427,-2.566337,-1.9562659,-1.6260499,-1.6260502,-1.5887126,-1.6733708,-1.4751669,-2.3113997
c1(O)cc(O)ccc1CCCCCC,-2.59,-2.982183,-3.5617583,-3.3758156,-3.3758159,-3.3674545,-3.7693095,-3.3280597,-3.4321551,-3.0138323,-3.3466606,-2.7514284,-2.7514293,-2.787807,-3.1884074,-2.7879708,-3.0963204,-2.5359788,-3.5358021,-3.56147,-3.5614705,-3.5352056,-3.3843265,-3.214363,-2.9680753,-2.7283554,-3.9879048,-3.742717,-3.7427185,-3.49014,-3.293366,-2.8298721,-3.24544,-2.8351388,-3.2671046,-3.1675174,-3.1675174,-3.1915882,-3.4099772,-3.0020812,-3.113197,-3.4215007,-4.2655387,-4.204149,-4.2041483,-4.061625,-4.225384,-4.23992,-4.667741,-2.6051316,-2.1856163,-3.0495486,-3.049549,-3.3821325,-3.171773,-3.3139706,-3.0128422,-2.7528543,-3.4158685,-3.1008306,-3.1008306,-3.066689,-2.1561623,-3.084559,-3.5428777,-2.4708655,-2.564763,-2.5395052,-2.5395052,-2.5555174,-2.698973,-2.6493042,-2.5573354
c2ccc1NCCc1c2 ,-1.04,-1.4477854,-2.116175,-1.7386953,-1.7386954,-1.737044,-1.8501313,-1.7459606,-1.6738468,-1.3818532,-2.231835,-2.2138395,-2.2138402,-2.2108762,-2.364233,-2.2071838,-2.0079722,-0.7551776,-1.5248692,-1.6771553,-1.6771551,-1.6684704,-1.568574,-1.6349115,-1.6061927,-1.5892469,-2.6130724,-2.7152877,-2.7152905,-2.448928,-2.4688816,-1.6823468,-2.1916578,-1.1703104,-1.7338966,-1.8607385,-1.8607388,-1.8345267,-1.8761493,-1.8102539,-1.2973053,-0.9483511,-2.0414362,-1.9296762,-1.9296758,-1.9361073,-1.9601701,-1.9282058,-1.6184582,-1.2022374,-1.3964666,-0.5008098,-0.5008098,-1.5347823,-0.24903071,-1.452036,-1.0001673,-1.2049656,-3.224509,-2.8743434,-2.8743432,-2.8738925,-2.3227732,-2.8706157,-2.415154,-0.75990033,-0.9381703,-0.73073494,-0.7307352,-0.73554206,-0.848869,-1.019284,-0.38478377
Clc1ccccc1C2=NCC(=O)Nc3ccc(cc23)N(=O)=O,-3.499,-3.6605308,-5.143611,-4.7917714,-4.7917705,-4.7855935,-5.075625,-4.781585,-4.2544103,-3.560669,-3.2237222,-4.232454,-4.2324533,-4.198299,-4.1196437,-4.185911,-3.881051,-3.6255584,-5.083929,-5.060223,-5.060223,-5.0529265,-5.1511054,-4.4670796,-3.7615826,-3.6814408,-4.8016763,-4.8662395,-4.866241,-4.6572695,-4.392242,-3.9559672,-3.7868385,-3.6649966,-4.090053,-4.06664,-4.06664,-4.0036893,-4.2734203,-3.9463246,-3.1094964,-3.4603057,-3.127012,-2.8609896,-2.8609896,-2.9189098,-2.9291694,-3.0550275,-2.9793131,-3.5464065,-3.3533027,-3.8683922,-3.8683925,-3.9795723,-3.7670996,-3.90029,-4.3001385,-3.3005242,-4.453584,-4.579907,-4.5799074,-4.6524076,-3.0983906,-4.4407206,-4.7915797,-3.3782926,-3.4715462,-3.4604864,-3.4604874,-3.469275,-3.615987,-3.6121197,-3.4690032
Cc1cc(=O)n(c2ccccc2)n1C,0.715,-0.027106062,-2.9878106,-2.5751233,-2.5751235,-2.5767553,-2.785158,-2.5937274,-2.4311848,-0.7243414,-3.0462866,-2.7559638,-2.7559645,-2.716884,-2.9160218,-2.7550242,-3.239175,1.2580304,-2.9985921,-2.9568768,-2.9568768,-2.9385207,-2.9174352,-2.3301072,-2.1081936,-0.20275465,-3.332249,-3.3380625,-3.3380637,-3.083594,-2.9216475,-2.353622,-2.3147786,0.6438617,-2.673936,-2.7024379,-2.7024379,-2.7420347,-2.8464248,-2.789127,-2.3825316,0.42900935,-2.990809,-2.7978811,-2.797881,-2.841411,-2.8410103,-2.925106,-3.0162163,0.08581159,-3.0639408,-2.426788,-2.426788,-3.3352392,-2.3175576,-3.2817183,-2.7240784,0.41581517,-3.5480766,-3.2872555,-3.2872558,-3.346828,-2.3676653,-3.3094263,-3.8013146,0.79392207,0.22635378,0.5831394,0.5831404,0.56365556,0.5804168,0.15811677,0.17247237
Clc1ccc(c(Cl)c1)c2c(Cl)c(Cl)c(Cl)c(Cl)c2Cl,-7.92,-8.052967,-4.8089166,-4.690431,-4.690431,-4.6898785,-5.0406976,-4.7145286,-6.9329495,-8.456358,-7.9274564,-8.26778,-8.267779,-8.19396,-8.034952,-8.328827,-8.545546,-8.114209,-8.379646,-9.387992,-9.387994,-9.399275,-9.48486,-8.536046,-8.283893,-8.610379,-8.567544,-8.963076,-8.963077,-8.928273,-8.537756,-8.4473915,-8.642588,-8.064616,-4.4082603,-4.7754383,-4.775439,-4.8320994,-4.9213295,-5.273751,-7.586751,-8.141275,-3.9580963,-4.5710278,-4.571028,-4.749718,-4.4394245,-4.446616,-5.826186,-8.137198,-5.381683,-8.373788,-8.373788,-6.1737556,-8.422875,-6.101295,-8.135907,-7.9545302,-8.665869,-8.473889,-8.47389,-8.484866,-7.189362,-8.454288,-8.676053,-7.722491,-8.737019,-8.673321,-8.673323,-8.675992,-8.961668,-8.744898,-8.481336
CCOP(=S)(OCC)Oc2ccc1oc(=O)c(Cl)c(C)c1c2,-5.382000000000001,-4.7501426,-5.398819,-5.0893583,-5.0893583,-5.094436,-5.468435,-5.086498,-5.3047595,-5.297275,-4.8329854,-4.1772857,-4.1772866,-4.1629467,-4.5514126,-4.1740775,-4.1656275,-5.6308374,-5.3049593,-5.254841,-5.2548413,-5.147706,-5.237501,-4.6691904,-4.3308034,-5.223436,-6.586004,-6.220828,-6.22083,-6.149948,-5.7438855,-5.5259476,-5.010724,-5.484263,-5.0507097,-4.807394,-4.8073936,-4.7982945,-4.9897194,-4.9537597,-4.241956,-4.7276163,-4.5688777,-5.0390215,-5.039022,-5.1782107,-4.917187,-4.8409867,-4.6659436,-5.2877374,-4.1765857,-4.473718,-4.473718,-4.8477044,-4.3789887,-4.7683845,-4.86972,-5.204369,-4.864088,-4.530812,-4.5308123,-4.581131,-3.3729634,-4.6467886,-4.9895735,-5.206421,-5.381875,-5.356318,-5.3563166,-5.394668,-5.5282288,-5.8414035,-5.3429236
CCCCCC(C)O,-1.55,-2.5694842,-2.449008,-2.1325095,-2.1325092,-2.1329963,-2.438534,-2.1112144,-2.2923365,-1.9551315,-1.609673,-2.183899,-2.183899,-2.1612155,-2.1201591,-2.1799562,-2.0306528,-1.5100975,-2.0405948,-2.180626,-2.180626,-2.1774244,-2.021512,-2.1590297,-2.0217583,-1.6039,-2.9580717,-3.0056217,-3.0056233,-2.827462,-2.677464,-2.0354877,-2.2609224,-1.9272487,-2.3437843,-2.19211,-2.19211,-2.238008,-2.310036,-2.2201579,-1.9666383,-2.008638,-2.777466,-2.5163949,-2.516395,-2.3368556,-2.5479987,-2.4071858,-2.5621786,-1.6309941,-2.1943085,-1.3509334,-1.3509338,-2.447036,-1.0067344,-2.38051,-1.7599804,-1.5602223,-2.1519833,-1.9963866,-1.9963869,-1.9231528,-1.1337928,-1.9307483,-2.3516376,-1.5852246,-1.6858159,-1.6271025,-1.6271019,-1.6092842,-1.7881116,-1.6623933,-1.6966431
CCCC(=O)CC,-0.83,-1.5702654,-2.131909,-1.6871916,-1.6871916,-1.6923394,-1.8901911,-1.6936313,-1.7460024,-1.4106784,-1.1329235,-1.3028314,-1.3028319,-1.2919003,-1.2813882,-1.2741323,-1.57673,-0.45492238,-1.8143805,-1.96348,-1.96348,-1.9538008,-1.8772272,-2.0778842,-2.0631983,-1.1105669,-1.6238562,-1.8593323,-1.859335,-1.49115,-1.5570312,-0.68672734,-1.238207,-0.85838425,-2.2320504,-2.2089343,-2.2089343,-2.265471,-2.3532376,-2.1888318,-1.6445633,-0.87502754,-2.474003,-2.4821935,-2.4821935,-2.5177376,-2.4555788,-2.4853704,-2.2919838,-1.2334276,-1.6752654,-0.7545164,-0.7545165,-1.6426475,-0.86042255,-1.6775681,-1.1951166,-0.90404147,-1.8146217,-1.6035265,-1.6035267,-1.6335298,-1.0657978,-1.6139207,-2.096974,-0.83653057,-0.61388797,-0.8252654,-0.82526505,-0.7785905,-0.69955647,-0.68179166,-0.8943216
CC34CCC1C(CCC2CC(O)CCC12C)C3CCC4=O,-4.16,-4.2319674,-4.0336995,-3.6842368,-3.684237,-3.6914794,-4.036963,-3.6819587,-3.9620352,-3.7500572,-3.773807,-4.2054987,-4.2054987,-4.1363454,-4.5086465,-4.2304554,-4.0594435,-3.9356556,-3.473114,-3.9594717,-3.9594712,-3.8995173,-3.6492715,-4.2485113,-3.9461482,-3.9160628,-5.6379004,-5.2813864,-5.2813873,-5.270899,-4.6043124,-5.002189,-4.5347023,-4.3482656,-3.8571315,-3.7588477,-3.7588477,-3.776019,-3.8790913,-3.8352206,-3.2610285,-4.4165688,-3.610357,-3.843799,-3.8437996,-3.6115632,-3.80078,-3.590094,-4.609942,-4.169694,-3.6101234,-3.672954,-3.6729546,-3.9478116,-3.5899732,-3.8770676,-3.7274866,-4.1438904,-5.354002,-5.317931,-5.3179317,-5.3370075,-3.7991848,-5.451608,-5.0823264,-4.0512915,-4.2420864,-4.223864,-4.223863,-4.241861,-4.2559953,-4.2120786,-4.2833695
CCCCC(C)CC,-5.16,-3.32887,-2.4629683,-2.0257654,-2.0257657,-2.0223496,-2.2645454,-2.0049698,-2.1171894,-5.0499096,-1.7508062,-3.1350298,-3.1350296,-3.1275146,-2.9875867,-3.1092484,-2.4391837,-5.152606,-2.5060349,-2.710943,-2.7109427,-2.6970847,-2.5332797,-3.919055,-3.5715203,-4.7437696,-3.873798,-3.8614607,-3.8614628,-3.9354632,-3.490661,-3.0087059,-3.6214123,-5.4189277,-2.2897224,-2.0989494,-2.0989494,-2.1272798,-2.1850405,-2.096987,-1.6644481,-3.3247917,-2.6873991,-2.7181876,-2.7181878,-2.524451,-2.7265575,-2.6494992,-2.9162815,-5.0578585,-4.181825,-4.3646646,-4.3646646,-4.521604,-4.857576,-4.5126786,-4.4513636,-4.9323816,-3.6761212,-3.6927903,-3.6927903,-3.7691946,-2.6233335,-3.7472024,-3.7452126,-5.1730256,-4.421565,-4.504679,-4.504679,-4.59946,-4.55919,-4.6989927,-4.602153
CCCCCOC(=O)CC,-1.28,-2.7029915,-2.9490952,-2.7602544,-2.7602544,-2.7599027,-3.1283958,-2.7389684,-2.6876836,-2.2741866,-2.549831,-2.3135061,-2.3135066,-2.2365422,-2.6240916,-2.3197703,-2.330506,-1.9263436,-2.5694382,-2.6602814,-2.6602814,-2.653684,-2.5220685,-2.8898473,-2.6615825,-2.2720814,-2.8664243,-2.965627,-2.9656286,-2.8311973,-2.686934,-1.9557968,-2.4500554,-2.1046095,-2.8181877,-2.7320378,-2.732038,-2.7666898,-2.9392796,-2.5873468,-2.492753,-2.1144643,-3.6076858,-3.331092,-3.3310921,-3.2415307,-3.304341,-3.3346014,-3.5727718,-1.8925946,-2.8536026,-2.534026,-2.5340266,-3.4096823,-2.0460055,-3.366807,-2.6506753,-1.8185492,-2.957647,-2.6414554,-2.6414554,-2.6547432,-1.8281916,-2.646535,-3.252134,-1.5042367,-1.6935536,-1.6782873,-1.6782868,-1.5912039,-1.8553827,-1.4332925,-1.878269
CCOC(=O)c1ccc(O)cc1,-2.35,-2.8506665,-2.8295941,-2.7469938,-2.7469938,-2.758834,-3.1162088,-2.7714248,-3.0294487,-2.5947938,-2.1987624,-1.2869433,-1.2869428,-1.2593688,-1.4499416,-1.289905,-1.785978,-2.4069903,-2.4692023,-2.5626667,-2.5626664,-2.5606804,-2.4407752,-2.1978903,-2.0625415,-1.9988657,-2.0787468,-2.1317613,-2.131762,-1.6445624,-1.9481981,-1.0106934,-1.5117885,-2.3386705,-2.5386815,-2.5975802,-2.5975804,-2.5895078,-2.6904824,-2.742489,-2.5653265,-2.80289,-3.6193712,-3.951137,-3.951137,-4.029231,-3.895905,-3.8108244,-4.6705384,-2.6067595,-1.4079192,-2.2233322,-2.2233324,-2.4992359,-2.2778423,-2.3998199,-2.2009072,-2.150135,-2.3796659,-2.0119572,-2.0119574,-1.9275421,-1.3149,-2.1518843,-2.41474,-2.3480513,-2.3147895,-2.382137,-2.3821368,-2.3818445,-2.428772,-2.46964,-2.388437
CCC(C)(C)CC,-4.23,-3.8155227,-1.8722047,-1.5080999,-1.5080998,-1.5019711,-1.8664242,-1.4694327,-1.8241144,-4.769081,-1.7864755,-2.505401,-2.5054004,-2.4924743,-2.5671065,-2.4872181,-2.384227,-4.4229784,-1.941469,-2.1826892,-2.1826892,-2.1709948,-2.037061,-3.144615,-3.06461,-4.038946,-3.051047,-3.111002,-3.1110039,-3.0320833,-2.8057027,-2.131707,-2.8189924,-4.2515078,-2.5179949,-2.5903952,-2.5903955,-2.1689506,-3.1332195,-1.7555087,-2.168314,-3.7053661,-1.8036066,-1.7543677,-1.7543678,-1.7571748,-1.7551023,-1.6976292,-1.5336931,-4.1926064,-3.738654,-3.2922573,-3.2922573,-3.521587,-3.5068355,-3.568589,-3.1559906,-4.3512807,-3.2561107,-3.2217417,-3.2217414,-3.2571826,-2.471096,-3.2320127,-3.2764938,-4.2508545,-3.5171962,-3.3380735,-3.3380737,-3.4259744,-3.485263,-3.6482399,-3.6897366
CC(C)CCO,-0.51,-1.2563632,-1.8230721,-1.243736,-1.243736,-1.2422874,-1.4129671,-1.2445773,-1.5138295,-0.5260647,-1.0461441,-0.9274926,-0.9274926,-0.9199563,-1.007373,-0.9010168,-1.4627174,-0.2974506,-1.3094393,-1.3668284,-1.3668286,-1.3573492,-1.2559179,-0.5390105,-0.5826831,-0.87624216,-1.6812611,-1.8235807,-1.8235829,-1.4587506,-1.5542165,-0.6586974,-1.2425662,-0.38058817,-1.6873101,-1.3324335,-1.3324335,-1.3527479,-1.398437,-1.2985991,-1.1818402,-0.52697724,-1.9773618,-1.7385138,-1.738514,-1.7485307,-1.7422245,-1.7624524,-1.3109385,-0.57014537,-1.0902984,0.006009479,0.0060092607,-1.3059512,0.2384085,-1.2403235,-0.7574068,-0.44038424,-1.0183752,-0.93550426,-0.9355043,-0.8330508,-0.42969963,-0.90806794,-1.2041957,-0.5190445,-0.9004234,-0.80769974,-0.80769956,-0.8020041,-0.82159024,-0.84386975,-0.4927779
CC34CC(O)C1(F)C(CCC2=CC(=O)CCC12C)C3CCC4(O)C(=O)CO ,-3.43,-4.0939927,-5.0470557,-4.675655,-4.6756554,-4.6803994,-5.024012,-4.6842694,-4.8139186,-3.6548183,-3.7761743,-2.9919553,-2.9919558,-2.9445457,-3.3363562,-3.0113225,-3.5379937,-3.6190617,-2.7023404,-3.1315043,-3.1315048,-3.1042104,-2.8738704,-3.603652,-3.1552947,-3.6512904,-4.2246556,-3.9331632,-3.9331653,-3.7057161,-3.6198392,-3.1558084,-3.8297591,-4.2615013,-4.4804106,-4.4188666,-4.418866,-4.4388437,-4.520493,-4.564939,-3.9736164,-3.945191,-4.7536044,-5.00054,-5.0005407,-4.8136706,-4.8131757,-4.693146,-5.103694,-3.9247031,-3.0577946,-3.4132,-3.4131997,-3.5515938,-3.4746053,-3.4872544,-3.6636755,-3.5660965,-4.069678,-3.690699,-3.6906998,-3.725906,-2.5796573,-3.6615517,-4.067486,-3.3399193,-3.3884969,-3.4197218,-3.4197202,-3.4630036,-3.6013675,-3.6870165,-3.2999406
CCCCC(O)CC,-1.47,-2.7308745,-2.390812,-1.9715081,-1.9715083,-1.9641947,-2.2260659,-1.9263598,-2.1155176,-1.9141651,-1.54508,-2.1834717,-2.1834717,-2.1672952,-2.1097364,-2.158135,-2.0500798,-1.4854114,-2.034736,-2.132888,-2.1328883,-2.1322956,-2.0034008,-1.8938296,-1.7861917,-1.8068769,-2.843489,-2.8688097,-2.8688111,-2.5842736,-2.5264535,-1.8214734,-2.2475846,-1.7371947,-2.298944,-2.1796443,-2.179644,-2.2153919,-2.2885902,-2.1567156,-1.7738485,-1.9384766,-2.8273427,-2.6553311,-2.6553311,-2.4508157,-2.6536443,-2.6673992,-3.0013552,-1.5457678,-2.0136592,-1.2380977,-1.2380978,-2.2382817,-0.9145902,-2.1977751,-1.6688843,-1.5045261,-2.2376328,-2.0491745,-2.0491748,-2.0376146,-1.1932379,-2.0620358,-2.414162,-1.4734727,-1.4669031,-1.5403186,-1.5403183,-1.5538485,-1.5754452,-1.5775502,-1.3897723
Clc1ccccc1Br,-3.19,-2.8325937,-2.3720145,-2.2782297,-2.2782295,-2.2784882,-2.4977767,-2.287393,-2.257934,-3.3405757,-2.915895,-2.769456,-2.7694566,-2.7676108,-2.7170777,-2.7600477,-3.051512,-3.0250196,-1.8401918,-1.9988157,-1.9988155,-1.992747,-1.859142,-2.9992602,-2.7712083,-2.9939036,-3.1897929,-3.2902625,-3.2902656,-2.9824297,-2.9839292,-2.1576872,-2.4843895,-3.3347778,-1.8825206,-2.0729182,-2.072918,-2.0072403,-2.1345437,-1.9563801,-2.755931,-3.2662277,-2.2674108,-2.349032,-2.3490314,-2.412323,-2.3556983,-2.441457,-2.638204,-3.3408344,-2.7668364,-2.9212227,-2.921223,-2.7611732,-3.1208534,-2.7225013,-2.991976,-3.1883953,-3.708639,-3.5344677,-3.5344677,-3.54748,-3.0742502,-3.5327659,-3.4109788,-3.4028249,-3.6292717,-3.5177007,-3.5177007,-3.5537114,-3.5374274,-3.6943266,-3.1028259
CN(C)C(=O)NC1CCCCCCC1,-2.218,-2.7570405,-3.3454292,-3.0315843,-3.0315843,-3.0389566,-3.3352518,-3.0480697,-3.008435,-2.6564772,-2.766725,-3.0201554,-3.0201557,-2.9820027,-3.2808285,-3.0214322,-2.7134972,-2.3519764,-3.367829,-3.3133776,-3.3133774,-3.3124835,-3.220136,-2.4098687,-2.2090893,-2.8613777,-3.1699092,-3.6060677,-3.6060696,-3.5848634,-3.2603452,-2.6148953,-3.6644304,-2.3658679,-3.1757164,-3.0948548,-3.0948548,-3.1382694,-3.2262058,-3.1957538,-2.9396873,-2.594295,-3.3269718,-2.811491,-2.8114915,-2.840276,-2.8768518,-3.052063,-2.7956235,-2.6503494,-3.7250032,-3.066597,-3.066597,-4.0971937,-2.8404782,-4.028201,-3.2806313,-2.6486006,-3.9842496,-4.038901,-4.0389013,-4.0750155,-2.9918296,-4.0837274,-4.572841,-2.269252,-2.1321237,-2.2290976,-2.2290978,-2.2693615,-2.1289346,-1.9470783,-2.0504262
CCCC(C)(C)CO,-1.52,-1.9823538,-2.0680664,-1.6035004,-1.6035004,-1.6008556,-1.9234676,-1.5784475,-2.0187378,-1.7684885,-1.3362538,-1.8355589,-1.8355585,-1.822894,-1.7241815,-1.8199002,-1.8836087,-1.323308,-1.9877843,-2.069512,-2.069512,-2.067343,-1.9989218,-1.4560654,-1.5672032,-1.9633017,-2.7657292,-2.8147647,-2.8147674,-2.7233076,-2.4731383,-1.8756475,-2.4822228,-1.6397886,-2.126541,-2.0313919,-2.031392,-2.046252,-2.1279385,-2.0202312,-1.6400532,-1.8041022,-2.0727947,-1.5908066,-1.5908066,-1.4841231,-1.6264675,-1.6553453,-1.3453072,-1.2498802,-1.7875327,-0.7968804,-0.7968808,-2.0046568,-0.570986,-1.9476309,-1.362902,-1.4141423,-1.5867352,-1.4320804,-1.4320806,-1.4386884,-0.723904,-1.4167032,-1.8308288,-1.403455,-1.3805718,-1.4633855,-1.4633852,-1.5438234,-1.385644,-1.3630179,-1.4426433
CNC(=O)C=C(C)OP(=O)(OC)OC,0.6509999999999999,-1.802028,-3.4592142,-3.1989143,-3.1989143,-3.1965501,-3.5194323,-3.167985,-3.2764058,0.44736475,-2.0310144,-0.6779265,-0.67792654,-0.64622194,-1.0388138,-0.61870015,-1.3047739,0.4461132,-3.0369868,-2.6686428,-2.6686428,-2.6745446,-2.7256396,-1.0969796,-0.8715718,0.6228534,-1.5280706,-1.9398667,-1.9398689,-1.4109623,-1.6336098,-0.67547673,-1.2426527,-0.23136473,-3.2636786,-3.0733795,-3.07338,-3.081203,-3.2140386,-2.9851656,-2.6264563,-1.8027884,-3.5949097,-3.728252,-3.7282517,-3.3214657,-3.7591722,-3.4653459,-4.0571337,0.9234562,-2.293494,-1.4330457,-1.4330459,-2.633183,-1.1632502,-2.607825,-1.3173795,0.39308113,-1.7662573,-1.509087,-1.5090868,-1.4879982,-0.8743272,-1.5129611,-2.3096573,0.46216846,0.5917191,0.6357591,0.63575995,0.6401118,0.56084347,0.59197193,0.62963974
COc1ccc(cc1)C(c2ccc(OC)cc2)C(Cl)(Cl)Cl,-6.89,-5.927413,-5.6240172,-5.137017,-5.137017,-5.1312366,-5.406503,-5.14385,-4.333021,-6.41818,-4.968987,-4.0485067,-4.0485077,-3.9902966,-4.4916725,-4.0341315,-4.3188095,-6.8911614,-4.5945587,-4.632962,-4.6329627,-4.5608873,-4.65595,-4.2896066,-3.806659,-6.2353473,-4.872331,-4.7033973,-4.7033987,-4.577364,-4.298065,-3.8819118,-4.454799,-7.016556,-5.1390457,-5.3074675,-5.307467,-5.2955327,-5.3845863,-5.498225,-5.6664014,-6.219571,-5.558581,-6.073941,-6.0739417,-6.3946853,-5.715593,-5.891388,-4.4635763,-6.671195,-2.7231846,-3.7595217,-3.759522,-3.5286994,-3.858516,-3.3887482,-3.752198,-6.604853,-5.872194,-5.4235725,-5.423574,-5.5112967,-4.1814456,-5.2562466,-6.1965456,-6.6502504,-5.2300806,-4.670924,-4.670924,-4.658028,-5.3795342,-4.744451,-5.8925805
CC34CCC1C(CCC2=CC(=O)CCC12O)C3CCC4(O)C#C,-4.57,-4.5415845,-4.3193345,-4.0161433,-4.016143,-4.02235,-4.3689566,-4.0183034,-4.4310093,-3.9282634,-4.15748,-3.934566,-3.934567,-3.8646243,-4.32549,-3.963352,-4.240367,-4.419666,-3.5450418,-3.9558387,-3.9558387,-3.9204373,-3.750085,-4.2259383,-3.792999,-3.7880719,-4.5662374,-4.3062706,-4.306273,-4.203492,-3.898637,-3.801498,-3.8571417,-4.817721,-3.974197,-3.9228876,-3.9228878,-3.9426737,-4.041666,-4.023623,-3.6193604,-4.287189,-4.4504523,-4.663028,-4.6630282,-4.219283,-4.533422,-4.1450706,-4.9651117,-4.5766935,-3.3076456,-3.7372916,-3.7372913,-3.82864,-3.7015405,-3.774734,-4.03776,-4.0635986,-4.750564,-4.54701,-4.547011,-4.58943,-3.2210057,-4.5707664,-4.9829626,-4.396461,-4.581895,-4.5170946,-4.5170946,-4.525492,-4.7259235,-4.780029,-4.5514307
CCCCCCc1ccccc1,-5.21,-3.384367,-3.2310328,-3.0010068,-3.0010068,-2.9986336,-3.3737123,-2.9756794,-3.0197866,-4.693503,-3.6941714,-4.385523,-4.3855233,-4.2717743,-4.7061133,-4.4281273,-3.716801,-5.1973505,-3.4757407,-3.6596665,-3.6596665,-3.6371238,-3.379378,-5.141767,-4.48686,-5.1618075,-4.7377877,-4.5145383,-4.51454,-4.5997486,-4.13549,-3.805587,-4.437886,-5.168641,-3.1268158,-3.0266478,-3.0266478,-3.0564783,-3.2163656,-3.1762495,-2.9737747,-3.9975822,-3.714564,-3.7640796,-3.7640796,-3.6250796,-3.7656524,-3.6714778,-4.318032,-5.4469995,-5.4709187,-5.7179766,-5.7179766,-6.4502397,-5.5323877,-6.6692796,-6.107983,-5.2086368,-4.711313,-4.6873784,-4.687379,-4.741242,-3.4610553,-4.694798,-4.649818,-5.2209635,-4.91549,-4.8729243,-4.872925,-4.856978,-4.962509,-4.988461,-5.119372
CC(C)C(C)O,-0.18,-0.94566184,-1.7732351,-1.2316127,-1.2316126,-1.211227,-1.4614327,-1.2044033,-1.403198,-0.61449516,-1.1654192,-1.124771,-1.1247711,-1.1216395,-1.2878298,-1.1042283,-1.6031219,-0.0380451,-1.3538746,-1.4471948,-1.4471948,-1.4387107,-1.3293512,-0.78616536,-0.78320473,-0.3019336,-1.7397913,-1.801073,-1.8010756,-1.3981885,-1.5462421,-0.62022173,-1.2598107,0.07821649,-1.6664969,-1.3912663,-1.3912665,-1.3871409,-1.4820642,-1.3048719,-1.1417099,-0.7721262,-1.7008032,-1.5872716,-1.5872718,-1.593419,-1.559865,-1.5483209,-1.1715561,-0.2332315,-0.9912621,0.09778579,0.097785644,-1.1571674,0.35969904,-1.0992159,-0.6690233,-0.12320489,-1.0526993,-0.9589228,-0.95892274,-0.8026405,-0.44442764,-0.9263115,-1.2267272,-0.30461237,-0.08147775,0.034251824,0.034251917,-0.03165892,0.011352222,-0.14308204,0.36956492
Oc1cccc2cccnc12 ,-2.42,-2.5440261,-2.3642612,-2.2854397,-2.2854397,-2.2856877,-2.5032449,-2.294359,-2.3041322,-2.304737,-2.3858643,-1.9262908,-1.9262905,-1.9209019,-2.0518556,-1.9117087,-2.4244256,-2.3337576,-1.7709466,-2.0092566,-2.0092564,-2.0035415,-1.823614,-1.5258205,-1.4832622,-2.2227013,-3.1657872,-3.3671489,-3.3671505,-2.9626138,-2.9431548,-2.2343414,-2.2041187,-2.7568572,-1.8654863,-2.2092795,-2.209279,-2.1616468,-2.2504992,-2.1170945,-1.9882475,-2.1472626,-2.3314874,-2.3917675,-2.3917675,-2.4137077,-2.392964,-2.3240154,-2.1840463,-2.7170086,-1.0027502,-1.6381195,-1.6381191,-1.8799373,-1.3794053,-1.7926087,-1.690147,-2.2785048,-1.827043,-1.8947434,-1.8947439,-1.9298933,-1.549407,-1.918569,-1.9052477,-2.4285884,-2.4862654,-2.4397488,-2.439749,-2.4432468,-2.525585,-2.2134652,-2.467798
CCCCCc1ccccc1,-4.64,-3.4480329,-2.9255586,-2.684879,-2.684879,-2.6724455,-3.0416567,-2.591434,-2.770392,-4.7000704,-3.2220945,-3.7901692,-3.7901688,-3.7297475,-3.9441404,-3.8501394,-3.2236085,-4.563033,-3.074931,-3.265762,-3.2657616,-3.254558,-3.0303876,-4.732181,-4.166822,-4.5040965,-4.2849154,-4.079301,-4.079303,-4.109109,-3.7660608,-3.2495475,-3.819171,-4.714627,-2.884018,-2.7911139,-2.791114,-2.7964,-3.04668,-3.0283444,-2.6918252,-4.6283393,-3.6375873,-3.8572714,-3.8572717,-3.405041,-3.8367043,-3.6379433,-4.7823186,-4.7907267,-4.9754877,-5.135943,-5.135943,-5.7584047,-4.3517885,-5.843058,-5.2785325,-4.3862886,-4.3524837,-4.272405,-4.272405,-4.3375964,-3.0959468,-4.32544,-4.2420945,-4.6207647,-4.836101,-4.7965765,-4.7965765,-4.8064632,-4.9795384,-4.7287583,-4.862562
ClC(Cl)C(Cl)(Cl)Cl,-2.6,-2.8504722,-1.9244651,-1.8161643,-1.8161644,-1.8056849,-2.2192852,-1.777284,-2.870334,-2.6611664,-3.0780807,-2.8179998,-2.8179994,-2.8135715,-2.8195276,-2.8201337,-3.393893,-2.7976618,-1.1437994,-1.1657213,-1.1657212,-1.1618034,-1.2704302,-1.8176868,-1.9827893,-2.4211776,-2.967696,-3.2896297,-3.289632,-3.1138644,-2.8513649,-2.192039,-2.3794365,-2.5984788,-2.8299751,-2.3677735,-2.3677733,-2.3922954,-2.2728002,-2.4450347,-2.4453206,-2.7972362,-1.4653662,-1.31907,-1.3190701,-1.327984,-1.3444302,-1.2634742,-1.7444737,-2.6854217,-1.8385924,-2.443905,-2.4439054,-2.5207698,-2.744144,-2.427996,-2.5702112,-2.4742954,-3.3201194,-3.030256,-3.030256,-3.044816,-2.7507489,-3.0599148,-2.8993008,-2.8704417,-2.246045,-2.571203,-2.5712032,-2.5592797,-2.4842207,-2.0604956,-2.574265
CCCCCCCCl,-4.0,-3.7929428,-2.6368012,-2.4121792,-2.412179,-2.4094393,-2.7629173,-2.3797119,-2.7879877,-3.2131906,-2.2372196,-2.8523111,-2.8523114,-2.816702,-2.7652464,-2.8513806,-2.3712797,-3.923448,-2.2492723,-2.5188005,-2.5188003,-2.52149,-2.3084257,-4.354088,-3.999419,-4.126751,-4.0239453,-3.8816361,-3.8816383,-3.9159286,-3.683053,-3.074463,-3.3731825,-4.0551205,-2.5078125,-2.4372096,-2.4372094,-2.496244,-2.5376005,-2.5222259,-2.634829,-3.4586182,-3.1961453,-2.9780085,-2.9780087,-2.7741442,-2.9863417,-2.7013443,-3.4148533,-3.7936943,-3.6522715,-3.8329382,-3.8329387,-3.985751,-4.118482,-4.0151076,-3.94726,-3.9179044,-3.8618898,-3.5251696,-3.52517,-3.6260498,-2.5823407,-3.5818305,-4.054539,-4.2521315,-4.460338,-4.505687,-4.5056868,-4.447028,-4.604489,-4.4109454,-4.64873
CCCCC=C,-3.23,-1.7520063,-1.9091897,-1.5032803,-1.5032803,-1.5100764,-1.7820754,-1.4925131,-1.7885249,-3.1683073,-1.324426,-2.023011,-2.023011,-2.0088935,-1.845582,-2.001603,-1.895358,-3.048965,-1.4870692,-1.6444622,-1.6444622,-1.6371235,-1.5189854,-1.8066899,-1.5516579,-2.6879144,-2.100277,-2.3178668,-2.3178692,-2.1332743,-2.0524158,-1.2734361,-1.7610741,-3.3330708,-1.9286436,-1.7037015,-1.7037014,-1.7577772,-1.7391591,-1.766582,-1.549606,-2.3180814,-2.1966097,-1.8349543,-1.8349543,-1.846229,-1.881863,-2.0299687,-1.8823556,-3.0878034,-3.4204254,-2.8427653,-2.8427656,-3.636043,-3.244429,-3.6842046,-2.9253879,-3.2039838,-2.2130902,-2.1637692,-2.1637695,-2.2117867,-1.4457101,-2.1564593,-2.1419835,-3.110025,-2.9251244,-2.8753514,-2.8753514,-2.859243,-3.0295968,-2.9338112,-2.9013765
Clc2ccc(Oc1ccc(cc1)N(=O)=O)c(Cl)c2,-5.46,-4.343584,-4.41037,-4.2878566,-4.287857,-4.3011622,-4.682854,-4.3317,-4.7985644,-5.5768104,-3.4319997,-4.5498548,-4.5498543,-4.4822497,-4.7768583,-4.6407204,-4.2909274,-5.5432963,-4.773572,-4.84248,-4.84248,-4.847838,-4.6446996,-5.776342,-5.264295,-4.7235403,-5.562676,-5.5377946,-5.537797,-5.220777,-4.999643,-4.5602584,-5.0050917,-5.526136,-3.6411676,-3.5978286,-3.597829,-3.6712022,-3.8765628,-3.8085926,-5.301956,-5.521348,-4.6637917,-4.936599,-4.9365997,-5.182669,-4.7213817,-4.9546237,-5.1491356,-4.607329,-2.7282293,-2.8886847,-2.888685,-3.216212,-2.7889242,-3.104225,-3.1155949,-5.1385813,-4.4180417,-4.2706084,-4.2706084,-4.3749104,-3.028585,-4.1779356,-5.042464,-5.379729,-5.412432,-5.4618716,-5.4618692,-5.4543853,-5.5899534,-5.546993,-5.4766955
Clc1ccc(Cl)c(c1)c2ccc(Cl)c(Cl)c2,-7.25,-6.515222,-4.3541503,-4.168019,-4.168019,-4.1728954,-4.494423,-4.201579,-4.893694,-7.185725,-6.765013,-6.5130763,-6.513077,-6.453222,-6.445655,-6.5012274,-6.4329743,-7.251097,-4.8823195,-5.213292,-5.213292,-5.247274,-5.0373783,-7.1942687,-6.981897,-6.6687355,-6.516769,-6.444541,-6.444542,-6.374072,-6.003574,-5.6349835,-6.3091207,-7.4870653,-3.4050398,-3.5377698,-3.53777,-3.5839353,-3.6971776,-3.6632087,-5.485443,-7.6594176,-3.3365276,-3.2360613,-3.236061,-3.3196967,-3.2464619,-3.344635,-3.791721,-6.7003984,-5.6358676,-6.247419,-6.2474194,-6.42772,-6.469089,-6.384311,-6.775339,-7.2303796,-7.709615,-7.205882,-7.2058816,-7.251732,-6.1600657,-7.2367134,-7.720623,-7.1233954,-6.5576687,-6.880116,-6.8801155,-6.9600363,-7.347788,-7.073577,-7.0897517
ClC(Cl)CC(=O)NC2=C(Cl)C(=O)c1ccccc1C2=O,-5.03,-4.810802,-4.529863,-4.5166717,-4.516671,-4.53194,-4.9716573,-4.55848,-5.9360633,-5.069592,-4.183235,-4.2142463,-4.2142463,-4.143535,-4.6959968,-4.2197185,-3.8183997,-5.1939497,-5.323044,-5.3442554,-5.3442554,-5.4052224,-5.323685,-5.299685,-5.057776,-4.5375752,-5.5241046,-5.296632,-5.2966332,-5.253891,-4.8086743,-4.528891,-4.468366,-5.259086,-3.6219506,-3.5861468,-3.5861468,-3.6157775,-3.8162024,-3.6708424,-3.89145,-4.5848455,-4.0556273,-4.084976,-4.084977,-4.124791,-4.049847,-4.159802,-4.215438,-4.719609,-3.2679298,-3.3891249,-3.3891253,-3.5120993,-3.2053053,-3.419902,-3.5914507,-4.8853,-4.678865,-5.143153,-5.1431527,-5.165834,-3.7579386,-5.3383117,-5.2649474,-4.868604,-5.0667133,-5.0406756,-5.0406747,-5.071068,-5.2337666,-5.122235,-5.064545
CCCCCCCCCC(=O)OC,-4.69,-4.023386,-3.92477,-3.8443315,-3.8443313,-3.8482516,-4.304541,-3.8522713,-3.808428,-3.4338117,-3.7738295,-3.7736065,-3.7736073,-3.7226794,-4.214937,-3.7982318,-3.5369458,-4.538812,-3.672449,-3.7376049,-3.7376049,-3.7005367,-3.4694285,-4.5097356,-4.026518,-4.1789017,-4.3353205,-4.3848476,-4.384849,-4.7650294,-4.268692,-3.86102,-4.184319,-4.5224314,-3.7286081,-3.6563897,-3.6563897,-3.7058382,-3.9297059,-3.738613,-4.1087866,-3.8537288,-4.977533,-4.6654186,-4.6654186,-4.7616897,-4.5452914,-4.5608616,-4.8517265,-4.5396247,-4.279933,-4.2880583,-4.2880583,-4.9099517,-3.5658672,-4.7845306,-4.360691,-4.0625067,-3.9579966,-3.7862232,-3.7862236,-3.8087616,-2.7794852,-3.7336946,-4.351024,-4.590436,-4.4360247,-4.615092,-4.6150904,-4.6639166,-4.802265,-4.645636,-4.8156633
CN1CC(O)N(C1=O)c2nnc(s2)C(C)(C)C,-1.877,-2.6040595,-3.7017856,-3.4213445,-3.4213448,-3.4284687,-3.752638,-3.4519062,-3.3234549,-2.1489534,-2.2127576,-1.3461193,-1.3461196,-1.3012296,-1.8030049,-1.3705724,-1.6470921,-1.8534687,-3.7662013,-3.6333814,-3.633381,-3.6764011,-3.649593,-2.1033907,-2.0043507,-1.6965622,-2.3142629,-2.3726158,-2.372618,-2.1328118,-2.3124986,-1.2808084,-2.0091143,-1.9936702,-3.7448463,-3.6159978,-3.6159973,-3.6828666,-3.873317,-3.808069,-3.1354623,-2.1518924,-3.7964864,-3.5010452,-3.5010452,-3.5461915,-3.5549586,-3.6479144,-3.1501489,-1.873846,-3.2575476,-3.1936634,-3.1936638,-3.4246879,-3.1615074,-3.3629746,-3.0872586,-2.0184743,-2.1891046,-1.9761406,-1.9761407,-2.0252593,-1.3112183,-1.9850433,-2.3037543,-1.8591019,-1.8860785,-1.8828936,-1.882892,-1.9048544,-1.9436648,-1.9584852,-1.9053797
CCCCCCCCCCCCCCO,-5.84,-6.223465,-4.7834525,-4.6840796,-4.6840796,-4.6838727,-5.2230973,-4.682327,-4.5267286,-5.978054,-4.4306183,-6.2853947,-6.2853956,-6.203365,-6.802437,-6.2885237,-5.3675523,-6.266883,-4.6334496,-4.7280636,-4.728064,-5.28446,-4.5206747,-5.839269,-5.273595,-6.1328025,-6.157623,-6.149029,-6.14903,-6.6318893,-5.9321804,-6.053574,-6.5250263,-5.91674,-4.647354,-4.534954,-4.534954,-4.58092,-4.919275,-4.6668234,-5.262725,-5.744551,-5.907853,-5.5909815,-5.590982,-5.505496,-5.6988444,-4.9383082,-5.559896,-5.8154836,-5.9017262,-5.6817856,-5.681785,-6.5432177,-5.302032,-6.345838,-6.164442,-6.025458,-5.224671,-5.5552044,-5.5552053,-5.571741,-4.0541778,-5.464287,-5.878223,-5.730919,-5.889215,-5.8232694,-5.823268,-5.8535557,-6.077832,-5.883297,-5.94353
COc1ccccc1OCC(O)COC(N)=O,-0.985,-2.5397506,-4.032414,-3.8814194,-3.8814197,-3.8801548,-4.2801204,-3.8247793,-4.252789,-1.2798274,-3.1705441,-2.2123587,-2.2123594,-2.1425786,-2.6303577,-2.2216337,-2.5223727,-1.0523655,-2.9727786,-2.6668768,-2.666877,-2.6433954,-2.7518842,-0.87474036,-0.75773597,-0.9505798,-1.870775,-2.1363194,-2.136321,-1.5149595,-1.8710532,-0.9391441,-1.6022766,-1.1739669,-3.6914115,-3.4862385,-3.486238,-3.496598,-3.6718948,-3.4464588,-3.1701767,-2.8888392,-4.2833652,-4.0088487,-4.008849,-4.003176,-3.9080236,-4.062301,-4.2631407,-1.1257082,-2.3261495,-1.6500527,-1.6500533,-2.976224,-1.7128186,-2.9546788,-1.678485,-1.1397698,-2.8445184,-2.396274,-2.396274,-2.2641068,-1.4812418,-2.2697282,-2.853219,-0.9872095,-1.0480815,-0.9658347,-0.96583384,-0.9732106,-1.098552,-1.0302193,-1.0273824
CC(=C)C,-2.33,-1.4517303,-1.5904628,-1.0681702,-1.0681702,-1.0531231,-1.08952,-1.0545889,-0.8382675,-2.2342033,-0.28722954,-0.21032995,-0.21032986,-0.21076332,-0.23920503,-0.176746,-0.7423981,-1.8732212,-0.990984,-1.0279472,-1.0279472,-1.0199499,-0.93379676,-0.52466923,-0.5235817,-1.8986,-1.1289684,-1.4798014,-1.4798037,-1.0918677,-1.2078419,-0.2957033,-0.87613446,-2.378954,-1.9525541,-1.3926218,-1.3926215,-1.2212605,-1.7652482,-1.0012721,-0.3772885,-2.5784955,-1.2547784,-0.9794183,-0.9794183,-0.97017807,-0.9872167,-0.9486313,-1.7873951,-2.3682954,-2.21187,-1.3516722,-1.3516726,-1.9063132,-1.3456054,-1.9008156,-1.8220161,-2.1699085,-0.77263874,-0.82876736,-0.8287674,-0.814939,-0.45535645,-0.8270897,-0.9927756,-1.0587059,-1.4569534,-1.565226,-1.5652263,-1.5693804,-1.5572705,-1.4589545,-1.1520405
CCCCC1C(=O)N(N(C1=O)c2ccccc2)c3ccccc3 ,-3.81,-3.1831737,-5.1685553,-4.6978993,-4.6978993,-4.692849,-4.957851,-4.701837,-3.9089544,-3.2249527,-4.1295285,-4.026633,-4.0266337,-3.920761,-4.547874,-4.074859,-4.477077,-3.9210906,-4.7085896,-4.9038024,-4.9038024,-4.7548637,-4.764104,-4.186937,-3.5375578,-3.623516,-5.693743,-5.3518996,-5.3519015,-5.0306244,-4.7867007,-4.443714,-4.425113,-3.875113,-4.7430477,-4.6237226,-4.623723,-4.5894766,-4.6805553,-4.6394677,-3.541851,-3.5775902,-4.887527,-5.2933893,-5.2933893,-5.474643,-5.0450435,-5.004401,-4.7984314,-3.6338296,-4.349958,-4.7733526,-4.7733526,-4.6786556,-5.262388,-4.7448907,-5.213725,-3.351479,-5.0821342,-4.9876223,-4.9876227,-5.0685534,-3.544025,-4.944434,-5.2892957,-3.7332406,-3.8362727,-3.8189971,-3.8189957,-3.8422184,-3.937297,-3.881307,-3.9199433
Cc1c2ccccc2c(C)c3ccc4ccccc4c13,-7.02,-6.7976174,-3.7880664,-3.6165824,-3.6165822,-3.6211314,-3.9564626,-3.6470428,-4.3721294,-6.356863,-5.0971303,-5.705953,-5.705953,-5.6459394,-6.2388935,-5.7105465,-5.389536,-7.3468447,-5.0205297,-5.587324,-5.5873237,-5.5483456,-5.229005,-6.4270034,-5.9462976,-6.8393974,-7.270947,-6.9747686,-6.9747705,-7.150773,-6.5612273,-6.5136256,-6.925547,-7.1970587,-3.1924372,-3.1500618,-3.1500618,-3.1444595,-3.2824352,-3.0997472,-3.5429108,-7.0240684,-3.7964427,-4.224091,-4.224091,-4.338998,-4.142396,-4.0924296,-4.7337384,-7.18209,-6.5027413,-7.663949,-7.6639495,-7.2370872,-7.5289645,-7.2029243,-7.826292,-7.0022545,-5.5588512,-5.749725,-5.749726,-5.7442727,-4.0568314,-5.808543,-5.5869493,-6.8041105,-7.460202,-7.328407,-7.3284082,-7.2369585,-7.5395756,-6.900694,-7.1530814
CC(=O)OCC(=O)C3(O)C(CC4C2CCC1=CC(=O)C=CC1(C)C2(F)C(O)CC34C)OC(C)=O ,-4.13,-4.465822,-7.231563,-6.4664416,-6.466441,-6.447703,-6.767971,-6.3602805,-5.4992256,-4.5740976,-3.8082643,-3.3491063,-3.3491066,-3.372459,-3.708304,-3.3463576,-3.4423656,-4.186117,-3.8675022,-4.2000074,-4.2000074,-4.053965,-3.2810771,-4.0673566,-3.865036,-4.2925177,-3.590537,-3.6878948,-3.6878967,-3.5615609,-3.6870089,-3.2463937,-3.4421873,-4.101398,-6.209837,-5.9294987,-5.929498,-5.869388,-5.942458,-5.934374,-3.8088484,-4.0963173,-5.461176,-5.4836755,-5.483676,-5.4672523,-5.282828,-5.439938,-4.9155393,-4.0837746,-4.3288355,-4.253339,-4.253339,-4.779013,-4.1932936,-4.6542706,-4.449229,-4.4567137,-4.960977,-4.6855826,-4.685583,-4.748371,-3.26157,-4.6169434,-4.8491235,-4.062166,-4.1211886,-4.155338,-4.1553354,-4.1831617,-4.3484898,-4.4472384,-4.0838094
CC1=C(CCCO1)C(=O)Nc2ccccc2 ,-2.56,-3.255944,-3.539154,-3.3249013,-3.324902,-3.3346264,-3.6829069,-3.3410726,-3.4031599,-2.614712,-3.3690572,-2.542697,-2.5426974,-2.4944007,-3.0645418,-2.5552552,-3.0280778,-2.609879,-3.623213,-3.666756,-3.6667562,-3.6520822,-3.562276,-3.103101,-2.6847706,-3.046349,-4.2543597,-4.0574455,-4.0574474,-3.8903835,-3.665322,-3.1772265,-3.4765048,-2.810345,-3.2609024,-3.0895777,-3.0895774,-3.1353297,-3.2385042,-3.1746857,-2.393064,-2.4288495,-3.614702,-3.2496638,-3.2496636,-3.3135793,-3.2935798,-3.4812224,-3.1612697,-3.0830188,-2.6327806,-3.3895903,-3.3895905,-3.339044,-3.1822836,-3.2408092,-3.2359078,-2.808665,-3.7677631,-3.4915223,-3.4915223,-3.574556,-2.5380673,-3.5189698,-3.787394,-2.560267,-2.4742746,-2.5341713,-2.534171,-2.538051,-2.5991406,-2.508949,-2.588176
COC(=O)Nc1cccc(OC(=O)Nc2cccc(C)c2)c1,-4.805,-4.8111124,-5.373509,-5.1983075,-5.198308,-5.2110868,-5.6792936,-5.244435,-5.5511184,-4.7470217,-4.588354,-3.3876362,-3.3876376,-3.4455903,-3.9969122,-3.319824,-3.6217296,-4.8255167,-4.8782024,-4.697963,-4.697963,-4.5863876,-4.5601068,-4.127724,-3.4535697,-4.624881,-4.039847,-4.2995095,-4.299511,-4.1140766,-3.931949,-3.403739,-4.0495915,-5.0709734,-5.410426,-5.067749,-5.067748,-5.07174,-5.3235817,-5.08501,-4.163106,-4.673994,-5.7428274,-5.39661,-5.3966103,-5.4185452,-5.2971683,-5.5087075,-5.0177207,-4.643202,-5.461449,-5.5345364,-5.5345354,-6.0248547,-5.235664,-5.9017515,-5.266578,-4.468877,-4.7859607,-4.1673594,-4.1673594,-4.2042937,-3.4033325,-4.0846796,-4.382833,-4.7085347,-4.725729,-4.737242,-4.7372417,-4.742732,-4.9929705,-5.0276484,-4.8179564
Nc1ccccc1N(=O)=O,-1.96,-1.8501425,-2.367182,-2.157943,-2.157943,-2.1581655,-2.3247755,-2.1647768,-2.1139057,-2.220882,-1.1157919,-1.2291877,-1.2291882,-1.2454385,-1.2536389,-1.2139481,-1.4018154,-2.0687034,-1.6999296,-1.8711286,-1.8711284,-1.8654891,-1.7774097,-1.1318767,-1.2064575,-2.0670822,-2.4472716,-2.7324026,-2.7324023,-2.3974404,-2.441059,-1.6306059,-2.0201244,-1.9942605,-1.7498561,-1.2566557,-1.2566555,-1.2533964,-1.3677378,-1.1592631,-1.2116306,-2.9053683,-2.0804615,-2.1341915,-2.1341915,-2.1573045,-2.1376026,-2.0542817,-1.9031643,-2.392814,-1.040223,-0.80806136,-0.8080616,-1.3471326,-0.8774335,-1.2674967,-1.0544758,-1.7935991,-2.4232416,-2.5151877,-2.5151877,-2.5984108,-1.7205753,-2.4310908,-2.5410242,-1.9679458,-1.9145814,-1.9452447,-1.9452446,-1.941631,-1.9120071,-2.2280767,-1.9636091
C1CCCCCCC1,-4.15,-4.1989594,-2.011909,-1.3791885,-1.3791888,-1.3640962,-1.5904347,-1.3478945,-1.7587895,-4.9656,-2.0066357,-3.1991599,-3.1991584,-3.172779,-3.1337733,-3.2024071,-2.4231977,-4.1036468,-1.9533073,-2.1043634,-2.1043632,-2.088605,-1.9875902,-2.5889087,-2.7070806,-4.016611,-2.784557,-3.234727,-3.2347279,-3.3836696,-2.8779259,-2.527762,-3.1805441,-4.2929344,-3.0018826,-3.0495014,-3.0495017,-2.8215232,-3.516051,-2.5110013,-3.3048608,-4.015624,-2.404186,-2.746473,-2.7464733,-2.8309562,-2.669637,-2.748341,-2.6517484,-4.229879,-3.2652624,-3.2737443,-3.2737439,-2.9551878,-3.968916,-2.9843209,-3.1963613,-4.175233,-4.86535,-5.1104894,-5.1104894,-5.1235285,-4.195724,-5.1073427,-4.765941,-1.8852133,-1.4590763,-1.6785485,-1.6785481,-1.6682099,-1.6256555,-1.2964172,-2.4447048
CCCCC,-3.18,-1.1609995,-1.6750106,-1.2190403,-1.2190403,-1.2168913,-1.4526929,-1.1850224,-1.492258,-3.1913924,-1.1619171,-1.4567351,-1.4567347,-1.4514197,-1.4142699,-1.4564695,-1.431385,-3.0697901,-1.4093467,-1.6177245,-1.6177244,-1.6095889,-1.483678,-2.1992202,-1.8217866,-2.9628754,-2.4707234,-2.5330372,-2.5330396,-2.3399036,-2.2657485,-1.4815443,-1.9307134,-3.6465569,-2.2959857,-1.9605669,-1.9605671,-1.7146871,-2.0465496,-1.5056282,-1.5236045,-2.8653522,-2.1510704,-2.205709,-2.2057095,-2.2178552,-2.1257918,-2.0933547,-1.3215274,-3.2734745,-3.233885,-3.0060112,-3.0060115,-3.2128472,-3.246654,-3.2562523,-2.9638882,-3.1078925,-2.1162455,-2.114014,-2.1140141,-2.1423404,-1.4985654,-2.1094608,-2.1454196,-2.46983,-2.2290573,-2.2499726,-2.249972,-2.2630079,-2.310906,-2.3737755,-2.2710369
Clc1cc(Cl)c(Cl)cc1Cl,-5.56,-5.583654,-2.8903944,-2.9222317,-2.9222317,-2.9298382,-3.2888007,-2.944133,-4.414236,-5.431367,-3.7463589,-4.3670497,-4.3670497,-4.3626065,-4.306123,-4.3626857,-4.967911,-5.390252,-2.8297791,-3.0606272,-3.0606272,-3.0555232,-2.9871523,-4.844777,-4.970335,-4.5899806,-4.777451,-5.1083403,-5.1083403,-4.8437357,-4.441013,-4.061668,-4.193086,-6.1389036,-4.2918515,-3.8990054,-3.8990054,-4.0224085,-4.1118,-4.057189,-5.808593,-5.619725,-2.6593885,-3.032159,-3.0321596,-3.1359766,-3.026837,-3.0265713,-3.478739,-5.481873,-2.507715,-4.7855854,-4.785586,-2.719294,-4.9648595,-2.6967967,-4.7091446,-5.4711533,-5.2330027,-4.8180804,-4.8180814,-4.83448,-4.2968993,-4.797604,-5.3822365,-5.7841115,-5.5329003,-5.623176,-5.623176,-5.6121893,-5.6006737,-5.585097,-5.6951647
CCCC#C,-1.64,-0.65586585,-1.5816642,-1.1183963,-1.1183964,-1.1020402,-1.3072702,-1.0781093,-1.3025994,-1.8938459,-0.94187343,-0.592665,-0.59266514,-0.58776224,-0.62147224,-0.57336366,-1.1478486,-1.9796917,-1.2019604,-1.3020622,-1.302062,-1.2934105,-1.1941193,-1.1960411,-1.064375,-1.6006052,-1.2525016,-1.4457942,-1.4457961,-0.9947783,-1.1911142,-0.23942871,-0.8931676,-1.432467,-1.6872642,-1.6631553,-1.6631553,-1.5849782,-1.6920519,-1.457581,-1.5394876,-1.7614132,-2.6482744,-1.8553524,-1.8553524,-1.7309275,-1.8253295,-1.9265637,-0.99162155,-1.747723,-1.9724371,-1.7467383,-1.7467384,-2.1191735,-1.8620099,-2.0211987,-1.9246132,-1.6303043,-0.43587616,-0.53410614,-0.5341062,-0.44321042,-0.09802222,-0.50430506,-0.4517081,-2.1574295,-2.09014,-2.0889976,-2.0889983,-1.9571303,-2.069611,-1.9807678,-2.0915926
c1cncnc1,1.1,1.6881611,-1.808259,-1.6645894,-1.6645892,-1.658362,-1.7337191,-1.6686213,-0.5401419,0.36961606,-0.44831082,0.10471901,0.10471849,0.09901692,-0.034775537,0.1273009,-0.47906232,0.63079673,-0.8839078,-0.854832,-0.8548318,-0.8480307,-0.78889894,-0.27519754,-0.3608241,0.643016,-1.1037792,-1.5275037,-1.5275042,-0.9956387,-1.2002969,-0.31970978,-0.80772066,1.0301759,-1.8187193,-1.9302678,-1.9302677,-1.8978479,-2.0166628,-1.948708,-0.4031265,1.0734919,-2.1211605,-2.0857816,-2.0857813,-2.1502075,-2.0941842,-2.176259,-1.6618407,1.0365669,-0.78419113,0.37560242,0.37560254,-0.716062,0.54492295,-0.62688243,-0.25618127,0.8278948,-0.45949343,-0.50610256,-0.5061027,-0.51603764,-0.28678665,-0.5188933,-0.66171026,1.1616497,0.7683975,1.1782993,1.1782991,1.1914853,1.1882029,0.68586224,0.52142483
CCCCCCCCCCCCCCCCCCO,-8.4,-7.145977,-6.1397862,-5.749043,-5.749044,-5.746261,-6.253067,-5.76111,-5.3793664,-7.544282,-4.754834,-7.4489236,-7.448924,-7.335831,-8.006193,-7.4521184,-7.1284575,-8.19079,-5.9854856,-6.438405,-6.438404,-7.353827,-7.01272,-7.912337,-7.5159926,-7.8944845,-7.7249174,-7.491701,-7.491703,-8.012446,-7.566825,-7.364439,-7.919,-8.358464,-6.361945,-6.1022186,-6.1022186,-5.9755745,-6.5727005,-5.398155,-6.3133435,-6.311939,-6.3395834,-6.0072412,-6.0072412,-5.736198,-6.2761626,-5.906355,-5.825342,-7.6006966,-7.166892,-6.817399,-6.8173995,-8.205933,-7.7337155,-8.185677,-7.2282944,-7.92297,-6.478859,-6.8953342,-6.895335,-6.880413,-5.220519,-6.8329377,-6.7579355,-8.127613,-8.142876,-8.4577675,-8.457766,-8.449564,-8.878413,-8.32443,-8.288275
CCOC(=O)CCN(SN(C)C(=O)Oc1cccc2CC(C)(C)Oc21)C(C)C,-4.71,-5.106845,-6.66448,-6.0328975,-6.032898,-6.0326133,-6.3435655,-6.036783,-5.2065854,-4.885888,-5.062403,-5.153665,-5.1536655,-5.069333,-5.542016,-5.253322,-5.2759137,-4.941137,-5.768696,-6.2337523,-6.233753,-6.283458,-6.1789246,-4.6463647,-5.081973,-4.854438,-6.4187083,-5.976075,-5.976077,-5.5557632,-5.295303,-5.0626903,-5.3628364,-4.98537,-6.828335,-6.4026346,-6.4026346,-6.3667617,-6.4768806,-5.9875464,-4.772644,-4.5937147,-5.7893186,-5.4804945,-5.4804945,-5.544541,-5.353448,-5.370952,-5.2673683,-4.140898,-6.0473123,-5.0935984,-5.0935984,-6.319648,-5.1397424,-6.1804023,-5.100826,-5.042025,-6.4137716,-6.18318,-6.1831803,-6.1942487,-4.954721,-6.404052,-6.6763206,-4.5351133,-4.6758103,-4.6601796,-4.6601777,-4.7066255,-4.8175755,-4.8974957,-4.772277
CC12CCC3C(CCc4cc(O)ccc34)C2CCC1=O,-3.955,-4.5724726,-3.8577309,-3.5926416,-3.5926418,-3.598469,-3.9333591,-3.6051016,-3.9916534,-4.35901,-4.2666817,-4.503817,-4.5038176,-4.404531,-4.7877674,-4.5445576,-4.5320306,-4.3431125,-4.130068,-4.3054237,-4.3054237,-4.255584,-4.2831197,-4.432639,-4.0048413,-4.177313,-5.0052714,-4.5820713,-4.5820727,-4.2063894,-4.0629916,-3.6420546,-4.3316298,-4.5836835,-3.4420848,-3.4227052,-3.4227052,-3.4491692,-3.577257,-3.4904125,-3.6563773,-4.4380527,-3.8565404,-3.1770544,-3.177054,-3.31841,-3.1385257,-3.5727184,-3.3679678,-4.518081,-3.909919,-3.916462,-3.9164615,-4.615717,-3.1904788,-4.5678525,-3.9892628,-4.5083814,-5.1569753,-5.063888,-5.063888,-5.1112943,-3.6735842,-5.1364427,-5.3249927,-4.1011357,-4.179409,-3.9931815,-3.99318,-3.9861042,-4.0533137,-4.080747,-3.9585557
COc1ccccc1O ,-1.96,-1.5397234,-2.2446535,-2.036302,-2.036302,-2.0329607,-2.1873176,-2.039931,-1.9797373,-1.4642346,-1.4466542,-0.51406306,-0.5140631,-0.5037854,-0.74322814,-0.50156534,-1.4748822,-1.0659243,-1.3837751,-1.485686,-1.4856861,-1.4794283,-1.3503321,-0.4282618,-0.5182514,-1.1351111,-1.9118696,-2.179271,-2.1792724,-1.6421021,-1.8165011,-0.98755574,-1.3625022,-2.089925,-1.819065,-2.2451913,-2.245191,-2.2102215,-2.2637427,-2.1862252,-1.4870912,-1.3416331,-2.258522,-2.307249,-2.307249,-2.327387,-2.3109672,-2.2413762,-2.096292,-2.178709,-0.13390379,-0.44857132,-0.448572,-0.7757726,-0.2943144,-0.7133229,-0.6058195,-1.7177528,-0.93513983,-0.9519099,-0.9519103,-0.9730796,-0.41397265,-0.9502359,-1.4762602,-1.9234289,-0.8296871,-0.4482386,-0.4482383,-0.44944817,-0.11879687,-0.5555738,-0.5315177
Oc1ccccc1O,0.62,-0.3403359,-2.0909352,-1.9451348,-1.9451348,-1.9422745,-2.0836055,-1.9497865,-1.3724446,0.3526999,-0.9931438,-0.05287081,-0.052871246,-0.066945,-0.39631578,-0.02982689,-0.9977837,0.5088305,-1.2604429,-1.3571163,-1.3571165,-1.349833,-1.2197961,0.048671603,-0.19820713,0.009976601,-1.5889592,-1.887317,-1.8873184,-1.3101152,-1.5700958,-0.6715208,-1.1019819,0.5592779,-1.8745135,-1.7879865,-1.787987,-1.6788611,-1.9146769,-1.7408988,-0.96640027,-0.19894437,-2.0306177,-2.0589492,-2.05895,-2.0854962,-2.0579958,-2.016873,-1.7150165,0.16280851,0.24660335,0.2732225,0.27322194,-0.20026276,0.28491512,-0.1383237,-0.049759824,0.44347864,-0.3298372,-0.4160627,-0.41606253,-0.40997058,-0.16523543,-0.41566038,-0.751749,0.63409364,1.0392674,0.7120953,0.7120952,0.7039727,0.85028243,1.0159024,0.82035094
COC=O,0.58,0.30487615,-1.3290508,-0.6691966,-0.6691965,-0.6679415,-0.66834456,-0.6806495,-0.5334031,0.50393754,0.42375872,0.87623155,0.87623215,0.8731459,0.83537805,0.89259535,0.17648438,0.5967482,-0.70504266,-0.5345786,-0.53457874,-0.5287178,-0.47183684,0.5715765,0.19430153,0.57967407,-0.57171905,-0.8757279,-0.8757292,-0.2871627,-0.49679947,0.362017,-0.3934787,0.6602786,-1.5661358,-1.1750839,-1.175084,-1.2363372,-1.1494055,-1.3224738,-0.1982849,0.558421,-1.3843049,-1.0335654,-1.0335654,-1.0224338,-0.9488447,-1.0923903,-0.48008987,0.21718904,0.34747174,1.0139538,1.0139544,0.33918366,1.0795258,0.3676363,0.32152376,0.5303494,0.28593352,0.22818731,0.22818708,0.2262854,0.39699596,0.24996546,0.14107473,-0.038686458,-0.74238086,-0.65417314,-0.6541733,-0.64521635,-0.7363448,-0.61227876,-0.6931205
CC1=C(SCCO1)C(=O)Nc2ccccc2,-3.14,-3.12143,-3.6305976,-3.4158075,-3.4158082,-3.4239275,-3.7758207,-3.4253273,-3.4791155,-3.0419,-3.6696982,-2.8782773,-2.8782783,-2.8428066,-3.3685598,-2.9040477,-3.313261,-3.0266104,-3.741059,-3.726128,-3.7261283,-3.7072127,-3.6457522,-3.237996,-2.7191777,-3.2903526,-4.9284034,-4.6747603,-4.674762,-4.452277,-4.317907,-3.7156634,-4.335575,-3.2668202,-3.315495,-3.1533499,-3.1533499,-3.186101,-3.3284886,-3.1843367,-2.7570078,-4.0105705,-3.7272704,-3.4572558,-3.4572556,-3.514046,-3.4975042,-3.602655,-3.3998415,-3.1415665,-2.56623,-3.4498792,-3.4498794,-3.315921,-3.2255974,-3.2318218,-3.2465148,-3.0098348,-3.878324,-3.5749595,-3.57496,-3.6667345,-2.592457,-3.5689845,-4.0109215,-3.135079,-2.948903,-3.218856,-3.2188556,-3.2421515,-3.3184521,-3.3737743,-2.8884683
CCN(CC)C(=S)SCC(Cl)=C,-3.39,-2.7406986,-3.3570373,-3.225783,-3.2257836,-3.2305396,-3.5293887,-3.2492685,-3.572995,-3.4992385,-3.5768976,-3.3927197,-3.3927205,-3.3550422,-3.60392,-3.4177654,-3.848695,-3.176352,-3.5030916,-3.4555867,-3.455587,-3.4715612,-3.3715012,-3.9672618,-3.440085,-3.4030945,-3.5774057,-3.449169,-3.4491706,-3.2421906,-3.0749474,-2.3725305,-2.9036806,-3.8038719,-3.1135979,-3.110476,-3.110476,-3.101869,-3.2754557,-3.028119,-3.6842446,-2.9940438,-3.122047,-3.041444,-3.0414443,-2.982827,-2.9773867,-2.7538605,-3.602643,-3.4129994,-2.198042,-1.9724778,-1.9724779,-2.2563946,-1.8242607,-2.2629848,-2.0764134,-3.5135245,-4.4119525,-4.229604,-4.2296047,-4.3208413,-2.953106,-4.2045374,-4.8610554,-3.3430972,-4.747141,-4.139717,-4.1397166,-4.052408,-4.487715,-4.169387,-4.0205703
CC(=O)SC4CC1=CC(=O)CCC1(C)C5CCC2(C)C(CCC23CCC(=O)O3)C45,-4.173,-4.238146,-6.3298283,-5.7388597,-5.73886,-5.7298117,-6.027438,-5.7282977,-5.0790105,-3.9677188,-4.1747475,-4.2109694,-4.210971,-4.164873,-4.640668,-4.2728233,-4.503024,-4.352404,-3.9021926,-4.8790717,-4.879072,-4.6852374,-4.0737233,-5.2556024,-4.760423,-4.4081526,-5.9880147,-5.288408,-5.288409,-5.033348,-4.8198857,-4.495353,-4.944131,-4.119075,-5.235835,-5.084399,-5.084399,-5.0365057,-5.1977406,-5.1191688,-3.5266726,-4.430856,-4.809963,-5.312949,-5.312949,-5.4375052,-5.0918655,-4.887733,-5.085389,-4.7734103,-5.0811563,-4.778741,-4.778741,-5.3961782,-4.6406054,-5.3037734,-4.6392326,-4.0472355,-5.822023,-5.3620625,-5.3620634,-5.4354696,-3.8444028,-5.4272156,-5.0273256,-4.046112,-4.091277,-4.1270356,-4.127034,-4.141644,-4.238902,-4.2380004,-4.3310604
CCCC(C)(C)O,-0.49,-1.2940058,-2.0440273,-1.7614406,-1.7614405,-1.7695328,-2.0246503,-1.746207,-1.7365541,-0.9979986,-1.2231454,-1.3535494,-1.353549,-1.3446344,-1.332128,-1.3423666,-1.5498102,-0.51842296,-1.7974633,-2.0213869,-2.0213869,-2.0136585,-1.8749571,-1.9699442,-2.0107288,-0.6093055,-2.2254055,-2.3173764,-2.3173785,-1.8885676,-2.0276527,-1.1127905,-1.6356028,-0.92720205,-2.0178857,-1.8997469,-1.8997469,-1.8965068,-1.952207,-1.9808924,-1.6898957,-1.3560708,-1.8953274,-1.5092355,-1.5092355,-1.4422296,-1.560878,-1.636476,-1.1664089,-0.7707546,-1.4910021,-0.42370704,-0.4237073,-1.6705731,-0.22047795,-1.6144198,-1.0719795,-0.62982845,-1.027958,-0.8947088,-0.894709,-0.8859836,-0.37948167,-0.881011,-1.3908863,-0.48342496,-0.65279555,-0.68207335,-0.6820732,-0.72971004,-0.63375133,-0.85755795,-0.5179458
CCOC(=O)CC(SP(=S)(OC)OC)C(=O)OCC,-3.37,-3.65972,-4.862053,-4.4971685,-4.4971685,-4.492068,-4.785708,-4.4011955,-4.112854,-3.194182,-3.0139036,-1.9414607,-1.9414616,-1.9064071,-2.4769201,-1.9027388,-2.5211606,-3.4857972,-4.321168,-3.7966883,-3.7966888,-3.752227,-4.122904,-3.1446729,-2.2026646,-2.7885509,-2.8317344,-3.0053756,-3.0053773,-2.8435738,-2.7007046,-1.9779699,-2.7389998,-3.5275817,-4.462779,-4.353447,-4.3534474,-4.310147,-4.471719,-4.2564263,-3.5140026,-3.8046124,-3.9572985,-4.327215,-4.3272157,-4.256121,-4.3154454,-4.2296863,-4.4408755,-3.59743,-2.7696502,-3.096705,-3.0967052,-3.416783,-2.9541812,-3.3575726,-3.1104155,-3.0948522,-3.547935,-3.4055583,-3.4055588,-3.3494544,-2.412684,-3.2899988,-4.433352,-3.2647357,-3.1571903,-2.3164003,-2.3163993,-2.1478844,-2.4318538,-2.5407422,-3.8669522
CC13CCC(=O)C=C1CCC4C2CCC(C(=O)CO)C2(CC(O)C34)C=O ,-3.85,-4.1299706,-5.032786,-4.690574,-4.690573,-4.6938977,-5.0315876,-4.683459,-4.9047484,-3.6672466,-4.0751843,-3.442996,-3.4429963,-3.39505,-3.8202896,-3.4698033,-3.871474,-3.5619683,-2.7801695,-3.1652563,-3.1652565,-3.1364844,-3.0780916,-3.7056775,-3.1892297,-3.600917,-4.732478,-4.531838,-4.53184,-4.215869,-4.0460625,-3.781085,-3.9079254,-3.642511,-4.528182,-4.4893923,-4.4893928,-4.5080266,-4.6239223,-4.648041,-4.331624,-3.9452941,-4.941017,-4.897647,-4.897647,-4.972117,-4.661593,-4.971943,-4.707327,-3.3256843,-3.3171287,-3.624271,-3.624271,-3.833788,-3.5673552,-3.8212595,-3.8776872,-4.1661158,-4.476072,-4.128383,-4.1283836,-4.169788,-2.8689065,-4.137045,-4.581805,-3.6455379,-3.8433704,-3.8750312,-3.8750305,-3.9198425,-3.988413,-3.9998643,-3.823018
OCC(O)COC(=O)c1ccccc1Nc2ccnc3cc(Cl)ccc23,-4.571000000000001,-4.6876397,-6.3703847,-5.903951,-5.9039507,-5.8932757,-6.196919,-5.884833,-5.7843738,-5.091971,-4.734777,-4.3424125,-4.3424134,-4.2680063,-4.7874026,-4.484626,-4.719308,-4.8379564,-4.544648,-4.4746976,-4.4746976,-4.362526,-4.6910496,-4.0648017,-3.1631842,-4.7170105,-5.5475345,-5.5277653,-5.527767,-4.806939,-4.683293,-4.668985,-4.727569,-4.640098,-5.8081126,-5.612194,-5.612193,-5.5105777,-5.7162695,-5.4034944,-4.2874107,-4.5545607,-4.6850495,-5.255574,-5.255574,-5.174274,-5.155757,-4.963059,-4.754534,-3.8250136,-3.2546031,-3.329008,-3.3290086,-3.8667219,-3.245347,-3.8938217,-3.315877,-4.325718,-5.432636,-5.0734353,-5.073436,-5.1757464,-3.8204303,-5.0901766,-5.0677357,-4.475529,-4.581047,-4.618357,-4.618356,-4.6519923,-4.856889,-4.859758,-4.455834
COc1ccccc1N(=O)=O,-1.96,-2.9387374,-2.530066,-2.4891925,-2.4891925,-2.4842312,-2.7112353,-2.49158,-2.682369,-1.6116774,-1.4166695,-0.9019237,-0.9019235,-0.89286023,-0.961673,-0.91554594,-1.4714005,-2.1617637,-1.787789,-1.9411533,-1.9411535,-1.9383376,-1.8164343,-1.286025,-1.3183764,-2.595511,-2.488959,-2.7191684,-2.7191699,-2.3397226,-2.3442843,-1.621,-1.96786,-1.929339,-1.8906056,-1.5644795,-1.5644794,-1.5556813,-1.6983083,-1.4494653,-1.1231378,-2.017016,-2.3111064,-2.4243817,-2.424382,-2.4505813,-2.4310405,-2.329659,-2.365848,-1.9091269,-0.95843416,-1.5205951,-1.5205953,-1.6806142,-1.3675222,-1.6075548,-1.555688,-2.045377,-1.6320971,-1.5583518,-1.5583521,-1.5964664,-0.80878997,-1.5600379,-1.7823964,-1.9148089,-1.7732629,-1.8498443,-1.8498442,-1.8489152,-1.8844672,-1.7691499,-1.9328494
CC1=CC(=O)CC(C)(C)C1 ,-1.06,-0.99871284,-2.1836658,-1.7144233,-1.7144234,-1.6988436,-1.9611535,-1.6827726,-2.3954177,-1.825724,-1.666391,-1.8778543,-1.8778541,-1.8690895,-1.8712438,-1.8596573,-2.0369833,-0.830884,-2.534506,-2.796077,-2.7960765,-2.7864015,-2.6340609,-3.5120187,-3.404523,-1.4432793,-2.7225554,-2.8678496,-2.8678513,-2.7095337,-2.5808787,-1.8301568,-2.475247,-1.0239685,-2.1032238,-1.971453,-1.971453,-1.9589748,-2.0993977,-1.8766382,-1.0983447,-1.1376503,-2.352987,-1.5679348,-1.5679345,-1.6227108,-1.5664884,-1.8400946,-1.1892185,-1.1014912,-1.9950979,-1.2696179,-1.269618,-2.022265,-1.306937,-1.9459397,-1.6585193,-1.0465262,-2.733264,-2.4064772,-2.4064784,-2.4597058,-1.8023236,-2.4220796,-2.5972898,-1.0595787,-1.6559199,-1.4994091,-1.4994088,-1.4956281,-1.6091442,-1.7023908,-1.4197551
Cc1ccc(O)cc1,-0.73,-1.2228873,-2.078716,-1.7699025,-1.7699025,-1.7759012,-1.9416376,-1.7839332,-1.6456286,-0.7633952,-1.4980172,-1.1921864,-1.1921862,-1.1853487,-1.2886616,-1.16626,-1.756054,-0.40620732,-1.4297132,-1.5858437,-1.5858433,-1.5785935,-1.4491956,-0.93534344,-0.9110311,-0.48976964,-1.8892819,-2.1253686,-2.12537,-1.6641785,-1.8500981,-0.9789737,-1.3621455,-0.73300636,-1.6816365,-1.3071682,-1.3071686,-1.3459582,-1.3585122,-1.3294235,-1.1053238,-0.82950675,-2.5073836,-1.7385291,-1.7385288,-1.8039844,-1.7405568,-1.9953765,-1.3470362,-1.0866115,-0.7430755,-1.1286985,-1.1286987,-1.6516345,-0.8879565,-1.5575483,-1.314996,-0.9520176,-1.649888,-1.4618345,-1.4618351,-1.4875683,-0.91709477,-1.4655482,-1.5095103,-0.77682596,-0.70348513,-0.7002949,-0.7002949,-0.6861043,-0.6254099,-0.7925142,-0.63552105
CC(C)=CCCC(C)=CC(=O),-2.06,-3.4055634,-2.9722703,-2.6826856,-2.6826859,-2.6731453,-2.9980261,-2.6349711,-2.884391,-2.4988308,-2.514641,-2.2005882,-2.2005885,-2.1706758,-2.3779578,-2.232447,-2.7584321,-2.177307,-2.6709383,-2.6552114,-2.6552112,-2.6520977,-2.5775,-2.494184,-2.3115726,-2.9970117,-2.607002,-2.8829663,-2.8829682,-2.7538364,-2.5907323,-1.8031654,-2.3189406,-2.3748536,-2.7457757,-2.594849,-2.594849,-2.619554,-2.7424924,-2.5553992,-2.7285366,-2.9802709,-3.2001357,-3.2885857,-3.2885857,-3.3023026,-3.284314,-3.2441583,-4.156467,-1.9407749,-2.9253356,-2.5769577,-2.576958,-3.39189,-2.449422,-3.379654,-2.6123464,-2.227117,-2.2592533,-2.1072779,-2.1072779,-2.0641084,-1.1671257,-2.0689702,-2.6042242,-2.0923326,-2.896151,-2.839154,-2.839154,-2.8358302,-2.923342,-2.7348988,-2.311329
C1CC=CC1,-2.1,-1.5240978,-1.5271875,-0.9428687,-0.9428686,-0.92431444,-1.0114316,-0.92094374,-0.980042,-2.4304173,-0.78664064,-1.2960095,-1.2960088,-1.2808644,-1.3253642,-1.2947311,-1.0352556,-2.028448,-1.1002208,-1.1553324,-1.1553323,-1.1475487,-1.0899339,-1.0985296,-0.9052971,-1.5587898,-1.1639677,-1.5343597,-1.5343624,-1.2209632,-1.3257117,-0.42537117,-0.95554656,-2.1313975,-2.2416039,-1.1367167,-1.1367161,-1.054544,-1.264953,-0.9273745,-0.8256109,-2.2820103,-1.6029726,-1.4679674,-1.4679673,-1.4860442,-1.4792635,-1.4709241,-1.0425073,-2.177617,-2.7659962,-1.7595198,-1.7595203,-2.3686893,-1.7893771,-2.371556,-1.9171729,-2.1392052,-1.947072,-2.0469553,-2.046955,-2.0312274,-1.417756,-2.031486,-1.553123,-1.8852133,-1.4590763,-1.6785485,-1.6785481,-1.6682099,-1.6256555,-1.2964172,-2.4447048
CC(C)CCOC(=O)C,-1.92,-2.1561737,-2.5382347,-2.230055,-2.230055,-2.2318537,-2.5221481,-2.2069674,-2.340366,-1.7467228,-1.7723955,-1.4625071,-1.4625074,-1.4144627,-1.594593,-1.5103323,-2.0728028,-1.855496,-2.1636252,-2.2486537,-2.2486537,-2.2401462,-2.1353624,-2.2147584,-2.065981,-1.4225979,-1.8259959,-2.0700843,-2.0700865,-1.7164065,-1.8028775,-0.92803687,-1.5366116,-2.2809503,-2.3709025,-2.2552962,-2.2552962,-2.2957587,-2.3802714,-2.2560058,-2.090595,-2.0921266,-2.8786805,-2.2331405,-2.2331402,-2.2858646,-2.2937539,-2.5369384,-2.431821,-1.9604698,-1.9618481,-1.6538848,-1.6538851,-2.5998578,-1.2690902,-2.573944,-1.9372314,-1.9720093,-2.2250352,-2.0327175,-2.032718,-2.0831962,-1.3088119,-2.0681896,-2.4737315,-1.7776473,-1.2768346,-1.3489896,-1.3489895,-1.3586086,-1.3618613,-1.1404485,-1.2244341
NC(=S)Nc1ccccc1,-1.77,-1.7759022,-2.6160817,-2.392045,-2.3920453,-2.402129,-2.6511776,-2.4138331,-2.366141,-2.231626,-2.849336,-2.646177,-2.6461778,-2.5959232,-2.629127,-2.673491,-2.9165704,-1.8709911,-1.9587286,-2.1256385,-2.1256385,-2.123557,-2.0035157,-1.4853678,-1.3532369,-1.8573366,-2.293889,-2.4859421,-2.4859455,-2.0649183,-2.2154884,-1.3879442,-1.9370122,-1.8778311,-2.1379876,-1.9125689,-1.9125687,-1.9639336,-2.0244534,-1.9758629,-2.0501866,-1.4870217,-2.5084002,-2.260208,-2.2602081,-2.1758137,-2.3221364,-2.3759108,-2.2423182,-1.9709371,-1.0816458,-1.250515,-1.2505152,-1.4336197,-1.0641854,-1.3500544,-1.2712183,-1.9082321,-3.775167,-3.4439514,-3.4439511,-2.954753,-2.4386463,-2.9229927,-3.2173364,-1.7206293,-1.7088724,-1.7722427,-1.7722429,-1.7689295,-1.7165782,-1.8108777,-1.7438036
CCCC(=C)C,-3.03,-1.8158458,-1.9206289,-1.3806614,-1.3806616,-1.3773612,-1.5693426,-1.3450727,-1.4829189,-3.1904774,-1.2157189,-1.3083264,-1.308326,-1.3030543,-1.2315294,-1.2982206,-1.5099149,-3.011062,-1.4759818,-1.6457937,-1.6457936,-1.6348088,-1.4981905,-1.6466485,-1.5300903,-2.5393167,-1.9030176,-2.187568,-2.1875696,-1.9496764,-1.8671039,-1.065922,-1.5369501,-3.2566013,-1.8173943,-1.4901797,-1.4901794,-1.521559,-1.5287764,-1.4829695,-1.1222242,-2.5108695,-2.0787919,-2.0906317,-2.090632,-2.114907,-2.061615,-2.0446835,-1.58275,-2.9251084,-3.933536,-2.773952,-2.7739525,-3.8778243,-2.6617708,-3.9437845,-2.8742044,-2.9711208,-1.7287592,-1.6680413,-1.6680418,-1.7033457,-1.0950496,-1.674437,-1.8187363,-3.2120895,-3.3916965,-3.331827,-3.3318276,-3.2269807,-3.4316132,-3.1976507,-3.511052
O=C1NC(=O)NC(=O)C1(CC)C(C)CCC,-2.39,-2.7085106,-3.4051957,-3.2627933,-3.2627938,-3.262469,-3.5724285,-3.23085,-3.6345496,-2.1114905,-2.036277,-1.6166695,-1.6166697,-1.5810525,-1.7681235,-1.5953751,-2.3535655,-2.452705,-3.8957946,-3.671512,-3.671512,-3.6673348,-3.794018,-2.7083526,-2.2279181,-2.4700308,-3.3994763,-3.2950869,-3.2950885,-2.8903205,-3.0221357,-2.0681944,-3.109076,-2.557592,-3.2083244,-3.231922,-3.2319221,-3.2155151,-3.3885381,-3.1664643,-2.7928598,-2.4579942,-3.2141736,-3.616957,-3.6169572,-3.3976085,-3.5682929,-3.2357655,-4.38662,-2.3854227,-1.9463238,-2.478507,-2.4785066,-2.5099647,-2.6710942,-2.4235,-2.7376769,-1.9547873,-2.4342966,-2.094881,-2.094881,-2.1321368,-1.2156292,-2.1401052,-3.0031888,-2.29706,-2.2999663,-2.2947695,-2.2947688,-2.349297,-2.3943038,-2.4674942,-2.4709945
Cc1cc(=O)[nH]c(=S)[nH]1,-2.436,-2.1641443,-2.356033,-2.1808293,-2.1808295,-2.1757686,-2.3517768,-2.1829307,-2.3274689,-2.3667445,-1.7831701,-1.6222794,-1.6222789,-1.6340816,-1.6073452,-1.5954511,-1.9289222,-2.3177934,-1.4856819,-1.5527008,-1.5527005,-1.5450909,-1.46886,-1.1395388,-1.0006936,-2.2147217,-1.1476108,-1.6199965,-1.6199987,-1.181394,-1.3326491,-0.4301411,-1.0689164,-2.879578,-1.8515017,-1.6179277,-1.6179276,-1.62042,-1.7085025,-1.561434,-1.2491605,-2.6455727,-2.0523472,-1.9691737,-1.9691734,-1.9965878,-2.0217512,-1.9803212,-1.7181792,-2.413467,-1.1629082,-0.45093107,-0.45093146,-1.2725128,-0.6319138,-1.175219,-0.77120566,-2.444471,-2.4912782,-2.2068758,-2.2068763,-2.2513213,-1.6994328,-2.2031696,-2.0535607,-2.4176075,-2.3798685,-2.4070032,-2.4070032,-2.4239163,-2.5230577,-2.3988166,-2.4887795
Cc1cccc2c(C)cccc12,-4.678999999999999,-2.9084368,-2.5694373,-2.4316657,-2.431666,-2.4291658,-2.6460757,-2.4376318,-2.9067664,-4.280644,-3.03932,-4.041595,-4.0415945,-4.0091324,-4.145958,-4.0461674,-3.936081,-4.4216022,-2.505446,-2.8377798,-2.8377795,-2.8342626,-2.645041,-3.9338255,-3.5015943,-4.4176927,-4.9868608,-4.7353,-4.735303,-4.7621136,-4.2921567,-3.9720173,-4.511001,-5.221801,-4.4084415,-4.427849,-4.427848,-4.5711646,-4.645685,-4.5845346,-5.4359756,-4.699609,-2.6920295,-2.9182944,-2.918295,-2.9628754,-2.89314,-2.7750292,-3.0149152,-4.6418295,-4.9686723,-4.8830585,-4.883059,-5.2586756,-4.93813,-5.284578,-4.6602597,-4.7399945,-4.5023904,-4.478276,-4.4782767,-4.449064,-3.353915,-4.4712534,-4.607853,-4.7215586,-4.0991096,-4.343606,-4.3436055,-4.2931647,-4.251339,-4.0162683,-4.651347
CCOC(=O)CC(=O)OCC,-0.82,-1.4482225,-2.9561727,-2.6726189,-2.6726189,-2.6638348,-2.913388,-2.652158,-2.533577,-0.97133684,-2.218116,-0.8620065,-0.86200684,-0.8161444,-1.1671808,-0.7792523,-1.8708907,-0.82027656,-2.1650503,-2.157773,-2.157773,-2.147722,-2.0724518,-1.1358184,-1.2507042,-0.84612465,-1.2857131,-1.5525312,-1.5525331,-0.9806135,-1.3333272,-0.3081236,-0.86597365,-1.1464189,-3.089067,-2.958911,-2.9589112,-2.8937323,-3.0927236,-2.811259,-2.4816134,-0.77780896,-3.3854487,-3.5269263,-3.5269268,-3.3489459,-3.4568775,-3.5057678,-4.0458717,-0.8468668,-1.1604414,-1.6287295,-1.62873,-1.8727666,-1.5843248,-1.8642504,-1.6187009,-0.8582698,-1.848386,-1.4390851,-1.4390854,-1.5105351,-0.78758824,-1.458857,-2.2311125,-0.90509015,-0.79908234,-0.79518163,-0.79518133,-0.82422906,-0.72938716,-0.8410966,-0.96022785
O=C(C=CC=Cc2ccc1OCOc1c2)N3CCCCC3,-3.46,-4.4017105,-5.1886773,-5.074009,-5.074009,-5.086745,-5.591556,-5.108828,-5.0359354,-4.106646,-5.576277,-4.7519855,-4.7519865,-4.761826,-5.224201,-4.7952933,-4.412785,-3.7056568,-5.026047,-4.875752,-4.875752,-4.8011518,-4.621146,-3.9715488,-3.6318865,-3.569879,-4.889172,-4.6941814,-4.694183,-4.707598,-4.2151995,-3.9809134,-4.222481,-3.7466724,-4.920192,-4.7427044,-4.742705,-4.796356,-5.1137896,-4.948471,-5.070297,-3.6920495,-5.515826,-4.8002024,-4.8002024,-4.9402366,-4.6746273,-5.0125713,-4.7164445,-3.1882539,-4.1193357,-4.548135,-4.5481353,-4.939999,-4.519522,-4.823817,-4.3548217,-3.8511512,-5.907771,-5.6390033,-5.6390033,-5.6555495,-4.531053,-5.5708976,-5.503559,-3.377522,-3.4508538,-3.451969,-3.4519677,-3.4665396,-3.589161,-3.4719954,-3.509242
ClCBr,-0.89,-1.15643,-0.86571443,-0.30819568,-0.30819574,-0.3140125,-0.47291467,-0.33763424,-1.2403486,-0.8515608,-0.26731864,-1.155908,-1.1559083,-1.1516494,-1.2818037,-1.1257489,-0.36487302,-0.9370078,-1.3820783,-1.4372073,-1.4372073,-1.432941,-1.3720266,-2.314995,-2.1077945,-1.1046348,-0.9662744,-1.3737699,-1.3737714,-0.87894285,-1.0754769,-0.15509254,-0.686223,-0.8884924,-1.8098507,-1.9580953,-1.9580953,-1.9368757,-2.0615387,-1.9653227,-1.1989229,-1.001795,-1.1224335,-0.7814769,-0.78147686,-0.7834282,-0.84026015,-0.7780455,-1.7078527,-0.78345627,-1.2844623,-0.68663645,-0.68663657,-1.3180889,-0.48107827,-1.2380973,-1.0077717,-0.87256896,-1.3225477,-1.1934725,-1.1934726,-1.1946186,-1.0208087,-1.202611,-0.92002296,-1.8852133,-1.4590763,-1.6785485,-1.6785481,-1.6682099,-1.6256555,-1.2964172,-2.4447048
CCCCN(CC)c1c(cc(cc1N(=O)=O)C(F)(F)F)N(=O)=O,-5.53,-4.9403906,-4.913309,-4.588924,-4.5889235,-4.580678,-4.8867936,-4.554581,-4.7269297,-5.565216,-2.1961265,-3.2995267,-3.299527,-3.224251,-3.04634,-3.30878,-3.0894842,-5.508405,-4.6522427,-4.3190074,-4.319007,-4.3072715,-4.722586,-5.0846534,-4.645343,-5.602407,-6.27476,-5.7071114,-5.7071123,-5.705718,-5.2957892,-5.0888314,-5.2845235,-5.742665,-4.5785265,-4.7111473,-4.711148,-4.662147,-4.9616265,-4.5794415,-4.752095,-4.3356466,-4.1167626,-4.4492044,-4.4492044,-3.6487358,-4.373921,-3.316255,-4.7467194,-5.3204966,-3.3769724,-3.8045928,-3.8045933,-4.0367403,-3.9611127,-3.9625573,-4.4256287,-5.560041,-4.593283,-5.3390613,-5.339061,-5.411843,-3.343833,-5.1899877,-5.4419127,-5.364127,-5.444604,-5.4951215,-5.495121,-5.5184073,-5.670217,-5.7141523,-5.5898623
CC1(C)C(C=C(Br)Br)C1C(=O)OC(C#N)c2cccc(Oc3ccccc3)c2,-8.402000000000001,-7.2116265,-7.9087005,-6.9639153,-6.9639153,-6.954992,-7.29511,-6.9353395,-6.019458,-7.811038,-5.9419947,-5.433581,-5.433582,-5.4099154,-5.784155,-5.4987764,-5.959853,-8.532901,-7.5106926,-7.642764,-7.642764,-7.7087474,-7.817997,-8.208512,-8.342228,-8.126138,-7.344458,-6.640097,-6.6400986,-6.9258633,-6.3449883,-6.3621116,-7.0125356,-8.207509,-6.633293,-6.441641,-6.4416404,-6.4287896,-6.595666,-6.451805,-6.2129087,-6.2142596,-5.708467,-5.3323345,-5.332334,-5.1397176,-5.5761266,-5.3041625,-5.2236896,-6.3902025,-5.600458,-5.3460855,-5.3460855,-5.848401,-5.355336,-5.7860384,-5.317701,-8.288832,-7.111049,-7.0163045,-7.016305,-7.083687,-7.0277214,-8.242155,-7.5876427,-8.179236,-8.224405,-8.458019,-8.458017,-8.4526005,-8.794076,-8.363578,-8.349899
Clc1ccc(Cl)c(c1)c2cc(Cl)c(Cl)c(Cl)c2Cl,-7.68,-7.769849,-5.071883,-4.942535,-4.9425354,-4.9437513,-5.22259,-4.96104,-6.25885,-8.338402,-7.90255,-7.965663,-7.9656653,-7.8883443,-7.7560816,-8.014016,-7.798774,-7.8105164,-6.4616766,-6.897172,-6.897172,-6.9115415,-6.7525945,-8.147458,-7.8263083,-7.8326006,-8.0456295,-8.334612,-8.334612,-8.344502,-7.811135,-7.736641,-7.885476,-7.891103,-4.0338163,-4.313002,-4.313002,-4.3490725,-4.461354,-4.514877,-7.0081015,-8.689549,-3.2468035,-3.0456328,-3.045633,-3.1108787,-3.0909903,-3.1921773,-3.429126,-7.924114,-6.0003595,-7.5906935,-7.5906935,-6.824851,-7.9409094,-6.848853,-8.059615,-7.8064027,-9.054359,-8.5348,-8.5348,-8.552042,-7.347036,-8.5612955,-8.52643,-7.5023756,-8.099802,-7.854915,-7.854913,-7.862215,-8.095891,-7.9280205,-7.886555
ClC1C=CC2C1C3(Cl)C(=C(Cl)C2(Cl)C3(Cl)Cl)Cl,-6.317,-6.89534,-4.032638,-4.5012717,-4.501272,-4.4943223,-4.9215655,-4.5073876,-7.0063577,-6.3697686,-5.720635,-5.79048,-5.79048,-5.7682705,-5.7679462,-5.7565956,-6.2761493,-6.248679,-6.552177,-6.3593664,-6.3593664,-6.502775,-6.5655503,-5.763101,-6.0167594,-5.7844553,-5.818298,-5.719812,-5.7198133,-6.060796,-5.5157495,-5.1698384,-5.6947613,-6.7093887,-3.2037244,-3.5131867,-3.5131862,-3.4818563,-3.7991064,-3.4544723,-4.667038,-6.733953,-2.5665848,-2.8589172,-2.8589172,-2.9170895,-2.842808,-2.7243085,-3.130521,-6.5557337,-4.423806,-5.9374895,-5.9374895,-4.8822985,-5.9006505,-4.939033,-6.4671435,-6.275538,-6.4195466,-6.3216424,-6.321643,-6.3599715,-5.53691,-6.302332,-6.7473655,-6.245604,-6.367841,-6.4605393,-6.4605384,-6.4894843,-6.671459,-6.3673253,-6.8292475
CN(=O)=O,0.26,0.38127297,-1.321513,-0.6653988,-0.6653989,-0.6469782,-0.6893443,-0.65239906,-0.6659799,0.2163482,0.2810571,0.34289128,0.34289098,0.33788896,0.17094153,0.3392193,0.04027891,0.1289868,-0.8543095,-0.82028496,-0.82028496,-0.81502974,-0.7805269,-0.38081673,-0.64317113,0.1999228,-0.6235559,-0.97477597,-0.9747764,-0.4453334,-0.6120728,0.21542804,-0.4238574,0.13292058,-1.6596006,-0.87851286,-0.87851274,-0.90608746,-0.98674476,-0.92467487,-0.480082,0.1399576,-1.2091073,-0.78508765,-0.7850877,-0.7869802,-0.83988464,-0.8440404,-0.57450825,0.31571406,-0.6160141,0.8728885,0.87288857,-0.4112917,0.7235953,-0.3032898,0.19078445,0.14725824,-0.33633247,-0.17113912,-0.1711393,-0.21924299,0.03331512,-0.12818545,-0.18458343,-0.86425656,-0.8188265,-0.852069,-0.852069,-0.84615445,-0.73753214,-0.78459257,-0.6559841
Oc1c(I)cc(C#N)cc1I,-3.61,-4.0955305,-3.6501443,-3.7421994,-3.7421994,-3.7559721,-4.256229,-3.7781312,-6.797254,-3.6363597,-5.764369,-5.335901,-5.335902,-5.309468,-5.3469987,-5.3094244,-4.3744555,-3.735766,-4.938132,-5.037821,-5.0378203,-5.0467887,-5.2968283,-5.3463764,-4.6299872,-3.3768964,-1.1293288,-2.048742,-2.048744,-1.7247525,-1.4945663,-0.99478775,-1.6885076,-3.750935,-2.3262978,-2.6854095,-2.6854095,-2.6183233,-2.9509866,-2.53987,-3.6881192,-3.8991573,-3.0425937,-3.424724,-3.424724,-3.5583866,-3.400037,-3.4470565,-4.2804723,-3.783139,-0.5810473,-1.2110895,-1.2110889,-1.3962024,-1.1309973,-1.3037437,-1.2952486,-3.590365,-4.384633,-4.4849195,-4.48492,-4.549006,-3.9502327,-4.546028,-4.0350275,-3.6029963,-3.39786,-3.5095842,-3.509583,-3.5143614,-3.5080569,-3.3164802,-3.6322465
CCC1(C(=O)NC(=O)NC1=O)c2ccccc2 ,-2.322,-2.6426952,-3.3270004,-3.344041,-3.3440413,-3.3484118,-3.676271,-3.325564,-3.963988,-2.4316258,-2.49459,-2.1311328,-2.1311326,-2.0953217,-2.1643171,-2.1115348,-2.8142877,-2.4168057,-3.9209778,-3.7113917,-3.7113914,-3.7038689,-3.8839884,-2.6871357,-2.2594502,-2.3756993,-2.872432,-2.8181703,-2.8181722,-2.462482,-2.4391906,-1.6881768,-2.0889852,-2.6423848,-3.1462612,-3.1697025,-3.1697023,-3.1355815,-3.2990625,-3.0797536,-2.5274405,-2.1821718,-2.8930888,-3.3226962,-3.322696,-3.3604496,-3.296437,-3.030511,-3.9215498,-2.1620789,-1.7934731,-2.2189114,-2.2189116,-2.3103495,-2.3891914,-2.2227774,-2.5091293,-2.4216626,-2.9034152,-2.4667633,-2.4667637,-2.5016332,-1.6149001,-2.4748745,-3.2072644,-2.2867882,-2.2212405,-2.268922,-2.268922,-2.277082,-2.404412,-2.3180664,-2.3475776
Fc1ccccc1Br,-2.7,-2.183244,-2.205637,-1.9973664,-1.9973663,-2.0029368,-2.203919,-2.01039,-1.9197544,-2.3975816,-1.8572822,-1.7598714,-1.7598722,-1.766527,-1.7117708,-1.7470182,-1.834305,-2.739798,-1.5734861,-1.7062819,-1.7062819,-1.7014904,-1.5858419,-2.158307,-1.9956989,-2.1168723,-2.3766158,-2.5670135,-2.5670142,-2.1864903,-2.3706293,-1.409301,-1.8619083,-2.6536958,-1.7101682,-1.6100394,-1.6100391,-1.5544543,-1.6819849,-1.5110383,-1.8123596,-2.5725853,-2.2495582,-2.3377867,-2.3377872,-2.4018595,-2.3357832,-2.4242013,-2.5235858,-2.6214843,-1.571891,-0.87186307,-0.8718632,-1.8579026,-0.6157386,-1.7630695,-1.3727313,-2.5726027,-2.2889807,-2.1453083,-2.1453085,-2.1740565,-1.8599099,-2.154015,-2.1014564,-2.4666905,-3.0518453,-2.726877,-2.7268775,-2.773065,-2.8942525,-3.2647367,-2.803173
CCCCCCCCOC(=O)c1ccccc1C(=O)OCCCCCCCC ,-5.115,-5.6709204,-8.1524,-7.132072,-7.132071,-7.099645,-7.522921,-6.9674864,-5.8472815,-5.971389,-5.2095866,-6.7407026,-6.7407036,-6.6247573,-7.06219,-6.7091427,-7.528016,-5.4348054,-7.1839786,-8.135476,-8.135476,-8.241694,-8.217531,-7.337324,-7.2689424,-5.672824,-7.9562697,-7.351817,-7.351819,-7.3973384,-6.579493,-7.2702236,-7.1593385,-5.696461,-8.820032,-8.141994,-8.141993,-7.9995255,-8.197355,-6.997947,-6.470143,-5.270627,-7.063315,-6.908803,-6.908803,-6.169439,-7.65951,-6.9970984,-6.0704026,-5.288327,-6.839812,-6.305012,-6.3050117,-6.714254,-5.9577823,-6.501765,-6.752003,-6.2706556,-7.6651254,-7.9671817,-7.967183,-7.981602,-6.297342,-8.11703,-7.0055594,-5.0523973,-8.699699,-8.530961,-8.530957,-8.234346,-9.406869,-9.566103,-5.3884025
CNC(=O)Oc1cc(C)cc(C)c1,-2.5810000000000004,-2.9444184,-3.1388667,-2.9631374,-2.9631374,-2.9700797,-3.2714918,-2.9924846,-3.2474394,-2.8863778,-2.2871714,-1.8633095,-1.8633099,-1.8455601,-2.0046816,-1.8750161,-2.1200843,-2.3349087,-2.9301348,-3.0344694,-3.0344694,-3.0244527,-2.9116132,-2.8918986,-2.666372,-2.3525064,-2.4457815,-2.658999,-2.6590009,-2.3769054,-2.4513812,-1.6402618,-2.298805,-2.6405184,-2.7495203,-2.5502148,-2.5502152,-2.5782406,-2.7053661,-2.5701647,-2.313421,-2.4742699,-3.3048196,-2.9350913,-2.9350915,-2.9817502,-3.0363288,-3.1836293,-2.797776,-2.4048038,-2.745314,-2.6967103,-2.6967106,-3.079876,-2.722088,-3.0032277,-2.8542929,-2.3650153,-2.2077124,-1.9621962,-1.9621966,-2.0169919,-1.290809,-1.998997,-2.4763703,-2.5417848,-2.6351388,-2.5813768,-2.5813773,-2.58475,-2.67421,-2.645273,-2.6526062
Cc2cnc1cncnc1n2,-0.8540000000000001,-1.3158077,-2.326426,-2.1222355,-2.1222355,-2.1284041,-2.355005,-2.1394682,-2.319661,-1.2384561,-1.8600308,-1.4790958,-1.4790947,-1.4590175,-1.6697732,-1.4764576,-1.9073852,-0.7303726,-1.6112787,-1.7107174,-1.7107176,-1.7056134,-1.5774527,-1.5460649,-1.553933,-0.15328194,-1.3797525,-1.9100891,-1.9100899,-1.343783,-1.5582576,-0.71596694,-0.9384702,-0.98486376,-2.0447135,-2.0026815,-2.0026815,-2.0523229,-2.0229375,-2.1052618,-1.7643405,-0.86452025,-2.6238277,-2.6477969,-2.6477969,-2.68594,-2.6851628,-2.660204,-2.8590646,-0.5524059,-2.0839012,-1.6999018,-1.6999022,-2.266228,-1.4135692,-2.1871037,-1.7529078,-1.192054,-2.4866297,-2.1819587,-2.1819592,-2.1698706,-1.4110368,-2.220427,-2.0086517,-0.87210435,-0.804273,-0.8522601,-0.85225964,-0.85104597,-0.9403297,-0.70398676,-0.78480893
NC(=N)NS(=O)(=O)c1ccc(N)cc1 ,-1.99,-2.1331573,-3.2691004,-2.8505812,-2.850581,-2.8504632,-3.0778875,-2.8539138,-2.7246706,-2.1604629,-2.094531,-1.3753994,-1.375399,-1.3552424,-1.4347295,-1.3920634,-1.838317,-2.0232673,-3.0804405,-2.8484042,-2.8484044,-2.8349762,-2.850422,-0.7781515,-0.64063054,-1.8507717,-2.197037,-2.647646,-2.6476474,-2.141515,-2.3423615,-1.476765,-1.716773,-2.3406978,-3.0949612,-3.0725155,-3.0725152,-3.1052003,-3.1753073,-3.164677,-2.6315439,-2.3417122,-3.586243,-4.1427574,-4.1427574,-4.2565227,-4.042718,-3.9375098,-5.156052,-2.079063,-2.1673336,-2.4067523,-2.4067523,-2.606174,-2.3147247,-2.4932199,-2.5360262,-1.860997,-2.73734,-2.4347935,-2.434794,-2.492216,-1.5891062,-2.4253783,-2.4348912,-1.9843132,-1.9985646,-1.9720588,-1.9720595,-1.9664191,-2.1009862,-2.0466933,-2.089667
CC=C(C)C,-2.56,-2.393725,-1.7688984,-1.1570638,-1.1570642,-1.1509457,-1.1940298,-1.1594247,-1.0808307,-2.9667401,-1.1617044,-0.87095374,-0.87095416,-0.87157845,-1.0055904,-0.84269965,-1.5095621,-1.783119,-1.2894329,-1.390737,-1.3907366,-1.3825731,-1.3222216,-1.4050174,-1.3802596,-2.3001091,-1.6906297,-1.9107099,-1.9107107,-1.6041318,-1.6646668,-0.77859354,-1.3377365,-2.4834473,-1.5857207,-1.6099956,-1.6099955,-1.5742351,-1.6357714,-1.5524775,-0.7070867,-2.019198,-1.6598083,-1.4754252,-1.4754255,-1.4726673,-1.4729717,-1.4580152,-1.1031265,-2.7522767,-2.947294,-1.8757433,-1.8757433,-2.609597,-2.0802786,-2.6204946,-2.2770214,-2.504539,-1.7606503,-1.6039771,-1.6039772,-1.6332909,-1.0396227,-1.5912882,-1.9987737,-2.5536916,-1.9410559,-1.8978602,-1.8978598,-1.9121863,-1.8862367,-1.8900741,-1.8544704
c1ccc2ncccc2c1,-1.3,-1.5619581,-2.2022538,-2.0166876,-2.0166876,-2.0208669,-2.2144737,-2.0279064,-1.9359312,-2.2824295,-2.6281285,-2.4595547,-2.459555,-2.4482496,-2.5319319,-2.4452043,-2.5723827,-1.4570036,-1.6751827,-1.9161166,-1.9161165,-1.9092764,-1.741172,-2.0700324,-1.851218,-1.7315079,-3.3176124,-3.4639778,-3.4639792,-3.1259081,-3.065017,-2.3784714,-2.3497324,-1.4466002,-1.7780223,-1.9549551,-1.9549549,-1.9496199,-1.9768517,-1.9453278,-1.6931723,-1.0681895,-2.3036377,-2.357522,-2.3575225,-2.3848288,-2.365595,-2.3024638,-2.1687453,-1.61439,-2.4969742,-1.2412664,-1.2412665,-2.5169601,-1.040777,-2.4208019,-1.6280738,-1.7238973,-3.0879297,-3.0877328,-3.0877326,-3.0961494,-2.6814423,-3.087332,-2.9702191,-1.3600181,-1.264294,-1.3154942,-1.3154947,-1.2986077,-1.3914087,-1.3402086,-1.2796296
COCC(=O)N(C(C)C(=O)OC)c1c(C)cccc1C ,-1.601,-2.809699,-4.123857,-3.8939493,-3.893949,-3.8857553,-4.241866,-3.82688,-3.8975549,-2.0771782,-2.6874917,-2.320777,-2.3207772,-2.2606514,-2.5149693,-2.2821321,-2.6494222,-2.0217872,-3.8131144,-3.4260066,-3.426007,-3.40125,-3.7147872,-2.457482,-1.7837201,-1.9633709,-2.5614865,-2.8061187,-2.806121,-2.349664,-2.482868,-1.7879238,-2.1977556,-2.3243568,-4.215674,-4.275657,-4.275657,-4.201367,-4.479676,-4.1059966,-2.920438,-2.792587,-3.4548995,-3.9759264,-3.9759262,-4.0365543,-3.9438267,-3.8131866,-4.5992327,-2.6569715,-2.8307974,-3.019431,-3.0194316,-3.4262114,-2.8217008,-3.3696454,-3.1342998,-1.8976014,-2.969949,-2.9608212,-2.9608212,-2.9996774,-1.9426467,-2.9921155,-3.7382963,-1.6355419,-3.8489237,-4.0105844,-4.010583,-4.1374707,-4.347184,-3.866208,-5.2548614
Fc1cccc(F)c1,-2.0,-0.57793456,-2.1085963,-1.8925431,-1.8925432,-1.8942357,-2.0477517,-1.9002622,-1.5883049,-1.9135832,-0.23796281,-0.5659284,-0.5659288,-0.5742004,-0.6299096,-0.5427231,-0.40272114,-1.3474224,-1.2144171,-1.3465226,-1.3465227,-1.3410966,-1.2429225,-1.1120884,-1.1337614,-1.4600202,-1.7267209,-2.1307611,-2.1307626,-1.6417578,-1.8345361,-0.9480613,-1.2102629,-1.951791,-2.6872182,-1.7189178,-1.7189178,-1.6844848,-2.3101614,-1.5557008,-1.7805983,-2.1404033,-2.1993003,-2.3756187,-2.375619,-2.4400215,-2.3478353,-2.3894305,-2.1083782,-2.1283412,-1.4912194,-0.9316379,-0.93163776,-1.6039225,-0.90724427,-1.5003124,-1.1292937,-1.9837961,-1.1178769,-0.8751324,-0.8751327,-0.8947859,-0.8223092,-0.85933053,-0.9451131,-2.0175064,-2.7874098,-2.69574,-2.69574,-2.7093167,-2.7282703,-3.0848603,-2.686125
C=CC=C,-1.87,-1.8976551,-1.2706144,-1.0639352,-1.0639352,-1.0809263,-1.2860752,-1.0608637,-0.40907183,-1.6371552,-0.57151914,0.36836097,0.3683605,0.364493,0.16699243,0.39416286,-0.705008,-1.6825701,-0.879248,-0.8132249,-0.8132249,-0.8050632,-0.72205645,0.18112178,0.059938285,-1.4536855,-0.65955526,-1.0535808,-1.0535828,-0.59209394,-0.75099975,0.12860657,-0.5645596,-2.8397968,-3.3469248,-1.9233458,-1.9233459,-2.2720246,-2.1924407,-2.4368925,-1.4112582,-1.7340586,-1.8552028,-1.6546185,-1.6546186,-1.6662251,-1.6280607,-1.6406777,-0.74186,-1.9563482,-2.9307907,-1.9720029,-1.9720033,-2.9673958,-1.6077899,-2.9733455,-2.2393172,-1.8263886,-0.48948583,-0.54856217,-0.54856217,-0.5427784,-0.3203366,-0.54451656,-1.054471,-1.903693,-2.1481795,-2.1406918,-2.1406915,-2.0423217,-2.200377,-2.1124897,-2.1622713
Nc3cc2c1ccccc1ccc2c4ccccc34 ,-6.2,-6.1091413,-3.5079305,-3.5584195,-3.558419,-3.5706031,-4.0175114,-3.593985,-5.5039024,-5.6873612,-5.111012,-5.372531,-5.372531,-5.3084836,-5.778138,-5.38843,-5.491658,-6.3988338,-4.495319,-4.9086432,-4.9086432,-4.8736787,-4.6059546,-5.6495843,-4.835915,-6.089954,-6.0952578,-6.1928396,-6.1928415,-6.168218,-5.743301,-5.3810773,-5.458995,-6.200157,-2.9350529,-2.840145,-2.8401453,-2.8554144,-3.0372622,-2.8271227,-3.1961546,-6.808409,-3.852431,-4.1398344,-4.1398344,-4.2454343,-4.079639,-4.057524,-4.57597,-6.006216,-4.2554154,-3.783791,-3.7837913,-4.3820505,-3.5824463,-4.2215705,-3.8098729,-5.811797,-4.644119,-4.3877816,-4.387781,-4.432798,-3.1475267,-4.4200463,-4.1879454,-5.9805784,-5.782732,-6.1906924,-6.1906924,-6.225412,-6.7805843,-6.008949,-6.37006
c1(O)c(C)ccc(C(C)C)c1,-2.08,-2.467976,-2.5181596,-2.1865418,-2.1865418,-2.1896706,-2.39413,-2.2039104,-2.600594,-2.0728452,-2.4653602,-2.3732574,-2.373258,-2.3384387,-2.5277376,-2.3729932,-2.9520838,-1.9340887,-2.6511679,-2.7894375,-2.7894375,-2.7819738,-2.6335015,-2.479572,-2.3754017,-2.4533556,-2.9581172,-2.9175448,-2.9175465,-2.6473026,-2.5988374,-1.8647072,-2.3616915,-1.9971682,-2.5404806,-2.9478126,-2.9478123,-2.9586973,-2.9307978,-3.007002,-2.1032343,-1.9707114,-2.6133358,-2.193162,-2.193162,-2.2179549,-2.2780397,-2.3739023,-2.1630664,-2.5181227,-2.322193,-2.2173889,-2.217389,-3.1131663,-1.8813632,-3.0000863,-2.1942747,-2.2346454,-2.0299158,-1.8417467,-1.8417467,-1.9054232,-1.0686854,-1.8760922,-2.310237,-2.0816996,-1.945793,-1.9333935,-1.9333932,-1.9368438,-1.8876183,-1.9187628,-1.8567588
CCc1ccccc1,-2.77,-1.6527723,-2.1523204,-1.6205498,-1.6205499,-1.6225768,-1.7440076,-1.6346241,-1.4737997,-2.8294137,-2.0436232,-2.256324,-2.256324,-2.2351074,-2.2422936,-2.2470376,-2.235698,-2.5641456,-1.7808456,-2.0252986,-2.0252984,-2.0154672,-1.8845392,-2.4401183,-2.233642,-2.7297614,-2.8407757,-2.8598902,-2.8598926,-2.5559733,-2.6155038,-1.7780871,-2.0953336,-2.4569688,-2.4318647,-2.192563,-2.1925628,-2.2974515,-2.285692,-2.39087,-2.6566026,-1.6717345,-2.2076905,-2.220608,-2.220608,-2.2408597,-2.2077143,-2.167131,-1.8246895,-2.7168055,-4.0755076,-3.5133219,-3.5133214,-4.0911403,-3.7077777,-4.1023808,-3.5026453,-2.5641167,-2.4916553,-2.3156853,-2.3156857,-2.3721602,-1.7194796,-2.326579,-2.2391193,-2.881345,-2.5749056,-2.7829723,-2.782972,-2.7539277,-2.7076588,-2.548526,-2.6427479
N#Cc1ccccc1,-1.0,-2.2140841,-2.061203,-1.845363,-1.8453633,-1.8538064,-2.0546775,-1.8579644,-1.6678544,-1.4074343,-1.6056682,-1.4161276,-1.4161273,-1.4215211,-1.3725642,-1.3907622,-1.7000455,-0.7144639,-1.4044946,-1.5543149,-1.5543149,-1.5463123,-1.4217209,-1.6012704,-1.604686,-1.7339437,-2.1891296,-2.4441721,-2.444174,-2.0667486,-2.1178675,-1.3046987,-1.6587731,-1.1040895,-2.1319141,-2.055877,-2.0558767,-2.091134,-2.3328366,-2.1699262,-1.4959494,-1.2769892,-2.148289,-1.5634855,-1.5634856,-1.603536,-1.6631767,-1.8078413,-1.9164219,-1.017741,-1.5773524,-1.4845599,-1.48456,-1.6905234,-1.4328862,-1.5901102,-1.5742444,-1.0083659,-0.79761463,-0.9324058,-0.9324064,-0.9823232,-0.6994285,-0.94555897,-1.0451587,-1.0022008,-1.629198,-1.783468,-1.7834675,-1.7889048,-1.8194115,-1.7389218,-1.2289639
NC(=O)CCl ,-0.02,-0.24310036,-1.6237364,-1.107705,-1.1077051,-1.1103879,-1.2080984,-1.1225749,-1.1921848,-0.34576282,-0.27053234,0.35790646,0.35790578,0.34954768,0.11039178,0.372021,-0.30121282,-0.13281944,-1.0115858,-1.0277677,-1.0277675,-1.0198308,-0.94278264,-0.3924084,-0.6096799,0.087791294,-0.81657064,-1.1977084,-1.1977103,-0.70176065,-0.9243845,-0.00418775,-0.56472456,-0.04798876,-1.6104214,-1.1123523,-1.1123521,-1.1411862,-1.0329705,-1.1348463,-0.8954749,-0.114485964,-1.4826168,-1.3262388,-1.326239,-1.3344687,-1.2708267,-1.2727969,-1.0348431,-0.13899538,-0.13780135,0.40694547,0.40694553,-0.033212982,0.519099,0.020585272,0.0271635,-0.048306208,-0.4380928,-0.7548843,-0.7548842,-0.76429766,-0.36483952,-0.7865813,-0.29928496,0.038957816,0.08675228,-0.031485964,-0.031485885,0.006395979,-0.22617166,-0.01715046,0.077215746
Nc1ccccc1Cl,-1.52,-1.2308044,-2.1859372,-2.0180738,-2.0180736,-2.0184522,-2.187958,-2.0254705,-1.7633812,-1.4897287,-1.7293111,-1.1436249,-1.143626,-1.1539826,-1.2990011,-1.1163758,-1.5882294,-1.0563151,-1.6312925,-1.7830871,-1.7830868,-1.774997,-1.682461,-1.4672973,-1.198479,-1.8069985,-2.5677588,-2.743212,-2.7432137,-2.3410199,-2.4517906,-1.5977459,-1.949071,-1.7106596,-1.6767658,-1.7393308,-1.7393305,-1.6900003,-1.7821994,-1.646394,-1.1109824,-1.6201484,-2.1348395,-2.1840978,-2.184098,-2.2147062,-2.1416862,-2.0910985,-1.4285954,-1.4927504,-0.7433587,-0.46945292,-0.46945256,-0.97938126,-0.12709495,-0.8999372,-0.744029,-1.7426293,-1.9556758,-1.8684405,-1.8684409,-1.8761235,-1.5824263,-1.8784261,-1.7777474,-1.5260779,-2.4808006,-2.634663,-2.634664,-2.6349046,-2.6519907,-2.7059662,-2.0075119
Oc1ccc(Cl)cc1C(=O)Nc2ccc(cc2Cl)N(=O)=O,-4.7,-4.669547,-5.0505915,-4.8926024,-4.8926034,-4.9039803,-5.322845,-4.9300537,-5.4650273,-4.894271,-3.5173707,-4.6732783,-4.673278,-4.5871134,-5.255483,-4.691324,-4.211327,-4.832177,-5.2914467,-5.128728,-5.128728,-5.1096964,-5.1985016,-4.3766627,-3.5752597,-4.6725874,-5.4425254,-5.514891,-5.5148916,-5.205244,-5.018002,-4.5051417,-4.4857388,-4.819293,-4.246663,-4.209262,-4.209262,-4.234508,-4.5495787,-4.2087574,-5.3773293,-4.6810503,-4.480302,-4.2421227,-4.2421227,-4.348778,-4.2232933,-4.348658,-4.2845283,-3.919087,-2.8689492,-3.6894379,-3.6894379,-3.6310844,-3.5603223,-3.5158226,-3.664744,-4.5704584,-4.0602365,-4.427743,-4.427743,-4.51986,-3.1806026,-4.9743958,-4.291945,-4.571737,-4.716713,-4.690051,-4.690051,-4.6796603,-4.9628606,-4.916734,-4.6726832
NS(=O)(=O)c2cc1c(NCNS1(=O)=O)cc2Cl ,-2.63,-3.47185,-3.816283,-3.6267068,-3.626707,-3.6284811,-3.9451144,-3.644576,-4.4668374,-2.6247494,-3.3687396,-3.6428096,-3.64281,-3.6193335,-3.4627457,-3.7459784,-4.06977,-2.8676715,-4.6682663,-4.508671,-4.508671,-4.529345,-4.4954195,-3.44294,-2.865248,-2.497524,-4.473367,-4.749776,-4.7497783,-4.3904657,-4.116796,-3.5856724,-3.2442076,-3.0263965,-3.0150852,-2.8860238,-2.886024,-2.8990078,-3.0481803,-2.840863,-2.9562788,-2.7575417,-3.1256688,-2.97589,-2.97589,-2.792257,-2.9817688,-2.947025,-3.0840266,-2.557445,-3.2606895,-3.26437,-3.2643695,-3.5798259,-3.1613398,-3.4538808,-3.6842673,-2.6879056,-4.361035,-4.165336,-4.1653357,-4.1715407,-3.1003613,-4.121448,-4.0738716,-2.5841315,-2.3699,-2.7921903,-2.79219,-2.7904105,-2.8404615,-2.4269907,-2.4595044
CN(C)C(=O)Nc2ccc(Oc1ccc(Cl)cc1)cc2,-4.89,-4.475193,-5.0618024,-4.941545,-4.9415445,-4.955514,-5.4407916,-4.9826827,-4.790978,-5.2192984,-5.4630876,-4.301787,-4.301788,-4.3488655,-4.852575,-4.281491,-4.3234315,-5.0959435,-5.2430887,-5.124752,-5.1247525,-5.006414,-4.860569,-4.4416976,-3.9206078,-4.7160964,-5.7484922,-5.592723,-5.592724,-5.465802,-5.090032,-4.8100295,-4.945314,-4.5835943,-4.479963,-4.378148,-4.3781476,-4.4510064,-4.691243,-4.6306787,-5.131334,-4.8437357,-5.261803,-4.882308,-4.882308,-5.0190887,-4.827087,-5.0366454,-4.5755506,-4.633654,-5.570919,-4.772953,-4.772953,-5.681904,-4.7528443,-5.474034,-5.130148,-4.587369,-4.841354,-4.6946945,-4.6946945,-4.686681,-3.5387928,-4.622368,-5.336757,-4.971347,-4.7995005,-4.8167777,-4.8167768,-4.8272014,-5.04293,-4.9919205,-4.8897915
CCc1cccc2ccccc12,-4.17,-3.9980342,-2.682451,-2.378277,-2.3782766,-2.3701735,-2.548118,-2.3704333,-2.6329758,-4.2055826,-3.2022924,-4.096439,-4.0964384,-4.053143,-4.175422,-4.107977,-3.916189,-4.2724485,-2.6171653,-2.9034774,-2.9034774,-2.893749,-2.7069986,-3.847713,-3.5089843,-4.0424705,-4.8790555,-4.641818,-4.6418185,-4.560666,-4.195828,-3.7942743,-4.2048073,-3.8938565,-2.1670995,-2.0404067,-2.0404065,-1.9958375,-2.132185,-1.8925159,-1.6721721,-3.7776349,-2.5891106,-2.8419404,-2.84194,-2.8720267,-2.8374565,-2.6945953,-3.1048691,-4.1333804,-5.668872,-4.0254116,-4.025412,-5.787781,-4.363416,-5.7736354,-4.1074367,-4.164453,-4.202621,-3.9790273,-3.9790268,-4.0072594,-2.9351187,-4.122701,-3.7278259,-4.1575294,-3.777597,-3.9482527,-3.948253,-3.8979976,-3.857867,-3.8064253,-4.0689383
CC(C)NC(=O)N1CC(=O)N(C1=O)c2cc(Cl)cc(Cl)c2,-4.376,-4.8649864,-5.254685,-4.999392,-4.999392,-5.0071864,-5.395495,-5.042811,-5.305501,-4.7628045,-4.71705,-3.5922601,-3.592261,-3.6424048,-4.065793,-3.58761,-2.7858138,-4.584722,-5.346979,-5.2506194,-5.2506194,-5.2031612,-5.3732014,-4.2483425,-3.7255256,-4.374379,-4.725699,-4.6248302,-4.624831,-4.4770365,-4.363113,-3.722094,-3.7213652,-4.539818,-4.6629777,-4.769372,-4.769371,-4.794831,-5.0715027,-4.9096675,-5.7291427,-4.3186274,-4.714314,-4.318228,-4.3182273,-4.403979,-4.229418,-4.4646144,-4.25742,-4.03634,-4.021634,-3.5412025,-3.541203,-4.051846,-3.585918,-4.00881,-4.2738333,-4.515442,-4.56143,-4.4106636,-4.4106646,-4.454509,-3.364054,-4.320792,-5.6119103,-4.3150735,-4.868908,-4.346797,-4.346795,-4.19955,-4.2281094,-4.293299,-6.0501966
Nc1cc[nH]c(=O)n1 ,-1.155,-0.47340077,-2.06537,-1.8364614,-1.8364608,-1.8370358,-1.9730533,-1.8427626,-1.4285883,-1.3062574,-0.6139577,0.01960185,0.019601896,0.007659333,-0.20434389,0.029425133,-0.5753355,-1.0042018,-1.1465553,-1.1436553,-1.1436552,-1.1343482,-1.0467137,0.006813163,-0.15500835,-0.72380143,-0.8083461,-1.3116719,-1.3116733,-0.7938182,-1.0124145,-0.12739299,-0.6754447,-1.3292514,-1.5941583,-1.4530758,-1.4530759,-1.4273,-1.5344044,-1.4144597,-0.6204535,-1.0791252,-2.0008006,-1.828503,-1.8285027,-1.8465532,-1.8392584,-1.8810606,-1.4339885,-1.1632712,-1.1252395,-0.311199,-0.31119838,-1.2867891,-0.73220587,-1.1796416,-0.8943609,-1.2616789,-0.57447535,-0.5018766,-0.50187683,-0.532748,-0.2873554,-0.5057484,-0.67698836,-1.1329283,0.75127363,0.83487356,0.8348743,0.8295678,1.0031545,1.0779687,0.04807667
Cc1cccc2c1ccc3ccccc32,-5.85,-4.0763426,-2.8599863,-2.846378,-2.8463783,-2.8543878,-3.1997306,-2.870637,-4.099612,-5.602687,-4.4461412,-5.1740212,-5.1740227,-5.107962,-5.44045,-5.202218,-5.1991477,-5.8911614,-3.5099409,-3.8348634,-3.8348632,-3.8317647,-3.565101,-5.2417216,-4.472406,-5.6760516,-5.8256397,-5.7193475,-5.71935,-5.762488,-5.2368045,-4.9709315,-5.450999,-6.1874413,-2.4957418,-3.112574,-3.112574,-3.1089907,-3.1037886,-3.09958,-5.3245883,-4.827815,-3.1906784,-3.4033022,-3.403302,-3.467272,-3.395304,-3.3377001,-3.9430811,-5.9422455,-6.4977612,-5.2573752,-5.2573757,-6.97523,-5.8018136,-6.905001,-5.365934,-5.896969,-5.331186,-4.908871,-4.908872,-4.944593,-3.847098,-4.929002,-4.9397583,-5.6881623,-5.624525,-5.9591103,-5.95911,-5.9407268,-5.9221587,-5.8445334,-5.900706
COP(=O)(OC)OC(=CCl)c1cc(Cl)c(Cl)cc1Cl,-4.522,-5.3498254,-5.0520387,-4.8870444,-4.887044,-4.880163,-5.1916275,-4.7768474,-5.892593,-4.651486,-4.199069,-4.8242235,-4.8242235,-4.64486,-5.054501,-4.4260836,-4.797298,-4.9744377,-5.752657,-5.3530197,-5.3530188,-5.422035,-5.565525,-4.794348,-4.365725,-4.5891643,-5.2640395,-5.7576685,-5.7576694,-5.4131184,-4.92441,-4.6879125,-4.9364567,-4.8496,-4.1939173,-4.227434,-4.227434,-4.134782,-4.3968477,-4.0082717,-4.4705877,-4.1732154,-3.8369036,-4.328131,-4.328131,-4.2760143,-4.255436,-4.2246556,-4.9349694,-4.5023947,-2.9799712,-2.9645462,-2.964546,-3.7600257,-3.2367346,-3.7935934,-3.0514004,-4.5579023,-5.211311,-5.436487,-5.4364867,-5.463762,-3.9335492,-5.353084,-6.0092382,-4.484645,-4.950838,-5.260968,-5.2609663,-5.3977327,-5.856736,-6.0781307,-4.9683704
Cc1c(C)c(C)c(C)c(C)c1C,-5.23,-5.370345,-2.898089,-2.6167755,-2.6167753,-2.6051705,-2.7960112,-2.6015956,-2.7420912,-5.446637,-2.5268524,-3.5836782,-3.5836792,-3.569436,-3.8793845,-3.5877829,-3.3335874,-5.07324,-3.5728061,-3.646724,-3.646724,-3.644017,-3.5540645,-4.0200896,-3.3851511,-4.9033537,-3.8637283,-4.1401033,-4.1401052,-4.248524,-4.1461344,-3.4428265,-4.050029,-5.977089,-4.8529716,-5.3436775,-5.343678,-5.3211403,-5.714572,-5.146627,-6.4808803,-4.9739933,-2.6261647,-2.849443,-2.849443,-2.8979506,-2.864601,-2.6931415,-3.1827438,-5.239992,-4.755297,-5.162099,-5.1620994,-4.9582696,-5.6543565,-5.0674996,-4.793099,-5.0819597,-4.427269,-4.609598,-4.609599,-4.60154,-3.2928247,-4.6699486,-5.051097,-4.1622744,-4.1206684,-3.9807084,-3.9807096,-3.9687386,-4.0196385,-4.0187984,-4.113869
CCC(C)(C)O,0.15,-0.36671966,-1.7853456,-1.7402705,-1.7402704,-1.7467698,-2.0703588,-1.7088617,-1.2181321,-0.5016571,-1.1324202,-1.1671714,-1.1671712,-1.1621088,-1.2874831,-1.149368,-1.5799054,0.22228971,-1.4307598,-1.5996668,-1.5996668,-1.5906397,-1.4587148,-1.2903287,-1.30163,0.06668224,-1.6635439,-1.7685866,-1.7685881,-1.2348114,-1.5438384,-0.47136277,-1.1136181,0.25492007,-1.7147664,-1.5466082,-1.5466082,-1.5429473,-1.6444738,-1.5967585,-1.5716056,-0.62862134,-1.63036,-1.475173,-1.475173,-1.476089,-1.4618134,-1.4545885,-1.1339805,-0.13028291,-0.9979416,0.1711169,0.17111664,-1.1427169,0.4184585,-1.0858494,-0.6332821,0.06680938,-0.7956895,-0.7215338,-0.72153413,-0.755939,-0.2741694,-0.72112936,-0.99644744,0.11049233,0.7303256,0.50686276,0.50686294,0.42109653,0.6618874,0.6682119,0.20453697
CCC(CC)C=O,-1.52,-1.1592348,-1.9793626,-1.3443278,-1.3443277,-1.3345833,-1.5134411,-1.3190926,-1.6888658,-1.1316805,-1.3771509,-1.1808635,-1.1808631,-1.1791744,-1.3003508,-1.1549926,-1.7608894,-1.2244444,-1.5868458,-1.6955938,-1.6955938,-1.6883887,-1.6309346,-1.6813083,-1.5733968,-1.8769464,-2.0034657,-2.182425,-2.1824272,-1.9106117,-1.9301033,-1.0843081,-1.6958724,-1.316289,-2.0730019,-1.797242,-1.7972422,-1.698571,-1.9176314,-1.4060643,-1.245253,-1.2076298,-2.0035017,-2.0725045,-2.0725043,-2.096485,-2.0216475,-1.9899442,-1.5794128,-1.4004079,-1.2464746,-0.40484393,-0.4048441,-1.2014467,-0.40044644,-1.1344534,-0.90320903,-1.2496884,-1.6150963,-1.3373591,-1.3373595,-1.4099689,-0.92332923,-1.3539271,-1.854494,-1.4897151,-1.4821382,-1.4924887,-1.4924885,-1.6019691,-1.5200013,-1.6340408,-1.409372
Cc3nnc4CN=C(c1ccccc1Cl)c2cc(Cl)ccc2n34,-4.09,-4.2138033,-5.4149213,-4.997235,-4.9972353,-4.9868774,-5.286372,-4.9756846,-4.1918736,-3.9394283,-5.1852765,-5.3157926,-5.315793,-5.2647424,-5.7063217,-5.2620773,-5.060516,-4.0626693,-5.650959,-5.653756,-5.653756,-5.629853,-5.6130247,-5.6784687,-5.2029953,-4.222533,-6.4501066,-6.3025675,-6.3025684,-6.2351756,-5.580022,-5.591755,-4.3158817,-4.191126,-4.6097546,-4.685089,-4.685088,-4.642182,-4.778712,-4.710738,-4.0188727,-3.6890645,-3.4922512,-3.585719,-3.5857189,-3.6197035,-3.5944977,-3.6706362,-3.8363433,-3.9634986,-3.873673,-3.8509169,-3.850917,-4.1583176,-3.9160295,-4.099215,-4.0841756,-3.7751453,-6.034097,-5.65656,-5.6565595,-5.7041154,-4.241717,-5.693068,-5.6751566,-4.004392,-4.070428,-4.0618978,-4.061898,-4.0712643,-4.292755,-4.2014937,-4.0298457
FC(F)(Cl)C(F)(Cl)Cl,-3.04,-3.0084171,-1.7974893,-1.7298542,-1.7298542,-1.7184026,-2.168474,-1.7811733,-2.3843274,-2.9959702,-2.0036113,-2.329105,-2.3291063,-2.3277912,-2.3504057,-2.3163314,-2.907896,-3.121778,-1.5882058,-1.6132978,-1.6132978,-1.6311302,-1.803928,-1.1209948,-1.093899,-2.7284398,-2.4969063,-2.548447,-2.548448,-2.2353594,-2.461924,-1.4058304,-1.747763,-2.8719745,-1.9047295,-1.321274,-1.3212738,-1.3056339,-1.4618988,-1.4665632,-1.1383665,-3.1483839,-1.3943123,-1.2042383,-1.2042384,-1.208582,-1.22515,-1.1623477,-1.6080216,-2.8958879,-1.1370124,-2.1503959,-2.1503959,-2.395693,-2.3414407,-2.2678893,-2.4345298,-2.9520638,-2.5400207,-2.5736985,-2.5736985,-2.5932753,-2.1593294,-2.5598054,-2.5927546,-2.8704417,-2.246045,-2.571203,-2.5712032,-2.5592797,-2.4842207,-2.0604956,-2.574265
Oc1ccc2ccccc2c1,-2.28,-2.6501257,-2.3645701,-2.261233,-2.261233,-2.269882,-2.5447173,-2.2791116,-2.5866065,-2.599423,-2.7246187,-2.637271,-2.6372724,-2.6197112,-2.6817942,-2.628525,-3.0140448,-2.3399456,-2.011932,-2.2573414,-2.2573414,-2.2518137,-2.0512412,-2.1121893,-1.9909633,-2.4527495,-3.461399,-3.6587703,-3.658772,-3.3449316,-3.215725,-2.5922766,-2.6602862,-2.4011695,-1.8897827,-2.0194793,-2.019479,-2.018127,-2.11096,-1.9947984,-2.3607073,-2.4648106,-2.5402648,-2.6547086,-2.6547084,-2.692325,-2.663863,-2.6066518,-2.768541,-2.4002857,-1.3674238,-1.6906016,-1.6906016,-2.335989,-1.4587574,-2.2225509,-1.8135475,-2.3556004,-2.9880986,-2.8839948,-2.8839948,-2.9297533,-2.4757318,-2.8996003,-2.7469728,-2.258933,-2.243943,-2.2809093,-2.2809098,-2.2834926,-2.2922704,-2.3746305,-2.34659
CCOCCOCC,-0.77,-1.6935194,-2.510788,-2.2338488,-2.2338488,-2.228464,-2.5567336,-2.2061539,-2.1095762,-1.3633084,-2.0342722,-1.6837447,-1.683745,-1.6740235,-2.0003896,-1.6606573,-1.9165201,-0.7118086,-1.6339349,-1.5986744,-1.5986742,-1.587383,-1.457697,-0.5333909,-0.7004351,-0.64300895,-0.9157093,-1.2296013,-1.2296032,-0.66346323,-0.9595535,0.012256248,-0.63387996,-1.5868256,-2.6208653,-2.3970485,-2.3970482,-2.2452457,-2.4967453,-2.0982745,-2.028791,-1.0381476,-3.1623828,-3.346973,-3.346973,-3.2992742,-3.3273237,-3.3114152,-3.9166398,-1.2257386,-1.3766029,-1.4080821,-1.4080822,-1.5104994,-1.1663792,-1.478286,-1.5123054,-1.0414808,-2.6473393,-2.359528,-2.3595278,-2.4531455,-1.5381895,-2.3984413,-2.731181,-0.7589142,-0.7690743,-0.7426514,-0.74265116,-0.7749862,-0.70734274,-0.9287035,-0.6658519
CN(C)C(=O)Nc1ccc(C)c(Cl)c1,-3.483,-2.8771498,-3.4839907,-3.3270051,-3.327005,-3.3350074,-3.6813798,-3.3594058,-3.4874725,-3.5387008,-3.1278594,-1.7098185,-1.7098194,-1.6487578,-2.2525609,-1.739499,-2.4129221,-3.4540958,-3.5082624,-3.482311,-3.4823112,-3.4636052,-3.3500712,-3.1198883,-2.5781283,-3.0628655,-3.383996,-3.3921688,-3.3921711,-3.1024668,-3.1175742,-2.3610823,-2.887187,-3.3882198,-3.1204042,-3.0173383,-3.017338,-3.0899305,-3.227082,-3.1884649,-3.0437126,-3.8126788,-3.6724622,-3.4159646,-3.4159641,-3.4736907,-3.4639766,-3.5289958,-3.4211671,-3.6672683,-3.5050926,-2.862577,-2.8625767,-3.7762501,-2.971052,-3.7262826,-3.0848782,-2.934904,-2.9754515,-2.7579155,-2.7579162,-2.8190856,-2.0205255,-2.7915068,-3.205012,-3.463227,-2.4086227,-2.3112748,-2.311274,-2.2764063,-2.2653143,-2.1664767,-2.41035
ClC1CC2C(C1Cl)C3(Cl)C(=C(Cl)C2(Cl)C3(Cl)Cl)Cl,-6.86,-7.2121305,-4.513619,-4.8397546,-4.8397546,-4.830968,-5.2119164,-4.7888656,-7.4312963,-6.701159,-6.403661,-6.2695293,-6.2695284,-6.2461524,-6.1229,-6.218809,-6.6246123,-6.738828,-7.3277903,-7.3716526,-7.3716516,-7.402171,-7.286167,-7.07355,-6.7375107,-6.531993,-7.625095,-6.986085,-6.9860864,-7.1058264,-6.7942686,-6.591373,-7.0066576,-7.0442724,-3.4526606,-3.7932687,-3.793269,-3.7696214,-4.062261,-3.7828102,-5.1829934,-6.7254195,-2.6230037,-2.777192,-2.7771919,-2.652469,-2.7697036,-2.6995392,-3.34162,-6.9612494,-4.320107,-6.6974373,-6.6974382,-4.8479652,-6.812371,-4.83876,-6.9714513,-6.7875357,-7.402698,-7.05418,-7.05418,-7.0890803,-6.110378,-7.0110235,-7.192485,-6.71305,-6.68666,-6.996894,-6.9968934,-6.9187207,-6.896662,-6.797623,-6.9359365
CNC(=O)Oc1cccc2CC(C)(C)Oc12,-2.8,-2.060748,-3.5381665,-3.224497,-3.2244964,-3.2180908,-3.4771802,-3.2299595,-3.4104776,-2.9285188,-2.8774931,-2.0967445,-2.0967448,-2.1177084,-2.4003406,-2.1000307,-2.4331841,-2.588334,-3.5293303,-3.5431294,-3.5431297,-3.5228674,-3.3886137,-3.3198323,-2.6110327,-2.428832,-3.1390605,-3.1158202,-3.1158223,-2.9108868,-2.8690195,-2.1363673,-2.4844415,-2.8613195,-3.2740765,-3.1171522,-3.1171527,-3.1035185,-3.2376516,-2.9961686,-2.506321,-2.3974698,-3.6650913,-2.988083,-2.988083,-3.0182042,-2.9019313,-3.1101508,-2.693962,-2.6311882,-3.016435,-2.752849,-2.7528493,-3.6577747,-2.781985,-3.5909464,-2.9768434,-2.5269346,-3.3611653,-2.9206462,-2.9206471,-2.9859338,-2.1412644,-2.994162,-3.2703638,-2.73739,-2.7908375,-2.8083003,-2.8083,-2.8234582,-2.933092,-2.8870022,-2.8830054
CC2Cc1ccccc1N2NC(=O)c3ccc(Cl)c(c3)S(N)(=O)=O ,-3.5860000000000003,-4.4698505,-5.641795,-5.2801185,-5.280118,-5.2846427,-5.6440263,-5.2737594,-5.3961434,-4.2403917,-4.594314,-4.4158196,-4.415821,-4.4280677,-4.871887,-4.3236566,-3.898041,-3.7969708,-5.0952916,-5.0212817,-5.021281,-4.8734236,-5.0700855,-4.175759,-3.371723,-3.7358108,-6.2018647,-5.929001,-5.929003,-5.8213987,-5.47345,-5.2254515,-4.6497245,-3.8470058,-5.3744297,-5.13319,-5.1331897,-5.14097,-5.2799335,-5.1117673,-4.3033667,-3.8215504,-4.526634,-4.180764,-4.180764,-4.0990005,-4.144383,-4.213659,-4.053298,-3.7318168,-4.3919044,-4.494512,-4.4945116,-5.013281,-4.6255183,-4.9949994,-5.0865164,-3.2296135,-5.1811113,-4.7445817,-4.744582,-4.7897696,-3.668421,-4.6590486,-4.8792434,-3.4990997,-3.605043,-3.5870945,-3.5870929,-3.6072426,-3.7301166,-3.7671201,-3.7202199
CCCCO,0.0,-0.92580014,-1.5861735,-1.0989078,-1.0989078,-1.0875444,-1.3262508,-1.0603354,-1.4693023,-0.2874384,-0.79803187,-0.39688128,-0.39688125,-0.39058262,-0.5358143,-0.37571377,-1.0781794,0.109044924,-1.1011282,-1.1153965,-1.1153965,-1.1067116,-1.0031495,-0.091334455,-0.16862026,-0.27281138,-1.4662317,-1.5906624,-1.5906645,-1.1394874,-1.3434677,-0.38155764,-1.0163472,-0.004075502,-1.6822611,-1.319339,-1.319339,-1.3423412,-1.3396895,-1.234582,-1.2286967,-0.49381337,-1.9472623,-1.8776153,-1.8776153,-1.8580656,-1.8374616,-1.7447718,-1.2602137,0.07753746,-0.71268976,0.36324185,0.3632416,-0.8976102,0.64077955,-0.8386917,-0.44944954,-0.047653116,-0.26560107,-0.2176366,-0.21763706,-0.21074249,0.20660497,-0.21335366,-0.538643,-0.04902438,0.056213617,-0.1882574,-0.18825717,-0.17271623,-0.11416226,-0.032225695,-0.14563942
O=c1[nH]cnc2[nH]ncc12 ,-2.266,-1.7710266,-2.1971831,-2.0586557,-2.0586555,-2.0574954,-2.227741,-2.065048,-1.7229109,-2.338669,-0.90549445,-0.64065856,-0.64065844,-0.6563918,-0.7641129,-0.6262436,-0.8745869,-1.9527327,-1.4923981,-1.4196761,-1.4196762,-1.4095292,-1.4633543,-0.7479692,-0.85975176,-2.0134416,-0.8960625,-1.4861357,-1.4861374,-1.0673472,-1.2542737,-0.3836701,-0.850712,-2.4209833,-1.646041,-1.5728279,-1.5728279,-1.5244513,-1.6049666,-1.4966853,-0.8740024,-2.2410583,-2.0275767,-2.066745,-2.0667453,-2.0952208,-2.0634515,-1.998309,-1.6432631,-2.210425,-1.47613,-0.88749486,-0.8874952,-1.5554605,-0.8130456,-1.4693314,-1.1201471,-1.9514061,-0.8071837,-0.75883204,-0.75883216,-0.7797263,-0.5268642,-0.77229017,-0.9027424,-2.2309766,-2.2049475,-2.260543,-2.2605433,-2.2583208,-2.303138,-2.3697834,-2.3591368
Ic1ccccc1,-3.01,-2.7064204,-2.031549,-1.8807745,-1.8807741,-1.8965874,-2.180869,-1.8950197,-1.6828859,-3.0733845,-3.2439046,-3.2210746,-3.2210755,-3.2040906,-3.094379,-3.2188222,-3.3754075,-3.047566,-1.984658,-2.138251,-2.1382506,-2.1340556,-2.069126,-3.25407,-2.8790178,-2.79556,-1.6919636,-2.0667388,-2.0667405,-1.6282576,-1.7335932,-0.90901786,-1.3058125,-3.248452,-2.4456544,-2.909001,-2.9090009,-2.9262385,-2.6328034,-2.9992714,-3.1163144,-2.8764312,-2.2461727,-2.1977768,-2.1977768,-2.2578852,-2.2182744,-2.333157,-2.5312493,-2.8342607,-3.1478112,-3.1370163,-3.1370168,-3.1124206,-3.0271528,-3.1314793,-3.137893,-3.0278392,-4.084741,-3.8938093,-3.8938088,-3.923164,-3.5025504,-3.8625603,-3.7469926,-2.6820333,-2.6821928,-2.6787531,-2.6787531,-2.6858757,-2.6867163,-2.7238615,-2.5116904
Oc1cccc(Cl)c1Cl,-1.3,-1.4774954,-2.424662,-2.416161,-2.4161608,-2.414891,-2.652491,-2.424906,-2.3458304,-1.8185717,-2.0167437,-2.0011287,-2.0011292,-2.0130024,-2.0139499,-1.9850507,-2.084564,-1.5659044,-1.8920882,-2.0266306,-2.0266309,-2.0222323,-1.992052,-2.030046,-1.7067859,-1.7542992,-3.092899,-3.3195305,-3.319531,-2.8736928,-2.9062223,-2.143689,-2.3583324,-1.5576665,-1.8744221,-2.2146778,-2.2146773,-2.1346695,-2.2983649,-2.064634,-1.8757881,-1.7117536,-2.3095167,-2.5059872,-2.5059872,-2.463198,-2.5239975,-2.2498024,-2.3967853,-2.41591,-0.30059728,-0.94315124,-0.9431518,-1.0667928,-0.7845297,-0.9900948,-1.0137941,-1.54627,-1.784734,-1.8962717,-1.8962723,-1.9152911,-1.4992471,-1.9238064,-1.3953193,-1.2921394,-1.5117713,-1.4829332,-1.4829329,-1.5072875,-1.4921567,-1.591177,-1.7168446
Clc1ccc(cc1)c2cc(Cl)ccc2Cl ,-6.25,-6.003536,-3.9455872,-3.6967182,-3.6967187,-3.699537,-4.0169964,-3.727252,-4.1458883,-6.471345,-6.0234656,-5.7063775,-5.7063794,-5.647674,-5.649334,-5.684079,-5.8499265,-6.224964,-4.3287582,-4.569394,-4.569394,-4.5753264,-4.394313,-6.418703,-5.984613,-6.090234,-5.742172,-5.584101,-5.584103,-5.4835796,-5.1972795,-4.7184916,-5.388346,-6.514697,-3.104291,-3.1800423,-3.1800425,-3.2297978,-3.3156714,-3.3017461,-4.450832,-6.8163176,-3.4656322,-3.702068,-3.7020683,-3.8133645,-3.6579762,-3.6617608,-4.57434,-6.1835427,-5.5634537,-6.1570997,-6.1570997,-6.129258,-6.3333097,-6.0657845,-6.4622493,-6.085396,-7.0680118,-6.467148,-6.467148,-6.5095897,-5.406747,-6.465786,-7.505575,-6.112291,-5.342378,-5.735545,-5.7355456,-5.4002614,-5.2993126,-5.651994,-6.327879
CCOP(=S)(OCC)N2C(=O)c1ccccc1C2=O,-3.35,-3.6832187,-4.348732,-4.1577744,-4.1577744,-4.1616445,-4.4119534,-4.1800885,-4.3167562,-3.6470673,-3.1939669,-3.365631,-3.3656318,-3.2939465,-3.331496,-3.4128945,-3.31971,-3.569177,-4.5151024,-4.2257624,-4.225763,-4.1873145,-4.2970467,-3.2231443,-2.5479052,-3.5543942,-4.5399094,-4.423805,-4.423806,-4.1710424,-4.14513,-3.4302244,-4.064817,-3.4307938,-4.1242576,-3.9527988,-3.9527984,-3.9253016,-4.048978,-3.8883045,-3.1160474,-3.4007473,-4.0432878,-4.5992823,-4.5992823,-4.723571,-4.5210147,-4.408853,-4.7681904,-3.580972,-3.4756162,-3.5529096,-3.5529103,-3.7573242,-3.655689,-3.6995409,-4.0178924,-2.9908614,-3.612328,-3.576445,-3.5764458,-3.6076703,-2.5242198,-3.5844793,-4.3440914,-3.3218484,-3.376345,-3.3455312,-3.3455288,-3.3863451,-3.400811,-3.3960521,-3.4575832
CCCCCBr,-3.08,-2.789206,-1.944899,-1.5376672,-1.537667,-1.5283878,-1.8379223,-1.487473,-2.1583834,-3.0180557,-2.0919845,-2.4473643,-2.4473636,-2.448549,-2.300597,-2.4547894,-1.9934129,-2.902315,-1.9613036,-2.1506693,-2.150669,-2.146742,-1.9158438,-3.6079025,-3.291599,-3.088464,-2.6306446,-2.651819,-2.6518211,-2.3995674,-2.4343758,-1.5828116,-2.1484747,-3.1491835,-2.112166,-1.9733564,-1.9733562,-1.9818976,-1.8628743,-1.8495071,-2.3382056,-2.631793,-2.1895049,-2.141758,-2.1417577,-2.0851974,-2.1402748,-2.0162594,-1.923174,-3.0534427,-2.8783398,-3.0318193,-3.0318196,-2.8489375,-3.3865564,-2.8512104,-3.1686573,-3.0541983,-3.4346657,-3.089541,-3.0895412,-3.2027104,-2.4295435,-3.138177,-3.3156562,-3.0914574,-3.0078478,-3.0344512,-3.034451,-3.0672436,-3.2669203,-3.0947368,-3.1646917
c1ccc2ccccc2c1,-3.6,-1.6185278,-2.2177303,-2.040712,-2.040712,-2.0448077,-2.2421315,-2.0520136,-1.9858876,-3.3168437,-2.8873677,-3.033883,-3.0338826,-3.017027,-3.0872006,-3.022333,-2.9459758,-3.4570987,-1.8188637,-2.1113203,-2.1113205,-2.1042473,-1.9081165,-2.5430245,-2.2106016,-3.3490376,-4.04802,-4.0873585,-4.0873594,-3.8816197,-3.6693916,-3.0984135,-3.1989002,-4.1029825,-3.8754764,-3.289062,-3.2890625,-3.484006,-3.520982,-3.54439,-3.7689962,-3.6634064,-2.3594801,-2.4804168,-2.4804168,-2.512077,-2.4567773,-2.3773487,-2.169387,-3.602433,-4.841228,-4.1129484,-4.1129484,-4.9862976,-3.6661322,-5.035849,-3.8935435,-3.8261085,-3.6132388,-3.648196,-3.6481967,-3.64129,-3.173893,-3.6432161,-3.7684448,-4.142579,-3.1752763,-3.3918478,-3.391848,-3.3871949,-3.3158796,-3.1769762,-3.6031907
c2ccc1[nH]nnc1c2,-0.78,-0.84088814,-2.0626297,-1.8135983,-1.8135983,-1.8160372,-1.9590225,-1.8215318,-1.4645125,-0.5213157,-1.4080352,-0.92467487,-0.9246751,-0.93592936,-1.0446454,-0.89416474,-1.2649745,-0.7671212,-1.5517659,-1.6458042,-1.6458042,-1.6356913,-1.5389656,-1.474096,-1.5282701,-0.90927017,-2.207196,-2.5644567,-2.5644584,-2.226692,-2.2652187,-1.4869127,-1.6990745,-0.6980692,-1.5619835,-1.3995357,-1.3995357,-1.3615597,-1.4630431,-1.3323183,-0.8691357,-0.81872255,-2.0225074,-1.9962243,-1.996224,-2.021579,-1.9819417,-1.9560065,-1.4251199,-0.91912985,-1.4231083,-1.1880766,-1.1880767,-1.889806,-0.937048,-1.7900532,-1.4845867,-0.98547935,-1.3077567,-1.3174392,-1.3174392,-1.3329566,-1.0619464,-1.3273736,-1.329901,-0.7950451,-0.79570466,-0.7387788,-0.7387787,-0.7331575,-0.7980808,-0.8157914,-0.86359805
CC12CCC(=O)C=C1CCC3C2CCC4(C)C3CCC4(O)C#C ,-5.66,-4.595753,-4.3371563,-4.0039334,-4.003933,-4.0119114,-4.3680468,-4.0018396,-4.3529277,-4.4353304,-4.318276,-4.345981,-4.345982,-4.2685943,-4.7904053,-4.3731585,-4.5315614,-4.6998677,-3.6511528,-4.2425785,-4.2425785,-4.182394,-3.8831208,-5.004935,-4.16491,-4.5141068,-5.5539,-5.0472603,-5.0472617,-5.17563,-4.495795,-4.715427,-4.7188272,-5.0463533,-4.16008,-4.094556,-4.094556,-4.116068,-4.2181787,-4.2155223,-3.4654508,-4.5356817,-4.3892817,-4.600155,-4.600155,-4.0763974,-4.43977,-3.495038,-4.966667,-4.957616,-3.9208379,-4.2460117,-4.2460117,-4.375287,-4.002413,-4.265751,-4.50279,-4.832317,-5.173453,-5.0235367,-5.0235376,-5.063871,-3.4927657,-5.063747,-5.0755525,-5.436232,-4.820521,-4.7159176,-4.7159166,-4.71791,-4.946957,-4.4356394,-3.9317775
COC(C)(C)C,-0.24,-0.75901985,-1.7160786,-1.7312052,-1.7312053,-1.7380091,-2.1599343,-1.7116948,-1.2255434,-0.94111407,-1.2262067,-1.1574849,-1.1574851,-1.1549816,-1.3010341,-1.1319618,-1.7129017,-0.05722168,-1.4308469,-1.5343482,-1.534348,-1.5256884,-1.4227384,-1.1544833,-1.2210294,-0.78939205,-1.4139284,-1.6584256,-1.6584265,-1.3157121,-1.4073654,-0.5065511,-1.0723095,-0.31339777,-1.6685691,-1.4494736,-1.4494735,-1.4467036,-1.5684161,-1.3933159,-1.4694829,-0.422715,-1.5094994,-1.3083408,-1.3083408,-1.3019532,-1.3317232,-1.3035024,-1.3637152,-0.460111,-0.52005446,-0.09127659,-0.091276444,-0.4891176,-0.25073662,-0.44187304,-0.46986464,-0.17479037,-1.768559,-1.6952053,-1.695205,-1.7381555,-1.1340632,-1.6971514,-1.8962951,-0.27375108,-1.8672315,-2.3078735,-2.3078732,-2.289648,-2.2174253,-1.902028,-2.0605202
CC(OC(=O)Nc1cccc(Cl)c1)C#C,-2.617,-3.2168167,-3.6839635,-3.6575875,-3.6575878,-3.6659963,-4.096176,-3.675274,-4.4271297,-2.8353884,-3.053863,-3.1301005,-3.1301007,-3.0875723,-3.4349573,-3.1701114,-3.124435,-2.6428583,-3.4255166,-3.381539,-3.381539,-3.367588,-3.2389526,-3.2530708,-2.917993,-2.7139442,-2.8563852,-3.057567,-3.0575686,-2.7438037,-2.7492967,-1.9861512,-2.531088,-3.0182,-3.3756924,-3.2290518,-3.229052,-3.264046,-3.421682,-3.2398422,-3.0813289,-3.137206,-3.9862077,-3.907752,-3.9077523,-3.9594963,-3.897167,-3.9560905,-4.1757603,-2.6091657,-2.7744224,-3.1920893,-3.1920893,-3.208755,-3.2683675,-3.1456747,-3.6390567,-2.6088715,-3.0535078,-2.9703715,-2.9703715,-2.863551,-1.9819777,-2.8805597,-3.2002578,-2.5790994,-2.603486,-2.6043708,-2.6043706,-2.5935383,-2.6990001,-2.6894112,-2.66347
NS(=O)(=O)c2cc1c(N=CNS1(=O)=O)cc2Cl ,-3.05,-3.2271621,-3.767862,-3.64957,-3.64957,-3.6536524,-3.9899049,-3.6709027,-4.8215146,-2.966305,-3.5994225,-3.9504323,-3.9504325,-3.9251964,-3.8957498,-4.061188,-4.4379225,-3.0991814,-4.6321096,-4.431245,-4.4312453,-4.4575076,-4.500947,-3.6685553,-3.0226903,-3.1586046,-4.4828534,-5.0172377,-5.0172396,-4.620527,-4.2680707,-3.8293898,-3.7341263,-3.3323789,-2.9706287,-3.0285583,-3.0285583,-3.0105877,-3.1311045,-3.0663586,-3.4627585,-3.1042826,-3.194027,-3.422593,-3.4225934,-3.2016327,-3.4411895,-3.3266022,-3.888702,-3.1613967,-5.8088627,-4.2967677,-4.2967677,-6.3426366,-4.4392743,-6.1309514,-5.4230943,-3.0060468,-4.7840157,-4.628786,-4.6287866,-4.5178046,-3.5416002,-4.547778,-4.144667,-3.0147235,-2.4902387,-2.7905686,-2.790568,-2.7341013,-2.9924614,-2.6146557,-4.8839264
CC#C,-0.41,-0.7906172,-0.1416553,0.07395428,0.073954396,0.055848833,-0.3439907,0.06503579,0.54374653,-0.5219773,0.22084615,0.64518267,0.6451821,0.64226526,0.66159874,0.65771544,-0.061208215,-0.5042814,-0.8093284,-0.73909396,-0.739094,-0.73245865,-0.69937253,-0.1509964,-0.3313975,-0.29851454,-0.6703931,-0.9660299,-0.96603024,-0.4207061,-0.6189841,0.26585156,-0.39624867,-0.4561751,-1.5915151,-1.142019,-1.142019,-1.2626195,-1.0716127,-1.4151493,-0.39862666,-0.385498,-1.438952,-0.47879866,-0.47879878,-0.4841409,-0.6648015,-0.6724199,-0.5361487,-0.39592868,-1.4413604,-0.8120819,-0.8120821,-1.7577785,-0.4460321,-1.6648141,-1.3791661,-0.4318952,0.11180149,0.16963394,0.16963397,0.1820268,0.520607,0.19345567,-0.004874399,-0.4493745,-0.972692,-0.38203788,-0.3820379,-0.41260135,-0.6185275,-1.0753787,-0.60021985
COP(=O)(OC)OC(Br)C(Cl)(Cl)Br,-2.28,-3.1596203,-3.997016,-3.8771143,-3.877114,-3.8734002,-4.15514,-3.8664892,-4.6919622,-2.176515,-3.5545444,-2.6838622,-2.6838617,-2.6341064,-2.680325,-2.6432822,-2.18966,-2.4158006,-5.211903,-4.022892,-4.022892,-4.1286764,-4.891465,-2.530313,-2.2174857,-2.2076142,-2.3194916,-2.930999,-2.9310002,-2.3839493,-2.6778343,-1.868323,-2.1378906,-2.6251204,-3.1114383,-3.116613,-3.1166127,-3.074803,-3.1731923,-2.8632817,-3.9511163,-2.053346,-2.8704882,-3.2021646,-3.2021644,-3.2163894,-3.217438,-3.0164528,-3.7181475,-2.1853483,-1.9533643,-2.3615448,-2.361545,-2.8340151,-2.6122963,-2.765795,-2.4384828,-2.259861,-3.5658658,-3.3280597,-3.3280606,-3.3893547,-2.5153947,-3.3391447,-3.9659772,-2.141869,-2.4032469,-2.2880495,-2.2880492,-2.268433,-2.4188116,-2.2705162,-2.376543
Oc1cc(Cl)cc(Cl)c1,-1.34,-2.113435,-2.611906,-2.6180365,-2.6180367,-2.619774,-2.8990533,-2.6299534,-3.2054136,-1.9303793,-1.8844029,-2.3474908,-2.3474915,-2.3562248,-2.2265692,-2.3307269,-2.2101192,-1.6294016,-2.0669348,-2.1943605,-2.1943603,-2.1870434,-2.1100438,-2.5066319,-1.9106251,-1.725379,-3.0797079,-3.4609797,-3.460981,-3.0508368,-2.9373994,-2.2941644,-2.4166882,-1.6265323,-1.9588772,-2.4198446,-2.4198449,-2.3406765,-2.5131364,-2.278703,-2.1638024,-1.5518744,-2.6871626,-3.0079675,-3.0079672,-3.1219995,-2.9949467,-3.0298772,-3.2354105,-1.8586476,-0.2798442,-0.7148656,-0.71486646,-1.029959,-0.57313174,-0.9478135,-0.89682925,-1.3236198,-2.1506467,-2.0721965,-2.0721967,-2.1012557,-1.6970136,-2.0932536,-1.7137674,-1.332173,-1.268143,-1.3296393,-1.3296393,-1.3245779,-1.3598866,-1.3852643,-1.457831
Oc1ccc(cc1)c2ccccc2,-3.48,-2.7968783,-2.946263,-2.8251812,-2.8251817,-2.8375976,-3.1921515,-2.8554933,-2.7977202,-3.4310315,-3.5714989,-3.3540282,-3.3540282,-3.3058603,-3.440435,-3.3709028,-3.6285534,-3.6140637,-3.1030805,-3.265474,-3.2654736,-3.2678242,-3.121288,-3.6547055,-3.1938953,-3.1024916,-3.2326133,-3.3343823,-3.3343854,-2.9392517,-3.0901742,-2.2715116,-2.8300529,-3.5297084,-2.4257631,-2.2516563,-2.251656,-2.317815,-2.4241712,-2.3500926,-2.7325156,-4.058068,-3.2620456,-3.0709133,-3.0709138,-3.1389153,-3.0961378,-3.2174492,-3.3974345,-3.6851234,-2.3768418,-3.2110815,-3.2110817,-3.4779906,-3.2527645,-3.3267016,-3.2538931,-3.2634578,-3.918004,-3.5735352,-3.5735354,-3.6309047,-2.7959242,-3.606313,-3.8399026,-3.4647434,-3.4442534,-3.5232315,-3.5232315,-3.5205176,-3.5721745,-3.4064968,-3.5324154
C(c1ccccc1)c2ccccc2,-4.08,-3.6717052,-2.9301085,-2.5508928,-2.5508928,-2.5601494,-2.8342996,-2.5650735,-2.6249826,-4.051063,-3.8345194,-4.1807513,-4.1807523,-4.118857,-4.253751,-4.178096,-3.9750257,-4.2212076,-3.2682664,-3.3391404,-3.33914,-3.3163116,-3.2071598,-3.5449116,-3.0331864,-4.0091166,-3.933572,-3.9754717,-3.975473,-3.7024415,-3.7030182,-2.9812417,-3.3985367,-4.0804768,-5.0065784,-3.8536901,-3.8536906,-4.1757593,-3.9295776,-4.3702903,-2.8653123,-3.7586112,-3.97733,-4.4558754,-4.455876,-4.69072,-4.2652965,-4.4551635,-4.15423,-4.1042852,-4.9846888,-4.751358,-4.751357,-5.3789077,-4.990163,-5.332667,-4.773415,-4.001009,-4.7214103,-4.489357,-4.4893565,-4.5282254,-3.2887778,-4.4751673,-4.3557734,-4.582711,-4.310122,-4.4811406,-4.4811416,-4.4781227,-4.422306,-4.2475243,-4.375193
CCCC/C=C/C,-3.82,-2.4034505,-2.2818131,-1.9958401,-1.9958403,-1.993515,-2.3022902,-1.9550012,-2.0730212,-3.422027,-1.7689725,-2.4269447,-2.4269454,-2.4084241,-2.371291,-2.402446,-2.2015336,-3.6117806,-1.8972836,-2.071894,-2.071894,-2.0666578,-1.9353458,-2.7234674,-2.4292192,-3.2189453,-2.7301235,-2.850587,-2.850589,-2.7903516,-2.5597682,-1.9028352,-2.3916523,-4.104725,-2.1918955,-2.0201814,-2.0201817,-2.0832286,-2.1072476,-2.077226,-1.7173144,-3.2802227,-3.2274516,-2.9642744,-2.9642744,-2.5297048,-2.9486146,-2.6288962,-3.2732265,-3.8152595,-4.856622,-4.013137,-4.0131373,-5.380398,-3.8732512,-5.487305,-4.062381,-3.9302316,-3.1650617,-3.0585961,-3.058596,-3.146589,-2.1327841,-3.0785975,-3.0806816,-3.8036773,-3.6397333,-3.6157908,-3.6157908,-3.5432837,-3.650574,-3.8119888,-3.4479825
Oc2ncc1nccnc1n2,-1.947,-2.4036026,-2.3050323,-2.174923,-2.1749227,-2.183722,-2.4457448,-2.1920981,-2.3775384,-1.9755163,-1.6502787,-1.2429614,-1.2429621,-1.2348993,-1.2710003,-1.2504032,-1.391708,-1.7352794,-1.4802183,-1.5110371,-1.5110372,-1.5031661,-1.3969648,-0.68855464,-0.8208141,-1.4483137,-0.8159034,-1.4575565,-1.4575579,-0.7982521,-1.1460035,-0.24427293,-0.59005034,-1.9109182,-1.8542534,-1.9676685,-1.9676683,-2.0091023,-2.04924,-2.0420191,-1.6497914,-1.5640185,-2.423272,-2.0112681,-2.0112681,-2.0168922,-2.0939608,-2.1488242,-2.1302373,-2.0925627,-0.60892427,-1.4886241,-1.4886248,-1.3431977,-1.5267451,-1.2566688,-1.433316,-1.9565302,-1.2369044,-1.2009118,-1.2009122,-1.2676901,-0.9320505,-1.226526,-1.1949179,-1.9363312,-1.8889639,-1.9545697,-1.9545691,-1.9590782,-1.9791249,-2.058604,-2.035965
Brc1cc(Br)c(Br)cc1Br,-6.98,-7.2720423,-3.8607104,-3.9549837,-3.954984,-3.9693754,-4.4898047,-3.9902403,-7.438307,-7.082296,-5.936678,-6.372369,-6.372368,-6.336161,-6.241942,-6.355801,-6.7394853,-6.8762803,-3.4511907,-3.3063884,-3.3063884,-3.3030856,-3.2270663,-5.4157557,-6.056495,-6.600852,-5.302713,-5.801523,-5.8015227,-6.119718,-5.4138665,-5.044646,-5.876192,-7.5020676,-4.641425,-4.6928434,-4.6928434,-4.8286977,-4.7637424,-4.882272,-7.2512565,-7.0521784,-2.792054,-3.210629,-3.2106285,-3.3258169,-3.2130823,-3.2035701,-3.9022887,-7.105081,-2.4767988,-4.4513726,-4.4513726,-2.7161772,-5.2208753,-2.7236326,-4.284843,-6.898889,-6.8805847,-6.8344083,-6.834409,-6.8416476,-6.222221,-6.8464828,-6.8007364,-5.7841115,-5.5329003,-5.623176,-5.623176,-5.6121893,-5.6006737,-5.585097,-5.6951647
CC12CC(O)C3C(CCC4=CC(=O)CCC34C)C2CCC1C(=O)CO,-3.24,-4.231557,-4.83058,-4.461291,-4.461291,-4.4665585,-4.819514,-4.460606,-4.607165,-3.4401348,-4.188848,-3.7308266,-3.7308278,-3.6659172,-4.1517525,-3.7495296,-4.003121,-3.634147,-2.8100905,-3.4074671,-3.4074674,-3.352135,-3.1440206,-3.8928585,-3.4721544,-3.768415,-4.591835,-4.4378223,-4.4378233,-3.7080624,-3.9090545,-2.9985864,-4.030141,-3.7828991,-4.404542,-4.3532057,-4.3532066,-4.3703685,-4.5069075,-4.4666247,-3.9656348,-3.9355628,-4.832948,-4.828868,-4.828868,-4.89518,-4.641865,-4.375815,-4.9256177,-3.7327352,-3.5056365,-4.1274576,-4.127458,-4.158782,-3.6662726,-4.072752,-4.436853,-3.4223557,-4.77751,-4.5056806,-4.5056815,-4.5024467,-3.1746523,-4.491311,-4.6380157,-3.1890776,-3.3014505,-3.3186061,-3.3186054,-3.3274596,-3.3383183,-3.4033563,-3.2930768
Nc2cccc3nc1ccccc1cc23 ,-4.22,-4.249176,-2.8618054,-2.8933513,-2.8933513,-2.9044032,-3.2903717,-2.9207644,-4.208646,-3.9417012,-3.9947958,-3.9923792,-3.9923806,-3.9568083,-4.1728973,-4.014923,-4.1929984,-4.337419,-3.1899593,-3.4214113,-3.4214108,-3.4114468,-3.1627512,-3.7034774,-3.310356,-3.7726178,-4.7344403,-4.749604,-4.749606,-4.561096,-4.3028793,-3.8414278,-4.0718226,-4.2621927,-2.419858,-2.2543824,-2.2543826,-2.2885761,-2.4092684,-2.2647946,-2.5239048,-4.3087835,-3.4125583,-2.791582,-2.7915819,-2.8882573,-2.7470691,-3.0418918,-2.6719937,-4.562796,-2.6739023,-2.5852776,-2.585278,-2.9492452,-2.3232634,-2.8297582,-2.6414146,-4.1856165,-3.7466888,-3.5149903,-3.514991,-3.6060574,-2.47539,-3.4922812,-3.043132,-4.1248174,-4.1769943,-4.1960626,-4.1960635,-4.193853,-4.2882137,-4.2143254,-4.3160906
Oc2ccc1ncccc1c2 ,-2.16,-2.6097229,-2.3499274,-2.2407522,-2.240752,-2.24952,-2.5222256,-2.258541,-2.5365157,-2.2870686,-2.4659834,-2.0916438,-2.091644,-2.078549,-2.1547263,-2.0856416,-2.5400548,-2.3646836,-1.8682796,-2.0660517,-2.0660515,-2.059767,-1.8891027,-1.6693145,-1.6157188,-1.951425,-2.8703763,-3.179279,-3.1792805,-2.7504485,-2.731149,-2.0279346,-1.9715365,-2.213927,-1.8753943,-1.9868836,-1.9868835,-1.9957062,-2.0660799,-1.9874427,-2.1690934,-2.1647744,-2.5998988,-2.809176,-2.809176,-2.856198,-2.795477,-2.7092428,-2.9018257,-2.2242026,-1.0769926,-1.5505186,-1.5505183,-1.9774445,-1.3642399,-1.8742918,-1.7099259,-2.2036443,-2.6926866,-2.544405,-2.5444055,-2.5972502,-2.191696,-2.560085,-2.4089668,-2.1673684,-2.1246433,-2.148793,-2.1487927,-2.1524734,-2.1917763,-2.1949878,-2.1843526
CCCc1ccccc1,-3.37,-2.2893875,-2.3608942,-1.94599,-1.94599,-1.9454272,-2.1622233,-1.9299865,-1.9199264,-3.746999,-2.2195215,-3.0141654,-3.014165,-2.9931366,-2.8645182,-2.9910405,-2.6569457,-3.5820935,-2.2072961,-2.4421644,-2.4421642,-2.432059,-2.2721035,-3.1644492,-2.8604424,-3.2246118,-3.1621149,-3.1071084,-3.1071098,-2.860069,-2.8259408,-2.0647593,-2.5785322,-3.5053875,-2.4920268,-2.344664,-2.344664,-2.3707142,-2.5835125,-2.8000867,-2.5117445,-2.9203942,-2.5477757,-2.5317798,-2.5317795,-1.9384891,-2.5772364,-2.141263,-2.0541136,-3.5926716,-4.1337066,-3.5327754,-3.5327759,-4.380657,-3.6904876,-4.2862315,-3.5142398,-3.6795356,-3.8163435,-3.6864426,-3.6864426,-3.7329879,-2.674807,-3.6976962,-3.398389,-3.5180237,-3.8333392,-3.766671,-3.7666698,-3.786461,-3.789787,-3.8697355,-3.9131157
Nc1ccc(cc1)S(N)(=O)=O,-1.34,-1.473897,-2.6289015,-2.4031632,-2.4031637,-2.4128182,-2.6641815,-2.426889,-2.504228,-1.5175673,-1.9612311,-1.7694212,-1.7694206,-1.7534242,-1.7441814,-1.7980543,-2.2532654,-1.4939064,-2.4288428,-2.466365,-2.466365,-2.4605093,-2.375013,-1.0373372,-1.0746089,-1.5298567,-2.8432152,-3.0587754,-3.0587773,-2.6997616,-2.6942797,-1.9689612,-2.3569968,-1.2600709,-2.564703,-2.3249617,-2.3249612,-2.3932807,-2.5577474,-2.8964407,-2.5522497,-1.299767,-2.7409222,-2.669107,-2.669107,-2.4519746,-2.7128198,-2.65211,-2.634591,-1.6120207,-1.6338634,-2.009795,-2.0097947,-2.0815775,-2.010542,-1.983796,-2.1363673,-1.4329225,-2.3213534,-1.9887705,-1.9887712,-2.0291846,-1.2074041,-2.0039155,-1.8636405,-1.3387142,-1.3037573,-1.3504614,-1.3504618,-1.3480597,-1.3612221,-1.3266518,-1.3828685
Clc1ccc(c(Cl)c1)c2ccc(Cl)c(Cl)c2Cl ,-7.8,-7.4154153,-4.315874,-4.1497517,-4.1497517,-4.1574364,-4.5000906,-4.1748033,-5.0849047,-7.89719,-6.858524,-6.980885,-6.9808855,-6.9158006,-6.8673954,-7.009431,-7.1572237,-7.839331,-6.569351,-6.9765615,-6.9765615,-6.9795623,-6.9443216,-7.246245,-6.964822,-7.3543587,-7.3397207,-7.491892,-7.491893,-7.499716,-6.9995303,-6.830726,-7.3200183,-7.7904577,-3.5501142,-3.667399,-3.6673992,-3.7214184,-3.7982144,-3.8563833,-5.422401,-7.710054,-4.122401,-4.556772,-4.5567718,-4.773521,-4.38808,-4.502974,-5.500358,-7.898805,-5.5466657,-8.005593,-8.005592,-6.322605,-8.156916,-6.2524037,-8.138877,-7.6557093,-7.588509,-7.2504873,-7.2504883,-7.314056,-6.068625,-7.2745104,-7.9326315,-7.6432333,-7.3933454,-7.417003,-7.417001,-7.435668,-7.6827755,-7.405067,-7.4160676
Nc1nc[nH]n1,0.522,-0.0513691,-1.7563084,-1.361595,-1.3615952,-1.3644428,-1.4237833,-1.3664314,-0.7202225,0.28156406,-0.15267518,0.9568617,0.9568615,0.9504894,0.60666466,0.96581894,0.05114361,0.68765706,-0.9184405,-0.8434937,-0.84349364,-0.83497125,-0.71652097,0.34934428,0.08066213,-0.15774795,-0.8834598,-1.2984259,-1.2984278,-0.8496459,-1.0646777,-0.14123705,-0.6998435,0.3835773,-1.6404392,-1.542849,-1.5428488,-1.6095266,-1.5482976,-1.7072921,-0.38026744,0.5907954,-1.8336291,-1.6504952,-1.6504952,-1.6628621,-1.6364481,-1.6474084,-0.90712756,0.37049288,-0.31760973,-0.39763278,-0.3976327,-0.38489625,-0.238691,-0.33606127,-0.4883896,0.54243153,0.032000963,0.11920563,0.11920552,0.10228915,0.34258005,0.10760344,-0.35996073,0.53469205,0.57797134,0.5073107,0.5073109,0.51202524,0.6083958,0.69816434,0.90661573
CCN(CC)C(=O)C(C)Oc1cccc2ccccc12 ,-3.57,-3.3313186,-4.3116956,-3.9910734,-3.9910736,-3.9922626,-4.296398,-3.978407,-3.9019659,-3.749411,-4.2995677,-3.7570941,-3.7570953,-3.7245889,-4.305054,-3.7599773,-4.11307,-3.6954334,-4.28975,-4.4409847,-4.440985,-4.3471484,-4.2828465,-3.8610487,-3.4957902,-3.9474823,-5.905419,-5.534622,-5.534624,-5.2474394,-4.9059243,-4.612843,-5.344827,-3.6255684,-4.228789,-4.0886536,-4.0886526,-4.0755234,-4.1736817,-4.0568366,-3.4693482,-3.500401,-3.894568,-3.7397084,-3.7397084,-3.5910623,-3.7742705,-3.8985448,-3.7148156,-3.6336045,-3.6168447,-3.9407685,-3.9407685,-4.0734563,-3.6417449,-4.0665116,-3.8092122,-3.7976346,-4.811921,-4.7176833,-4.7176833,-4.756491,-3.431847,-4.728006,-5.214,-3.510688,-3.5583649,-3.5601094,-3.560109,-3.5863895,-3.7968965,-3.7380607,-3.809188
C=Cc1ccccc1,-2.82,-2.1798692,-2.0840216,-1.8664329,-1.8664331,-1.8735915,-2.0658598,-1.8785026,-1.6944686,-2.1959887,-2.0733347,-1.8535033,-1.8535035,-1.8386475,-1.8878208,-1.8366325,-2.1522903,-2.6921878,-1.4442502,-1.5828576,-1.5828574,-1.5746661,-1.4519534,-1.2997074,-1.0266573,-2.1283796,-2.1836216,-2.4377985,-2.4378006,-2.0678782,-2.1452317,-1.3297665,-1.8108584,-2.697668,-1.7168202,-1.7912312,-1.7912315,-1.8053064,-1.8374043,-1.81465,-1.4635619,-2.5612075,-2.2122471,-2.10563,-2.10563,-2.1189044,-2.1328075,-2.1260254,-1.8161862,-2.8285778,-4.5836782,-3.1001194,-3.1001196,-4.7323895,-2.9277062,-4.7075567,-3.279578,-2.9744651,-2.4322486,-2.4238496,-2.4238496,-2.4383996,-2.102388,-2.4204614,-2.6186192,-2.881345,-2.5749056,-2.7829723,-2.782972,-2.7539277,-2.7076588,-2.548526,-2.6427479
CSc1nc(nc(n1)N(C)C)N(C)C,-2.676,-2.6414955,-3.657888,-3.414623,-3.4146228,-3.4072177,-3.674627,-3.4033885,-3.7050257,-2.4766345,-2.68247,-1.8038815,-1.803882,-1.7879298,-2.165577,-1.7800218,-2.6428492,-2.2971451,-3.9495015,-4.0252213,-4.025222,-4.0057216,-3.906791,-3.3918967,-3.0457969,-2.844809,-2.460151,-3.0417721,-3.041775,-2.677955,-2.7100406,-1.9049162,-2.5864165,-2.9797843,-4.339278,-3.5967226,-3.596724,-3.6085427,-3.451277,-3.4736593,-4.5908127,-2.6588206,-3.2392476,-3.595376,-3.5953763,-3.681729,-3.6460936,-3.456464,-4.0437646,-2.9619966,-2.5839856,-2.8800907,-2.8800907,-2.9129014,-2.5574725,-2.8592105,-2.8964334,-2.7759185,-2.0570512,-2.298867,-2.2988658,-2.4257388,-1.2289507,-2.298177,-2.454178,-2.712087,-1.8827907,-1.3490121,-1.3490123,-1.4267461,-1.5896732,-1.4591497,-2.9311361
O=C(Cn1ccnc1N(=O)=O)NCc2ccccc2,-2.81,-3.3217037,-3.9514875,-3.7279923,-3.7279923,-3.7258108,-4.057229,-3.6879148,-4.033105,-2.9340909,-3.8827593,-2.4789424,-2.4789424,-2.210487,-3.0075922,-2.5216353,-3.1124704,-3.0028539,-4.007824,-3.6624863,-3.6624863,-3.6695185,-3.9125476,-2.6220112,-1.6825033,-2.5705197,-3.5496285,-3.6219087,-3.62191,-2.836438,-3.3683207,-2.4330082,-2.9654758,-2.716333,-3.6750832,-3.6422613,-3.6422615,-3.675912,-3.778178,-3.6768322,-3.6755645,-3.1510034,-3.7337344,-4.1751103,-4.175111,-4.226135,-4.1549025,-4.048854,-4.9037156,-2.5931482,-2.2406309,-1.6234235,-1.6234236,-2.4703493,-1.3999357,-2.3348427,-1.7098771,-2.6065106,-3.712617,-3.4544568,-3.454457,-3.5223172,-2.3430142,-3.3796732,-3.684181,-2.7380497,-2.798444,-2.7779663,-2.7779655,-2.7925706,-2.9022434,-2.8692405,-2.9239156
CCC(=O)C,0.52,0.049823992,-1.5989875,-0.8844618,-0.88446176,-0.88092387,-1.0058411,-0.8811188,-1.0663869,0.117172256,-0.80120045,-0.054647505,-0.054647647,-0.058408305,-0.28817067,-0.032522213,-0.9478525,0.22576435,-1.179012,-1.2598035,-1.2598034,-1.25187,-1.199414,-1.1014351,-1.1138805,-0.04053097,-0.9774406,-1.2144358,-1.2144372,-0.72448707,-0.96739554,-0.00034712488,-0.6930089,0.38334897,-1.7321545,-1.6429509,-1.6429508,-1.6128254,-1.6613815,-1.5805559,-0.6564256,0.5761937,-1.7585305,-1.5702759,-1.5702759,-1.5586135,-1.5211997,-1.539014,-0.7391992,0.06709586,-0.8733862,0.625379,0.6253787,-0.723723,0.59594727,-0.6599388,-0.2797222,0.4979683,-0.8127617,-0.64222157,-0.6422216,-0.62110376,-0.39482218,-0.66122943,-0.9072462,0.501578,0.50750685,0.66282165,0.66282177,0.750869,0.70596826,0.46822,0.05897751
O=C1NC(=O)NC(=O)C1(C(C)C)C(C)C,-2.766,-2.437176,-3.0264647,-3.1942654,-3.1942654,-3.1934621,-3.5424788,-3.1284811,-3.4130268,-2.6630845,-1.8487896,-1.564778,-1.5647781,-1.5508531,-1.729139,-1.5369053,-2.4428577,-2.456039,-3.4762611,-3.2477188,-3.2477193,-3.2339544,-3.4281032,-1.9543865,-1.6007824,-2.1694624,-3.0416014,-2.9469712,-2.9469726,-2.9131608,-2.7649188,-2.0184531,-2.8210893,-3.0328088,-3.1346245,-3.6986625,-3.6986625,-3.385006,-4.072522,-4.0144453,-3.1266544,-2.675504,-2.2374766,-2.3885465,-2.3885467,-2.4131846,-2.419127,-2.2959096,-2.6184566,-2.7477505,-1.6283838,-2.2976193,-2.2976193,-2.2123632,-2.5730128,-2.1190677,-2.5865483,-2.6881185,-2.1651034,-1.8012859,-1.8012863,-1.8450183,-1.0468613,-1.846795,-2.6196892,-2.7290947,-2.8666997,-2.8778293,-2.8778288,-2.9012194,-3.0022237,-3.0921915,-2.8655834
ClC1C(Cl)C(Cl)C(Cl)C(Cl)C1Cl,-4.64,-4.941938,-3.1257772,-3.1997519,-3.1997516,-3.179785,-3.6067297,-3.1741202,-5.211709,-4.5699263,-3.8283277,-4.5073724,-4.5073714,-4.494797,-4.507018,-4.5094423,-5.1381,-4.533146,-3.2476027,-3.3358252,-3.335825,-3.3535612,-3.3442783,-4.840747,-4.8957663,-4.33492,-5.8239326,-5.597332,-5.5973334,-4.9720726,-4.9928994,-4.2443147,-4.855679,-4.7955046,-3.329959,-3.6290545,-3.6290543,-3.2296062,-4.199807,-2.9005692,-4.9412127,-4.7773085,-2.3757427,-2.6912243,-2.6912243,-2.6545606,-2.6692138,-2.2540338,-2.6750858,-4.765338,-2.2465234,-3.7361403,-3.7361407,-2.3331313,-4.038481,-2.291111,-3.4361255,-4.599881,-5.119246,-5.0998554,-5.0998564,-5.0899577,-4.722511,-5.2026424,-6.045998,-4.5865474,-5.719355,-5.507704,-5.5077033,-5.440481,-5.7253313,-5.0418315,-5.020756
O=c2c(C3CCCc4ccccc43)c(O)c1ccccc1o2 ,-2.84,-2.9940162,-4.351008,-4.025926,-4.0259266,-4.0304303,-4.3172517,-4.023084,-3.9258094,-2.9840956,-4.543467,-3.9720464,-3.972047,-3.913889,-4.4411573,-3.987417,-4.4372883,-3.1389334,-4.8799057,-4.9837904,-4.9837904,-4.928748,-4.877392,-4.430963,-4.281319,-3.310798,-5.29676,-4.9676595,-4.967661,-4.6907434,-4.4375772,-3.9606278,-4.411705,-2.8260036,-4.095473,-4.020178,-4.0201774,-4.03734,-4.094269,-4.1566744,-3.1868963,-3.4958382,-3.9771621,-3.8356767,-3.835677,-3.7575097,-3.8351722,-4.071859,-3.994725,-2.8632417,-3.3383086,-3.702929,-3.7029297,-4.061778,-3.6333508,-3.9596467,-3.6898787,-3.0641274,-4.9464736,-4.6702356,-4.6702366,-4.735034,-3.497258,-4.682992,-5.054875,-2.715649,-2.8309188,-2.8800666,-2.8800666,-2.8959813,-2.98593,-3.0127976,-3.0070302
O=C1N(COC(=O)CCCCCCC)C(=O)C(N1)(c2ccccc2)c3ccccc3,-6.523,-5.9835606,-6.891558,-6.2690635,-6.269063,-6.26399,-6.575893,-6.290818,-5.5425906,-5.8206515,-5.279501,-5.0411158,-5.041117,-4.9295983,-5.3732834,-5.0452538,-5.7314863,-6.2847557,-5.968976,-6.074868,-6.0748687,-6.066145,-6.2857428,-6.3880763,-5.623534,-6.2656,-6.178342,-5.952917,-5.9529185,-5.752371,-5.2367616,-5.2558045,-6.105441,-6.4787455,-6.8240466,-6.4587965,-6.4587965,-6.3669205,-6.580726,-6.1544623,-5.169695,-6.3159423,-6.297573,-6.165102,-6.165102,-6.036078,-6.0067015,-6.106821,-5.7792697,-6.179098,-5.1923804,-5.08685,-5.08685,-5.079587,-5.1962237,-4.9777846,-6.013958,-6.102264,-6.471783,-6.251148,-6.251148,-6.2779937,-4.7278295,-6.1338663,-6.786769,-6.268393,-6.4524918,-6.4482093,-6.4482064,-6.4949613,-6.7228265,-6.761251,-6.4193835
CC12CCC3C(CCc4cc(O)ccc34)C2CCC1O,-5.03,-4.2528644,-3.900875,-3.6065505,-3.6065502,-3.612943,-3.9480195,-3.616579,-3.885019,-4.1586194,-4.203505,-4.4789386,-4.4789386,-4.3698936,-4.7553234,-4.514331,-4.371939,-4.6385193,-3.7447429,-3.971585,-3.971585,-3.933327,-3.9014502,-4.2367997,-3.9172888,-4.5401363,-5.7306476,-5.0906305,-5.0906324,-5.2546344,-4.5533614,-4.8275876,-5.0858603,-5.03168,-3.5349712,-3.5101278,-3.510128,-3.5397742,-3.656595,-3.6038783,-3.6303759,-4.542042,-3.971006,-3.257306,-3.2573059,-3.3919961,-3.202572,-3.6427774,-3.3951344,-4.5884027,-3.2215602,-4.08377,-4.08377,-4.241249,-4.1386914,-4.1193438,-3.9016423,-4.5709834,-5.3094106,-5.3157964,-5.3157964,-5.3573346,-3.803595,-5.386711,-5.4011526,-4.9859858,-4.7134933,-4.968231,-4.9682302,-4.9968343,-5.1277456,-4.970325,-5.0123386
Sc2nc1ccccc1s2 ,-3.18,-2.3595147,-2.4692888,-2.264417,-2.2644165,-2.2729867,-2.5395737,-2.2863927,-2.4164643,-2.744948,-3.9070754,-3.638319,-3.6383185,-3.630455,-3.5636935,-3.6173928,-3.6337202,-3.2089367,-2.3041499,-2.554564,-2.554564,-2.549666,-2.4349716,-3.8911865,-4.022287,-3.3051887,-3.5194924,-3.635278,-3.63528,-3.3513427,-3.2580795,-2.5449195,-2.8149538,-3.335446,-1.9244515,-1.7554128,-1.755413,-1.8065064,-1.8439302,-1.817717,-1.7966267,-3.1589427,-2.5584018,-1.9072789,-1.9072788,-1.9657542,-2.0508096,-2.2155066,-2.424644,-3.1675365,-2.0150988,-1.6498852,-1.6498858,-2.3801563,-1.446392,-2.3186996,-1.9279716,-3.4249668,-2.2226095,-2.5045323,-2.5045323,-2.5746903,-1.7554619,-2.5127873,-2.0647223,-3.182601,-3.1018407,-3.1695292,-3.1695297,-3.1727276,-3.2242851,-3.205888,-3.268186
N#Cc1ccccc1C#N,-2.38,-1.8300205,-2.3661995,-2.3238292,-2.3238292,-2.3228543,-2.5414603,-2.3319387,-2.2664657,-2.0647042,-1.953927,-2.4953878,-2.495388,-2.5013807,-2.2948866,-2.4795773,-2.5012107,-2.468937,-1.6913041,-1.8551996,-1.8551996,-1.8485625,-1.730755,-2.0264955,-2.126754,-2.156594,-2.1802766,-2.4620278,-2.462029,-2.0980191,-2.073153,-1.314692,-1.774913,-2.5424829,-2.6357198,-3.0198205,-3.0198202,-2.9903247,-3.0166366,-3.0651095,-2.6097689,-2.71652,-2.216335,-2.2629876,-2.2629874,-2.301195,-2.276392,-2.3038344,-2.3182476,-2.3164625,-1.9633018,-1.6136656,-1.6136658,-2.075604,-1.6813028,-1.9599499,-1.6701342,-2.3574631,-1.7147901,-1.6710662,-1.6710665,-1.7402222,-1.2897335,-1.6677793,-1.7739459,-2.4124894,-2.5953796,-2.446458,-2.4464583,-2.4604301,-2.4936798,-2.8013027,-2.4124272
O=N(=O)c1cc(cc(c1)N(=O)=O)N(=O)=O,-2.89,-2.7695165,-3.3793314,-3.562488,-3.5624878,-3.5690885,-4.0162435,-3.5795844,-5.4752207,-2.7239199,-1.8423377,-3.2846003,-3.2846005,-3.291925,-3.6937146,-3.196072,-3.11514,-2.9798372,-3.1432805,-3.1721041,-3.1721044,-3.180797,-3.2627528,-2.678535,-2.490386,-2.4885783,-3.4236834,-3.741088,-3.7410896,-3.4879336,-3.2050738,-2.6990356,-2.7608407,-3.0544372,-2.602501,-3.6129036,-3.612903,-3.5111976,-3.8560002,-3.4206364,-3.5805278,-3.2910619,-2.8258235,-3.1931267,-3.1931272,-3.2805002,-3.1935422,-3.076281,-3.682551,-3.033479,-4.551565,-3.4784002,-3.4784,-5.065197,-3.1955154,-4.8525434,-3.3066149,-2.8755314,-4.0504565,-3.183163,-3.1831634,-3.2182245,-2.8996882,-3.1982765,-3.523161,-2.837873,-2.976554,-2.8687181,-2.8687177,-2.8822315,-2.993705,-3.1527522,-2.9402835
CCCCOC(=O)CCCCCCCCC(=O)OCCCC,-3.896,-5.3673882,-6.646685,-6.1421514,-6.142152,-6.1518703,-6.5549073,-6.1913695,-5.4848866,-4.3319235,-4.668632,-6.316652,-6.316653,-6.190057,-6.747905,-6.333146,-6.786032,-4.2272654,-6.3580422,-6.484698,-6.484698,-6.3067794,-6.067601,-5.298784,-6.7191377,-4.389365,-5.7699094,-6.081364,-6.0813656,-6.304775,-5.466799,-5.617951,-6.2983584,-5.310557,-6.9278736,-6.5926,-6.5925994,-6.593396,-6.929963,-6.490499,-6.705774,-4.6103635,-7.057861,-6.4789743,-6.478975,-6.3141103,-6.890985,-6.546118,-6.360335,-3.8833003,-7.3343434,-6.6398945,-6.6398954,-7.498628,-6.1321845,-7.298715,-6.3938546,-4.2126913,-6.3291554,-6.495408,-6.4954085,-6.5091443,-5.239412,-6.518215,-6.760029,-3.9228091,-5.9284654,-5.022112,-5.0221105,-5.2547126,-5.282676,-5.0553412,-6.385258
Cn1cnc2n(C)c(=O)[nH]c(=O)c12 ,-2.523,-3.3981538,-2.613666,-2.4319222,-2.4319222,-2.4292123,-2.6453028,-2.4385927,-2.9453151,-1.8211514,-1.3063973,-1.1745249,-1.1745247,-1.15709,-1.290553,-1.1828095,-1.7024258,-2.5345032,-2.569506,-2.2811422,-2.2811422,-2.2688608,-2.3835669,-1.078618,-0.98799765,-2.1279545,-1.2260805,-1.7454756,-1.7454774,-1.3832202,-1.5612519,-0.71506864,-1.1291523,-3.1324031,-2.0843616,-1.9462961,-1.9462961,-1.9629245,-2.0731542,-1.9228313,-1.668277,-2.2801526,-2.6221888,-2.784597,-2.784597,-2.827746,-2.7796104,-2.6745055,-2.782425,-2.4093602,-1.8690003,-1.5952958,-1.5952957,-2.287101,-1.6014934,-2.3641696,-2.092273,-2.4190202,-1.9309518,-1.6283077,-1.6283071,-1.630659,-1.0786499,-1.6367512,-2.250409,-2.4674754,-0.82654256,-1.7769681,-1.776968,-1.820531,-1.9484665,-2.0394678,-1.1225911
COP(=S)(OC)Oc1ccc(Sc2ccc(OP(=S)(OC)OC)cc2)cc1,-6.237,-6.508583,-7.8593793,-6.851448,-6.851448,-6.8463635,-7.0841174,-6.8807826,-5.442471,-6.0194106,-6.9473186,-6.2368574,-6.2368584,-6.2156644,-6.747654,-6.207277,-6.4425015,-6.3611836,-6.2348294,-5.8635235,-5.8635235,-5.76242,-6.0730314,-6.3542113,-5.1925697,-5.790536,-7.180505,-7.115803,-7.1158037,-6.932765,-6.5652547,-6.541731,-5.4398727,-6.4203315,-7.3535147,-6.9630146,-6.963014,-6.9522095,-7.013498,-7.205307,-6.0843067,-5.7257915,-6.539143,-6.4309177,-6.4309173,-6.573634,-6.188107,-6.4803185,-5.824912,-5.7149577,-6.122995,-5.8439827,-5.8439817,-6.5931997,-5.53736,-6.477048,-6.013896,-6.19293,-6.576177,-6.459638,-6.4596395,-6.4537015,-4.8750224,-6.1687665,-7.0515738,-5.903945,-6.173015,-6.354968,-6.3549643,-6.3943768,-6.7439685,-6.5501766,-6.257762
CCCCOC(=O)c1ccc(N)cc1,-3.082,-2.644611,-3.4782403,-3.4067774,-3.4067771,-3.416569,-3.8325758,-3.4265206,-3.4349747,-2.9816897,-3.294211,-2.4466455,-2.446647,-2.3673189,-2.9876523,-2.473018,-3.1041732,-3.180678,-3.439399,-3.421114,-3.421114,-3.395581,-3.2633357,-3.0305223,-2.7702482,-2.8229768,-3.4120924,-3.244374,-3.2443757,-3.0693662,-3.027103,-2.3058233,-2.8388145,-3.2088552,-3.2779794,-3.1319487,-3.1319487,-3.2117894,-3.4056232,-3.33048,-2.907016,-3.0987663,-4.3745627,-4.10664,-4.106639,-4.17099,-4.07478,-4.254192,-4.1586475,-4.08389,-2.6281402,-3.1132696,-3.1132698,-3.37851,-3.0094717,-3.4151993,-3.2987206,-3.1748486,-3.7826784,-3.4286547,-3.4286556,-3.4738526,-2.6164293,-3.4378982,-3.7734017,-3.0744977,-3.115652,-3.05993,-3.0599298,-3.0956545,-3.2406304,-3.1580951,-3.1409733
C1CCCCCC1,-3.51,-3.2928302,-1.8230573,-1.1795634,-1.1795635,-1.163277,-1.3713064,-1.148687,-1.604737,-3.770516,-1.735856,-2.784666,-2.7846663,-2.759022,-2.778664,-2.7979088,-2.0901062,-3.558384,-1.7302247,-1.94451,-1.9445101,-1.9338605,-1.8063431,-3.0103607,-2.9213343,-3.6552994,-2.3530915,-2.7293234,-2.7293243,-2.6890752,-2.4362483,-1.8072405,-2.1223044,-3.6905003,-2.3034143,-2.7954876,-2.7954874,-2.688667,-2.7027194,-2.7272584,-1.0249974,-3.6498134,-2.2182567,-2.4819012,-2.4819016,-2.5395231,-2.406397,-2.3747203,-2.1155343,-3.725905,-3.1235182,-2.945126,-2.945126,-2.701929,-3.5717387,-2.7142239,-2.9185007,-3.55631,-4.455089,-4.5418143,-4.541815,-4.5597167,-3.7429333,-4.508203,-4.1212616,-1.8852133,-1.4590763,-1.6785485,-1.6785481,-1.6682099,-1.6256555,-1.2964172,-2.4447048
CCCOC(=O)CC,-0.82,-1.8203285,-2.3707967,-1.9812533,-1.9812533,-1.9810109,-2.2082741,-1.9761431,-1.9075346,-1.0404774,-1.1719757,-0.74109906,-0.7410997,-0.7133896,-0.8951797,-0.73029524,-1.2422441,-1.1169244,-1.8120741,-1.9374979,-1.9374977,-1.9314985,-1.8273879,-1.7066228,-1.6523006,-1.1875517,-1.8288816,-1.9700155,-1.9700168,-1.5736648,-1.7263916,-0.77746606,-1.3452876,-1.1951306,-2.3409328,-2.1762137,-2.1762137,-2.226344,-2.3074727,-2.208601,-1.5704587,-0.9547864,-2.468569,-2.3597212,-2.3597214,-2.1095657,-2.4019735,-2.3059878,-1.9787703,-1.2306548,-1.530418,-1.5455741,-1.5455742,-2.1569662,-1.1311604,-2.1131723,-1.7214622,-0.9875757,-1.9007592,-1.6540711,-1.6540709,-1.6986878,-0.9587511,-1.6791967,-2.0797153,-0.9572012,-0.56096506,-0.617146,-0.6171458,-0.67645264,-0.66493535,-0.6111254,-0.339504
FC(F)(F)C(Cl)Br ,-1.71,-1.6284412,-1.6370567,-1.0270271,-1.0270271,-1.014362,-1.3312778,-1.0068756,-2.171506,-1.8070463,-1.7608608,-1.9262325,-1.9262333,-1.9240009,-1.9121066,-1.9179149,-2.185114,-1.6542298,-1.9692394,-1.9458652,-1.9458653,-1.9457536,-2.0432808,-2.3572068,-2.233507,-1.7221148,-1.8353816,-2.3012083,-2.3012092,-2.0721848,-2.1411717,-1.2800092,-1.6111875,-1.6564926,-1.6969525,-0.94859725,-0.9485973,-0.94686705,-0.86743575,-0.8845256,-0.88361955,-1.9104891,-1.289131,-1.0410637,-1.0410637,-1.0387322,-1.0686811,-1.0403619,-1.4629507,-1.7267917,-0.8636777,-2.201729,-2.201729,-2.112081,-2.113754,-2.0425286,-2.1455595,-1.6772721,-2.3154736,-2.2943835,-2.2943835,-2.3199334,-1.8658457,-2.2703938,-2.2386549,-2.8704417,-2.246045,-2.571203,-2.5712032,-2.5592797,-2.4842207,-2.0604956,-2.574265
CCOP(=S)(OCC)Oc1nc(Cl)n(n1)C(C)C,-3.658,-4.1265397,-4.6721683,-4.462733,-4.4627333,-4.464617,-4.7472863,-4.466043,-4.663212,-4.0663323,-3.7911963,-2.3075724,-2.3075733,-2.3120086,-2.9636579,-2.261906,-3.249812,-3.791298,-4.548595,-4.341362,-4.341362,-4.293158,-4.314507,-3.7320955,-3.1321638,-3.8459175,-5.5008254,-5.236883,-5.2368846,-4.8278875,-4.673636,-4.3457236,-4.4972243,-3.8138897,-4.5521216,-4.1883755,-4.1883755,-4.176412,-4.3568077,-4.1500707,-3.3383126,-3.4296558,-4.1980047,-4.650255,-4.650255,-4.689594,-4.5799327,-4.367182,-4.665592,-3.2813134,-3.4638488,-3.6819396,-3.6819396,-3.6948793,-3.7308152,-3.659881,-4.165182,-3.7017632,-4.908516,-4.507542,-4.5075426,-4.578198,-3.5635357,-4.470396,-4.916413,-3.5724292,-3.679946,-3.6907876,-3.6907864,-3.7441394,-3.8206918,-3.774205,-3.6709013
CCCCC=O,-0.85,-1.6651207,-1.7942382,-1.422655,-1.422655,-1.4295484,-1.6909333,-1.4213,-1.9029632,-1.1453415,-1.1689346,-0.8906006,-0.8906008,-0.88450664,-0.91602975,-0.87686163,-1.358689,-0.6532815,-1.346733,-1.4400914,-1.4400914,-1.4324734,-1.3689246,-1.373002,-1.1250633,-1.0375726,-1.7531831,-1.9122924,-1.9122946,-1.5925418,-1.6790712,-0.79854536,-1.3593606,-0.8505701,-1.8381644,-1.531771,-1.531771,-1.5739818,-1.5782375,-1.5158682,-1.5029562,-1.2314956,-2.0294492,-1.7231131,-1.7231131,-1.661589,-1.7365248,-1.7598581,-1.4390053,-1.0598385,-1.1870308,0.037291873,0.037291415,-1.147157,-0.022728097,-1.0715343,-0.6406313,-0.89812887,-1.1566769,-0.95490074,-0.95490104,-1.0163699,-0.601895,-0.96337336,-1.3220923,-0.90022945,-0.36717996,-0.34646863,-0.3464684,-0.3669291,-0.3291825,-0.31067234,-0.44553652
c2ccc1ocnc1c2,-1.16,-0.82938176,-2.0586095,-1.8074416,-1.8074417,-1.8098584,-1.9514863,-1.8153118,-1.4519815,-0.7493903,-1.6737813,-1.0609518,-1.0609521,-1.0702606,-1.1480361,-1.033684,-1.4737511,-1.0163257,-1.5920336,-1.6675279,-1.6675282,-1.6567326,-1.5177816,-1.6674218,-1.7004666,-1.399328,-2.0840106,-2.4730902,-2.4730928,-2.1222994,-2.175558,-1.3889077,-1.6484174,-1.364967,-1.5674833,-1.6257833,-1.6257832,-1.6169144,-1.6931659,-1.6099811,-0.9817907,-1.1925529,-2.3550086,-2.4608693,-2.4608693,-2.5215433,-2.4293697,-2.5120497,-2.5241215,-1.5082862,-0.39998513,-0.94189614,-0.9418963,-0.7736981,-0.4952579,-0.70748997,-0.85645074,-1.2056812,-1.7514198,-1.7650169,-1.7650173,-1.7741159,-1.4639437,-1.774639,-1.7258804,-1.3600181,-1.264294,-1.3154942,-1.3154947,-1.2986077,-1.3914087,-1.3402086,-1.2796296
Oc1ccc(Cl)cc1Cc2cc(Cl)ccc2O,-3.953,-4.7200236,-4.090928,-3.750447,-3.750447,-3.746382,-4.0388656,-3.755719,-4.2107773,-4.3105807,-4.3549323,-3.774599,-3.774599,-3.7523947,-3.8795855,-3.7632575,-4.2010403,-4.1305656,-4.8632803,-4.717794,-4.717794,-4.7391067,-4.643343,-4.103831,-3.7424645,-3.8169727,-4.3936753,-4.3995366,-4.3995385,-4.0577865,-3.974162,-3.453573,-3.759497,-4.5938787,-3.8662505,-3.910692,-3.9106917,-3.8163228,-3.98315,-3.788511,-4.0935984,-3.7160542,-3.924527,-4.1806345,-4.1806345,-4.2926793,-4.0346994,-4.216438,-4.133724,-3.8959122,-1.2453653,-2.1349905,-2.1349902,-2.2141888,-2.1327417,-2.1409526,-2.1994202,-3.6847248,-5.722878,-5.3395076,-5.339508,-5.3386655,-4.374063,-5.481273,-5.306239,-3.8260124,-3.9391441,-3.9217634,-3.9217637,-3.924129,-4.115685,-4.096978,-3.9742928
Clc2ccc1oc(=O)[nH]c1c2,-2.8310000000000004,-3.1052797,-2.4704318,-2.4883757,-2.4883754,-2.5033634,-2.8904576,-2.5124655,-3.0174975,-2.9806852,-2.5558863,-2.6719916,-2.671991,-2.6802108,-2.5310469,-2.6623864,-2.5156136,-2.8100069,-2.0178955,-2.119313,-2.1193128,-2.1099298,-2.0058393,-2.5548096,-2.6185477,-2.4366221,-2.5874808,-3.0051696,-3.005171,-2.7265592,-2.598751,-1.955535,-2.1490247,-2.8176472,-1.8045245,-1.6904339,-1.6904337,-1.6933879,-1.8344555,-1.6795338,-1.8958215,-2.9308097,-2.6822252,-3.0500758,-3.0500758,-3.1454713,-2.983605,-3.0011165,-3.2469776,-2.835839,-0.5838364,-0.45747036,-0.45747066,-0.8394152,-0.80261075,-0.6999656,-0.74539906,-2.722112,-3.3547337,-2.8930345,-2.893035,-2.9492807,-2.5351663,-2.9055676,-2.8861125,-2.7969346,-2.8907423,-2.75166,-2.75166,-2.7404497,-2.8461235,-2.8635929,-3.615221
CCCCCCCCCC(=O)OCC,-4.1,-4.7713194,-4.129565,-3.9935663,-3.9935665,-4.000125,-4.4279175,-4.0089016,-3.8147473,-3.715591,-4.0389266,-4.5253534,-4.5253544,-4.4442334,-4.969842,-4.5548477,-4.1927967,-4.413009,-3.8871458,-3.9905481,-3.990548,-3.983393,-3.7454178,-4.2531805,-3.7130482,-4.1578703,-4.3492284,-4.573926,-4.5739284,-4.5834026,-4.203185,-3.7659922,-4.365419,-4.727016,-4.0159087,-3.923571,-3.923571,-3.9767704,-4.185412,-4.0739675,-4.2458873,-3.9405212,-5.031652,-4.7683964,-4.768397,-4.708016,-4.6660733,-4.674375,-4.8788066,-4.3166914,-4.815925,-4.3333406,-4.3333416,-5.184612,-3.930539,-5.0692163,-4.2266874,-4.1217375,-4.538298,-4.4878526,-4.4878526,-4.54777,-3.3559837,-4.438771,-5.035353,-4.0864315,-4.0676727,-4.1389346,-4.138932,-4.116599,-4.353836,-4.15294,-4.306656
O=C(Nc1ccccc1)Nc2ccccc2,-3.15,-2.9388924,-3.594602,-3.6407008,-3.6407013,-3.6559446,-4.1419706,-3.6683106,-3.9268706,-2.8939872,-3.9033713,-3.123353,-3.1233547,-3.1044228,-3.8207836,-3.1488678,-3.6008196,-3.0287027,-3.2648175,-3.3681762,-3.368176,-3.329983,-3.198054,-3.7162497,-3.1627538,-3.344651,-3.8814282,-3.969215,-3.9692166,-3.7357912,-3.7132626,-3.0411081,-3.5834982,-3.0468316,-4.776405,-4.2719517,-4.271952,-4.304592,-4.025265,-4.048081,-3.5438604,-3.4574685,-4.519715,-4.837743,-4.8377433,-4.97681,-4.713214,-4.6656156,-4.8808737,-2.7980766,-3.7417104,-3.3185253,-3.3185258,-3.9901142,-3.6561935,-3.9810379,-3.4598472,-3.0177643,-4.5462813,-4.2294583,-4.2294593,-4.2455573,-3.2544422,-4.1701994,-4.4028535,-3.1356711,-3.0590615,-3.1344128,-3.1344125,-3.13904,-3.2147453,-3.0856624,-3.0998154
CCCC(C)(C)C,-4.36,-3.5415199,-1.9241263,-1.6024184,-1.6024185,-1.6109235,-1.9630514,-1.594527,-1.8582506,-4.8574696,-1.3632308,-2.1848118,-2.184811,-2.1718783,-1.9665277,-2.1740253,-1.826508,-4.1079593,-2.0569184,-2.3491614,-2.3491616,-2.3495638,-2.1782496,-3.2937436,-3.302031,-4.068751,-3.2423494,-3.3089087,-3.30891,-3.3390918,-2.9664667,-2.4381595,-3.0195894,-4.4631834,-2.098291,-2.2697191,-2.2697191,-2.1690483,-2.2826788,-2.0499942,-1.8805677,-3.5382187,-1.9879562,-1.5798546,-1.5798546,-1.4867717,-1.6290674,-1.686938,-1.2930113,-4.2665462,-3.6330903,-3.3947425,-3.3947434,-3.491474,-3.9659402,-3.4426484,-3.2597072,-4.3941565,-2.7982025,-2.8417692,-2.8417695,-2.8731837,-2.0306535,-2.8291266,-2.8506587,-4.3207245,-2.256998,-2.5271704,-2.5271704,-2.6192193,-2.5061877,-2.2789447,-2.7529101
CCC(O)(CC)CC,-0.85,-0.990188,-2.2025423,-1.7947254,-1.7947254,-1.7907077,-2.0277236,-1.7804744,-1.8135388,-1.455436,-1.7473958,-2.0417304,-2.0417306,-2.0352533,-2.1752129,-2.0306685,-2.1206877,-0.9705823,-1.9910637,-2.119538,-2.119538,-2.1081138,-2.0363781,-1.7542677,-1.8240712,-0.98566943,-2.2015607,-2.3097966,-2.309798,-2.0194435,-2.0350847,-1.2113762,-1.7206861,-0.9553787,-1.9470824,-1.86696,-1.8669599,-1.8517667,-1.9744111,-1.7657913,-1.6029608,-1.631851,-1.9946758,-2.0366569,-2.0366569,-2.0303597,-2.0268,-1.9680994,-1.7640867,-0.9995918,-1.6890147,-0.72007275,-0.7200729,-1.8397334,-0.565225,-1.7779936,-1.2843722,-0.8050016,-2.1765184,-1.9376209,-1.9376215,-1.9493725,-1.3667378,-1.9596186,-2.5213516,-0.8987505,-0.8746458,-0.88174534,-0.881745,-0.8833679,-1.1471367,-0.8445271,-0.77054185
CC(=O)CC(c1ccc(Cl)cc1)c2c(O)c3ccccc3oc2=O,-5.839,-5.8364706,-5.482549,-5.0394993,-5.039499,-5.035374,-5.309815,-5.0368686,-4.6269946,-5.761747,-4.2828145,-4.438785,-4.4387856,-4.409055,-4.7389307,-4.464818,-4.611111,-5.6233606,-5.1624293,-5.063572,-5.063573,-5.0237756,-5.1798687,-4.832832,-4.3335104,-4.927387,-4.905587,-4.779353,-4.779355,-4.3512015,-4.130893,-3.8297648,-4.4480124,-5.9476113,-4.942916,-4.9860983,-4.9860983,-4.9377875,-5.003899,-4.955041,-3.917435,-4.388218,-4.492203,-5.1084166,-5.1084166,-5.1766253,-4.975585,-4.9772363,-4.884396,-3.7714717,-3.1876955,-3.5795038,-3.579504,-3.8903084,-3.5166302,-3.7935073,-3.6098988,-5.342279,-5.01601,-5.0478764,-5.047876,-5.1262417,-3.5978084,-4.88399,-5.5219436,-5.6578484,-5.7121468,-5.836557,-5.836555,-5.88073,-5.9722295,-6.179067,-5.8649416
CCC(C(CC)c1ccc(O)cc1)c2ccc(O)cc2,-4.43,-4.1103563,-4.4608693,-4.01417,-4.01417,-4.006899,-4.3231797,-3.955017,-3.6235216,-3.9910061,-3.6904917,-3.5696301,-3.5696309,-3.5180273,-3.9737198,-3.566469,-3.6428409,-4.348085,-4.213018,-4.2082295,-4.2082295,-4.1810517,-4.3043756,-3.7588687,-3.5657878,-4.5231175,-4.2508574,-4.051937,-4.0519385,-3.8428233,-3.6066632,-3.2524695,-3.8028858,-4.5540724,-4.5096755,-4.650215,-4.6502156,-4.5278172,-4.961838,-4.400205,-3.459829,-4.1354766,-4.411911,-4.7619834,-4.7619834,-4.9221334,-4.5835805,-4.7413316,-3.752154,-4.3475685,-3.138819,-4.2496142,-4.2496142,-4.300887,-4.443273,-4.1909904,-4.2879815,-3.9970489,-3.9048796,-3.7241669,-3.7241673,-3.7567196,-2.5161097,-3.766941,-4.5029807,-4.2995987,-4.3456955,-4.3772683,-4.377268,-4.3769517,-4.62363,-4.541287,-4.5283327
CCNc1nc(NC(C)(C)C)nc(OC)n1,-3.239,-3.4791942,-3.845128,-3.5718048,-3.5718045,-3.5688016,-3.84635,-3.5646791,-4.0040617,-2.7896776,-2.1756256,-2.3872302,-2.387231,-2.279178,-2.7763064,-2.3744247,-2.5550556,-2.8929555,-3.649204,-3.5982318,-3.5982318,-3.5809462,-3.4986963,-2.5800705,-2.2188785,-2.548114,-2.789564,-2.8396652,-2.839667,-2.5318654,-2.6078663,-1.7617533,-2.239028,-3.009295,-3.7770133,-4.1288166,-4.1288176,-3.9768329,-4.1317673,-3.8278282,-3.4178276,-3.2065265,-3.67684,-3.7391927,-3.739193,-3.6591434,-3.7645059,-3.8298268,-3.8243072,-2.9134269,-3.1402917,-3.541657,-3.541657,-3.729444,-3.3902752,-3.6404495,-3.5126514,-2.9626348,-2.8173892,-2.5732207,-2.5732207,-2.6682184,-1.8721602,-2.6766539,-2.8038683,-3.07085,-3.1731648,-3.1904132,-3.190411,-3.2243078,-3.2540832,-3.2837217,-3.3024497
c1nccc(C(=O)NN)c1,0.009,-1.2505094,-2.4501958,-2.2144616,-2.2144616,-2.222834,-2.4706495,-2.2353435,-2.2109857,-1.0094477,-1.2296587,-0.5400962,-0.5400958,-0.52113384,-0.7097002,-0.54321045,-1.2426023,0.16621608,-1.5740939,-1.6060693,-1.6060693,-1.6008492,-1.5189577,-0.42587474,-0.45544124,-0.17911302,-1.4813648,-1.7732778,-1.7732792,-1.2055652,-1.5314018,-0.5668799,-1.2668464,-0.32241464,-1.9418906,-1.6423063,-1.6423061,-1.6930969,-1.744596,-1.6942663,-1.4586662,0.0688867,-2.6232753,-2.7547917,-2.7547917,-2.806314,-2.7573123,-2.6938925,-2.840182,-0.18004632,-2.3536904,-1.4399295,-1.4399296,-2.5704322,-1.510092,-2.440556,-1.6561522,-0.08921392,-0.6306096,-0.5988203,-0.59882045,-0.6008871,-0.023781974,-0.5918229,-0.80760676,0.063151434,0.052982576,0.00013910234,0.00013904646,-0.0054805186,-0.046728663,0.07657334,0.049058657
CCC(C)c1cc(cc(N(=O)=O)c1O)N(=O)=O ,-3.38,-3.2167614,-3.724946,-3.4233234,-3.4233232,-3.4032454,-3.7155464,-3.3617022,-4.111485,-3.3786168,-1.7976285,-2.0002937,-2.0002937,-1.9497485,-1.7658159,-1.9829438,-1.8546102,-3.3847287,-4.0699716,-3.7988076,-3.7988076,-3.813361,-3.9649975,-2.9570565,-2.4069557,-2.981273,-3.5760894,-3.4180467,-3.4180484,-3.338526,-3.133454,-2.5577245,-3.170935,-3.5439868,-3.5286179,-3.6646671,-3.6646678,-3.644086,-3.94181,-3.625697,-3.2907624,-2.7049785,-2.7475514,-2.6856565,-2.6856563,-2.4399934,-2.7732706,-2.7476354,-2.7989922,-3.2715976,-2.0492518,-3.0523596,-3.0523598,-2.9065866,-3.1770575,-2.816706,-3.3552186,-3.1068015,-2.4648774,-2.4207976,-2.4207978,-2.4409156,-1.50052,-2.4246716,-2.6222897,-3.2864258,-3.3614516,-3.3911111,-3.3911107,-3.3924956,-3.5148685,-3.578762,-3.4745212
CCN2c1ncccc1N(C)C(=O)c3cccnc23 ,-2.62,-2.925041,-3.7046962,-3.3312178,-3.3312175,-3.324076,-3.6563334,-3.2885904,-3.1945732,-2.866536,-3.5126722,-3.401067,-3.401067,-3.3608274,-3.6059055,-3.3827791,-3.1998343,-2.5740895,-4.2928257,-4.174168,-4.1741686,-4.1650367,-4.314585,-3.7368484,-3.3702161,-2.7789557,-4.678629,-4.780731,-4.7807326,-4.5165005,-4.278175,-3.8218822,-3.8994882,-2.9331963,-3.8118868,-3.9225419,-3.922542,-3.8582067,-4.036504,-3.7295837,-3.1396449,-3.439614,-3.2696507,-3.8074126,-3.807413,-3.9102952,-3.7882454,-3.6359136,-4.376807,-3.3212495,-2.867998,-2.5742345,-2.5742345,-3.0992274,-2.3764355,-3.0459638,-2.7773712,-2.7427766,-4.245769,-3.8859034,-3.8859043,-3.925034,-2.851794,-4.007193,-4.1677456,-2.5351548,-2.6082942,-2.6937683,-2.6937673,-2.7214274,-2.7465284,-2.7298203,-2.6125097
CC1OC(CC(O)C1O)OC2C(O)CC(OC2C)OC8C(O)CC(OC7CCC3(C)C(CCC4C3CC(O)C5(C)C(CCC45O)C6=CC(=O)OC6)C7)OC8C ,-4.081,-4.8319564,-14.836124,-10.217206,-10.217206,-10.1856985,-9.874566,-10.201544,-0.76266944,-4.841056,-5.038098,-6.5603185,-6.5603194,-6.4207406,-6.82109,-6.4737883,-7.6876283,-4.1406784,-20.29362,-21.042875,-21.042873,-19.149197,-19.883186,-8.782352,1.0709656,-4.311666,-5.7673383,-6.5264835,-6.5264845,-6.36395,-5.8029,-6.496512,-3.001033,-4.6327643,-13.794852,-12.376819,-12.376818,-12.384551,-11.9405775,-13.173687,-0.94345397,-4.349123,-10.361667,-9.410916,-9.410917,-9.749557,-9.55157,-9.607542,-6.015157,-4.197928,-10.45542,-4.898542,-4.8985415,-10.845088,-6.0463786,-10.413572,-1.6161532,-3.7841225,-10.131134,-9.978413,-9.978412,-9.862115,-7.8404393,-9.370574,-1.0765336,-3.9436257,-6.3522177,-6.261846,-6.2618413,-5.9192133,-6.549618,-12.250052,0.8561322
c1ccc(Cl)cc1C(c2ccc(Cl)cc2)(O)C(=O)OC(C)C,-4.53,-5.1208878,-5.7536902,-5.3366623,-5.3366623,-5.3266654,-5.652014,-5.281155,-4.86765,-4.617114,-3.7069159,-4.4385905,-4.438591,-4.378372,-4.6305842,-4.4418154,-4.5477886,-4.7157273,-5.194277,-5.097085,-5.0970855,-5.076635,-5.323735,-4.864825,-4.4940567,-4.758979,-5.505943,-5.2777214,-5.2777233,-4.9369197,-4.7250857,-4.395621,-4.865618,-4.608798,-4.807375,-4.8665323,-4.8665323,-4.7804666,-4.964511,-4.725176,-3.8949575,-4.591504,-3.8792186,-4.4549503,-4.454951,-4.5776944,-4.421057,-4.277616,-4.6628475,-3.9392529,-3.4400163,-3.5106573,-3.510657,-3.9395046,-3.3868568,-3.9033237,-3.6152186,-3.9854996,-4.5246224,-4.6074424,-4.607443,-4.661965,-3.176551,-4.559989,-4.9422503,-4.3461037,-4.460763,-4.5076075,-4.5076056,-4.5306945,-4.612931,-4.6277833,-4.461146
CCC(C)CC,-3.68,-2.35784,-1.8985069,-1.2838814,-1.2838814,-1.2774111,-1.4438992,-1.2661694,-1.4964647,-3.9204965,-1.5789849,-2.0647023,-2.0647023,-2.0555182,-2.1093428,-2.0565693,-1.9566237,-3.5803494,-1.6644374,-1.8777264,-1.8777266,-1.867198,-1.748319,-2.6028628,-2.4780576,-3.4568405,-2.5497048,-2.6572034,-2.6572058,-2.5182161,-2.4032695,-1.6380526,-2.1430392,-3.644944,-1.9529449,-1.5976193,-1.597619,-1.572099,-1.6436634,-1.4554594,-1.3447856,-2.2225745,-1.9148278,-1.8596268,-1.8596268,-1.847602,-1.8416417,-1.8153241,-1.3824428,-3.825442,-3.8266544,-3.162777,-3.1627772,-3.653552,-3.4732323,-3.6839123,-3.1187403,-3.9347222,-2.8230124,-2.742426,-2.7424264,-2.7823148,-2.0813127,-2.7411475,-2.832158,-3.7082934,-3.6201377,-3.5252833,-3.5252833,-3.4276533,-3.5341685,-3.6647055,-3.5488977
Nc1nc(=O)[nH]cc1F,-0.972,-1.054848,-2.1780162,-1.9869051,-1.9869055,-1.9891677,-2.1639075,-1.9959718,-1.7992969,-1.4178518,-0.31841394,-0.78469175,-0.7846917,-0.79770786,-0.8277366,-0.76321465,-0.33202046,-1.518555,-1.235613,-1.2351089,-1.2351084,-1.2266216,-1.1484599,-0.10545977,-0.2619679,-1.4407486,-0.7310331,-1.219706,-1.2197076,-0.68331856,-0.9747393,-0.036941472,-0.70413285,-1.0282638,-1.5864483,-1.2945433,-1.2945433,-1.2585554,-1.400055,-1.232711,-0.5860808,-0.8557929,-1.9950522,-1.850489,-1.850489,-1.8668393,-1.8644593,-1.8850372,-1.4674962,-0.9456717,-0.9780855,-0.33548814,-0.3354879,-1.0779325,-0.6801048,-0.99769914,-0.828926,-0.9611886,-0.6720569,-0.508553,-0.50855273,-0.53823495,-0.19990179,-0.50789326,-0.61982733,-0.9659998,-0.9683806,-0.94950616,-0.9495059,-0.9617712,-0.9632274,-0.98769706,-0.96633977
CCCCCC#C,-3.01,-2.4443154,-2.1652296,-1.8691727,-1.869173,-1.8616785,-2.1658537,-1.8273339,-2.1424997,-2.8914974,-1.9348174,-2.5468936,-2.5468936,-2.525166,-2.3562899,-2.52234,-2.2698035,-2.8234484,-1.8010155,-1.9851639,-1.9851639,-1.9812306,-1.8239005,-2.5144765,-2.250785,-2.5841622,-2.2067404,-2.3356826,-2.3356838,-2.1054366,-2.0782232,-1.2854536,-1.7215745,-2.8145664,-2.1016057,-2.0552578,-2.0552578,-2.0312824,-2.1171644,-1.9771055,-1.88715,-2.7439647,-2.9155629,-2.4677982,-2.4677982,-2.4566948,-2.478186,-2.737732,-2.6577926,-2.937119,-2.6711414,-2.6607873,-2.6607876,-2.9653454,-2.9648545,-2.855134,-2.8316553,-2.9720025,-2.1775057,-2.043831,-2.0438309,-1.9893935,-1.181135,-2.0337493,-2.0750897,-3.2694583,-3.5995996,-3.6203048,-3.6203048,-3.583974,-3.719154,-3.4428642,-3.6514769
CN(C)C(=O)Nc1ccccc1,-1.6,-2.3033803,-2.8740854,-2.6674554,-2.667456,-2.6778033,-2.9728878,-2.6957717,-2.6452289,-2.0793595,-2.2531343,-1.5672947,-1.5672947,-1.554332,-1.8365701,-1.5758997,-1.9174063,-2.016436,-2.6489453,-2.7737038,-2.7737036,-2.7665064,-2.6083908,-2.1358554,-1.9797475,-2.3819978,-2.72305,-2.8602202,-2.8602214,-2.4859264,-2.6211224,-1.7769674,-2.2992089,-1.7249177,-2.638126,-2.4868112,-2.4868112,-2.5561306,-2.6271272,-2.616048,-2.4275906,-1.8203075,-3.059996,-2.7761464,-2.7761464,-2.8045251,-2.8564851,-2.9173923,-2.7459931,-2.7900574,-2.850795,-2.3738375,-2.373837,-3.1625395,-2.3330348,-3.0981243,-2.6722107,-1.8917236,-2.405902,-2.2219892,-2.2219892,-2.28964,-1.4147764,-2.2566829,-2.4925644,-1.6297718,-1.4683633,-1.5128964,-1.512896,-1.5193087,-1.4732101,-1.7095115,-1.7338384
CN(C)C(=O)OC1=CC(=O)CC(C)(C)C1 ,-0.85,-1.4615862,-3.4703007,-3.105772,-3.1057725,-3.1102908,-3.3721159,-3.125391,-2.998865,-1.2865732,-1.862497,-1.9429221,-1.9429222,-1.899416,-1.9139615,-2.0004666,-1.8550973,-0.3358541,-3.8087225,-3.8897092,-3.889709,-3.8631654,-3.674052,-3.3549242,-2.9938183,-0.73723495,-2.9244802,-2.9099424,-2.9099448,-2.7699258,-2.7793758,-1.9363608,-2.7017252,-0.78054225,-3.4216266,-3.362,-3.3620002,-3.4024901,-3.5498383,-3.476671,-2.743392,-1.1678777,-3.1850352,-2.717597,-2.7175968,-2.7465546,-2.813886,-2.9843647,-2.4693494,-0.80225694,-3.7078686,-2.8408892,-2.8408892,-4.104379,-2.9716938,-4.156912,-2.8743467,-1.0837141,-2.426798,-2.3446827,-2.3446834,-2.4205215,-1.6625432,-2.358985,-2.7979827,-0.8352933,-2.635512,-2.570594,-2.5705938,-2.6064777,-2.5036266,-2.2844195,-2.1685064
ClC(Cl)C(Cl)(Cl)SN2C(=O)C1CC=CCC1C2=O ,-5.4,-5.584593,-4.292194,-4.100103,-4.1001024,-4.104175,-4.423607,-4.1112657,-4.6618767,-5.599285,-4.7362685,-4.8133764,-4.8133774,-4.786838,-4.854539,-4.796558,-4.71265,-5.351458,-4.9387827,-4.768236,-4.7682357,-4.8079123,-5.0444975,-4.4429803,-3.9432933,-5.302137,-5.5655074,-5.134655,-5.1346574,-5.2024117,-4.860576,-4.3491397,-5.131066,-5.506551,-3.6698704,-3.8680916,-3.8680916,-3.9227057,-4.0849404,-4.5330143,-5.334889,-5.1300745,-3.4856734,-3.0283728,-3.028373,-3.1050994,-3.095104,-3.3452096,-3.4706664,-5.241935,-3.4006598,-4.0799923,-4.0799932,-3.7923226,-4.664688,-3.8959355,-5.594734,-5.331472,-5.3135767,-5.358561,-5.3585615,-5.4041743,-3.8329737,-5.190485,-6.5497336,-5.5173974,-5.0190496,-5.561886,-5.5618854,-5.5218716,-5.6065083,-5.527215,-5.5486875
OCCOc1ccccc1,-0.7,-1.5440893,-2.5381541,-2.3453176,-2.3453176,-2.3467424,-2.6583674,-2.3251605,-2.4095912,-1.5859104,-1.9709834,-1.4428545,-1.4428551,-1.4131452,-1.5748813,-1.4543874,-1.8596592,-0.6780797,-1.7104222,-1.728575,-1.728575,-1.7246537,-1.5936376,-0.6991069,-0.69524467,-1.4834179,-2.0383139,-2.2205784,-2.2205806,-1.7195008,-1.9046445,-1.0781405,-1.510636,-0.63517296,-2.1755857,-1.8819036,-1.8819034,-1.943398,-1.9982698,-1.9640434,-1.6285467,-0.89950734,-2.8067138,-2.739977,-2.739977,-2.6911347,-2.7607262,-2.722209,-2.8204095,-1.1820529,-0.7721882,-1.624682,-1.6246818,-1.418316,-1.2836442,-1.3784646,-1.6026717,-0.8851693,-1.5806234,-1.4058489,-1.4058492,-1.0277842,-0.42628032,-1.2552717,-1.3690736,-0.6881975,-0.64481145,-0.5435386,-0.5435384,-0.64478785,-0.7588415,-1.1416403,-0.92478913
COP(=S)(OC)SCC(=O)N(C(C)C)c1ccc(Cl)cc1,-4.432,-4.5123196,-5.252998,-4.821137,-4.8211374,-4.8141017,-5.157581,-4.770877,-4.7379556,-4.618472,-4.749856,-3.1471562,-3.1471567,-3.077292,-3.968866,-3.179446,-3.8022707,-4.563758,-5.1403995,-4.8720303,-4.8720307,-4.8613133,-5.103504,-4.5809503,-3.9606926,-5.0234485,-5.1742225,-4.9522314,-4.952233,-4.509099,-4.4026966,-3.7677631,-4.794158,-4.656216,-4.722619,-4.6966314,-4.6966314,-4.598665,-4.802826,-4.451537,-3.907021,-4.288181,-4.5586257,-5.0613465,-5.0613465,-4.7042217,-5.1211286,-4.044328,-4.8774586,-4.0951815,-3.5052114,-3.5601628,-3.560163,-3.8843296,-3.2932925,-3.958942,-3.6731095,-4.508213,-5.009721,-4.863027,-4.8630276,-4.845234,-3.5572157,-4.861457,-5.8506384,-4.392082,-5.0284157,-4.5983157,-4.5983133,-4.799668,-4.8991194,-4.512883,-6.718517
FC(F)(Cl)C(F)(F)Cl,-2.74,-2.6753497,-1.6832913,-1.5694247,-1.5694247,-1.5726374,-1.9248301,-1.5831096,-2.0365345,-2.7362866,-1.567341,-2.0110047,-2.0110054,-2.0119128,-2.120411,-1.9961219,-2.4889445,-2.8357542,-1.4196273,-1.4639071,-1.4639072,-1.4815888,-1.5872585,-0.92621154,-1.0507137,-2.5322146,-2.3352873,-2.436309,-2.43631,-2.1293433,-2.3859184,-1.3362174,-1.7568083,-2.5635462,-3.6379886,-2.599431,-2.599431,-2.525218,-2.768831,-2.6271353,-2.0365455,-2.8087897,-1.361444,-1.1386504,-1.1386503,-1.1410271,-1.1664478,-1.1108215,-1.4453913,-2.7029147,-0.8877501,-1.996933,-1.9969333,-2.2828732,-2.296974,-2.1604438,-2.0820744,-2.7344544,-2.3597498,-2.3570335,-2.3570335,-2.3771193,-1.9328256,-2.2868667,-2.5660436,-2.8704417,-2.246045,-2.571203,-2.5712032,-2.5592797,-2.4842207,-2.0604956,-2.574265
COc5cc4OCC3Oc2c1CC(Oc1ccc2C(=O)C3c4cc5OC)C(C)=C ,-4.42,-4.943755,-6.079268,-5.636928,-5.6369276,-5.6447425,-6.0308943,-5.6936975,-5.299029,-5.047088,-5.0656514,-4.341791,-4.341793,-4.3036103,-4.816785,-4.345351,-4.6841583,-4.7017817,-5.882653,-5.7939835,-5.7939835,-5.551492,-5.7045107,-4.7744074,-4.0913124,-4.413287,-5.838331,-6.1141505,-6.114153,-6.0318403,-5.4891715,-5.380741,-4.2568283,-4.6225896,-5.7766,-5.4556437,-5.4556437,-5.4793754,-5.644332,-5.609937,-4.715945,-4.2478104,-6.522012,-6.730424,-6.730423,-7.0109863,-6.442681,-6.5746503,-5.7720404,-4.25308,-3.688901,-3.9942322,-3.994233,-4.1752777,-3.9595668,-4.074599,-3.9446328,-4.6764193,-5.6733937,-5.386147,-5.3861475,-5.3925195,-3.9896553,-5.329809,-6.014803,-4.2937174,-4.404814,-4.4467077,-4.446704,-4.4749393,-4.7608643,-4.798383,-4.4058623
c1cC2C(=O)NC(=O)C2cc1,-2.932,-2.5193381,-2.3379912,-1.9409698,-1.9409698,-1.9189616,-2.095857,-1.8876089,-2.332983,-2.7649894,-1.6185267,-1.6795591,-1.6795594,-1.6914217,-1.7201296,-1.6588016,-1.9261067,-2.7215343,-1.9720484,-2.1058552,-2.1058552,-2.117317,-2.0135448,-1.8764168,-1.908801,-2.1105316,-1.5071357,-2.0341663,-2.034169,-1.7730978,-1.7936779,-0.99886805,-1.4500318,-3.169442,-2.6407785,-3.1111896,-3.1111894,-2.9847665,-3.085474,-2.9571345,-2.8831892,-2.9964695,-2.215408,-2.3770704,-2.3770707,-2.4186633,-2.3522036,-2.3057084,-2.096457,-2.9420316,-1.2629964,-2.089098,-2.0890985,-1.8047341,-2.3959181,-1.6851972,-2.0754936,-2.870612,-2.1503196,-1.7853628,-1.7853628,-1.7546438,-1.4378558,-1.7454613,-1.7954648,-2.8980262,-2.2918687,-2.4337902,-2.4337902,-2.399084,-2.263262,-1.999639,-2.441799
CC(O)C(C)(C)C,-0.62,-1.0447394,-1.6769661,-1.3401351,-1.3401352,-1.3359137,-1.754087,-1.3088686,-1.6759696,-1.0817084,-1.3282875,-1.6365982,-1.6365983,-1.6327145,-1.7446698,-1.608846,-1.975521,-0.42988053,-1.6337196,-1.7666547,-1.7666547,-1.7572868,-1.6413002,-1.2855413,-1.3777968,-0.6778271,-2.1973553,-2.2355828,-2.2355852,-1.9879413,-1.9874856,-1.152195,-1.7344967,-0.65802246,-1.7869729,-1.6423935,-1.6423937,-1.6312109,-1.7795494,-1.555669,-1.4160283,-1.178918,-1.6280168,-1.4845285,-1.4845288,-1.4846729,-1.4827809,-1.4509337,-1.3277854,-0.65661013,-1.324185,-0.179835,-0.17983511,-1.4912043,0.024342757,-1.4267546,-0.90982133,-0.4772977,-1.7283111,-1.6225423,-1.622542,-1.6719166,-1.097553,-1.6248593,-1.8740386,-0.5756187,-0.91260815,-0.8762866,-0.8762866,-0.8968998,-0.8866341,-0.8194333,-0.36244005
CC,-1.36,-1.5339458,-0.41577524,0.10996976,0.10996981,0.10844926,-0.36589375,0.087554306,0.051935486,-1.4760687,0.056063138,-0.1400496,-0.14004959,-0.14275014,-0.2886365,-0.12987487,-0.6263092,-1.2697246,-0.9117628,-0.9205866,-0.92058647,-0.91364384,-0.8809138,-0.77929175,-0.8042758,-1.639815,-1.1531094,-1.344764,-1.3447655,-0.8726335,-1.0691332,-0.12669176,-0.71231556,-1.1967666,-2.9342961,-0.5180942,-0.5180945,-0.65948886,-0.57769877,-0.62141085,-1.0643035,-1.4707406,-1.0629836,-0.66241264,-0.66241264,-0.66058314,-0.67181456,-0.6767493,-1.2346412,-1.5220925,-2.0370953,-1.2376872,-1.2376873,-1.4479526,-1.3790876,-1.4554662,-1.5491495,-1.3975778,-0.24470529,-0.4503407,-0.4503409,-0.45037815,0.04924603,-0.4595063,-0.47351763,-1.0587059,-1.4569534,-1.565226,-1.5652263,-1.5693804,-1.5572705,-1.4589545,-1.1520405
Sc1nccc(=O)[nH]1 ,-2.273,-1.9877418,-2.203112,-1.8308328,-1.8308328,-1.8322544,-1.972855,-1.842298,-1.74729,-2.0431247,-1.1835726,-0.9686453,-0.9686454,-0.97961533,-0.958186,-0.9519551,-1.1052594,-2.1209013,-1.5453649,-1.6112689,-1.6112688,-1.6037898,-1.5765629,-1.5534208,-1.4185791,-1.3722637,-1.4437543,-1.942514,-1.942516,-1.4750518,-1.6088895,-0.7586154,-1.1152929,-2.5060391,-1.622284,-1.2929199,-1.2929195,-1.31039,-1.3213172,-1.2683976,-1.159491,-2.007077,-2.0604632,-1.4978203,-1.4978203,-1.5305548,-1.58598,-1.7226431,-1.737797,-2.174932,-1.3450942,-0.60093564,-0.6009357,-1.4308887,-0.6664943,-1.3371886,-0.92471766,-2.234945,-0.3104014,-1.1876849,-1.187685,-1.2319776,-0.58416903,-1.1605315,-0.22450158,-2.260284,-2.1912808,-2.2481174,-2.2481174,-2.2461889,-2.255792,-2.2692428,-2.2712727
CCC(=O)OC,-0.14,-0.73063153,-1.8654542,-1.286979,-1.2869791,-1.2900506,-1.4094578,-1.3011131,-1.2300887,-0.71756727,-0.5689826,0.7718261,0.7718259,0.7725937,0.4893969,0.7687723,-0.5993588,0.24587043,-1.1150324,-1.1491665,-1.1491663,-1.1426244,-1.0735084,-0.46569526,-0.4981529,-0.19191368,-1.1480833,-1.3212383,-1.3212404,-0.8022936,-1.0657005,-0.10064259,-0.74249315,-0.24882929,-1.9857137,-1.8395431,-1.839543,-1.9199634,-1.9483085,-2.0107408,-0.91614217,0.08022535,-1.7538391,-1.2134398,-1.2134397,-1.1998757,-1.3089905,-1.3816924,-0.8583401,-0.7935411,-0.47500464,-0.58973736,-0.5897375,-1.0095037,-0.3552821,-0.9552134,-0.8175531,-0.09264676,-0.4055728,-0.22917795,-0.2291781,-0.2698572,0.06655268,-0.25133488,-0.72446156,-0.12969951,-0.1526081,-0.22422507,-0.22422495,-0.15173727,-0.048476018,-0.019075764,-0.3707791
FC(F)(F)c1ccccc1,-2.51,-2.4212372,-2.3501043,-2.181246,-2.1812463,-2.1903713,-2.3664527,-2.2015119,-1.9628958,-2.5754821,-0.9016584,-1.5103251,-1.5103253,-1.5207782,-1.4006411,-1.4923859,-1.0439513,-2.5600019,-1.7275585,-1.9250035,-1.9250036,-1.9193083,-1.804941,-1.5207151,-1.5718012,-2.50345,-3.3649662,-3.4508135,-3.4508157,-3.2723372,-3.1524258,-2.5197458,-2.9414895,-2.4658294,-2.3578691,-1.7926992,-1.7926996,-1.8808072,-2.0075724,-1.9366643,-2.5978327,-2.6414294,-2.1084874,-2.1191397,-2.1191394,-2.143504,-2.084555,-2.038136,-1.3638448,-2.4424264,-2.0337763,-3.01399,-3.0139904,-3.0312989,-2.796819,-2.9434228,-2.3827627,-2.431888,-3.9195125,-3.030725,-3.030725,-3.100456,-2.3044066,-2.9836893,-3.2223823,-2.6820333,-2.6821928,-2.6787531,-2.6787531,-2.6858757,-2.6867163,-2.7238615,-2.5116904
c1cccc2c3c(C)cc4ccccc4c3ccc12,-6.59,-6.2857313,-3.6005998,-3.4539776,-3.453977,-3.4605644,-3.8076966,-3.4871855,-4.1160774,-6.4849577,-5.274013,-5.9260583,-5.9260592,-5.8435636,-6.3730774,-5.931484,-5.6951847,-6.756036,-4.8275447,-5.3120403,-5.3120403,-5.2945065,-4.9824085,-6.594074,-5.882696,-6.745433,-6.433926,-6.3473496,-6.3473516,-6.3722863,-5.9037304,-5.6503253,-6.2340474,-6.762141,-2.9806452,-2.9078264,-2.907827,-2.9183006,-3.0635417,-2.8920085,-3.260986,-7.1471033,-3.883907,-4.326743,-4.326743,-4.4558654,-4.2229714,-4.185214,-4.922062,-7.214792,-6.5541396,-7.3693557,-7.3693557,-7.291903,-7.0816197,-7.203317,-7.546066,-6.3516273,-5.5824976,-5.7553296,-5.755329,-5.746489,-4.074406,-5.8244405,-5.4439116,-6.372551,-6.5954704,-6.6287384,-6.6287394,-6.633163,-6.849393,-6.748301,-6.599573
CCNc1nc(Cl)nc(NC(C)C)n1,-3.85,-3.41635,-3.6432076,-3.26042,-3.2604198,-3.254515,-3.5091949,-3.2432055,-3.1735249,-4.0807633,-2.8239155,-2.2133007,-2.2133014,-2.1744387,-2.5751667,-2.1963232,-2.6096556,-3.9215539,-3.5529726,-3.4671226,-3.4671223,-3.5039556,-3.3847308,-3.0974722,-2.5632086,-3.7970157,-2.8475094,-2.9175246,-2.9175265,-2.7063262,-2.6242301,-1.9544657,-2.426018,-4.059412,-3.4899287,-3.501906,-3.5019054,-3.4836516,-3.6601095,-3.360116,-2.81551,-3.1735406,-3.513714,-3.2147546,-3.2147548,-3.1794841,-3.2629764,-3.321931,-3.1104562,-3.6312149,-2.7120945,-3.3577251,-3.3577256,-3.1195946,-3.114915,-3.0666318,-3.369283,-4.124442,-3.791226,-3.4161243,-3.4161248,-3.5256028,-2.3347673,-3.4246426,-3.9017262,-3.803749,-4.150771,-3.999335,-3.9993339,-4.036864,-4.1098127,-4.138083,-4.1168323
CC2(C)C1CCC(C)(C1)C2=O,-1.85,-1.9667447,-2.226484,-1.9594389,-1.959439,-1.9547606,-2.3115416,-1.9278724,-2.107137,-2.2170653,-1.9300232,-2.5422983,-2.5422976,-2.532731,-2.5248933,-2.5327334,-2.3311918,-1.6123705,-2.9125063,-2.9713585,-2.9713588,-2.96015,-2.9857008,-2.7178705,-2.413029,-1.7025341,-2.838129,-2.9742162,-2.974218,-2.9666584,-2.7486632,-2.1898103,-2.6567533,-1.8637043,-2.2136793,-2.2352047,-2.2352045,-2.2240915,-2.357062,-2.1700516,-1.8993864,-2.0483391,-2.0309255,-2.0674558,-2.067456,-2.077273,-2.0193918,-2.0069866,-1.7068794,-1.69788,-1.9759066,-1.2104298,-1.2104298,-1.8951566,-1.3870872,-1.835678,-1.6231246,-1.8223451,-3.5761948,-3.5127783,-3.5127788,-3.5379174,-2.775844,-3.5328622,-3.6130915,-1.9046942,-2.0048065,-2.0457451,-2.0457444,-2.0860138,-2.102044,-1.9963049,-1.9661717
CC(=O)OCC(COC(=O)C)OC(=O)C,-0.6,-1.7869236,-3.7843623,-3.4424152,-3.4424152,-3.4377322,-3.6919506,-3.4193692,-3.44421,-0.871371,-1.7568713,-1.2080923,-1.2080925,-1.1799484,-1.3547343,-1.1324637,-1.6295358,-0.67726356,-3.206257,-2.915366,-2.915366,-2.922746,-3.0064697,-1.5599264,-1.1642532,-0.38303003,-0.70229435,-1.0109698,-1.0109717,-0.368557,-0.9009722,0.23134121,-0.6725702,-1.0406063,-3.3771658,-3.366456,-3.3664558,-3.356608,-3.4821146,-3.3027916,-2.9216108,-1.6330996,-3.7200918,-4.1430907,-4.1430907,-4.0567193,-4.139522,-4.0511484,-4.689458,-0.80144227,-1.4852368,-1.8095282,-1.8095281,-2.176002,-1.6379094,-2.117734,-1.6874769,-0.3236466,-1.8287208,-1.7692682,-1.7692683,-1.8218712,-0.9483764,-1.7752835,-2.4528081,-0.9222678,-0.57159436,-0.5691757,-0.5691755,-0.58277446,-0.5328982,-1.1214684,-0.57941663
c1c(OC)c(OC)C2C(=O)OCC2c1,-1.899,-2.1356368,-2.9962692,-2.6319993,-2.6319993,-2.6245472,-2.8206494,-2.625319,-2.7886395,-2.0755045,-1.8777503,-1.4683632,-1.468363,-1.4369465,-1.6204666,-1.4551266,-1.9287667,-1.774875,-2.767369,-2.5418544,-2.5418544,-2.5408854,-2.6188667,-1.3283838,-1.1531576,-1.1836698,-1.2904679,-1.7596419,-1.7596438,-1.2903938,-1.5029255,-0.6336289,-1.1846519,-1.9072492,-2.3909988,-2.2146642,-2.2146642,-2.200029,-2.3213122,-2.0921376,-1.897596,-2.0815773,-2.6693966,-2.8823311,-2.8823311,-2.9151704,-2.898795,-2.8047242,-3.265534,-2.119212,-0.61738,-0.88648736,-0.886487,-1.3210002,-0.78066903,-1.269421,-0.9394153,-1.795685,-2.7848482,-2.335339,-2.335339,-2.347796,-1.533231,-2.3697937,-2.8617835,-1.8141454,-1.6724583,-1.070416,-1.0704157,-1.4710113,-1.1732535,-1.1284744,-1.3209374
Cc1cc(C)cc(O)c1,-1.4,-1.1471584,-2.3758874,-2.2465549,-2.2465549,-2.237467,-2.4090524,-2.2417274,-2.193958,-1.9061245,-1.5874777,-0.8872779,-0.8872789,-0.8880229,-1.1014627,-0.88353187,-1.4885775,-0.9491563,-1.8702396,-2.0965188,-2.0965188,-2.0884805,-1.9569665,-1.8289225,-1.9033308,-1.0022718,-2.2800477,-2.4825623,-2.4825635,-2.106222,-2.2396383,-1.3779559,-1.8392731,-1.6590245,-1.8797684,-1.6582959,-1.6582956,-1.6371005,-1.7373756,-1.5295588,-1.0165695,-1.556474,-2.3895023,-2.5777159,-2.577716,-2.6236186,-2.6192844,-2.4986653,-2.7888644,-1.7345638,-1.3076912,-1.4914826,-1.4914827,-2.2225013,-1.1675272,-2.122654,-1.6349013,-1.3274405,-0.8684262,-0.73595685,-0.7359569,-0.7715241,-0.27300033,-0.7527797,-1.3151838,-1.4035776,-1.0720762,-1.2349733,-1.2349732,-1.193652,-1.1760652,-1.0962874,-1.3061432
Cc1ccncc1C,0.36,-0.23847663,-2.0857882,-1.7578627,-1.7578628,-1.7491617,-1.8481134,-1.753419,-1.6073334,-0.84163034,-1.8982639,-1.5190037,-1.5190037,-1.5241938,-1.735272,-1.4792951,-2.008471,-0.0031778484,-1.5256866,-1.6825874,-1.6825874,-1.6750574,-1.5827445,-1.7322456,-1.7310755,-0.029953856,-2.018057,-2.181268,-2.1812694,-1.8013552,-1.9434142,-1.0602142,-1.6104648,0.39797568,-1.6888967,-1.8720818,-1.872082,-1.8294756,-1.8380368,-1.7314798,-1.2735963,0.4128119,-1.832647,-1.7430879,-1.7430878,-1.7480099,-1.7820783,-1.7188532,-1.5588822,-0.083527185,-1.8517402,-0.4903509,-0.49035153,-1.7675216,-0.50586665,-1.678784,-1.1683698,0.33282542,-2.5727072,-2.2525263,-2.2525268,-2.2937567,-1.7394383,-2.239954,-2.5863032,0.40267414,-0.5027019,-0.4517544,-0.45175442,-0.4029421,-0.38459903,-0.49801862,-0.46806172
O=C1N(COC(=O)CCCC)C(=O)C(N1)(c2ccccc2)c3ccccc3,-4.678,-5.165534,-5.783604,-5.3416605,-5.3416605,-5.3335776,-5.6359944,-5.3508525,-4.875334,-5.2655697,-5.0670896,-4.111267,-4.111267,-4.0204973,-4.5899935,-4.143402,-4.757691,-5.0541167,-4.649695,-4.6868477,-4.686847,-4.5724874,-4.9118733,-5.3433576,-4.484815,-5.0686817,-4.865095,-4.7575574,-4.757559,-4.4948606,-4.239987,-3.759179,-4.682512,-4.9915323,-5.2889347,-5.1106005,-5.1106005,-5.02217,-5.1952085,-4.948623,-3.882018,-4.9331503,-4.980465,-4.9638114,-4.963811,-4.6623216,-4.93204,-4.9216866,-4.9013996,-4.524619,-3.9538183,-4.285023,-4.285023,-4.277929,-4.670411,-4.439769,-4.880026,-5.1411705,-5.3376536,-5.1987405,-5.1987405,-5.222408,-3.91051,-5.2284718,-6.291842,-4.6010666,-4.624062,-4.618521,-4.618518,-4.6433945,-4.8699617,-4.794293,-4.6944304
CCC(=C(CC)c1ccc(O)cc1)c2ccc(O)cc2 ,-4.07,-3.9851818,-4.4507966,-3.9973464,-3.9973464,-4.006409,-4.3212204,-3.981619,-3.7084117,-4.1026506,-3.6823294,-3.5479875,-3.5479877,-3.4794712,-4.007511,-3.5553901,-3.6477013,-4.115244,-4.392275,-4.462642,-4.4626417,-4.4159684,-4.477865,-4.183411,-3.9691863,-3.8470955,-4.3590555,-4.1441393,-4.144141,-4.1579995,-3.523917,-3.3857646,-3.2185218,-4.1152754,-4.767957,-4.885628,-4.8856287,-4.3512235,-5.3464727,-3.9645145,-3.7319062,-3.9104755,-4.5319915,-4.802807,-4.8028064,-4.8728814,-4.635936,-4.473178,-4.0613484,-4.1547933,-3.1771626,-4.2795258,-4.2795258,-4.3782616,-4.09539,-4.27543,-4.3339934,-3.773585,-3.7275481,-3.7773135,-3.7773137,-3.7648766,-2.501992,-3.750554,-4.6757007,-4.013926,-4.029243,-4.005186,-4.0051856,-3.9924307,-4.2949553,-4.3181586,-4.165553
CC12CC(O)C3C(CCC4=CC(=O)C=CC34C)C2CCC1(O)C(=O)CO,-3.18,-4.1580195,-4.9099336,-4.525203,-4.5252023,-4.530067,-4.8743854,-4.5284896,-4.694462,-3.483279,-4.074422,-3.3857534,-3.3857543,-3.3312018,-3.778089,-3.4046032,-3.8911781,-3.3560402,-2.7500455,-3.268109,-3.268109,-3.2224083,-2.9885414,-3.903562,-3.368356,-3.4393775,-4.016043,-3.8715312,-3.8715332,-3.7194135,-3.465825,-3.276154,-3.6511397,-3.7104828,-4.4509616,-4.402636,-4.4026365,-4.4103346,-4.5353026,-4.487806,-3.9788601,-3.9116127,-4.8712206,-5.1995573,-5.1995573,-5.4212937,-4.921135,-5.072733,-4.872189,-3.1822572,-3.1849146,-3.7121606,-3.7121606,-3.826799,-3.5117724,-3.821115,-3.985291,-3.3981233,-4.3525624,-4.0030756,-4.0030756,-4.033947,-2.7789192,-3.948196,-4.4757624,-3.1386743,-3.206382,-3.2098072,-3.209806,-3.2299328,-3.2563093,-3.289452,-3.228389
CC(C)CC(C)O,-0.8,-1.9057108,-2.0471354,-1.5632536,-1.5632536,-1.5543959,-1.8030967,-1.5190163,-1.7346075,-1.0634358,-1.1705245,-1.211003,-1.2110027,-1.2052295,-1.1954803,-1.2024753,-1.4966918,-0.7061416,-1.6571943,-1.8072535,-1.8072535,-1.8003619,-1.6783909,-1.3731705,-1.4236218,-0.88135755,-2.1527047,-2.2742999,-2.2743022,-1.8546679,-1.937968,-1.0450135,-1.6674294,-1.1121743,-1.9648694,-1.6961648,-1.6961647,-1.7197924,-1.7629293,-1.652056,-1.516348,-0.7232119,-2.0571976,-2.046467,-2.0464673,-2.0585415,-2.0086017,-2.0127518,-1.5666933,-0.91033304,-1.4954399,-0.4606099,-0.4606104,-1.6998966,-0.18716642,-1.6368715,-1.1006378,-0.7541188,-1.1083419,-0.9767599,-0.97676027,-0.8320913,-0.38630033,-0.935451,-1.431861,-0.849054,-0.6248513,-0.6284059,-0.6284057,-0.661006,-0.5395053,-0.6218365,-0.2383586
CCN(CC)c1ccccc1,-3.03,-2.9545155,-2.5828476,-2.1426272,-2.1426272,-2.141217,-2.3670785,-2.1124396,-2.3302429,-3.21149,-2.4983501,-3.3374336,-3.3374343,-3.3053143,-3.376217,-3.334611,-3.0428476,-2.6027718,-2.6426897,-2.8228667,-2.8228664,-2.8088372,-2.6421094,-2.9371865,-2.8210797,-3.3680706,-3.4557493,-3.3995464,-3.399549,-2.7771778,-2.834897,-2.012518,-2.5573716,-3.1100454,-3.0982876,-3.915881,-3.9158807,-3.6518424,-3.869497,-4.023975,-3.4360926,-2.8811414,-2.5713475,-2.9000669,-2.9000669,-2.953287,-2.892802,-2.7683558,-3.2237358,-3.0316224,-2.2267601,-2.0327022,-2.032703,-2.2370296,-1.8285854,-2.182648,-2.1438525,-3.0181973,-3.9501443,-3.829115,-3.8291142,-3.8882427,-2.6934838,-3.882754,-3.8790338,-3.0672882,-4.625064,-4.1167994,-4.1167994,-3.9953656,-4.1973324,-4.299512,-4.692333
CN(C)C(=O)Nc1ccc(c(Cl)c1)n2nc(oc2=O)C(C)(C)C,-4.328,-4.3705263,-5.335936,-5.063009,-5.063009,-5.0730405,-5.4706054,-5.104244,-4.869577,-4.6087084,-4.712708,-3.621073,-3.621074,-3.6288726,-4.12889,-3.6250317,-4.213899,-4.502103,-6.2296615,-5.9684277,-5.9684277,-5.738822,-5.7537336,-4.690616,-4.122198,-3.9778907,-4.859295,-4.6616592,-4.6616607,-4.427762,-4.267027,-3.7077186,-4.1119757,-4.340722,-5.31025,-5.117508,-5.1175075,-5.1775208,-5.474547,-5.4462705,-5.141916,-4.194873,-5.459353,-4.840864,-4.840864,-4.9707017,-4.786508,-5.0508842,-4.3998647,-4.1487217,-6.3575816,-4.5937357,-4.5937357,-6.0280027,-3.902875,-5.8826046,-4.204749,-4.4551315,-4.412241,-3.9851289,-3.985129,-4.019927,-2.891719,-4.022417,-4.7021813,-4.2254076,-4.28194,-4.2536397,-4.253636,-4.311168,-4.446787,-4.4893336,-4.3721685
Oc1ccccc1Cl,-1.06,-1.1753541,-2.1774905,-2.0039537,-2.0039535,-2.0043745,-2.171459,-2.0113192,-1.7369611,-1.1386042,-1.5428196,-1.00564,-1.0056403,-1.0172497,-1.1517307,-0.98212534,-1.4517373,-1.1195261,-1.5862535,-1.7018539,-1.7018538,-1.6955653,-1.6434245,-1.3426844,-1.1350089,-1.0905006,-2.2999287,-2.5203454,-2.520347,-2.0297077,-2.1962261,-1.3308038,-1.680808,-1.0600591,-1.6581427,-1.692678,-1.6926781,-1.6355999,-1.7700924,-1.5879024,-1.2329553,-1.2621934,-2.0596511,-2.066033,-2.066033,-2.0949872,-2.056465,-2.0622916,-1.714751,-1.6552985,-0.24979658,-0.82203513,-0.8220345,-1.0078794,-0.6455509,-0.9328151,-0.94093144,-0.90528536,-0.8860641,-1.022371,-1.022371,-1.040906,-0.71202165,-1.0472779,-0.92035764,-1.0649182,-1.2613081,-1.2146302,-1.2146301,-1.2338655,-1.2953372,-1.2229685,-1.1435286
CN(C(=O)COc1nc2ccccc2s1)c3ccccc3,-4.873,-4.1278534,-4.681673,-4.4289756,-4.4289756,-4.4015455,-4.897891,-4.332853,-4.616375,-4.469615,-5.7567754,-4.49941,-4.4994116,-4.2248564,-4.987677,-4.7306857,-4.3987355,-4.984753,-5.0173755,-4.9658237,-4.965824,-4.9209123,-4.8253927,-4.6528287,-4.24105,-4.597006,-5.1603355,-5.0148973,-5.0148993,-4.6912346,-4.359403,-3.9991593,-4.1758356,-4.6751103,-4.3759413,-4.325678,-4.325678,-4.3120084,-4.5135317,-4.3063984,-4.304819,-4.6758018,-4.803308,-4.8415575,-4.8415575,-4.841237,-4.8423038,-4.9671946,-4.982818,-4.505401,-3.9669335,-4.338644,-4.338644,-4.4500346,-3.931486,-4.4865055,-4.3790684,-4.779598,-5.256388,-4.835953,-4.835954,-4.9055815,-3.7175255,-4.8121557,-5.178931,-4.805804,-4.8358846,-4.8434486,-4.8434477,-4.782328,-4.6957245,-4.991237,-4.9350924
c1ccsc1,-1.33,-0.42412835,-1.7407691,-1.4426008,-1.4426007,-1.4377341,-1.4695134,-1.4433626,-0.4806492,-1.3602346,-0.79871213,-0.83461064,-0.83461046,-0.83434,-0.7506068,-0.82405704,-0.8255818,-1.3899689,-1.1212794,-1.2525681,-1.2525681,-1.2473822,-1.1762272,-1.5356586,-1.5427871,-1.6752236,-1.3376743,-1.7276495,-1.7276518,-1.257203,-1.3240049,-0.5191725,-0.95196974,-1.3438042,-2.2761493,-0.99117345,-0.99117345,-1.0047847,-1.0562611,-0.96588874,-0.6042695,-1.3441808,-1.8957388,-1.8894619,-1.8894619,-1.9306947,-1.8408893,-1.9018353,-1.1948975,-1.3597037,-1.6245744,-0.5834499,-0.5834499,-1.7146329,-0.21423104,-1.6458309,-1.2116109,-1.5080965,-0.8942891,-0.96963626,-0.96963656,-0.96743494,-0.76996094,-0.98692375,-1.0124562,-1.3107698,-1.7797166,-1.8703865,-1.8703864,-1.8674488,-1.8493786,-1.6852375,-1.5461054
CNC(=O)Oc1cccc(N=CN(C)C)c1,-2.34,-2.6732936,-3.8933268,-3.880603,-3.880603,-3.8849788,-4.3640656,-3.8837907,-4.4953675,-2.655462,-3.4776704,-2.5511577,-2.5511584,-2.5002813,-3.0759168,-2.5775454,-2.8861148,-2.368009,-3.5658958,-3.444934,-3.4449341,-3.403587,-3.2137866,-2.2373486,-2.1380703,-2.22369,-2.5562918,-2.851056,-2.8510573,-2.505345,-2.5679018,-1.807231,-2.2746325,-2.316285,-3.6593595,-3.456223,-3.4562225,-3.499393,-3.7375114,-3.5252318,-3.2400596,-2.616967,-4.5284944,-4.2175655,-4.2175655,-4.208492,-4.237241,-4.433167,-4.0567718,-2.073322,-4.124929,-2.6210837,-2.621084,-4.2858853,-2.6504111,-4.1960664,-2.9073877,-2.5999382,-3.0390882,-2.6450071,-2.6450071,-2.6888466,-1.8778244,-2.623117,-2.9850512,-2.299226,-2.3612347,-2.2818086,-2.2818084,-2.2858806,-2.482816,-2.4266312,-2.3760576
Clc1cccc2ccccc12,-3.93,-2.475477,-2.5196435,-2.4912274,-2.4912271,-2.492524,-2.7500684,-2.5022392,-2.8566544,-3.7371342,-3.5686665,-3.5994806,-3.5994809,-3.5906932,-3.6623862,-3.5699718,-3.6674118,-3.7472615,-2.2599533,-2.5362442,-2.536244,-2.5319512,-2.4006724,-3.3925083,-2.889074,-4.0296564,-4.527023,-4.5790434,-4.5790453,-4.3943796,-4.14152,-3.5997577,-3.9663928,-4.2960725,-1.9515914,-2.3572164,-2.357216,-2.3115797,-2.3775766,-2.2649267,-2.3261852,-3.7666345,-2.390176,-2.5335243,-2.533524,-2.5655553,-2.5055401,-2.416922,-2.2315335,-4.012269,-5.3861623,-3.4529848,-3.4529853,-5.4217052,-3.669721,-5.4054675,-3.416175,-3.9631915,-4.3089976,-4.163481,-4.1634817,-4.1766315,-3.616711,-4.158758,-4.185145,-4.2499456,-4.168601,-4.052566,-4.052566,-4.0861344,-4.1056376,-4.2447114,-4.1715155
CC(C)COC=O,-1.01,-1.6074827,-1.9836043,-1.5060401,-1.50604,-1.5008745,-1.7185413,-1.4564356,-1.7671608,-1.1110855,-0.85157037,-0.4599418,-0.45994192,-0.4567599,-0.499353,-0.4491288,-1.0932603,-1.0221632,-1.3657728,-1.4396716,-1.4396716,-1.4323674,-1.3404921,-0.89784944,-0.84506756,-0.7134175,-1.5698644,-1.7685847,-1.7685864,-1.3600074,-1.5097252,-0.575531,-1.2256721,-0.9126153,-1.8687265,-1.6471928,-1.6471926,-1.6780475,-1.7668469,-1.9571949,-1.6771157,-0.802183,-2.0622203,-1.4161462,-1.4161463,-1.3788118,-1.5293471,-1.502145,-1.4946736,-1.5586827,-0.66297024,-0.67942077,-0.6794208,-1.2299647,-0.50726867,-1.1613241,-1.041823,-1.0503259,-0.8893557,-0.6874869,-0.68748724,-0.7546658,-0.23320954,-0.70780593,-1.0193969,-1.260623,-1.3360912,-1.5247486,-1.5247488,-1.5105447,-1.487153,-1.1901604,-1.6573809
CC(Cl)CCl,-1.6,-1.2167377,-1.533042,-0.8693472,-0.8693472,-0.8640972,-1.1052809,-0.8648076,-1.6533635,-1.7473528,-1.0138043,-0.90505284,-0.90505284,-0.90471965,-0.97509587,-0.89161617,-1.2022003,-1.3916913,-1.0542802,-1.1273737,-1.1273737,-1.1208504,-1.0828319,-1.3855109,-1.4185069,-1.7381327,-2.2125437,-2.3798513,-2.3798528,-2.0800402,-2.0486305,-1.2594745,-1.5350137,-1.7399492,-1.7537495,-1.4815413,-1.4815412,-1.4824996,-1.4767842,-1.3960658,-1.517847,-1.5048412,-1.3482956,-1.1133126,-1.1133125,-1.1029118,-1.1127765,-1.0954428,-1.2942847,-1.704614,-1.7354773,-1.67774,-1.6777401,-1.6012661,-1.5044975,-1.5400654,-1.7968324,-1.5673455,-1.533092,-1.672558,-1.6725582,-1.6797862,-1.277185,-1.7333679,-1.3592231,-2.3614736,-2.0731688,-2.0178163,-2.0178163,-2.0290198,-2.0500844,-2.0754755,-1.9360459
ClC(Cl)C(Cl)Cl,-1.74,-1.6672268,-1.730326,-1.4367448,-1.4367446,-1.4183601,-1.8013248,-1.4113177,-2.3136165,-1.7941458,-2.3111882,-2.2786326,-2.2786324,-2.277044,-2.2990367,-2.282118,-2.7188833,-1.9127764,-1.0464572,-1.062556,-1.0625559,-1.0577018,-1.1040254,-1.5442466,-1.6767222,-1.8478291,-2.4000046,-2.7559474,-2.7559495,-2.44504,-2.3506894,-1.5897943,-1.6876559,-1.7429006,-4.0309825,-2.3369474,-2.3369474,-2.5014632,-2.502848,-2.5493546,-2.4986126,-2.157464,-1.4668423,-1.2923663,-1.2923663,-1.3020657,-1.3156393,-1.2580369,-1.3662243,-1.6972969,-2.7218409,-2.6320157,-2.632016,-3.365751,-2.65159,-3.3668787,-2.7574832,-1.7658272,-2.802824,-2.610722,-2.610722,-2.6184425,-2.2836523,-2.6450632,-2.4576945,-2.8704417,-2.246045,-2.571203,-2.5712032,-2.5592797,-2.4842207,-2.0604956,-2.574265
CNC(=O)ON=C(SC)C(=O)N(C)C,0.106,-1.2635713,-3.5623276,-3.263193,-3.2631927,-3.2632368,-3.5374057,-3.265619,-3.2282655,-0.26063374,-1.8952925,-0.97668946,-0.9766902,-1.0091401,-1.3057922,-0.89976233,-1.6075385,0.20926598,-3.307521,-3.0360525,-3.0360527,-3.033373,-3.028509,-1.8729279,-1.7275789,0.122612774,-1.3170424,-1.6638792,-1.6638811,-1.0967852,-1.4155232,-0.5210754,-0.9737958,-0.12692377,-3.2197518,-3.0663815,-3.066381,-3.074634,-3.2405307,-3.0361655,-2.6062486,-0.8798917,-3.7768357,-3.2864494,-3.2864487,-3.246197,-3.2347095,-3.3809185,-3.0738604,0.13005872,-2.9027689,-2.5868063,-2.586806,-3.25595,-2.489104,-3.2368186,-2.6083987,-0.18242899,-2.080228,-2.0012412,-2.0012412,-1.9913186,-1.1921003,-1.9914248,-2.5488331,0.1414676,0.12583753,0.0954761,0.09547727,0.082449116,0.07219303,0.082289115,0.06926794
ClC2=C(Cl)C3(Cl)C1C=CCC1C2(Cl)C3(Cl)Cl ,-5.64,-5.673911,-3.631608,-4.2753177,-4.2753177,-4.2774987,-4.624677,-4.2747064,-6.3955073,-5.37853,-5.0463095,-5.2360206,-5.23602,-5.221196,-5.3048487,-5.198987,-5.720045,-5.585778,-5.736926,-5.3589582,-5.358958,-5.3579745,-5.388918,-5.113995,-5.1085687,-5.1719713,-5.150331,-5.136049,-5.13605,-5.3536253,-4.8170834,-4.427113,-5.076245,-5.952749,-3.1825967,-3.5777795,-3.5777798,-3.5444083,-3.926835,-3.5297267,-5.0724163,-5.795868,-2.5126867,-2.7813783,-2.7813783,-2.8391778,-2.7710874,-2.646453,-2.923981,-5.866662,-4.1335754,-5.1182113,-5.1182113,-4.5200396,-5.536013,-4.6296105,-5.4515057,-5.5434146,-5.932831,-5.7828064,-5.782807,-5.77416,-5.0860076,-5.7353964,-6.457805,-5.6198664,-4.8924065,-5.1092525,-5.109252,-5.1195984,-5.0683413,-4.96228,-5.511914
c2cnc1ncncc1n2,0.02,-1.4349622,-2.1617339,-1.9534531,-1.9534528,-1.957868,-2.141599,-1.9644517,-1.8075731,-0.44419035,-1.7617103,-1.0078465,-1.0078467,-1.0113136,-1.109067,-0.99777997,-1.3790687,0.14125925,-1.2847482,-1.3436029,-1.343603,-1.336719,-1.244805,-0.9297423,-1.0393375,-0.4859139,-1.1218268,-1.7487811,-1.7487819,-1.1597424,-1.4143165,-0.54604846,-0.80217046,-0.15072724,-1.788792,-1.949769,-1.9497693,-1.9794762,-1.9660034,-2.0271385,-1.3148617,0.36341193,-2.3131907,-2.3713686,-2.371369,-2.406351,-2.3693712,-2.3234172,-2.0532503,0.3422625,-1.6157677,-1.1979865,-1.1979874,-1.7401772,-0.88708603,-1.6667565,-1.2534671,-0.3843668,-1.7008088,-1.6586634,-1.658664,-1.6937875,-1.4136063,-1.6791338,-1.618045,0.017677132,0.018070916,-0.032058783,-0.032058842,-0.048065014,-0.0081061665,-0.07608939,-0.13704742
O=C1NC(=O)NC(=O)C1(C)CC,-1.228,-1.3839848,-2.281083,-1.9181696,-1.9181697,-1.9106452,-2.2878487,-1.8876094,-2.582149,-1.7747977,-1.208543,-1.17714,-1.1771405,-1.1846011,-1.2462199,-1.1637751,-1.8717117,-1.8597395,-2.5138233,-2.6280134,-2.6280131,-2.620536,-2.5592206,-2.066302,-1.928377,-1.4993901,-2.0200317,-2.130919,-2.1309218,-1.8628601,-1.9210647,-1.0828536,-1.5408945,-1.6770318,-2.4593134,-2.6202621,-2.6202621,-2.6040485,-2.7674475,-2.6063707,-2.3144767,-1.1069281,-1.9744153,-1.748588,-1.7485878,-1.5466121,-1.8141026,-1.8267078,-1.4943814,-1.1019459,-1.3344023,-1.5741174,-1.5741174,-1.845563,-1.7658423,-1.7240044,-1.9709835,-1.6023645,-1.5301656,-1.3788197,-1.3788198,-1.4300418,-0.6349384,-1.4054832,-1.7537405,-1.2266661,-1.0734855,-1.186732,-1.1867322,-1.2123619,-1.3122463,-1.2689211,-1.2537366
Clc1cc(c(Cl)c(Cl)c1Cl)c2cc(Cl)c(Cl)c(Cl)c2Cl,-9.16,-9.21584,-5.800345,-5.6271567,-5.627157,-5.6281943,-5.929514,-5.6506343,-7.182955,-9.530932,-8.885094,-9.301138,-9.301138,-9.236153,-9.131118,-9.268361,-9.080112,-9.347632,-8.541411,-9.800704,-9.800704,-9.821057,-9.727908,-9.454706,-9.190543,-8.850405,-9.606333,-10.030164,-10.030163,-10.102955,-9.574389,-9.65321,-8.533658,-9.323152,-6.103072,-7.2636642,-7.263665,-7.3787093,-7.4142785,-7.4910235,-8.731034,-8.937703,-4.2890377,-4.6048436,-4.6048436,-4.83283,-4.4380546,-4.578341,-5.317515,-9.321913,-5.8712363,-9.182365,-9.182366,-6.7114058,-9.494439,-6.6220174,-9.189315,-8.885459,-10.427945,-9.815859,-9.815857,-9.807272,-8.509429,-9.787419,-9.194091,-8.978696,-8.904318,-9.068459,-9.068457,-9.104942,-9.538565,-8.901613,-9.052721
c1ccc2c(c1)cc3ccc4cccc5ccc2c3c45,-8.699,-8.762181,-3.3886526,-3.519961,-3.5199609,-3.5339353,-4.011065,-3.5547678,-6.1216326,-8.140211,-5.935958,-6.95919,-6.9591913,-6.8462234,-7.3292923,-6.966973,-6.7613063,-8.977615,-4.94151,-5.5999627,-5.5999627,-5.5817933,-5.116458,-7.965202,-7.1819696,-8.13056,-7.8043046,-7.849411,-7.849412,-8.033425,-7.3591776,-7.3568335,-7.74924,-8.805208,-2.9649072,-3.7837234,-3.7837238,-3.7821407,-3.7712367,-3.7870438,-7.8995466,-7.9863114,-3.8495061,-4.195488,-4.1954875,-4.308499,-4.1193786,-4.0831084,-4.7275424,-8.460846,-7.2822413,-7.225565,-7.2255645,-8.0526,-7.8616405,-7.9408593,-7.495973,-8.552085,-7.238853,-7.808194,-7.8081956,-7.7750793,-6.572194,-7.80192,-8.121307,-8.461916,-9.055939,-8.844117,-8.844116,-8.859625,-8.903511,-8.879197,-8.633663
CCOc2ccc1nc(sc1c2)S(N)(=O)=O ,-3.81,-3.425322,-3.7359042,-3.622821,-3.6228218,-3.6331182,-4.05148,-3.6493673,-3.6564858,-4.079276,-3.5418406,-3.0179753,-3.0179758,-2.9728165,-3.2916794,-3.0802166,-3.0819016,-3.831836,-4.09392,-3.986108,-3.9861083,-3.9764621,-3.8576186,-3.1206594,-2.718928,-3.5088108,-3.6855464,-3.7107499,-3.710752,-3.4790332,-3.325374,-2.705739,-2.9084907,-3.8671737,-3.3328462,-3.1084383,-3.108438,-3.1724498,-3.3977828,-3.2390387,-3.0737324,-3.2181206,-4.138409,-3.995622,-3.9956222,-3.7583253,-4.087269,-3.8869321,-3.9964166,-3.8341022,-3.151111,-3.69641,-3.6964107,-3.7187176,-3.6918206,-3.5744267,-4.052329,-3.6440258,-3.8927386,-3.2182636,-3.218264,-3.2443438,-2.2587533,-3.1431062,-3.6660936,-3.6940758,-3.904789,-3.8088863,-3.8088856,-3.835054,-4.0571756,-3.982946,-3.6980042
Cc1ccc(cc1)N(=O)=O,-2.49,-2.3801923,-2.3345656,-2.1764135,-2.1764138,-2.1860101,-2.4548352,-2.1970143,-2.3947632,-2.2694786,-1.3483562,-1.5919571,-1.5919571,-1.5840323,-1.5151542,-1.5928578,-1.9447904,-2.7685366,-1.8865386,-2.1283028,-2.128303,-2.127793,-1.9993163,-2.6051168,-2.4310575,-2.257475,-2.7350128,-2.8125863,-2.8125877,-2.5318341,-2.5775728,-1.7619854,-2.2786179,-2.519166,-1.9206804,-1.5343566,-1.5343564,-1.5857781,-1.6970689,-1.5735371,-1.7502564,-2.4762003,-2.9606283,-2.1173868,-2.1173866,-2.2211196,-2.0356932,-2.4201598,-1.6911118,-2.6855261,-1.8855008,-2.210979,-2.2109785,-2.483875,-2.3168042,-2.3513234,-2.4685717,-2.4434886,-2.4003272,-1.9700899,-1.9700897,-1.9911293,-1.3357759,-2.0011694,-2.3221536,-2.4886963,-2.3064718,-2.4074662,-2.4074667,-2.4117398,-2.4378173,-2.440884,-2.4863222
CCCCCCCC(C)O,-2.74,-3.9679196,-3.0531883,-2.8754141,-2.8754141,-2.8818958,-3.2433326,-2.8749738,-2.9553864,-3.0133765,-2.6501231,-3.2769427,-3.2769432,-3.199902,-3.4718614,-3.282426,-2.6917977,-2.8637795,-2.7745492,-2.858802,-2.8588023,-2.846205,-2.6485956,-3.2827945,-2.9506235,-2.7450507,-3.9845974,-4.0049005,-4.004903,-3.9743483,-3.6030617,-3.0900135,-3.5229921,-3.510141,-2.8935866,-2.7696323,-2.7696323,-2.8359675,-2.9523919,-2.9062023,-2.6872475,-3.7578092,-3.6272078,-3.4865136,-3.4865139,-3.1938648,-3.4790943,-3.2741308,-3.767664,-2.791287,-3.2702107,-2.678936,-2.6789365,-3.541856,-2.4063683,-3.4711852,-2.8234954,-2.714995,-3.288694,-3.0868402,-3.0868402,-2.965448,-2.0746017,-3.0576305,-3.4948776,-2.762146,-2.641324,-2.6987724,-2.698772,-2.7086658,-2.786634,-2.7950184,-2.7586098
CCOc1ccc(NC(N)=O)cc1,-2.17,-2.5832448,-3.1606634,-3.1231406,-3.1231406,-3.1347318,-3.554344,-3.1437092,-3.1522818,-2.4414408,-3.2213542,-1.7329232,-1.7329232,-1.655751,-2.1978693,-1.7130761,-2.5085661,-2.3363376,-2.744826,-2.728864,-2.728864,-2.7198303,-2.635271,-1.9730673,-1.9095275,-1.8953733,-2.2593877,-2.3930652,-2.3930671,-2.0326579,-2.2263231,-1.3625166,-1.8430015,-2.3159394,-2.7307496,-2.5862732,-2.5862732,-2.6632318,-2.844301,-2.748821,-2.4642196,-2.6230226,-4.48935,-3.931046,-3.931046,-4.0219626,-3.8317707,-4.190992,-3.9989398,-2.2302847,-2.3971603,-2.5840664,-2.584067,-3.076471,-2.6274855,-2.952825,-2.9206634,-1.9622228,-3.126765,-2.4784842,-2.4784846,-2.4932141,-1.758779,-2.4743114,-3.1257792,-2.1689303,-2.1470098,-2.1482792,-2.1482787,-2.168378,-2.2597754,-2.1973479,-2.195922
CCOC(C)OCC,-0.43,-1.1810912,-2.3850198,-1.8398966,-1.8398968,-1.8347106,-1.9640257,-1.8387557,-1.7226619,-0.7980243,-1.4632254,-1.3037359,-1.3037356,-1.2818122,-1.4556669,-1.2666078,-1.8306568,-0.79654986,-1.6709822,-1.699373,-1.699373,-1.6875684,-1.5631171,-0.8643173,-1.0270202,-0.70465434,-0.9656279,-1.2618226,-1.261825,-0.7073561,-1.0558845,-0.011975663,-0.60827214,-1.0933478,-2.049786,-1.8238285,-1.8238285,-1.8177929,-1.8996816,-1.7161834,-1.4452279,-1.0399439,-2.4494402,-2.520258,-2.520258,-2.388458,-2.5591257,-2.462264,-2.552399,-0.96672297,-1.0930065,-0.43869048,-0.4386902,-1.1263092,-0.2393798,-1.0848444,-0.7803955,-0.7800423,-2.358896,-2.1503758,-2.150376,-2.2439964,-1.2642958,-2.1823125,-2.451877,-0.40540233,-0.54154503,-0.56682193,-0.56682146,-0.5456244,-0.5675937,-0.7446129,-0.8629672
CN(C)C(=O)Nc1cccc(c1)C(F)(F)F,-3.43,-3.0602403,-3.6742015,-3.5345309,-3.534531,-3.539901,-3.8829927,-3.562358,-3.9109035,-3.5584056,-0.90606076,-2.0047543,-2.0047543,-1.9164808,-1.792073,-1.9770242,-1.2267909,-3.541242,-3.6629002,-3.581564,-3.5815635,-3.5679643,-3.5368621,-2.3349962,-2.1102622,-3.334243,-3.823069,-3.9507246,-3.9507263,-3.7596362,-3.5893204,-3.0266948,-3.6458087,-3.7369328,-3.199935,-2.9147618,-2.9147618,-2.962146,-3.1054585,-2.9805827,-3.1879358,-3.5821705,-3.6228855,-3.7461457,-3.7461452,-3.76394,-3.7372682,-3.7368762,-4.2225375,-3.2607987,-2.9940076,-3.0764341,-3.0764341,-3.420201,-3.0109448,-3.3272274,-3.2211387,-3.30112,-2.8666446,-2.801538,-2.801538,-2.846466,-1.7040944,-2.7995906,-2.808984,-3.4511063,-2.0680995,-1.9480814,-1.948081,-1.9734135,-2.0279057,-2.0823538,-2.2688434
Cc1c2ccccc2cc3ccccc13,-5.89,-5.0929365,-2.945928,-2.8414748,-2.8414745,-2.8478909,-3.1647422,-2.8656535,-3.6799457,-5.468916,-4.416236,-5.2750926,-5.2750926,-5.2078276,-5.5238705,-5.297189,-5.0903707,-5.984758,-3.7159057,-4.016215,-4.016215,-4.004642,-3.7267096,-5.3646226,-4.7927094,-5.942226,-5.6632614,-5.4909973,-5.4909987,-5.4449167,-5.0205193,-4.7329087,-5.608259,-6.349881,-3.6877856,-2.9435534,-2.9435534,-3.0692725,-2.957596,-2.9715362,-4.6183887,-5.7772512,-3.2907372,-3.6424267,-3.642427,-3.733621,-3.6037128,-3.540462,-4.4122267,-5.77946,-6.1170163,-5.5273004,-5.5273,-6.5837326,-5.939372,-6.5183835,-5.562808,-5.837636,-5.379601,-5.2448516,-5.244852,-5.253469,-3.9486032,-5.270414,-5.31947,-5.793668,-6.023044,-5.85438,-5.8543806,-5.8508363,-5.935999,-6.000511,-5.9791784
ClC(Cl)=C(c1ccc(Cl)cc1)c2ccc(Cl)cc2,-6.9,-6.8177056,-4.94066,-4.4734926,-4.4734926,-4.4660068,-4.7867265,-4.4784393,-4.5886564,-7.0443816,-7.0818324,-6.8074307,-6.807433,-6.7577534,-7.0248156,-6.776067,-6.426764,-6.9730864,-5.072962,-5.192566,-5.1925664,-5.210811,-5.2776,-6.2106347,-5.2782483,-6.7270036,-6.602633,-6.3793,-6.3793006,-6.4144497,-5.992622,-5.693814,-5.8574204,-6.919442,-5.5578923,-6.5939827,-6.5939817,-6.565513,-6.73986,-6.262774,-7.092609,-7.0725493,-4.12012,-4.8502865,-4.8502855,-5.076159,-4.6883287,-4.809275,-5.263904,-7.1398177,-4.086067,-5.7071276,-5.707128,-4.679803,-6.188653,-4.6836743,-5.9298058,-6.94369,-6.9999623,-6.6801257,-6.680124,-6.70847,-5.362307,-6.5781355,-7.0999513,-6.845842,-7.0012646,-7.0198407,-7.0198393,-7.0161524,-7.082613,-6.9936557,-6.9365163
CC1CC2C3CCC4=CC(=O)C=CC4(C)C3(F)C(O)CC2(C)C1(O)C(=O)CO,-3.59,-4.2973275,-5.197832,-4.8183885,-4.8183885,-4.8218293,-5.155127,-4.8041606,-4.9603934,-3.8105094,-3.8102486,-3.0810566,-3.081057,-3.034833,-3.4440217,-3.0972204,-3.5980654,-3.8449714,-2.5848923,-3.1450355,-3.1450353,-3.1423922,-2.7362468,-3.970518,-3.2829678,-3.747263,-4.0987,-3.819154,-3.819156,-3.8593347,-3.57515,-3.3380609,-3.8156335,-4.328251,-4.7541943,-4.697772,-4.697772,-4.702211,-4.78517,-4.809615,-3.923411,-4.2096953,-4.473293,-4.542985,-4.542985,-4.3432674,-4.406089,-4.0821204,-4.883378,-3.9183822,-3.3567765,-3.8623745,-3.8623753,-3.9594471,-3.759301,-4.01292,-4.1170697,-3.8624032,-4.1411834,-3.8180296,-3.81803,-3.8430476,-2.6649203,-3.7777538,-4.1728168,-3.5910244,-3.64444,-3.6446788,-3.644678,-3.676378,-3.9142816,-3.8617747,-3.520512
c1ccccc1n2ncc(N)c(Br)c2(=O),-3.127,-3.1909301,-3.5002851,-3.2682717,-3.268272,-3.2750099,-3.603964,-3.3021245,-3.4148786,-3.4489923,-3.9926877,-3.3322942,-3.332293,-3.2979133,-3.381464,-3.3737671,-3.6126404,-3.2668233,-3.8935425,-3.8184187,-3.8184192,-3.819122,-3.764525,-3.6635838,-3.1636045,-3.5139725,-4.1167836,-4.0453796,-4.0453825,-3.9630468,-3.8447556,-3.1351538,-3.6915553,-3.2920775,-2.8498626,-2.8014307,-2.8014312,-2.8669782,-2.9858165,-2.9409375,-2.9511137,-3.0289893,-3.303632,-3.0391378,-3.0391374,-3.0854542,-3.103762,-3.1695228,-3.1654806,-2.918001,-2.4895623,-2.7665882,-2.766588,-3.0120718,-2.5815418,-2.9164655,-2.8515568,-3.1136491,-3.9089859,-3.6651046,-3.6651032,-3.7589183,-2.9142203,-3.7143993,-4.853915,-3.1144228,-1.9564496,-2.5045302,-2.5045304,-2.5478208,-2.6638765,-2.8849747,-2.1253448
Cc1c(C)c2c3ccccc3ccc2c4ccccc14,-7.01,-6.6204824,-3.8027146,-3.6311991,-3.6311994,-3.635451,-3.9697201,-3.6604147,-4.423372,-6.5002646,-5.127438,-5.7299275,-5.72993,-5.6713324,-6.26106,-5.731427,-5.5049267,-7.210505,-4.9975815,-5.554571,-5.554572,-5.524731,-5.226017,-6.7365384,-6.121093,-6.704854,-7.1712003,-6.8427734,-6.8427744,-6.979512,-6.4004445,-6.3052173,-6.590812,-7.065333,-3.2086773,-3.1704988,-3.1704988,-3.1619694,-3.3064058,-3.1112578,-3.600211,-6.7331533,-3.8217278,-4.287403,-4.287402,-4.407206,-4.197611,-4.136516,-4.7948923,-7.4187956,-6.775573,-7.3290668,-7.329067,-7.5032554,-7.4989743,-7.40261,-7.6179905,-6.885526,-5.7012205,-5.885201,-5.8852015,-5.8846636,-4.184849,-5.9291487,-5.680026,-6.7952223,-6.6325197,-7.0871725,-7.0871735,-7.0762916,-6.9899826,-6.813111,-6.96964
CC1(C)C(C(=O)OC(C#N)c2cccc(Oc3ccccc3)c2)C1(C)C,-6.025,-5.3082952,-6.014216,-5.5335913,-5.533591,-5.5364013,-5.824698,-5.545674,-4.9514084,-5.395728,-4.837017,-4.07864,-4.078641,-3.984255,-4.600051,-4.101047,-5.1265283,-6.134199,-5.5568724,-5.926902,-5.926902,-6.106479,-5.913356,-5.7278037,-5.10105,-5.9166846,-6.153738,-5.60227,-5.6022716,-5.6983337,-5.152363,-5.0332065,-6.1443386,-5.9776425,-6.0612516,-5.8477554,-5.8477545,-5.872115,-5.9403443,-6.143658,-5.10356,-5.921587,-5.3288717,-4.7950325,-4.7950325,-4.9102807,-4.7867236,-5.060242,-4.763132,-5.959192,-5.333937,-5.192631,-5.1926317,-5.627842,-5.2329288,-5.6372027,-5.0817285,-5.956649,-5.4281683,-5.009747,-5.009747,-5.028317,-3.7577355,-5.1068726,-5.4176736,-5.8818316,-5.90794,-6.0309286,-6.030928,-6.0494704,-6.3571796,-6.067658,-6.1308866
Clc1ccccc1,-2.38,-2.2747755,-2.0217206,-1.7759413,-1.7759411,-1.7842433,-1.9691811,-1.7879051,-1.52815,-2.187736,-1.6691734,-1.4385657,-1.4385661,-1.4403754,-1.4604837,-1.4160542,-1.6281986,-2.4645302,-1.5060996,-1.6647826,-1.6647829,-1.6572862,-1.5801734,-2.0937107,-1.7602649,-2.412047,-2.7305896,-2.876878,-2.8768787,-2.5008304,-2.5429578,-1.745695,-2.0823925,-2.568081,-2.0825267,-2.0126085,-2.0126083,-2.000757,-2.089097,-2.049374,-1.6644088,-2.0177467,-2.2378256,-2.3566015,-2.3566012,-2.4232986,-2.3444192,-2.4245112,-2.3814924,-2.4403682,-2.370958,-2.7891593,-2.7891588,-2.397713,-2.6978734,-2.3909435,-2.849501,-2.465573,-2.5469015,-2.455865,-2.4558654,-2.4648333,-2.110702,-2.4463408,-2.4130354,-2.6820333,-2.6821928,-2.6787531,-2.6787531,-2.6858757,-2.6867163,-2.7238615,-2.5116904
CN(C)C(=O)C,1.11,0.92653406,-1.8555336,-1.3166566,-1.3166568,-1.304475,-1.3657585,-1.3071663,-1.2911243,0.2856321,-0.8714044,-0.11780107,-0.117801026,-0.13031287,-0.3974444,-0.080502376,-1.144872,1.4148037,-1.3411375,-1.4050522,-1.4050523,-1.3977616,-1.3474203,-0.9579621,-1.045026,0.67229545,-1.025154,-1.1848391,-1.1848406,-0.64465636,-0.99605405,0.044152495,-0.79132384,1.11467,-1.6415914,-1.8004494,-1.8004496,-1.7498853,-1.8527713,-1.7205424,-0.650078,0.4269885,-1.6744188,-1.4775604,-1.4775605,-1.4754454,-1.4804986,-1.4701593,-1.0748783,1.0103905,-0.7882542,0.48101923,0.48101902,-0.7940331,0.7421717,-0.7370941,-0.30535364,1.2540085,-1.2803626,-1.0464514,-1.0464517,-1.0798846,-0.66436183,-1.0426242,-1.6220412,-0.028126042,-0.28975868,0.09903274,0.09903276,0.1068232,-0.042919576,-0.3575664,-0.0794928
COc2ncc1nccnc1n2,-1.11,-2.9588542,-2.4916558,-2.3875992,-2.3875992,-2.396826,-2.702063,-2.4090183,-2.8385048,-1.2632482,-2.3085778,-1.0822097,-1.0822095,-1.0591714,-1.3619152,-1.0822102,-1.7761589,-1.010937,-1.7625909,-1.7712644,-1.7712643,-1.7621946,-1.643715,-1.0911274,-1.2941347,-0.93182194,-1.1988102,-1.8350275,-1.8350275,-1.1996492,-1.4868267,-0.6015122,-0.7939092,-1.0395817,-2.1620998,-2.479886,-2.4798858,-2.5411553,-2.544228,-2.5807633,-2.13147,-1.1527634,-3.2494276,-2.8209608,-2.820961,-2.8200948,-2.8118567,-2.7965155,-3.0423982,-1.2666761,-1.3687483,-2.0310645,-2.0310645,-2.0514655,-1.8501047,-1.9925903,-1.94123,-1.3224831,-2.31208,-2.0420976,-2.0420976,-2.0929363,-1.2159388,-2.0673373,-2.1932967,-1.0627816,-1.1140825,-1.1245016,-1.1245011,-1.1353158,-1.1685936,-1.2402666,-1.1716417
c3ccc2c(O)c1ccccc1cc2c3 ,-4.73,-4.479857,-2.8191395,-2.8497756,-2.8497756,-2.8595529,-3.2286057,-2.8746467,-4.1990857,-4.507998,-4.0847573,-4.215625,-4.215623,-4.164717,-4.337572,-4.225524,-4.490006,-4.5082645,-3.2796369,-3.5976126,-3.597613,-3.5933292,-3.2942545,-4.3257833,-3.9921823,-4.674057,-5.384557,-5.365402,-5.365403,-5.257639,-4.921145,-4.500832,-5.1191874,-4.9730673,-2.4153094,-3.1132388,-3.1132388,-3.119844,-3.079148,-3.135757,-4.9542713,-4.8861947,-3.328216,-3.649602,-3.6496024,-3.7337434,-3.6088903,-3.5492604,-4.401287,-4.3802576,-2.6141284,-2.651912,-2.6519122,-3.3858657,-2.3549902,-3.2651129,-2.5702772,-4.6118717,-5.000089,-5.048374,-5.0483756,-5.0794396,-4.229277,-5.055027,-5.312496,-4.651075,-4.4945374,-4.6892333,-4.6892323,-4.6874666,-4.637314,-4.5908146,-4.782188
CCC(C)C,-3.18,-1.6399882,-1.6736859,-0.99007225,-0.99007225,-0.9849262,-1.1347427,-0.99064636,-1.1945715,-3.394818,-1.1769226,-1.5141627,-1.5141623,-1.5012476,-1.5352441,-1.5058608,-1.6017927,-3.079106,-1.4045619,-1.6122952,-1.6122952,-1.6031377,-1.4764904,-2.2224383,-1.9821538,-2.9008417,-2.210605,-2.3493068,-2.349309,-2.109121,-2.0739636,-1.2326949,-1.7555945,-3.0618777,-1.6712774,-1.389507,-1.3895069,-1.4154341,-1.4308053,-1.8183187,-1.0926366,-2.3367283,-1.6747419,-1.5251272,-1.525127,-1.5288551,-1.5013795,-1.5077548,-1.054625,-3.2672184,-3.514556,-2.5958998,-2.5959,-3.1506686,-2.7907054,-3.1787581,-2.6224742,-3.2312381,-2.2981489,-2.2767262,-2.2767258,-2.309814,-1.6413368,-2.2620063,-2.2467253,-2.1692548,-2.1951137,-2.1377723,-2.1377723,-2.1354957,-2.204004,-2.2565289,-1.9972795
CCOC=C,-0.85,-0.9528904,-1.5899355,-1.2924594,-1.2924594,-1.30139,-1.4927255,-1.2992598,-1.0968175,-0.53409374,-0.87602156,0.18353215,0.18353176,0.1818328,-0.02626434,0.1890083,-0.8390303,-0.20991321,-1.0129699,-0.9725005,-0.9725005,-0.9641199,-0.8845669,0.05643452,-0.044468883,-0.4132676,-0.715585,-0.9693704,-0.969372,-0.43354496,-0.70553637,0.24225621,-0.5150101,-0.96080685,-1.7564801,-1.7072878,-1.7072875,-1.7982688,-1.7040384,-1.8895435,-0.7692739,-0.539479,-1.8452603,-1.1685985,-1.1685984,-1.1585697,-1.300503,-1.3551732,-0.79782695,-1.3819011,0.06303406,-1.0588347,-1.0588351,-0.37512735,-0.69479924,-0.33967146,-0.8121144,-0.7746463,-0.74897534,-0.6939123,-0.6939127,-0.691953,-0.28172976,-0.68270516,-0.7933459,-0.6870435,-0.34905922,-0.4760752,-0.47607493,-0.43662435,-0.32913873,-0.35033563,-0.5418458
Cc1ccc2cc3ccccc3cc2c1,-6.96,-6.1230793,-2.904452,-2.971013,-2.971013,-2.9852104,-3.4189937,-3.003574,-4.018164,-5.9091697,-4.500753,-4.9942603,-4.9942617,-4.9107275,-5.2645063,-5.021069,-4.7874365,-7.108882,-3.5832782,-3.9788196,-3.97882,-3.9636939,-3.608002,-5.8409915,-5.389386,-6.0475373,-5.487269,-5.43682,-5.436822,-5.424799,-4.968743,-4.6931825,-5.23593,-7.046968,-2.5821505,-2.5097246,-2.5097246,-2.5724082,-2.6454837,-2.6008446,-2.9140213,-7.3681383,-3.8887584,-4.188134,-4.188134,-4.302693,-4.1084056,-4.0455475,-4.878202,-6.8799653,-6.485048,-6.304626,-6.304626,-7.3169155,-6.8295164,-7.234831,-6.14167,-6.878787,-4.8907914,-4.502103,-4.502102,-4.551718,-3.4655337,-4.515647,-4.187898,-6.8300195,-7.3290434,-7.1290703,-7.1290693,-7.1755557,-7.5509615,-7.406038,-6.921109
O=N(=O)c1cccc(c1)N(=O)=O,-2.29,-4.100207,-2.6208396,-2.603665,-2.6036649,-2.612879,-2.944554,-2.6256676,-3.487105,-2.333678,-1.3871497,-2.5858855,-2.5858853,-2.5904596,-2.519525,-2.5652287,-1.900872,-2.6462178,-2.1689126,-2.3754327,-2.3754325,-2.3758028,-2.2997591,-2.239729,-2.2464566,-2.6469681,-2.98644,-3.170715,-3.1707168,-2.8740385,-2.826611,-2.114104,-2.4279065,-2.4221132,-2.4760947,-2.3391216,-2.3391216,-2.1731365,-2.7256482,-1.9977953,-2.5727103,-2.5145082,-2.4456716,-2.652958,-2.6529586,-2.6965258,-2.6122613,-2.561604,-2.479204,-3.0100012,-2.017556,-2.9910054,-2.9910061,-2.6781173,-3.2038443,-2.516733,-3.188349,-2.249662,-2.8225088,-2.2841716,-2.284172,-2.3278039,-1.9498922,-2.296342,-2.5273087,-2.2444265,-3.0637271,-2.7170613,-2.7170603,-2.7414124,-2.9783976,-3.0091531,-2.560397
C1CCCC1,-2.64,-1.7783527,-1.4642814,-0.7416828,-0.7416827,-0.7231595,-0.9180202,-0.7098477,-1.1883811,-2.5217388,-0.8431259,-1.7833511,-1.7833513,-1.7595708,-1.7312056,-1.7916518,-1.138262,-2.4327922,-1.2924223,-1.4047682,-1.4047683,-1.3976072,-1.3583589,-1.8887826,-1.6719599,-2.3898714,-2.321142,-2.4567807,-2.4567826,-2.296018,-2.1215675,-1.4768364,-1.7935432,-2.563892,-1.4487948,-1.0906069,-1.0906069,-1.0724903,-1.1891736,-0.9864811,-0.68035305,-3.0717819,-1.5572826,-1.4253538,-1.4253538,-1.4376832,-1.4031963,-1.3944199,-1.1406118,-2.7880018,-2.963813,-2.224854,-2.2248542,-2.364178,-2.5853007,-2.388664,-2.2362833,-2.4711552,-2.480486,-2.659599,-2.6595993,-2.6488361,-1.9498181,-2.63343,-2.142564,-1.8852133,-1.4590763,-1.6785485,-1.6785481,-1.6682099,-1.6256555,-1.2964172,-2.4447048
CC(C)c1ccc(NC(=O)N(C)C)cc1,-3.536,-3.1642144,-3.6504002,-3.4734175,-3.4734178,-3.4866276,-3.8605077,-3.502287,-3.2061143,-3.5059953,-4.3471756,-3.4071765,-3.4071765,-3.2695067,-3.7614002,-3.3928766,-3.4862006,-3.294445,-3.761315,-3.7904723,-3.7904725,-3.7346613,-3.5522544,-2.6747103,-2.3200514,-3.1012354,-3.234636,-3.2249482,-3.22495,-3.04753,-2.9682074,-2.2844963,-2.9192069,-3.6910954,-3.5889888,-3.4090853,-3.409085,-3.4880977,-3.6394398,-3.6282265,-3.3172927,-3.2928576,-3.967687,-3.6216903,-3.6216903,-3.682666,-3.6772459,-3.7966862,-3.3599942,-3.419189,-4.260306,-3.6460407,-3.6460407,-4.550566,-3.7455094,-4.465406,-3.814735,-3.3930373,-3.7199125,-3.50514,-3.5051403,-3.5690782,-2.5836275,-3.4799862,-3.8973954,-3.0580254,-2.9359064,-3.0836012,-3.0835993,-3.091226,-3.1066685,-3.0125194,-3.155993
CC(=C)C(=C)C,-2.4,-2.6816864,-2.014671,-1.3815486,-1.3815486,-1.372617,-1.4340422,-1.3737153,-1.1800357,-2.0970397,-1.522075,-1.1589011,-1.1589012,-1.1646369,-1.4067248,-1.119816,-1.8739899,-1.9995197,-1.4504124,-1.5387666,-1.5387667,-1.5304565,-1.4656026,-1.2266515,-1.196702,-2.1766992,-1.2763842,-1.6259165,-1.6259191,-1.3130904,-1.4232286,-0.50791186,-1.1847162,-2.4812055,-3.5210576,-1.8533499,-1.8533503,-2.0604181,-2.1413448,-2.167263,-1.816605,-2.7154071,-1.8055382,-1.7126102,-1.7126105,-1.7214137,-1.7001576,-1.6479888,-1.3231882,-2.3668447,-3.623762,-2.6046731,-2.6046736,-3.3525288,-2.6342173,-3.3913255,-2.6992161,-2.2698321,-1.8520708,-1.6659782,-1.6659782,-1.6956125,-1.1658251,-1.6586939,-2.141149,-2.3893533,-3.0859137,-3.30358,-3.3035808,-3.3009167,-3.329743,-2.918971,-2.8724525
c1ccccc1C(O)c2ccccc2,-2.55,-2.5643713,-2.9912014,-2.6904802,-2.6904798,-2.6992192,-3.0029247,-2.693212,-3.0299633,-2.8042989,-3.6003923,-3.3786762,-3.3786774,-3.320082,-3.503334,-3.3751104,-3.6277936,-2.6096375,-3.0957687,-3.0575948,-3.0575948,-3.0481637,-2.965031,-2.554661,-2.393962,-2.8670647,-3.7715714,-3.6120646,-3.6120667,-3.315606,-3.3551776,-2.6979344,-3.0222378,-2.7788823,-3.0943089,-3.0627532,-3.0627532,-3.091124,-3.0767305,-3.141707,-2.6969252,-2.8940747,-3.9569435,-4.3788605,-4.37886,-4.605484,-4.1937003,-4.391025,-4.0879188,-2.777288,-2.3277998,-2.4562325,-2.4562325,-2.6580515,-2.2655177,-2.6495328,-2.5864604,-2.7067814,-3.3986166,-3.0595684,-3.0595696,-3.114408,-1.9412292,-3.0473604,-3.2686071,-2.5132174,-3.3343081,-3.6272426,-3.6272397,-3.6121092,-3.3779635,-4.0374722,-4.450275
Oc1cc(Cl)c(Cl)c(Cl)c1Cl,-3.15,-3.1420605,-2.988412,-3.0628822,-3.0628824,-3.067477,-3.4290345,-3.0791454,-4.610761,-3.2338264,-3.0475283,-3.981165,-3.9811661,-3.9845197,-3.9894338,-3.944988,-4.237289,-3.273475,-3.1946342,-3.267433,-3.2674336,-3.2638528,-3.2001,-4.0902076,-3.5900517,-3.3780963,-4.85322,-5.251081,-5.2510824,-4.9152536,-4.6102643,-4.1759467,-4.2287583,-3.480666,-2.2385087,-2.9048085,-2.9048085,-2.8270426,-3.0254216,-2.767556,-3.342884,-3.3418255,-2.9681945,-3.1287851,-3.128785,-3.2674415,-3.1053112,-3.1594565,-2.887689,-3.8406014,-0.40813923,-1.1754906,-1.1754901,-1.1852869,-1.0387154,-1.1064298,-1.1565372,-3.2028306,-3.8495421,-3.6416452,-3.6416454,-3.6772504,-3.1341906,-3.6772563,-3.6359253,-3.098599,-3.2808466,-3.229409,-3.229409,-3.2402306,-3.3126016,-3.3556619,-3.211495
OCc1ccccc1,-0.4,-0.6070385,-2.129049,-1.7037162,-1.7037165,-1.7068523,-1.8278799,-1.7178025,-1.5208793,-0.87955636,-1.509249,-0.9712761,-0.9712766,-0.9689495,-1.0866628,-0.9450186,-1.634708,-0.38831845,-1.3618354,-1.4028404,-1.4028406,-1.3935782,-1.2895881,-0.2203757,-0.30599704,-0.26819927,-1.8967619,-2.1289709,-2.128972,-1.6280669,-1.8341937,-0.95552504,-1.3870338,-0.60611236,-1.7629013,-1.2915175,-1.2915177,-1.3188379,-1.371724,-1.673925,-1.0263258,-0.37151802,-2.0909595,-2.1166284,-2.1166286,-2.1427598,-2.1027477,-2.0354633,-1.5641488,-0.56300616,-1.0894041,-0.51424766,-0.51424766,-1.3755175,-0.22788852,-1.2982812,-0.9659729,-0.37653,0.68533784,0.60792404,0.6079242,0.5405012,1.2911143,0.64269537,0.2780312,-0.36484858,-0.7811869,-0.5617649,-0.56176466,-0.5919163,-0.6151968,-1.1610523,-0.5827695
C1c2ccccc2c3ccc4ccccc4c13,-6.68,-6.77555,-3.0938935,-3.1860254,-3.1860251,-3.200082,-3.6531167,-3.2213063,-4.6881347,-6.8452973,-5.216902,-5.967403,-5.967403,-5.883653,-6.275341,-5.996361,-5.6984735,-6.573179,-3.8183699,-4.002864,-4.0028634,-3.9854977,-3.7855823,-5.790828,-5.023133,-6.534442,-6.6383595,-6.3215637,-6.3215647,-6.4417877,-5.90523,-5.7300572,-6.4753933,-6.635759,-2.7524843,-3.374518,-3.374518,-3.4076905,-3.3830826,-3.4519083,-6.41112,-7.1106424,-3.8935463,-4.358758,-4.358758,-4.483274,-4.252329,-4.165312,-5.130197,-6.9336176,-6.832921,-6.897457,-6.8974586,-7.6703644,-7.558285,-7.5786624,-6.6428123,-6.9483175,-6.5618634,-6.2912965,-6.291298,-6.2700715,-5.0590158,-6.275321,-6.2828927,-6.540545,-6.4936194,-6.6866794,-6.686681,-6.672883,-6.644849,-6.5318766,-6.7443385
CC34CCC1C(=CCc2cc(O)ccc12)C3CCC4=O,-5.282,-4.2898874,-3.8210626,-3.557728,-3.5577283,-3.564359,-3.90371,-3.5685458,-4.0323186,-4.603634,-4.281861,-4.355457,-4.3554573,-4.26844,-4.641469,-4.397867,-4.5603833,-4.720817,-4.314847,-4.5033574,-4.5033565,-4.461434,-4.4161873,-4.5416036,-4.23412,-4.3027267,-4.5954356,-4.228545,-4.228547,-3.6809156,-3.681478,-3.1089168,-3.808124,-4.9779253,-3.5063634,-3.429698,-3.4296982,-3.4583302,-3.5834787,-3.5059793,-3.3156736,-4.559867,-3.969124,-3.2462437,-3.2462437,-3.4006732,-3.1565187,-3.6378353,-3.2870457,-4.7895923,-3.7485087,-3.8570843,-3.8570848,-4.469986,-3.0140605,-4.447696,-3.960797,-4.665675,-5.041778,-4.9120593,-4.91206,-4.9562516,-3.6078312,-4.9733057,-5.218035,-4.97748,-4.1618853,-4.138472,-4.1384716,-4.0525565,-4.3159,-4.11429,-4.2143784
CBr,-0.79,-0.77811193,0.05457911,0.71708786,0.7170878,0.7169203,0.18895032,0.65693176,0.5060477,-0.7481193,0.2976826,-0.80965954,-0.80965984,-0.8055761,-0.75019646,-0.7816859,-0.0010399377,-0.7817928,-1.1183662,-1.1601815,-1.1601815,-1.1534547,-1.0162203,-1.2875541,-1.3452845,-1.0523707,-0.8997046,-1.224446,-1.224448,-0.7078634,-0.8758001,0.011997042,-0.5538316,-0.8523909,-1.5924845,-1.467983,-1.4679831,-1.5281831,-1.1484585,-1.5440257,-1.4020559,-0.8109584,-0.97392017,-0.5165331,-0.5165331,-0.5127597,-0.57857823,-0.55995375,-1.1112314,-0.79429156,-1.2817193,-1.0051023,-1.0051025,-1.1089132,-1.0010006,-1.0149356,-1.1561601,-0.7853215,-0.87653154,-0.81872874,-0.8187288,-0.80563587,-0.55489135,-0.83222336,-0.8588845,-1.0587059,-1.4569534,-1.565226,-1.5652263,-1.5693804,-1.5572705,-1.4589545,-1.1520405
Clc1ccc(cc1Cl)c2cc(Cl)c(Cl)c(Cl)c2Cl ,-7.82,-7.4373984,-5.026016,-4.7778125,-4.777813,-4.7826877,-5.1463084,-4.8169227,-5.538636,-7.9237747,-7.72706,-7.7489505,-7.7489486,-7.688208,-7.6904984,-7.749883,-7.7019773,-7.783831,-6.5820684,-7.192965,-7.1929655,-7.221489,-7.0756054,-8.257079,-7.814989,-7.8749175,-8.168358,-8.303027,-8.303028,-8.348496,-7.815853,-7.7402635,-7.813617,-7.94215,-3.7591577,-3.98062,-3.9806194,-4.0249248,-4.152328,-4.146461,-6.266157,-7.8373404,-4.208488,-4.4357824,-4.4357824,-4.656945,-4.275859,-4.464146,-5.159773,-8.116835,-5.5136037,-8.462781,-8.462781,-6.3351264,-8.761936,-6.2826133,-8.697693,-7.591803,-8.334564,-7.9934907,-7.9934907,-8.008069,-6.880275,-7.9341106,-8.243766,-7.703083,-8.118673,-7.9752064,-7.9752045,-7.9512076,-8.133692,-7.9999948,-7.898475
COP(=S)(OC)Oc1cc(Cl)c(Cl)cc1Cl,-5.72,-5.5829077,-4.2807074,-4.003098,-4.0030985,-3.994249,-4.3323054,-3.9159207,-4.63127,-5.853129,-4.4275284,-4.682081,-4.6820807,-4.649794,-4.651914,-4.641544,-4.5183487,-5.818985,-4.720316,-4.327418,-4.3274183,-4.359673,-4.3427463,-4.52579,-3.9049487,-5.5380583,-5.8287873,-5.8882875,-5.888289,-5.6088343,-5.281406,-4.931785,-5.6226115,-6.0865965,-3.522799,-3.5589037,-3.558904,-3.5615482,-3.672196,-3.5051563,-4.476541,-4.5877066,-3.431193,-3.8217025,-3.8217018,-3.8468888,-3.7914436,-3.6752424,-4.522587,-5.6250687,-2.5447023,-2.2098975,-2.2098975,-3.0476656,-2.2225676,-3.0321705,-2.5391278,-5.6211596,-5.1861057,-5.30232,-5.3023205,-5.3748827,-3.9770052,-5.305235,-6.1110115,-5.6167655,-5.66278,-5.736339,-5.736338,-5.7425656,-6.029048,-5.890883,-5.677047
NC(=S)N,0.32,0.805401,-1.7435853,-1.392128,-1.3921279,-1.3895017,-1.4224274,-1.3933891,-0.5642532,0.3336026,-0.11167529,0.5296806,0.5296798,0.5244087,0.31689057,0.54901236,-0.2119353,0.93668145,-0.8865015,-0.860641,-0.8606411,-0.85275483,-0.7737784,0.47869965,0.07440413,0.5408729,-0.68178076,-0.9199453,-0.9199468,-0.33479342,-0.60664743,0.34476078,-0.46800908,0.1402365,-2.172081,-1.1866945,-1.1866944,-1.1914792,-1.0105746,-1.2019958,-0.29856694,0.20238814,-1.350585,-1.0331074,-1.0331075,-1.0232128,-0.9772198,-1.0270548,-0.6900229,0.14035939,0.18308707,0.5735461,0.57354623,0.32124802,0.85345256,0.36528143,0.24507573,0.10225687,-0.36600256,-0.3428535,-0.34285372,-0.3398684,-0.11697867,-0.3613512,-0.60423416,0.3801974,-0.056202687,0.25577748,0.25577745,0.27014711,0.13578857,-0.20085575,0.071488015
Cc1ccc(cc1N(=O)=O)N(=O)=O,-2.82,-3.5135944,-2.8259125,-2.7025554,-2.7025552,-2.7068043,-2.9836643,-2.7229562,-3.5074892,-2.650463,-1.6118339,-2.6562488,-2.6562495,-2.648801,-2.4665532,-2.6782131,-2.5741367,-2.8005538,-2.57574,-2.7477524,-2.7477522,-2.7556577,-2.6902773,-2.7947896,-2.709486,-2.844352,-3.0107703,-3.136418,-3.13642,-2.911707,-2.8505092,-2.156644,-2.59231,-2.7998178,-2.1956663,-2.004433,-2.0044332,-2.0217123,-2.2136548,-1.9624965,-2.430858,-2.4948897,-2.470317,-2.4674935,-2.4674935,-2.3159633,-2.5094717,-2.4898674,-2.463906,-3.1616964,-2.2195146,-3.3086276,-3.308628,-2.9046276,-3.5080874,-2.7562246,-3.5988996,-2.760403,-3.546949,-2.9732783,-2.9732785,-3.0244613,-2.3381786,-2.9807549,-3.5611851,-2.766545,-2.8044157,-2.8589642,-2.858965,-2.8670096,-2.9790182,-2.956298,-2.9154675
Nc1nccs1 ,-0.36,-0.062377423,-1.8726274,-1.5759336,-1.5759337,-1.5736809,-1.6425335,-1.5784584,-0.8386053,-0.4599572,-0.8144312,-0.020426156,-0.020426685,-0.025532914,-0.08476485,-0.0071212165,-0.3542825,-0.4569993,-1.1096153,-1.18726,-1.1872598,-1.1814625,-1.1080638,-0.628505,-0.7835276,-0.7396889,-1.1709026,-1.5330331,-1.5330341,-1.0517963,-1.1701496,-0.3262266,-0.86209834,-0.351364,-1.7134249,-1.6010131,-1.6010132,-1.655481,-1.6451695,-1.7471677,-0.30167395,-0.50559866,-2.029788,-1.9479254,-1.9479252,-1.9709519,-1.9180533,-1.896666,-1.0369878,-0.6450223,-0.27740613,-0.3156895,-0.31568956,-0.38540486,0.06701953,-0.3194807,-0.3222878,-0.48523182,-0.63466066,-0.6247617,-0.624762,-0.6430623,-0.46614876,-0.6383937,-0.8070034,-0.30396944,0.9486555,1.6558119,1.655812,1.6896921,1.3152478,0.9499658,0.8838564
CC12CCC(CC1)C(C)(C)O2 ,-1.64,-1.5813296,-2.1698885,-2.2888956,-2.288896,-2.2928996,-2.7849658,-2.2466657,-2.0637498,-2.36029,-2.2465312,-3.2377787,-3.2377782,-3.223346,-3.254434,-3.2456102,-2.5230556,-1.5265455,-3.2021782,-3.4285157,-3.4285152,-3.4196913,-3.2092612,-3.825014,-3.4215097,-1.6201242,-3.9069126,-3.7380095,-3.738011,-3.7046468,-3.366447,-2.928701,-2.8686645,-1.8005139,-2.735094,-3.0179443,-3.0179443,-3.007389,-3.17542,-3.0692961,-1.4575514,-1.758115,-2.2167768,-2.343697,-2.343697,-2.3818839,-2.3335762,-2.2633467,-2.126907,-1.7553762,-1.543804,-1.2097349,-1.2097353,-1.4423983,-1.4990181,-1.3802581,-1.413853,-1.5545918,-4.568191,-4.672646,-4.672645,-4.6818385,-3.6615536,-4.6970577,-4.3819985,-1.7748178,-1.3623496,-1.3954824,-1.395482,-1.3775166,-1.3810734,-1.4650718,-1.472817
CCOP(=S)(OCC)Oc1cc(C)nc(n1)C(C)C,-3.64,-3.8003623,-4.725964,-4.437472,-4.4374723,-4.4386406,-4.7043586,-4.436415,-4.374287,-3.7035594,-3.5309172,-3.1313353,-3.1313365,-2.998357,-3.5171535,-3.1597042,-3.4077518,-3.8599339,-4.637323,-4.628116,-4.6281157,-4.510345,-4.4710927,-4.5442295,-4.078971,-3.6739666,-5.3673396,-5.0782676,-5.0782685,-4.974985,-4.6191335,-4.2898273,-4.401862,-3.8376985,-4.958623,-4.6456647,-4.645665,-4.6095963,-4.7548046,-4.8503776,-3.5433798,-3.8327599,-4.373697,-4.786023,-4.786022,-4.817328,-4.7148786,-4.619315,-4.5996194,-3.1729121,-4.414043,-3.8404722,-3.840472,-4.5795317,-3.7432005,-4.5289655,-4.044127,-3.7818413,-4.578755,-4.2753873,-4.2753873,-4.318753,-3.2808018,-4.3256865,-4.612259,-3.5593097,-3.6413226,-3.692962,-3.692958,-3.7688055,-3.737669,-3.8846593,-3.659379
Cc1ccc(C)c(C)c1,-3.31,-3.0671906,-2.3052187,-1.9335495,-1.9335499,-1.9309088,-2.063997,-1.9402612,-1.9563031,-3.392324,-2.1033556,-2.7096772,-2.7096772,-2.6910717,-2.7156806,-2.6936448,-2.758121,-3.2023098,-2.0556314,-2.296007,-2.296007,-2.2893174,-2.1546757,-2.79887,-2.702071,-3.2151992,-2.7851377,-2.7985718,-2.7985737,-2.5476987,-2.5669515,-1.754044,-2.2640805,-3.4383063,-1.9050196,-1.5984823,-1.5984824,-1.6137948,-1.6907427,-1.5607053,-1.2907512,-3.0484219,-2.2011416,-1.7768947,-1.7768948,-1.7815914,-1.871701,-1.9355229,-1.5707123,-3.298225,-4.592297,-3.6470637,-3.6470635,-4.573994,-3.9475396,-4.5742226,-3.6829114,-3.3467815,-3.161556,-3.0567474,-3.0567482,-3.0892177,-2.2243714,-3.0499034,-3.4183147,-4.1622744,-4.1206684,-3.9807084,-3.9807096,-3.9687386,-4.0196385,-4.0187984,-4.113869
COP(=O)(OC)C(O)C(Cl)(Cl)Cl,-0.22,-0.9178578,-3.0871763,-3.0054753,-3.0054755,-3.0047996,-3.2469594,-2.9938374,-3.3637831,-0.20516166,-2.2045965,-1.3388895,-1.3388889,-1.3292153,-1.5282749,-1.3449646,-1.546521,-0.3206167,-2.701665,-2.154404,-2.154404,-2.1651447,-2.5885236,-0.7417469,-0.2150643,-0.11341083,-2.3843992,-2.5791144,-2.579116,-2.0915396,-2.2069724,-1.3251133,-2.0588658,-0.72197545,-2.5247054,-2.3993392,-2.3993392,-2.3792386,-2.466186,-2.274421,-2.5817013,-0.65219605,-2.4204142,-2.7128747,-2.7128747,-2.7597215,-2.6927693,-2.5678182,-2.805177,-0.33411813,-1.454194,-1.0994272,-1.0994275,-1.7013993,-1.4700141,-1.6519867,-1.6513138,-0.19215876,-1.9386659,-1.747463,-1.7474629,-1.631197,-0.9521266,-1.6728939,-2.0352225,-0.13461493,-1.989287,-1.2243924,-1.2243919,-1.1385044,-1.01631,-1.5114609,-1.4062139
CCCOCC,-0.66,-0.9868167,-1.9748994,-1.6092458,-1.6092457,-1.6171125,-1.8734094,-1.6178552,-1.6139661,-1.2481747,-0.93214166,-1.3544358,-1.3544357,-1.3480235,-1.2741576,-1.3228604,-1.3715906,-0.7889281,-1.4070698,-1.4744987,-1.4744987,-1.4649062,-1.3630539,-0.95287603,-0.9007085,-1.0733044,-1.4184426,-1.6361492,-1.6361516,-1.2054683,-1.3756485,-0.44595337,-1.0014658,-1.1255724,-1.963412,-1.7055626,-1.7055626,-1.7677321,-1.7439176,-1.7761893,-1.3762327,-0.7879136,-2.4620373,-2.545719,-2.5457187,-2.5279562,-2.5033505,-2.302125,-2.1151814,-0.9468459,-0.76129735,-0.7517333,-0.7517331,-0.79061484,-0.79728764,-0.7784939,-0.9006676,-1.1743078,-2.0142238,-1.990467,-1.9904673,-2.007291,-1.2501824,-1.984281,-2.080134,-0.6662613,-0.45944393,-0.5061143,-0.506114,-0.38705695,-0.25032446,-0.3519184,-0.44868752
Cc1ccc(O)c(C)c1,-1.19,-1.3111665,-2.2705185,-1.9463738,-1.9463737,-1.944851,-2.0874717,-1.9540005,-1.9818057,-1.4757936,-1.7296606,-1.401477,-1.4014766,-1.3952674,-1.5213164,-1.3902527,-1.8932455,-1.2336197,-1.797457,-1.9933274,-1.9933274,-1.9864104,-1.8606219,-1.5247263,-1.5596081,-1.133664,-2.1425211,-2.286,-2.2860022,-1.890826,-2.045207,-1.1725535,-1.6714242,-1.2475959,-1.8273631,-1.4467684,-1.4467685,-1.4601448,-1.5306107,-1.3966994,-1.21393,-0.7774678,-2.340601,-2.4385335,-2.4385333,-2.4579008,-2.4311488,-2.3627272,-2.2304032,-1.7257965,-1.2946442,-1.4646485,-1.4646485,-2.1900413,-1.128659,-2.0933554,-1.6099408,-1.3406798,-1.6655521,-1.532969,-1.5329697,-1.5658154,-0.98133683,-1.521536,-1.987275,-1.2207413,-1.2105403,-1.2702934,-1.2702934,-1.2732999,-1.253156,-1.2643207,-1.3239462
Cn1c(=O)n(C)c2nc[nH]c2c1=O,-1.39,-2.0492728,-2.6411529,-2.5101092,-2.5101094,-2.5045524,-2.726017,-2.510657,-2.96653,-1.383566,-1.3787607,-0.78475374,-0.78475356,-0.77952343,-1.036668,-0.8001482,-1.3836306,-1.391583,-2.5176651,-2.3659294,-2.3659294,-2.3511307,-2.3783903,-1.4457045,-1.5665762,-1.5957144,-1.8711842,-2.3785923,-2.3785942,-2.0988834,-2.06572,-1.3660655,-1.5958811,-1.8979886,-2.026662,-1.9378853,-1.937885,-1.9216266,-2.0870602,-1.8202984,-1.6035484,-1.4304581,-2.6811426,-2.922874,-2.9228737,-2.986788,-2.9446733,-2.8278632,-3.2331324,-1.212867,-1.8764678,-1.5084066,-1.5084068,-2.0726795,-1.6980804,-1.9999148,-1.9502784,-1.462369,-1.4133453,-1.2373489,-1.2373493,-1.2539493,-0.61928684,-1.2608612,-1.6318493,-1.3631722,-1.3257018,-1.3614242,-1.3614237,-1.3875784,-1.4701751,-1.4859143,-1.4588838
CC(C)CC(C)(C)C,-4.74,-3.3546195,-2.1035762,-1.6627663,-1.6627667,-1.6668879,-1.9492463,-1.6617137,-1.9536148,-4.907811,-1.363938,-2.341808,-2.3418076,-2.3307636,-2.1013803,-2.3401704,-1.7650837,-4.6698203,-2.380535,-2.6571624,-2.6571622,-2.651866,-2.4845064,-3.7178106,-3.6181607,-4.4484587,-3.4209602,-3.488243,-3.4882443,-3.587414,-3.1878834,-2.6909332,-3.2650955,-5.097271,-2.174296,-1.9888637,-1.9888636,-2.0052464,-2.0551317,-1.9693798,-1.7837241,-4.394904,-2.0740397,-2.0781672,-2.0781674,-2.0859535,-2.0407007,-2.0468588,-1.7243029,-4.661432,-4.2841125,-3.785981,-3.785981,-4.1907954,-4.1611524,-4.2081847,-3.5719728,-4.6833854,-2.9582577,-3.0843,-3.0843012,-3.113391,-2.0835786,-3.0560977,-3.03491,-2.9004655,-1.9368185,-2.182926,-2.1829257,-2.1682115,-2.1593893,-1.7873621,-2.42693
Ic1cccc2ccccc12,-4.55,-4.5125666,-2.6567965,-2.6016972,-2.6016972,-2.6100543,-2.9379075,-2.6241112,-3.4360564,-4.1534953,-5.15026,-5.721054,-5.7210546,-5.6906066,-5.805994,-5.6976767,-5.2066855,-4.52091,-3.0016067,-3.2016296,-3.2016296,-3.2007709,-3.1367338,-4.645148,-4.023392,-4.1391573,-3.7172735,-3.9255261,-3.925528,-3.70919,-3.462605,-2.902165,-3.0324929,-4.7615023,-2.1047993,-2.3524454,-2.3524451,-2.307193,-2.3331606,-2.2463305,-3.9388037,-4.7441607,-2.3018937,-2.3989432,-2.3989434,-2.4269524,-2.4468346,-2.3420043,-2.6563842,-4.682225,-5.408593,-3.9851203,-3.9851208,-5.422866,-4.2939973,-5.412814,-3.8315754,-4.5846925,-5.6984253,-5.6513824,-5.651384,-5.697824,-4.974194,-5.6179876,-5.8058233,-4.2499456,-4.168601,-4.052566,-4.052566,-4.0861344,-4.1056376,-4.2447114,-4.1715155
CC(C)I,-2.09,-1.5776181,-1.2791773,-0.3853998,-0.38539964,-0.38599634,-0.5139749,-0.40709198,-0.9825834,-2.0814881,-1.3896469,-1.6755179,-1.6755183,-1.6554791,-1.5690275,-1.6764756,-1.7433174,-2.1489253,-1.5533023,-1.6621678,-1.6621679,-1.6576586,-1.636182,-2.8247252,-2.39372,-1.9109991,-1.3403525,-1.5033772,-1.5033791,-1.1012019,-1.3229789,-0.34923857,-1.060953,-2.3225665,-2.456612,-1.1396481,-1.1396483,-1.206809,-0.7534238,-1.1960964,-1.3397295,-2.1544204,-1.2131255,-0.9854155,-0.98541546,-0.97923076,-1.0210335,-0.9810458,-2.0300527,-2.1059868,-3.0812728,-2.2313616,-2.2313616,-2.6592052,-2.306865,-2.6579564,-2.370754,-2.1394696,-2.14237,-2.2403774,-2.240378,-2.2641678,-1.7259085,-2.2730196,-2.2429647,-1.8852133,-1.4590763,-1.6785485,-1.6785481,-1.6682099,-1.6256555,-1.2964172,-2.4447048
CCCCBr,-2.37,-2.2896698,-1.5616004,-1.1137205,-1.1137205,-1.1089952,-1.3862963,-1.0944309,-1.8783059,-2.4012344,-1.7017057,-1.8419222,-1.841922,-1.8311881,-1.8420897,-1.8347334,-1.8041636,-2.4631116,-1.6743246,-1.8449222,-1.8449223,-1.8396592,-1.637375,-2.9161625,-2.5790453,-2.5012748,-2.1595368,-2.2075047,-2.2075067,-1.9378529,-2.0109992,-1.1024594,-1.6730535,-2.405887,-1.9443575,-1.8302742,-1.8302742,-1.7748089,-1.6337261,-1.6418476,-2.182665,-2.0781815,-1.8834939,-1.5926414,-1.5926414,-1.4275571,-1.6251833,-1.3558868,-1.2233099,-2.4834092,-2.4569886,-2.5477653,-2.5477653,-2.2650414,-2.9294472,-2.2233605,-2.62542,-2.3749614,-2.8140006,-2.5865788,-2.5865793,-2.6413012,-2.0915747,-2.6243565,-2.627659,-2.1305473,-2.3283134,-2.3139384,-2.3139389,-2.3867936,-2.3854525,-2.6632543,-2.1845741
CCCCCC(C)(C)O,-1.72,-2.5052683,-2.5739026,-2.278792,-2.278792,-2.2804973,-2.5961072,-2.2450395,-2.5095158,-2.1932912,-1.7408154,-2.2945774,-2.2945776,-2.2678456,-2.2345448,-2.3030028,-2.1712875,-1.8681246,-2.5623093,-2.7196598,-2.7196596,-2.723391,-2.5521824,-3.0139086,-2.8080797,-1.6761488,-3.3425617,-3.34835,-3.3483517,-3.1086514,-3.1040723,-2.373805,-2.6681445,-3.0763457,-2.5205126,-2.3860497,-2.3860495,-2.434603,-2.479973,-2.4485853,-2.1811295,-2.6514697,-2.6571467,-2.2347164,-2.234716,-2.2181175,-2.306338,-2.3678923,-2.278079,-2.0076203,-2.4830866,-1.6744432,-1.6744438,-2.6917236,-1.4274625,-2.663956,-2.022555,-1.7422539,-2.3131342,-2.289369,-2.2893693,-2.162592,-1.395863,-2.1880078,-2.6740756,-1.7250173,-1.6510118,-1.6059877,-1.6059873,-1.6125906,-1.6995445,-1.5190272,-1.6546322
NC(=O)N,0.96,0.44371963,-1.681286,-1.4237444,-1.4237444,-1.4175643,-1.4471705,-1.4245603,-0.35065386,0.58662224,0.24107194,1.3195387,1.319538,1.3131857,0.8454878,1.3379009,0.12523253,0.9923579,-0.8731202,-0.84508336,-0.8450834,-0.83733046,-0.75546145,0.5533714,0.13106632,0.67234474,-0.38127378,-0.64483017,-0.6448321,-0.06665852,-0.3582258,0.56410676,-0.2635493,0.73359936,-2.0451574,-0.58736986,-0.5873699,-0.5891976,-0.58244735,-0.584323,-0.02340095,1.0356073,-1.3463258,-0.99553025,-0.99553025,-0.98520756,-0.9336263,-1.0029391,-0.48426136,1.104119,-0.12695467,0.9867236,0.98672456,0.14441076,0.8071023,0.19597718,0.31962344,0.8634499,0.21768478,0.373691,0.3736908,0.3739194,0.59367657,0.3655643,-0.10963822,1.0404829,0.044232138,0.7980855,0.7980857,0.80139303,0.4018662,-0.3892845,0.05899872
O=C1c2ccccc2C(=O)c3ccccc13,-5.19,-5.7093554,-2.9464421,-2.997535,-2.997535,-3.0058594,-3.3782532,-3.0206218,-4.6690326,-5.0178022,-3.9191709,-3.6382945,-3.6382954,-3.6016998,-3.601569,-3.6569283,-4.20318,-5.205915,-3.720661,-4.210179,-4.210179,-4.214873,-3.8796055,-6.413603,-6.186852,-4.6240196,-5.149242,-4.7597504,-4.7597513,-4.565661,-4.541351,-3.798046,-4.3176484,-6.0044265,-4.9664936,-5.340418,-5.340419,-5.6093764,-5.3588305,-5.825602,-5.320085,-5.6551456,-3.4672291,-3.8654437,-3.8654437,-3.958001,-3.7984357,-3.7193024,-4.6504154,-4.839162,-2.5205002,-3.1261637,-3.1261642,-2.8738246,-3.1564562,-3.0035121,-3.3200092,-5.014403,-5.112416,-5.077379,-5.0773783,-5.094648,-4.3453803,-5.0798807,-6.009434,-5.2225523,-4.7071543,-4.8585825,-4.858582,-4.8578186,-4.834493,-4.77072,-5.1738296
CCC(C)C(=O)OC2CC(C)C=C3C=CC(C)C(CCC1CC(O)CC(=O)O1)C23 ,-6.005,-5.617273,-6.9929156,-6.3147645,-6.314765,-6.3040385,-6.606684,-6.3415,-5.0320787,-5.7702513,-3.7858605,-4.078439,-4.0784397,-4.0015235,-4.61246,-4.1845403,-4.4429054,-5.8760386,-3.2941172,-4.5303917,-4.530392,-4.31281,-3.466915,-5.2468534,-4.9640574,-5.8244696,-6.6268606,-6.3191886,-6.3191905,-6.181203,-5.31558,-5.6984515,-5.8165345,-6.1205473,-6.4850006,-6.274819,-6.274818,-6.089972,-6.439507,-5.8528323,-4.361978,-4.9628124,-4.694638,-5.1328435,-5.132843,-5.1644087,-4.981944,-4.760569,-4.710883,-5.232175,-4.58491,-4.6254883,-4.6254883,-5.092311,-4.6037297,-5.026959,-4.4568887,-5.737891,-5.822489,-5.3608613,-5.3608613,-5.4653945,-4.1556425,-5.484333,-5.40616,-5.7352805,-5.985626,-5.938889,-5.938888,-5.9264884,-6.1841025,-6.1551385,-6.031369
CC(=O)C(C)(C)C,-0.72,-0.742592,-1.6035352,-1.2714609,-1.2714608,-1.2672813,-1.6979808,-1.2404577,-1.6653578,-0.85020065,-1.2351267,-1.227953,-1.2279527,-1.2293161,-1.375509,-1.1940358,-1.8146905,-0.5238522,-1.7322501,-1.9317436,-1.9317434,-1.9227594,-1.8217031,-2.1411376,-2.285875,-0.9990512,-2.0719981,-2.270755,-2.270757,-2.0714247,-2.0421462,-1.226534,-1.594445,-0.8366394,-1.8677269,-2.4603753,-2.4603755,-2.3959732,-2.558488,-2.3505025,-0.8203089,-0.9634515,-1.6022754,-1.4121996,-1.4121996,-1.408151,-1.4364994,-1.4081728,-1.2645203,-0.9586501,-1.4602877,-0.10554377,-0.105543874,-1.3319634,-0.2476656,-1.2599064,-0.8335053,-0.5622248,-1.6813996,-1.5474025,-1.547403,-1.5799438,-1.1236265,-1.5464181,-1.8094726,-0.028126042,-0.28975868,0.09903274,0.09903276,0.1068232,-0.042919576,-0.3575664,-0.0794928
Nc1ccc(cc1)N(=O)=O,-2.37,-2.2868414,-2.3120742,-2.2402174,-2.2402177,-2.2526114,-2.5658658,-2.2598825,-2.5147283,-2.4277945,-1.1399992,-1.534196,-1.5341953,-1.5318937,-1.431208,-1.541605,-1.6199594,-2.2355285,-1.7684054,-1.9388971,-1.9388971,-1.9353005,-1.8304414,-1.4809282,-1.3022388,-2.0965114,-2.3439367,-2.5237935,-2.5237956,-2.1601064,-2.2558925,-1.4193274,-1.8186412,-2.2808707,-1.8483452,-1.7581074,-1.7581075,-1.7880818,-1.8989189,-1.8036716,-1.7053663,-2.2160103,-2.8389938,-3.0904546,-3.0904543,-3.1858845,-3.045159,-3.1052399,-3.79791,-2.380445,-1.1831623,-0.91933984,-0.9193395,-1.527765,-1.0608718,-1.4295301,-1.1295129,-2.294352,-2.2271519,-1.7981747,-1.7981756,-1.8404094,-1.4991288,-1.8155922,-2.1721807,-2.3680775,-2.2325926,-2.3606412,-2.3606412,-2.3654127,-2.3254724,-2.1560457,-2.2686753
Clc1ccc(cc1)c2ccccc2Cl ,-5.28,-4.8220267,-3.389861,-3.1401277,-3.1401277,-3.1463974,-3.450649,-3.1699324,-3.3168402,-5.472939,-5.1298223,-5.0275416,-5.0275416,-4.9695024,-5.081966,-5.023489,-5.021757,-5.2134085,-3.7852738,-3.9791281,-3.9791284,-3.984106,-3.8253345,-5.771094,-5.1853223,-5.3704123,-5.13468,-4.895478,-4.89548,-4.770606,-4.5760255,-4.008774,-4.62598,-5.6034117,-2.815783,-2.7930121,-2.7930114,-2.8493834,-2.9160016,-2.9088352,-3.6260018,-5.861536,-3.3276513,-3.535362,-3.5353622,-3.6277306,-3.5071585,-3.5026164,-4.2758884,-5.5000997,-5.8287187,-5.253564,-5.2535634,-6.408437,-5.486225,-6.3348484,-5.4001803,-5.1410956,-5.6655774,-5.2790437,-5.2790456,-5.3278956,-4.3171782,-5.3677206,-6.2719374,-5.17277,-5.4976873,-5.3968635,-5.3968644,-5.34522,-5.3904676,-5.5331225,-5.3568788
CCOC(=O)c1ccccc1C(=O)OCC,-2.35,-1.9776102,-3.7075152,-3.4714978,-3.4714973,-3.4643295,-3.7325137,-3.4608266,-3.8780344,-2.5671296,-2.8780465,-1.528472,-1.5284725,-1.4779487,-1.8964859,-1.4974494,-2.0150676,-2.2831743,-3.6625493,-3.5079138,-3.5079136,-3.5063972,-3.596929,-2.5562973,-2.044605,-2.2115996,-3.4734967,-3.5226133,-3.522615,-3.152711,-3.1362553,-2.567297,-2.9193184,-2.5542142,-3.475493,-3.6055324,-3.6055324,-3.3401608,-3.7300398,-3.12451,-3.0881274,-2.2459927,-3.6148322,-4.1072907,-4.1072907,-4.178248,-4.0869236,-3.9113712,-4.5523977,-3.0381172,-2.2119286,-2.732124,-2.7321243,-2.973784,-2.7123423,-3.0054905,-2.815242,-2.3405287,-2.9288898,-2.6013408,-2.6013412,-2.667871,-1.7336377,-2.6839294,-3.0732846,-2.3500023,-2.3099759,-2.419742,-2.419742,-2.4173796,-2.5087075,-2.4019709,-2.4272418
Clc1cc(Cl)c(Cl)c(Cl)c1Cl,-5.65,-5.775524,-3.1979089,-3.3119478,-3.3119473,-3.317715,-3.7199223,-3.3289304,-5.3491836,-5.51928,-4.067677,-4.9145894,-4.91459,-4.9057255,-4.8262205,-4.8737135,-5.781214,-5.742237,-3.5845988,-3.7799487,-3.7799485,-3.7730126,-3.6764414,-5.9352703,-6.1290307,-5.575064,-6.022366,-6.4349103,-6.434911,-6.2953672,-5.7063403,-5.560995,-5.734929,-5.882105,-3.6779628,-3.9251819,-3.9251816,-3.8934746,-4.3861876,-3.7633035,-5.209423,-5.7332954,-2.6528366,-3.046547,-3.046547,-3.1455834,-3.0302646,-3.0127912,-3.4591794,-5.7850847,-4.007895,-6.117454,-6.1174545,-4.2099423,-6.558966,-4.186892,-6.4740934,-5.6505456,-5.596513,-5.2464643,-5.2464647,-5.247416,-4.7581086,-5.2078967,-6.3607354,-5.2388887,-5.712072,-5.7204146,-5.7204137,-5.710073,-5.784632,-5.7805667,-5.6228366
c1c(Cl)cccc1c2ccccc2,-4.88,-4.5388975,-3.1590412,-2.9742372,-2.9742377,-2.9820907,-3.2929811,-3.0053315,-3.1573803,-4.4412746,-4.50615,-4.861361,-4.861362,-4.803908,-4.8574996,-4.877203,-4.7112107,-4.973909,-3.4482322,-3.6768985,-3.6768982,-3.674968,-3.4765923,-5.098735,-4.5834913,-4.8064423,-4.579757,-4.5374928,-4.5374937,-4.300209,-4.1950765,-3.5787926,-4.3439217,-5.0741844,-2.5555449,-2.4119635,-2.411963,-2.4638317,-2.5460758,-2.478666,-2.9724078,-4.982274,-3.328219,-3.6484995,-3.648499,-3.7412918,-3.587762,-3.4990685,-4.2457767,-5.3702307,-6.0108943,-5.081835,-5.0818357,-6.450103,-5.419783,-6.390365,-5.196182,-4.7223907,-5.0819945,-4.7012873,-4.7012873,-4.777434,-3.7082663,-4.751849,-5.1544943,-4.853409,-5.148732,-4.9398246,-4.9398236,-4.962557,-5.133047,-5.111257,-4.870108
CCC(C)C(=O)C,-0.67,-0.7636758,-2.0968163,-1.7295014,-1.7295014,-1.7257706,-1.9177473,-1.7107142,-1.5955087,-0.77373564,-1.4790237,-1.2065753,-1.2065747,-1.2008523,-1.3917311,-1.1808467,-1.79173,-0.6238369,-1.6669838,-1.8232028,-1.8232028,-1.8135663,-1.7396975,-1.8536814,-1.9005781,-1.1378827,-1.635746,-1.8767138,-1.876716,-1.5702711,-1.6035975,-0.7947602,-1.3084489,-0.7123022,-1.8091283,-1.5780046,-1.5780046,-1.5695753,-1.6620618,-1.4546901,-1.3594085,-0.75133115,-1.9754837,-2.0187805,-2.0187805,-2.0404902,-1.9970756,-1.9363142,-1.719532,-1.1116431,-1.5079273,-0.35215995,-0.35216013,-1.4140749,-0.46288627,-1.3614364,-0.957274,-0.6774483,-1.7235922,-1.4433941,-1.4433944,-1.4995025,-1.0683116,-1.464914,-1.9805102,-0.69819534,-0.9151453,-0.63550556,-0.6355054,-0.60362554,-0.5092041,-0.4665746,-0.4224936
CC(=O)C3CCC4C2CC=C1CC(O)CCC1(C)C2CCC34C ,-4.65,-4.3511214,-4.5361323,-4.170606,-4.170606,-4.1783366,-4.5229926,-4.172589,-4.169483,-4.6068907,-4.3726797,-4.5509777,-4.5509787,-4.4468102,-4.939037,-4.5683136,-4.287764,-4.869531,-3.1152203,-3.9196,-3.9196,-3.8147242,-3.4525714,-4.3465905,-3.8814943,-4.6158113,-5.7207913,-5.3216968,-5.321698,-5.459408,-4.7977734,-5.024986,-4.943209,-4.6111975,-4.325159,-4.2267056,-4.2267056,-4.248258,-4.368922,-4.3379545,-3.678454,-4.2149,-4.609938,-4.8597755,-4.8597755,-4.1475863,-4.7323766,-3.7126942,-5.1551294,-4.9249125,-4.2244005,-4.4336185,-4.4336195,-4.6297083,-4.181594,-4.513277,-4.568931,-4.7666135,-5.424666,-5.4873166,-5.487317,-5.521686,-3.7769454,-5.4882717,-5.216779,-4.5613823,-4.525346,-4.5444055,-4.544404,-4.594623,-4.720319,-4.6840663,-4.726283
c1(C(=O)OCCCCCC(C)(C))c(C(=O)OCCCCCC(C)(C))cccc1,-6.6370000000000005,-6.1426682,-8.075854,-7.0822635,-7.082264,-7.0548377,-7.4408193,-6.900176,-5.9112782,-6.1679964,-5.2737117,-6.5997376,-6.599739,-6.4671288,-6.806192,-6.5649366,-7.3380704,-6.4076667,-7.025852,-7.969788,-7.9697886,-8.401474,-8.517005,-6.4266496,-6.8618655,-5.9977155,-7.681803,-7.1201034,-7.120105,-7.3578615,-6.397741,-7.0096116,-7.023961,-6.5619354,-8.686193,-8.050698,-8.050699,-7.9754157,-8.084582,-7.4868135,-6.419092,-5.7618093,-6.660064,-6.396684,-6.3966846,-5.9886804,-6.748381,-6.5927043,-5.7308817,-5.660365,-7.0429626,-6.5502176,-6.550219,-6.753603,-5.6263404,-6.4334707,-6.7424026,-6.677968,-7.509737,-7.728281,-7.7282815,-7.7521977,-6.0598984,-7.7830105,-6.832867,-6.3790426,-6.5352974,-6.5812964,-6.581294,-6.633201,-6.8426256,-6.6618953,-6.52739
COc2cc1c(N)nc(nc1c(OC)c2OC)N3CCN(CC3)C(=O)OCC(C)(C)O ,-3.638,-4.5880537,-7.2330894,-6.5596213,-6.559621,-6.56886,-6.9905105,-6.6162205,-5.684652,-3.9799743,-4.498383,-3.8062558,-3.806256,-3.7650392,-4.3739047,-3.834769,-4.7215247,-3.691304,-7.5046315,-6.8948936,-6.8948946,-6.422381,-6.471077,-3.2914066,-3.0800831,-3.5455196,-4.3224063,-4.5856924,-4.585694,-4.0060387,-4.08042,-3.458709,-3.0318093,-4.402076,-6.9348497,-6.4483147,-6.4483147,-6.464806,-6.7147174,-6.732351,-5.404684,-4.1430707,-6.936275,-6.550066,-6.5500665,-6.6616874,-6.4736238,-6.4503474,-5.9194636,-3.6193511,-6.3713236,-4.274364,-4.274365,-6.511323,-3.792258,-6.2460933,-3.282659,-3.70582,-5.2672315,-5.2048516,-5.204852,-5.1761546,-3.703039,-4.9325113,-5.886605,-3.5409837,-3.6717944,-3.6863205,-3.6863186,-3.671153,-4.0605016,-4.159377,-3.6197822
Cn2cc(c1ccccc1)c(=O)c(c2)c3cccc(c3)C(F)(F)F,-4.445,-4.796017,-5.323754,-5.005308,-5.005308,-5.0108056,-5.3401346,-5.0364995,-5.113753,-4.475702,-3.1964586,-4.645516,-4.6455173,-4.592651,-4.902851,-4.7177296,-4.2313485,-4.660556,-5.1805997,-5.1944466,-5.194447,-5.055262,-5.295664,-5.1584353,-4.306878,-4.4390974,-5.874039,-5.685899,-5.6859,-5.7240367,-5.08847,-5.0804667,-5.024558,-4.9320865,-4.811057,-4.511097,-4.5110965,-4.516767,-4.660807,-4.603437,-3.5529277,-3.8639863,-4.5245204,-4.7799244,-4.779925,-4.808846,-4.703395,-4.7260017,-4.5094705,-4.2747583,-4.6597123,-4.5259132,-4.5259137,-5.0134354,-4.413089,-4.899364,-4.9044123,-3.9750812,-4.7118387,-4.212585,-4.2125845,-4.2937093,-3.0668962,-4.1595945,-4.2906504,-4.271434,-4.3731527,-4.450997,-4.4509945,-4.4671044,-4.6021523,-4.4406476,-4.410907
CCCCC(=O)OC3(C(C)CC4C2CCC1=CC(=O)C=CC1(C)C2(F)C(O)CC34C)C(=O)CO,-4.71,-4.368325,-7.151419,-6.4134574,-6.4134574,-6.4006953,-6.6909175,-6.3516707,-5.3910046,-4.5577326,-4.0536714,-3.3554435,-3.3554447,-3.2867305,-3.8731244,-3.3770766,-3.7702816,-4.492753,-4.588271,-4.9372067,-4.937207,-4.7626877,-3.810199,-5.1722345,-4.3137417,-4.74941,-5.5540895,-5.199135,-5.1991353,-5.022074,-4.7520404,-4.805246,-4.964711,-4.47714,-6.497144,-6.255966,-6.255966,-6.195158,-6.2703977,-6.094077,-4.4337506,-4.4384203,-5.4411244,-5.266198,-5.2661986,-5.1777225,-5.1196694,-4.9452147,-5.0979176,-4.5828342,-5.0700393,-5.0430193,-5.0430193,-5.5420084,-4.6971726,-5.6295,-5.210714,-4.7004023,-5.5275736,-5.1627183,-5.162719,-5.217194,-3.6922894,-5.192624,-4.5223927,-4.5765524,-4.7391562,-4.6939483,-4.693945,-4.758141,-4.8732553,-5.158136,-4.494206
CCCC1COC(Cn2cncn2)(O1)c3ccc(Cl)cc3Cl,-3.4930000000000003,-4.5369215,-5.150059,-4.8442893,-4.844289,-4.8413644,-5.1592546,-4.8202133,-5.0808835,-3.7970867,-4.0308156,-3.7322063,-3.732207,-3.714787,-4.1908627,-3.7414312,-4.045083,-3.7809036,-5.145739,-4.799363,-4.7993636,-4.773375,-4.997772,-4.522555,-4.043684,-4.041365,-5.344118,-4.8787613,-4.8787637,-4.811837,-4.3230495,-4.140983,-4.7028694,-4.1477237,-4.4358687,-4.488941,-4.4889402,-4.449446,-4.609648,-4.405266,-4.2141166,-3.8926907,-4.220331,-4.7347097,-4.7347097,-4.831246,-4.6132636,-4.422816,-4.830427,-3.1481905,-2.7863238,-3.1001701,-3.1001704,-3.0904436,-2.9891663,-3.094955,-3.2655709,-3.413906,-4.720391,-4.6242857,-4.6242857,-4.706635,-3.0998394,-4.564941,-5.080001,-3.4634392,-4.46741,-4.4174604,-4.4174585,-4.5518985,-4.2810955,-4.782988,-4.393531
CCCCCC=O,-1.3,-2.2529988,-2.108221,-1.8111002,-1.8111,-1.8086892,-2.1068594,-1.7846054,-2.2175014,-1.8872674,-1.3963109,-1.8090999,-1.8090999,-1.7912931,-1.6530392,-1.7953551,-1.8244742,-1.3906548,-1.6589162,-1.7898874,-1.7898877,-1.7831624,-1.6996126,-2.0688539,-1.7358998,-1.8978357,-2.2739174,-2.425711,-2.4257123,-2.2114275,-2.1744537,-1.3675079,-1.8318949,-1.6297858,-2.0652761,-1.8620577,-1.8620577,-1.9050956,-1.938622,-1.8964274,-1.806144,-1.3664657,-2.6342316,-2.5805569,-2.5805569,-2.4050622,-2.556496,-2.2947888,-2.549739,-1.5417805,-1.6709608,-0.60843116,-0.60843116,-1.678893,-0.64837354,-1.5960947,-1.0456238,-1.2935526,-1.8668679,-1.6214832,-1.6214838,-1.612345,-1.0413455,-1.6089687,-2.1366665,-1.3305664,-0.9760622,-1.0732844,-1.073284,-1.1487622,-1.0905594,-1.2095191,-1.3129362
COCOC,0.48,-0.62106293,-1.6327516,-1.2087308,-1.2087309,-1.2202454,-1.4162,-1.2256218,-1.0348557,0.52009946,0.0021009,1.2995274,1.2995275,1.3112818,1.0410619,1.2977046,-0.3058965,0.4595837,-0.6915367,-0.49599385,-0.4959939,-0.48831987,-0.36877832,0.9914274,0.5301802,0.43906918,-0.16942401,-0.39561436,-0.39561573,0.25799862,-0.1386752,0.82434183,-0.08461956,0.30333632,-2.389554,-2.0003154,-2.000316,-1.5799143,-1.9647613,-1.4095984,-0.94220096,0.44285393,-2.0335276,-1.9579002,-1.9579003,-1.9696013,-1.933948,-1.9094758,-1.1697845,0.19901979,-0.053720772,0.5893882,0.589388,0.116830446,0.871417,0.13842544,0.16868347,0.41285,-0.26481202,-0.14921746,-0.14921728,-0.15340513,0.2749347,-0.15754585,-0.6463763,0.5087606,-0.10120143,0.34074163,0.3407419,0.24687795,0.27546024,-0.28694427,0.18545423
CC(=O)CC(c1ccccc1)c3c(O)c2ccccc2oc3=O ,-3.893,-3.9311333,-4.818686,-4.4737325,-4.473733,-4.4740214,-4.742339,-4.4675326,-4.1898575,-3.710382,-4.005003,-3.8970594,-3.8970597,-3.8517134,-4.209864,-3.927724,-4.2697616,-4.105997,-4.7311273,-4.576598,-4.5765977,-4.5275435,-4.705362,-4.1952806,-3.66438,-4.230592,-4.3892803,-4.2761154,-4.276118,-3.7831273,-3.682058,-3.153327,-3.7719626,-3.906952,-4.57213,-4.563983,-4.563983,-4.531882,-4.5936046,-4.5977845,-3.366052,-4.0691504,-4.1276526,-4.6212416,-4.6212416,-4.670422,-4.552131,-4.5755634,-4.750142,-3.6882443,-3.1114023,-3.5417752,-3.5417755,-3.8324907,-3.4765174,-3.7628007,-3.570557,-3.5355384,-4.5089192,-4.485307,-4.4853077,-4.556427,-3.174767,-4.4192944,-5.0723376,-3.7355068,-3.9354699,-3.9479654,-3.947965,-3.9746506,-4.0853815,-4.0544543,-4.095242
OC4=C(C1CCC(CC1)c2ccc(Cl)cc2)C(=O)c3ccccc3C4=O,-5.931,-5.889512,-5.72481,-5.5200353,-5.520036,-5.5339885,-6.041483,-5.5693603,-5.5647345,-4.9732695,-5.8641896,-5.1337457,-5.133747,-5.187784,-5.633632,-5.1246634,-4.645046,-6.198262,-6.2444,-6.3692226,-6.3692217,-6.261864,-6.02284,-6.099444,-5.7026753,-5.5978355,-6.6606717,-5.950953,-5.950954,-6.1245728,-5.509084,-5.5423875,-4.7707043,-5.5967174,-4.809928,-4.949729,-4.949729,-4.961785,-5.176523,-5.1627574,-5.6913395,-5.7733827,-6.651524,-6.8696985,-6.869699,-7.240028,-6.543655,-6.7441278,-5.5183415,-5.3199735,-5.118002,-5.0471706,-5.04717,-5.4278975,-5.1740212,-5.218574,-5.3037186,-5.3272576,-5.393286,-5.3488517,-5.3488517,-5.348722,-3.9315188,-5.2761364,-6.288808,-5.709985,-5.881552,-5.8036933,-5.8036914,-5.785824,-6.2186747,-6.006642,-6.009214
Cc2c(N)c(=O)n(c1ccccc1)n2C,-0.624,-0.6183385,-3.144125,-2.775327,-2.775327,-2.776934,-3.0051057,-2.7960951,-2.7244704,-0.89715517,-2.8712306,-2.2854505,-2.2854505,-2.2543929,-2.502881,-2.282375,-2.8111649,-0.26209095,-3.258702,-3.1098766,-3.1098766,-3.0872855,-3.1337311,-1.6732663,-1.4426111,-0.41327348,-3.5867388,-3.4443176,-3.4443192,-3.117823,-3.082509,-2.412997,-2.372587,-0.5966608,-2.7823892,-2.7365303,-2.7365303,-2.7649884,-2.865491,-2.783768,-2.5038872,-1.4999617,-3.2393973,-3.510562,-3.5105624,-3.5844405,-3.5045123,-3.431316,-4.149858,-1.0883124,-2.6363485,-2.4579573,-2.4579577,-3.052662,-2.2079055,-2.962207,-2.618056,-0.58010423,-2.8422732,-2.6160073,-2.616008,-2.665824,-1.7830942,-2.6738975,-3.2153277,-0.5906533,0.3962714,-0.52419424,-0.52419335,-0.47783747,-0.37154192,-0.4494449,-0.29086658
Oc1ccc(cc1)C2(OC(=O)c3ccccc23)c4ccc(O)cc4 ,-2.9,-2.9748805,-5.4518895,-5.087712,-5.087711,-5.079863,-5.3574104,-5.068659,-4.2000885,-3.0995564,-3.884439,-4.6666193,-4.6666193,-4.6170855,-4.630225,-4.707114,-4.663016,-3.1730025,-4.8653336,-4.897252,-4.897252,-4.838233,-5.189427,-4.286054,-3.7207077,-2.8733726,-4.3969564,-4.642852,-4.642854,-4.2324295,-4.2541137,-3.6465142,-3.6257133,-3.2092583,-4.971572,-5.056956,-5.056956,-4.96695,-5.3196616,-4.9676404,-3.962234,-3.2915301,-4.4070067,-5.2364845,-5.2364845,-5.4662647,-5.0898976,-5.1624923,-4.8095045,-2.9022555,-2.3873594,-3.514226,-3.5142262,-3.7735674,-3.1104198,-3.8556056,-3.631054,-2.695532,-4.193991,-4.0337167,-4.033716,-4.092071,-2.7390404,-3.9269605,-4.4726367,-2.864433,-2.918838,-2.8806088,-2.8806112,-2.880161,-2.9548461,-3.0055404,-2.9559622
CCN(CC)C(=O)CSc1ccc(Cl)nn1,-1.716,-3.2542279,-3.9445598,-3.6700778,-3.6700778,-3.635444,-4.0494447,-3.4766753,-4.0086584,-2.1857667,-4.513725,-2.7073839,-2.7073846,-2.747088,-3.391435,-2.665058,-3.357046,-1.9573195,-4.5576625,-4.391879,-4.391879,-4.398446,-4.371905,-3.926901,-3.4525287,-2.449006,-4.0906787,-3.9923313,-3.9923337,-3.6655438,-3.6715183,-2.935727,-3.3437946,-2.5811994,-3.5888438,-3.6254125,-3.6254127,-3.635157,-3.7461784,-3.5962937,-4.134558,-2.790146,-3.8396432,-3.6302447,-3.6302447,-3.6547396,-3.5614889,-3.8819814,-3.9053519,-2.5828807,-3.1289303,-2.9156404,-2.9156406,-3.4548569,-2.203242,-3.5082676,-3.03816,-1.8221813,-4.310862,-3.8740566,-3.8740566,-3.8702621,-2.8553188,-3.782943,-4.687104,-1.654522,-1.7503837,-1.7091955,-1.7091942,-1.7627678,-1.8761828,-1.8615129,-1.9641811
CCOC(=O)c1ccc(N)cc1,-2.616,-2.6603847,-2.8664217,-2.741617,-2.741617,-2.7534175,-3.094236,-2.7690868,-2.8270376,-2.7425365,-2.4779296,-1.4166011,-1.4166013,-1.361123,-1.688631,-1.4059793,-2.0048556,-2.8236415,-2.5929065,-2.673094,-2.6730943,-2.6693068,-2.541897,-2.4515443,-2.2739995,-2.4496832,-2.5018992,-2.5252144,-2.5252159,-2.1498325,-2.348154,-1.4212146,-1.8937829,-2.6856372,-2.5579495,-2.4441812,-2.444182,-2.4817405,-2.6005988,-2.594124,-1.9916115,-2.8874974,-3.6801121,-3.9387636,-3.9387634,-3.962976,-3.8857596,-3.8186882,-4.4973726,-2.372669,-2.0544274,-2.1452034,-2.145204,-2.7755704,-2.1685603,-2.687678,-2.3810878,-2.532189,-2.4227679,-1.9937512,-1.9937515,-2.0102625,-1.2904353,-2.1129026,-2.340955,-2.6185534,-2.5075107,-2.5782866,-2.578287,-2.5802457,-2.5354426,-2.4410627,-2.7564855
COc2c1occc1c(OC)c3c(=O)cc(C)oc23 ,-3.0210000000000004,-3.0070221,-3.8339515,-3.691799,-3.6917987,-3.690303,-4.0339346,-3.6937535,-4.872603,-3.390538,-3.0553765,-2.844895,-2.8448956,-2.8076072,-2.6572948,-2.8497782,-3.052402,-2.8734417,-3.9216092,-3.6219838,-3.6219838,-3.6033914,-3.7078054,-2.6599627,-2.2604196,-2.7476468,-3.306762,-3.56447,-3.564471,-3.2393475,-2.95405,-2.5611749,-2.2821176,-2.9332871,-3.0897803,-3.1101346,-3.1101346,-3.0562425,-3.2875984,-2.953523,-2.8397775,-3.1112297,-3.4250152,-3.7893627,-3.7893627,-3.8636112,-3.7885635,-3.6566179,-4.395304,-3.4501343,-0.7936575,-2.1537309,-2.1537306,-1.5816185,-1.7494414,-1.5093967,-1.6368685,-2.9746768,-2.665565,-2.58333,-2.5833304,-2.615481,-1.5690548,-2.5873075,-3.1954193,-3.0065594,-2.9961987,-3.0327423,-3.0327415,-3.0484731,-3.160496,-3.176472,-3.1665514
CO,1.57,0.9277234,-0.13759497,0.53800905,0.5380091,0.5426461,0.12330796,0.5115527,0.49443984,1.3521141,0.6335089,0.519711,0.5197111,0.51795584,0.5654107,0.50972354,0.1448212,1.6672252,-0.6059893,-0.37471113,-0.37471113,-0.36852974,-0.3004972,1.0986799,0.49260393,0.9118384,-0.4517307,-0.6918914,-0.6918921,-0.07764923,-0.29533082,0.56426877,-0.18266031,1.3021286,-1.2823035,-0.6388225,-0.6388226,-0.6518701,-0.6247848,-0.6842768,-0.26669165,1.5283307,-0.9190734,-0.40347815,-0.40347815,-0.394834,-0.3945702,-0.4487856,-0.8632555,1.149233,0.53117406,2.0028543,2.002852,0.98344994,2.1791565,0.990394,0.68230486,1.485033,0.8336731,1.1566536,1.1566536,1.1218145,1.6490133,1.2042271,0.80341053,0.9675314,0.33517766,0.82191575,0.8219155,0.84172535,0.7960122,0.36675486,0.41589427
CC4CC3C2CCC1=CC(=O)C=CC1(C)C2(F)C(O)CC3(C)C4(O)C(=O)COC(C)=O ,-4.9,-4.574128,-6.148895,-5.6156826,-5.615682,-5.6150064,-5.9298997,-5.5978327,-5.301081,-4.1487193,-4.0375495,-3.2548194,-3.2548203,-3.2160094,-3.6843004,-3.2812824,-3.7877867,-4.7137175,-3.4198544,-3.8647392,-3.8647392,-3.7967992,-3.236323,-4.53301,-3.8735802,-4.493007,-4.409905,-4.135135,-4.1351366,-4.3843822,-3.898828,-3.9590569,-4.1459956,-4.8985033,-5.4345717,-5.321763,-5.321763,-5.2803416,-5.398401,-5.2931733,-4.2308574,-4.647104,-5.17045,-5.0955133,-5.0955133,-4.9238725,-4.903004,-4.565459,-4.966301,-4.3903184,-3.9967873,-4.006463,-4.0064626,-4.422149,-4.05787,-4.282288,-4.3212285,-4.6815763,-4.8622065,-4.487205,-4.4872055,-4.525192,-3.1476555,-4.5399194,-4.6415563,-4.6968837,-4.749217,-4.838399,-4.838396,-4.898955,-5.20716,-5.2638655,-4.825731
CCCCCCO,-1.24,-2.6528838,-2.2111049,-1.9253668,-1.9253666,-1.9302329,-2.2315571,-1.9149004,-2.2179341,-1.8514217,-1.3092793,-1.9527704,-1.9527702,-1.9380726,-1.8134837,-1.9315758,-1.8162553,-1.121201,-1.6565114,-1.734983,-1.7349831,-1.725163,-1.6095978,-1.2564316,-1.1512918,-1.5763242,-2.365769,-2.4732108,-2.4732127,-2.2508667,-2.1682844,-1.4244773,-1.8405081,-1.2830665,-2.1421828,-1.9410422,-1.9410423,-2.0055983,-2.0277662,-2.0199218,-1.8116086,-1.7381386,-2.6859472,-2.5799317,-2.5799317,-2.387955,-2.5902188,-2.522739,-2.817551,-1.192579,-1.7977473,-0.83548445,-0.8354848,-2.0859497,-0.6267756,-1.9975009,-1.3795636,-1.181483,-1.9501606,-1.7251741,-1.7251742,-1.6355038,-0.95471895,-1.7056787,-2.0287337,-1.2645609,-1.251295,-1.2899412,-1.2899411,-1.3401768,-1.3358436,-1.4445419,-1.8888917
Oc1ccc(Br)cc1,-1.09,-2.0173678,-2.2031264,-2.195001,-2.1950011,-2.2123945,-2.5839217,-2.2125936,-2.256087,-1.4006556,-2.1640298,-1.8528306,-1.8528302,-1.8587842,-1.8121988,-1.8339367,-2.006284,-1.1862664,-1.6341242,-1.7385206,-1.738521,-1.7322767,-1.5681423,-1.5732445,-1.4804419,-1.5989872,-2.2765114,-2.499583,-2.4995856,-2.097011,-2.205842,-1.3426728,-1.7635384,-1.2757384,-1.7222244,-1.7286862,-1.7286861,-1.7296085,-1.7786968,-1.7118391,-2.281307,-1.2413541,-2.9841425,-3.0356195,-3.0356197,-3.1856837,-2.9871712,-3.124524,-2.3087537,-1.3748714,-0.24350823,-0.63808405,-0.6380845,-1.000041,-0.47076592,-0.91928035,-0.8521787,-1.2103361,-1.9499211,-1.9700117,-1.970012,-2.0198011,-1.5720541,-2.0024352,-1.581658,-1.120875,-1.1867455,-1.1363906,-1.1363904,-1.1261202,-1.1305671,-1.3212365,-1.0501771
OCC(O)C(O)C(O)C(O)CO,1.09,-0.44638854,-2.777166,-2.4001243,-2.400124,-2.3983524,-2.6458294,-2.3936055,-2.6979914,0.28462526,-0.7935566,-0.22268797,-0.222688,-0.1844978,-0.3030121,-0.21410093,-1.1151885,0.5805725,-1.1418588,-0.9317487,-0.93174875,-0.93010056,-1.0201515,-0.102587275,0.88579994,0.6779814,-0.4888868,-0.41021836,-0.41021943,0.40871972,-0.16868767,0.8130774,-0.36740732,-0.27200258,-2.4476552,-2.3720841,-2.3720844,-2.3996024,-2.496106,-2.386223,-2.176481,-1.3283147,-2.816274,-2.9017954,-2.9017956,-2.6274354,-2.8991704,-2.5930984,-3.241469,0.41675836,-0.7772998,-0.5124595,-0.5124594,-0.9973744,-0.27688047,-0.9550095,-0.44374773,0.5083424,-0.60533017,-0.47323972,-0.47324,-0.4810798,0.2796903,-0.4713529,-1.3456804,0.5829216,0.08741619,0.07777237,0.07777281,0.06425076,-0.03454735,0.028809873,0.014854103
CCCCCCCl,-3.12,-3.0587535,-2.3180277,-2.080531,-2.080531,-2.0708158,-2.4083915,-2.0449953,-2.5329146,-3.1032472,-1.8442277,-2.8000689,-2.8000693,-2.784797,-2.5614796,-2.7825575,-2.172209,-3.1695144,-1.8499166,-2.1059563,-2.1059566,-2.102173,-1.944456,-3.3550558,-2.9655888,-3.4270186,-3.5112247,-3.4219565,-3.4219584,-3.4408329,-3.1346052,-2.5569155,-2.887634,-3.390691,-2.278193,-2.2201104,-2.2201102,-2.2383127,-2.2561119,-2.241935,-2.2603025,-2.7749264,-2.7403798,-2.6476183,-2.6476185,-2.580804,-2.644695,-2.5013962,-2.883476,-3.2810435,-3.197272,-3.094306,-3.0943065,-3.2664523,-3.3577018,-3.2074735,-3.2178965,-3.3156326,-3.5573225,-3.3540459,-3.3540463,-3.4004016,-2.4426346,-3.404173,-3.7056777,-3.4365182,-3.8451347,-3.8930938,-3.893093,-3.8451333,-4.0178094,-4.1300855,-3.9447765
CC1=CCC(CC1)C(C)=C,-4.26,-3.0107045,-2.454727,-2.0458453,-2.0458453,-2.0562365,-2.3223655,-2.0619285,-2.2571242,-4.431077,-2.7195134,-3.4638143,-3.463815,-3.4107764,-3.4758031,-3.459688,-3.2201936,-4.046033,-2.5764623,-2.7188613,-2.7188613,-2.719957,-2.5689301,-2.9945207,-2.8267322,-3.743447,-2.8007612,-3.0355525,-3.035554,-3.0311697,-2.6351066,-2.158612,-2.734922,-4.6163683,-2.3646588,-2.2219052,-2.221905,-2.27153,-2.2970388,-2.3184183,-1.8217278,-4.337111,-3.3522844,-3.5306432,-3.5306435,-3.6380053,-3.4418254,-3.496679,-4.35131,-4.0403605,-4.98446,-4.4299955,-4.4299955,-5.3521876,-4.2276,-5.347674,-4.040036,-4.1698623,-3.7782183,-3.6781003,-3.6781013,-3.7545698,-2.7252598,-3.7010036,-3.7608545,-4.3098917,-4.3471336,-4.4100986,-4.4100995,-4.375248,-4.3662643,-4.2343025,-4.326324
CC(C)O,0.43,0.14703596,-1.4015201,-0.7203146,-0.7203144,-0.7012383,-0.8620663,-0.6917716,-1.0419676,0.3446333,-0.31084326,-0.059158742,-0.059158973,-0.056493655,-0.22638565,-0.03455631,-0.70090955,0.94292575,-0.9520538,-0.96110463,-0.9611047,-0.9532264,-0.8424041,0.036945358,-0.09961332,0.70218116,-0.9951304,-1.1387129,-1.138715,-0.6028888,-0.8773621,0.09276734,-0.5772358,0.4608783,-1.5130643,-0.76116025,-0.76116043,-0.79069567,-0.78060114,-0.78663313,-0.55610037,-0.008318039,-1.2322631,-0.95183474,-0.9518348,-0.94488525,-0.93361217,-0.93586487,-1.3652439,0.36419523,-0.21146394,0.9248808,0.9248807,-0.23793915,1.242094,-0.19469693,-0.002117766,0.47050315,0.5099519,0.6517293,0.65172946,0.6245467,0.9982399,0.6450104,0.23970701,0.9675314,0.33517766,0.82191575,0.8219155,0.84172535,0.7960122,0.36675486,0.41589427
Fc1ccc(F)cc1,-1.97,-1.7190244,-2.050979,-1.835742,-1.8357418,-1.8453984,-2.0556028,-1.8489726,-1.6554798,-2.3206573,-0.45649055,-1.2489917,-1.2489922,-1.2537707,-1.1072009,-1.2271125,-0.5795918,-2.1187465,-1.3829826,-1.4705894,-1.4705895,-1.4638603,-1.4111656,-1.3599958,-1.1451343,-1.3732374,-1.6831883,-2.1096914,-2.1096935,-1.6193938,-1.8290616,-0.9282936,-1.1708679,-2.2045956,-3.3407593,-1.4387931,-1.4387934,-1.54436,-2.1743486,-1.5327227,-1.8306922,-1.671862,-2.279277,-2.492129,-2.4921286,-2.564979,-2.4561865,-2.4964268,-2.213297,-1.9081059,-1.2713882,-1.2635556,-1.2635558,-1.3954941,-1.167081,-1.2985765,-1.2366602,-1.8715191,-1.8401867,-1.4121178,-1.4121188,-1.4383436,-1.1479824,-1.4028659,-1.6204834,-2.345633,-3.0016062,-2.9392,-2.9392,-2.951809,-3.03721,-3.1308663,-2.7838883
Cc1ccccc1N(=O)=O,-2.33,-2.0063279,-2.3647108,-2.0905063,-2.090506,-2.0880268,-2.238451,-2.095274,-2.129333,-2.5931652,-1.5830096,-1.4261993,-1.4261999,-1.4404653,-1.4503994,-1.3992546,-1.856293,-2.3919356,-1.772847,-1.9828055,-1.9828055,-1.9783269,-1.8820105,-1.9296056,-1.9523697,-1.9419502,-2.6442878,-2.7724516,-2.7724528,-2.4700387,-2.5172057,-1.718926,-2.1838553,-2.31512,-1.7719189,-1.2804655,-1.2804655,-1.2750618,-1.3818173,-1.1736118,-1.1175829,-2.5414443,-2.046202,-2.0520697,-2.0520697,-2.0732176,-2.0745265,-1.986083,-1.734393,-2.65467,-1.7761067,-2.160029,-2.160029,-2.339073,-2.2076645,-2.2388372,-2.4612572,-2.2270684,-2.6623607,-2.0928621,-2.0928626,-2.1605577,-1.5903273,-2.073711,-2.8116999,-2.315783,-2.776552,-3.2326925,-3.2326922,-3.1713843,-3.1123722,-2.8959067,-3.6364508
CC(C)(C)CO,-0.4,0.032486934,-1.4121915,-1.4473423,-1.4473425,-1.4533978,-2.0142596,-1.4181594,-1.2794952,-1.0397513,-0.66077393,-0.9976655,-0.9976656,-0.99445194,-1.0208538,-0.9668912,-1.2560226,-0.22663388,-1.3889136,-1.4739206,-1.4739208,-1.4651346,-1.3539313,-0.68845284,-0.74141455,-0.45293742,-1.6472007,-1.7396222,-1.7396234,-1.3478506,-1.4778891,-0.55795,-1.2219697,-0.33260775,-1.6627074,-1.6806144,-1.6806142,-1.5918131,-1.9080427,-1.4635079,-1.1972574,-0.5137414,-1.3837807,-1.1741407,-1.1741407,-1.1688282,-1.1894035,-1.1422256,-1.7636523,-0.32353553,-0.97482544,0.2030731,0.20307295,-1.1521019,0.46813792,-1.0852201,-0.62433034,-0.4359563,-0.6714265,-0.6797093,-0.6797091,-0.72612107,-0.26956084,-0.6786826,-0.7753041,-0.52954566,-0.15574533,-0.06487906,-0.06487896,-0.05502367,-0.14034027,-0.05658496,0.30890957
CCCOP(=S)(OCCC)SCC(=O)N1CCCCC1C,-4.15,-4.612404,-5.450847,-5.125712,-5.1257124,-5.1178775,-5.4216504,-5.099379,-4.906874,-4.6318007,-4.9211173,-4.896602,-4.8966036,-4.8230534,-5.332426,-4.929655,-4.766446,-4.4462132,-4.6171722,-4.9238205,-4.9238205,-4.7640805,-4.733224,-4.9503818,-4.4291725,-4.2435584,-6.1631103,-5.7591143,-5.759115,-5.593541,-5.135151,-5.025097,-5.3002005,-4.4866376,-5.359186,-5.0726748,-5.0726748,-5.019237,-5.2227163,-5.0127554,-3.7860444,-4.757656,-4.4879265,-4.412973,-4.4129725,-4.409678,-4.347821,-4.654986,-4.3887706,-3.7699685,-4.890576,-4.929205,-4.9292054,-5.1408877,-4.3190246,-5.2760406,-4.9176707,-4.318772,-6.1597977,-5.9447937,-5.9447947,-5.9937186,-4.7040014,-6.0443745,-6.269112,-4.087674,-4.12856,-4.1509423,-4.150941,-4.149965,-4.398233,-4.3091187,-4.2991047
Cc1ccccc1O,-0.62,-0.51385325,-2.0899847,-1.8511404,-1.8511403,-1.8451116,-1.9608865,-1.8508536,-1.5381049,-0.5272554,-1.53731,-0.86974543,-0.86974496,-0.8776621,-1.0937887,-0.83784014,-1.5984539,-0.256493,-1.4640392,-1.6171336,-1.6171337,-1.609364,-1.4916564,-0.87950665,-0.91243654,-0.6619303,-2.069585,-2.2435877,-2.2435896,-1.7991179,-1.9610096,-1.0946059,-1.5582545,-0.65939236,-1.6750065,-1.78252,-1.7825199,-1.7242866,-1.8379103,-1.6787474,-0.93087274,-0.51424843,-2.0136378,-1.9882237,-1.9882237,-2.0060408,-1.992545,-1.9263629,-1.5114248,-0.98131526,-0.6896442,-1.0317868,-1.0317872,-1.5318493,-0.7344842,-1.451814,-1.2159301,-0.5200117,-1.4560273,-1.2966717,-1.2966716,-1.3087543,-0.9064095,-1.2693219,-1.4652746,-0.6936977,-0.598721,-0.6511017,-0.65110165,-0.65410876,-0.60363173,-0.6893255,-0.7573738
CCNc1nc(Cl)nc(NCC)n1 ,-4.55,-4.3439775,-3.4801538,-3.1743472,-3.1743474,-3.1679835,-3.4363315,-3.15028,-3.3117104,-3.802534,-2.7692595,-1.9486977,-1.9486973,-1.901174,-2.3003793,-1.9409041,-2.3369925,-3.7511399,-3.1459846,-3.1079555,-3.1079555,-3.1094487,-3.003524,-2.8900876,-2.471228,-3.3119445,-2.2692018,-2.4890559,-2.489058,-2.1361177,-2.1786056,-1.3888928,-1.9794152,-4.7268653,-3.8085442,-3.8257666,-3.8257663,-3.5640485,-4.0586796,-3.2796714,-2.9491472,-4.2545686,-3.6680114,-3.7710898,-3.7710896,-3.6880145,-3.7793143,-3.6996086,-4.0052867,-4.0774107,-2.5358136,-3.2473779,-3.247378,-2.970146,-2.9793231,-2.910982,-3.2112308,-4.2668357,-3.680585,-3.2624187,-3.2624192,-3.3470047,-2.1725595,-3.3616438,-3.8020318,-4.3690653,-4.3651476,-4.3598075,-4.3598065,-4.389027,-4.5170093,-4.678219,-4.5812507
c3ccc2nc1ccccc1cc2c3,-3.67,-3.6479793,-2.6546354,-2.689345,-2.689345,-2.7027028,-3.095408,-2.716239,-3.612389,-4.1685896,-4.206123,-4.594668,-4.594669,-4.5469313,-4.7076845,-4.6169586,-4.4925914,-3.7934604,-2.9352827,-3.245454,-3.2454536,-3.239542,-2.929853,-4.6160183,-4.468876,-3.9688663,-4.8039308,-4.8055887,-4.805592,-4.614833,-4.3434596,-3.884923,-3.7295117,-3.8130372,-3.7535439,-3.5234904,-3.5234902,-3.7031002,-3.6534922,-3.7261097,-3.4433358,-4.074753,-3.3761468,-3.671639,-3.6716385,-3.7546487,-3.6340287,-3.568665,-4.4074736,-3.5716739,-4.2292595,-2.9626656,-2.962666,-4.3956466,-2.7840855,-4.3187604,-3.2798066,-3.6479344,-5.454521,-5.5805783,-5.5805783,-5.579163,-4.727114,-5.5763893,-5.730032,-3.6838677,-3.6702318,-3.530554,-3.5305543,-3.541031,-3.708895,-3.79834,-3.6726155
Cc1cc(C)c(O)c(C)c1,-2.05,-2.056399,-2.4662373,-2.2342973,-2.2342973,-2.226667,-2.3928888,-2.2311463,-2.4400752,-2.1363761,-1.8219203,-1.5693725,-1.5693712,-1.5666491,-1.7662412,-1.5767121,-1.8211896,-1.987422,-2.205404,-2.4251688,-2.4251685,-2.4180794,-2.2847254,-2.0867367,-2.1145546,-2.0378914,-2.5786788,-2.6823843,-2.6823852,-2.3695714,-2.395964,-1.6323727,-2.2121115,-2.187705,-2.0014668,-1.7944114,-1.7944117,-1.773086,-1.9397936,-1.6461713,-1.4087216,-2.186461,-2.527279,-2.6416159,-2.6416156,-2.6888614,-2.6753714,-2.5778031,-2.799622,-1.9594494,-1.8359352,-1.7885064,-1.7885065,-2.6641393,-1.4009925,-2.5637174,-1.8605037,-2.0443785,-1.9870605,-1.8233851,-1.823385,-1.8593163,-1.1734354,-1.8133019,-2.2775424,-2.0479598,-1.346625,-1.3422159,-1.3422164,-1.327447,-1.3520129,-1.2036581,-1.4633396
COC(=O)c1cc(O)c(O)c(O)c1 ,-1.24,-3.7251956,-2.854836,-2.8322208,-2.8322206,-2.8400981,-3.1809561,-2.8568048,-4.036022,-1.3741132,-1.2493166,-1.1003304,-1.1003302,-1.0630206,-1.0889021,-1.0580603,-1.1281562,-1.3808867,-2.403852,-2.3698635,-2.369864,-2.3729856,-2.268392,-0.66578865,-0.80318624,-1.3963587,-1.4358872,-1.7654748,-1.7654774,-1.0834168,-1.4569154,-0.50981873,-1.1282175,-1.2715218,-2.3715773,-2.6556525,-2.6556525,-2.6636577,-2.695739,-2.679026,-3.0724032,-1.5508848,-2.9171002,-2.6710455,-2.6710455,-2.6321762,-2.7628422,-2.8206556,-2.7739964,-1.3445046,-0.50365317,0.13796918,0.13796835,-1.2024552,0.45971203,-1.0854872,0.1633446,-1.2625887,-1.1829337,-1.3761016,-1.3761017,-1.3985873,-0.6104779,-1.3583739,-1.7692465,-1.2399375,-1.2484235,-1.2386683,-1.2386677,-1.2470081,-1.36611,-1.3133589,-1.2687633
CCC(C)O,0.47,-0.73543394,-1.6252818,-0.90803826,-0.9080383,-0.9022446,-1.0303074,-0.9144472,-1.1249274,-0.12679175,-0.8677707,-0.55056894,-0.5505692,-0.54760385,-0.7314014,-0.535112,-1.1526257,0.42359662,-1.1476512,-1.2051857,-1.2051857,-1.1963334,-1.0857797,-0.3543085,-0.3674521,0.18968304,-1.4059244,-1.5100478,-1.5100498,-1.044122,-1.2619863,-0.29247886,-0.9154909,0.4626816,-1.5753134,-1.2212973,-1.2212974,-1.2317116,-1.2491019,-1.1415921,-0.8276542,0.24146447,-1.719112,-1.570914,-1.570914,-1.5741718,-1.532541,-1.5473589,-0.90491766,0.20375037,-0.64811736,0.44228667,0.44228634,-0.7802224,0.7483627,-0.72773695,-0.3851852,0.44649893,-0.21057478,-0.12065037,-0.12065079,-0.1583655,0.25575006,-0.13169777,-0.4800019,0.21804972,0.20048551,0.11015632,0.11015655,-0.05132941,0.163649,0.14269051,0.09095256
CCC(C)(C)C,-3.55,-3.5430489,-1.6534657,-1.6261472,-1.6261475,-1.6338701,-2.1286566,-1.6029938,-1.3191235,-3.7045684,-1.3230624,-1.9982803,-1.9982799,-1.9836807,-1.942919,-1.9837167,-1.9438068,-3.7714417,-1.6794549,-1.9500732,-1.950073,-1.940163,-1.785329,-2.8961577,-2.8302271,-3.580172,-2.68109,-2.775781,-2.7757835,-2.6718996,-2.4892619,-1.7576935,-2.3265498,-3.5526557,-2.0522017,-2.4812837,-2.4812837,-2.4877439,-2.3233998,-2.453616,-1.636727,-2.9128754,-1.5882477,-1.4094688,-1.4094689,-1.4070112,-1.4141356,-1.3964818,-1.2269511,-3.8077023,-3.5899913,-2.8076823,-2.8076825,-3.2114115,-3.023607,-3.2353017,-2.7547784,-3.6417835,-2.651475,-2.674593,-2.6745944,-2.709567,-1.988365,-2.654632,-2.527762,-2.5536916,-1.9410559,-1.8978602,-1.8978598,-1.9121863,-1.8862367,-1.8900741,-1.8544704
CSc1nnc(c(=O)n1N)C(C)(C)C,-2.253,-2.4702077,-3.1163883,-2.7095885,-2.709588,-2.7135432,-2.9631429,-2.7265658,-2.740732,-2.6099956,-2.3837173,-1.9828343,-1.9828355,-1.9454603,-2.0425024,-1.9864483,-2.4025452,-2.115908,-3.9531267,-3.831147,-3.831147,-3.8050086,-3.8676045,-2.3830247,-2.080098,-2.2481139,-2.7392414,-2.8906105,-2.8906124,-2.747046,-2.7804348,-1.8958869,-2.4315832,-2.3746543,-2.951365,-2.8350995,-2.8350995,-2.8759904,-2.938577,-2.9346077,-2.307929,-1.7452917,-3.117913,-2.2717195,-2.2717195,-2.3531554,-2.2456834,-2.6347947,-1.8661065,-2.413735,-2.5425718,-3.0695138,-3.0695145,-3.0058126,-3.1070821,-2.9318,-3.195904,-2.1834502,-2.2915344,-2.1129563,-2.1129558,-2.1883323,-1.295248,-2.1461225,-2.6997762,-2.187565,-2.256029,-2.2266235,-2.226624,-2.2484336,-2.3077252,-2.3476207,-2.281522
CC1CC2C3CC(F)C4=CC(=O)C=CC4(C)C3(F)C(O)CC2(C)C1(O)C(=O)CO,-5.613,-4.5248423,-5.4514384,-5.058848,-5.058848,-5.0576105,-5.390215,-5.0274177,-5.1551332,-4.8971486,-3.437724,-2.8575625,-2.857563,-2.8285413,-3.0669093,-2.8806276,-3.2828546,-5.16336,-2.3646777,-2.8743913,-2.874391,-2.8916569,-2.4709442,-3.826218,-3.1259513,-4.667053,-4.0067687,-3.77484,-3.774842,-3.5101678,-3.607432,-2.8671827,-3.7657847,-4.4275846,-4.8650155,-4.835485,-4.835485,-4.8354316,-4.9255624,-4.9575887,-4.1979923,-4.45201,-4.2798324,-4.2992516,-4.2992516,-3.9948845,-4.207484,-3.9170089,-4.6481376,-4.2966437,-3.253217,-3.6280913,-3.628091,-3.6801429,-3.6284626,-3.581675,-3.9185889,-5.2045207,-3.9256167,-3.6377382,-3.6377392,-3.6701424,-2.4642253,-3.584994,-3.8640738,-5.367311,-3.9218168,-3.8839047,-3.8839035,-3.9978375,-4.098219,-4.979232,-3.8675916
CN(C)C(=O)NC1CC2CC1C3CCCC23,-3.1710000000000003,-2.8200161,-3.425522,-3.0882301,-3.08823,-3.0863457,-3.409506,-3.0598826,-3.1427362,-3.243166,-3.1707907,-3.4292629,-3.4292645,-3.338991,-3.6420946,-3.4126751,-3.0524704,-2.9408062,-3.9470806,-3.9095294,-3.9095294,-3.9067097,-3.8098392,-3.3297918,-2.982505,-3.0351427,-4.255736,-4.294304,-4.2943063,-4.1690264,-3.8266711,-3.4685805,-3.7999516,-3.1136255,-3.2732291,-3.1965723,-3.196572,-3.221331,-3.321272,-3.2318203,-2.8609571,-3.1972826,-3.4863317,-2.9398525,-2.9398527,-2.939327,-2.9797237,-3.184272,-3.198066,-3.1586359,-3.762018,-3.5019352,-3.5019348,-4.2366114,-3.264579,-4.153653,-3.8105986,-3.1883373,-4.5900702,-4.635095,-4.6350956,-4.6805058,-3.473774,-4.68563,-4.936685,-3.1850188,-2.851687,-2.836806,-2.836806,-2.6877506,-2.6634302,-2.455478,-2.2061496
COP(=S)(OC)SCC(=O)N(C)C=O,-1.995,-2.6179957,-3.505397,-3.2986515,-3.2986515,-3.2840059,-3.5881426,-3.14288,-3.5462716,-2.0041788,-2.1321988,-2.0265045,-2.0265048,-1.9166399,-1.7563224,-1.9248106,-2.2031958,-2.146986,-3.2788055,-2.7871935,-2.7871935,-2.801642,-2.9776084,-1.7726463,-1.2829275,-1.4708514,-1.4721197,-1.8236817,-1.8236835,-1.2468809,-1.6648517,-0.585524,-1.588209,-2.4207187,-3.2387795,-3.0223074,-3.0223072,-3.0243459,-3.2172887,-2.9599373,-2.8697038,-2.6479154,-3.2608755,-3.575077,-3.575077,-3.4672835,-3.5755355,-3.5279622,-4.2061415,-2.5331995,-2.426105,-2.3136091,-2.3136094,-2.7565234,-2.286409,-2.845343,-2.3346539,-1.8914636,-1.9436193,-2.191103,-2.1911027,-1.663854,-1.0819619,-1.8537734,-2.5643485,-1.9698604,-3.0187898,-2.2058265,-2.2058263,-2.4669228,-2.3792562,-2.5879114,-2.3608925
Clc1cccc(Cl)c1c2ccccc2 ,-5.21,-4.681337,-3.2858539,-2.888123,-2.8881228,-2.8767555,-3.1096475,-2.876323,-3.0718405,-5.2733817,-4.779821,-5.1905556,-5.1905575,-5.1353474,-5.0984874,-5.1919374,-5.5060654,-5.3098116,-4.264142,-4.45726,-4.45726,-4.4584384,-4.3052216,-5.8426743,-5.1635756,-5.135474,-4.778754,-4.7136335,-4.713635,-4.461192,-4.3805285,-3.7478704,-4.3039017,-5.2867765,-3.8511167,-5.1704435,-5.170444,-5.228738,-4.881524,-5.4423633,-5.7154045,-5.4745145,-3.1701827,-3.4238071,-3.4238071,-3.5013232,-3.391288,-3.3128777,-3.9944391,-5.4717546,-5.8013024,-5.198797,-5.1987977,-6.308675,-5.013534,-6.2924347,-5.1162977,-4.948058,-5.3534703,-5.1513076,-5.1513066,-5.1980567,-4.112404,-5.1946816,-5.765481,-5.2828774,-5.7671537,-5.737659,-5.7376585,-5.766171,-5.887812,-5.8047442,-5.3559136
Clc1ccc(CN(C2CCCC2)C(=O)Nc3ccccc3)cc1,-5.915,-5.700371,-5.7341895,-5.1996675,-5.1996675,-5.169287,-5.588612,-4.912878,-4.462985,-5.278532,-4.238078,-4.4136324,-4.413633,-4.3461566,-5.024484,-4.516921,-4.8619447,-5.898982,-4.693819,-4.9690027,-4.969003,-4.9370337,-4.9157705,-5.3623214,-4.670992,-5.5431643,-6.3413653,-5.960038,-5.960039,-6.081829,-5.3973827,-5.4592085,-5.647582,-5.946164,-5.0687284,-5.164899,-5.164899,-5.127996,-5.2440267,-5.1663795,-4.5386143,-5.1440477,-4.5608068,-5.0383234,-5.0383234,-5.104418,-4.8926797,-4.9767666,-4.749892,-5.5398016,-4.1887193,-4.1601553,-4.1601553,-4.5367594,-4.6936116,-4.5926876,-4.1107697,-5.321004,-5.519927,-5.3761187,-5.376119,-5.46798,-3.927671,-5.364261,-5.3963704,-5.771727,-5.905816,-5.925397,-5.925395,-5.946317,-6.075508,-5.974854,-5.9385657
CC34CCC1C(CC=C2CC(O)CCC12C)C3CCC4=O,-4.12,-4.243148,-3.9970775,-3.6523075,-3.652308,-3.6602955,-4.01335,-3.648344,-3.9497108,-4.0017447,-3.8988924,-4.2219453,-4.221946,-4.1429257,-4.5472054,-4.260253,-4.2049093,-4.0637965,-3.5212047,-3.9314253,-3.931425,-3.8922808,-3.6833913,-4.103741,-3.7884686,-4.208033,-5.1722417,-4.9347095,-4.9347115,-5.0194097,-4.309958,-4.5536475,-4.415167,-4.3022566,-3.8418727,-3.7164607,-3.7164607,-3.7400346,-3.8436444,-3.8146327,-3.0960298,-4.0681453,-3.531183,-3.4746227,-3.4746222,-3.432546,-3.4583657,-3.4811063,-3.9405634,-4.1668787,-3.6087708,-3.8325613,-3.8325615,-4.0240726,-3.6667984,-3.9360452,-3.9047122,-4.191001,-5.2366767,-5.219859,-5.21986,-5.2419653,-3.7075686,-5.3181973,-5.238553,-4.069274,-4.3584585,-4.2901845,-4.290184,-4.317605,-4.423803,-4.447984,-4.385851
Cc1c(cc(cc1N(=O)=O)N(=O)=O)N(=O)=O,-3.22,-3.177413,-3.5752027,-3.5747418,-3.5747418,-3.574794,-3.9333475,-3.5749767,-5.229924,-3.159246,-1.9959327,-3.3448572,-3.3448575,-3.3413122,-3.4706788,-3.3277495,-3.601313,-3.249347,-3.662182,-3.506906,-3.506906,-3.5285392,-3.6394885,-3.132979,-2.7151642,-2.9770985,-3.4643683,-3.6470034,-3.6470056,-3.3108494,-3.2492323,-2.551683,-3.129041,-3.3743396,-2.6681113,-2.8380497,-2.8380501,-2.8147955,-3.1557708,-2.7273216,-2.9551492,-2.9768534,-2.7192807,-2.4200597,-2.4200592,-2.3127658,-2.454107,-2.520969,-2.261609,-3.8563142,-2.6450999,-3.4997826,-3.4997826,-3.2598388,-3.468322,-3.102983,-3.6554575,-3.1996217,-4.5678835,-3.8909593,-3.8909588,-3.9223409,-3.3200173,-3.9522185,-3.3700402,-3.1209617,-3.1580033,-3.2510378,-3.2510376,-3.247496,-3.2768698,-3.065153,-3.274133
Clc1ccc(Cl)c(c1)c2c(Cl)c(Cl)cc(Cl)c2Cl ,-7.42,-7.955466,-4.8452406,-4.9821544,-4.9821544,-4.983045,-5.2755275,-4.98762,-7.6049876,-7.637628,-7.8330827,-8.182452,-8.182456,-8.103628,-7.7081156,-8.236807,-8.233785,-7.5880346,-6.7591567,-7.095419,-7.0954185,-7.1096377,-7.0223055,-7.721119,-7.755636,-7.858969,-7.653197,-7.8367662,-7.8367662,-7.6933074,-7.3493485,-7.111966,-7.420505,-7.5652823,-4.220684,-4.4492497,-4.4492493,-4.478655,-4.584588,-5.132073,-5.8124804,-7.2441893,-3.204282,-3.4201403,-3.4201407,-3.5008643,-3.4349625,-3.3720064,-4.2017603,-7.5496316,-5.781208,-7.195147,-7.195147,-6.35773,-7.3163047,-6.4238534,-7.834118,-7.43897,-8.671247,-8.298577,-8.298578,-8.300374,-7.220862,-8.359195,-8.565581,-7.2609344,-8.962292,-9.541434,-9.541436,-9.4333,-8.947061,-9.102292,-8.359592
Clc1ccc(c(Cl)c1)c2c(Cl)ccc(Cl)c2Cl ,-7.43,-7.226265,-4.279323,-4.0965457,-4.0965457,-4.095679,-4.389466,-4.1070213,-5.328643,-7.481822,-7.0015416,-6.8669877,-6.866989,-6.8004327,-6.6847067,-6.8974876,-7.3536854,-7.4148703,-6.914007,-7.479086,-7.4790854,-7.484855,-7.5645113,-7.437023,-6.8306713,-7.1462235,-6.7291884,-6.8399715,-6.839972,-6.7198777,-6.400191,-6.0596347,-6.817451,-7.6840844,-3.492374,-3.5282564,-3.528257,-3.5615835,-3.6534598,-3.6795328,-3.8327043,-8.0282955,-3.4088528,-3.7100437,-3.7100437,-3.8106577,-3.6720726,-3.6215227,-4.522089,-7.401806,-5.492934,-7.0304127,-7.030412,-6.200934,-7.18848,-6.154136,-7.2901635,-7.610549,-7.887571,-7.6150928,-7.6150923,-7.6557612,-6.4394693,-7.6560874,-8.054547,-7.3648744,-7.4127455,-7.117687,-7.1176863,-7.1094766,-7.2905793,-7.389034,-7.3164477
CCCCC(=O)OCC,-2.25,-2.176519,-2.6660771,-2.3582294,-2.3582296,-2.3617055,-2.637801,-2.3540082,-2.2888722,-2.1355517,-1.9157581,-1.5053099,-1.5053097,-1.4925802,-1.7237197,-1.5079825,-1.8423189,-1.6456476,-2.2268894,-2.3336961,-2.333696,-2.3232658,-2.2104094,-2.3064566,-2.187663,-1.8416226,-2.200052,-2.3595512,-2.3595533,-2.0992382,-2.130968,-1.2430794,-1.7165468,-2.2353158,-2.6032352,-2.5116646,-2.5116646,-2.5803797,-2.6730468,-2.6134257,-2.079174,-2.0947528,-3.126365,-3.0671656,-3.0671654,-2.9589345,-3.0692384,-3.1567366,-3.3345828,-1.7596433,-2.1705196,-2.012912,-2.0129123,-2.7964199,-1.6314812,-2.7371802,-2.1687021,-2.0187998,-2.4988186,-2.158256,-2.158256,-2.2337923,-1.4318634,-2.1818762,-2.7310731,-2.3364835,-2.195353,-2.2898085,-2.2898083,-2.3043976,-2.2737067,-2.2802474,-2.4393313
CC(=O)Nc1ccc(Br)cc1,-3.083,-3.063192,-2.9423604,-3.012048,-3.0120482,-3.0284517,-3.487232,-3.043022,-3.2621174,-3.167473,-3.5600932,-2.5039353,-2.5039346,-2.4653454,-2.7644417,-2.5351412,-2.688843,-3.1930053,-2.6778643,-2.8280947,-2.8280945,-2.834457,-2.6717322,-3.9365227,-3.9958014,-2.7258432,-2.9020672,-2.9558318,-2.9558325,-2.718716,-2.8108685,-1.9167843,-2.525439,-3.0804365,-2.3913841,-2.2976203,-2.2976208,-2.3653045,-2.348305,-2.4162772,-2.691115,-3.4149146,-3.2449243,-3.548922,-3.548922,-3.6434627,-3.5116231,-3.4387605,-4.2155976,-2.845593,-2.2261455,-1.5796593,-1.5796593,-2.4535193,-1.3951931,-2.3671117,-1.8246729,-3.130511,-3.7903137,-3.2312436,-3.2312446,-3.2705684,-2.5495043,-3.2997918,-3.8906116,-3.0580254,-2.9359064,-3.0836012,-3.0835993,-3.091226,-3.1066685,-3.0125194,-3.155993
CCOCC,-0.09,-0.5084364,-1.6969606,-1.2789618,-1.2789619,-1.2917442,-1.5128958,-1.2979575,-1.2213829,-0.7930237,-1.0031879,-0.38090473,-0.3809047,-0.38106316,-0.55068964,-0.37823758,-1.0603292,-0.123295724,-1.1373694,-1.1539702,-1.1539702,-1.1450279,-1.0513415,-0.41438565,-0.45403108,-0.4556961,-0.9827688,-1.2173959,-1.2173988,-0.6929481,-0.9610817,-0.000107752625,-0.6247506,-0.8924386,-2.4799042,-1.8560047,-1.8560047,-1.7251892,-1.9219851,-1.6329547,-1.4639179,-0.05496317,-1.9789065,-1.8329931,-1.8329931,-1.8284198,-1.7780178,-1.8101637,-0.9758006,-0.29612082,-0.3991361,-0.23592879,-0.23592904,-0.3904522,-0.25302932,-0.38014665,-0.48468244,-0.41320562,-1.142861,-1.0361469,-1.0361471,-1.0484148,-0.5626388,-1.0414858,-1.3017942,-0.26461357,-0.4752314,-0.45377958,-0.4537794,-0.4669078,-0.40654132,-0.3853876,-0.51342005
CCOP(=S)(OCC)Oc1nc(Cl)c(Cl)cc1Cl ,-5.67,-5.585318,-4.8931127,-4.6779838,-4.6779838,-4.6756854,-4.976624,-4.665757,-5.3801856,-5.449506,-4.010966,-4.8593235,-4.8593245,-4.792453,-4.991022,-4.8185706,-4.771921,-5.7074995,-5.9254704,-5.769881,-5.7698812,-5.786816,-5.846046,-5.6458745,-5.3298783,-4.990406,-6.4363594,-6.3904257,-6.3904276,-6.214311,-5.937024,-5.659047,-5.441355,-5.8392515,-4.380636,-4.3629017,-4.3629017,-4.3354926,-4.5066195,-4.3880944,-4.345797,-4.4936876,-3.7478697,-4.2554626,-4.255462,-4.265096,-4.2228017,-4.0372596,-4.726299,-5.4479456,-2.9779518,-2.9096289,-2.9096289,-3.3607388,-2.951245,-3.3170977,-3.250709,-5.386312,-5.3622203,-5.5066075,-5.5066075,-5.62308,-3.9893456,-5.6601663,-5.698121,-5.4738264,-5.659403,-5.6050005,-5.6049967,-5.6553597,-5.877104,-5.919434,-5.546745
O=N(=O)c1ccc(cc1)N(=O)=O,-3.39,-3.498834,-2.5972228,-2.6757727,-2.675773,-2.691655,-3.1187863,-2.7027488,-3.4372609,-3.4300003,-0.81932425,-3.0012014,-3.001202,-2.9930396,-2.9092622,-2.9957051,-2.011094,-3.5150764,-2.284769,-2.5248144,-2.5248141,-2.5320125,-2.3767095,-3.2648463,-3.5391273,-2.7800608,-2.7056615,-2.7784336,-2.778435,-2.4736469,-2.5319862,-1.7091024,-2.380779,-3.2710948,-3.6823907,-2.707621,-2.7076213,-2.84328,-3.0930474,-2.803757,-3.3443413,-3.632243,-2.9922514,-3.335018,-3.3350182,-3.447059,-3.2815113,-3.315654,-4.1978855,-3.4926746,-2.1012337,-3.0711298,-3.07113,-2.7799802,-3.2352118,-2.6057842,-3.051977,-3.3104901,-2.6915128,-2.128366,-2.1283662,-2.1589723,-1.7826275,-2.1658468,-2.8994281,-3.35643,-3.2637687,-3.4115093,-3.411508,-3.3996575,-3.4050934,-3.0460904,-3.4714646
Cc1ncnc2nccnc12,-0.466,-2.1268833,-2.340105,-2.1607776,-2.1607778,-2.158059,-2.337179,-2.1658452,-2.2581768,-1.3210987,-2.2456083,-1.589439,-1.5894393,-1.5837927,-1.7755319,-1.5692037,-2.1561499,-0.50094044,-1.5419792,-1.6762669,-1.6762669,-1.6705022,-1.5566643,-1.4577961,-1.5284281,-0.87077415,-1.6485351,-2.144613,-2.1446157,-1.6319581,-1.8050172,-0.9667097,-1.1811937,-0.82880974,-1.9167094,-2.3136532,-2.3136523,-2.2658458,-2.3580883,-2.2211616,-2.0087514,-0.50178206,-2.31557,-2.4125311,-2.412531,-2.4400976,-2.4400861,-2.3265686,-2.373898,-0.12995228,-1.8921744,-1.5432401,-1.5432403,-2.076416,-1.3355063,-2.0082905,-1.6412842,-0.870875,-2.046015,-1.9175938,-1.9175937,-1.9430032,-1.2750647,-1.930233,-2.0923302,-0.44620985,-0.32513964,-0.008989058,-0.008989246,-0.10053491,-0.004955912,-0.12978826,-0.5459733
c2ccc1nc(ccc1c2)c4ccc3ccccc3n4 ,-5.4,-4.857039,-3.7358663,-4.0220475,-4.0220475,-4.0440354,-4.6831703,-4.0706205,-5.814922,-4.892576,-5.688478,-5.4995313,-5.4995337,-5.4763713,-6.07873,-5.500479,-5.3549647,-5.2756886,-4.7981706,-5.2672276,-5.267228,-5.2727604,-4.8496466,-6.439221,-5.640074,-5.3636923,-6.409325,-6.184467,-6.1844683,-6.17169,-5.8770614,-5.492595,-5.553778,-5.7346544,-5.5201774,-5.777955,-5.777955,-6.0003753,-5.7644334,-5.879805,-6.4448376,-5.5510015,-4.9902167,-5.1982603,-5.1982603,-5.3470044,-5.0167575,-5.091097,-4.8802986,-5.3671575,-5.993359,-5.2525463,-5.2525463,-6.692525,-4.872686,-7.03023,-5.2007933,-5.631095,-6.683229,-6.8870745,-6.887075,-6.864222,-5.84399,-6.8338428,-7.224969,-5.234704,-5.3131733,-5.4067554,-5.406755,-5.417864,-5.569623,-5.4449406,-5.3850007
Clc1c(Cl)c(Cl)c(N(=O)=O)c(Cl)c1Cl,-5.82,-6.0847483,-3.7722197,-3.8263958,-3.8263955,-3.831219,-4.2697473,-3.8344069,-6.209862,-5.8856306,-2.8883512,-5.0293255,-5.0293264,-5.0200834,-5.1166363,-4.8397727,-5.530264,-5.8651495,-4.732792,-4.597597,-4.5975976,-4.6011176,-4.850178,-4.7467914,-4.0957627,-5.491626,-6.4296093,-7.0254593,-7.0254602,-7.0226545,-6.4364104,-6.2865267,-6.50937,-5.819856,-2.4744802,-2.4524312,-2.452431,-2.4434905,-2.6096127,-2.334051,-2.9536424,-5.9942236,-2.5544155,-2.7171156,-2.7171159,-2.7802212,-2.746834,-2.6449792,-2.7747228,-5.616783,-1.1551052,-1.6448426,-1.6448433,-1.6490537,-1.8714858,-1.5492598,-1.8981452,-5.8340697,-5.4464602,-5.428169,-5.4281683,-5.479337,-4.4773364,-5.3906746,-5.0698104,-5.747912,-3.666757,-4.101691,-4.1016917,-4.088311,-4.339811,-3.712617,-3.6456053
CCCCOC,-0.99,-1.4836237,-1.9391814,-1.6100472,-1.6100473,-1.6105846,-1.8839283,-1.5881139,-1.7022098,-1.2864966,-0.94907844,-1.3328973,-1.3328973,-1.3252327,-1.2693244,-1.2899932,-1.5243988,-0.9228657,-1.3461113,-1.3906977,-1.3906977,-1.3830948,-1.2672039,-0.8515561,-0.81136656,-1.5783783,-1.3946168,-1.6017029,-1.601705,-1.1788903,-1.3784432,-0.3944177,-1.0202854,-1.8640829,-1.9623939,-1.8536406,-1.8536406,-1.8173159,-1.8662775,-1.7337687,-1.5501543,-0.86967456,-2.3515592,-1.8097563,-1.8097565,-1.8075298,-1.8795805,-1.9729601,-1.891987,-0.99729097,-1.1557583,-0.6775028,-0.677503,-1.2088234,-0.6635789,-1.2045876,-0.9537177,-1.2458483,-2.0777204,-2.0213926,-2.0213923,-1.9828075,-1.275497,-2.0364718,-2.1831248,-0.97727233,-0.7194534,-0.805706,-0.8057057,-0.8004135,-0.7559917,-0.73185426,-0.80230635
Oc1ccncc1,1.02,0.4829011,-1.9350926,-1.6369704,-1.6369703,-1.6380979,-1.7389958,-1.6423289,-1.101795,0.6504023,-0.7743124,0.04894641,0.048945796,0.038137898,-0.21595216,0.07693343,-0.7354119,0.9271987,-1.0659274,-1.102465,-1.1024648,-1.0951157,-0.9967658,-0.0708321,-0.24186939,0.77168673,-1.2043322,-1.5560876,-1.5560887,-0.9690781,-1.2302833,-0.3303182,-0.8406109,0.91193515,-1.442983,-1.1822088,-1.1822087,-1.1282557,-1.3415282,-1.0813489,-0.4000203,0.86999655,-1.9119252,-1.9334272,-1.9334272,-1.961258,-1.9064143,-1.8980689,-1.4792526,0.5188658,0.025007717,-0.21784301,-0.21784258,-0.52117795,-0.04119355,-0.45719007,-0.49596664,0.90335304,-0.04403818,-0.0851034,-0.085103445,-0.105028816,0.18561834,-0.09413856,-0.37664822,1.0889342,1.0856369,1.0220215,1.022022,1.0232297,1.1053934,1.231665,0.8463241
c1ccc(cc1)c2ccccc2,-4.345,-3.815073,-2.752588,-2.5149949,-2.5149946,-2.5244868,-2.8021576,-2.5417495,-2.4068472,-4.16375,-3.6978765,-4.2512126,-4.2512136,-4.196631,-4.287155,-4.2705736,-4.0203094,-4.3590403,-2.8706148,-3.1252487,-3.1252484,-3.123856,-2.9145942,-4.2591753,-3.8690553,-4.2346864,-3.7993493,-3.7991865,-3.799188,-3.5173547,-3.5367239,-2.8124688,-3.4574935,-4.4210978,-4.6718073,-4.245802,-4.245801,-4.584794,-4.2976923,-4.767626,-4.6200256,-4.644862,-3.2551267,-3.5358784,-3.5358784,-3.6242144,-3.4825242,-3.4069512,-4.1138086,-4.555858,-5.7010837,-4.960766,-4.960766,-6.2394624,-5.153463,-6.2039714,-4.540582,-4.1864266,-4.4826064,-4.3572235,-4.357224,-4.389592,-3.352767,-4.3929768,-4.2658706,-4.582711,-4.310122,-4.4811406,-4.4811416,-4.4781227,-4.422306,-4.2475243,-4.375193
Cc1cccc(C)c1O,-1.29,-1.6458238,-2.2454262,-2.0342453,-2.0342453,-2.0261762,-2.1687918,-2.0308776,-1.9517224,-1.6138788,-1.7694812,-1.1981457,-1.1981449,-1.2018021,-1.4132646,-1.1809707,-1.7763498,-1.117883,-1.7488054,-1.9333284,-1.933328,-1.9251693,-1.7968813,-1.2271844,-1.2596049,-1.4158657,-2.588363,-2.7059443,-2.7059464,-2.3621798,-2.3735733,-1.6234837,-2.1585743,-1.4965366,-1.8483487,-2.254386,-2.2543862,-2.195725,-2.2935452,-2.144767,-1.429729,-0.97581875,-2.1849167,-2.2286677,-2.228668,-2.2444112,-2.207369,-2.14307,-1.8827932,-1.6990378,-1.2464708,-1.4229089,-1.4229085,-2.097806,-1.0407181,-2.0138144,-1.5567737,-1.2920672,-1.911203,-1.69481,-1.6948102,-1.7207707,-1.172694,-1.6772509,-2.2277045,-1.349631,-1.127104,-1.2041546,-1.2041548,-1.1983706,-1.1893512,-1.1502801,-1.1570643
O=c2[nH]c1CCCc1c(=O)n2C3CCCCC3,-4.593999999999999,-3.6241803,-3.3917344,-3.0687802,-3.0687804,-3.0740578,-3.3569405,-3.0907192,-3.212802,-3.7231007,-3.0906222,-2.7090547,-2.7090554,-2.6663573,-3.0150084,-2.739617,-2.7761245,-4.302148,-3.951795,-3.7895086,-3.7895083,-3.7639184,-3.853906,-3.4348822,-2.970652,-4.0070333,-4.2015266,-4.1664586,-4.1664605,-4.4515266,-3.910368,-3.6680603,-4.4861693,-4.6202874,-3.3906913,-3.6900997,-3.6901002,-3.6230612,-3.7717907,-3.6823967,-2.9408271,-4.8942714,-3.3461483,-3.015411,-3.015411,-3.0541937,-3.083535,-3.1932714,-2.9374938,-4.0754514,-3.6180809,-3.612848,-3.6128483,-4.0311317,-3.7490413,-3.9831917,-4.0784783,-3.8617806,-4.2720203,-4.1129737,-4.112973,-4.170889,-3.109868,-4.161057,-4.719651,-4.547562,-4.540104,-4.5748363,-4.574836,-4.5901437,-4.651128,-4.63057,-4.6778483
Oc1cccc2ccccc12,-2.22,-2.6168332,-2.382093,-2.308542,-2.308542,-2.3090336,-2.5315378,-2.3178005,-2.3778229,-2.5448174,-2.6554685,-2.4138694,-2.4138694,-2.4062617,-2.5243504,-2.3924215,-2.8198056,-2.3429306,-1.8930336,-2.1471043,-2.1471043,-2.1423037,-1.9664901,-1.7455488,-1.6468564,-2.738337,-3.7309601,-3.8452747,-3.8452759,-3.5342834,-3.4080415,-2.781345,-2.9778323,-2.443867,-1.8738097,-2.2214751,-2.2214751,-2.1658583,-2.2736013,-2.1077702,-2.1487505,-2.0150018,-2.3269103,-2.4240937,-2.4240937,-2.449693,-2.4198613,-2.333273,-2.2311108,-2.3934627,-1.3095027,-1.6317664,-1.6317663,-2.223313,-1.3360338,-2.1252732,-1.7362015,-2.5287845,-2.5561051,-2.592047,-2.592048,-2.6251621,-2.2011514,-2.602599,-2.5559356,-2.2189665,-2.6627226,-2.716067,-2.716068,-2.7152157,-2.73749,-2.556681,-3.5834596
CCCC(C)CO,-1.11,-2.0927715,-2.1083708,-1.5495378,-1.5495379,-1.5423158,-1.7325983,-1.5154506,-1.7706621,-1.3810989,-1.2459853,-1.5228435,-1.5228437,-1.5130028,-1.4556301,-1.51089,-1.6656705,-0.9048127,-1.5957085,-1.6788192,-1.6788191,-1.670336,-1.5773594,-1.021461,-1.0330347,-1.573154,-2.122891,-2.2617896,-2.261792,-1.9553944,-1.9738448,-1.1206771,-1.7024974,-0.9810581,-1.9234892,-1.6843016,-1.6843016,-1.7081711,-1.755502,-1.6782494,-1.3000808,-0.9987649,-2.2517295,-2.3470964,-2.3470962,-2.1684294,-2.326182,-2.2132983,-2.0243478,-1.0346982,-1.5346291,-0.54316,-0.54316014,-1.7735883,-0.3013531,-1.7065271,-1.1666179,-0.89935386,-1.1808654,-1.0593466,-1.0593464,-1.0811666,-0.41653797,-1.056838,-1.5073153,-1.169084,-1.3356344,-1.4512291,-1.451229,-1.457987,-1.3480268,-1.4195116,-1.6512573
CC(C)Cc1ccccc1,-4.12,-2.938867,-2.5023036,-2.071346,-2.071346,-2.0770483,-2.3067825,-2.0808392,-2.1029806,-4.0672393,-2.2324185,-3.323914,-3.3239136,-3.2928236,-3.068501,-3.3054707,-2.7928762,-4.23612,-2.649205,-2.865214,-2.8652146,-2.8604062,-2.6696415,-3.7703876,-3.4353778,-3.7607899,-3.390535,-3.3024557,-3.302457,-3.134206,-2.9784398,-2.3280525,-2.8374138,-4.5384645,-2.37106,-2.2231467,-2.2231467,-2.2802956,-2.3002112,-2.9370608,-2.0428374,-3.4856586,-2.6843333,-2.2939606,-2.2939606,-2.3116727,-2.3336904,-2.476623,-2.7348087,-4.1175823,-3.9920943,-3.8950057,-3.8950057,-4.302268,-3.9909585,-4.2263494,-3.7876399,-3.9680107,-3.9503622,-4.017759,-4.017761,-4.0763216,-2.7603614,-4.0298305,-3.674603,-4.082774,-3.3920074,-3.4732518,-3.4732528,-3.4950209,-3.3288696,-3.2017615,-3.3328552
Oc1cccc(O)c1,0.81,-0.5469868,-2.1122327,-1.9049845,-1.9049845,-1.9061844,-2.0588932,-1.9123404,-1.589378,-0.6560667,-0.8065374,-0.095060915,-0.09506155,-0.1070144,-0.35627696,-0.08175607,-0.89671767,0.6751116,-1.2644736,-1.3692192,-1.3692191,-1.361563,-1.2216493,0.010539746,-0.22285657,-0.009200601,-1.5164217,-1.8879687,-1.8879703,-1.3257395,-1.5233147,-0.6688564,-1.0494787,0.6661776,-2.063651,-1.7861655,-1.7861655,-1.6251593,-2.1478007,-1.451897,-1.2292167,0.19651599,-2.342022,-2.6208587,-2.620859,-2.547826,-2.5910013,-2.2298493,-2.501613,0.30408898,0.20184813,0.26597756,0.26597866,-0.28342953,0.18241146,-0.21614066,-0.09039442,0.65137947,-0.2996507,-0.3590902,-0.35909033,-0.38052985,-0.13624913,-0.3653057,-0.6464918,0.809023,0.82793903,0.80358285,0.80358326,0.80318433,0.85629225,0.75137097,0.53031063
CCC(C)C1(CC(Br)=C)C(=O)NC(=O)NC1=O ,-2.647,-3.5315228,-3.7350879,-3.5220459,-3.5220459,-3.514581,-3.8887043,-3.4677193,-4.3933463,-2.4497552,-2.8026743,-2.5934687,-2.593469,-2.555136,-2.5592813,-2.5714843,-3.2038383,-2.76449,-4.7650275,-4.259184,-4.2591844,-4.2962656,-4.507345,-3.2497318,-2.7230892,-2.7089896,-3.378527,-3.2002232,-3.200225,-2.9022193,-2.8914425,-2.1613226,-3.1140919,-2.817932,-3.3208952,-3.337345,-3.3373451,-3.2820284,-3.437576,-3.1214693,-2.706812,-2.187425,-2.7298276,-3.0542822,-3.0542822,-3.0529795,-3.0608459,-2.8863893,-3.5181365,-2.2149634,-1.8741493,-2.4403806,-2.4403803,-2.426609,-2.629567,-2.3285747,-2.7600827,-2.5713422,-3.170222,-2.9811156,-2.9811158,-3.0332298,-2.0069222,-3.0022883,-3.9257088,-2.6261742,-2.6314282,-2.6202476,-2.6202462,-2.659525,-2.7620997,-2.7545445,-2.7569623
CCC#N,0.28,-0.17274532,-1.1046532,-0.5142049,-0.5142051,-0.5185263,-0.6611993,-0.53513265,-0.9452569,0.3185569,-0.14821693,0.10159829,0.101597965,0.097680226,-0.040308468,0.122017086,-0.5226264,0.08259291,-0.9901015,-1.003987,-1.0039872,-0.99672496,-0.9400716,-0.73149145,-0.8598987,-0.9675333,-1.051253,-1.2908744,-1.2908766,-0.8039497,-0.994003,-0.075776145,-0.7027816,0.30768985,-1.4985987,-1.1718289,-1.1718284,-1.1918235,-1.3059615,-1.2173892,-0.44705114,0.38001385,-1.4163352,-0.46805176,-0.46805182,-0.47655645,-0.6443426,-0.67308664,-0.57129675,0.026039576,-0.8522788,0.47959462,0.4795944,-0.6417372,0.25756413,-0.5453242,-0.3973045,0.25792736,0.42770395,0.2770485,0.2770485,0.25466582,0.5377701,0.2767725,0.21024112,0.36428303,0.15225863,0.25902593,0.25902602,0.25875682,0.17370187,0.15672345,0.2213423
CCCCCCBr,-3.81,-3.5448883,-2.364745,-2.13366,-2.1336598,-2.1225321,-2.494546,-2.0931673,-2.5834398,-3.6938243,-2.2571409,-3.3919463,-3.3919468,-3.377558,-3.1025765,-3.3694458,-2.5123959,-3.5142822,-2.3517134,-2.5633957,-2.563396,-2.5724168,-2.3156955,-4.5110946,-4.2618484,-3.6267757,-3.3330898,-3.2532651,-3.2532668,-3.3076732,-3.0055285,-2.3392963,-2.824131,-3.9177864,-2.3833513,-2.3774676,-2.3774676,-2.374584,-2.325581,-2.3356993,-2.7128584,-3.400671,-2.83166,-2.76468,-2.76468,-2.6557822,-2.7618463,-2.5171838,-3.0912533,-3.844996,-3.391942,-3.7169447,-3.7169452,-3.5198612,-4.0382934,-3.455307,-3.754338,-3.767512,-3.8904352,-3.7539172,-3.7539177,-3.8468235,-2.810532,-3.8477757,-4.334799,-3.5267417,-3.8945374,-3.9393985,-3.9393983,-3.8499067,-3.899536,-4.1413813,-3.9474947
CON(C)C(=O)Nc1ccc(Br)c(Cl)c1,-3.924,-3.9495835,-4.011469,-3.892729,-3.8927283,-3.8993967,-4.349383,-3.894226,-4.3097816,-3.9394298,-3.8349757,-2.9078803,-2.9078808,-2.8967369,-3.2712767,-2.8604043,-3.2618394,-4.0406995,-4.046934,-3.8508914,-3.8508916,-3.8848565,-3.748821,-3.8175862,-3.3539577,-3.8014443,-3.2858534,-3.3245306,-3.324532,-2.9032776,-3.0325963,-2.2281032,-2.7021925,-4.043906,-3.4503074,-3.496231,-3.4962316,-3.5294056,-3.5765083,-3.5286324,-4.701423,-3.778109,-3.6194937,-3.5385427,-3.5385425,-3.3153493,-3.5765076,-3.487296,-3.7865236,-3.2158775,-2.6755826,-2.3747325,-2.374733,-3.086557,-2.7166145,-3.1240008,-2.7046444,-3.9643664,-3.5697007,-3.4894266,-3.489427,-3.5464497,-2.4346678,-3.5353339,-4.2383876,-3.8426375,-3.7472692,-3.8277214,-3.82772,-3.8320625,-3.937031,-3.9504576,-3.9943888
C,-0.9,-0.9945839,0.07035672,-1.8859097,-1.8859097,-1.888936,-2.2054636,-1.8447479,-1.3198988,-0.82334936,0.64453006,-0.12694316,-0.12694313,-0.12651941,0.10924567,-0.122458905,-0.24660021,-1.0705297,-0.81689894,-0.7569067,-0.75690687,-0.7505786,-0.7599095,-0.6397593,-0.90927297,-1.0993947,-0.77230084,-1.0412238,-1.0412247,-0.5096897,-0.69616073,0.20095532,-0.38239795,-0.85165036,-0.97303474,-0.3742445,-0.3742445,-0.34814355,-0.5110871,-0.32289863,-0.940768,-1.0591037,-0.6972587,-0.17336,-0.17335999,-0.1669556,-0.18927404,-0.19068319,-3.647233,-1.0125229,-1.319261,-0.96985936,-0.9698596,-0.91679174,-0.93036133,-0.9058841,-1.3167479,-0.89361507,-0.49820325,-0.518175,-0.51817524,-0.5032153,-0.33117536,-0.51717603,-1.0178909,-1.8852133,-1.4590763,-1.6785485,-1.6785481,-1.6682099,-1.6256555,-1.2964172,-2.4447048
CC(C)=CCC/C(C)=C\CO,-2.46,-3.0977304,-2.986145,-2.603916,-2.603916,-2.601269,-2.8603828,-2.5564992,-2.6408796,-2.337184,-2.7282844,-2.6196609,-2.6196618,-2.5371623,-2.8345795,-2.6793392,-2.9242551,-2.3614647,-2.623532,-2.4818156,-2.4818156,-2.4702306,-2.4359787,-1.4601151,-1.4788668,-2.6538043,-2.4751031,-2.769951,-2.7699533,-2.581206,-2.422306,-1.6349458,-2.0385733,-2.6713955,-2.7750278,-2.627213,-2.627213,-2.6471593,-2.7397454,-2.58921,-2.405327,-2.6841886,-3.2162743,-3.557374,-3.5573742,-3.6036723,-3.521973,-3.4132466,-4.4154143,-2.5283294,-2.7061493,-2.195319,-2.1953194,-2.9786024,-1.7564744,-2.9478474,-2.3356376,-2.4737084,-1.9720703,-1.8415393,-1.8415396,-1.7858094,-0.8336865,-1.7886474,-2.3009663,-2.503491,-2.5309072,-2.3211162,-2.3211162,-2.3391514,-2.3974888,-2.6208248,-2.3743598
CC12CC(=O)C3C(CCC4=CC(=O)CCC34C)C2CCC1(O)C(=O)CO,-3.11,-4.1749306,-4.9441566,-4.5638146,-4.563815,-4.5680394,-4.911617,-4.565492,-4.6693516,-3.4555104,-4.033173,-3.3297253,-3.329726,-3.2726786,-3.707714,-3.3567796,-3.853426,-3.5736375,-3.028932,-3.498524,-3.4985237,-3.4400957,-3.2630403,-4.114866,-3.5160081,-3.509425,-4.3554063,-4.1455317,-4.1455336,-3.8587692,-3.6851597,-3.017338,-3.761571,-3.6839802,-4.491582,-4.42466,-4.4246607,-4.441431,-4.5648966,-4.5389657,-4.0631075,-4.046309,-4.641339,-4.706009,-4.706009,-4.4645867,-4.5384293,-4.4423375,-4.9304523,-3.2232144,-3.3262136,-3.7965884,-3.7965884,-3.9545658,-3.5248616,-3.9990757,-4.0366426,-3.343404,-4.2084165,-3.866243,-3.8662434,-3.8939707,-2.7100823,-3.8519907,-4.422193,-3.035112,-3.0888286,-3.0907602,-3.090759,-3.1185858,-3.1569865,-3.2221038,-3.183747
c1ccc2c(c1)ccc3ccccc32,-5.26,-3.6587856,-2.679438,-2.6704843,-2.670484,-2.6788046,-3.0108328,-2.691986,-3.675584,-5.197327,-4.3629417,-5.2521234,-5.252122,-5.1879926,-5.3959346,-5.272127,-5.154389,-5.336152,-3.0215476,-3.3491318,-3.3491318,-3.3485081,-3.1015022,-4.7101607,-4.1379147,-5.2566085,-5.1600156,-5.2321014,-5.2321024,-5.1326847,-4.7429314,-4.361549,-4.933256,-5.4889374,-3.656447,-3.6614525,-3.661452,-3.7541208,-3.8973486,-3.6884835,-4.6066856,-5.3046203,-3.140391,-3.4873116,-3.4873116,-3.566529,-3.4356961,-3.3376117,-4.0601907,-5.4362454,-6.334158,-5.1919622,-5.1919613,-6.6981373,-5.644854,-6.654135,-5.0627527,-5.2211046,-5.7434297,-5.9327765,-5.932776,-5.9291754,-5.041496,-5.9282436,-6.095012,-5.2264585,-5.875853,-5.7508464,-5.750846,-5.7690825,-6.0342693,-5.8493905,-6.288847
Clc1cc(Cl)c(cc1Cl)c2cc(Cl)c(Cl)cc2Cl ,-8.56,-8.570402,-4.993872,-4.8418074,-4.8418074,-4.8461967,-5.165073,-4.8639526,-6.1735373,-8.337835,-7.6334386,-7.8192058,-7.819206,-7.746773,-7.687913,-7.859762,-7.8709197,-8.446986,-6.54491,-7.042611,-7.0426116,-7.0688777,-6.9276276,-8.012845,-7.6860957,-7.817003,-7.641301,-7.958934,-7.958934,-7.9333725,-7.7240644,-7.358913,-7.517731,-8.761767,-5.834237,-6.187124,-6.187124,-6.374497,-6.2386374,-6.3800125,-7.8191338,-8.342516,-4.207043,-4.548088,-4.548088,-4.7738447,-4.372152,-4.5216026,-5.2537827,-8.121485,-5.442022,-8.245812,-8.245813,-6.26338,-8.459123,-6.1912465,-8.37035,-8.36495,-8.868716,-8.580387,-8.580386,-8.601171,-7.3024607,-8.580749,-8.513997,-8.378471,-8.544979,-8.652305,-8.652303,-8.647751,-8.822909,-8.5192995,-8.681897
CCN(CC)C(=S)SSC(=S)N(CC)CC,-4.86,-4.1936064,-4.2090564,-3.9133735,-3.9133732,-3.9154093,-4.185309,-3.9127,-3.6672027,-4.5967703,-4.646136,-4.128491,-4.1284933,-4.453531,-4.8457947,-4.0103774,-4.308642,-4.8021784,-4.996241,-4.953001,-4.953,-4.9164205,-4.7734013,-5.19081,-4.5473323,-4.7813177,-4.448589,-4.1580315,-4.158034,-3.9813125,-4.0246263,-3.107325,-4.133678,-4.5937376,-4.5105534,-4.4163475,-4.4163475,-4.2702203,-4.5889482,-4.1297684,-3.9279697,-4.7703114,-3.847142,-4.242567,-4.2425675,-4.1521897,-4.184854,-4.0348067,-4.643735,-4.6775723,-3.593889,-3.7498314,-3.7498326,-3.83835,-3.724939,-3.9028451,-3.7518744,-4.7905545,-5.4687586,-5.2334466,-5.233447,-5.165918,-4.137617,-5.0777884,-5.814237,-4.8237486,-4.701504,-4.708838,-4.708837,-4.757526,-4.67299,-4.5724483,-4.946861
O=N(=O)c1cc(Cl)c(Cl)cc1,-3.2,-4.155135,-2.7364242,-2.7453096,-2.745309,-2.7551367,-3.112558,-2.7695904,-3.8806653,-3.1539028,-2.2814429,-3.2872455,-3.2872455,-3.2906032,-3.2673357,-3.270201,-2.7941074,-3.0783744,-2.387389,-2.6396887,-2.6396883,-2.6422632,-2.5321777,-3.4748878,-3.5040548,-3.2483952,-3.853575,-4.0512047,-4.0512056,-3.796962,-3.6200821,-2.9959557,-3.4660268,-3.1304708,-2.0303435,-2.1593838,-2.1593838,-2.134662,-2.330073,-2.1120837,-2.7380643,-3.3790615,-2.9927332,-3.0763752,-3.0763752,-3.214927,-3.0311692,-3.1203032,-2.8336964,-3.312135,-1.7553703,-2.3425233,-2.342523,-2.3568497,-2.6130378,-2.2172327,-2.5282183,-3.1995542,-4.022408,-3.3660603,-3.3660603,-3.4243212,-2.9022896,-3.381166,-3.4053383,-3.1850965,-3.3728373,-3.2344968,-3.2344956,-3.2458117,-3.3299053,-3.3701148,-3.2710166
CC1CCCO1,0.11,-0.42916828,-1.6029333,-0.8447683,-0.8447684,-0.8371951,-0.99224114,-0.83899665,-1.139259,-0.45137018,-1.1732577,-1.1983258,-1.1983255,-1.1896511,-1.3316962,-1.1970123,-1.2777159,0.36188325,-1.1432772,-1.1660987,-1.1660986,-1.1580228,-1.0746448,-0.7340232,-0.66988665,-0.26686355,-1.3202552,-1.551033,-1.5510347,-1.1483479,-1.2624601,-0.38513702,-1.0177997,0.13664019,-1.6503706,-1.3821158,-1.3821158,-1.4067802,-1.4324799,-1.3890016,-1.0809871,0.11369489,-1.6719087,-1.5059043,-1.5059043,-1.5099363,-1.4754412,-1.5127301,-0.9847241,-0.1504488,-0.3402392,0.043445606,0.043445516,-0.30785015,-0.010968792,-0.26562753,-0.37265664,-0.06295817,-2.2531838,-2.1259418,-2.1259422,-2.157067,-1.58055,-2.1175969,-1.9238826,0.09432051,-0.6437334,-0.31869206,-0.31869206,-0.3304482,-0.4572925,-0.51558894,-0.23546763
CCCCCCCC,-5.24,-3.2187195,-2.594162,-2.4053822,-2.4053824,-2.4062624,-2.7663107,-2.3864882,-2.5061646,-5.1409073,-2.1163805,-3.3262296,-3.3262298,-3.341511,-3.3472466,-3.3158305,-2.3779988,-5.19366,-2.4347327,-2.6785321,-2.6785321,-2.676999,-2.443961,-4.429456,-3.9660628,-4.843556,-4.1836267,-4.138172,-4.138174,-4.445787,-3.878097,-3.5366468,-3.7908883,-5.3747716,-3.0343719,-2.8432567,-2.8432565,-2.5801127,-3.0142777,-2.4493039,-2.4556298,-4.3759975,-3.442793,-3.4569225,-3.4569225,-3.0262015,-3.4463806,-2.9216375,-4.104307,-5.179005,-4.388243,-4.989382,-4.9893827,-5.130647,-5.316683,-5.046303,-4.858756,-5.226389,-3.8588848,-3.974658,-3.974659,-4.01345,-2.8145897,-3.9942324,-4.10489,-4.875698,-4.4858227,-4.7269597,-4.7269588,-4.6981287,-4.7480507,-4.6498413,-4.7508154
CCSSCC,-2.42,-2.068927,-2.2949016,-1.8421617,-1.8421618,-1.8443446,-2.0374906,-1.8376046,-1.448628,-2.3698332,-1.5585527,-1.581185,-1.5811847,-1.5836228,-1.53766,-1.5680146,-1.4717344,-2.1707082,-1.5429488,-1.6696126,-1.6696125,-1.6602123,-1.582726,-2.7351031,-2.8832748,-1.915356,-2.3377886,-2.3883889,-2.388391,-2.2107449,-2.265476,-1.3871799,-1.7809966,-2.6203341,-2.8923793,-2.7792845,-2.7792842,-2.5404744,-2.6762102,-2.4161499,-2.4794726,-2.3353171,-2.620186,-2.6439154,-2.643915,-2.4579725,-2.598202,-2.4532053,-2.100707,-2.4899032,-4.3502955,-3.0187771,-3.0187774,-4.533572,-2.5699298,-4.5339403,-3.069457,-2.510613,-2.5799184,-2.5703268,-2.5703273,-2.5965579,-1.7768722,-2.573,-2.7304573,-2.6929798,-2.560686,-2.7715876,-2.7715878,-2.858891,-2.7500257,-2.4255898,-3.0690408
Oc1c(Cl)cc(Cl)cc1Cl,-2.34,-2.3994308,-2.9309955,-3.0625126,-3.062512,-3.0649674,-3.4230928,-3.0764337,-4.072043,-2.6039844,-2.504871,-3.205309,-3.2053075,-3.2106073,-3.0944219,-3.1903198,-3.032104,-2.4651206,-3.0548682,-3.0171337,-3.0171337,-3.0107133,-3.020158,-3.4639974,-2.6723614,-2.5635796,-3.600696,-3.9984527,-3.998455,-3.62245,-3.4295697,-2.8812044,-3.113593,-2.4936278,-2.0777864,-2.6678991,-2.667899,-2.5987997,-2.811261,-2.5428135,-2.5341606,-2.511068,-2.5919485,-2.9107876,-2.9107873,-3.0016363,-2.8776295,-2.8710268,-2.993526,-2.934093,-0.35038862,-1.0253406,-1.0253404,-1.118621,-0.8971719,-1.0387373,-1.0745398,-2.4973073,-2.6840663,-2.5009837,-2.500984,-2.5252247,-2.0656447,-2.532031,-2.3211017,-2.2714524,-2.1739264,-2.25344,-2.2534392,-2.246657,-2.2353027,-2.2175856,-2.3445444
CCCCC1(CC)C(=O)NC(=O)NC1=O,-1.661,-2.4678156,-3.3892984,-3.2215526,-3.2215524,-3.2214925,-3.4866023,-3.2048812,-3.4227424,-1.9090717,-1.8243986,-1.338498,-1.3384982,-1.3042067,-1.4702103,-1.3281369,-1.9932085,-2.3337708,-3.6431353,-3.5310705,-3.5310707,-3.5385864,-3.5887482,-2.795262,-2.2826855,-2.1050925,-3.5205624,-3.3416235,-3.3416252,-3.1398208,-3.1144428,-2.353355,-2.9672222,-2.226459,-3.08679,-3.1209319,-3.1209316,-3.0645275,-3.2337697,-2.9373558,-2.7017088,-2.074444,-3.2666032,-3.6232324,-3.6232326,-3.2401254,-3.547901,-3.049461,-4.251455,-2.3169076,-1.8715053,-2.3588727,-2.3588724,-2.424221,-2.5330102,-2.3257046,-2.605045,-1.9036496,-2.2840674,-1.9484135,-1.9484136,-1.9982787,-1.1190785,-1.9896793,-2.7251632,-1.6372116,-1.8022648,-1.783887,-1.7838863,-1.7625047,-1.9495227,-1.7154611,-1.853669
Clc1ccc(cc1)c2c(Cl)cccc2Cl ,-6.14,-6.3006167,-3.5699732,-3.2431748,-3.2431755,-3.2391424,-3.5227096,-3.2621527,-3.8973866,-6.199455,-5.642317,-5.5261793,-5.526179,-5.4650064,-5.520178,-5.5135894,-5.664674,-6.263482,-5.2914696,-5.628336,-5.6283355,-5.6367016,-5.573147,-7.0133443,-6.0694094,-5.9627094,-5.512346,-5.4909286,-5.4909296,-5.340722,-5.1782165,-4.6509356,-5.3511586,-6.1760836,-3.9917493,-5.145499,-5.145499,-5.2430477,-5.000226,-5.4384265,-6.289856,-6.5944757,-3.335336,-3.6240401,-3.6240401,-3.7174718,-3.5878577,-3.5416527,-4.3814597,-6.3189974,-5.6095676,-6.036219,-6.0362196,-6.270252,-5.727675,-6.2557836,-6.3148136,-6.019555,-5.9986415,-5.6267705,-5.626771,-5.639269,-4.677903,-5.697014,-6.817183,-6.0922875,-6.7514906,-6.592342,-6.5923395,-6.5753074,-6.6760845,-6.7209263,-6.2757287
Nc1ccc(cc1)c2ccc(N)cc2,-2.7,-2.4775877,-3.1654363,-3.1476746,-3.1476748,-3.1622992,-3.5865722,-3.1810756,-3.1670485,-3.228093,-3.74072,-3.2235808,-3.22358,-3.170914,-3.526157,-3.2543721,-3.626459,-2.711607,-3.33477,-3.4245727,-3.4245725,-3.4101894,-3.2899876,-3.1461554,-2.7428713,-2.7302418,-3.393051,-3.4694061,-3.4694066,-3.1569378,-3.2436588,-2.4481416,-2.8427384,-2.6527505,-5.136111,-4.8508644,-4.850865,-5.2651653,-4.888563,-5.510687,-5.1586394,-2.6440024,-4.7056146,-4.595255,-4.595254,-4.816562,-4.439216,-4.6053514,-5.097037,-2.6848426,-2.5639758,-2.939177,-2.9391778,-3.1181092,-3.1540296,-2.9488473,-3.207069,-2.8136795,-4.2484446,-4.0007515,-4.000752,-4.050483,-3.1810398,-4.036903,-4.222151,-2.7063127,-2.7167377,-2.6641529,-2.6641524,-2.6619241,-2.6566238,-2.8754456,-2.6997933
OCC(O)C(O)C(O)C(O)CO ,0.06,-0.44638854,-2.777166,-2.4001243,-2.400124,-2.3983524,-2.6458294,-2.3936055,-2.6979914,0.28462526,-0.7935566,-0.22268797,-0.222688,-0.1844978,-0.3030121,-0.21410093,-1.1151885,0.5805725,-1.1418588,-0.9317487,-0.93174875,-0.93010056,-1.0201515,-0.102587275,0.88579994,0.6779814,-0.4888868,-0.41021836,-0.41021943,0.40871972,-0.16868767,0.8130774,-0.36740732,-0.27200258,-2.4476552,-2.3720841,-2.3720844,-2.3996024,-2.496106,-2.386223,-2.176481,-1.3283147,-2.816274,-2.9017954,-2.9017956,-2.6274354,-2.8991704,-2.5930984,-3.241469,0.41675836,-0.7772998,-0.5124595,-0.5124594,-0.9973744,-0.27688047,-0.9550095,-0.44374773,0.5083424,-0.60533017,-0.47323972,-0.47324,-0.4810798,0.2796903,-0.4713529,-1.3456804,0.5829216,0.08741619,0.07777237,0.07777281,0.06425076,-0.03454735,0.028809873,0.014854103
COP(=S)(OC)Oc1ccc(N(=O)=O)c(C)c1,-4.04,-4.04317,-3.9306455,-3.7420259,-3.7420259,-3.7464159,-4.102258,-3.730704,-4.1318836,-4.048312,-2.5901093,-2.808942,-2.8089423,-2.7430112,-2.802925,-2.8366215,-2.7662418,-4.329249,-3.7646546,-3.5237482,-3.5237477,-3.5271504,-3.4892874,-3.1085029,-2.6001995,-3.7013497,-3.8580372,-3.7153418,-3.7153435,-3.4025834,-3.3314557,-2.706089,-3.4138384,-4.18513,-3.5386062,-3.245944,-3.2459443,-3.2834616,-3.4619646,-3.2927682,-3.5327334,-4.011148,-3.601319,-3.8498092,-3.8498092,-3.8147247,-3.8309586,-3.755866,-4.40811,-3.8188603,-3.1881514,-2.7946699,-2.7946703,-3.6330872,-2.944225,-3.53766,-3.3166926,-3.8031068,-3.1399815,-3.0641098,-3.0641098,-3.0739741,-2.028289,-2.9792,-3.5354226,-3.9578776,-4.029362,-4.003429,-4.0034285,-4.0335593,-4.1923647,-4.160712,-4.148395
CN(C)c1nc(nc(n1)N(C)C)N(C)C,-3.364,-3.3124447,-3.551533,-3.4917903,-3.4917903,-3.4889143,-3.8248117,-3.4908032,-4.712839,-3.362571,-2.0444245,-1.1483482,-1.1483486,-1.135267,-1.7165612,-1.1025031,-1.830392,-3.3874516,-3.776158,-3.8220716,-3.8220716,-3.7806785,-3.5973175,-1.9100286,-1.6257735,-3.2448049,-1.8319653,-2.5080094,-2.5080113,-2.0926592,-2.2350457,-1.3990383,-2.3164778,-3.5190556,-3.4713984,-4.594768,-4.5947685,-4.437309,-4.7304506,-4.2969036,-4.9848127,-2.9990506,-3.4634244,-3.9139462,-3.9139462,-4.013882,-3.8952942,-3.6944597,-4.515717,-3.3880916,-2.7037985,-2.9387984,-2.9387984,-3.04679,-2.6632462,-2.9802015,-2.958348,-3.2184587,-1.7384729,-2.1524777,-2.1524777,-2.2482677,-1.3276355,-2.2303429,-2.4816306,-3.4574666,-1.192823,-0.85094935,-0.8509494,-0.87087154,-0.8424809,-0.9284796,-1.9405506
Cc1cc(C)c(C)c(C)c1C,-4.0,-3.8948479,-2.6864426,-2.3587117,-2.3587115,-2.3493483,-2.5139868,-2.35143,-2.5195267,-4.4373455,-2.4530878,-3.363801,-3.3638015,-3.3466659,-3.5642989,-3.3674428,-3.1955292,-3.9118009,-2.9800644,-3.1006634,-3.1006632,-3.0907118,-2.9947863,-3.479504,-3.042879,-4.1405153,-3.2202914,-3.4460816,-3.4460835,-3.386061,-3.1770315,-2.4856865,-2.8273048,-4.297841,-3.6148672,-2.6847062,-2.6847055,-2.7519598,-2.79586,-2.6114342,-4.3844223,-4.113515,-2.4673507,-2.613647,-2.613647,-2.6509018,-2.6567783,-2.5179188,-2.8535938,-4.012775,-4.791348,-4.508021,-4.508021,-4.802376,-4.8249393,-4.8119836,-4.4052715,-4.119361,-4.07511,-4.11688,-4.11688,-4.126152,-2.926715,-4.1472607,-4.5950694,-3.878901,-4.275996,-3.8335087,-3.83351,-3.80174,-4.24286,-4.416455,-4.194741
C1Cc2cccc3cccc1c23,-4.63,-3.2301521,-2.471612,-2.370721,-2.3707213,-2.3642776,-2.5676255,-2.3704321,-2.5541427,-3.8267066,-3.5072322,-4.11059,-4.110589,-4.0919724,-4.2809,-4.111624,-3.4976654,-4.311793,-2.276553,-2.5143478,-2.5143483,-2.5052454,-2.384422,-3.6019669,-3.476922,-3.967998,-4.102793,-3.9252458,-3.925248,-3.8552568,-3.7092872,-3.063642,-3.7711825,-4.820983,-3.4200554,-3.733759,-3.7337594,-3.6904802,-4.2636933,-3.5147543,-4.890512,-4.5776157,-2.2340667,-2.320245,-2.320245,-2.3393772,-2.359483,-2.2265522,-2.431741,-4.672791,-5.5603433,-3.8484638,-3.8484643,-5.4199734,-4.17016,-5.4074206,-3.8222702,-4.628489,-4.555132,-4.1839085,-4.1839094,-4.171523,-3.4667795,-4.1836214,-3.9183273,-4.142579,-3.1752763,-3.3918478,-3.391848,-3.3871949,-3.3158796,-3.1769762,-3.6031907
CCCC(=O)OCC,-1.36,-1.5488328,-2.3696342,-2.0001788,-2.0001788,-2.0039315,-2.2368453,-1.9965628,-1.8997934,-1.2358104,-1.1973863,-0.6228332,-0.62283385,-0.58895284,-0.8410216,-0.61195326,-1.290704,-1.3599344,-1.8758167,-1.9821379,-1.9821379,-1.9762409,-1.8727338,-1.7301257,-1.7124343,-1.3424395,-1.6971709,-1.8925275,-1.8925295,-1.4979404,-1.6525655,-0.72042745,-1.2639226,-1.3772407,-2.3525653,-2.2404573,-2.2404573,-2.2976692,-2.3942196,-2.2637923,-1.5864799,-1.0858115,-2.5108964,-2.2944977,-2.294498,-2.2189343,-2.3399708,-2.3645463,-2.0909076,-1.3666004,-1.534818,-1.5383154,-1.5383153,-2.1861284,-1.1627936,-2.1647897,-1.7112063,-1.3152946,-2.0784745,-1.7709023,-1.770902,-1.8535956,-1.0815607,-1.7932764,-2.2342877,-1.2710497,-1.2133601,-1.1677562,-1.1677558,-1.2277627,-1.0953854,-1.0263282,-0.6231559
CCCCCCCCCCCCCCCCCCCC,-8.172,-7.0934486,-6.600277,-6.1257405,-6.12574,-6.13358,-6.5316467,-6.129563,-5.4743834,-8.657766,-4.889521,-8.058671,-8.058672,-7.927851,-8.625989,-7.988431,-7.9003925,-7.5675154,-7.3632574,-8.285052,-8.285052,-8.139241,-7.472803,-7.8397565,-8.812446,-8.338455,-8.865733,-8.165721,-8.165721,-8.70399,-7.857472,-8.227534,-7.96619,-8.505645,-7.173034,-6.772083,-6.7720833,-6.8192525,-7.08689,-6.951819,-6.6124735,-6.1389456,-7.185891,-6.678295,-6.678296,-6.6294055,-6.854581,-6.4715867,-6.442009,-8.391672,-7.2397456,-7.7178807,-7.7178802,-8.360844,-8.044596,-8.538933,-7.8424954,-8.863866,-7.5534983,-8.471159,-8.471159,-8.438656,-6.463677,-8.365381,-7.4838543,-7.8367014,-8.352965,-8.216166,-8.216165,-8.222668,-8.441256,-8.260341,-8.111757
CC(C)C(=O)C(C)C,-1.3,-1.3776318,-2.3088262,-1.9673389,-1.9673389,-1.9716763,-2.139666,-1.9888533,-1.6241018,-1.4300991,-1.2617878,-1.1863979,-1.1863976,-1.1882247,-1.2373992,-1.1909618,-1.4920899,-1.2573638,-1.9492432,-2.132183,-2.1321833,-2.1243408,-2.0794165,-2.0601745,-1.9770553,-1.5259702,-2.6387966,-2.6696775,-2.6696796,-2.3756673,-2.2743442,-1.5941442,-1.9698719,-1.5778458,-3.662304,-2.461964,-2.4619641,-2.6112204,-2.5560708,-2.5978286,-2.5099816,-1.6101315,-2.057575,-2.0977867,-2.0977864,-2.1102593,-2.0474746,-2.0038488,-1.6546541,-1.4742829,-1.7123495,-0.9491336,-0.9491339,-1.6389645,-0.9297479,-1.6043434,-1.3600637,-1.1402653,-1.8391533,-1.7384723,-1.7384727,-1.7060827,-1.1835986,-1.7510451,-2.2617638,-0.028126042,-0.28975868,0.09903274,0.09903276,0.1068232,-0.042919576,-0.3575664,-0.0794928
CCC#CCC,-1.99,-2.0784185,-2.0728612,-1.7508446,-1.7508446,-1.7607833,-1.9847943,-1.7686542,-1.6909304,-1.8633559,-1.1292298,-1.31614,-1.3161403,-1.3211209,-1.326517,-1.2979577,-1.2615131,-1.7222725,-1.4477899,-1.546351,-1.546351,-1.5332491,-1.3989984,-1.453305,-1.556941,-1.7762516,-1.2554487,-1.4293814,-1.4293827,-1.0040458,-1.248643,-0.2386935,-0.79490453,-2.3245966,-3.430481,-2.5901856,-2.5901856,-2.66814,-2.5844162,-2.3607306,-1.64086,-1.8330901,-2.4773154,-2.5747547,-2.574755,-2.6008933,-2.5304773,-2.4673958,-2.1232424,-2.2014318,-3.5443804,-2.0398307,-2.0398302,-3.621698,-2.1832983,-3.6038554,-2.4638212,-2.1958492,-1.6892579,-1.7674056,-1.7674061,-1.7625586,-1.0927707,-1.7808163,-1.9761455,-2.054064,-3.0287883,-2.9661334,-2.9661336,-2.8419914,-2.9423966,-2.6760814,-3.1265962
c1ccc2cc3cc4ccccc4cc3cc2c1,-8.6,-8.266096,-3.2502155,-3.490818,-3.490818,-3.5104198,-4.083507,-3.5315752,-5.050225,-7.8438745,-5.2765822,-5.6316066,-5.6316075,-5.5352025,-6.0612483,-5.654381,-5.6134496,-8.949804,-4.330059,-4.8488016,-4.8488016,-4.8270383,-4.355446,-7.0397367,-6.4755807,-8.241858,-6.6845393,-6.6853843,-6.685384,-6.8069215,-6.120963,-6.129991,-6.8815107,-9.561416,-5.403932,-5.3810654,-5.3810663,-5.756137,-5.361561,-5.980449,-6.290072,-8.97865,-4.3420177,-4.6479263,-4.6479254,-4.7828603,-4.544937,-4.5046763,-5.010246,-8.61603,-6.820698,-7.835433,-7.835433,-8.000244,-8.748247,-7.914012,-7.4209666,-8.239779,-6.6457267,-7.0008006,-7.000802,-6.979503,-5.943517,-6.9613457,-7.554149,-8.452619,-8.505615,-8.667879,-8.667877,-8.647383,-8.774896,-8.645103,-8.514122
CC(C)C1CCC(C)CC1O ,-2.53,-2.4896185,-2.5848746,-2.0719624,-2.0719624,-2.070614,-2.3113194,-2.0565338,-2.1764574,-2.656733,-2.2275438,-3.064256,-3.0642557,-3.0260699,-3.0224571,-3.052475,-2.8857517,-2.598431,-2.9369738,-2.933954,-2.9339538,-2.9411075,-2.9055672,-2.4309087,-2.2822032,-2.5751631,-3.6786067,-3.6796815,-3.6796837,-3.6074395,-3.245946,-2.7724948,-3.5230794,-2.6135578,-2.4663925,-2.4318273,-2.4318275,-2.453685,-2.5182588,-2.4583967,-1.9699056,-2.1924727,-2.8635142,-3.0322213,-3.0322213,-3.0201046,-2.9753828,-2.783971,-3.3277953,-2.3056455,-2.4647949,-1.7456313,-1.7456315,-2.6458147,-1.5432625,-2.65478,-2.0873244,-2.4500034,-3.4133656,-3.412725,-3.412725,-3.4030974,-2.2999456,-3.4615161,-3.683294,-2.4704812,-2.2654066,-2.455069,-2.4550688,-2.470077,-2.4403489,-1.9716269,-2.1789486
Cc1c(cccc1N(=O)=O)N(=O)=O,-3.0,-2.9862056,-2.7791097,-2.5858417,-2.5858417,-2.5891,-2.822758,-2.6050344,-3.0401092,-2.6939626,-1.8473796,-2.6340878,-2.6340876,-2.6428182,-2.50314,-2.6188533,-2.5536213,-2.8709958,-2.7091167,-2.7317855,-2.7317853,-2.7404583,-2.7561579,-2.4605684,-2.3033826,-2.986003,-2.909925,-3.0999057,-3.0999074,-2.774538,-2.7707336,-2.0308304,-2.6812346,-2.9556837,-2.3835173,-1.7785194,-1.7785194,-1.714119,-1.9924617,-1.4897826,-1.892496,-3.1145797,-2.2467165,-2.3842,-2.3841999,-2.4145968,-2.3765676,-2.2696304,-2.239652,-3.4290376,-2.0396788,-3.2167335,-3.2167335,-2.7251763,-3.45902,-2.5929034,-3.6082575,-3.0067348,-3.524676,-2.8754928,-2.875493,-2.9187598,-2.3616338,-2.9187787,-3.3073087,-2.9603667,-4.1463194,-4.4314446,-4.4314446,-4.366215,-4.453656,-3.9693353,-4.3672333
Clc1ccccc1c2ccccc2Cl ,-5.27,-5.032645,-3.4264383,-3.3423228,-3.3423228,-3.3437195,-3.54999,-3.3406215,-3.226678,-5.2134905,-4.8449645,-5.27858,-5.278583,-5.2213254,-5.2076445,-5.283976,-5.5834656,-5.3845816,-4.2015433,-4.3656864,-4.365687,-4.361494,-4.2578,-5.361699,-4.8664737,-5.088382,-4.933875,-4.840746,-4.840747,-4.599109,-4.5027776,-3.9137683,-4.3784986,-5.689846,-4.7403917,-5.260235,-5.2602344,-5.3786364,-5.42124,-5.2089477,-4.7812414,-5.664682,-3.1964319,-3.4999917,-3.4999912,-3.5807636,-3.4521482,-3.357419,-4.051147,-5.280597,-6.0186768,-4.9039893,-4.903989,-6.513606,-5.1153245,-6.4755273,-4.781416,-5.055036,-6.2551885,-6.035246,-6.0352464,-6.1303782,-4.906754,-6.087761,-6.5095754,-5.324985,-5.900016,-5.7243986,-5.7243977,-5.7479815,-5.873327,-5.9261947,-5.469614
CC1CCCCC1NC(=O)Nc2ccccc2,-4.11,-3.718717,-3.9291062,-3.765999,-3.7659996,-3.7783654,-4.1604395,-3.795307,-3.743588,-3.7382321,-3.8094645,-3.4235487,-3.4235497,-3.2536228,-4.034108,-3.4803298,-3.6570294,-3.9430566,-3.8089657,-3.9222496,-3.9222496,-3.8415437,-3.696807,-3.5689378,-3.230678,-3.440714,-4.6501813,-4.392206,-4.392207,-4.493691,-3.9847336,-3.7983503,-4.1877437,-4.328431,-3.7541523,-3.6541078,-3.6541073,-3.7077036,-3.8088453,-3.8267746,-3.576171,-3.2434726,-4.53342,-3.7427025,-3.742703,-3.9150772,-3.637466,-4.183391,-3.64564,-4.021374,-3.98241,-3.6116858,-3.6116855,-4.1985865,-3.7255375,-4.154139,-3.6743736,-4.1308794,-5.2197614,-5.2023115,-5.2023115,-5.2603803,-4.052506,-5.20504,-5.199478,-4.04537,-4.0553856,-4.13113,-4.13113,-4.122332,-4.215152,-4.068699,-4.181634
CC1CC2C3CCC(O)(C(=O)C)C3(C)CC(O)C2(F)C4(C)C=CC(=O)C=C14,-4.099,-4.436544,-5.035909,-4.6988506,-4.6988506,-4.7003465,-5.0306487,-4.6966867,-4.906865,-3.8953137,-3.8335066,-3.1671333,-3.167134,-3.1161027,-3.5588362,-3.1812139,-3.7619574,-3.909726,-3.0241683,-3.601562,-3.601562,-3.5639012,-3.234728,-4.2126474,-3.8227596,-3.909326,-4.793926,-4.338272,-4.338274,-4.140094,-3.9750838,-3.559216,-4.1833386,-4.166992,-4.530701,-4.437775,-4.4377756,-4.4384637,-4.51159,-4.532962,-3.5795884,-4.437953,-4.333389,-4.6518507,-4.6518507,-3.9577055,-4.5470357,-3.8209474,-5.0317807,-4.217641,-3.480082,-3.8117208,-3.811721,-3.883468,-3.7185686,-3.857851,-4.094481,-4.0037484,-4.391522,-4.068355,-4.068355,-4.1187377,-2.8456273,-4.0405946,-4.3740706,-4.0638175,-4.2834706,-4.1049724,-4.10497,-4.1320496,-4.3913307,-4.428827,-4.1519837
CCC(C)C(C)C,-4.28,-3.172399,-2.0181127,-1.5071474,-1.5071472,-1.5015805,-1.7729293,-1.4991988,-1.7392982,-4.4516263,-1.7971205,-2.4873629,-2.4873624,-2.478761,-2.5225906,-2.4778764,-2.242946,-4.154195,-1.9715798,-2.1614692,-2.1614692,-2.1552074,-2.0421338,-2.8078103,-2.7520044,-4.101855,-2.755584,-2.9072278,-2.9072294,-2.7850597,-2.5438857,-1.8890642,-2.5355322,-4.3533096,-1.9190557,-1.7458053,-1.7458051,-1.7389197,-1.831147,-1.638778,-1.4785903,-3.2882361,-1.9590554,-1.9353015,-1.9353015,-1.9360087,-1.9258243,-1.8942108,-1.639259,-4.1919665,-4.0185504,-3.4419885,-3.4419892,-3.9091573,-3.7364695,-3.9750893,-3.3424323,-4.09428,-3.2360404,-3.186287,-3.1862874,-3.1859558,-2.3996117,-3.210259,-3.3703907,-4.066252,-3.4419255,-3.5098753,-3.5098755,-3.538004,-3.5629356,-3.4185064,-3.6668737
CC(=O)c1ccccc1,-1.28,-1.5603312,-2.2099137,-1.9599024,-1.9599024,-1.9640703,-2.1477032,-1.9734979,-2.010058,-1.8368142,-1.9351223,-1.3950207,-1.3950213,-1.383084,-1.483677,-1.3777279,-2.0513854,-1.141625,-1.7201761,-1.9584774,-1.958477,-1.9523993,-1.8378085,-2.3437405,-2.1650822,-1.5699394,-2.859274,-2.9030879,-2.9030895,-2.6041071,-2.6820734,-1.8293022,-2.351306,-1.5351074,-1.8398432,-1.9863992,-1.9863989,-1.9959458,-2.0010924,-2.0110598,-1.5294878,-0.4067574,-2.3119261,-2.3490787,-2.3490791,-2.3698566,-2.3329918,-2.2767563,-1.929099,-1.3647406,-2.038195,-0.9320752,-0.93207586,-2.123459,-0.83568984,-2.0320802,-1.341362,-1.6893247,-1.7489086,-1.6182984,-1.6182988,-1.6499096,-1.081744,-1.6135447,-1.822082,-1.3227065,-1.4581715,-1.2801977,-1.2801973,-1.2957543,-1.3385689,-1.477641,-1.174942
CN(C)C(=O)Oc1nc(nc(C)c1C)N(C)C,-1.95,-2.0500221,-3.792558,-3.651304,-3.6513038,-3.6545486,-3.9933996,-3.6680713,-4.7690425,-2.0342162,-2.2580714,-1.5495288,-1.549529,-1.4844723,-2.0021937,-1.5361018,-2.1313536,-1.9110126,-4.209695,-4.122881,-4.1228814,-4.0821924,-3.920338,-2.9741912,-2.678745,-1.468498,-2.3555455,-2.5762932,-2.5762956,-2.122472,-2.428576,-1.5060232,-1.990437,-1.9908383,-3.5322938,-3.4713283,-3.471328,-3.4462078,-3.577104,-3.3693755,-3.4134057,-1.9511182,-3.6556613,-3.84318,-3.8431797,-3.8662822,-3.8740785,-3.7869015,-4.0135202,-1.5866768,-3.5995893,-2.8550098,-2.8550096,-3.7798982,-2.785144,-3.7495143,-3.1720016,-2.150213,-3.114093,-2.996756,-2.9967558,-2.7498727,-2.201881,-3.1208522,-3.5098383,-1.9692736,-1.9080814,-1.9751905,-1.9751892,-2.004229,-2.0298502,-2.089573,-2.012911
CCCCCCCCC=C,-5.51,-4.3323455,-3.079122,-2.847557,-2.8475568,-2.8501735,-3.2210867,-2.8452377,-2.8465698,-4.848591,-3.3420124,-4.4244356,-4.4244366,-4.348435,-4.6325836,-4.4101443,-3.4486,-5.4654455,-2.902557,-3.0340261,-3.034026,-3.0214946,-2.8127887,-4.2289248,-3.6561456,-5.0659747,-3.986254,-4.1762214,-4.1762233,-4.346257,-3.7365463,-3.46589,-3.988064,-5.946398,-2.9517417,-2.8487306,-2.8487303,-2.8961177,-3.0100152,-2.9068944,-2.7487206,-4.0635386,-3.5874765,-3.453258,-3.4532578,-3.1803987,-3.4907248,-3.2702513,-3.8922567,-5.4132414,-4.870559,-5.1224,-5.1224003,-5.608489,-5.2481117,-5.6751785,-5.5307517,-5.345872,-4.0853543,-4.0965357,-4.0965357,-4.1142144,-2.8954384,-4.0799475,-4.211838,-5.456624,-5.3799267,-5.520327,-5.5203266,-5.448573,-5.5337534,-5.2695146,-5.5684233
CCc1ccccc1CC,-3.28,-3.3960888,-2.5261674,-2.023019,-2.023019,-2.0096781,-2.1687348,-2.0011446,-2.048159,-3.716133,-2.3698807,-3.2853034,-3.2853038,-3.2565713,-3.2752795,-3.288853,-3.0269065,-3.5123076,-2.5442972,-2.7564354,-2.7564354,-2.744364,-2.599017,-3.125741,-2.9993284,-3.7701046,-3.4200866,-3.3578584,-3.3578598,-3.113088,-3.005184,-2.2993884,-2.8699975,-3.474847,-2.4355483,-2.72858,-2.72858,-2.4933476,-2.8752317,-3.2883098,-2.6896467,-3.2771192,-2.3227506,-2.539374,-2.5393739,-2.5787969,-2.5403006,-2.4359365,-2.699396,-3.4165516,-4.633431,-3.8516889,-3.851689,-4.582817,-3.7335656,-4.595162,-3.853829,-3.2282784,-3.525615,-3.5988512,-3.5988526,-3.6217413,-2.5772235,-3.5893266,-3.5507274,-3.3400693,-3.9215617,-3.9561062,-3.9561057,-3.8859305,-3.9785106,-3.6418962,-3.885676
Clc1cccc(c1)c2cc(Cl)ccc2Cl ,-6.01,-5.337006,-3.9848065,-3.7723947,-3.772395,-3.7762148,-4.056894,-3.79982,-4.3250117,-6.4287825,-5.98469,-6.2845097,-6.284511,-6.21613,-6.069598,-6.268489,-6.256329,-6.182422,-4.263597,-4.549635,-4.549636,-4.5718217,-4.374637,-6.491414,-6.3278556,-6.0017304,-5.9028783,-5.726901,-5.726903,-5.6261854,-5.3189816,-4.8597407,-5.4542856,-6.3847837,-3.2108126,-3.277368,-3.2773674,-3.315215,-3.423969,-3.3136976,-4.553521,-6.384741,-3.3507416,-3.6163645,-3.6163642,-3.711558,-3.5750585,-3.5058105,-4.3813677,-6.2659807,-5.7472024,-6.2007437,-6.2007446,-6.319662,-5.7203116,-6.323361,-6.6351266,-5.990341,-6.9139442,-6.544439,-6.544441,-6.6003914,-5.601806,-6.6357408,-7.4083295,-5.8637724,-6.1579595,-6.340816,-6.3408155,-6.3383927,-6.4876156,-6.3337245,-6.177254
CC(=O)CCC1C(=O)N(N(C1=O)c2ccccc2)c3ccccc3,-3.27,-3.398096,-5.330212,-4.860934,-4.860934,-4.854956,-5.1270676,-4.862668,-4.09093,-3.423949,-3.990351,-4.1225843,-4.1225853,-4.068531,-4.5249963,-4.2081523,-4.534157,-3.720263,-4.623816,-4.718347,-4.718347,-4.5949426,-4.7258615,-3.914126,-3.156821,-3.220716,-4.4466414,-4.470116,-4.4701176,-4.1590567,-4.067102,-3.5698872,-3.5472872,-3.7019973,-4.847009,-4.7290626,-4.7290635,-4.68738,-4.806603,-4.679218,-3.6411495,-3.6541448,-4.6161065,-5.1143036,-5.1143036,-5.2141027,-4.935285,-4.782062,-4.846651,-3.2076354,-4.2633643,-4.596073,-4.596073,-4.677041,-4.6229606,-4.6429825,-4.975735,-3.1447248,-4.7088323,-4.5875797,-4.5875797,-4.6726985,-3.3000236,-4.5302467,-5.025677,-3.1647243,-4.7096176,-4.5061803,-4.5061793,-4.3149114,-4.659168,-4.2216487,-6.5967174
CC(=O)Nc1ccc(Cl)cc1,-2.843,-2.431009,-2.7903695,-2.7847736,-2.7847733,-2.799404,-3.1945584,-2.8143983,-3.004008,-2.742042,-2.8479135,-2.058446,-2.0584471,-2.0246017,-2.228766,-2.0801158,-2.3485155,-2.8497863,-2.6449063,-2.773543,-2.773543,-2.7738106,-2.654124,-3.1372018,-3.0017684,-2.4783483,-2.8297553,-3.0240686,-3.0240705,-2.7033696,-2.759204,-1.940063,-2.3501458,-2.9559503,-2.2866287,-2.1382077,-2.1382074,-2.206855,-2.25025,-2.2519567,-2.3091693,-2.9870172,-3.2045531,-3.515637,-3.5156372,-3.6028533,-3.4710698,-3.3677006,-3.9216096,-3.0085943,-2.2188308,-1.5925021,-1.5925026,-2.4452486,-1.4150558,-2.3585205,-1.8284202,-2.7276735,-3.244466,-2.7192311,-2.7192314,-2.774281,-1.991401,-2.7690191,-3.2419279,-3.0580254,-2.9359064,-3.0836012,-3.0835993,-3.091226,-3.1066685,-3.0125194,-3.155993
O(c1ccccc1)c2ccccc2,-3.96,-3.1377761,-2.9733934,-2.7090087,-2.7090087,-2.719524,-3.012687,-2.735964,-2.5318925,-3.2000206,-3.6374245,-3.3084006,-3.308401,-3.2884996,-3.5961862,-3.3140655,-3.1940234,-3.9608798,-2.9201405,-3.1461754,-3.1461751,-3.1287096,-2.871291,-3.592731,-3.423443,-3.3920598,-4.4649453,-4.318203,-4.3182054,-4.106389,-3.975452,-3.3968663,-3.6783276,-3.448832,-4.114272,-3.9017687,-3.901769,-4.1055546,-3.8862565,-4.1425214,-3.0590246,-4.5546894,-3.4871914,-3.8603463,-3.8603463,-3.9529076,-3.7872057,-3.7198005,-4.608094,-4.247385,-1.8344982,-2.5873303,-2.5873313,-2.2541304,-2.3900366,-2.1633534,-2.510146,-3.4431813,-4.016299,-3.9143996,-3.9143987,-3.991806,-2.7530696,-3.954778,-3.7180696,-3.954312,-3.8398397,-3.8967881,-3.8967881,-3.8902152,-3.8637505,-3.7081854,-3.8933291
CN2C(=O)CN=C(c1ccccc1)c3cc(Cl)ccc23,-3.754,-3.6879811,-4.711981,-4.259733,-4.2597337,-4.2482495,-4.5598598,-4.236564,-3.642943,-4.031838,-4.4981055,-4.4323983,-4.4323993,-4.3968782,-4.61716,-4.410012,-4.5202074,-3.9540856,-4.999668,-5.1255007,-5.1254992,-5.087155,-5.1604824,-4.5546665,-3.9942365,-4.2483683,-5.9408937,-5.8855166,-5.885517,-5.859102,-5.346111,-5.15673,-4.761958,-3.776271,-4.1263986,-4.287851,-4.2878513,-4.2477202,-4.374795,-4.276503,-3.800855,-3.6438122,-3.4694726,-3.706873,-3.7068734,-3.8098485,-3.698277,-3.693336,-4.1396585,-3.8199134,-3.394702,-2.9852636,-2.9852633,-3.6568036,-2.865605,-3.58029,-3.1908903,-3.792775,-5.082297,-4.5309553,-4.530954,-4.5867944,-3.379193,-4.5463514,-4.780054,-3.8404293,-3.7547264,-3.7691467,-3.7691455,-3.79475,-3.8806655,-3.7724907,-3.7849712
c1ccc2c(c1)[nH]c3ccccc32,-5.27,-4.2864237,-2.514009,-2.4654262,-2.4654257,-2.4752963,-2.794811,-2.4868789,-3.1004777,-4.30069,-3.681006,-4.356974,-4.356973,-4.314317,-4.3815093,-4.369621,-4.1901097,-5.19187,-2.8950703,-3.0393705,-3.0393708,-3.0247173,-2.8429587,-3.195449,-2.9925377,-4.583543,-3.9671247,-3.9341574,-3.9341598,-3.7138474,-3.5005517,-2.9696712,-3.1869442,-5.201997,-3.496172,-3.2778518,-3.2778525,-3.4125757,-3.4886494,-3.3909764,-3.433021,-5.111243,-3.0779736,-3.3448472,-3.3448467,-3.418032,-3.308458,-3.2134876,-3.7756171,-4.334134,-1.924904,-1.9781909,-1.978191,-2.1796446,-1.6761878,-2.345477,-2.1803076,-5.0490394,-4.99808,-5.0829883,-5.0829883,-5.0891147,-4.3471646,-5.0671782,-5.230012,-5.185809,-4.7330837,-4.2039604,-4.2039614,-4.2570963,-4.705453,-4.6977344,-4.6307673
CCCCCC1CCCC1,-6.08,-4.3533754,-2.7723327,-2.4746244,-2.4746242,-2.4796197,-2.799535,-2.466949,-2.603466,-5.805351,-2.4523492,-3.7526026,-3.7526028,-3.7616336,-3.7656229,-3.7672608,-2.6678035,-5.989947,-3.0346162,-3.160278,-3.1602778,-3.1524427,-2.988639,-4.3466697,-3.6917672,-5.4914927,-4.613224,-4.5366197,-4.5366206,-4.5174017,-4.0625834,-3.7994652,-4.546772,-6.5311823,-2.6743703,-2.5530624,-2.5530624,-2.6089363,-2.6686103,-2.6348827,-2.3859584,-4.419594,-3.042123,-2.632535,-2.6325347,-2.6084914,-2.6664033,-2.6700218,-2.8560777,-5.660285,-4.5801406,-4.9476776,-4.9476786,-5.1430798,-5.351319,-5.274054,-4.989054,-5.847925,-4.409566,-4.720305,-4.720305,-4.780386,-3.4194252,-4.7747574,-4.665171,-6.20074,-3.847261,-4.024632,-4.024632,-3.9879792,-4.091122,-3.8925214,-3.8056676
O=C1NC(=O)NC(=O)C1(CC)CC,-2.4,-2.4405677,-2.650559,-2.536867,-2.5368667,-2.526789,-2.9308097,-2.5342488,-2.8890269,-2.1954944,-1.5236796,-1.2608186,-1.2608182,-1.2567707,-1.356497,-1.2433367,-2.1189256,-2.1518233,-2.8366637,-2.8763897,-2.8763893,-2.8829825,-2.8627374,-2.1429906,-1.9234333,-1.8286517,-2.2149456,-2.2216537,-2.2216554,-1.71107,-2.0695271,-1.01684,-1.7842033,-2.659787,-2.70786,-2.9219,-2.9219003,-2.7326097,-3.193097,-2.8215408,-2.6193295,-2.310064,-2.274534,-2.4756641,-2.475664,-2.5147538,-2.4902184,-2.366644,-2.628341,-2.1263478,-1.3999265,-1.8566427,-1.856643,-1.9316493,-2.107431,-1.8156668,-2.2079604,-2.2153118,-1.880476,-1.5768282,-1.5768285,-1.6227907,-0.84078765,-1.6111605,-2.1988137,-2.3673065,-1.1270481,-1.1536695,-1.1536691,-1.2496947,-1.5366602,-2.3331556,-0.95958287
CN(C)C=Nc1ccc(Cl)cc1C,-2.86,-3.008267,-3.2427711,-3.169862,-3.1698623,-3.168084,-3.5932443,-3.1351118,-3.6483848,-2.6610475,-2.8946574,-2.302286,-2.302286,-2.2930048,-2.6600957,-2.2760394,-2.780229,-2.7456644,-3.291516,-3.2874765,-3.2874768,-3.2753508,-3.0764854,-3.0700927,-2.7531404,-3.0380461,-3.4799085,-3.5482767,-3.548278,-3.2339122,-3.1681657,-2.4890888,-2.91303,-3.0933464,-2.8107772,-2.6552186,-2.6552186,-2.686583,-2.7815654,-2.6480105,-3.0483146,-3.0825853,-3.381439,-3.678802,-3.678802,-3.730107,-3.6526642,-3.5972438,-4.346937,-3.118923,-2.817147,-2.5443301,-2.5443301,-2.9324985,-2.332967,-2.8687525,-2.5364797,-2.7787602,-2.8923106,-2.7868404,-2.7868404,-2.8635478,-1.7621131,-2.7851276,-2.7095041,-2.8571982,-2.8236945,-2.8117073,-2.8117073,-2.8243,-2.954407,-2.889544,-2.9471824
BrC(Cl)Cl,-1.54,-1.6407835,-1.3529141,-0.49454707,-0.49454707,-0.48096192,-0.72043353,-0.48441342,-1.6077569,-1.4195591,-1.0441068,-1.6220223,-1.622022,-1.6133844,-1.6217166,-1.6125126,-1.3862883,-1.553222,-1.6915752,-1.7143693,-1.714369,-1.7135558,-1.775941,-2.7957973,-2.6968122,-1.585954,-1.1353849,-1.6156337,-1.6156353,-1.1843497,-1.4016075,-0.4279261,-0.9726488,-1.9768982,-2.1666274,-2.0298238,-2.0298233,-2.0979116,-2.0010207,-2.112891,-1.33927,-1.4699379,-1.1727414,-0.8666832,-0.8666831,-0.86767995,-0.92863464,-0.84297454,-2.0641308,-1.4788074,-1.3583646,-1.4475604,-1.4475603,-1.871307,-1.4752133,-1.8314793,-1.7850746,-1.5785618,-1.9555421,-1.8140882,-1.8140881,-1.8232685,-1.5155584,-1.8265349,-1.5799148,-1.8852133,-1.4590763,-1.6785485,-1.6785481,-1.6682099,-1.6256555,-1.2964172,-2.4447048
ClCCl,-0.63,-0.88430816,-0.81659937,-0.184453,-0.18445295,-0.18771945,-0.35233107,-0.21557452,-1.1617888,-0.6107451,0.09526359,-0.9972643,-0.9972645,-0.9918975,-1.1098711,-0.9645332,-0.025216445,-0.97266686,-0.8898937,-0.8632313,-0.8632313,-0.85799295,-0.8824816,-1.0506649,-1.3478227,-0.96164644,-1.186343,-1.6525052,-1.6525056,-1.2325585,-1.282767,-0.44362062,-0.86340004,-0.48136392,-3.1029658,-2.5759199,-2.57592,-2.6178412,-2.9723577,-2.5938594,-1.5721053,-0.7570466,-1.0727549,-0.711821,-0.7118211,-0.7127481,-0.76071835,-0.7063884,-1.8871179,-0.55285734,-1.4732834,-1.0194807,-1.019481,-1.6529049,-0.74616724,-1.574856,-1.204257,-0.6115295,-1.1593065,-1.0341905,-1.0341907,-1.0420371,-0.8965277,-1.042574,-0.7140014,-1.8852133,-1.4590763,-1.6785485,-1.6785481,-1.6682099,-1.6256555,-1.2964172,-2.4447048
Cc1ncc(N(=O)=O)n1CCO ,-1.26,-1.1729805,-2.6437697,-2.2472808,-2.2472806,-2.23582,-2.4328213,-2.2223272,-2.6067474,-1.5838737,-1.4782296,-0.9919744,-0.99197453,-0.97767866,-0.98423475,-0.9962441,-1.7156198,-1.3445705,-2.1021245,-1.9147503,-1.9147503,-1.9080544,-1.9938833,-0.61286163,-0.51235795,-1.0789671,-1.9579855,-2.1942024,-2.1942039,-1.7078828,-1.836987,-1.1412973,-1.4139025,-1.2805688,-2.1388712,-2.0277886,-2.0277889,-2.0076063,-2.2358608,-1.8728521,-1.6846024,-1.2222621,-2.2216933,-2.4144807,-2.4144804,-2.4406667,-2.4147222,-2.2890244,-2.4915078,-1.4321799,-1.1057061,-0.6202461,-0.6202462,-1.3845593,-0.9486547,-1.3492094,-1.0062367,-1.2509415,-1.418416,-1.3550874,-1.355088,-1.3534144,-0.45300147,-1.3265835,-1.4338863,-1.215407,-1.2163564,-1.243946,-1.2439454,-1.2558647,-1.299611,-1.1701723,-1.2798142
Cc1cccc(N)c1,-0.85,-0.5260665,-2.1434915,-1.8476807,-1.8476804,-1.8458687,-1.9709649,-1.8525368,-1.6797105,-0.85761565,-1.556907,-1.0068872,-1.0068867,-1.0087897,-1.1594791,-0.9928782,-1.4944718,-0.9309659,-1.6036419,-1.8011684,-1.8011684,-1.7917116,-1.6488746,-1.2612488,-1.2415419,-1.4463034,-2.3184896,-2.5180018,-2.518004,-2.165892,-2.2901962,-1.4255992,-1.7994579,-0.9379752,-1.6926177,-1.335815,-1.3358153,-1.3425255,-1.3960093,-1.2876047,-0.9725192,-0.88416576,-2.1984427,-2.23696,-2.2369597,-2.255904,-2.2275789,-2.1866257,-1.9580063,-1.1609565,-1.2188976,-0.75629437,-0.7562952,-1.4914416,-0.4387091,-1.3979656,-1.0954678,-1.1390218,-1.3847427,-1.2202429,-1.2202427,-1.2350754,-0.7555028,-1.2290382,-1.3478156,-0.8795878,-1.3097936,-1.0477408,-1.0477408,-1.0757844,-1.1552261,-1.6509979,-1.2402928
CCCCC(=O)C,-0.8,-1.6463354,-2.1470892,-1.7428837,-1.7428839,-1.7471849,-1.9828709,-1.7402309,-1.8623317,-1.3103272,-1.2621776,-1.6057212,-1.6057212,-1.5945741,-1.5130966,-1.5787666,-1.7797388,-0.85841143,-1.7008886,-1.8783776,-1.8783777,-1.8705796,-1.772059,-2.1707542,-2.0606623,-1.1675862,-1.7035187,-1.9688445,-1.9688463,-1.6457158,-1.7230506,-0.8384221,-1.3328941,-0.98012686,-2.0993814,-1.9756145,-1.9756148,-1.9934092,-2.0537062,-1.8668649,-1.7889774,-0.8100937,-2.4023926,-2.2061775,-2.2061772,-2.0734847,-2.2244885,-2.1887329,-2.0811954,-1.264575,-1.8401881,-0.64417446,-0.64417475,-1.7842362,-0.69864386,-1.7400852,-1.1672612,-0.9714829,-2.043015,-1.7593623,-1.7593625,-1.7854652,-1.2061799,-1.7686439,-2.1772273,-0.83374995,-1.0672125,-1.2143583,-1.2143582,-1.2206839,-1.3069717,-1.0087306,-1.149987
CCN(CC)c1nc(Cl)nc(n1)N(CC)CC,-4.4110000000000005,-4.390495,-4.2284923,-3.7879775,-3.7879777,-3.7773015,-4.042542,-3.7704883,-3.3687818,-4.021982,-3.1696057,-3.1239014,-3.1239023,-2.9624665,-3.6180222,-3.1624553,-3.5163774,-4.374879,-4.6277795,-4.5847626,-4.5847626,-4.534284,-4.5349994,-3.8094358,-3.2285917,-3.7618134,-4.366197,-4.1603,-4.1603026,-3.8389559,-3.682269,-3.084148,-3.603838,-4.553663,-4.523073,-4.7001567,-4.700157,-4.463924,-4.8747134,-4.137738,-4.6205516,-4.526812,-3.4869187,-3.9791374,-3.9791374,-4.069387,-3.8978832,-3.766356,-4.5011377,-4.0980406,-3.3009827,-3.5236382,-3.5236385,-3.6242616,-3.3231668,-3.5705676,-3.5906582,-4.246272,-4.3309684,-4.0849385,-4.084939,-4.1572003,-2.8429534,-4.0463037,-4.980911,-4.2762694,-4.3773775,-4.3708863,-4.3708854,-4.400104,-4.6140256,-4.53941,-4.4418488
CN(C=Nc1ccc(C)cc1C)C=Nc2ccc(C)cc2C,-5.47,-4.633924,-5.2321744,-5.0024786,-5.0024786,-5.0057817,-5.506745,-4.9743743,-4.980367,-5.2537036,-5.808706,-5.7504086,-5.750409,-5.693046,-6.058285,-5.763487,-5.229293,-5.819617,-5.30524,-5.379278,-5.379278,-5.4867916,-5.1785955,-5.0326047,-4.0227556,-4.982068,-5.4793115,-5.3734035,-5.3734055,-5.292351,-5.019001,-4.662093,-5.157259,-5.460232,-5.3353853,-5.0974402,-5.09744,-5.1153283,-5.3607736,-5.2399836,-4.657229,-5.309683,-5.9983044,-5.8499174,-5.849918,-5.989605,-5.6918855,-6.19231,-5.4936757,-5.2544756,-6.231315,-5.44288,-5.4428797,-6.3711677,-6.072804,-6.18479,-5.4330626,-5.755477,-5.745726,-5.7051315,-5.7051325,-5.7370534,-4.1460786,-5.643502,-5.570582,-5.3117995,-5.406905,-5.373777,-5.3737774,-5.408217,-5.75426,-5.7088094,-5.3242292
CCOc1ccc(cc1)C(C)(C)COCc3cccc(Oc2ccccc2)c3,-8.6,-6.786641,-7.1915493,-6.4507756,-6.450776,-6.4527326,-6.792215,-6.4551573,-5.606667,-7.752581,-5.3663917,-5.995985,-5.995986,-5.8825164,-6.5434885,-6.0788364,-6.2786655,-8.394823,-6.5369987,-7.043628,-7.0436277,-7.0909925,-6.736328,-8.18613,-7.276734,-8.444872,-6.5587654,-6.3853545,-6.385356,-6.348215,-5.8637776,-5.904589,-6.608016,-8.385178,-7.324093,-6.9061146,-6.906114,-6.890707,-7.0096917,-6.639011,-5.91931,-6.8871994,-7.172787,-6.7623887,-6.7623887,-6.504504,-6.8005652,-6.9547563,-6.2195525,-8.197543,-5.8509955,-5.618876,-5.6188765,-5.7901316,-6.715044,-6.0993056,-7.0177746,-8.385147,-7.0512834,-7.2264132,-7.226413,-7.2224755,-5.38901,-7.1561017,-6.8676515,-8.199343,-8.4063,-8.528481,-8.52848,-8.5919485,-9.250755,-8.670175,-8.560454
CC(C)N(C(C)C)C(=O)SCC(=CCl)Cl,-4.2860000000000005,-3.941927,-3.7335992,-3.4500601,-3.45006,-3.4473283,-3.7809718,-3.4433174,-3.8516269,-4.157993,-3.240714,-2.6091068,-2.609107,-2.558843,-2.9112656,-2.594155,-3.2465446,-3.9958127,-4.251511,-4.069307,-4.069307,-4.0659747,-4.111878,-3.6773388,-3.1375206,-3.825419,-4.0861964,-4.066258,-4.06626,-4.0795503,-3.7961774,-3.2379,-3.7633297,-4.7258883,-3.5329776,-3.7063153,-3.7063153,-3.661141,-3.7891707,-3.5549526,-4.094916,-3.7605891,-3.3541787,-2.9341924,-2.934193,-2.765941,-2.812708,-2.6404147,-2.6631756,-4.0922856,-3.2237546,-2.4432635,-2.4432635,-3.4704905,-2.187616,-3.4383926,-2.7379236,-3.8730865,-3.6729288,-3.6850104,-3.685011,-3.6894662,-2.4475238,-3.7799003,-4.3429656,-4.306308,-4.114817,-4.0858183,-4.0858183,-4.1813836,-4.215331,-4.2518573,-3.963857
C/C1CCC(\C)CC1,-4.47,-2.7590146,-2.0478032,-1.4522856,-1.4522856,-1.4517676,-1.6582528,-1.4434655,-1.6535285,-4.69436,-1.7848343,-3.2971063,-3.2971063,-3.273571,-3.0898743,-3.2845945,-2.6159177,-4.438806,-2.3292682,-2.6184466,-2.6184468,-2.6269119,-2.4285533,-4.1759753,-3.8546019,-4.6690216,-3.8073475,-3.7650893,-3.7650914,-3.7616498,-3.3837578,-2.8542092,-3.5461426,-4.4300046,-3.4559689,-2.9734452,-2.9734452,-2.8888903,-3.1176069,-2.7478554,-3.4063823,-4.130446,-2.7565403,-3.014271,-3.014271,-3.0689642,-2.9111521,-2.8726392,-3.2129905,-4.2267714,-3.0679047,-3.6583357,-3.658336,-3.077079,-4.0221286,-3.0790167,-3.5149264,-4.5675964,-4.5156293,-4.740395,-4.740396,-4.73697,-3.680636,-4.7528915,-4.5295486,-4.392471,-2.657128,-2.987959,-2.9879591,-2.9895866,-2.9237454,-2.6083379,-3.1004739
C1c2ccccc2c3ccccc13,-5.0,-3.741317,-2.5716178,-2.4840515,-2.484052,-2.4924314,-2.7950296,-2.506393,-3.1222825,-5.052622,-3.9164567,-4.9063277,-4.906327,-4.8587303,-4.9498625,-4.921774,-4.590937,-5.108541,-2.7501643,-2.9422219,-2.9422219,-2.9341817,-2.7642086,-4.2013674,-3.8460617,-4.617847,-5.0924473,-4.7578707,-4.7578726,-4.71799,-4.432123,-3.9568775,-4.679894,-5.0922403,-3.5893617,-3.4502704,-3.4502702,-3.576262,-3.6579478,-3.5447364,-3.911828,-5.067275,-3.1041763,-3.406969,-3.406969,-3.4852073,-3.35817,-3.2746825,-3.904544,-4.983492,-6.049832,-4.966831,-4.9668307,-6.444927,-5.4113812,-6.3996153,-4.7154264,-5.0838747,-5.241924,-4.7226596,-4.7226596,-4.708438,-3.817612,-4.718839,-4.6063166,-4.582711,-4.310122,-4.4811406,-4.4811416,-4.4781227,-4.422306,-4.2475243,-4.375193
NC(N)=NC#N ,-0.31,-1.0261672,-1.8736881,-1.5974404,-1.5974406,-1.6068088,-1.7731348,-1.6072863,-1.2127131,-0.41216144,0.0072380775,0.27799904,0.27799863,0.26620567,0.086176746,0.30256525,-0.080381304,-0.058109086,-1.014547,-1.0180284,-1.0180284,-1.0098228,-0.92562294,0.39513645,0.015455865,0.98724765,-0.5019549,-0.7249947,-0.7249979,-0.12192919,-0.46748605,0.51627797,-0.35566276,-0.48407865,-1.5823756,-1.4062243,-1.406224,-1.4254026,-1.5345807,-1.4451308,-0.9501401,-0.02494197,-1.5291618,-0.77614695,-0.77614707,-0.7736867,-0.93446076,-0.987641,-0.5273572,-0.2894164,-0.1022577,-0.18000199,-0.18000121,-0.13171807,0.061411288,-0.08963016,-0.22366494,-0.31992105,0.27346465,0.14471787,0.14471817,0.10488662,0.47070768,0.15345535,-0.17847311,-0.26976407,-0.3085332,-0.30271173,-0.302712,-0.29413357,-0.4018867,-0.32765538,-0.026005179
Oc1ccc(C=O)cc1,-0.96,-1.6149371,-2.1911507,-2.0849636,-2.0849636,-2.097554,-2.3869097,-2.1021802,-2.165442,-1.6766348,-1.433132,-1.3854837,-1.3854837,-1.3855242,-1.3252234,-1.3790262,-1.7703565,-1.0770724,-1.4270352,-1.5030806,-1.5030805,-1.4975843,-1.3987519,-0.6012173,-0.543025,-0.81042063,-1.7789954,-2.0246615,-2.024663,-1.5267583,-1.7526567,-0.83782524,-1.2810397,-1.0655829,-1.6987709,-1.5406096,-1.5406095,-1.5578749,-1.6980286,-1.5572749,-1.3418152,-1.2382711,-3.1037848,-3.1674504,-3.1674507,-3.3173914,-3.0897331,-3.2156758,-2.841795,-1.8569095,-0.45882264,-1.0239087,-1.0239087,-1.2452872,-0.9729404,-1.1541345,-1.1930647,-1.1321459,-1.2559214,-1.1972562,-1.1972563,-1.2350389,-0.96135724,-1.2135252,-1.3443166,-0.99256265,-1.1487383,-1.0722163,-1.0722164,-1.0712023,-1.1250335,-1.150158,-1.0193057
CCCCC1C(=O)N(N(C1=O)c2ccc(O)cc2)c3ccccc3 ,-3.73,-4.059423,-5.5256624,-5.0199437,-5.0199423,-5.013738,-5.3017535,-5.0119777,-4.1896195,-3.6723552,-3.8680978,-3.670487,-3.6704884,-3.6166441,-4.176589,-3.7110198,-4.134183,-3.8312004,-4.5754457,-4.722474,-4.722474,-4.5625606,-4.72187,-4.038942,-3.2695248,-3.7655997,-5.0264397,-4.7672396,-4.7672415,-4.4343204,-4.214496,-3.8881087,-3.8198874,-3.866336,-4.9867115,-4.8396397,-4.839639,-4.7946353,-4.9089365,-4.830146,-3.674614,-3.644912,-4.92313,-5.44457,-5.44457,-5.56424,-5.249249,-5.000422,-4.8184233,-3.283076,-3.5203307,-4.6976957,-4.6976957,-4.3753986,-4.776484,-4.3791213,-4.3925056,-3.241982,-4.3869023,-4.232275,-4.2322745,-4.3040366,-2.9561417,-4.1558723,-4.734468,-3.6705673,-3.7415202,-3.7406232,-3.740624,-3.7582126,-3.9177713,-3.8819268,-3.7369215
CCOP(=S)(OCC)SCSCC,-4.11,-4.116515,-3.8820913,-3.6928318,-3.6928322,-3.6962452,-3.9374332,-3.7002802,-3.6828053,-3.88168,-3.4852574,-3.7704856,-3.7704864,-3.732355,-4.1216717,-3.791946,-3.8782473,-4.0133443,-3.900667,-3.6856208,-3.6856205,-3.6995115,-3.6883385,-4.056012,-3.5426593,-3.8775768,-3.7980888,-3.7594688,-3.7594712,-3.5860846,-3.506209,-2.7932491,-3.521131,-4.1496134,-3.6356583,-3.449918,-3.4499183,-3.4380229,-3.6333256,-3.3940609,-3.14558,-3.2328422,-3.9394925,-4.1900806,-4.1900806,-4.119418,-4.116199,-4.06467,-4.625957,-3.8126895,-3.5096092,-3.1118083,-3.1118088,-3.7615047,-2.6101236,-3.8428884,-3.2338762,-4.065181,-4.657657,-4.455289,-4.4552894,-4.49832,-3.3178492,-4.405134,-4.9591317,-4.0884976,-3.9846845,-4.0001345,-4.0001326,-4.125788,-4.2209463,-4.080216,-4.1743846
CNC(=O)Oc1ccc(N(C)C)c(C)c1,-2.36,-2.9100363,-3.498184,-3.3349092,-3.334909,-3.3461297,-3.7030103,-3.3668242,-3.3137496,-2.829646,-3.5796218,-2.3937547,-2.3937554,-2.2973766,-2.91931,-2.365297,-2.7843816,-2.2821198,-3.4015968,-3.3171098,-3.3171093,-3.2735717,-3.2220132,-2.438087,-2.0797923,-2.1983228,-1.9557261,-2.2040212,-2.2040224,-1.8211554,-1.9557984,-1.1279266,-1.691166,-2.716081,-3.2433877,-3.076788,-3.0767882,-3.1337316,-3.280196,-3.231508,-2.6723049,-2.6298804,-4.077754,-3.6303034,-3.6303031,-3.7602766,-3.6851985,-4.0316,-3.7060957,-2.145255,-3.8209543,-3.2000222,-3.2000225,-4.333536,-3.2224364,-4.323731,-3.359691,-2.5331023,-2.9768188,-2.6735163,-2.6735163,-2.7243586,-1.8160617,-2.6773977,-3.3773172,-2.3267517,-2.3193588,-2.3294227,-2.3294225,-2.3450384,-2.3693755,-2.3655975,-2.4317033
CCCCCC(=O)OCC,-2.35,-2.468738,-2.9274092,-2.7128425,-2.7128425,-2.711623,-3.0455048,-2.6914573,-2.699326,-2.8889918,-2.5997367,-2.5382786,-2.538279,-2.4576185,-2.801191,-2.5478961,-2.4730456,-2.077984,-2.6465201,-2.7335422,-2.733542,-2.7248569,-2.5722806,-3.0662441,-2.6975992,-2.4655957,-2.7141078,-2.8702302,-2.870232,-2.7547581,-2.625884,-1.8400983,-2.2286308,-2.4182541,-2.785205,-2.6881442,-2.6881442,-2.7225547,-2.8743508,-2.5841904,-2.472147,-2.4664464,-3.4897554,-3.33174,-3.3317401,-3.016434,-3.33268,-3.1353498,-3.5357416,-2.216453,-2.756188,-2.460905,-2.4609056,-3.350183,-2.0646691,-3.2912169,-2.5750349,-2.2796001,-3.1353192,-2.7637117,-2.7637122,-2.822806,-1.9395621,-2.7645028,-3.3892944,-2.312637,-1.9966308,-1.9922996,-1.9922985,-2.0891066,-2.1663,-2.31617,-2.0035555
OC3N=C(c1ccccc1Cl)c2cc(Cl)ccc2NC3=O,-3.604,-3.3760788,-5.1275096,-4.839519,-4.839519,-4.834025,-5.1276817,-4.8166804,-4.3698983,-3.712258,-4.5485725,-4.720017,-4.7200165,-4.688789,-4.7074265,-4.6609993,-4.1173844,-3.694678,-5.134301,-4.8162518,-4.8162518,-4.8202205,-5.0283318,-4.1084547,-3.361237,-3.618293,-4.7337456,-4.95219,-4.952191,-4.6638327,-4.348973,-3.9987605,-3.9556074,-3.6374545,-3.974121,-4.0363774,-4.0363774,-3.981868,-4.1783504,-3.9371588,-3.6922991,-3.5606027,-3.063277,-3.0023465,-3.0023465,-2.958175,-3.078933,-3.1326566,-3.1959958,-3.5062327,-2.1256235,-2.3614478,-2.3614478,-2.420019,-2.489724,-2.3644006,-2.3942614,-3.510622,-5.1771264,-5.0800905,-5.0800905,-5.102594,-3.6603837,-5.0018053,-5.329464,-3.479629,-3.5790322,-3.6373796,-3.6373775,-3.6738565,-3.8027816,-3.784503,-3.7601717
O=c2[nH]c(=O)c1[nH]c(=O)[nH]c1[nH]2 ,-3.93,-3.1693873,-2.4634,-2.375643,-2.3756428,-2.38072,-2.6427674,-2.3909197,-2.8002946,-3.6731956,-0.93146175,-2.1664143,-2.1664145,-2.1755126,-2.0704308,-2.1385016,-1.2886199,-3.9177196,-1.705828,-1.5916209,-1.5916209,-1.5797166,-1.5970415,-0.70670366,-0.7472138,-3.5793424,-0.590036,-1.3642114,-1.3642124,-0.99714494,-1.1805707,-0.2990018,-0.7347205,-3.7679775,-1.824871,-1.9741023,-1.974102,-1.943608,-2.0953991,-1.9230475,-1.7218708,-3.747783,-2.2593544,-2.3567119,-2.3567116,-2.391195,-2.335821,-2.2757201,-1.9228755,-3.8021889,-3.4303846,-3.4697063,-3.4697068,-4.0742235,-3.891575,-4.0973783,-3.636168,-3.8882165,-2.0026836,-1.6168394,-1.6168394,-1.6532136,-1.355216,-1.617069,-1.7893914,-3.8875294,-3.8915827,-3.8951535,-3.8951554,-3.9059203,-3.9278247,-3.9428942,-3.9820597
Brc1ccccc1Br,-3.5,-2.9173412,-2.5644188,-2.6363556,-2.6363559,-2.6356444,-2.924822,-2.6476908,-2.5546424,-3.4530914,-3.5322275,-3.2360005,-3.2360005,-3.2286875,-3.2008107,-3.2348351,-3.8389523,-3.444418,-2.0915256,-2.1479757,-2.1479752,-2.1405313,-1.9538387,-3.4366555,-3.3895943,-3.0699015,-3.240845,-3.4496686,-3.4496694,-3.2315557,-3.172128,-2.3881764,-2.8863347,-3.6876266,-2.721982,-3.301354,-3.3013535,-3.2607317,-3.1304872,-3.312812,-4.598048,-3.5577807,-2.281604,-2.3536286,-2.3536286,-2.4173021,-2.3663793,-2.4521823,-2.7008185,-3.576102,-3.5133443,-3.5052981,-3.5052986,-3.4723268,-3.732787,-3.4527078,-3.4605834,-3.4463577,-3.9870026,-3.8101597,-3.8101602,-3.8185165,-3.2879632,-3.821591,-3.9232497,-3.4028249,-3.6292717,-3.5177007,-3.5177007,-3.5537114,-3.5374274,-3.6943266,-3.1028259
O=C1NC(=O)NC(=O)C1(C)C,-1.742,-1.7894335,-1.9807974,-1.4949149,-1.494915,-1.4800087,-1.7665151,-1.4704305,-2.6215801,-1.2672404,-0.7461715,-0.93266416,-0.932665,-0.9507644,-1.075446,-0.9258746,-1.3179427,-1.7684059,-2.3361413,-2.4401073,-2.4401078,-2.434574,-2.3669336,-1.5450683,-1.5746403,-1.4066894,-1.4894557,-1.8227694,-1.8227701,-1.4550415,-1.5340267,-0.7581498,-1.1108316,-1.848204,-2.8891745,-3.9584591,-3.9584584,-3.9400656,-3.7579598,-4.0163293,-2.0994587,-1.8644203,-2.000689,-1.9265853,-1.9265852,-1.9524888,-1.9798547,-1.9268781,-1.5957649,-1.5619767,-1.4443527,-1.3360001,-1.3360003,-1.936727,-1.416451,-1.8093626,-1.8704681,-1.5359141,-1.1241056,-1.0811499,-1.0811499,-1.1123312,-0.5380225,-1.0931458,-1.162686,-1.7626686,-1.7732857,-1.7769052,-1.7769048,-1.7745621,-1.8269503,-1.7667807,-1.8435444
OC1CCCCC1,-0.44,-0.4464117,-1.7463508,-1.0740312,-1.0740314,-1.065408,-1.256097,-1.083316,-1.4982127,-1.0931131,-1.2712601,-1.6481038,-1.6481035,-1.6332431,-1.7059762,-1.6426585,-1.569545,-0.57650536,-1.6985567,-1.8654404,-1.8654404,-1.865023,-1.7143507,-1.8471789,-1.8170308,-0.7340868,-2.231519,-2.3730686,-2.3730702,-2.1110284,-2.0330029,-1.3269844,-1.8292357,-0.34546858,-1.7232229,-1.4395727,-1.4395728,-1.4596789,-1.5682647,-1.7402158,-1.1914755,-0.8312303,-2.0298924,-2.1106324,-2.1106324,-2.1087065,-2.0722969,-1.8679719,-1.7588233,-0.5205945,-1.1186166,0.062080283,0.062079947,-1.3065526,0.28406835,-1.2447945,-0.7353066,-0.3847843,-2.0088313,-1.9415168,-1.9415176,-1.8906674,-1.3698683,-1.9468725,-1.79354,-0.52954566,-0.15574533,-0.06487906,-0.06487896,-0.05502367,-0.14034027,-0.05658496,0.30890957
CC=CC=O,0.32,-0.34997422,-1.6045703,-1.2753819,-1.275382,-1.2738742,-1.42908,-1.2632498,-1.0837358,0.11762762,-0.54582787,0.14861715,0.14861646,0.1439238,0.058578216,0.16306654,-0.7304768,0.07916346,-0.9377672,-0.9043926,-0.9043926,-0.8973935,-0.8386395,-0.26725054,-0.28650108,-0.696706,-1.0440117,-1.353397,-1.353399,-0.9214769,-1.1348808,-0.18600912,-0.85463995,0.27072233,-1.5591378,-1.1459638,-1.1459637,-1.1541468,-1.2265196,-1.1411414,-0.46074238,0.5616738,-1.7901155,-1.4069833,-1.4069831,-1.2270908,-1.4368265,-1.2146115,-0.8277563,0.082815185,-0.7223259,0.52528673,0.5252865,-0.680994,0.6465368,-0.6044203,-0.22624402,0.2604533,-0.39337426,-0.32475448,-0.32475442,-0.3428673,0.05169267,-0.29479438,-0.447092,0.24678478,0.15852061,0.31969815,0.31969827,0.31558502,0.32102963,0.13591294,0.2259262
ClC1=C(Cl)C2(Cl)C3C4CC(C=C4)C3C1(Cl)C2(Cl)Cl,-6.307,-6.6251993,-4.1950946,-4.8835955,-4.8835955,-4.873704,-5.240948,-4.752712,-6.828942,-6.1226907,-5.84596,-6.2680655,-6.268066,-6.244928,-6.235239,-6.1940045,-6.1707616,-6.187971,-7.1220655,-6.9879045,-6.987905,-7.000676,-6.861897,-6.5230365,-6.536257,-5.9104505,-6.591705,-6.187083,-6.1870832,-6.4780545,-5.91037,-5.8259044,-6.3494473,-6.4062448,-3.808013,-4.3935866,-4.3935866,-4.3501487,-4.670079,-4.7137427,-6.1167545,-6.282563,-2.607764,-2.7567384,-2.7567387,-2.5478227,-2.7586584,-2.7087884,-3.3480484,-6.3840184,-4.427626,-5.471895,-5.4718947,-4.953536,-6.0998816,-5.2005277,-5.83938,-6.211768,-6.6928787,-6.7071652,-6.707167,-6.6925592,-5.350562,-6.592909,-6.893046,-6.209351,-6.0653257,-6.2922873,-6.292287,-6.336475,-6.4649625,-6.1415076,-6.3365617
CCN2c1cc(OC)cc(C)c1NC(=O)c3cccnc23 ,-5.153,-5.0911036,-4.3351607,-3.9467754,-3.9467754,-3.9435349,-4.223727,-3.925651,-3.7064004,-5.1708364,-3.6508543,-3.360351,-3.360352,-3.334018,-3.6646855,-3.3642867,-3.5032802,-4.8203387,-4.433784,-4.3778434,-4.377844,-4.335554,-4.511051,-4.0953526,-3.7094972,-4.7379117,-4.8808,-5.0645885,-5.0645905,-4.75508,-4.4329886,-4.0887346,-4.3059425,-5.3370724,-4.4743123,-4.4073515,-4.4073515,-4.3748717,-4.4311004,-4.395383,-3.315705,-4.5957804,-3.8686104,-4.460275,-4.4602747,-4.597765,-4.3961654,-4.2809806,-4.604838,-4.3497458,-2.9679434,-3.7061038,-3.7061038,-3.6061335,-3.5395021,-3.5080762,-3.6621506,-4.3556933,-3.7922006,-3.4216053,-3.4216056,-3.5049653,-2.4682894,-3.502502,-3.9499292,-4.8983793,-5.1074214,-5.2516675,-5.251664,-5.2853355,-5.3953805,-5.4284754,-5.1035423
Cn2c(=O)n(C)c1ncn(CC(O)CO)c1c2=O,-0.17,-2.114812,-3.6811676,-3.360204,-3.3602042,-3.3586967,-3.6253035,-3.3738189,-3.476632,-0.7486891,-1.7463702,-1.5719882,-1.5719883,-1.5338987,-1.5070919,-1.5779631,-1.819078,-0.44383854,-3.3666093,-2.7024753,-2.7024755,-2.6840968,-3.0806653,-1.096556,-0.39079118,-0.49443513,-1.7746512,-2.1743083,-2.1743095,-1.7286497,-1.8931243,-1.163158,-1.4330465,-0.13068467,-3.0860577,-2.8312643,-2.831264,-2.8378172,-2.9769404,-2.7825208,-2.4961648,-2.0839949,-3.3705397,-3.7230117,-3.7230117,-3.5496333,-3.7079656,-3.5226665,-4.365919,-0.22555462,-2.4758441,-2.2629387,-2.2629387,-2.8406982,-2.2198143,-2.7925377,-2.4010787,-0.2761546,-1.5852041,-1.4704386,-1.4704387,-1.2964975,-0.71392703,-1.3696511,-2.243213,-0.15030167,-1.151673,-2.004974,-2.0049732,-2.1384897,-1.9432617,-2.7938507,-1.9790578
CN2C(=C(O)c1ccccc1S2(=O)=O)C(=O)Nc3ccccn3 ,-4.16,-4.621952,-4.7383733,-4.520633,-4.5206327,-4.528177,-4.9067235,-4.561012,-4.88054,-4.5577426,-3.5779514,-3.2633526,-3.2633529,-3.2519212,-3.7211413,-3.2144344,-2.8574195,-4.197474,-5.1685305,-4.9308996,-4.9309006,-4.837629,-5.0674057,-3.2284155,-2.6780286,-3.7875137,-4.975126,-5.2404675,-5.2404695,-4.939259,-4.7840056,-4.3270736,-4.0106716,-4.2853117,-4.1775312,-4.1260433,-4.1260433,-4.152595,-4.2761116,-4.2730126,-3.824876,-3.8153229,-5.133751,-4.5747347,-4.5747347,-4.802768,-4.3401546,-4.897203,-4.6012416,-3.8288167,-3.386642,-4.2612276,-4.2612276,-4.0147505,-4.087398,-3.9641557,-4.214166,-3.9327092,-3.771191,-3.6962335,-3.6962337,-3.748037,-2.5957866,-3.6341946,-4.1923237,-4.027185,-4.164959,-4.127763,-4.12776,-4.185968,-4.376528,-4.3839345,-4.2924533
Cc1cccc(C)c1NC(=O)c2cc(c(Cl)cc2O)S(N)(=O)=O,-3.79,-4.1976748,-5.2852283,-4.803627,-4.803628,-4.8078375,-5.135997,-4.8032856,-4.3527026,-3.7536278,-3.7028117,-3.7396955,-3.7396958,-3.7083025,-4.285121,-3.6543224,-3.6072922,-4.0220118,-5.089166,-4.7996836,-4.799683,-4.702825,-4.9047804,-3.6802301,-3.0056782,-3.6638844,-5.375744,-5.326222,-5.326224,-5.0307617,-4.8116813,-4.350085,-4.0037193,-3.8811536,-5.0238504,-4.8750343,-4.875034,-4.8985705,-4.931961,-5.0848894,-3.924982,-3.2954414,-4.221687,-4.1045313,-4.1045313,-4.0985813,-4.0667825,-4.173665,-4.0660605,-4.0293717,-3.1478684,-4.2066298,-4.2066298,-3.8529725,-4.1343913,-3.9249506,-4.2663803,-3.2740364,-3.87288,-3.7059808,-3.705981,-3.7618666,-2.5724616,-3.6549444,-3.8403018,-3.7030132,-3.8275676,-3.8787715,-3.8787704,-3.901159,-4.0453777,-4.0419955,-3.75273
N(Nc1ccccc1)c2ccccc2 ,-2.92,-2.9574196,-3.288032,-3.2739642,-3.273964,-3.2795618,-3.7417488,-3.2457373,-3.361478,-3.3684552,-3.7562718,-3.265396,-3.2653973,-3.2256858,-3.8864925,-3.2624984,-3.375456,-2.952375,-3.243567,-3.4374,-3.4374,-3.4149454,-3.1934626,-3.3077176,-2.8790617,-3.6418176,-4.0014224,-4.112467,-4.1124682,-3.834707,-3.8155851,-3.1755795,-3.6627886,-3.4010406,-5.1855145,-4.2870636,-4.2870646,-4.6300435,-4.29737,-4.748756,-3.3089614,-3.4098954,-4.115968,-4.3718867,-4.3718863,-4.485464,-4.292919,-4.227413,-4.7765107,-3.0126953,-3.0667422,-3.314678,-3.3146787,-3.4008572,-3.1185205,-3.428552,-3.4411652,-3.0868049,-4.1213326,-3.9054081,-3.9054089,-3.998699,-2.917848,-3.9651396,-3.8112082,-2.8527904,-3.020129,-2.9451253,-2.9451256,-2.9452314,-2.969824,-3.097233,-2.9405851
CCCCC(C)(O)CC,-1.6,-2.5986853,-2.5221815,-2.1320293,-2.1320298,-2.1356206,-2.403243,-2.1214523,-2.2394123,-2.0037048,-1.6469065,-2.5909982,-2.590999,-2.5782833,-2.4887457,-2.5656652,-2.3021092,-1.796909,-2.5023115,-2.6016061,-2.601606,-2.5937326,-2.47809,-2.4715319,-2.3944592,-1.7358097,-3.1179106,-3.1364772,-3.136479,-2.8787248,-2.8406549,-1.972587,-2.6280684,-2.129881,-2.4219446,-2.3415318,-2.341532,-2.36557,-2.4333212,-2.3086154,-2.0610042,-2.2452712,-2.771127,-2.8075004,-2.8075004,-2.4453409,-2.8184757,-2.6418996,-3.0171824,-1.8420823,-2.247291,-1.5003308,-1.5003312,-2.4375954,-1.3331137,-2.40241,-1.8896836,-1.662081,-2.7596412,-2.6219435,-2.6219432,-2.518689,-1.7146432,-2.5781593,-3.0373526,-1.7178046,-1.5501887,-1.5199767,-1.5199761,-1.5516533,-1.7407005,-1.7181556,-1.5579293
CSc1nc(NC(C)C)nc(NC(C)C)n1,-4.1,-3.9129481,-4.251352,-3.821104,-3.8211033,-3.8115466,-4.073816,-3.7855973,-3.3328764,-3.7335427,-2.6625998,-3.0656605,-3.0656612,-2.9893153,-3.514675,-3.0611002,-3.3001935,-3.7494197,-4.417883,-4.371405,-4.3714046,-4.3610897,-4.3263507,-3.9298062,-3.3515577,-3.5369637,-3.3840196,-3.3601475,-3.3601494,-3.1221502,-3.0571318,-2.3264856,-2.960807,-3.916266,-4.1343517,-3.9356618,-3.935662,-3.8897781,-4.017067,-4.073364,-2.7301927,-3.2804387,-3.6005805,-3.950826,-3.9508262,-3.927603,-3.9871953,-3.824553,-4.214005,-3.6323788,-3.0235877,-3.7105424,-3.7105427,-3.381288,-3.492284,-3.3754902,-3.8012283,-3.6895974,-3.6074176,-3.3029377,-3.302938,-3.3934214,-2.4078572,-3.3523183,-3.4034805,-3.9916027,-4.1728067,-4.072257,-4.0722547,-4.088041,-4.191601,-4.2692847,-4.300477
CC(O)c1ccccc1,-0.92,-1.1151301,-2.194305,-1.806507,-1.8065069,-1.8094772,-1.9878631,-1.8117911,-1.8882397,-1.490855,-1.8985946,-1.6996361,-1.6996361,-1.6826984,-1.7649294,-1.6827128,-2.163976,-1.1153314,-1.7581061,-1.8736086,-1.8736088,-1.862071,-1.7358717,-1.1319764,-1.240955,-0.5022405,-2.3498087,-2.436457,-2.4364586,-2.0117981,-2.1279373,-1.314219,-1.6405466,-1.0144432,-1.9620048,-1.6165824,-1.6165823,-1.6480943,-1.6639006,-1.6327375,-1.239145,-1.0413738,-2.1647449,-2.1272488,-2.1272483,-2.1383805,-2.1401849,-2.0973837,-1.8330411,-1.0435836,-1.4831661,-0.90811384,-0.9081141,-1.7623769,-0.6551346,-1.6903514,-1.3129865,-0.9771964,-0.5211749,-0.54676753,-0.5467677,-0.6068068,0.06321631,-0.5667419,-0.90042645,-0.9451844,-0.6447592,-0.6857508,-0.68575054,-0.6854007,-0.658786,-0.83550495,-0.94995075
CN(C)c2c(C)n(C)n(c1ccccc1)c2=O ,-0.364,-1.5949538,-3.5232775,-3.1592782,-3.1592782,-3.1613152,-3.4183958,-3.1809506,-3.081021,-1.3342936,-3.0663433,-2.5030653,-2.5030656,-2.4668703,-2.8559191,-2.4949977,-2.7831743,-0.022133566,-3.7292128,-3.5369377,-3.5369377,-3.4997149,-3.6304243,-2.4021392,-1.9995617,-0.6427641,-4.07361,-3.9796422,-3.979644,-3.748117,-3.5056953,-3.0237365,-3.0060554,-0.33894783,-3.2742205,-3.1725967,-3.1725965,-3.1888673,-3.262976,-3.2068746,-2.759751,-1.4429778,-3.296997,-3.06923,-3.0692298,-3.0453908,-3.1491907,-3.261561,-3.0187135,-0.7369027,-3.588155,-3.0681593,-3.0681598,-3.848257,-2.7639356,-3.7693858,-3.140612,-0.8730661,-3.2795088,-3.173353,-3.173353,-3.2129803,-2.1289444,-3.2099714,-3.800148,-0.441837,0.23952883,-0.24921077,-0.24920973,-0.27767968,-0.24698906,0.08040844,0.13827802
CCCCCl,-2.03,-1.862949,-1.5955048,-1.1652175,-1.1652174,-1.159635,-1.421985,-1.1372954,-1.848331,-1.9614038,-1.3074943,-1.2653122,-1.2653118,-1.2575756,-1.3170624,-1.2500093,-1.4477599,-2.186494,-1.2303987,-1.3799989,-1.3799989,-1.3723483,-1.2859387,-1.8074596,-1.5120132,-2.2729673,-2.3203027,-2.3886995,-2.3887017,-2.1328843,-2.129168,-1.3088603,-1.7342682,-2.0618436,-1.8321987,-1.6441479,-1.6441479,-1.5980718,-1.5669589,-1.4852736,-1.791518,-1.7129061,-1.8390445,-1.5966156,-1.5966156,-1.556261,-1.6019025,-1.5629497,-1.221115,-2.1450775,-2.1418405,-1.8765545,-1.8765547,-1.9987816,-2.1142945,-1.9397916,-2.086535,-1.9232237,-2.3953261,-2.1375353,-2.1375356,-2.1628315,-1.6561527,-2.15782,-2.1290526,-2.369329,-2.3568044,-2.3620813,-2.362081,-2.3842633,-2.4503498,-2.6238372,-2.2907221
CC1(C)C(C=C(Cl)C(F)(F)F)C1C(=O)OC(C#N)c2cccc(Oc3ccccc3)c2,-8.176,-6.347665,-7.689466,-6.8298163,-6.8298163,-6.8195925,-7.1238966,-6.7651763,-6.036216,-7.8320265,-4.8546576,-4.53929,-4.5392904,-4.527333,-4.9731407,-4.548575,-5.155189,-8.13335,-6.501501,-6.4699116,-6.469911,-6.496935,-6.6068997,-8.146138,-6.5311193,-8.055136,-7.860583,-7.145297,-7.145298,-7.3632784,-6.677098,-6.7974534,-7.263484,-7.525153,-7.1005936,-6.748925,-6.748925,-6.7608404,-6.8339005,-7.0598693,-5.9719877,-5.911046,-5.9068522,-5.409532,-5.409532,-5.411507,-5.369534,-5.2991195,-5.32353,-7.6144586,-5.697557,-4.9646444,-4.964644,-5.820611,-6.035706,-6.0068173,-6.5348325,-8.034049,-6.2337117,-5.9481626,-5.948163,-5.9737,-4.6003103,-5.992897,-6.458467,-7.86652,-8.069674,-8.159872,-8.159869,-8.18634,-8.47462,-8.321568,-8.010015
COc1ccc(Cl)cc1,-2.78,-2.6239245,-2.3210816,-2.2713943,-2.271394,-2.2850604,-2.6200492,-2.2932081,-2.5321455,-2.6601858,-2.2672405,-1.5485032,-1.548503,-1.532026,-1.6263689,-1.5385219,-2.04259,-2.7778106,-1.9006958,-1.9890504,-1.9890505,-1.9861978,-1.8673097,-2.118835,-1.9449703,-2.0426452,-2.4400413,-2.7346117,-2.7346146,-2.2991114,-2.3192658,-1.5821464,-1.9237177,-2.7228093,-1.9246765,-1.8800167,-1.8800167,-1.9173437,-1.8997506,-1.9382105,-2.2064946,-2.7586713,-2.6243486,-2.8142276,-2.814228,-2.8707082,-2.7859612,-2.7164085,-2.6488245,-3.1631227,-0.32723063,-1.454265,-1.454265,-0.8664949,-1.2440501,-0.81133986,-1.2039325,-2.9577358,-2.6833696,-2.4513922,-2.451393,-2.4937048,-1.7218006,-2.4862154,-2.5005672,-2.807442,-2.9309216,-2.7919836,-2.7919831,-2.7828116,-2.8332489,-2.898227,-2.5875602
ClC=C(Cl)Cl,-1.96,-1.2324634,-2.0912538,-1.846923,-1.8469229,-1.8505435,-2.0079596,-1.8563339,-1.5669165,-1.9656636,-1.5075067,-1.8513141,-1.8513138,-1.847593,-1.8540459,-1.838141,-1.7127674,-1.9106534,-0.97676224,-0.9568193,-0.95681936,-0.9523358,-1.0139573,-1.3215141,-1.4580196,-1.9750497,-2.094443,-2.6233854,-2.6233876,-2.303131,-2.164079,-1.472826,-1.7738116,-1.9836321,-1.6225624,-1.4194283,-1.4194285,-1.3766066,-1.4837248,-1.3657824,-0.77366143,-2.2789376,-1.4914681,-1.2547542,-1.2547544,-1.2581207,-1.2564865,-1.2404399,-0.9364292,-1.9890165,-3.3645742,-1.6527206,-1.6527212,-3.6959915,-1.7618244,-3.680086,-2.0746984,-1.885339,-1.880739,-1.6502606,-1.6502596,-1.6517626,-1.4662074,-1.6598215,-1.9895697,-2.0731454,-2.2523189,-2.1977503,-2.1977503,-2.185271,-2.2765572,-2.3454728,-2.016356
Oc1cccc(Cl)c1,-0.7,-1.7961819,-2.2168565,-2.0413077,-2.0413077,-2.04737,-2.2605782,-2.0545459,-2.0402544,-1.4467655,-1.4768945,-1.1984372,-1.1984379,-1.2093704,-1.2529436,-1.1761527,-1.4923105,-0.6578552,-1.5409482,-1.6757051,-1.6757052,-1.6687292,-1.574247,-1.3471363,-1.1197394,-1.0569702,-2.3872426,-2.6688392,-2.6688406,-2.2038062,-2.288757,-1.4858689,-1.7447801,-0.80854464,-1.6749243,-1.6557134,-1.6557137,-1.6029096,-1.7390912,-1.5522774,-1.4516351,-1.3299525,-2.4547052,-2.7123435,-2.7123437,-2.781958,-2.709719,-2.702262,-2.7592585,-1.5042478,-0.23654138,-0.67693704,-0.6769372,-0.9854713,-0.5074854,-0.9070094,-0.8658778,-0.85269344,-1.1944672,-1.2663814,-1.2663815,-1.2988884,-0.97696483,-1.2849536,-1.0307133,-0.72020423,-0.8748082,-0.9277117,-0.9277116,-0.90741897,-0.9168144,-0.86850935,-0.91949666
CCCCCCC(=O)OCC,-2.74,-2.592894,-3.2051558,-2.9755497,-2.9755497,-2.9652734,-3.3362138,-2.9536004,-2.9506147,-2.7725549,-3.2098746,-3.0168257,-3.0168264,-2.9130332,-3.2979875,-2.9938045,-2.8328722,-2.351666,-2.9985843,-3.0507216,-3.0507216,-3.0509307,-2.8926818,-3.3561997,-2.867959,-2.9481063,-3.1495614,-3.3404143,-3.3404167,-3.3515985,-3.0232902,-2.4675074,-2.7691483,-2.6828563,-3.0671282,-2.9777868,-2.9777868,-2.9464407,-3.1918547,-2.5893624,-2.9099503,-2.9677422,-3.586502,-3.3508763,-3.3508766,-3.2452557,-3.4060342,-3.028438,-3.6308236,-2.75759,-3.241517,-2.8267412,-2.8267415,-3.7939403,-2.1781726,-3.7624564,-2.8694022,-2.6935303,-3.451599,-3.076925,-3.0769253,-3.1293721,-2.2496948,-3.0918586,-3.662933,-2.7303355,-2.7138033,-2.7218578,-2.7218573,-2.7271366,-2.9109285,-2.8043048,-2.8201678
CCCC(C)C1(CC=C)C(=O)NC(=S)NC1=O ,-3.46,-3.0840135,-3.8350139,-3.6006444,-3.6006444,-3.600229,-3.8782964,-3.5841236,-3.9652388,-3.4881642,-2.9952338,-2.6626153,-2.6626158,-2.6212592,-2.8236156,-2.6563296,-2.9778912,-3.678267,-4.4127645,-4.1435328,-4.1435328,-4.131821,-4.3030167,-3.3314238,-3.067102,-3.1358922,-3.1201925,-3.1334357,-3.1334374,-2.9709146,-2.8497093,-2.1447983,-3.09645,-3.3282552,-3.4053574,-3.4636064,-3.4636064,-3.4340816,-3.530202,-3.372361,-2.9495761,-3.2211277,-3.6403067,-4.218257,-4.218257,-4.291083,-4.107244,-3.8214371,-4.9746995,-3.9550557,-2.5646985,-3.153784,-3.153784,-3.1407933,-3.0903676,-3.0988522,-3.52781,-3.12458,-3.6531386,-3.3877206,-3.3877206,-3.4375157,-2.1281502,-3.3942046,-4.2472835,-3.3692722,-3.4125385,-3.3387585,-3.3387578,-3.367755,-3.702111,-3.484717,-3.571899
Cc1cc(no1)C(=O)NNCc2ccccc2,-2.461,-3.0154827,-3.9783273,-3.8660107,-3.8660111,-3.8472788,-4.375576,-3.8202481,-4.022508,-3.1005743,-4.1447525,-2.7961326,-2.7961326,-2.661196,-3.4701462,-2.8392947,-3.2190828,-2.7594938,-3.727681,-3.5058646,-3.5058644,-3.4573214,-3.518504,-2.4761107,-2.307101,-2.0942981,-2.8494446,-2.9555218,-2.955524,-2.5338542,-2.6998594,-1.9200777,-2.3891447,-2.7579124,-3.6275444,-3.6016536,-3.6016536,-3.6245883,-3.889115,-3.548486,-3.9184759,-3.021024,-4.6057744,-4.446348,-4.446348,-4.5655894,-4.436408,-4.7167583,-4.6178513,-2.6293976,-3.7048478,-3.5337944,-3.5337944,-3.8218439,-3.3534925,-3.6744642,-3.7986083,-2.4697986,-3.6978438,-3.272899,-3.2728992,-3.2641916,-2.4232721,-3.315003,-3.6527698,-2.3825355,-2.501678,-2.4221306,-2.42213,-2.449932,-2.5487814,-2.5885665,-2.5529637
O2c1ccc(N)cc1N(C)C(=O)c3cc(C)ccc23 ,-3.928,-3.6518383,-3.95161,-3.582679,-3.582679,-3.5849679,-3.8432825,-3.6047769,-3.2428312,-3.289833,-3.9099283,-3.4464304,-3.4464297,-3.3999221,-3.7070186,-3.4736187,-3.7616148,-3.8600128,-4.156885,-4.201679,-4.20168,-4.1675878,-4.1440954,-3.302688,-2.888814,-3.9462705,-3.9202986,-4.0852265,-4.085227,-3.844169,-3.6925342,-3.146993,-3.5670354,-4.0757065,-3.5689373,-3.4377887,-3.4377887,-3.4576063,-3.562435,-3.5152464,-2.9161534,-3.8326926,-4.956672,-5.363482,-5.3634815,-5.64731,-5.065501,-5.3396626,-4.770001,-3.303395,-1.8005931,-2.9199736,-2.9199739,-2.4692242,-2.6816404,-2.4736946,-2.9019427,-3.9071167,-3.809917,-3.4325638,-3.4325643,-3.4863539,-2.521873,-3.4865065,-3.8266342,-3.8330178,-3.8452444,-3.893747,-3.893746,-3.8973422,-4.051567,-3.959639,-3.919739
CC(=O)Nc1nnc(s1)S(N)(=O)=O ,-2.36,-2.175261,-3.1185646,-2.9887478,-2.9887476,-2.9996,-3.355032,-3.01689,-3.117507,-2.3341126,-1.5463148,-2.1581302,-2.1581304,-2.1126604,-2.2102442,-2.0673256,-1.3538442,-2.4655678,-2.6481402,-2.6153824,-2.6153822,-2.625265,-2.5808637,-1.4495887,-1.463397,-2.3423672,-1.5983481,-2.0575879,-2.057589,-1.5572382,-1.8171546,-0.8857936,-1.4154698,-2.3690286,-2.9418497,-2.7909465,-2.7909465,-2.8855557,-3.07975,-2.994488,-2.6029437,-2.5138333,-3.3485816,-3.061564,-3.061564,-3.0480382,-3.1529253,-3.1442533,-2.9754033,-2.2854702,-4.8147674,-3.074478,-3.0744777,-5.0574203,-3.357471,-4.927718,-4.332508,-2.2844212,-1.74806,-2.1514943,-2.1514945,-1.9915426,-0.9391954,-2.1123645,-1.6803052,-2.357867,-1.0791639,-1.5517104,-1.5517095,-1.6234263,-1.8908817,-1.7349945,-1.2203106
Cc1ccccc1Br,-2.23,-1.8329436,-2.1996367,-1.9061177,-1.9061178,-1.9086033,-2.0754209,-1.9190392,-1.951834,-2.1662412,-2.5434852,-2.231526,-2.2315261,-2.230738,-2.2627673,-2.208647,-2.455253,-2.2218652,-1.7300688,-1.901475,-1.901475,-1.8949126,-1.7259232,-2.5694633,-2.3804271,-2.6540704,-2.9574041,-2.953707,-2.9537084,-2.688536,-2.6934686,-1.8845568,-2.455017,-2.3394465,-1.7818211,-1.7698364,-1.7698362,-1.7280691,-1.7487829,-1.6823306,-1.6415356,-2.4041595,-2.0523624,-2.014466,-2.014466,-2.0337756,-2.011438,-1.9563401,-1.4306418,-2.3772702,-4.330561,-2.3543224,-2.3543227,-4.1431904,-2.664645,-4.130132,-2.445161,-2.3905327,-2.6620204,-2.4369879,-2.4369886,-2.4297128,-1.9115885,-2.4520197,-2.0607786,-2.4666905,-3.0518453,-2.726877,-2.7268775,-2.773065,-2.8942525,-3.2647367,-2.803173
Nc1cccc(c1)N(=O)=O,-2.19,-2.368739,-2.3517857,-2.23323,-2.23323,-2.239254,-2.48501,-2.248183,-2.4832048,-2.1405282,-1.1156819,-1.1899536,-1.1899543,-1.1982503,-1.1649731,-1.1962321,-1.1595703,-2.167249,-1.7400042,-1.9583894,-1.9583895,-1.9534698,-1.7722791,-1.2207351,-1.2891777,-2.0735354,-2.5062225,-2.7566676,-2.7566683,-2.4013815,-2.4832785,-1.657191,-1.9883505,-2.1524186,-1.8003217,-1.6925597,-1.6925596,-1.6608193,-1.8785105,-1.6169834,-1.5034722,-1.9844391,-2.3404593,-2.4882343,-2.488234,-2.5241113,-2.4603565,-2.4128475,-2.268626,-2.283438,-1.1283447,-0.8847676,-0.8847677,-1.457014,-0.97077245,-1.3654866,-1.089938,-2.0681157,-1.9111555,-1.5396224,-1.5396227,-1.5805968,-1.2122988,-1.5504372,-1.8539345,-2.2014728,-1.9910764,-2.4003522,-2.4003522,-2.4372823,-2.305319,-2.2215116,-2.5361001
Oc1cc(Cl)ccc1Oc2ccc(Cl)cc2Cl,-4.46,-4.851118,-4.196382,-4.026072,-4.026072,-4.037876,-4.395171,-4.0613894,-4.721183,-4.4789715,-5.211767,-4.8525944,-4.852595,-4.853047,-5.1522884,-4.8135557,-4.5529137,-4.721602,-4.7864075,-4.7382164,-4.7382154,-4.767224,-4.6290817,-4.952113,-4.528756,-4.689267,-5.5973234,-5.7031956,-5.7031975,-5.3235807,-5.203028,-4.669111,-5.1293225,-4.653274,-3.4729624,-3.4940367,-3.494037,-3.5497036,-3.6005304,-3.6643462,-4.2717004,-4.210824,-4.0574985,-4.6795397,-4.6795397,-4.8629966,-4.5448236,-4.621512,-5.6097765,-4.3417535,-1.2347802,-2.1932259,-2.1932263,-2.1110582,-2.0544095,-2.2337818,-2.0752163,-4.2763777,-4.8816485,-4.940475,-4.9404755,-4.979014,-3.4801872,-4.800073,-5.3152285,-4.314,-4.462155,-4.4041486,-4.404148,-4.427726,-4.584735,-4.615456,-4.4921985
CC34CCC1C(CCC2=CC(=O)CCC12C)C3CCC4=O,-3.69,-4.3261495,-3.937978,-3.5757425,-3.5757427,-3.582248,-3.9333649,-3.5673945,-3.918504,-4.0320797,-3.8654435,-4.239753,-4.2397537,-4.176376,-4.566292,-4.281994,-4.409916,-3.6637027,-4.0335045,-4.400666,-4.4006658,-4.3739996,-4.198697,-4.6571636,-4.2380857,-4.111121,-5.047391,-4.7761774,-4.7761793,-4.6346664,-4.3374257,-4.0079074,-4.102308,-3.9037259,-3.7222033,-3.619049,-3.619049,-3.6357012,-3.7579775,-3.6795962,-3.0583835,-3.782743,-3.3748357,-3.3851328,-3.3851323,-3.334446,-3.3762782,-3.379591,-4.0220456,-3.7970512,-3.6156015,-3.9521458,-3.952146,-3.975716,-4.0444303,-3.8383412,-4.138392,-4.1354146,-5.2922645,-5.16822,-5.1682196,-5.1955376,-3.7301073,-5.249584,-5.2136707,-3.6453786,-4.0096965,-4.1044326,-4.1044316,-4.121756,-4.198669,-4.327554,-4.640702
CN(C)C(=O)Oc1cc(C)nn1c2ccccc2,-2.09,-2.2380662,-4.0417647,-3.765538,-3.7655377,-3.750635,-4.059145,-3.7086349,-4.0210347,-2.6085534,-2.8282366,-2.8336558,-2.8336568,-2.751948,-3.1192565,-2.850284,-2.9424958,-1.9169079,-3.9998267,-3.7966635,-3.796664,-3.7571552,-3.7979255,-2.5996606,-1.8725908,-1.7654765,-4.3526154,-4.1074157,-4.107417,-3.628503,-3.6572385,-2.9328413,-3.3946426,-2.2818363,-3.5935783,-3.5197654,-3.5197659,-3.4656458,-3.6450565,-3.3578076,-2.7940373,-2.1269002,-3.8523889,-4.3607364,-4.360737,-4.4815316,-4.306202,-4.2355103,-4.6600204,-1.60793,-3.1417177,-3.1565473,-3.1565478,-3.40387,-3.112807,-3.3640504,-3.4529405,-2.2551322,-3.37885,-3.0904164,-3.0904164,-3.1426454,-2.245492,-3.1836793,-3.3465283,-2.086729,-2.0671537,-2.1205316,-2.1205306,-2.1491203,-2.2087111,-2.1771054,-2.1403856
CC(=O)N(S(=O)c1ccc(N)cc1)c2onc(C)c2C ,-3.59,-3.5150666,-4.491676,-4.249065,-4.2490654,-4.246261,-4.4924064,-4.24198,-4.273329,-3.2448387,-3.3468704,-2.6818235,-2.6818233,-2.6181996,-2.9188867,-2.712641,-3.1528811,-3.4862015,-4.7137327,-4.28205,-4.28205,-4.2487435,-4.469256,-3.006485,-2.2953053,-3.018514,-4.3809247,-4.158628,-4.1586294,-3.8131497,-3.7009249,-3.1037133,-3.7406366,-3.7659202,-4.1353736,-4.0727477,-4.0727477,-4.012701,-4.1558723,-3.934418,-3.4657462,-3.5910144,-4.580317,-4.774028,-4.7740273,-4.3183036,-4.6307836,-4.5102386,-4.2202387,-3.5261703,-3.1168687,-3.6955223,-3.6955223,-3.7183192,-3.4334583,-3.8375459,-3.9042237,-3.2505524,-2.808842,-2.7880456,-2.7880454,-2.820899,-1.6748682,-2.7587864,-3.3909614,-3.4360955,-3.5436683,-3.5949137,-3.5949128,-3.6141484,-3.7848587,-3.7918143,-3.518918
CCC(C)CCO,-0.71,-1.7391809,-2.0679402,-1.529519,-1.5295193,-1.5147986,-1.7291654,-1.4838569,-1.8024573,-1.0541581,-1.4324616,-1.6832496,-1.6832497,-1.6753696,-1.6920227,-1.6649364,-1.9287823,-0.8836954,-1.5392891,-1.6016319,-1.6016318,-1.5912626,-1.5014251,-0.92347544,-0.983413,-1.3734962,-2.0269425,-2.1515071,-2.1515095,-1.8307616,-1.8838326,-1.0157839,-1.6004878,-0.6680084,-1.8649132,-1.597396,-1.5973961,-1.6038284,-1.6906688,-1.4953358,-1.3611919,-1.1986108,-2.1805248,-2.2762785,-2.2762785,-2.2354968,-2.262555,-2.0973833,-1.9471283,-0.9919079,-1.5347906,-0.4636323,-0.4636325,-1.7755646,-0.25224254,-1.7078006,-1.1208314,-0.8049682,-1.4592462,-1.3087059,-1.3087063,-1.1334549,-0.6239253,-1.2341614,-1.6790334,-0.73622763,-1.044943,-0.7363164,-0.7363162,-0.7532234,-0.8042686,-1.3116387,-0.9618792
CC(C)N(C(C)C)C(=O)SCC(Cl)=C(Cl)Cl,-4.88,-5.2377176,-3.9951568,-3.7087214,-3.7087216,-3.7014039,-4.051377,-3.682018,-4.199753,-4.5361547,-3.391453,-3.0088258,-3.0088255,-2.956887,-3.263576,-2.9819183,-3.5245578,-4.9947367,-4.9319773,-4.6811943,-4.6811953,-4.8035994,-4.9129386,-4.250714,-3.736517,-4.401087,-4.930789,-4.6482635,-4.648265,-4.2800236,-4.3555174,-3.5123825,-4.445883,-5.190778,-3.7173347,-3.9162614,-3.9162617,-3.8850975,-3.9700406,-3.851719,-4.281159,-4.1327653,-3.5626462,-3.3508537,-3.3508542,-3.3544047,-3.224506,-3.033945,-3.0211048,-4.514174,-3.2193496,-2.5133786,-2.513379,-3.4739919,-2.3310773,-3.4458027,-2.7976274,-4.7869124,-4.189483,-4.3558183,-4.3558183,-4.3979087,-2.973692,-4.482977,-4.8898335,-4.8871727,-4.3499894,-4.7301545,-4.730154,-4.832268,-4.8388214,-4.6032357,-4.955861
OC(c1ccc(Cl)cc1)(c2cncnc2)c3ccccc3Cl,-4.38,-4.4119363,-5.0340476,-4.696085,-4.6960855,-4.6886606,-4.985129,-4.6808057,-4.634319,-4.4029884,-5.038488,-4.9473386,-4.947339,-4.906722,-5.1668663,-4.863648,-4.8429146,-4.584571,-5.405303,-5.3083057,-5.3083053,-5.313637,-5.4016175,-5.3020034,-4.952081,-4.5097713,-4.8490586,-4.889968,-4.88997,-4.5250654,-4.373327,-3.875054,-4.6444025,-4.4591265,-4.1005573,-4.1561,-4.1561003,-4.083725,-4.273827,-4.0273232,-3.202184,-4.2859664,-3.942115,-4.6973524,-4.6973524,-4.8650317,-4.614944,-4.647485,-4.9831896,-3.691803,-2.7458587,-3.205098,-3.2050984,-3.08503,-3.157642,-3.0507724,-3.4718158,-4.150854,-5.556974,-5.3828387,-5.382839,-5.4125733,-3.926538,-5.4040165,-5.8016286,-4.2368336,-4.3234034,-4.3670278,-4.3670263,-4.4081655,-4.599601,-4.523913,-4.251
C1CCC=CCC1,-3.18,-3.238467,-1.8127427,-1.2158104,-1.2158104,-1.1986979,-1.3839465,-1.181351,-1.5884243,-3.5140126,-1.6725401,-2.4433894,-2.4433894,-2.4217079,-2.4486628,-2.4505248,-1.9791881,-2.9673128,-1.6585007,-1.8459806,-1.8459804,-1.8359591,-1.6991084,-2.5109549,-2.3336766,-2.960684,-2.4178147,-2.632539,-2.6325414,-2.4737666,-2.3438985,-1.6576191,-2.0762494,-3.2240784,-2.4013953,-1.3832957,-1.3832957,-1.3240732,-1.2505317,-1.6021097,-2.1040144,-2.9535272,-2.2298684,-2.4453359,-2.445336,-2.5081124,-2.418314,-2.439386,-2.2505598,-3.1237657,-2.9259026,-2.4702225,-2.4702222,-2.581581,-2.8191476,-2.590589,-2.583728,-3.180232,-3.8285744,-3.7742305,-3.774231,-3.7984865,-3.0663288,-3.730853,-3.3243856,-1.8852133,-1.4590763,-1.6785485,-1.6785481,-1.6682099,-1.6256555,-1.2964172,-2.4447048
CCC#C,-1.24,-0.87430876,-1.2912482,-0.78693116,-0.7869309,-0.7938261,-0.91959435,-0.80287766,-0.79776645,-1.5926192,-0.56859624,0.080364764,0.08036469,0.07834031,-0.053519227,0.10229887,-0.7143487,-1.0200373,-1.0053306,-1.0233147,-1.0233147,-1.0154809,-0.9467038,-0.6251233,-0.69890714,-0.915696,-0.9657327,-1.1912383,-1.1912397,-0.70094997,-0.91193426,0.017017705,-0.63770497,-1.356009,-1.5727556,-1.62169,-1.62169,-1.6936481,-1.6520412,-1.7650504,-0.7931723,-1.1642053,-2.0950067,-0.71024626,-0.7102465,-0.7536232,-0.83846486,-1.0592456,-0.45606107,-1.2671418,-1.6721942,-1.3318006,-1.3318008,-1.7966357,-1.4232199,-1.6868031,-1.5434642,-1.1138519,-0.011645125,-0.024279885,-0.024280204,-0.04584563,0.32049122,-0.023852196,-0.03770496,-1.3357979,-1.9417284,-1.6552914,-1.6552918,-1.5983434,-1.8219107,-2.011344,-1.9406213
N(c1ccccc1)c2ccccc2,-3.504,-2.921372,-2.9828765,-2.7372797,-2.7372804,-2.7477295,-3.0434337,-2.764632,-2.6263063,-3.330031,-3.735557,-3.6758766,-3.6758766,-3.6402836,-3.901534,-3.6816194,-3.5018387,-3.647583,-2.9950914,-3.2392502,-3.2392497,-3.2206423,-2.9886339,-3.4676442,-3.1269693,-3.7570736,-4.322711,-4.3019032,-4.301905,-4.071706,-4.0143185,-3.3541002,-3.9227495,-3.0685127,-4.103978,-3.8342805,-3.83428,-3.9846258,-3.893152,-3.8242686,-3.4860365,-3.9224925,-3.4712589,-3.8242712,-3.824271,-3.9233525,-3.7683601,-3.734698,-4.6828437,-3.9291527,-1.9806241,-2.5458934,-2.5458937,-2.2086034,-2.5124996,-2.1630507,-2.6692553,-3.644963,-4.2447023,-4.147306,-4.1473064,-4.223695,-2.957088,-4.1897106,-3.875186,-3.5292907,-3.639669,-3.5595586,-3.5595584,-3.569379,-3.5859263,-3.561667,-3.5075316
CCCCOc1ccc(C(=O)OCC)c(c1)N(CC)CC ,-3.84,-4.1558394,-5.207707,-4.7605324,-4.760533,-4.7592797,-5.0369396,-4.75233,-4.1275077,-4.127534,-4.1568165,-4.3726487,-4.372649,-4.3155465,-4.891499,-4.4647007,-4.416361,-4.1541696,-4.063714,-4.386375,-4.3863754,-4.3095393,-4.206353,-3.4460933,-3.4676528,-3.8274238,-5.057157,-4.922243,-4.9222455,-4.953682,-4.400848,-4.420873,-4.5791483,-4.031391,-5.497894,-5.248904,-5.248904,-5.223435,-5.3009796,-5.264541,-3.8973105,-3.6517746,-5.37953,-5.392934,-5.3929343,-5.1543074,-5.2177854,-5.0859957,-4.7173586,-3.9996865,-4.657197,-4.3207154,-4.320716,-5.0852127,-4.269036,-5.0653443,-4.203725,-4.041406,-4.8512006,-4.61832,-4.6183205,-4.6943903,-3.4635534,-4.663651,-5.0339704,-3.7403438,-3.8677325,-3.8246098,-3.8246083,-3.8582525,-4.176959,-4.0485244,-4.4690366
CCI,-1.6,-1.6697934,-0.84066856,-0.110986695,-0.11098663,-0.117993906,-0.2742618,-0.14548218,-0.75557876,-1.5535693,-1.1865071,-1.5105984,-1.5105984,-1.5055978,-1.454805,-1.5036962,-1.648386,-1.5656371,-1.2167158,-1.2763746,-1.2763748,-1.2704036,-1.2323227,-1.9733205,-1.704257,-1.6379582,-1.1139274,-1.3584893,-1.35849,-0.90102875,-1.1353248,-0.16973498,-0.8395103,-1.8638233,-1.758647,-1.8927625,-1.8927625,-1.8850772,-1.637871,-1.9026982,-1.4113423,-1.468611,-1.2808821,-0.4990864,-0.49908638,-0.4995409,-0.60919625,-0.6727077,-0.5069311,-1.604777,-1.7414168,-1.5883229,-1.5883229,-1.4474555,-1.9083827,-1.3737963,-1.6310033,-1.5404108,-1.7705402,-1.791138,-1.7911384,-1.805528,-1.2917302,-1.8137082,-1.5163386,-1.8852133,-1.4590763,-1.6785485,-1.6785481,-1.6682099,-1.6256555,-1.2964172,-2.4447048
CCOP(=S)(OCC)SC(CCl)N2C(=O)c1ccccc1C2=O,-6.34,-6.4022207,-5.573129,-5.3402076,-5.340207,-5.337913,-5.6418686,-5.305839,-5.823223,-6.292235,-4.652008,-5.0365634,-5.0365634,-4.881802,-5.3824363,-5.158457,-4.9526477,-6.245226,-5.524123,-5.2798834,-5.2798834,-5.206082,-5.5709014,-5.2885838,-4.4946766,-6.059537,-5.0481267,-4.9892635,-4.9892645,-5.01556,-4.7214227,-4.2741556,-4.80486,-6.058349,-5.0739746,-4.8541746,-4.8541746,-4.837397,-4.9954042,-4.8803115,-4.277238,-5.0732994,-4.7934947,-4.8067837,-4.806784,-4.7593827,-4.7305603,-4.9026065,-4.629339,-5.9585977,-5.8609014,-5.445104,-5.445104,-5.659618,-5.378538,-5.6058393,-6.0301366,-6.120652,-5.3650856,-5.315883,-5.3158827,-5.32125,-3.9515042,-5.4020567,-5.775537,-6.066876,-6.293231,-6.2328405,-6.232837,-6.2679057,-6.545373,-6.3765597,-6.2848353
OC(c1ccc(Cl)cc1)(c2ccc(Cl)cc2)C(Cl)(Cl)Cl,-5.666,-5.239606,-5.4288225,-4.99649,-4.9964895,-4.9867682,-5.320046,-4.9879394,-4.8999267,-5.8704324,-6.9281716,-6.3671174,-6.3671184,-6.3022,-6.5364237,-6.3530188,-6.120309,-5.806548,-5.932308,-5.9897375,-5.9897366,-6.014894,-6.1497936,-6.1046968,-5.6599073,-5.834597,-6.205219,-5.846823,-5.8468256,-5.7909975,-5.3912644,-5.097135,-6.0755253,-5.8806334,-4.258485,-4.7603617,-4.7603626,-4.7352424,-4.803712,-4.83318,-5.9287944,-5.522619,-4.308692,-4.8903637,-4.8903627,-5.1573505,-4.674651,-4.905287,-4.1775484,-5.577213,-2.6015642,-3.4471166,-3.4471164,-3.1000562,-3.3707159,-3.0438833,-3.7020524,-5.5522695,-6.863666,-6.5315113,-6.531513,-6.561236,-5.136154,-6.4097357,-7.066874,-5.496157,-5.591437,-5.610799,-5.6107974,-5.6309223,-5.6497917,-5.65056,-5.655668
CCCOC(=O)C,-0.72,-1.4052212,-2.1280217,-1.7255099,-1.72551,-1.7335536,-1.937645,-1.7395648,-1.6713425,-0.80802125,-0.9298184,-0.58589894,-0.58589923,-0.5702333,-0.65913826,-0.557725,-1.165789,-0.50155944,-1.5025879,-1.5989052,-1.5989052,-1.5924553,-1.5047654,-1.144087,-1.1207843,-0.45831227,-1.1564342,-1.3675467,-1.3675485,-0.8763891,-1.1424054,-0.15167269,-0.87023157,-0.87361205,-2.092874,-1.9252102,-1.9252102,-1.9793637,-2.0410285,-1.9470686,-1.3906876,-0.74516827,-2.4708886,-2.1674662,-2.1674662,-2.1585515,-2.194834,-2.1949847,-2.3001037,-1.1506068,-1.0468646,-1.052745,-1.0527451,-1.6615497,-0.7538057,-1.6151239,-1.3041258,-0.61695373,-1.525495,-1.2151029,-1.2151034,-1.2226728,-0.73461723,-1.2300631,-1.6244137,-0.7185782,-0.53071034,-0.6551417,-0.65514153,-0.6797199,-0.63637006,-0.58623534,-0.6335838
c1ccccc1(OC(=O)NC),-1.803,-1.6476027,-2.6581452,-2.5480113,-2.5480113,-2.561258,-2.8975668,-2.5752125,-2.5408301,-1.8919115,-2.0149133,-1.0023206,-1.0023214,-0.97884434,-1.2975525,-0.9992396,-1.5165609,-2.0810914,-2.0030863,-2.1464581,-2.1464581,-2.1434708,-1.9839001,-1.8283584,-1.746063,-2.248024,-2.1544728,-2.3882866,-2.388288,-1.9865334,-2.1126206,-1.2781645,-1.8207403,-1.923652,-2.2842064,-2.0431569,-2.0431573,-2.1190462,-2.1985672,-2.177101,-1.5697705,-1.849994,-3.4485674,-2.7767498,-2.7767503,-2.8752835,-2.7328517,-3.0506206,-2.557095,-1.2050686,-2.2142818,-1.6393057,-1.6393055,-2.507162,-1.5258021,-2.488785,-1.9874109,-1.8411567,-2.3112674,-1.9461946,-1.946195,-2.00884,-1.2561524,-1.9826337,-2.0274022,-1.7714924,-1.7181631,-1.7649566,-1.7649565,-1.7571238,-1.7728274,-1.7968931,-1.7521701
CS(=O)(=O)c1ccc(cc1)C(O)C(CO)NC(=O)C(Cl)Cl ,-2.154,-3.445868,-5.299971,-4.9040713,-4.904072,-4.894091,-5.2779927,-4.9262767,-5.058819,-2.6096752,-3.9175148,-3.2229834,-3.2229838,-3.1413863,-3.627211,-3.185277,-3.2992618,-2.3434536,-4.6323814,-4.0308914,-4.0308914,-4.049605,-4.4951763,-2.4999514,-1.9965575,-2.3450189,-3.9828799,-3.9735715,-3.9735732,-3.6724725,-3.5648236,-3.0200608,-3.3220565,-2.7264934,-4.3284607,-4.3784733,-4.378473,-4.3161817,-4.535119,-4.3321834,-4.57301,-3.076279,-4.36272,-4.300745,-4.3007455,-3.8836014,-4.374272,-4.0250087,-4.552974,-2.3418548,-2.806968,-2.9721024,-2.972103,-3.2618527,-2.7954397,-3.1857157,-3.121932,-2.106176,-4.032763,-4.0017385,-4.0017385,-4.0609193,-2.648233,-3.9061983,-4.687914,-2.0974703,-2.2689662,-2.1224072,-2.1224062,-2.1433625,-2.2344499,-2.345538,-2.1747935
C1OC(O)C(O)C(O)C1O,0.39,-0.45700866,-2.0915034,-1.6821755,-1.6821754,-1.6604275,-1.9867496,-1.6738285,-2.132121,-0.00652692,-0.6880682,-0.069638014,-0.06963808,-0.08192898,-0.37251294,-0.055723827,-1.1183214,0.4517734,-1.0245067,-0.9102596,-0.9102597,-0.9055345,-0.82314557,0.5482307,0.7937918,0.560921,-0.42007998,-0.41584054,-0.41584235,0.4028976,-0.13491096,0.92787427,-0.23372048,0.37329128,-1.8166288,-1.6487596,-1.6487595,-1.6325363,-1.8077424,-1.5229417,-1.4171714,-0.29819602,-2.0301726,-2.1624641,-2.162464,-2.1127398,-2.1384535,-1.9426075,-1.8345282,0.48361892,-0.28607488,0.2507655,0.2507654,-0.28565755,0.41476795,-0.24582168,-0.00091267226,0.38476348,-0.42110798,-0.32487705,-0.3248772,-0.36874244,0.39286658,-0.3051106,-0.7769185,0.5013631,0.3508502,0.27240685,0.27240688,0.2676236,0.26486063,0.40769655,0.45329538
CN(C)C(=O)Nc1ccc(Cl)cc1,-2.89,-2.7231967,-3.2449408,-3.211714,-3.2117143,-3.2251995,-3.6322112,-3.2444026,-3.4273002,-2.866716,-2.5914042,-2.045029,-2.0450282,-2.0328624,-2.3174524,-2.0677552,-2.2551994,-2.876186,-3.2942502,-3.3517919,-3.351792,-3.3468692,-3.171642,-3.0341215,-2.7032454,-3.1363568,-3.0457182,-3.2016199,-3.2016215,-2.843406,-2.8897138,-2.1239011,-2.6545064,-3.0186605,-2.8787951,-2.805299,-2.8052993,-2.878428,-2.94364,-2.9540029,-3.4068851,-3.2240863,-3.2267396,-2.8763504,-2.8763502,-2.9265063,-2.95274,-3.0865355,-2.8859828,-3.4237838,-2.9230943,-2.401658,-2.4016585,-3.2271767,-2.3698618,-3.1586285,-2.697102,-2.8282542,-2.785789,-2.565277,-2.565277,-2.6186676,-1.7285482,-2.578156,-3.064673,-3.0580254,-2.9359064,-3.0836012,-3.0835993,-3.091226,-3.1066685,-3.0125194,-3.155993
Cc2cccc3sc1nncn1c23 ,-2.07,-2.8050797,-2.6296806,-2.5445356,-2.5445354,-2.5444324,-2.7979472,-2.554699,-3.2248757,-2.4150543,-3.7957828,-3.505761,-3.5057616,-3.4984875,-3.622139,-3.4757688,-3.4902754,-1.9531399,-2.4588768,-2.6465154,-2.6465154,-2.6425097,-2.523125,-3.7510324,-3.7153625,-1.9975466,-3.7245128,-3.758684,-3.7586849,-3.6184728,-3.4877381,-2.8247132,-2.9810305,-2.068399,-2.0794177,-2.5115654,-2.5115654,-2.451425,-2.5988696,-2.3769436,-2.9377067,-2.2289371,-2.3591874,-2.5216029,-2.5216029,-2.5508072,-2.5024607,-2.3948784,-2.422109,-2.195746,-2.327371,-2.100793,-2.1007926,-2.8343391,-1.9124995,-2.753909,-2.4004078,-2.332158,-3.7119842,-3.3433495,-3.34335,-3.3562284,-2.6123164,-3.3413057,-3.209908,-2.0584407,-2.079787,-2.0755727,-2.0755713,-2.098493,-2.1751235,-2.1573126,-2.076844
CC2=CC(=O)c1ccccc1C2=O ,-3.03,-2.7819862,-2.6885037,-2.6213644,-2.6213644,-2.6210287,-2.8797727,-2.6305716,-3.3437757,-3.257071,-2.5815482,-2.3981326,-2.3981328,-2.3768687,-2.4127364,-2.4061728,-3.014476,-2.9076715,-2.723101,-3.0380626,-3.038062,-3.0392907,-2.8491657,-4.115383,-3.8912048,-2.9610312,-2.9033558,-2.9499784,-2.9499803,-2.671965,-2.7864418,-1.8921406,-2.5909743,-3.0777671,-2.232122,-2.221765,-2.2217653,-2.247127,-2.3822157,-2.2427585,-1.6266235,-3.0011725,-2.903969,-3.133976,-3.133976,-3.1894486,-3.0982373,-3.0075526,-3.2534807,-2.926737,-2.5699344,-2.2359695,-2.2359698,-2.8155618,-2.2297318,-2.7191238,-2.3270094,-2.9530241,-3.2794724,-2.9103718,-2.9103713,-2.9419875,-2.1232715,-2.923029,-3.200117,-3.0131392,-3.1526582,-3.162416,-3.162416,-3.1624362,-3.2753694,-3.1479754,-3.2041354
O=C1CCC(=O)N1,0.3,0.33562902,-1.7553242,-1.180711,-1.1807109,-1.1758255,-1.2361722,-1.1879802,-1.3264365,-0.103034236,-0.24974203,-0.16745278,-0.16745281,-0.1759002,-0.3792551,-0.14460383,-0.47333223,0.33703154,-1.1869546,-1.2758241,-1.2758241,-1.2692784,-1.2000389,-1.114521,-1.171875,0.14766935,-1.064805,-1.3774291,-1.3774303,-0.94108576,-1.1699328,-0.23431887,-0.76902646,0.5478986,-2.387619,-1.6183454,-1.6183462,-1.5395179,-1.9716377,-1.4615428,-0.12211652,-0.15856887,-2.0217278,-2.1527267,-2.1527267,-2.2138476,-2.139237,-2.1674452,-1.6147376,-0.053633142,-0.83946085,0.112736754,0.112736546,-0.8457808,-0.20913942,-0.7299615,-0.25835106,0.32506287,-0.78770894,-0.71078455,-0.7107844,-0.72102326,-0.47157067,-0.70876,-0.582984,0.37050313,-0.97375965,-0.53174144,-0.5317412,-0.54601324,-0.86789525,-1.2081182,-0.5258206
Cc1cccnc1C,0.38,-0.26825613,-2.0847683,-1.7605976,-1.7605976,-1.752153,-1.8510242,-1.7564744,-1.5943248,-0.7200945,-1.9087793,-1.4486108,-1.4486107,-1.4513264,-1.6556165,-1.4190811,-1.8936359,-0.015862312,-1.5087541,-1.6693404,-1.6693401,-1.6623513,-1.5703002,-1.6952251,-1.6435412,-0.2662371,-2.0200014,-2.1958678,-2.1958687,-1.8113955,-1.9551172,-1.0727187,-1.6219925,0.37599656,-1.7528995,-1.9473974,-1.9473975,-1.8853412,-1.9998875,-1.8316399,-1.2044841,0.08192525,-1.992117,-2.026578,-2.0265777,-2.0490892,-2.0593197,-1.9547853,-1.9072125,0.034950554,-1.9549389,-0.6140649,-0.61406535,-1.8202921,-0.69698566,-1.7348998,-1.2098222,0.22736411,-2.5012712,-2.1976218,-2.1976223,-2.2399604,-1.6914761,-2.188202,-2.4718218,0.39895207,-1.3503947,-1.1616324,-1.1616324,-1.0977448,-0.99774027,-1.0681762,-0.9358597
Cn2c(=O)on(c1ccc(Cl)c(Cl)c1)c2=O,-2.82,-2.631212,-3.6760898,-3.652163,-3.652163,-3.6642544,-4.1041617,-3.6944733,-4.4985313,-2.9672418,-3.1227083,-3.255797,-3.2557964,-3.2119477,-3.4237673,-3.2583911,-2.8643076,-3.090348,-4.055,-3.8816185,-3.881619,-3.8916306,-3.9213786,-4.0935245,-3.759591,-3.1282315,-3.8039865,-3.953104,-3.9531064,-3.7063656,-3.6663103,-2.9789402,-3.1911747,-3.012506,-2.9111962,-2.9239545,-2.9239545,-2.9856694,-3.1605582,-3.0505025,-3.588617,-3.0126643,-3.4607344,-3.1908827,-3.190883,-3.2664587,-3.2279096,-3.3370318,-3.4583917,-2.8130615,-3.2936924,-3.8569589,-3.8569589,-4.147958,-3.6286325,-4.0352073,-3.2735517,-2.82293,-2.9311085,-3.1703143,-3.1703146,-3.189755,-2.0921977,-3.1220794,-3.5495489,-2.7920942,-2.8569312,-2.83376,-2.8337595,-2.852553,-2.9483955,-2.9524906,-2.7418184
CC(C)COC(=O)C,-1.21,-2.2423303,-2.2658887,-1.8439167,-1.8439169,-1.847734,-2.088253,-1.8168966,-1.9318305,-0.7547158,-0.9500357,-1.1766154,-1.176616,-1.161749,-1.13074,-1.1450353,-1.3552158,-1.2402794,-1.7921115,-1.9342626,-1.9342625,-1.9276794,-1.8142754,-1.7008291,-1.6838082,-0.73512006,-1.5068401,-1.6872066,-1.6872084,-1.2279292,-1.429417,-0.4429015,-1.155519,-1.5193467,-2.1549087,-1.9908202,-1.9908199,-2.0426068,-2.0827506,-2.065416,-1.6562701,-1.1366934,-2.3462594,-1.88151,-1.8815101,-1.8036518,-1.9650135,-1.9472007,-1.8683211,-1.4139725,-1.3959373,-1.2450006,-1.2450007,-2.0158231,-0.8859785,-1.9582694,-1.5447651,-1.25754,-1.9556899,-1.7427102,-1.7427101,-1.7639621,-1.115504,-1.7746311,-2.1183915,-1.3281529,-0.9984069,-1.0442117,-1.0442116,-1.030995,-1.0248218,-0.86520606,-0.794467
ClC(Cl)(Cl)C(Cl)(Cl)Cl,-3.67,-4.1119165,-2.1626942,-3.0991,-3.0991,-3.1034904,-3.54008,-3.055682,-3.2532308,-3.7850125,-3.6996078,-3.3667278,-3.3667283,-3.3589375,-3.3715787,-3.3616245,-3.323729,-3.6126893,-1.269546,-1.301767,-1.3017672,-1.2985206,-1.4641558,-2.0274951,-2.1795251,-2.9730182,-3.4326358,-3.7026272,-3.7026286,-3.5623572,-3.2202706,-2.613871,-2.919544,-3.8341045,-4.5077267,-3.5203693,-3.520369,-3.5210779,-3.439779,-3.3681235,-3.7695634,-3.785611,-1.4999638,-1.3709586,-1.3709583,-1.381644,-1.4278947,-1.3052624,-2.068797,-3.643554,-1.6851132,-2.861011,-2.8610108,-2.4413595,-2.9782803,-2.3295422,-3.0554037,-3.5733495,-3.7510884,-3.4071765,-3.4071755,-3.420238,-3.2185001,-3.4263115,-3.195036,-2.8704417,-2.246045,-2.571203,-2.5712032,-2.5592797,-2.4842207,-2.0604956,-2.574265
CC1OC(CC(O)C1O)OC2C(O)CC(OC2C)OC8C(O)CC(OC7CCC3(C)C(CCC4C3CCC5(C)C(CCC45O)C6=CC(=O)OC6)C7)OC8C ,-5.292999999999999,-4.8818445,-14.519279,-10.107782,-10.107782,-10.069659,-9.785471,-10.056739,-0.96399003,-5.1016293,-5.0574174,-6.7229795,-6.7229795,-6.5792003,-6.98822,-6.635502,-7.827072,-4.959168,-20.204294,-21.401743,-21.401745,-19.968079,-22.455267,-8.569697,1.2089458,-4.736903,-6.2518115,-6.81013,-6.810131,-6.75144,-5.6447215,-6.7599645,-2.891071,-4.904074,-13.5541115,-12.161221,-12.1612215,-12.168478,-11.7600155,-12.809271,-1.176433,-4.608884,-10.321175,-9.545919,-9.545919,-9.686547,-10.026197,-9.521782,-5.845702,-4.7960215,-10.458556,-5.2198067,-5.2198067,-10.653883,-6.335975,-10.484198,-1.6705718,-4.4181204,-10.122402,-10.008659,-10.00866,-9.891395,-8.006787,-9.478529,-1.2772838,-4.751255,-5.7367735,-5.6089525,-5.6089478,-5.3082786,-5.522355,-10.748144,0.6620775
Brc1cc(Br)cc(Br)c1,-5.6,-6.1666975,-3.9735432,-4.112213,-4.112213,-4.124697,-4.683295,-4.1317987,-6.8922806,-5.634862,-4.399619,-4.632079,-4.6320796,-4.613293,-4.748034,-4.631268,-4.9637604,-5.5466943,-1.9281634,-1.991748,-1.9917479,-1.9873254,-1.8172396,-3.4345903,-3.676538,-5.1831007,-4.8749204,-4.7064915,-4.7064934,-4.9160995,-4.33819,-3.8204427,-4.8815303,-5.824624,-2.5837994,-3.5333395,-3.5333397,-3.428387,-3.6590927,-3.3623931,-4.4158835,-5.55107,-2.6240299,-2.8995268,-2.8995266,-3.0022504,-2.933825,-2.9379077,-3.2550094,-5.8105683,-2.1717808,-3.570337,-3.5703373,-2.3671298,-4.1760726,-2.3538196,-3.3600767,-5.5418367,-5.4381146,-5.0493903,-5.049391,-5.0235453,-4.789041,-5.001215,-5.8935313,-5.056176,-3.757009,-3.781348,-3.7813487,-3.805277,-3.9094121,-3.780405,-3.9560394
COC(=O)C1=C(C)NC(=C(C1c2ccccc2N(=O)=O)C(=O)OC)C ,-4.76,-4.486426,-5.25187,-5.0816054,-5.081605,-5.077028,-5.347549,-5.083735,-4.7890344,-4.6002483,-2.2513444,-3.051639,-3.051639,-3.001987,-2.854847,-3.0151403,-2.5751975,-4.823074,-4.5268736,-4.1024604,-4.1024604,-4.087341,-4.513782,-4.3491926,-3.533556,-4.480947,-4.426988,-4.428949,-4.4289503,-4.2407155,-4.0496855,-3.5723572,-4.377963,-4.992562,-4.77756,-4.7988653,-4.7988663,-4.6948733,-5.0400114,-4.5697293,-3.7374108,-4.744958,-3.7203827,-4.2506227,-4.2506227,-4.3404136,-4.216999,-4.023639,-4.661638,-4.0106936,-2.7969248,-3.0598974,-3.059898,-3.4180021,-2.9844263,-3.3252563,-3.2781796,-4.4494333,-3.1729944,-3.6925611,-3.692561,-3.7121396,-2.2831182,-3.72083,-4.0193987,-4.533988,-4.7410564,-4.8242702,-4.8242693,-4.8725314,-4.8461456,-5.0149736,-4.757032
Oc2cc(O)c1C(=O)CC(Oc1c2)c3ccc(O)c(O)c3,-3.62,-3.5697625,-4.538936,-4.256783,-4.256783,-4.262058,-4.599669,-4.267389,-4.311896,-3.5949597,-2.7901254,-3.3980708,-3.3980713,-3.3247335,-3.6427882,-3.421116,-3.136812,-3.7492833,-4.219495,-4.023076,-4.0230765,-3.9959154,-4.0081377,-2.4765472,-2.2415168,-3.5942879,-3.0506608,-3.3858602,-3.3858616,-2.8261642,-3.0460103,-2.2780056,-2.3693707,-3.7081566,-4.01629,-3.8919947,-3.891994,-3.9290743,-4.0995197,-4.035061,-3.7308276,-3.4207275,-4.4047647,-4.5245504,-4.5245504,-4.3357406,-4.525128,-4.411566,-4.702422,-3.7322495,-1.4674321,-1.751887,-1.7518871,-2.4798708,-1.4648287,-2.3684483,-1.1870055,-3.3035283,-1.8273939,-1.8851436,-1.8851436,-1.891881,-1.0595834,-1.8063885,-2.3751118,-3.5766563,-3.6046724,-3.5661683,-3.5661666,-3.606896,-3.6012962,-3.8798254,-3.6516364
CCOC(=O)Nc2cccc(OC(=O)Nc1ccccc1)c2 ,-4.632,-4.5772524,-5.4488015,-5.2574487,-5.257449,-5.2704053,-5.7226143,-5.31002,-5.479964,-4.361395,-4.391171,-3.5028977,-3.5028985,-3.5392683,-4.0826044,-3.4546793,-3.8857348,-4.7585473,-5.059949,-4.910721,-4.910721,-4.8305135,-4.726702,-4.3624053,-3.518116,-4.548323,-4.316652,-4.452707,-4.4527082,-4.2865725,-4.0167356,-3.5937452,-4.071115,-4.7999125,-5.419045,-5.103513,-5.1035132,-5.118413,-5.367002,-5.1365867,-4.265606,-4.3852353,-6.0994186,-6.220167,-6.2201667,-6.3509655,-6.00685,-6.092771,-5.1841927,-4.3739867,-6.185289,-5.3374987,-5.3374996,-6.389477,-5.1162744,-6.238147,-5.3813095,-4.1730065,-4.9746127,-4.4350314,-4.4350314,-4.4878335,-3.604486,-4.3659735,-4.45361,-4.5315046,-4.5834804,-4.579964,-4.5799627,-4.590459,-4.640756,-4.799358,-4.79093
O=N(=O)OCC(CON(=O)=O)ON(=O)=O ,-2.22,-2.786904,-3.6888306,-3.4093828,-3.4093826,-3.4016879,-3.688113,-3.3718562,-4.064528,-2.1599724,-0.19223192,-2.9427662,-2.9427667,-2.9042335,-3.2628517,-2.8454077,-1.3961042,-2.332766,-2.8971226,-2.581195,-2.581195,-2.5915945,-2.6954017,-1.5599341,-1.3177236,-2.0653625,-1.2940797,-1.7563913,-1.7563928,-1.3233495,-1.5465335,-0.75189656,-1.4853133,-2.4028459,-2.9514327,-3.0882225,-3.0882225,-3.0936685,-3.3361351,-3.0354147,-3.4827693,-2.4248126,-3.4937484,-3.820091,-3.8200912,-3.903085,-3.7766595,-3.850479,-4.2327256,-2.19659,-2.354936,-2.267475,-2.2674744,-3.1387053,-2.183854,-3.0826957,-3.2225757,-2.1596932,-2.58966,-3.2147079,-3.2147076,-3.1986108,-1.7597083,-3.2002974,-2.0244954,-2.2069771,-2.2509995,-2.2835498,-2.2835493,-2.2912788,-2.351241,-2.2272432,-2.2638707
CCCCOC=O,-1.37,-2.03929,-2.069113,-1.7018319,-1.7018318,-1.7059976,-1.9574292,-1.6939248,-1.9620309,-1.4027058,-1.0553056,-0.9619691,-0.9619692,-0.94306767,-0.92138404,-0.9335516,-1.4993086,-1.1336758,-1.3764652,-1.4195371,-1.4195368,-1.4126551,-1.330557,-0.8898115,-0.80178314,-0.8028468,-1.623939,-1.7990223,-1.799024,-1.4124271,-1.5566227,-0.64638966,-1.2693062,-1.3223646,-1.9793398,-1.7706884,-1.7706887,-1.8221812,-1.8514137,-1.7730875,-1.816645,-1.2766652,-2.2803352,-1.5588318,-1.5588319,-1.5780928,-1.6679327,-1.7108328,-1.7184354,-1.8089033,-0.7540358,-0.8024892,-0.80248916,-1.3583505,-0.6641945,-1.2889336,-1.1450809,-1.3059907,-1.1624982,-0.9480204,-0.94802076,-1.0170609,-0.38490364,-0.97837895,-1.4023795,-1.4081304,-1.4083287,-1.442747,-1.4427466,-1.4104108,-1.3566375,-1.2814626,-0.8449379
Clc1cccc(Cl)c1,-3.04,-2.6129794,-2.3571827,-2.246361,-2.2463608,-2.2546859,-2.5239131,-2.2638578,-2.54688,-2.8399205,-2.2419302,-2.4259667,-2.4259665,-2.4279346,-2.2811766,-2.4107187,-2.3864627,-3.3330302,-2.031031,-2.1896007,-2.1896007,-2.1815765,-2.1264002,-3.2480254,-2.7201056,-3.0818915,-3.3096344,-3.5114717,-3.5114727,-3.17927,-3.056088,-2.4010243,-2.6997855,-3.4568336,-3.0723224,-2.6365483,-2.6365485,-2.6358352,-3.0723174,-2.5186903,-3.3634915,-2.946892,-2.342161,-2.550098,-2.5500982,-2.6246984,-2.5508468,-2.5931273,-2.7415264,-3.4043732,-2.5214968,-2.9971669,-2.9971669,-2.548863,-3.1878774,-2.4984193,-3.066369,-3.1250286,-3.3608437,-3.03959,-3.0395894,-3.0467186,-2.6569471,-3.0272245,-3.0736766,-3.3719108,-3.54382,-3.6063385,-3.606339,-3.623715,-3.6637256,-3.5249684,-3.6857734
c2ccc1scnc1c2 ,-1.5,-1.3987297,-2.1479526,-1.9328953,-1.9328951,-1.9360857,-2.106908,-1.9425821,-1.7234623,-1.7629989,-2.5432236,-2.1169066,-2.116906,-2.1219432,-2.0717702,-2.0880377,-2.1669855,-1.3507048,-1.7296984,-1.9850004,-1.9850004,-1.9806889,-1.8539759,-2.7657866,-2.6469626,-2.176124,-2.645351,-2.8607888,-2.8607907,-2.4946146,-2.4900603,-1.7327778,-2.056399,-1.6802948,-1.6592282,-1.8054171,-1.8054171,-1.8045925,-1.85709,-1.8046343,-1.3517954,-1.440865,-2.0824845,-1.645242,-1.645242,-1.6620346,-1.7141047,-1.8367916,-1.59638,-1.4931818,-1.8602825,-0.85455686,-0.85455716,-1.9256142,-0.63150954,-1.8336,-1.2265096,-1.7080498,-2.4855573,-2.4495153,-2.449515,-2.463614,-2.1275754,-2.454268,-2.1262283,-1.3600181,-1.264294,-1.3154942,-1.3154947,-1.2986077,-1.3914087,-1.3402086,-1.2796296
CC(=O)C3(C)CCC4C2C=C(C)C1=CC(=O)CCC1(C)C2CCC34C,-5.27,-4.4006753,-4.839643,-4.448282,-4.448282,-4.451643,-4.780859,-4.446469,-4.482622,-4.4993954,-4.2699094,-4.23322,-4.2332215,-4.130217,-4.7108297,-4.270603,-4.3199787,-5.169322,-3.5584033,-4.4941196,-4.49412,-4.369182,-3.913071,-5.182779,-4.5033154,-4.870132,-6.4191766,-5.67268,-5.672682,-5.7855597,-5.049162,-5.343327,-4.961999,-5.156293,-4.57096,-4.3768864,-4.376886,-4.3795376,-4.4969764,-4.449185,-3.203246,-4.9551806,-4.187018,-4.521336,-4.521336,-4.1794515,-4.4631677,-4.218317,-4.920351,-5.09744,-4.515542,-4.870245,-4.8702455,-4.932435,-5.0526147,-4.8102245,-5.189398,-5.245927,-5.259585,-5.0287743,-5.0287747,-5.0836935,-3.51478,-5.048337,-4.8773746,-5.0944285,-5.1801157,-5.273664,-5.2736626,-5.2866073,-5.3899,-5.4002514,-5.444974
Nc1ccccc1,-0.41,0.4365601,-1.9571897,-1.673759,-1.6737589,-1.6748506,-1.7831448,-1.6792966,-1.1640278,-0.7514465,-1.2659491,-0.6389379,-0.6389385,-0.6431549,-0.8309413,-0.61437786,-1.2248434,-0.38113546,-1.2958554,-1.4336402,-1.4336401,-1.4244092,-1.2873069,-0.62779105,-0.59986633,-1.0729023,-2.117688,-2.348881,-2.348884,-1.9439235,-2.0805047,-1.2194417,-1.5569198,-0.71911305,-2.0361977,-2.0352945,-2.0352948,-2.0430615,-2.0842693,-2.107433,-1.0321714,-0.3155176,-2.0328639,-1.9732226,-1.973223,-1.9962221,-1.9586563,-1.9543641,-1.4113517,-1.2933276,-0.6907748,-0.34186897,-0.34186906,-0.9239415,-0.0018824181,-0.84451723,-0.6764911,-0.6266633,-1.3385904,-1.3992399,-1.3992397,-1.4012245,-1.1481421,-1.4007453,-1.5255669,-0.75990033,-0.9381703,-0.73073494,-0.7307352,-0.73554206,-0.848869,-1.019284,-0.38478377
CC(Cl)Cl,-1.29,-1.622332,-1.2809782,-0.38352448,-0.38352433,-0.37313914,-0.57834613,-0.38105065,-1.2890409,-1.3897207,-0.7627172,-1.0351579,-1.035158,-1.0384727,-1.0784023,-1.0316563,-0.98333675,-1.3227984,-0.9555182,-0.9611317,-0.96113175,-0.95554507,-0.9736613,-1.2094661,-1.3143644,-1.5305215,-1.8579928,-2.158079,-2.1580796,-1.8610537,-1.8564373,-1.0309227,-1.4310778,-1.4087375,-2.6819105,-2.0564911,-2.0564914,-2.1135492,-1.988189,-2.2139704,-1.7978679,-1.3228849,-1.1547656,-0.84085804,-0.84085786,-0.83262753,-0.84081584,-0.8658276,-1.2343647,-1.2978014,-1.5646855,-1.7166561,-1.7166563,-1.7330567,-1.4203446,-1.6641182,-1.9099361,-1.2251228,-1.6593328,-1.4662552,-1.4662559,-1.4812752,-1.100184,-1.4851655,-1.4265481,-1.8852133,-1.4590763,-1.6785485,-1.6785481,-1.6682099,-1.6256555,-1.2964172,-2.4447048
CC34CC(O)C1(F)C(CCC2=CC(=O)C=CC12C)C3CC(O)C4(O)C(=O)CO,-3.68,-4.28083,-5.179581,-4.817453,-4.817453,-4.820069,-5.1555223,-4.802513,-5.071883,-4.529733,-3.65626,-2.9633298,-2.9633303,-2.9299715,-3.1918712,-2.9925113,-3.4975147,-3.8437278,-2.5193899,-2.8809345,-2.8809345,-2.8924215,-2.638365,-3.622138,-2.8006113,-3.8290722,-3.224458,-3.16418,-3.1641822,-2.841255,-2.8069308,-2.3612494,-3.055601,-3.9348302,-4.6051836,-4.5647163,-4.5647163,-4.5736694,-4.6517153,-4.704769,-3.9211876,-4.2936096,-4.5628996,-4.8530235,-4.8530245,-4.62878,-4.6791363,-3.8961177,-5.020298,-3.749743,-2.886295,-3.4647884,-3.4647884,-3.5339115,-3.2799838,-3.5636187,-3.6721346,-4.145444,-3.7673736,-3.491529,-3.4915287,-3.5025706,-2.390123,-3.4794014,-3.9358044,-3.5756607,-3.6010098,-3.698952,-3.6989493,-3.7703516,-3.7902257,-3.915427,-3.612346
CCC1(CCC(C)C)C(=O)NC(=O)NC1=O,-2.468,-2.7976868,-3.6076777,-3.4418151,-3.4418151,-3.4385877,-3.7018988,-3.4134228,-3.657998,-2.574018,-1.8749335,-1.4331723,-1.4331719,-1.4028068,-1.5572542,-1.4290936,-1.8708853,-2.3886194,-4.0008864,-3.8252513,-3.825251,-3.8276126,-3.9034915,-3.058134,-2.6007721,-2.2684937,-3.7304451,-3.5934334,-3.5934358,-3.395561,-3.2809196,-2.6237018,-3.2677698,-2.707254,-3.3531585,-3.285705,-3.2857049,-3.236915,-3.3650858,-3.143371,-2.67038,-2.5176938,-3.0429575,-3.4462323,-3.4462323,-3.4964297,-3.4255583,-3.2644153,-4.127866,-2.2782958,-2.069229,-2.5823195,-2.5823197,-2.6190915,-2.7328067,-2.5271606,-2.8557549,-2.3019936,-2.174883,-2.0329437,-2.0329437,-2.08859,-1.1340613,-2.0537746,-2.769883,-2.451754,-2.5068965,-2.3640263,-2.3640258,-2.3511684,-2.3366814,-2.400582,-2.4825788
CC(C)SC(C)C,-2.24,-1.9529488,-2.3227882,-1.9258038,-1.9258035,-1.9344286,-2.109555,-1.9473802,-1.5150094,-2.8934348,-1.6607221,-1.8934697,-1.89347,-1.8940632,-1.8772148,-1.91673,-1.6381992,-2.5840275,-1.7770318,-1.9358518,-1.9358518,-1.9327576,-1.8607309,-2.5018573,-2.5073674,-2.4884014,-3.260021,-3.1967824,-3.1967854,-2.9997554,-2.8779674,-1.98577,-2.5990887,-2.5099597,-3.3563933,-2.2105465,-2.2105463,-2.001373,-2.4818728,-1.6818405,-2.1553078,-1.8700733,-2.1927564,-2.2945073,-2.2945073,-2.290715,-2.2138128,-2.162084,-1.7816054,-2.2623906,-4.199883,-2.7155662,-2.7155664,-4.0049157,-2.6896312,-4.0540595,-3.0963314,-2.2584376,-2.5884693,-2.528853,-2.528854,-2.4986882,-1.770618,-2.489364,-2.681208,-3.144989,-3.0624452,-3.3666575,-3.3666573,-3.375041,-3.2970107,-2.8657808,-3.3627436
CNC(=O)Oc1cccc2ccccc12,-3.224,-3.367435,-3.2530627,-3.0542185,-3.0542185,-3.054926,-3.3417585,-3.0655046,-3.402404,-3.6255574,-3.2375083,-2.574387,-2.5743878,-2.543382,-2.7953053,-2.5924528,-3.0097036,-3.3668027,-3.102113,-3.1996534,-3.1996534,-3.1864617,-3.033261,-3.1189165,-2.7646697,-3.5486064,-3.7697294,-4.0293303,-4.029332,-3.733012,-3.4964626,-2.983037,-3.2194803,-3.2668433,-2.6689768,-2.4772897,-2.4772897,-2.489448,-2.6259332,-2.4499695,-2.2029176,-2.8008044,-3.4955142,-2.91889,-2.9188902,-2.9709184,-2.913856,-3.280233,-2.642293,-2.8465238,-2.5534294,-2.564863,-2.564863,-2.8917127,-2.6332765,-2.8478065,-2.7610316,-3.0759776,-3.167432,-2.8235848,-2.823585,-2.8033004,-1.9386513,-2.7753544,-3.1126897,-3.206281,-3.2604978,-3.2549746,-3.2549748,-3.2627964,-3.3507452,-3.2245464,-3.2766242
CC(=O)OCC(=O)C3(O)CCC4C2CCC1=CC(=O)CCC1(C)C2C(=O)CC34C ,-4.21,-4.4043303,-5.847258,-5.3461375,-5.346138,-5.350249,-5.6809907,-5.35739,-4.97644,-4.4151163,-4.269523,-3.4383652,-3.438366,-3.3869267,-3.889532,-3.456185,-3.9782631,-4.119976,-3.849928,-4.2940397,-4.2940397,-4.2662497,-3.8542871,-4.505936,-4.108652,-4.1301274,-4.695234,-4.4748616,-4.474863,-4.633462,-4.1026154,-4.084768,-3.981707,-4.6226587,-5.218047,-5.118152,-5.1181526,-5.111351,-5.259175,-5.1323695,-4.681656,-4.467138,-5.1890855,-4.7229004,-4.7229004,-4.5607066,-4.5763507,-4.397765,-4.8599305,-4.370392,-4.17034,-4.0931783,-4.0931783,-4.682665,-4.058347,-4.662987,-4.533312,-4.3871355,-5.042039,-4.6825175,-4.682517,-4.7205524,-3.3231664,-4.6898804,-4.9295416,-4.134013,-4.2595873,-4.217413,-4.21741,-4.2432494,-4.3057036,-4.4011073,-4.362941
COc1cc(CC=C)ccc1O,-1.56,-1.6527996,-2.8835125,-2.4487762,-2.4487762,-2.4450777,-2.6263988,-2.4559212,-2.4693942,-1.474475,-2.3990774,-1.9360843,-1.9360845,-1.9013958,-2.0551157,-1.9266287,-2.6058645,-1.6292219,-2.3906567,-2.4212694,-2.4212697,-2.416369,-2.3222249,-1.7984058,-1.7788433,-2.2210407,-2.1111054,-2.4169624,-2.4169643,-1.9775096,-2.0470781,-1.3012784,-1.6846982,-1.6549101,-2.5141788,-2.2055943,-2.2055945,-2.202691,-2.3020241,-2.1057036,-1.9176804,-1.6162304,-2.7627106,-3.0726418,-3.0726418,-3.0701854,-3.086258,-2.9493432,-3.5279083,-2.1867075,-1.0422328,-1.574385,-1.5743853,-1.9344268,-1.4753222,-1.8390673,-1.6853149,-1.5166076,-1.9992654,-1.6547565,-1.6547563,-1.7214496,-0.89009273,-1.7014506,-2.0874872,-1.5146621,-1.5346745,-1.5541168,-1.5541161,-1.5706553,-1.625975,-1.734633,-1.6099188
O=C2NC(=O)C1(CC1)C(=O)N2 ,-1.886,-2.0799093,-2.3172297,-1.9624662,-1.9624662,-1.9520869,-2.1062655,-1.9570513,-2.4247956,-1.8868792,-0.7324388,-1.1458222,-1.1458224,-1.1621275,-1.2014827,-1.1385775,-1.0543202,-1.6511596,-2.065605,-2.1402576,-2.1402574,-2.133746,-2.083746,-1.3958955,-1.3329216,-1.689147,-1.2515694,-1.6981661,-1.6981682,-1.3816718,-1.5168713,-0.65841323,-1.2187755,-2.014976,-2.666614,-3.083858,-3.083858,-3.0606036,-2.935076,-3.0968235,-2.6989841,-1.9085357,-2.0357838,-1.9694021,-1.969402,-1.9918156,-2.009833,-1.954235,-1.580702,-1.9007238,-3.3969314,-1.9317002,-1.9317007,-3.8448918,-2.0644057,-3.682131,-2.2329335,-1.7240883,-1.1813049,-1.0881819,-1.0881824,-1.1171217,-0.6904365,-1.0901511,-1.099659,-1.8382881,-1.7134719,-1.7366254,-1.7366257,-1.7303709,-1.7789289,-1.8025187,-1.8051369
CCc1ccccc1C,-3.21,-3.56991,-2.323864,-1.7983338,-1.7983339,-1.7900765,-1.9022293,-1.7933897,-1.7559842,-2.9700742,-2.3286877,-2.641904,-2.6419044,-2.6215928,-2.70724,-2.6366189,-2.5684445,-3.100481,-2.1116374,-2.3342562,-2.3342564,-2.3232296,-2.1919034,-2.6173942,-2.4974775,-3.1865497,-2.951566,-2.9615655,-2.961566,-2.6809614,-2.6294696,-1.8999383,-2.3613858,-3.2544796,-1.8903601,-1.6791315,-1.6791313,-1.6726483,-1.7729663,-1.5895797,-1.3543155,-3.4572434,-2.1789067,-2.274012,-2.2740123,-2.2966676,-2.2676504,-2.19353,-2.1952307,-3.0763848,-4.436749,-3.3271985,-3.3271995,-4.417547,-3.1076467,-4.414775,-3.297298,-3.3592408,-2.8364835,-2.6901503,-2.6901498,-2.7487302,-2.0243325,-2.702949,-2.6764913,-3.2200103,-2.8807209,-2.7654445,-2.765444,-2.783513,-2.882943,-3.052441,-2.7519376
ClCC,-1.06,-1.1045468,-0.8553064,-0.108486556,-0.10848659,-0.11107822,-0.30048296,-0.13884202,-0.85123837,-1.0788615,-0.26046088,-0.4883173,-0.48831767,-0.4923418,-0.60001564,-0.4797766,-0.69732255,-1.1108646,-0.9169313,-0.9261725,-0.9261724,-0.9197269,-0.9017512,-0.9381937,-1.0305192,-1.4095093,-1.4374082,-1.6954331,-1.6954348,-1.2894677,-1.4000187,-0.51418775,-0.97579193,-1.009937,-1.4777225,-0.7229199,-0.7229199,-0.6932935,-0.6670107,-0.7081895,-0.45871162,-1.1356272,-1.1235043,-0.755982,-0.75598204,-0.7481399,-0.7544808,-0.79780763,-0.9417343,-1.0785284,-1.3336084,-0.7306861,-0.73068583,-1.1056739,-0.9277597,-1.021767,-1.1497246,-1.0302657,-0.7362355,-0.81105715,-0.81105757,-0.81764024,-0.40316734,-0.8308938,-0.66660994,-1.8852133,-1.4590763,-1.6785485,-1.6785481,-1.6682099,-1.6256555,-1.2964172,-2.4447048
CN(C)C(=O)SCCCCOc1ccccc1,-3.927,-4.41536,-4.458102,-4.242872,-4.242872,-4.222487,-4.7084723,-4.147762,-4.191894,-4.1902304,-4.8834987,-4.44714,-4.447141,-4.373855,-5.0167084,-4.473603,-4.696946,-4.044733,-4.129344,-4.0425973,-4.042598,-3.9657905,-3.9119277,-3.448643,-3.2528365,-3.3713155,-4.4509845,-4.1781216,-4.178123,-4.058298,-3.87461,-3.300674,-3.9310963,-4.251709,-4.313322,-4.2338047,-4.233805,-4.1490555,-4.509842,-3.6206114,-4.709752,-4.150997,-4.6661315,-4.446386,-4.446386,-4.385904,-4.5157847,-4.2729735,-4.589702,-3.8392506,-4.2942266,-4.175153,-4.1751533,-4.8116097,-3.436156,-4.8439655,-4.2310305,-3.9649346,-4.587562,-4.2980638,-4.298064,-4.329739,-3.1837099,-4.314554,-4.7924924,-3.904277,-3.9465375,-3.9289925,-3.9289918,-3.918569,-4.1491776,-3.9562514,-4.129405
C#C,0.29,-0.3712892,-1.4156625,-1.062543,-1.062543,-1.0892066,-1.2128445,-1.0589166,-0.33121604,0.32062766,0.83801997,0.77331483,0.7733149,0.76905555,0.7422276,0.76917166,0.7090031,0.15495974,-0.8085399,-0.7434246,-0.7434245,-0.73677593,-0.7297939,-0.28532,-0.59449524,0.0052818665,-0.54747427,-0.87177604,-0.8717767,-0.31766167,-0.47735023,0.36558047,-0.33785975,0.057873983,-3.5876808,-2.2419648,-2.2419648,1.0818375,-2.5241144,0.75366277,0.18471578,0.19048898,-1.5956256,-0.3974029,-0.397403,-0.3958244,-0.5261258,-0.5353896,0.4584622,0.30178475,-1.4385985,0.1749957,0.17499569,-2.0184884,0.44578284,-1.9810939,-0.6719339,0.20821545,0.24835116,0.32062876,0.32062864,0.32420155,0.31174567,0.31797507,-2.1219847,-1.0587059,-1.4569534,-1.565226,-1.5652263,-1.5693804,-1.5572705,-1.4589545,-1.1520405
Cc1ccccc1C,-2.8,-0.54299545,-2.1119301,-1.802522,-1.8025221,-1.7944288,-1.8984257,-1.7987247,-1.6351087,-2.524086,-2.1515105,-2.0236485,-2.0236475,-2.0220478,-2.21038,-1.995313,-2.240468,-2.2296042,-1.7155296,-1.9205382,-1.9205383,-1.9122683,-1.7931327,-2.1668653,-2.1125371,-2.490358,-2.6162777,-2.6281936,-2.6281962,-2.3350103,-2.4033089,-1.5664537,-2.103415,-3.00429,-2.3642607,-2.6645865,-2.6645865,-2.6112459,-2.5657313,-2.6337543,-1.7000259,-3.0681121,-2.024814,-2.0709393,-2.0709398,-2.093683,-2.0869896,-1.9843453,-1.910563,-2.7950168,-4.2591467,-2.7958102,-2.7958102,-3.8970027,-3.195109,-3.8980684,-2.9455667,-2.5897648,-3.017536,-2.7016046,-2.7016046,-2.737425,-2.1295438,-2.6847522,-2.9896374,-2.8146145,-3.3638625,-3.1465485,-3.146549,-3.1309152,-3.0807536,-3.2079995,-3.2844377
CCCC(C)(COC(N)=O)COC(N)=O ,-1.807,-2.731344,-3.7040277,-3.3200228,-3.320023,-3.3105211,-3.5813193,-3.2753356,-3.4274244,-2.1613696,-1.7209278,-1.2971257,-1.2971256,-1.2639264,-1.3409384,-1.284499,-1.8171391,-1.9735886,-3.4964576,-3.1927621,-3.1927626,-3.1962063,-3.3258035,-1.8078634,-1.4094058,-1.5689373,-1.7818841,-1.9497242,-1.9497259,-1.4253727,-1.8265163,-0.7577701,-1.7697335,-2.079246,-3.4051275,-3.5014498,-3.50145,-3.4564734,-3.7037618,-3.3066375,-3.0432358,-2.4976501,-4.1140184,-4.339709,-4.3397093,-4.219454,-4.235214,-4.2871113,-4.0022807,-2.1834607,-2.1278262,-2.9415505,-2.9415505,-3.1909246,-3.1990793,-3.100903,-3.5865486,-1.7101011,-2.253878,-1.9788151,-1.9788153,-2.0112028,-1.0506706,-1.9575806,-2.6582875,-1.8741372,-3.3098836,-2.5938337,-2.5938332,-2.556919,-2.7796416,-2.3529825,-4.804427
CC1(OC(=O)N(C1=O)c2cc(Cl)cc(Cl)c2)C=C,-4.925,-4.8516297,-4.2611427,-3.97432,-3.97432,-3.9729526,-4.2665076,-3.9886441,-4.4797273,-4.787397,-3.8429105,-3.9938693,-3.993869,-3.9565098,-3.897971,-4.049704,-4.0558267,-4.947381,-4.798331,-4.63402,-4.6340203,-4.618963,-4.725327,-3.7533112,-3.2781749,-4.532643,-3.3670022,-3.7038085,-3.7038093,-3.4448402,-3.3681376,-2.6524842,-2.8379362,-5.003272,-3.8360372,-4.0657454,-4.0657463,-4.103495,-4.1841464,-4.232063,-5.0135026,-4.3500776,-3.4188561,-3.517159,-3.5171592,-3.2191126,-3.5668983,-3.5438685,-3.872845,-4.4558387,-2.4824955,-2.9302907,-2.9302907,-2.86286,-3.0343072,-2.7865021,-3.2120132,-4.761965,-3.9595804,-4.1230855,-4.123085,-4.1896024,-2.761597,-4.0165787,-4.680686,-4.7652993,-4.895314,-4.9022107,-4.9022098,-4.9299436,-5.0679784,-4.952981,-5.0756507
Cc1cccc(C)c1,-2.82,-1.4366149,-2.165858,-1.7865354,-1.7865353,-1.7827073,-1.8889511,-1.7896357,-1.6749287,-2.4159057,-1.8343273,-1.694314,-1.6943138,-1.6894873,-1.7289857,-1.690408,-1.7708161,-2.52524,-1.7268308,-1.9548633,-1.9548632,-1.9459847,-1.8182727,-2.339084,-2.2138963,-2.8634758,-2.7436163,-2.8853486,-2.8853507,-2.6220424,-2.6629071,-1.8396106,-2.2548034,-2.8572593,-2.9710307,-2.1622033,-2.1622033,-2.1339102,-2.3543527,-1.9739748,-2.8300495,-2.6059403,-2.24264,-2.3164945,-2.3164945,-2.3366854,-2.2789567,-2.2221258,-1.8789635,-2.8462052,-4.3725057,-3.1963072,-3.1963077,-4.3250003,-3.4681802,-4.349403,-3.2360656,-2.7966735,-1.8003597,-1.7079867,-1.7079872,-1.7271004,-1.1355186,-1.7113018,-1.8949926,-2.345633,-3.0016062,-2.9392,-2.9392,-2.951809,-3.03721,-3.1308663,-2.7838883
O=C2NC(=O)C1(CCC1)C(=O)N2,-1.655,-1.2785323,-2.2481327,-1.8604811,-1.8604813,-1.8511678,-2.0346086,-1.8589544,-2.694811,-1.9280446,-1.1061249,-1.2133178,-1.213317,-1.2208918,-1.2355443,-1.2142715,-1.5283566,-1.7194601,-2.2784674,-2.3841007,-2.3841004,-2.3851054,-2.4078968,-1.9017924,-1.6997643,-1.86959,-1.9726485,-2.1868265,-2.186829,-2.026864,-1.9795392,-1.2670391,-1.7163496,-1.6675028,-2.9284382,-3.973525,-3.9735246,-4.006015,-3.7663774,-4.1426067,-2.754827,-1.0768918,-1.8910277,-1.3020047,-1.3020046,-1.2985123,-1.4443752,-1.5054959,-1.067108,-1.2723515,-1.4478515,-1.4412117,-1.4412117,-1.9278675,-1.5780479,-1.7914809,-1.8618823,-1.64541,-1.8603027,-1.6274703,-1.627471,-1.6659398,-1.0495272,-1.6287997,-1.9440299,-1.8382881,-1.7134719,-1.7366254,-1.7366257,-1.7303709,-1.7789289,-1.8025187,-1.8051369
Nc1ccc(Cl)cc1,-1.66,-1.8807777,-2.1542532,-2.0540674,-2.0540674,-2.0678513,-2.3660064,-2.070844,-2.0797272,-1.5723042,-1.869788,-1.376222,-1.3762215,-1.3828039,-1.4424227,-1.3512862,-1.5970516,-1.4952137,-1.8127731,-1.9393703,-1.9393702,-1.9313987,-1.8061446,-1.659061,-1.379987,-1.65262,-2.510955,-2.7175617,-2.717563,-2.3239567,-2.3895702,-1.5833752,-1.9226815,-1.7113062,-2.2694287,-2.2811239,-2.2811236,-2.341653,-2.3939574,-2.4259107,-2.0732074,-1.7239332,-2.8211498,-2.8089957,-2.808996,-2.9343169,-2.7690852,-2.8763852,-2.3388608,-1.6308854,-0.75586253,-0.36305907,-0.36305887,-0.979095,-0.0762577,-0.8952353,-0.69664615,-1.7369368,-2.380901,-2.2381215,-2.2381225,-2.2566538,-1.898303,-2.2439983,-2.098153,-1.6658691,-1.7013808,-1.5207297,-1.5207294,-1.5462973,-1.5515214,-1.8310587,-1.5265309
c1ccccc1SC,-2.39,-2.0472257,-2.320574,-1.914722,-1.9147218,-1.9227142,-2.0801194,-1.9347113,-1.5473748,-2.6026492,-2.3447545,-2.0248237,-2.0248244,-2.005356,-2.0195916,-2.0132096,-2.3195958,-2.6645129,-1.666281,-1.8618269,-1.8618267,-1.8521925,-1.75555,-2.5288975,-2.405907,-2.670361,-3.0054111,-3.0222325,-3.022235,-2.7396948,-2.8001995,-1.9359183,-2.172536,-2.546952,-2.4444232,-2.222023,-2.2220228,-2.3269491,-2.3393939,-2.4217415,-3.0426946,-2.1105418,-2.2250636,-2.2508366,-2.2508368,-2.2726448,-2.2414763,-2.2346067,-1.9999717,-2.4397087,-4.4889674,-3.047315,-3.0473158,-4.4783487,-3.0493374,-4.4995093,-3.1735358,-2.5365758,-3.1596684,-2.9301758,-2.9301758,-3.014417,-2.219258,-2.9424295,-2.9169743,-2.4078372,-2.4598544,-2.2233045,-2.223305,-2.2419732,-2.3505247,-2.7394009,-2.340443
C1Cc2ccccc2C1,-3.04,-2.3158078,-2.127892,-1.6903554,-1.6903555,-1.6872121,-1.7911885,-1.6968888,-1.6769224,-3.0059204,-2.4323435,-2.7475336,-2.7475333,-2.736789,-2.8433056,-2.7471962,-2.3211646,-3.0937583,-1.6337107,-1.8180506,-1.818051,-1.8105322,-1.7159408,-2.3305073,-2.1810484,-3.0464995,-3.1495862,-3.113025,-3.1130261,-2.9986107,-2.8424337,-2.2140527,-2.7635229,-3.3222795,-2.4028816,-2.7461514,-2.7461512,-2.7609873,-2.6353815,-2.8272069,-1.8862427,-2.7284172,-1.8349038,-1.3749365,-1.3749363,-1.3614991,-1.4783309,-1.5244195,-1.0877439,-2.9739578,-4.2465606,-2.7172647,-2.7172654,-4.1892653,-2.7422075,-4.171544,-2.6836119,-3.3318372,-4.0110745,-3.7875316,-3.7875314,-3.7797475,-3.0869207,-3.7753673,-3.541858,-3.0521083,-2.4922843,-2.4809268,-2.480927,-2.4763894,-2.44386,-2.5073583,-2.6446984
c1ccc2c3c(ccc2c1)c4cccc5cccc3c45,-8.0,-8.001748,-3.4666886,-3.6015522,-3.6015518,-3.6150622,-4.09046,-3.634765,-6.4668264,-7.5062423,-5.752341,-6.8893294,-6.889329,-6.8168244,-7.1876283,-6.892889,-6.6396546,-8.1044035,-4.4823475,-4.6299667,-4.6299663,-4.593224,-4.348128,-6.8118396,-6.1260004,-7.721772,-6.9358716,-6.670761,-6.6707625,-6.7452526,-6.17685,-6.0480766,-6.8131576,-8.268652,-3.0607677,-3.9075518,-3.907552,-3.8900337,-3.8817465,-3.8756502,-8.094686,-8.243531,-3.458844,-3.2823648,-3.2823646,-3.3331883,-3.337377,-3.4054022,-3.3685791,-8.17514,-7.605125,-7.11803,-7.1180296,-8.351026,-7.8524594,-8.216354,-7.310585,-7.84921,-7.058324,-7.5949636,-7.594964,-7.5618896,-6.323875,-7.5594897,-7.875913,-7.7033386,-7.806312,-8.0261755,-8.026177,-8.015036,-8.244136,-7.8844633,-7.9892583
Nc1ncnc2n(ccc12)C3OC(CO)C(O)C3O ,-1.95,-3.2039711,-3.7983937,-3.556712,-3.5567117,-3.5609572,-3.8748758,-3.5738406,-3.7745245,-2.1848872,-2.415174,-1.847104,-1.8471038,-1.8194927,-1.9596943,-1.8541054,-2.1834908,-1.7954134,-2.7675493,-2.2870002,-2.2870002,-2.2675903,-2.5695882,-0.84675324,-0.29166633,-1.7411299,-1.359607,-1.7938957,-1.7938976,-0.85873276,-1.36229,-0.43581587,-0.8204818,-2.2124283,-3.2476187,-3.1372972,-3.1372972,-3.1722765,-3.302632,-3.2037978,-3.0940304,-2.7879255,-3.8276227,-3.7427468,-3.7427475,-3.7442749,-3.7312276,-3.9273283,-4.163579,-1.5071899,-1.9973283,-2.269905,-2.2699053,-2.4134812,-2.0450962,-2.3267207,-2.1236384,-1.4299265,-2.2881787,-2.0560884,-2.0560884,-2.0679011,-1.1226974,-2.0292118,-2.6047812,-1.8739882,-1.9393826,-1.9805056,-1.9805044,-2.0041556,-2.044286,-2.1588895,-1.9024447
CCOP(=S)(OCC)SCCSCC,-4.23,-4.057737,-4.2365746,-4.0390167,-4.039017,-4.0452714,-4.3323,-4.0637345,-4.066125,-4.054235,-4.2644844,-3.7243428,-3.7243443,-3.6501415,-4.153349,-3.7573776,-4.0513654,-4.4225054,-4.0749626,-3.8996367,-3.8996367,-3.8876908,-3.8429155,-4.340966,-4.0036135,-4.2692385,-4.4571075,-4.313113,-4.313115,-4.324666,-4.0128894,-3.493214,-4.1364965,-4.3657618,-4.130289,-3.8592625,-3.8592625,-3.865293,-4.0623884,-3.9076655,-3.3577466,-3.2781093,-4.216245,-4.274746,-4.2747464,-4.177035,-4.26691,-4.3775826,-4.2922554,-3.7569542,-4.5266857,-4.259921,-4.259922,-4.810842,-3.979938,-4.822677,-4.4082623,-4.041062,-4.878101,-4.6449637,-4.6449637,-4.685163,-3.5640051,-4.601019,-5.087335,-3.99167,-4.1836553,-4.31935,-4.3193483,-4.294256,-4.4841824,-4.2531867,-4.3776073
Clc2c(Cl)c(Cl)c(c1ccccc1)c(Cl)c2Cl ,-7.92,-7.932153,-4.19644,-3.864739,-3.8647392,-3.8569343,-4.187577,-3.8737721,-4.6497016,-8.06425,-6.889712,-7.255612,-7.2556114,-7.184684,-6.8635755,-7.2698483,-7.6094027,-7.9363127,-5.863681,-6.0011396,-6.0011396,-6.0288844,-5.922492,-7.5588036,-7.2191205,-7.26409,-7.552813,-7.768477,-7.7684784,-7.5665073,-7.1584735,-6.9929805,-7.497269,-7.9923706,-4.5353384,-6.0811157,-6.0811157,-6.141698,-5.806005,-6.396824,-7.9922915,-8.519082,-3.1163216,-2.8402183,-2.840218,-2.8925416,-2.903693,-3.02373,-3.0857487,-7.9792466,-5.9919667,-7.367469,-7.3674684,-6.735445,-7.6813817,-6.761024,-7.7223263,-7.822754,-6.6017795,-6.3842587,-6.384261,-6.391951,-5.27951,-6.358467,-7.5345225,-7.805461,-7.2975016,-7.4804797,-7.4804792,-7.487841,-7.5322866,-7.298186,-7.677045
O=C1NC(=O)C(N1)(c2ccccc2)c3ccccc3,-4.097,-3.9732366,-3.9978628,-3.661977,-3.6619773,-3.6522245,-3.919686,-3.6336899,-3.3681014,-4.275597,-3.9240804,-3.7428012,-3.742803,-3.6921823,-3.7226503,-3.7307844,-3.9426436,-3.9930656,-4.549236,-4.2922945,-4.2922945,-4.283463,-4.508147,-3.6064827,-3.3195772,-4.109947,-3.300577,-3.473869,-3.4738708,-3.1709325,-3.2019567,-2.537644,-3.343397,-4.0295715,-3.55542,-3.7845972,-3.784597,-3.7348084,-3.893164,-3.71958,-3.2317276,-3.9438355,-3.3456948,-3.8172665,-3.817267,-3.9344783,-3.786676,-3.7088926,-4.5539145,-3.7980447,-2.2176852,-2.5811558,-2.5811558,-2.643755,-2.745732,-2.5554762,-2.973627,-3.362119,-3.8630724,-3.4362364,-3.4362366,-3.490165,-2.400411,-3.426484,-4.0886626,-4.0176363,-4.053774,-4.0772004,-4.0771976,-4.107865,-4.223129,-4.121735,-4.056294
O=C2NC(=O)C1(CCCCC1)C(=O)N2,-3.06,-3.1360047,-2.6343465,-2.1445796,-2.1445796,-2.1433427,-2.442145,-2.138269,-2.6302319,-2.6289916,-1.7612009,-1.8000057,-1.8000056,-1.7858061,-1.8258623,-1.7978492,-2.3101742,-2.8435094,-3.230502,-3.2772644,-3.2772644,-3.2724257,-3.2259402,-2.8695865,-2.5510821,-2.4517732,-2.8389795,-2.7938771,-2.793879,-2.4715984,-2.5218587,-1.7118154,-2.3594604,-3.5075843,-2.6081471,-2.7009177,-2.7009172,-2.7313342,-2.8658912,-2.7684474,-2.6228395,-2.8980353,-2.1621263,-1.6482971,-1.6482971,-1.6551651,-1.7680371,-1.8741596,-1.5976549,-2.7216353,-1.4128112,-1.8722713,-1.8722713,-1.9448298,-2.138028,-1.8281274,-2.10784,-2.5711334,-2.8141947,-2.3379395,-2.3379397,-2.3989377,-1.6395742,-2.3637202,-2.783648,-3.061092,-2.9697413,-2.9302716,-2.9302716,-2.9068363,-2.9318101,-2.7402318,-3.086408
CC(Cl)(Cl)Cl,-2.0,-1.8148298,-1.399661,-1.1926681,-1.192668,-1.1794955,-1.6302388,-1.1437396,-2.0481448,-1.9504656,-1.4544984,-1.6551324,-1.6551332,-1.6553212,-1.639221,-1.6576239,-1.5401106,-1.9692099,-1.0224174,-1.0192001,-1.0192001,-1.0148042,-1.0880959,-1.5195326,-1.6259221,-1.9138724,-2.4408512,-2.7464745,-2.746476,-2.604153,-2.4365568,-1.6985486,-2.163467,-2.0008101,-2.0305166,-1.4159758,-1.4159758,-1.403072,-1.5052636,-1.3593502,-2.1428225,-1.8958194,-1.158033,-0.8803597,-0.88035965,-0.8710301,-0.8893508,-0.88673395,-1.6786579,-2.0934405,-1.748828,-2.1829662,-2.1829662,-2.191426,-2.3166916,-2.115933,-2.3790767,-1.8904806,-2.6531549,-2.2082827,-2.2082827,-2.2211294,-1.8362795,-2.2146022,-2.360238,-2.4356306,-2.4801474,-2.634557,-2.6345565,-2.6266856,-2.6363537,-2.394594,-2.384721
CCC(C)(C)Cl,-2.51,-2.5485828,-1.8580115,-1.6075621,-1.6075621,-1.6211041,-1.8596396,-1.6118206,-1.5442137,-1.8274348,-1.4445648,-1.5287772,-1.5287772,-1.5197126,-1.6315697,-1.5185984,-1.7407328,-2.3809803,-1.3901812,-1.5624378,-1.5624377,-1.5539231,-1.4761847,-2.1405153,-2.0785203,-2.7876306,-2.9016922,-2.8731632,-2.8731651,-2.5847614,-2.5475993,-1.7148057,-2.3691459,-2.6646369,-1.9199727,-1.8184348,-1.8184347,-1.8198216,-1.8789248,-2.0105462,-1.8202988,-2.2913625,-1.6580405,-1.5242628,-1.5242629,-1.5263377,-1.4951494,-1.4940362,-1.1350623,-2.7265072,-2.7917056,-2.4244678,-2.4244685,-2.5512662,-2.6739254,-2.557221,-2.7430692,-2.211492,-2.7115645,-2.5854764,-2.585477,-2.6174803,-2.0276053,-2.58609,-2.6108325,-2.4095278,-2.0410979,-1.9878274,-1.9878273,-2.0008392,-2.0099552,-2.029539,-1.9169569
CC(C)c1ccc(C)cc1O,-2.22,-2.2397015,-2.5177827,-2.1223853,-2.122385,-2.1239789,-2.308013,-2.1391153,-2.3768604,-2.2407024,-2.4775996,-2.1617918,-2.1617925,-2.118304,-2.354854,-2.154412,-2.81322,-1.9796579,-2.6120894,-2.757695,-2.757695,-2.7674983,-2.639333,-2.3962297,-2.299341,-1.927385,-2.7624986,-2.7296822,-2.7296834,-2.4203892,-2.4789824,-1.5921836,-2.14433,-2.4980597,-2.3867197,-2.2046223,-2.2046225,-2.2365842,-2.281213,-2.2567565,-1.2839339,-2.1759858,-2.5472019,-2.063197,-2.063197,-2.0853853,-2.1579196,-2.277732,-1.9824923,-2.6078384,-2.272256,-2.1564813,-2.1564815,-3.0283275,-1.795654,-2.925104,-2.1558168,-2.0475764,-2.0368776,-1.8511714,-1.8511713,-1.7994894,-1.0685849,-1.8587489,-2.3506548,-2.1970057,-2.2437785,-2.077829,-2.077829,-2.0874467,-2.1122775,-1.9323689,-2.1905453
C2c1ccccc1N(CCF)C(=O)c3ccccc23 ,-4.799,-3.909823,-3.9378653,-3.5321732,-3.5321732,-3.5222597,-3.7925043,-3.5062141,-3.2864022,-4.904246,-3.6505997,-3.564949,-3.5649495,-3.5298421,-3.6295679,-3.5665455,-3.7086284,-4.805814,-4.0176964,-3.8641143,-3.8641143,-3.8593295,-3.8550167,-3.3037844,-2.9808898,-4.251964,-4.5835047,-4.5355606,-4.5355616,-4.268336,-4.1169405,-3.6306043,-4.157793,-4.468089,-3.461153,-3.4860272,-3.4860275,-3.4345202,-3.5949097,-3.3317554,-2.7324998,-4.6055894,-3.7336361,-4.1255407,-4.1255407,-4.294704,-4.00624,-4.0084987,-4.256412,-4.909896,-3.420847,-3.0082712,-3.0082715,-3.7192535,-2.9343188,-3.658,-3.268828,-4.500703,-4.38403,-4.07767,-4.07767,-4.120632,-2.9500096,-4.105269,-4.6886473,-4.8066506,-4.719654,-4.788507,-4.788506,-4.8123565,-4.970066,-4.849691,-4.903575
COP(=S)(OC)Oc1ccc(SC)c(C)c1,-4.57,-3.418084,-4.0190754,-3.7846906,-3.7846909,-3.790027,-4.1385827,-3.7616863,-3.900354,-4.23352,-4.3487267,-3.802143,-3.8021438,-3.7418754,-4.275822,-3.7998474,-4.226174,-4.613004,-4.0015154,-3.7437613,-3.7437615,-3.7289267,-3.5949166,-3.7496529,-3.2548318,-4.3293824,-4.158869,-3.867286,-3.8672879,-3.5027153,-3.4255497,-2.74112,-3.4067187,-4.529142,-3.7357826,-3.4816556,-3.4816556,-3.5173428,-3.612448,-3.5621574,-3.224226,-4.0373845,-3.8820965,-4.259903,-4.259903,-3.9246314,-4.2453213,-4.0792875,-4.598987,-4.0916877,-3.7554204,-3.3010862,-3.301086,-4.24837,-3.0460703,-4.1993475,-3.5874403,-4.3387003,-4.2484546,-3.90454,-3.9045405,-3.8901455,-2.9251566,-3.9015183,-4.6758976,-4.436139,-4.560631,-4.528611,-4.528609,-4.560068,-4.780335,-4.6671357,-4.7846313
CC(C)Cl,-1.41,-1.3406174,-1.3670255,-0.5156913,-0.51569116,-0.50485736,-0.656858,-0.51032656,-1.0514112,-1.1574763,-0.61454844,-0.5760387,-0.5760384,-0.5707548,-0.66835624,-0.5609894,-0.9196993,-1.5333049,-1.0302585,-1.0998827,-1.0998828,-1.0929347,-1.0502592,-1.249033,-1.2108096,-1.8396232,-1.9433147,-2.1012833,-2.1012864,-1.7985681,-1.820549,-0.98584384,-1.4154549,-1.6326563,-2.1396394,-0.33997574,-0.33997577,-0.39311358,-0.10065827,-0.36780828,-0.9233814,-1.4890016,-1.3042467,-1.0071895,-1.0071895,-0.99754626,-0.9367981,-0.99762475,-0.8227301,-1.6025283,-1.961048,-1.7271523,-1.7271525,-1.6994246,-1.907509,-1.6763966,-1.9016175,-1.4129919,-1.177536,-1.1945829,-1.1945828,-1.2002804,-0.7764927,-1.2225834,-1.0715467,-1.8852133,-1.4590763,-1.6785485,-1.6785481,-1.6682099,-1.6256555,-1.2964172,-2.4447048
CCCCCCCCCC(C)O,-2.94,-3.474959,-3.6493573,-3.4865763,-3.486576,-3.4803746,-3.9308307,-3.4645293,-3.3904169,-4.1141024,-3.7985268,-4.737865,-4.7378654,-4.624511,-5.128843,-4.732926,-3.9338372,-3.8992558,-3.3814907,-3.4530585,-3.453059,-3.4435685,-3.214508,-3.9564931,-3.4331782,-3.8218849,-4.7593665,-4.7664323,-4.766434,-4.844065,-4.526893,-4.1048636,-4.5955534,-3.6948676,-3.478713,-3.367698,-3.367698,-3.383879,-3.624174,-3.1485271,-3.4544644,-3.4488304,-4.202744,-4.0396614,-4.0396614,-3.6512277,-4.056815,-3.7089949,-4.303145,-3.602544,-4.077849,-3.6515324,-3.6515326,-4.6954956,-2.388931,-4.789017,-3.6648955,-3.8079247,-4.0146785,-3.99407,-3.99407,-3.9744172,-2.821677,-3.9351501,-4.3305535,-2.9979334,-2.9927018,-2.9620383,-2.9620378,-2.9586873,-3.2266662,-3.0460954,-3.0675097
Oc1ccccc1N(=O)=O,-1.74,-1.8292682,-2.3406038,-2.1506307,-2.1506307,-2.1511242,-2.325843,-2.157395,-2.109493,-1.90849,-0.77508265,-1.2605093,-1.2605093,-1.2753034,-1.2705098,-1.2438194,-1.1286566,-1.684248,-1.6197516,-1.7731161,-1.7731159,-1.7692477,-1.6933285,-0.9076023,-1.0363162,-2.060494,-2.1283753,-2.4513233,-2.4513252,-2.030424,-2.134443,-1.3098412,-1.6769185,-1.7395458,-1.752633,-1.4408066,-1.4408067,-1.4201893,-1.5549204,-1.3915541,-1.4598429,-1.7825954,-2.0867972,-2.1162906,-2.1162906,-2.1360302,-2.102717,-2.0465677,-1.6739906,-1.85538,-0.41014606,-1.2522432,-1.2522433,-1.180293,-1.2624629,-1.0911216,-1.2321675,-1.7712743,-1.8083119,-2.1087954,-2.1087954,-1.6065903,-1.5726572,-2.436905,-1.7844963,-1.7613605,-1.8063432,-1.8292738,-1.8292735,-1.8374141,-1.9140968,-1.652329,-1.797237
CCNc1nc(NC(C)C)nc(SC)n1,-3.04,-2.8292813,-4.055112,-3.6661818,-3.666181,-3.6576412,-3.91987,-3.6250808,-3.35115,-3.713255,-2.615495,-2.9163365,-2.9163373,-2.8530629,-3.299841,-2.9293504,-2.9852953,-3.4102314,-4.0866756,-4.015112,-4.015111,-3.991649,-3.9144545,-3.750334,-3.0619164,-3.1535728,-2.8923075,-2.9550307,-2.9550323,-2.752269,-2.7042627,-1.9830974,-2.4703526,-2.9885094,-3.7562375,-3.5876172,-3.5876167,-3.5695722,-3.7005136,-3.5317981,-2.53627,-2.8023248,-3.7706716,-4.032954,-4.032954,-3.7884688,-4.06205,-3.9179268,-4.246633,-3.4385858,-2.918051,-3.610968,-3.6109684,-3.3092072,-3.3817906,-3.3310785,-3.6473973,-3.2643082,-3.2847178,-2.9696555,-2.9696555,-3.0125878,-2.0800438,-2.9756308,-3.128941,-3.0143235,-4.0234065,-3.9173243,-3.9173226,-3.9357421,-3.9741156,-4.4425597,-4.101443
Oc1ccccn1,1.02,0.40227908,-1.9301984,-1.6281341,-1.628134,-1.6294379,-1.7297004,-1.6335818,-1.0935793,0.5429207,-0.8044665,0.10050371,0.10050342,0.09214534,-0.15942943,0.122174576,-0.7149575,0.8120812,-1.0676991,-1.104087,-1.1040871,-1.0966107,-1.001622,-0.09575183,-0.26376534,0.7664043,-1.2703778,-1.599404,-1.599406,-1.0182295,-1.3038743,-0.37966767,-0.87819505,0.84117746,-1.479749,-1.2935652,-1.2935649,-1.2710123,-1.4274249,-1.250408,-0.5265622,0.8596695,-2.2379599,-2.1645997,-2.1645997,-2.2210224,-2.157209,-2.2806225,-2.2219462,0.4932224,-0.097986564,-0.5884736,-0.5884737,-0.7033617,-0.5445082,-0.62428623,-0.7669941,0.8139056,0.037328795,-0.04406205,-0.044062197,-0.07145671,0.23308061,-0.052841503,-0.33746302,1.0944016,1.4486138,1.1269135,1.1269139,1.1232983,1.2638102,1.5092493,0.9720985
C/C1CCCCC1\C,-4.3,-3.116677,-2.0204444,-1.4319355,-1.4319357,-1.421322,-1.6583116,-1.4111805,-1.7455477,-4.6254263,-1.995973,-3.0013313,-3.0013318,-2.9846387,-3.0150342,-3.0020795,-2.4016168,-4.2000165,-2.321585,-2.588219,-2.5882192,-2.5883365,-2.4145982,-3.8640206,-3.6049895,-4.4781947,-3.4990394,-3.5112112,-3.5112126,-3.4249988,-3.0650039,-2.5893822,-3.2207506,-4.116378,-2.1185381,-2.235043,-2.235043,-1.9741282,-2.3345604,-2.3714855,-1.6989511,-3.823768,-1.950971,-1.9762253,-1.9762255,-1.9916652,-1.9474123,-1.9183537,-1.634756,-4.293631,-3.9298587,-3.3772955,-3.3772953,-3.6542616,-3.7522197,-3.6985624,-3.207409,-3.9841213,-4.323453,-4.4103603,-4.410361,-4.4189315,-3.5514655,-4.4275455,-4.2049055,-3.144989,-3.0624452,-3.3666575,-3.3666573,-3.375041,-3.2970107,-2.8657808,-3.3627436
CCNc1nc(Cl)nc(NC(C)(C)C#N)n1,-3.15,-3.275867,-3.9238553,-3.6112232,-3.6112227,-3.6086242,-3.8792346,-3.605666,-3.7900863,-3.5806212,-2.763258,-2.0466628,-2.0466635,-2.1434443,-2.4149196,-2.0340788,-2.605122,-3.5009003,-4.041135,-3.9461575,-3.9461575,-3.9761226,-3.9286277,-3.1596563,-2.7799973,-3.4867272,-3.0447814,-3.0867994,-3.0868015,-2.9169033,-2.8373277,-2.176747,-2.6898706,-3.4422607,-3.6894326,-3.737924,-3.737924,-3.717002,-3.8759243,-3.7299807,-3.2281666,-3.1484509,-3.5857198,-3.4148176,-3.4148178,-3.3019996,-3.4134011,-3.407238,-3.3937194,-3.5839646,-2.7740977,-3.4554558,-3.4554563,-3.1745338,-3.285355,-3.128695,-3.5199857,-3.100328,-3.1520927,-3.0955725,-3.095573,-3.1423154,-2.032528,-3.0738206,-3.8505852,-3.0646596,-3.1690388,-3.0947726,-3.09477,-3.1346765,-3.2378159,-3.2322288,-3.2818553
CC(C)(C)CCO,-0.5,-0.07760845,-1.7339426,-1.4113687,-1.4113687,-1.4199382,-1.8315364,-1.4033183,-1.8713032,-0.8277653,-1.1729509,-1.3878486,-1.3878486,-1.3788979,-1.3976474,-1.3547962,-1.7946203,-0.83877975,-1.6376648,-1.7243087,-1.7243087,-1.7135383,-1.6289183,-1.0724397,-1.1807239,-1.2270033,-2.2093945,-2.350156,-2.3501575,-2.1018898,-2.033454,-1.2473204,-1.8064811,-0.3132036,-1.8901511,-1.719969,-1.719969,-1.6935239,-1.832326,-1.631351,-1.572795,-0.5228127,-1.8670727,-1.5569221,-1.5569222,-1.5709652,-1.5841295,-1.630823,-1.2265426,-0.8862883,-1.4184641,-0.26856413,-0.2685643,-1.6371135,-0.06487136,-1.5610429,-0.9923592,-0.5974349,-1.3962187,-1.3080788,-1.308079,-1.3359131,-0.7550177,-1.3075619,-1.5515841,-0.5150777,-0.91686046,-0.8267971,-0.8267969,-0.818673,-0.8427266,-0.8711608,-0.51893413
BrCBr,-1.17,-1.4684651,-0.972684,-0.56539595,-0.5653957,-0.573482,-0.75771165,-0.58978546,-1.5598289,-1.1499286,-0.75998414,-1.3283862,-1.3283871,-1.3240448,-1.4544866,-1.3010669,-0.87204313,-1.2170669,-1.4739574,-1.564969,-1.5649688,-1.558201,-1.3154548,-2.2677343,-2.0910442,-1.2629633,-1.243379,-1.6273731,-1.6273737,-1.1711305,-1.2393653,-0.41583508,-0.88709974,-1.0795656,-3.3792691,-3.1351821,-3.1351812,-3.1919699,-3.3649862,-3.178138,-1.9030496,-1.4615116,-1.1867834,-0.87417203,-0.8741719,-0.8787893,-0.9327523,-0.86352897,-1.6171384,-1.4654032,-1.6428654,-1.509576,-1.5095761,-1.5691895,-1.0277326,-1.5035204,-1.5093563,-1.1262203,-1.4903884,-1.3575395,-1.3575398,-1.3538874,-1.1633735,-1.3646549,-1.2017173,-1.8852133,-1.4590763,-1.6785485,-1.6785481,-1.6682099,-1.6256555,-1.2964172,-2.4447048
O=N(=O)c1ccccc1N(=O)=O,-3.1,-3.0561578,-2.6419046,-2.5997531,-2.599753,-2.5957863,-2.8249023,-2.5969973,-2.887862,-3.0794902,-0.7824824,-2.6435115,-2.6435118,-2.6507232,-2.7728405,-2.5862782,-1.49383,-2.9537196,-2.0315475,-2.2119124,-2.2119126,-2.2099106,-2.1714716,-2.0223289,-2.123636,-2.7565787,-3.1316388,-3.4859612,-3.4859624,-3.2274804,-3.023194,-2.4360085,-2.8566575,-3.1746817,-2.3327942,-2.4616923,-2.4616923,-2.1908271,-2.5282757,-2.8355982,-2.394472,-3.153153,-2.112995,-2.1758583,-2.175858,-2.2011871,-2.1922646,-2.1007752,-2.0607748,-3.4779587,-1.3736975,-2.0289903,-2.0289907,-2.1255488,-2.2937362,-1.9651034,-2.5144377,-3.0337212,-3.0984063,-3.2813892,-3.2813897,-3.360035,-2.6282272,-3.242049,-3.2077491,-3.0718656,-3.2233446,-3.1534524,-3.1534517,-3.1579547,-3.2306583,-3.1603286,-3.16546
Cc1ccc(Cl)cc1,-3.08,-2.7809794,-2.1602392,-1.9655524,-1.9655521,-1.9761013,-2.222706,-1.9841179,-2.009962,-2.3301096,-2.3219142,-1.9598562,-1.959856,-1.9583236,-1.9720818,-1.9357063,-2.0380437,-3.0484834,-1.9272784,-2.0950763,-2.0950763,-2.0884058,-1.9916965,-2.7819548,-2.5051527,-2.7939987,-2.9400156,-3.0391636,-3.039165,-2.7261727,-2.733637,-1.9528956,-2.3281162,-3.0719426,-2.328446,-2.0759902,-2.0759904,-2.1860528,-2.186387,-2.2561886,-2.9179783,-3.2183585,-2.447169,-2.055905,-2.0559049,-2.1248877,-2.0883114,-2.1828017,-1.6147878,-3.0123591,-2.6327574,-2.5527718,-2.552772,-2.666641,-2.7160003,-2.6154842,-2.6539865,-3.1784146,-2.5577118,-2.2587538,-2.2587545,-2.289326,-1.6681299,-2.2760632,-1.9754629,-3.1330466,-3.668686,-3.4879076,-3.487908,-3.48218,-3.5876062,-3.6658082,-3.3051631
Nc3ccc2cc1ccccc1cc2c3 ,-5.17,-5.4851317,-2.8620348,-2.9860122,-2.986012,-3.001928,-3.466554,-3.018288,-4.2501125,-4.7894716,-4.2100434,-4.357761,-4.357762,-4.2979636,-4.5589175,-4.384477,-4.3949065,-5.2937803,-3.4423356,-3.792566,-3.7925656,-3.7805643,-3.4451656,-4.697904,-4.333746,-5.0689797,-5.116051,-5.2045016,-5.204503,-5.147234,-4.7052565,-4.4004116,-4.7890964,-5.0735216,-2.5452132,-3.0129938,-3.0129936,-3.070509,-3.0624197,-3.1242726,-5.1117554,-5.586658,-3.6722257,-3.5448096,-3.5448098,-3.6446853,-3.5215466,-3.673658,-3.9750767,-5.075549,-3.1021628,-3.0647714,-3.0647712,-3.4930031,-2.9763737,-3.328495,-3.0390484,-5.1404524,-5.4294705,-5.3759837,-5.375983,-5.3919864,-4.552166,-5.3768597,-5.5951695,-5.140723,-5.012898,-5.175534,-5.175536,-5.171407,-5.2173653,-5.0157604,-5.1946487
ClC(Cl)C(c1ccc(Cl)cc1)c2ccc(Cl)cc2,-7.2,-7.144161,-4.898401,-4.4187655,-4.418765,-4.407968,-4.7417617,-4.379617,-4.423411,-7.070269,-6.800699,-6.3062057,-6.306207,-6.245915,-6.5255475,-6.2688375,-5.9550214,-7.3051195,-5.321592,-5.4958954,-5.4958954,-5.538034,-5.4033823,-7.032917,-6.9322386,-6.4359274,-5.625766,-5.4441795,-5.444181,-5.2106376,-4.955413,-4.5509124,-5.499201,-7.4044523,-4.348826,-4.6684155,-4.6684155,-4.6330466,-4.706649,-4.640344,-5.1686907,-6.6337433,-4.3251734,-4.956466,-4.9564657,-5.225813,-4.7463055,-4.9551907,-4.345937,-7.284158,-3.9968083,-5.48395,-5.48395,-4.466873,-5.7266545,-4.40833,-5.6483097,-6.753189,-7.1173973,-6.7120886,-6.7120886,-6.726275,-5.4472346,-6.6558914,-7.0883503,-7.0997634,-6.4184775,-6.6662397,-6.6662393,-6.6851583,-6.6086864,-6.660671,-6.6739135
CSSC,-1.44,-1.3810811,-1.8556839,-1.5404364,-1.5404365,-1.5531143,-1.700609,-1.5562671,-0.7514756,-1.3823965,-1.277735,-0.1926848,-0.1926849,-0.19622548,-0.15138346,-0.16939224,-0.75766605,-1.4658871,-1.1760337,-1.220691,-1.220691,-1.2129517,-1.1880971,-1.6849838,-1.9064921,-1.4817089,-1.132286,-1.3795421,-1.3795435,-0.9735388,-1.1758264,-0.19814911,-0.74592227,-1.7565422,-3.4580097,-2.8140764,-2.8140757,-2.9962556,-2.914599,-3.1082351,-1.1797624,-1.3709242,-2.2989144,-2.431632,-2.4316325,-2.4969723,-2.3120365,-2.4526114,-2.1045713,-1.5233468,-3.0636692,-1.7155452,-1.7155454,-3.0371928,-1.5294455,-3.0308328,-2.0885775,-1.2682645,-1.3526511,-1.5428692,-1.5428697,-1.6284016,-0.8990507,-1.6000757,-1.4686369,-2.9004655,-1.9368185,-2.182926,-2.1829257,-2.1682115,-2.1593893,-1.7873621,-2.42693
CC(=O)OCC(=O)C1(O)CCC2C3CCC4=CC(=O)CCC4(C)C3C(O)CC21C,-4.88,-4.45489,-5.9301243,-5.4119763,-5.411977,-5.415728,-5.7437997,-5.4273934,-5.0521774,-4.2767916,-4.2573023,-3.4464483,-3.4464498,-3.3975246,-3.9204767,-3.4572968,-3.9085405,-4.6918416,-3.6527593,-4.1816473,-4.1816473,-4.052508,-3.508535,-4.653531,-4.0300603,-4.2372093,-4.808571,-4.516453,-4.516454,-4.1688223,-4.254922,-3.9247243,-4.1064796,-4.8670855,-5.3096547,-5.214776,-5.214776,-5.20733,-5.3327208,-5.2475414,-4.601533,-4.640618,-5.263023,-4.7981625,-4.7981625,-4.8657823,-4.615249,-5.145684,-4.8189464,-4.4429617,-4.0875263,-4.0888453,-4.0888457,-4.6139474,-4.102362,-4.5919156,-4.4941807,-4.3690925,-5.225495,-4.846525,-4.846526,-4.879855,-3.4406188,-4.8449993,-4.86906,-4.6489244,-4.783678,-4.834332,-4.8343296,-4.887113,-5.0852575,-5.0706086,-4.9464097
CCO,1.1,-0.4883582,-0.9328855,-0.17105247,-0.17105249,-0.17161256,-0.34325042,-0.19304356,-0.49760458,0.79872245,0.0069251037,0.37288034,0.37288022,0.3699061,0.1343241,0.38968912,-0.45070806,1.146955,-0.75662774,-0.64058393,-0.64058393,-0.63352937,-0.5486307,0.654498,0.2762039,0.863877,-0.7480674,-0.9303985,-0.93039954,-0.3417728,-0.6165249,0.32707885,-0.39975396,1.146595,-1.359435,-0.6779486,-0.6779486,-0.6543469,-0.62890935,-0.60522604,-0.70991164,1.1344185,-1.1384996,-0.75474983,-0.7547499,-0.7470054,-0.73366886,-0.78138155,-0.8256391,0.61377114,0.18562505,1.3075207,1.3075206,0.32075694,1.6258786,0.35179386,0.33456692,1.0796454,0.8059146,1.0317191,1.0317191,1.0265392,1.4869547,1.057858,0.5912543,1.0672257,1.9100795,2.5772774,2.5772765,2.6186185,2.5099075,1.6061352,0.9618654
CC(C)N(=O)=O,-0.62,-0.5740736,-1.6614035,-1.3747672,-1.3747672,-1.3767946,-1.6163337,-1.3694736,-1.172846,-0.60574585,-0.09746057,0.34753406,0.34753394,0.33473724,-0.012330107,0.38227326,-0.4644653,-0.5226141,-1.2697738,-1.376821,-1.3768208,-1.3705789,-1.3197683,-1.1748414,-1.2575285,-0.67052865,-1.4507095,-1.6615841,-1.6615849,-1.2682868,-1.4331183,-0.5127012,-1.0818708,-0.5629464,-1.5262634,-0.94929725,-0.94929725,-0.94160956,-1.1300542,-0.85720706,-0.7236799,-0.56589735,-1.3161496,-1.093344,-1.093344,-1.0882342,-1.1053455,-1.0749308,-1.654116,-0.6784726,-0.75490874,0.49710447,0.49710456,-0.71531725,0.37597117,-0.6399232,-0.20130941,-0.7080328,-0.64491105,-0.6580152,-0.6580154,-0.69041365,-0.3581743,-0.66714317,-0.5691749,-0.86425656,-0.8188265,-0.852069,-0.852069,-0.84615445,-0.73753214,-0.78459257,-0.6559841
CCCCOCCO,-0.42,-2.460978,-2.4645474,-2.2342079,-2.2342083,-2.2288454,-2.5737038,-2.2010999,-2.3424745,-0.96349347,-1.4282879,-1.2174977,-1.2174981,-1.1847574,-1.3440251,-1.2595184,-1.5581768,-0.6247349,-1.5800503,-1.5398656,-1.5398657,-1.5323558,-1.4047602,-0.27611378,-0.44163293,-0.8397805,-1.337018,-1.5322654,-1.5322677,-1.054153,-1.2942007,-0.32660493,-0.98848945,-1.0793803,-2.319684,-2.1173563,-2.117356,-2.155677,-2.2395878,-1.959769,-1.9815253,-1.1280811,-2.893557,-2.6851716,-2.6851716,-2.4498527,-2.7162445,-2.4548311,-2.5608478,-0.5921878,-1.4325405,-0.8128835,-0.8128834,-1.73045,-0.59811735,-1.6856793,-1.2592679,-0.78510165,-1.6252768,-1.3736988,-1.373699,-1.2314513,-0.5306651,-1.3240213,-1.7742342,-0.5470623,-0.26939842,-0.3790627,-0.3790624,-0.3688056,-0.36378747,-0.356129,-0.51959556
ClC(=C)Cl,-1.64,-0.8922904,-1.8094394,-1.4314517,-1.4314518,-1.4340321,-1.5023739,-1.4366802,-0.8172098,-1.6544787,-0.6074831,-1.2085625,-1.2085629,-1.2065169,-1.1058698,-1.2052188,-0.618352,-1.6866764,-0.89199406,-0.82901305,-0.829013,-0.8239476,-0.8573122,-0.8770246,-0.9036992,-1.695542,-1.3413423,-1.8284154,-1.8284166,-1.4082555,-1.4320728,-0.62257224,-1.1114137,-1.7661715,-2.6720676,-2.3352742,-2.3352742,-2.2922664,-2.2546012,-2.399152,-0.94484836,-1.687595,-1.2012933,-0.83166534,-0.83166534,-0.82010704,-0.8301126,-0.8720192,-0.8516712,-1.5975039,-2.3845885,-2.0554128,-2.0554128,-2.3967457,-2.1634367,-2.4034593,-2.25128,-1.642382,-1.2430956,-0.9509745,-0.9509746,-0.9560609,-0.84551847,-0.95282036,-1.6981915,-1.0587059,-1.4569534,-1.565226,-1.5652263,-1.5693804,-1.5572705,-1.4589545,-1.1520405
CN(C)C(=O)Nc1cccc(OC(=O)NC(C)(C)C)c1 ,-2.93,-3.4891372,-4.9192905,-4.690984,-4.6909847,-4.697704,-5.0795913,-4.7306,-4.6774664,-3.4251664,-3.805955,-2.7279377,-2.7279387,-2.6812084,-3.3273883,-2.7543993,-3.5610743,-3.2173476,-4.6201234,-4.519385,-4.5193853,-4.4296875,-4.2518277,-2.8246384,-2.452017,-2.7265828,-3.840226,-3.76405,-3.764052,-3.6556675,-3.4765122,-2.934485,-3.3962843,-3.1949534,-4.9485164,-4.5686884,-4.568689,-4.581851,-4.8004675,-4.6158586,-3.342111,-3.1664004,-5.0277076,-5.009018,-5.009018,-5.074483,-4.8929076,-4.9867525,-4.435579,-2.7848053,-6.1983685,-4.5239763,-4.5239763,-5.6753554,-5.2347655,-5.412189,-3.4004874,-3.029409,-3.9851642,-3.628863,-3.6288638,-3.7258804,-2.898075,-3.6833186,-3.7920833,-2.8751688,-2.9366376,-2.9235604,-2.9235606,-2.9439,-3.0523522,-3.0120835,-2.9284823
CC(C)Oc1cc(c(Cl)cc1Cl)n2nc(oc2=O)C(C)(C)C,-5.696000000000001,-5.536738,-5.198938,-4.828329,-4.8283286,-4.8310905,-5.1511626,-4.8619337,-4.7162127,-4.8444505,-4.8488984,-4.1033573,-4.1033587,-4.1209373,-4.596221,-4.093678,-4.201379,-5.7267957,-5.570468,-5.478259,-5.478259,-5.3316693,-5.446594,-5.1183925,-4.782815,-4.9818163,-6.0787244,-5.662156,-5.6621575,-5.690032,-5.1975236,-5.0151124,-4.799978,-5.7371054,-4.8275437,-4.6338186,-4.6338186,-4.662273,-4.8073225,-4.825805,-3.8146791,-5.2104597,-4.512032,-4.2266464,-4.226646,-4.301171,-4.188109,-4.3722253,-3.9078357,-5.479843,-5.333738,-5.019615,-5.0196147,-5.720398,-5.024591,-5.6121516,-5.2793846,-5.373849,-4.8900084,-4.559927,-4.559927,-4.6070256,-3.391666,-4.5913715,-5.220895,-5.480184,-3.390171,-3.6044128,-3.604412,-3.6308446,-3.595504,-4.104813,-4.3803644
CCCCCCCCCCO,-3.63,-3.6594658,-3.4622903,-3.366604,-3.3666039,-3.3715107,-3.8038552,-3.369833,-3.373518,-3.7396214,-3.4270253,-4.102303,-4.102304,-4.009703,-4.4622693,-4.119335,-3.4120395,-3.531379,-3.017577,-3.042826,-3.0428262,-3.02161,-2.82035,-3.5537448,-3.137984,-3.7343624,-4.3121715,-4.395091,-4.395093,-4.3866615,-3.937508,-3.6193004,-4.0723352,-3.830586,-3.255476,-3.1637428,-3.1637428,-3.233383,-3.4058402,-3.3179362,-3.3657124,-3.8410764,-4.2762184,-4.257331,-4.2573314,-4.056521,-4.2738047,-4.019545,-4.751535,-3.4584308,-3.6173513,-3.4711702,-3.47117,-4.269449,-2.9250758,-4.228424,-3.5961494,-3.4014122,-3.7083197,-3.6370502,-3.6370502,-3.5589547,-2.5059302,-3.5852923,-3.9742086,-3.5686717,-3.5060678,-3.6033838,-3.6033828,-3.6216567,-3.7396324,-3.6700048,-3.7379034
CCOP(=S)(NC(C)C)Oc1ccccc1C(=O)OC(C)C,-4.194,-4.114267,-5.432979,-5.0306525,-5.030653,-5.024401,-5.293342,-5.0141654,-4.4903126,-4.0915565,-4.087103,-4.1829014,-4.1829023,-4.0289106,-4.6748886,-4.272729,-4.664909,-4.307996,-4.70178,-4.8660727,-4.866072,-4.730551,-4.8205385,-4.733603,-4.2857475,-3.8933296,-6.04421,-5.5596976,-5.559699,-5.591663,-5.0924606,-4.9863553,-4.999923,-4.4049654,-5.5028276,-5.2051954,-5.205196,-5.0535483,-5.3107467,-4.751267,-3.6569571,-4.264592,-4.361297,-4.5896645,-4.589664,-4.3607965,-4.5640917,-4.476937,-4.344643,-4.0494847,-4.0468817,-4.2155313,-4.2155313,-4.512149,-3.8489113,-4.423632,-4.1772165,-4.141078,-4.8909426,-4.6221075,-4.6221075,-4.710857,-3.445922,-4.7095814,-4.8503847,-4.1425166,-3.4315863,-3.0488825,-3.0488818,-3.0921392,-3.9004395,-3.9738579,-4.395946
O=C1N(COC(=O)C)C(=O)C(N1)(c2ccccc2)c3ccccc3,-4.47,-4.3835297,-4.9896865,-4.6772933,-4.6772933,-4.670724,-4.9330044,-4.6738296,-4.546145,-4.2440434,-4.256058,-3.736642,-3.7366421,-3.6866934,-4.0737133,-3.7689555,-4.031338,-4.5197005,-4.660439,-4.2804556,-4.2804556,-4.21283,-4.771334,-4.155151,-3.3397732,-4.2742424,-3.1733506,-3.497146,-3.4971478,-3.083095,-3.24856,-2.496894,-2.9620607,-4.4921904,-4.2844696,-4.2258625,-4.225862,-4.1632495,-4.2918453,-4.1262136,-3.306739,-4.1670766,-4.309545,-4.7720094,-4.7720094,-4.83435,-4.6045547,-4.39422,-4.920022,-4.1330767,-3.1879275,-3.7720299,-3.7720299,-3.7050338,-3.748516,-3.6426053,-4.130406,-4.0502954,-4.0998917,-4.129718,-4.1297183,-4.19704,-2.8974862,-4.0478544,-5.1157584,-4.3163185,-4.421416,-4.407329,-4.4073257,-4.4418926,-4.527395,-4.474976,-4.4868503
O=C1NC(=O)C(=O)C(=O)N1 ,-1.25,-1.7023342,-2.3194656,-2.2785718,-2.2785718,-2.276584,-2.485681,-2.286048,-2.0203435,-1.2876632,0.107009776,-1.7206979,-1.7206974,-1.7150928,-1.9419941,-1.6570039,-0.22142601,-1.3963346,-1.4982276,-1.6843715,-1.6843716,-1.6812683,-1.5792044,-1.5228856,-1.543117,-1.0697848,-0.7225354,-1.3775682,-1.3775697,-0.82026005,-0.910126,-0.25571465,-0.62225324,-1.2075362,-2.296723,-2.4344652,-2.4344652,-2.3613546,-2.5265653,-2.3976705,-1.4946084,-1.4928533,-2.3015668,-2.5500696,-2.5500698,-2.624326,-2.509753,-2.5347526,-2.235932,-1.2831547,-2.2761405,-0.70359033,-0.7035903,-2.0851107,-0.94831914,-2.0338967,-1.507229,-1.2269095,-0.80154294,-0.8145258,-0.81452596,-0.8353556,-0.5581566,-0.8031514,-1.0230813,-1.2403984,-1.1851331,-1.258266,-1.2582656,-1.2619853,-1.3282815,-1.1911361,-1.2980399
CN(C)c1ccccc1,-1.92,-2.3002095,-2.3218076,-1.9167467,-1.9167469,-1.9180666,-2.063347,-1.9296658,-1.8101277,-1.9913908,-2.0214262,-2.3167803,-2.3167808,-2.2952113,-2.308164,-2.3074644,-2.353021,-1.4767206,-1.8912314,-2.1120865,-2.1120863,-2.1043217,-1.9619867,-2.2866893,-2.2356203,-2.131887,-2.6462214,-2.784406,-2.7844071,-2.468654,-2.521822,-1.734859,-2.0910404,-2.0186744,-2.6362906,-2.998407,-2.998407,-3.0431378,-2.9026968,-3.116897,-2.6392574,-1.5957265,-2.1366608,-1.9517007,-1.9517006,-1.9444629,-2.0161192,-1.9862791,-1.6929053,-2.030419,-1.5935909,-1.3711016,-1.3711019,-1.6473684,-1.2089809,-1.5721258,-1.5468768,-2.121609,-2.6096659,-2.4557118,-2.4557126,-2.4916077,-1.7258625,-2.464896,-2.6473255,-2.6820333,-2.6821928,-2.6787531,-2.6787531,-2.6858757,-2.6867163,-2.7238615,-2.5116904
CCCN(CCC)c1c(cc(cc1N(=O)=O)S(N)(=O)=O)N(=O)=O,-5.16,-5.485339,-5.0949273,-4.85665,-4.8566504,-4.8483,-5.143473,-4.807921,-5.208587,-5.2376285,-2.8607302,-3.2495193,-3.2495198,-3.2107172,-3.232201,-3.2748682,-3.3083596,-5.204509,-4.515293,-4.2600574,-4.2600584,-4.21771,-4.5623198,-4.1463485,-3.414309,-4.991883,-5.8420053,-5.412421,-5.4124227,-5.2556696,-4.8896856,-4.5777426,-4.3016376,-5.283035,-4.9623785,-5.145193,-5.1451936,-5.109245,-5.372243,-5.1886363,-4.7652907,-4.3179884,-3.8475118,-4.124205,-4.124205,-3.9473355,-4.1086826,-4.0070696,-4.534216,-5.023851,-3.396822,-3.7190146,-3.7190146,-3.8143914,-3.8204005,-3.749869,-4.355611,-5.2596793,-4.278557,-4.8691945,-4.869194,-4.9259324,-3.0571282,-4.7404113,-5.1715584,-4.9891825,-5.116727,-5.1211877,-5.1211863,-5.1532803,-5.390789,-5.387795,-5.0929317
CC23Cc1cnoc1C=C2CCC4C3CCC5(C)C4CCC5(O)C#C,-5.507000000000001,-4.4654574,-4.7001915,-4.331841,-4.3318415,-4.337993,-4.686608,-4.331946,-4.554873,-4.3774343,-4.7850156,-4.4968534,-4.496853,-4.423553,-4.997384,-4.5105934,-4.6075277,-5.155784,-3.7689502,-4.3959723,-4.3959723,-4.2969465,-4.0609503,-5.049352,-4.350325,-5.235709,-6.31028,-5.466902,-5.4669027,-5.7588696,-4.841989,-5.19626,-5.447685,-5.270614,-4.3394384,-4.2964125,-4.2964125,-4.321504,-4.385522,-4.4460063,-3.7102396,-4.891078,-4.674542,-4.891429,-4.8914285,-4.099618,-4.89349,-3.6557152,-5.080038,-5.084964,-4.2010403,-4.5648546,-4.5648546,-4.777483,-4.296291,-4.714715,-4.865054,-5.2623405,-5.4169164,-5.175428,-5.1754293,-5.2030845,-3.559824,-5.192828,-5.166218,-5.284025,-5.4631157,-5.473417,-5.473417,-5.43056,-5.8511076,-5.598412,-5.5369067
CCOC(=O)c1ccccc1,-2.32,-2.6604798,-2.6637871,-2.422148,-2.422148,-2.4309905,-2.6989346,-2.4437335,-2.4254444,-1.9085392,-2.1776156,-1.252664,-1.2526639,-1.2276865,-1.5280504,-1.2447498,-1.8068967,-2.2118757,-2.263352,-2.4371738,-2.4371738,-2.432037,-2.2601485,-2.6862323,-2.5972166,-1.9837763,-2.8250687,-2.7953894,-2.7953925,-2.455278,-2.5927007,-1.7086651,-2.1585004,-2.637662,-2.3898406,-2.2817197,-2.28172,-2.2950892,-2.3686266,-2.381687,-1.6316725,-2.6580076,-3.2757518,-3.5718198,-3.5718198,-3.6429787,-3.5166056,-3.4199753,-4.0283113,-2.032875,-2.2103002,-2.294679,-2.2946792,-2.8988657,-2.0539382,-2.8275747,-2.3849528,-2.3280172,-2.393752,-2.0544963,-2.054497,-2.0451126,-1.2707926,-2.2120228,-2.3215706,-2.3290648,-2.0760074,-2.1381872,-2.1381874,-2.1271334,-2.1184404,-1.8932495,-2.3444047
Fc1cccc(Br)c1,-2.67,-2.864791,-2.27354,-2.1439369,-2.1439369,-2.1552253,-2.438265,-2.1625943,-2.2930272,-2.4856102,-1.7072214,-1.9284843,-1.9284847,-1.9337146,-1.7841601,-1.9168046,-1.8589616,-2.5490596,-1.4696275,-1.6104058,-1.6104059,-1.6048408,-1.4650937,-2.0592332,-1.9555199,-2.2499802,-2.656164,-2.8122675,-2.8122678,-2.484156,-2.59024,-1.6789083,-2.1282804,-2.736886,-1.7161804,-1.5929352,-1.5929348,-1.5387316,-1.6807848,-1.4958826,-1.7926508,-2.6718738,-2.3015363,-2.415248,-2.4152482,-2.485913,-2.416858,-2.4964797,-2.589616,-2.4853427,-1.6688039,-0.7992018,-0.7992023,-1.7482914,-0.7898314,-1.6453186,-1.2229549,-2.5902321,-2.5061982,-2.2585297,-2.25853,-2.28659,-2.0197062,-2.2529376,-2.157545,-2.6983604,-3.3332577,-2.8868787,-2.8868787,-2.914543,-3.0729218,-3.3746521,-2.9963298
Clc1cccc(c1Cl)c2cccc(Cl)c2Cl,-7.28,-7.0918055,-3.9094906,-3.740209,-3.740209,-3.7459328,-4.027284,-3.7561412,-4.445563,-6.9871416,-6.4893804,-6.782006,-6.782008,-6.713225,-6.4873195,-6.77719,-6.956178,-7.189458,-5.1313615,-5.2751255,-5.275126,-5.271967,-5.1588583,-6.35444,-6.162357,-6.5205116,-6.4800615,-6.485651,-6.485652,-6.4067016,-6.0341377,-5.6919217,-6.679291,-7.3896623,-5.2825193,-6.0809784,-6.080978,-6.206147,-6.4319787,-6.2983165,-6.669825,-7.396951,-3.2435653,-3.5078173,-3.507817,-3.599458,-3.5023603,-3.4307404,-4.360128,-7.180701,-5.9055753,-6.746516,-6.7465158,-6.28068,-6.830645,-6.2559443,-7.0494847,-7.231538,-7.2244506,-6.8843026,-6.884305,-6.9385633,-5.8560944,-6.9675083,-7.86302,-7.2086363,-7.008493,-7.184122,-7.18412,-7.158733,-7.072328,-7.166144,-7.1628947
CCC,-1.94,-1.1931641,-1.0486096,-0.3332056,-0.33320567,-0.33432993,-0.5059143,-0.35253888,-0.6055037,-2.2644804,-0.29021788,-0.4459889,-0.44598895,-0.4374187,-0.4713731,-0.42795193,-0.7900449,-1.990708,-1.0450753,-1.1328833,-1.1328832,-1.1253276,-1.0530561,-1.1830451,-1.0066091,-2.035453,-1.5249267,-1.6680481,-1.6680485,-1.2682081,-1.4068801,-0.47948164,-1.0358282,-2.089007,-2.501266,-1.6329741,-1.6329739,-1.7393488,-1.8398154,-1.6994725,-1.1861476,-1.851746,-1.3106778,-0.975543,-0.975543,-0.96565026,-0.8990022,-0.9828167,-0.5295223,-2.147064,-2.5382268,-1.7310015,-1.7310019,-2.0375974,-2.0300746,-2.04557,-1.9177825,-1.8087158,-0.6026152,-0.7007598,-0.7007597,-0.6979855,-0.2521969,-0.71117914,-0.6860109,-1.8852133,-1.4590763,-1.6785485,-1.6785481,-1.6682099,-1.6256555,-1.2964172,-2.4447048
COc1cccc(Cl)c1,-2.78,-2.3079944,-2.3887982,-2.2206972,-2.2206974,-2.2263632,-2.465556,-2.2384343,-2.6051204,-2.2996876,-2.2638083,-1.5981444,-1.5981445,-1.5860125,-1.6738058,-1.5853682,-2.0975592,-2.7879682,-1.8201534,-1.9299139,-1.9299135,-1.927371,-1.8608218,-2.0254726,-1.6431209,-2.2241082,-2.6115317,-2.9078374,-2.9078393,-2.498947,-2.4866974,-1.7673447,-2.0431068,-2.8501513,-1.9469334,-2.020469,-2.020469,-2.0319173,-2.0262215,-2.0573235,-2.0080736,-2.5294387,-2.4283066,-2.532676,-2.532676,-2.5326123,-2.5366845,-2.4545722,-2.39202,-3.145214,-0.32635975,-1.4655634,-1.465563,-0.86815304,-1.2412608,-0.8135597,-1.2085596,-2.9433498,-2.6348057,-2.428595,-2.4285953,-2.482874,-1.7373273,-2.4465587,-2.390422,-2.8139195,-2.8292832,-2.782728,-2.782728,-2.799007,-2.8306444,-2.7824435,-2.8206604
CCSC(=O)N(CC(C)C)CC(C)C,-3.68,-2.7531872,-3.6127436,-3.226239,-3.226239,-3.2193718,-3.460753,-3.2039201,-2.9626806,-3.6705413,-2.5107722,-2.6898313,-2.689832,-2.7154903,-2.9473212,-2.6976388,-2.7837288,-3.6284263,-3.949269,-3.9083922,-3.908392,-3.8804274,-3.8383102,-3.4761367,-3.3129506,-4.058871,-4.1437674,-4.1535177,-4.153519,-4.165023,-3.7942348,-3.3033152,-3.9385335,-3.6598938,-3.3424082,-3.3740792,-3.3740792,-3.3271399,-3.5102713,-3.233802,-2.8339775,-3.1614752,-3.1329172,-3.5148244,-3.5148244,-3.5182712,-3.5218384,-3.369316,-4.1853256,-3.377792,-3.693983,-2.9873998,-2.9874,-3.9031997,-2.8272827,-3.9059975,-3.1807163,-3.6824253,-2.8915596,-3.091862,-3.0918617,-3.1640558,-1.9964397,-3.1814551,-3.9526598,-3.7175107,-3.339582,-3.4316902,-3.4316902,-3.4290323,-3.4779007,-3.2679431,-3.4730027
CCCCCO,-0.6,-1.7934586,-1.8913693,-1.5762086,-1.5762087,-1.5790437,-1.8701459,-1.5510179,-1.9292954,-1.0639822,-1.0943135,-1.1813929,-1.1813928,-1.1724238,-1.1491572,-1.1688306,-1.418678,-0.56165445,-1.3485856,-1.4118626,-1.4118629,-1.404968,-1.2898189,-0.6531478,-0.56142426,-0.83479357,-2.0108519,-2.090339,-2.090341,-1.7497109,-1.8282636,-0.96680945,-1.4874957,-0.8028809,-1.9315417,-1.6987826,-1.6987826,-1.734766,-1.7423992,-1.6813247,-1.6404704,-1.1781732,-2.2527225,-2.1200871,-2.1200871,-2.047254,-2.1245484,-2.087581,-1.7333993,-0.77934813,-1.2754729,-0.2395515,-0.23955163,-1.5480548,-0.017249692,-1.4829522,-0.9166049,-0.4332067,-0.975246,-0.9126689,-0.9126692,-0.7411999,-0.26892063,-0.85036284,-1.2628753,-0.6162884,-0.68189704,-0.6724045,-0.67240417,-0.671214,-0.670004,-0.41971278,-0.8005019
O=C1NC(=O)C(=O)N1 ,-0.4,-0.55871487,-2.0560694,-1.8242706,-1.8242705,-1.8244601,-1.9558147,-1.8301839,-1.3850793,-0.4461146,0.18618532,-0.5277172,-0.5277182,-0.5277073,-0.67386717,-0.47521088,0.05808115,-0.4428975,-1.1979659,-1.2092791,-1.2092791,-1.2022595,-1.2065758,-0.5670252,-0.958205,-0.4454739,-0.39796337,-0.87607896,-0.87607956,-0.32873854,-0.5921372,0.29177943,-0.29282272,-0.5218365,-2.0230799,-1.1311271,-1.131127,-1.0839483,-1.4542406,-1.1467254,-0.3166457,-0.64506423,-2.0279992,-2.0909019,-2.0909011,-2.1450949,-2.0742974,-2.1106226,-1.573301,-0.37977943,-2.5524213,-0.63862115,-0.6386215,-2.7145479,-0.6706892,-2.548654,-0.76331913,-0.44640955,-0.011665879,-0.11892643,-0.11892666,-0.12637122,0.09648623,-0.12352324,-0.3073302,-0.29286617,-0.18430363,-0.3209263,-0.32092622,-0.3142489,-0.22724679,-0.12574367,0.26144582
CCN(CC)c1c(cc(c(N)c1N(=O)=O)C(F)(F)F)N(=O)=O,-5.47,-5.200494,-4.3113556,-3.9655583,-3.9655583,-3.952922,-4.278053,-3.9127538,-4.4553924,-5.4224,-1.5343232,-2.810389,-2.8103893,-2.735824,-2.3271625,-2.7502615,-2.5523784,-5.388385,-4.3186274,-3.699115,-3.699115,-3.7148676,-4.2408786,-3.4251065,-2.477009,-5.210671,-4.6041055,-4.549553,-4.5495553,-4.525792,-4.3230085,-3.8137026,-4.3346353,-5.711543,-3.836781,-3.873639,-3.8736386,-3.859315,-4.07527,-3.8779857,-3.5466974,-4.302549,-2.849809,-2.8596315,-2.8596318,-2.4934492,-2.9376276,-2.9501834,-2.9460983,-4.9785037,-2.1415296,-2.0565808,-2.056581,-2.4410703,-1.9728141,-2.350516,-2.1467936,-5.5117126,-3.4057724,-4.137974,-4.1379743,-4.171893,-2.517237,-4.032959,-3.8953433,-5.298909,-3.839355,-4.0220876,-4.0220866,-3.9794457,-3.7964654,-3.7361872,-4.930348
ClC(=C(Cl)Cl)Cl,-2.54,-2.3959043,-2.329402,-2.3289928,-2.3289926,-2.3264132,-2.546898,-2.3373017,-1.9244554,-2.5596802,-2.3306766,-2.4710782,-2.4710786,-2.4647357,-2.532105,-2.4515417,-2.417143,-2.7222009,-1.1942536,-1.204695,-1.2046947,-1.2019316,-1.3729163,-1.9623698,-2.1651905,-2.4392686,-2.8198183,-3.333719,-3.3337188,-3.1157207,-2.8672538,-2.2682843,-2.5869741,-2.4937055,-4.178934,-2.73916,-2.7391613,-2.7789192,-2.9252813,-2.8033843,-2.735665,-2.8901489,-1.5830292,-1.4087194,-1.4087194,-1.4184893,-1.4487593,-1.3693104,-1.2697335,-2.4634883,-2.2520204,-1.7168936,-1.7168936,-2.6587486,-2.13368,-2.6235647,-2.200796,-2.5380988,-2.6925662,-2.2886987,-2.288699,-2.2844782,-2.0771527,-2.2892454,-3.0487263,-2.8704417,-2.246045,-2.571203,-2.5712032,-2.5592797,-2.4842207,-2.0604956,-2.574265
O=C1NC(=O)NC(=O)C1(CC)CC=C,-1.614,-1.9561917,-2.8966765,-2.8076541,-2.8076544,-2.8101904,-3.2340343,-2.9070795,-3.1482549,-1.7790695,-1.6335391,-1.4245743,-1.4245743,-1.4010674,-1.4610186,-1.4168646,-2.2502,-2.2127838,-2.947534,-2.8650835,-2.8650835,-2.8685946,-2.9097397,-1.7816387,-1.5599326,-1.9572573,-1.7503066,-1.9624379,-1.9624395,-1.6435263,-1.8004296,-0.90040123,-1.5507435,-2.1394725,-2.6503673,-2.738481,-2.738481,-2.718554,-2.964137,-2.6407473,-2.3959541,-1.3668115,-2.5307412,-2.8197975,-2.8197975,-2.8599775,-2.8142772,-2.676631,-3.0506563,-1.9359823,-1.5415925,-1.923006,-1.9230063,-2.0533621,-2.124191,-1.9483093,-2.2567894,-1.5052288,-2.1742263,-1.8265069,-1.826507,-1.8708754,-0.96964586,-1.8647418,-2.3742893,-1.5697521,-1.6771932,-1.6440039,-1.6440032,-1.6515619,-1.815732,-1.6785449,-1.7373476
CC2Nc1cc(Cl)c(cc1C(=O)N2c3ccccc3C)S(N)(=O)=O ,-3.78,-3.5917313,-5.1474037,-4.744777,-4.7447777,-4.7484865,-5.0934453,-4.760756,-4.8445425,-3.8162525,-3.9345617,-4.298107,-4.298108,-4.2557335,-4.5867243,-4.367992,-4.2121434,-4.0095406,-5.3216734,-5.387029,-5.387029,-5.322066,-5.360484,-4.200384,-3.620541,-3.8485847,-6.217341,-6.1253915,-6.125392,-5.881813,-5.5004497,-5.282401,-4.286603,-3.7249851,-4.8351164,-4.7327743,-4.7327743,-4.7490478,-4.8354692,-4.873859,-4.2593617,-3.8751698,-4.5249577,-4.6492643,-4.6492643,-4.703988,-4.596598,-4.705278,-4.756834,-3.6991913,-3.5091946,-3.5136163,-3.5136166,-3.6811323,-3.6432571,-3.5965917,-3.5134008,-3.5353062,-4.559927,-4.4104156,-4.4104166,-4.4816804,-3.1374624,-4.304139,-5.170348,-3.6547253,-3.789183,-3.8260195,-3.8260188,-3.8490634,-3.9529438,-3.9418275,-3.8370457
CCCCC(CC)COC(=O)c1ccccc1C(=O)OCC(CC)CCCC,-6.96,-6.410997,-7.476599,-6.6451726,-6.645172,-6.6292353,-6.948954,-6.580454,-5.3591857,-7.1792173,-4.9180374,-5.939958,-5.9399595,-5.8164554,-6.3566566,-5.992282,-6.688798,-6.539525,-6.058514,-6.98184,-6.9818406,-7.7791705,-7.7839184,-6.6394744,-6.494219,-6.353997,-7.72394,-7.0542774,-7.0542784,-7.304118,-6.213489,-6.8540497,-6.929494,-7.1923704,-7.780204,-7.2226315,-7.222631,-7.0791698,-7.237915,-6.9996486,-5.1012764,-5.483169,-5.9818406,-6.0618734,-6.0618734,-5.911269,-6.115125,-5.916797,-5.3674207,-5.9397435,-6.4518104,-6.177904,-6.1779046,-6.620421,-6.2773,-6.5700755,-5.7696924,-6.851275,-7.0506887,-7.1379685,-7.137969,-7.1768994,-5.5766783,-7.367434,-6.6178293,-6.4713526,-6.834155,-6.9206424,-6.920638,-6.950575,-7.42455,-7.0779266,-6.8587704
CCC(=C)C,-2.73,-2.3829632,-1.6984044,-1.0368462,-1.0368462,-1.0327927,-1.1480802,-1.0387933,-1.0835395,-2.803719,-1.0969782,-0.9152568,-0.91525733,-0.91188884,-1.0120412,-0.8921971,-1.4613835,-2.265943,-1.2572106,-1.3712962,-1.3712963,-1.3616985,-1.2452631,-1.1498402,-1.1000643,-2.2675297,-1.4650378,-1.7735608,-1.7735615,-1.4455394,-1.4925649,-0.6240147,-1.1667058,-2.5453455,-1.5692298,-1.1275434,-1.1275433,-1.1393014,-1.1498684,-1.0996293,-0.7263462,-2.5734584,-1.6861299,-1.5504273,-1.5504274,-1.5549252,-1.5086298,-1.5067263,-1.0056679,-2.7867107,-3.42299,-1.989026,-1.9890263,-3.0931048,-1.9663854,-3.1126564,-2.3429537,-2.4778328,-1.3438034,-1.2625254,-1.2625254,-1.2976457,-0.8224683,-1.2597227,-1.3421538,-2.7574472,-2.9979186,-2.9879992,-2.9879992,-2.9364338,-3.0168884,-2.9050133,-3.126563
Clc1cc(Cl)cc(Cl)c1,-4.48,-4.1620274,-2.885018,-3.0443397,-3.0443397,-3.0462105,-3.4031842,-3.0590868,-3.7109256,-4.1733084,-2.7382102,-3.3796432,-3.379643,-3.3771605,-3.2195377,-3.3767035,-3.487628,-4.3963714,-2.7770832,-2.8980181,-2.8980184,-2.8882017,-2.832295,-4.5728307,-3.915632,-3.8951793,-3.9981992,-4.344605,-4.344608,-4.0728807,-3.700056,-3.2857943,-3.5226119,-4.4850883,-2.2618265,-2.9396195,-2.9396195,-2.8421805,-3.1059535,-2.7662811,-2.6165202,-4.5003004,-2.5263932,-2.7911918,-2.7911925,-2.8857431,-2.8122683,-2.8208213,-2.997754,-4.524626,-1.9910896,-3.505729,-3.5057285,-2.1453147,-3.4315739,-2.097549,-3.3115861,-4.334752,-4.222592,-3.7827866,-3.7827866,-3.776647,-3.3895235,-3.7535994,-4.301281,-5.056176,-3.757009,-3.781348,-3.7813487,-3.805277,-3.9094121,-3.780405,-3.9560394
ClCCCCl,-1.62,-1.7756687,-1.534192,-1.0852284,-1.0852286,-1.0608124,-1.3931026,-1.0047315,-2.3421006,-1.9495453,-0.8898145,-1.2203528,-1.220353,-1.22192,-1.0511384,-1.2053642,-1.1473536,-1.5759097,-1.0970372,-1.1831733,-1.1831733,-1.1785524,-1.130426,-1.4744637,-1.4326435,-1.673144,-2.018512,-2.2484717,-2.2484736,-1.9149,-1.9195063,-1.1012447,-1.4546282,-1.7141907,-2.4037461,-1.9811871,-1.9811875,-1.8752674,-2.0829513,-1.6899924,-2.4802213,-1.5930417,-1.5795969,-1.4126949,-1.412695,-1.4032098,-1.3871815,-1.3468201,-0.9733998,-1.634763,-1.7507991,-1.885203,-1.8852034,-1.6833366,-2.031871,-1.5941612,-1.9533634,-1.6855196,-1.6451759,-1.6065637,-1.6065638,-1.6062042,-1.2254287,-1.6511934,-1.5292647,-1.9898014,-2.1740813,-2.1350396,-2.1350398,-2.1652539,-2.1567814,-2.4566839,-2.092705
FC(F)(F)c1cccc(c1)N2CC(CCl)C(Cl)C2=O,-4.047,-5.984109,-4.5618615,-4.4461856,-4.446185,-4.454024,-4.8186693,-4.485032,-5.435251,-4.0546265,-1.654873,-3.529066,-3.5290666,-3.4215047,-3.3878684,-3.489713,-2.6230586,-4.124738,-4.563948,-4.497043,-4.4970427,-4.570413,-4.597576,-4.3063126,-4.0416985,-4.065191,-5.3005366,-5.070692,-5.070693,-4.983118,-4.760408,-4.2417307,-5.091565,-4.232133,-3.66919,-3.5360265,-3.5360267,-3.5657659,-3.7675445,-3.5591097,-4.831684,-3.9488168,-3.6163585,-3.5647535,-3.5647533,-3.2758238,-3.5877476,-3.442105,-3.7550457,-3.9516175,-3.5340428,-3.9465775,-3.9465778,-4.264413,-4.061169,-4.1809764,-4.2668753,-3.9769673,-4.681758,-4.8603683,-4.8603683,-4.8774905,-3.5602865,-4.977252,-4.9146585,-3.943153,-4.7427125,-4.71366,-4.713659,-4.7454176,-4.880619,-4.3017163,-5.4314833
c1ccc2cnccc2c1,-1.45,-1.5808389,-2.2065954,-2.023283,-2.023283,-2.027417,-2.2218833,-2.0345063,-1.948789,-2.1137702,-2.6308544,-2.4083605,-2.4083598,-2.4035175,-2.5009646,-2.3824956,-2.57813,-1.2463185,-1.6643268,-1.8993001,-1.8993003,-1.8923601,-1.7269562,-2.020757,-1.7900599,-1.892219,-3.3539603,-3.532206,-3.532207,-3.2185125,-3.1308587,-2.4543324,-2.4681804,-1.6617777,-1.7149161,-1.8490016,-1.8490016,-1.8198526,-1.9023864,-1.7862133,-1.6837516,-1.4261961,-2.2444875,-2.3168666,-2.3168664,-2.3422453,-2.3088424,-2.2448828,-2.0292695,-1.6172001,-2.294831,-1.0822266,-1.0822271,-2.2987437,-0.9899376,-2.1891692,-1.4745476,-1.672974,-3.0332751,-2.9916124,-2.9916122,-2.998928,-2.6021485,-2.9905438,-2.9590545,-1.4423616,-1.3644613,-1.4524236,-1.4524232,-1.4489611,-1.4315097,-1.228886,-1.4313048
Sc1ccccc1,-2.12,-1.6488581,-2.0730205,-1.6773518,-1.677352,-1.6819091,-1.8177629,-1.6906453,-1.4586818,-2.200517,-1.9419302,-1.568957,-1.5689579,-1.5681623,-1.6037364,-1.547657,-1.8271303,-1.9441106,-1.4339832,-1.607424,-1.607424,-1.6001358,-1.5067538,-2.0422058,-1.7880001,-2.3054132,-2.7835827,-2.9698603,-2.969862,-2.5936186,-2.6387527,-1.8486342,-2.053317,-2.312031,-2.0800126,-1.7883272,-1.7883275,-1.8688787,-1.8754456,-1.9266416,-2.3722427,-2.241009,-2.0586264,-2.035054,-2.0350537,-2.0676148,-2.024125,-2.0788465,-1.7985907,-2.1560767,-2.3031547,-1.7788862,-1.778887,-2.619094,-1.885237,-2.5573707,-1.9847533,-2.2298973,-0.7584755,-1.3073269,-1.3073269,-1.3547856,-0.7897916,-1.3211861,-0.6057889,-2.0922925,-2.0470443,-2.1498244,-2.1498241,-2.1504173,-2.0669131,-2.0564146,-1.873667
CON(C)C(=O)Nc1ccc(Cl)c(Cl)c1,-3.592,-3.6012897,-3.7980368,-3.6434872,-3.6434872,-3.6497204,-4.0449243,-3.6497781,-3.9845948,-3.7705703,-3.2435207,-2.7032876,-2.7032876,-2.6900527,-2.9823818,-2.680173,-2.9343405,-3.5829227,-3.7795455,-3.6277688,-3.6277683,-3.625746,-3.5459714,-3.1458168,-2.6941278,-3.5363553,-3.3399684,-3.5425365,-3.5425391,-3.136592,-3.073809,-2.4930398,-2.836809,-3.846229,-3.3709102,-3.3725867,-3.3725865,-3.408428,-3.5101454,-3.392854,-4.407077,-3.8916233,-3.5754778,-3.601801,-3.601801,-3.3402915,-3.6335707,-3.6315503,-3.8674595,-3.3207474,-2.6902893,-2.3672905,-2.367291,-3.0899954,-2.7230685,-3.132039,-2.6942928,-3.4804745,-3.0421724,-2.9723945,-2.9723945,-3.0402431,-1.9965343,-2.984477,-3.497719,-3.5569682,-3.758724,-3.6875165,-3.6875153,-3.704963,-3.849972,-3.8927217,-3.740466
Oc1ccc(Cl)cc1,-0.7,-1.9268862,-2.1494632,-2.049558,-2.0495574,-2.063472,-2.362365,-2.0662544,-2.0677028,-0.9676566,-1.5987939,-1.3300883,-1.3300879,-1.3387076,-1.3400339,-1.3099291,-1.4822166,-1.0457027,-1.7098728,-1.8122274,-1.8122275,-1.8053231,-1.6913023,-1.446317,-1.2856511,-0.9729188,-2.195082,-2.4686313,-2.4686322,-1.982346,-2.1075644,-1.2805622,-1.6261821,-0.7788987,-1.6266763,-1.4794881,-1.4794884,-1.4722352,-1.6201795,-1.4495585,-1.5053937,-0.8864848,-2.8900163,-3.0046048,-3.0046048,-3.1458595,-2.9625473,-3.0615716,-2.445008,-1.5012531,-0.2374719,-0.65547895,-0.65547943,-0.9864859,-0.49072754,-0.9069025,-0.8551011,-0.80093354,-1.4218178,-1.4435147,-1.4435147,-1.4845246,-1.07569,-1.4699819,-1.2089666,-0.72020423,-0.8748082,-0.9277117,-0.9277116,-0.90741897,-0.9168144,-0.86850935,-0.91949666
CCCC(O)C=C,-0.59,-2.0057423,-2.095366,-1.5558299,-1.5558298,-1.5420767,-1.7477068,-1.5063126,-1.6908015,-1.1027801,-1.2595822,-1.3649408,-1.3649409,-1.3555826,-1.3462228,-1.3385818,-1.7477944,-0.6120395,-1.518149,-1.5628643,-1.5628644,-1.554514,-1.4880414,-0.66873544,-0.69696987,-0.6757718,-1.5318581,-1.7322723,-1.732274,-1.3404526,-1.4806632,-0.58534294,-1.2262449,-0.7528339,-1.9956667,-1.8504679,-1.850468,-1.869082,-1.917546,-1.7684243,-1.3881203,-1.5386722,-2.3526704,-2.1733298,-2.1733298,-2.1731436,-2.1900957,-2.2994947,-2.3265994,-0.7784363,-1.3062025,-0.6268923,-0.62689245,-1.5365173,-0.3289602,-1.4963144,-1.125222,-0.62841976,-0.92196614,-0.8416657,-0.8416659,-0.84855103,-0.25230062,-0.8547807,-1.2531843,-0.60877174,-0.13198006,-0.47063455,-0.47063428,-0.40091795,-0.29360425,-0.36210012,-1.0602137
CSCS(=O)CC(CO)NC(=O)C=Cc1c(C)[nH]c(=O)[nH]c1=O,-1.981,-4.5664835,-6.0837836,-5.6550565,-5.6550555,-5.654778,-6.0371585,-5.6148777,-5.471693,-2.6763496,-4.2335725,-2.7421434,-2.7421439,-2.5722487,-3.3319898,-2.685321,-2.833456,-2.2765985,-4.686677,-4.0712137,-4.0712147,-4.1070275,-4.482772,-2.3873508,-1.8221488,-1.8317827,-2.948344,-3.185662,-3.1856635,-2.852989,-3.0230613,-2.112992,-2.7332392,-3.1749177,-5.694839,-5.459155,-5.459155,-5.412332,-5.6711884,-5.1679854,-4.828907,-4.3140125,-5.564349,-5.57327,-5.5732703,-4.2161922,-5.603143,-4.7659006,-5.3102455,-1.9515221,-4.118968,-3.1955805,-3.1955802,-4.0438166,-2.9329329,-3.6737342,-3.4498806,-1.9976794,-3.6956038,-3.3532612,-3.3532615,-3.3559375,-2.4686708,-3.2642896,-4.0331264,-2.011611,-2.0481994,-1.9835032,-1.9835017,-1.9949195,-2.0934522,-2.2304087,-2.011791
CCCSCCC,-2.58,-1.7540907,-2.3984828,-2.0566914,-2.0566916,-2.0612562,-2.3231118,-2.0536766,-1.9522417,-2.7242284,-1.6768825,-2.258603,-2.258603,-2.2508137,-2.1959639,-2.269358,-1.8051472,-2.9776301,-1.8388516,-2.0415828,-2.0415828,-2.0310626,-1.8894261,-2.927727,-2.9054961,-2.710169,-3.2549653,-3.2407725,-3.2407749,-3.1584523,-2.9427416,-2.3190804,-2.5725915,-2.4628348,-2.5181904,-2.2535434,-2.2535434,-2.2721086,-2.3620307,-2.2280266,-2.0387027,-2.2436767,-2.8964322,-2.9003506,-2.9003503,-2.697994,-2.8826954,-2.7461472,-2.9542544,-2.4122822,-4.9637146,-3.1424322,-3.1424327,-5.317956,-3.0689194,-5.384265,-3.4551919,-2.7516756,-3.1958256,-3.189365,-3.1893654,-3.246944,-2.1690354,-3.2039587,-3.1195588,-2.6415508,-3.6994605,-3.3315847,-3.3315854,-3.3169718,-3.6779382,-3.7010326,-3.1357005
CC(C)(C)C(=O)C(Oc1ccc(Cl)cc1)n2cncn2,-3.61,-4.2435856,-4.4232793,-4.048845,-4.0488443,-4.050346,-4.3597317,-4.050594,-4.1557,-3.9727752,-3.396848,-3.319882,-3.3198822,-3.2895339,-3.6341493,-3.31825,-3.3653722,-3.9963365,-4.797592,-4.5134435,-4.513444,-4.487448,-4.5633335,-3.644727,-3.335718,-3.4020705,-4.9195285,-4.692765,-4.692767,-4.658004,-4.3752065,-3.9474938,-4.309711,-3.7864423,-3.902464,-3.8812747,-3.8812747,-3.8708508,-3.9196217,-3.9054196,-3.2155054,-3.6464734,-3.767801,-3.61419,-3.6141903,-3.2372677,-3.610235,-3.4007182,-3.6315134,-3.6588852,-2.6153796,-3.4310286,-3.4310296,-3.177679,-3.283137,-3.226256,-3.4609368,-3.5950856,-3.5829396,-3.638002,-3.6380017,-3.695867,-2.2456553,-3.5352373,-4.011829,-3.530513,-4.237026,-3.491885,-3.4918847,-3.5121653,-3.923908,-3.6251779,-5.209128
Cc1occc1C(=O)Nc2ccccc2,-3.3,-2.9894495,-3.3112504,-3.1786203,-3.1786206,-3.1888683,-3.5586956,-3.202305,-3.2882996,-2.9374769,-3.2530122,-2.485427,-2.4854267,-2.475868,-2.7936249,-2.4964037,-2.8445988,-3.0217614,-3.0283687,-3.0384173,-3.0384176,-3.0289662,-3.036123,-2.682498,-2.309464,-2.8423312,-4.0501404,-3.93381,-3.9338124,-3.8029,-3.6220899,-3.0795922,-3.2682827,-3.540467,-2.9103713,-2.7522414,-2.7522411,-2.8043976,-2.8996081,-2.8186529,-2.9141188,-3.5635936,-3.8096542,-4.242182,-4.2421813,-4.3605103,-4.1589637,-4.0674653,-4.9401317,-3.02288,-2.1917584,-2.8991928,-2.8991933,-2.8737879,-2.627749,-2.7852802,-2.812824,-2.7125573,-3.2372208,-2.9867706,-2.986771,-3.0607266,-2.0613852,-3.0410945,-3.1536424,-3.262094,-3.326109,-3.2955945,-3.2955947,-3.3290403,-3.4587166,-3.4385946,-3.3157732
CC5(C)OC4CC3C2CCC1=CC(=O)C=CC1(C)C2(F)C(O)CC3(C)C4(O5)C(=O)CO ,-4.31,-4.5416775,-5.820189,-5.346029,-5.3460293,-5.345821,-5.655932,-5.3392706,-5.1516724,-4.373493,-4.2241044,-3.361309,-3.3613095,-3.3215034,-3.8157268,-3.3614748,-3.6355515,-4.3148484,-2.9843333,-3.5728703,-3.5728703,-3.5209157,-2.810568,-4.211824,-3.8301804,-4.368483,-3.9555326,-3.861478,-3.86148,-3.7515395,-3.710607,-3.301547,-4.157606,-4.4356413,-5.1251845,-4.9933157,-4.9933157,-4.983694,-5.0653706,-5.1209083,-3.8551762,-4.422778,-4.5105877,-4.4660177,-4.466018,-4.3861847,-4.3968973,-4.4944363,-4.7147465,-4.5411844,-3.8058894,-4.0879064,-4.087907,-4.1688232,-4.0919185,-4.1007905,-4.343702,-4.3020315,-4.8974175,-4.603301,-4.6033015,-4.633291,-3.277804,-4.5150776,-4.436392,-4.22703,-4.249302,-4.310593,-4.3105903,-4.361406,-4.6334796,-4.6697927,-4.190463
CC(C)N(C(=O)CCl)c1ccccc1 ,-2.48,-2.008768,-3.1339037,-2.7182271,-2.7182274,-2.7095766,-3.0235417,-2.6554255,-3.1657593,-2.65041,-3.123709,-3.1394544,-3.1394548,-3.0869362,-3.198502,-3.1289055,-3.257707,-2.3713005,-3.6629572,-3.6241992,-3.6241994,-3.6197114,-3.562876,-3.419016,-3.0116897,-2.3905647,-3.6467278,-3.658788,-3.6587894,-3.3462365,-3.2316806,-2.5789523,-3.1516283,-2.5728793,-3.028994,-3.057799,-3.0577989,-3.02771,-3.1391656,-2.9229777,-2.3360522,-2.3070738,-2.6755955,-2.659445,-2.659445,-2.1869175,-2.722999,-2.6105466,-2.5657978,-2.7462802,-2.7501624,-2.0665026,-2.066503,-2.980414,-1.918787,-2.9266832,-2.3877652,-2.4739876,-3.8645165,-3.5064082,-3.506408,-3.539267,-2.4043007,-3.5418415,-4.0952053,-2.5055535,-2.727285,-2.533088,-2.5330877,-2.5064669,-2.7059028,-2.823873,-2.6098883
ClC(Cl)(Cl)Cl,-2.31,-2.5563421,-1.4426061,-3.137271,-3.1372707,-3.1580927,-3.3852148,-3.0878553,-2.858444,-2.3880837,-1.474785,-2.1332803,-2.13328,-2.11837,-1.966467,-2.1457083,-2.6244469,-2.327475,-1.1154395,-1.1061519,-1.1061519,-1.1036832,-1.2418042,-1.8923771,-2.114406,-2.1242523,-2.1521084,-2.7158816,-2.7158823,-2.592735,-2.3714051,-1.6289425,-2.289081,-2.2993965,-1.7081579,-1.7425017,-1.7425019,-1.7108467,-1.9376831,-1.6310846,-2.574818,-2.5270886,-1.1873158,-0.8998013,-0.89980125,-0.89979255,-0.9677406,-0.8553832,-2.671989,-2.2565734,-0.99969,-2.361005,-2.3610048,-1.7675556,-2.4593678,-1.6721352,-2.1764495,-2.4406095,-2.3757555,-2.395087,-2.395087,-2.4055874,-2.0531511,-2.4027767,-1.9039884,-2.4356306,-2.4801474,-2.634557,-2.6345565,-2.6266856,-2.6363537,-2.394594,-2.384721
CC34CCC1C(CCc2cc(O)ccc12)C3CCC4(O)C#C ,-4.3,-4.6164346,-4.1971865,-3.931794,-3.9317937,-3.9390695,-4.287828,-3.9421945,-4.4232955,-4.5821834,-4.669515,-4.5927424,-4.592744,-4.4898214,-5.0005703,-4.6145763,-4.670134,-4.714134,-3.9404566,-4.2447395,-4.244739,-4.1919885,-4.140411,-4.4992375,-3.9074044,-4.7415323,-5.367515,-4.7747574,-4.77476,-4.534911,-4.209268,-3.9863648,-4.790743,-4.4688807,-3.909563,-3.889523,-3.8895233,-3.9182744,-4.0181684,-4.026836,-3.8470013,-4.3187437,-4.4446225,-3.7684178,-3.768418,-3.8774166,-3.6086605,-4.0587735,-3.8421323,-4.643409,-3.4805179,-4.4259453,-4.425946,-4.4948235,-4.177902,-4.368888,-4.2765813,-4.6930943,-5.0558066,-4.9655275,-4.9655275,-4.9952917,-3.4715536,-4.9882555,-5.269219,-4.198218,-4.2482047,-4.2319646,-4.2319627,-4.228818,-4.487895,-4.3247905,-4.1848054
Oc1c(Br)cc(C#N)cc1Br ,-3.33,-3.732682,-3.3204212,-3.422881,-3.4228816,-3.4308145,-3.8543656,-3.4438162,-5.9479237,-3.1910276,-3.8819609,-4.2029705,-4.202971,-4.1979585,-4.157563,-4.210445,-5.1216173,-3.3871047,-2.1218925,-2.1675892,-2.1675894,-2.1636662,-1.9984633,-2.381694,-2.5172005,-3.353873,-3.3511527,-3.374384,-3.3743858,-3.179714,-3.1316385,-2.2467802,-2.9943557,-3.4028168,-2.1600447,-2.5439456,-2.5439458,-2.4976602,-2.7216318,-2.43031,-2.7870646,-3.3296332,-2.9920018,-3.3458228,-3.3458228,-3.4747884,-3.3180544,-3.378375,-4.150891,-3.747769,-0.5532531,-1.1932672,-1.1932671,-1.3621312,-1.1118164,-1.2711954,-1.2748563,-3.3917212,-3.464148,-3.3340836,-3.334083,-3.3924036,-2.7759247,-3.3677487,-3.5609674,-3.3316102,-2.61905,-2.6989636,-2.6989636,-2.8006668,-2.8874662,-2.8429065,-2.9887025
CCCOC,-0.39,-0.79097855,-1.66697,-1.2090163,-1.2090162,-1.2162446,-1.4188536,-1.218707,-1.2533029,-1.0734669,-0.66727275,-0.10375798,-0.1037582,-0.09676185,-0.16892847,-0.08879568,-0.91313964,-0.40613252,-1.1057847,-1.1015463,-1.1015463,-1.0929502,-1.005232,-0.31535307,-0.35294148,-0.8827712,-1.0224279,-1.2336831,-1.2336851,-0.7234545,-0.98731446,-0.013734238,-0.70143354,-0.56495637,-1.7536955,-1.4869337,-1.486934,-1.506439,-1.4706721,-1.5022829,-1.2265568,-0.1175677,-1.9168967,-1.7195688,-1.7195688,-1.661812,-1.7246249,-1.746357,-1.2490914,-0.40153688,-0.4528823,-0.10612271,-0.106122956,-0.4623794,-0.11315909,-0.41552618,-0.44111678,-0.5341563,-0.9598091,-0.8759807,-0.87598073,-0.90831673,-0.4251496,-0.886755,-1.1665652,-0.4163229,-0.6587219,-0.6131068,-0.61310667,-0.56145334,-0.5480386,-0.5782065,-0.7352524
ClCC(C)C,-2.0,-1.6361024,-1.5710242,-0.9725318,-0.9725317,-0.97239226,-1.1740348,-0.99659705,-1.4499681,-2.1947806,-0.7137644,-1.0808083,-1.0808079,-1.0744416,-1.0285528,-1.056842,-1.1250869,-2.1868997,-1.2557019,-1.4264674,-1.4264673,-1.4189453,-1.315463,-1.8694428,-1.7216728,-2.1988935,-2.1330712,-2.2371452,-2.2371469,-1.9512953,-1.9243153,-1.116057,-1.5546832,-2.108418,-1.777454,-1.3936602,-1.3936603,-1.4230741,-1.396438,-1.6003094,-1.7706904,-1.8653767,-1.3389049,-1.1158692,-1.1158693,-1.1102616,-1.1322651,-1.0920454,-1.5955205,-1.9143524,-1.9708682,-1.887082,-1.8870823,-1.760641,-2.1013882,-1.7199451,-2.087437,-1.995856,-1.571052,-1.6498216,-1.6498213,-1.6697845,-1.171673,-1.6690063,-1.4468791,-2.2893915,-2.1200829,-2.0627997,-2.0627997,-2.070086,-2.1090963,-2.143872,-1.9621841
CCCCCCCCCCCCO,-4.8,-4.896451,-4.119387,-4.0304914,-4.0304914,-4.0307436,-4.5096846,-4.0338902,-3.9668617,-4.8799925,-4.0829425,-5.363048,-5.3630476,-5.2931495,-5.825841,-5.366249,-4.4018035,-4.9708223,-3.650492,-3.696784,-3.6967838,-3.6844401,-3.428942,-4.0542135,-3.9690623,-4.7772183,-5.427586,-5.4503255,-5.450327,-5.700917,-4.888543,-4.875873,-5.4874387,-4.6921844,-3.9465313,-3.8662882,-3.8662887,-3.9261985,-4.162922,-4.00009,-4.4309916,-4.374927,-5.096277,-5.0789366,-5.078937,-5.1739964,-4.990126,-4.911573,-5.1801915,-4.5122385,-4.8210692,-4.6581364,-4.6581354,-5.403168,-4.2425103,-5.333397,-4.984599,-4.802373,-4.481093,-4.5736527,-4.573653,-4.5269294,-3.326594,-4.501428,-4.9217596,-4.689957,-4.7926893,-4.833219,-4.8332186,-4.807669,-5.0564594,-4.884973,-4.937147
Cc1ccccc1n3c(C)nc2ccccc2c3=O,-2.925,-3.4309573,-3.5345469,-3.2079492,-3.2079492,-3.213895,-3.516093,-3.2205694,-3.5961957,-3.0227997,-4.1334677,-3.726386,-3.7263875,-3.6772397,-4.1174474,-3.73732,-4.13212,-2.7522998,-4.5087423,-4.5076976,-4.507697,-4.480283,-4.456366,-3.5258098,-3.3007512,-2.8997078,-4.4970098,-4.3374453,-4.337447,-4.0813975,-3.8989742,-3.4120898,-3.3932977,-2.733033,-3.4779906,-3.3622556,-3.3622556,-3.3864913,-3.41539,-3.4765697,-2.294673,-3.2119179,-3.5763917,-3.3386931,-3.338693,-3.4269428,-3.3400886,-3.5490756,-3.5494037,-3.2249348,-3.6892507,-3.6303735,-3.6303742,-3.9945698,-3.740733,-3.9613717,-3.720658,-3.0143814,-4.168296,-4.150212,-4.150211,-4.200948,-2.907399,-4.200057,-4.481987,-2.8621676,-2.92383,-2.9619176,-2.9619176,-2.9865575,-3.0853643,-3.095908,-3.0054631
CCN(Cc1c(F)cccc1Cl)c2c(cc(cc2N(=O)=O)C(F)(F)F)N(=O)=O,-6.78,-6.353269,-5.7876325,-5.6013165,-5.601316,-5.594777,-5.883981,-5.597236,-6.3747106,-6.862712,-2.689339,-4.9621096,-4.96211,-4.885567,-5.2380595,-4.991602,-5.1833158,-6.8827157,-5.5926375,-5.2221756,-5.2221766,-5.18378,-5.7055902,-6.3274617,-6.0409765,-6.797306,-7.1858735,-6.893842,-6.893843,-6.7772055,-6.2241745,-6.1792808,-6.1407595,-6.7226076,-4.736805,-4.792147,-4.7921476,-4.725101,-5.0280914,-4.645305,-4.3524117,-5.146348,-4.106429,-4.5585856,-4.558586,-4.6482673,-4.4105663,-4.1757827,-4.806003,-6.309965,-3.3845532,-3.7202933,-3.7202942,-3.9333186,-3.8076408,-3.873584,-4.258097,-6.892035,-5.60619,-6.8123107,-6.81231,-6.896532,-5.600601,-7.2403364,-6.554621,-6.6002502,-6.6521564,-6.7417283,-6.741727,-6.7754645,-6.93238,-6.9678736,-6.7100687
Cc1cccc(c1)N(=O)=O,-2.44,-2.0620697,-2.3708763,-2.1580026,-2.1580021,-2.1609938,-2.3674133,-2.1720855,-2.4120078,-2.3834794,-1.5449922,-1.1090591,-1.1090593,-1.1134171,-1.1578063,-1.1152408,-1.5060741,-2.484977,-1.854757,-2.1123846,-2.1123848,-2.1085474,-1.9597787,-2.338599,-2.3299434,-2.1969075,-2.8386686,-2.9500592,-2.9500616,-2.6479962,-2.7071128,-1.8900007,-2.3247564,-2.403719,-1.8367667,-1.4094555,-1.4094553,-1.4229214,-1.5225275,-1.3539594,-1.3939823,-2.5183816,-2.2469232,-2.269319,-2.269319,-2.2889717,-2.2755866,-2.2439446,-2.0869355,-2.7905412,-1.9522401,-2.2879605,-2.2879603,-2.5596416,-2.3840792,-2.428937,-2.5732532,-2.4015567,-1.8743861,-1.5574838,-1.5574837,-1.5897542,-0.95695066,-1.5648116,-1.6849355,-2.4408658,-2.4429884,-2.4869292,-2.486929,-2.4779649,-2.5086591,-2.5372205,-2.549133
CCCO,0.62,0.011361512,-1.2605056,-0.58506453,-0.5850644,-0.5771268,-0.7753652,-0.57248414,-1.0046152,0.008021681,-0.3440576,0.086411834,0.08641189,0.08830403,-0.08974651,0.11010718,-0.6906623,0.54298633,-0.932344,-0.8869189,-0.8869189,-0.8788695,-0.79117846,0.26388362,0.07128455,0.3359923,-1.0618447,-1.2063215,-1.206323,-0.6722195,-0.9328395,0.030010862,-0.66556436,0.5980848,-1.4846398,-0.98947173,-0.98947173,-0.9893576,-0.97164613,-0.9362471,-0.8506515,0.24061088,-1.4632941,-1.1628764,-1.1628765,-1.1616001,-1.1158578,-1.1686574,-0.68474925,0.26747516,-0.22889741,0.8454736,0.8454733,-0.28624448,1.1656176,-0.24101254,-0.038384493,0.60801405,0.36586967,0.47335365,0.47335333,0.4864714,0.84628034,0.50213414,0.13604459,0.5753019,0.36668208,0.43980142,0.43980145,0.42744,0.44864082,0.49303526,0.30511045
OCC2OC(Oc1ccccc1CO)C(O)C(O)C2O,-0.85,-3.1771455,-4.2637315,-3.948063,-3.948063,-3.9473329,-4.2313137,-3.9575958,-4.1114054,-1.3518378,-1.9803753,-1.7929984,-1.7929983,-1.7602272,-1.9453079,-1.7939286,-1.997728,-0.962189,-2.2752838,-1.9645556,-1.964556,-1.9674157,-2.3917232,-0.8655932,0.021878842,-0.6897478,-1.8616288,-1.9272385,-1.9272404,-1.218963,-1.6469901,-0.77799255,-1.419052,-1.2781892,-3.8908935,-3.825325,-3.825325,-3.7973974,-3.909672,-3.6938763,-3.4071224,-2.439715,-3.386367,-3.3484774,-3.3484771,-3.0633042,-3.4122345,-3.4271169,-3.3792286,-1.1889212,-1.2836846,-2.016395,-2.0163958,-1.9211649,-1.5981989,-1.9215053,-1.7719513,-0.84311974,-2.0726213,-2.148731,-2.1487312,-2.162688,-1.183033,-2.1316838,-2.659873,-0.8429322,-0.785548,-0.5006841,-0.50068295,-0.60273373,-1.0684867,-0.9814809,-2.2091615
CCCOC(C)C,-1.34,-2.0531597,-2.2015,-1.7286116,-1.7286116,-1.7308737,-1.9482288,-1.724492,-1.6853967,-1.5510274,-1.0658315,-1.9706908,-1.9706907,-1.9782318,-1.8391851,-1.9307666,-1.5843148,-1.2611573,-1.8162084,-1.938706,-1.938706,-1.9281577,-1.7885453,-1.823143,-1.7910254,-1.3779728,-1.7248894,-2.0108306,-2.0108323,-1.6279112,-1.6946105,-0.86555445,-1.2816651,-1.9970248,-2.0695767,-1.7842567,-1.7842569,-1.8316829,-1.8391067,-1.8130298,-1.4077655,-1.4792868,-2.2124908,-1.9376893,-1.9376892,-1.9073282,-1.9808383,-2.0307636,-1.712563,-1.4214451,-1.2251736,-1.0984262,-1.0984266,-1.2281424,-1.1958287,-1.1970962,-1.2299968,-1.5847113,-2.5499048,-2.574008,-2.5740085,-2.6008499,-1.6852934,-2.5753732,-2.670004,-1.3594813,-0.96281,-1.01757,-1.0175699,-1.1764711,-0.8978813,-1.0517756,-0.65322036
CCCCc1c(C)nc(nc1O)N(C)C ,-2.24,-2.1453218,-3.5298908,-3.1969125,-3.1969125,-3.1982453,-3.4776542,-3.196848,-3.0091004,-2.859774,-3.5282292,-3.0326765,-3.0326772,-2.9597208,-3.3230271,-2.9908416,-2.936189,-2.168953,-3.7514412,-3.7106073,-3.710607,-3.6909418,-3.5555913,-2.7138934,-2.5076895,-2.332626,-3.033775,-2.966135,-2.9661367,-2.6175592,-2.658383,-1.8756082,-2.4848695,-2.178493,-3.3173428,-3.1680787,-3.1680787,-3.1941872,-3.3261974,-3.2002294,-2.5099032,-2.892958,-4.138228,-4.4867306,-4.486731,-3.9278467,-4.4841847,-4.150115,-4.96814,-2.46841,-3.1564183,-3.5912042,-3.5912042,-3.83329,-3.4120545,-3.8108659,-3.6066952,-2.5370355,-3.2314377,-3.0776072,-3.077607,-3.0655694,-2.114232,-3.0808191,-3.6151245,-2.145674,-2.2146254,-2.2588155,-2.2588153,-2.2844453,-2.3493207,-2.3091533,-2.3736827
Clc1ccc(Cl)c(c1)c2c(Cl)c(Cl)c(Cl)c(Cl)c2Cl,-8.94,-9.511752,-5.0425353,-5.1169047,-5.1169043,-5.117623,-5.4254375,-5.13238,-7.903218,-8.862944,-8.33957,-8.545057,-8.545059,-8.463652,-8.198532,-8.622455,-8.454031,-8.968702,-7.6631722,-8.241667,-8.241666,-8.252887,-8.200456,-8.418421,-8.345515,-8.711214,-8.591425,-8.948715,-8.948717,-8.888379,-8.474381,-8.369733,-8.609607,-8.957744,-4.5638733,-4.8981247,-4.8981247,-4.9393744,-5.066434,-5.529841,-7.873857,-8.711191,-3.1950076,-2.97819,-2.9781897,-3.0351999,-3.0344877,-3.1289651,-3.2883954,-8.976408,-5.724294,-7.700653,-7.700653,-6.4942474,-7.806544,-6.3933806,-7.759037,-8.639101,-9.484102,-9.011236,-9.011238,-9.011406,-7.8073764,-9.032594,-8.822816,-8.701978,-9.622461,-9.512377,-9.512375,-9.491837,-9.631305,-9.603497,-9.351793
OC1CCCCCC1,-0.88,-0.653129,-1.9487718,-1.3069845,-1.3069844,-1.2992607,-1.5105071,-1.3059816,-1.6897464,-1.5696086,-1.6582001,-2.27177,-2.2717702,-2.256757,-2.3428826,-2.263614,-2.0594463,-1.0144428,-1.7213799,-1.8170995,-1.8170993,-1.8071882,-1.7120682,-1.4399717,-1.5214521,-1.1780522,-1.8491231,-2.2147658,-2.2147677,-1.9872887,-1.939393,-1.1837087,-1.6923215,-0.6134267,-1.7250502,-1.475612,-1.475612,-1.4645197,-1.6072873,-1.3624483,-1.1149898,-1.2859712,-2.2755876,-2.515842,-2.515842,-2.559693,-2.4609199,-2.3353503,-2.4063082,-0.8973237,-1.4786859,-0.3317801,-0.33178037,-1.6744511,-0.1343573,-1.6084986,-1.0286951,-0.8175346,-2.8531342,-2.7195582,-2.7195582,-2.7186835,-2.0964794,-2.7341075,-2.6231184,-0.532999,-0.28410044,-0.18670687,-0.18670678,-0.21144353,-0.24723813,-0.18582575,0.2727536
COC(=O)c1ccccc1OC2OC(COC3OCC(O)C(O)C3O)C(O)C(O)C2O,-0.742,-4.717995,-7.1295614,-6.416813,-6.416813,-6.4160333,-6.7239184,-6.434757,-5.8263526,-1.283212,-3.3694215,-2.4585233,-2.4585242,-2.4853706,-3.0017407,-2.4116337,-2.8773508,-0.74307406,-3.069848,-2.7588475,-2.7588482,-2.648499,-2.8382607,-0.90411127,-0.31436986,-0.7206148,-1.8034078,-2.309241,-2.309243,-1.5680469,-2.1364632,-1.0867319,-1.6368,-1.922209,-6.5245714,-6.190836,-6.1908364,-6.1092196,-6.3164124,-6.04444,-4.8425403,-2.9972043,-5.733129,-5.7193766,-5.719377,-5.7528486,-5.5867324,-5.7312827,-5.289206,-0.6714096,-3.4133508,-2.3992958,-2.3992963,-3.6680326,-2.1590014,-3.6657119,-1.7870141,-0.769546,-4.173928,-3.6966436,-3.6966443,-3.7228522,-2.8639688,-3.7597213,-4.385976,-0.75781906,-0.73053646,-0.80404115,-0.8040369,-0.8229955,-0.85390306,-1.2232456,-0.86614805
CC(C)Nc1nc(Cl)nc(NC(C)C)n1,-4.43,-3.8626447,-3.8953016,-3.5025818,-3.5025818,-3.5002496,-3.7611344,-3.5007217,-3.3951328,-4.285743,-2.843322,-2.248775,-2.248776,-2.2521315,-2.6113276,-2.2170455,-2.6966612,-4.1448865,-4.0258493,-3.9651399,-3.9651399,-4.004686,-3.8382041,-3.5400643,-2.9167182,-4.06743,-3.3567672,-3.2826402,-3.2826424,-3.1539996,-3.0040214,-2.3726354,-2.8629124,-4.342571,-4.3486395,-4.444727,-4.4447265,-4.175791,-4.552356,-4.1348367,-3.5813568,-4.410264,-3.696762,-3.8807333,-3.880733,-3.7155864,-3.8894303,-3.7614775,-4.1323204,-3.9904342,-3.082359,-3.6540034,-3.6540039,-3.4755187,-3.4632318,-3.4187093,-3.6589854,-4.089929,-4.128832,-3.7712927,-3.7712936,-3.8606706,-2.720667,-3.7660673,-4.3235373,-4.2960067,-4.206668,-4.2441044,-4.2441015,-4.263278,-4.3953943,-4.207124,-4.503325
COc1nc(NC(C)C)nc(NC(C)C)n1,-2.478,-3.1238604,-3.948137,-3.592542,-3.5925422,-3.5888598,-3.852506,-3.5859456,-3.5915859,-3.11499,-2.1948206,-2.3442907,-2.3442924,-2.2576175,-2.8069625,-2.338969,-2.6507075,-2.5679266,-3.6613739,-3.5508308,-3.5508308,-3.530905,-3.4803731,-2.5032196,-2.0239542,-2.8178763,-2.419781,-2.5576694,-2.5576715,-2.2142966,-2.2843094,-1.4312875,-1.8959455,-2.485025,-3.8588533,-3.8219576,-3.8219578,-3.748023,-3.882437,-3.7092688,-2.4715302,-2.8074677,-3.7687938,-4.0999084,-4.0999084,-3.9032614,-4.123631,-3.9440618,-4.325323,-2.549213,-2.9994695,-3.5625548,-3.5625553,-3.6035857,-3.3811657,-3.574448,-3.4909897,-2.809874,-2.6854954,-2.42275,-2.4227502,-2.5177684,-1.7610551,-2.5161176,-2.6683273,-2.3167646,-2.615212,-2.4825077,-2.4825056,-2.4989738,-2.5376782,-2.6623325,-2.4889688
Clc1ccc(Cl)c(Cl)c1Cl,-4.57,-4.8164344,-2.7978013,-2.8089464,-2.8089466,-2.814317,-3.1436422,-2.826871,-3.9858449,-4.856208,-3.5910966,-4.1205087,-4.120509,-4.1181083,-4.0885334,-4.117711,-4.670924,-4.9379826,-2.8807867,-3.078583,-3.0785825,-3.0720994,-3.0028083,-4.864554,-4.6850767,-4.6622047,-5.082252,-5.342314,-5.3423147,-5.1334343,-4.708942,-4.35438,-4.5850616,-4.913374,-3.4247313,-3.5350294,-3.5350292,-3.5169976,-3.9953396,-3.3905156,-4.570126,-4.6774,-2.5638473,-2.9136834,-2.913683,-3.0055053,-2.885759,-2.8998172,-3.2636468,-4.6244206,-3.0069056,-4.870637,-4.870637,-3.1526814,-5.1716833,-3.118571,-4.906054,-4.5746536,-5.0293145,-4.615537,-4.615538,-4.632048,-4.1215177,-4.6011086,-5.245356,-5.7841115,-5.5329003,-5.623176,-5.623176,-5.6121893,-5.6006737,-5.585097,-5.6951647
CC(=O)Nc1ccc(cc1)N(=O)=O,-2.692,-2.6869152,-2.9615602,-2.9836652,-2.983665,-2.9982378,-3.4152055,-3.0166833,-3.3611152,-3.0283701,-1.3669112,-1.9859862,-1.985986,-1.9584411,-1.7864294,-1.9924288,-1.5528929,-2.8668354,-2.7169561,-2.8402166,-2.8402164,-2.8411906,-2.734732,-2.8812814,-2.7701821,-2.6466765,-2.6445787,-2.7642114,-2.764213,-2.4855566,-2.583301,-1.7164142,-2.304682,-2.6615427,-2.458305,-2.3072963,-2.3072963,-2.3843648,-2.5411582,-2.4458044,-2.7151484,-2.5222747,-3.7848742,-4.152376,-4.1523757,-4.2610145,-4.042998,-3.8389359,-3.2118154,-2.945309,-2.6239598,-2.2387772,-2.2387772,-2.9152064,-2.3997016,-2.798421,-2.4487724,-2.598623,-2.7424624,-2.2920742,-2.2920747,-2.3508005,-1.5384719,-2.2691336,-2.6802056,-2.6919858,-2.6639233,-2.6860745,-2.686075,-2.6854177,-2.7886736,-2.7552726,-2.7683063
CCCC(O)CCC,-1.4,-2.2031062,-2.4095407,-1.9313488,-1.9313486,-1.9144024,-2.165888,-1.8702255,-1.970333,-1.7876987,-1.5146254,-2.0148368,-2.0148368,-1.996507,-1.9566019,-1.9841866,-1.9953092,-1.3710265,-2.033787,-2.1482668,-2.148267,-2.1506364,-2.0312421,-1.8638136,-1.8207097,-1.7521412,-2.782687,-2.8446274,-2.8446298,-2.6755795,-2.49954,-1.8506079,-2.215069,-1.7381853,-2.3305416,-2.2185364,-2.2185361,-2.2243905,-2.309471,-2.1714177,-1.6945424,-1.659915,-2.8247237,-2.8029377,-2.8029377,-2.4780118,-2.8032594,-2.420157,-2.980185,-1.4956844,-1.838243,-1.2161311,-1.2161312,-2.0709085,-0.89849323,-2.1034877,-1.6367027,-1.3980112,-2.0628896,-1.8667557,-1.8667561,-1.8666395,-0.9925757,-1.8612075,-2.2638998,-1.3678085,-1.4800981,-1.4718393,-1.4718392,-1.4707893,-1.4679598,-1.5588667,-1.6058244
CCOP(=S)(OCC)SCSP(=S)(OCC)OCC,-5.54,-5.359208,-5.3179717,-5.0063267,-5.0063267,-5.009487,-5.302764,-5.0066943,-4.976639,-4.9090614,-5.156843,-5.0721216,-5.0721235,-5.0070534,-5.5414343,-5.0876217,-5.4728317,-5.6510696,-5.3135743,-5.1261463,-5.126147,-5.0365744,-5.29095,-5.1760335,-4.6330814,-5.18452,-4.734817,-4.698488,-4.69849,-4.5407424,-4.3952465,-3.847641,-4.335553,-5.4892282,-5.4629755,-5.079332,-5.0793314,-5.0078807,-5.232484,-4.9096456,-3.9863586,-4.6156983,-4.6906657,-5.0093107,-5.0093102,-4.9150033,-4.9777203,-4.8987403,-4.695931,-5.2264485,-5.476488,-5.417178,-5.417178,-5.8239446,-4.5954466,-6.303831,-5.3071876,-5.4089303,-5.704971,-5.5366025,-5.5366035,-5.4955106,-4.4837146,-5.393837,-6.274553,-5.2291226,-5.577711,-5.5864034,-5.5864005,-5.6192203,-5.91122,-5.647388,-5.7522235
CC(C)CC(C)(C)O,-0.92,-2.6665757,-2.1171808,-1.6544795,-1.6544794,-1.6573285,-1.9378824,-1.6366688,-1.7964396,-1.342021,-1.2388113,-1.5466548,-1.5466549,-1.5376097,-1.4700468,-1.540913,-1.5981923,-0.8925093,-2.0860887,-2.2763898,-2.2763898,-2.2763996,-2.1505191,-2.0504224,-2.184519,-1.0460343,-2.363954,-2.4770033,-2.4770055,-2.1319764,-2.173958,-1.3296864,-1.812212,-1.4245799,-2.100078,-1.905165,-1.905165,-1.9246256,-1.9566889,-1.8867929,-1.7686691,-1.2477934,-2.1131458,-2.1753528,-2.175353,-2.1881783,-2.1082594,-2.1030931,-1.648913,-1.1515968,-1.8185685,-0.7372681,-0.7372683,-1.9820465,-0.5713269,-1.9197758,-1.3200073,-1.0424434,-1.8432388,-1.7307438,-1.730744,-1.6720728,-1.0366068,-1.6895676,-2.1348298,-0.88756883,-0.5844275,-0.8509488,-0.8509485,-0.80130756,-0.76305187,-0.2764209,0.07233567
Oc1cc(Cl)c(Cl)cc1Cl,-2.21,-3.33329,-2.7382684,-2.7347379,-2.7347379,-2.7419224,-3.073323,-2.7552123,-3.8422894,-2.3732216,-2.6915007,-3.3577616,-3.3577614,-3.3632104,-3.278946,-3.3442318,-3.2226346,-2.563459,-2.638147,-2.7303813,-2.730381,-2.7267044,-2.6764648,-3.146907,-2.788495,-2.2544334,-3.6162775,-3.9634027,-3.9634044,-3.5427506,-3.4169521,-2.7948036,-2.9130156,-2.4072306,-2.0227938,-2.3387957,-2.3387961,-2.2798731,-2.4372346,-2.232941,-2.9368591,-2.431474,-2.8769572,-3.1105618,-3.1105618,-3.2412028,-3.0880253,-3.1285572,-3.0535648,-2.8080695,-0.34789988,-0.9538384,-0.95383835,-1.1116306,-0.8207529,-1.0304807,-1.0315005,-2.2237086,-3.2673674,-3.0676455,-3.0676458,-3.1158113,-2.5867534,-3.1097465,-2.545938,-2.150126,-3.8112173,-3.8685439,-3.8685431,-3.8780584,-3.6966193,-3.7924821,-3.2703912
CC12CCC(CC1)C(C)(C)O2,-1.74,-1.5813296,-2.1698885,-2.2888956,-2.288896,-2.2928996,-2.7849658,-2.2466657,-2.0637498,-2.36029,-2.2465312,-3.2377787,-3.2377782,-3.223346,-3.254434,-3.2456102,-2.5230556,-1.5265455,-3.2021782,-3.4285157,-3.4285152,-3.4196913,-3.2092612,-3.825014,-3.4215097,-1.6201242,-3.9069126,-3.7380095,-3.738011,-3.7046468,-3.366447,-2.928701,-2.8686645,-1.8005139,-2.735094,-3.0179443,-3.0179443,-3.007389,-3.17542,-3.0692961,-1.4575514,-1.758115,-2.2167768,-2.343697,-2.343697,-2.3818839,-2.3335762,-2.2633467,-2.126907,-1.7553762,-1.543804,-1.2097349,-1.2097353,-1.4423983,-1.4990181,-1.3802581,-1.413853,-1.5545918,-4.568191,-4.672646,-4.672645,-4.6818385,-3.6615536,-4.6970577,-4.3819985,-1.7748178,-1.3623496,-1.3954824,-1.395482,-1.3775166,-1.3810734,-1.4650718,-1.472817
Oc1c(Cl)cccc1Cl,-1.79,-2.947227,-2.4208307,-2.3175695,-2.3175693,-2.3227568,-2.576233,-2.332542,-2.6587613,-1.8176126,-2.0384755,-2.0364377,-2.0364382,-2.0484903,-2.0046198,-2.020069,-2.092295,-1.8131402,-2.1806889,-2.2383986,-2.2383983,-2.232408,-2.2578015,-2.313447,-1.7588878,-2.0360527,-3.0198772,-3.2590892,-3.259091,-2.8413064,-2.8587654,-2.1021507,-2.3951018,-2.0034566,-1.8347429,-2.1901224,-2.1901224,-2.116017,-2.219568,-2.0616038,-1.9094741,-1.8155525,-2.064005,-2.0775688,-2.0775688,-2.1039636,-2.080519,-2.0661154,-1.8205281,-2.5051394,-0.30114654,-0.9981226,-0.99812233,-1.0690204,-0.84209365,-0.9939146,-1.0458382,-1.6511252,-1.5971441,-1.617267,-1.6172674,-1.6371217,-1.2724466,-1.6475018,-1.4016716,-1.7934939,-1.9563807,-1.9585781,-1.9585779,-1.9621594,-2.0446138,-1.9363092,-1.8939431
CCCC1CCCC1,-4.74,-2.7491014,-2.1823344,-1.7297367,-1.7297369,-1.7358292,-1.9883009,-1.7348341,-1.9601109,-4.6339045,-1.6898844,-3.3411531,-3.3411534,-3.3332298,-3.0468814,-3.334938,-2.2653806,-4.719017,-2.2865965,-2.4852016,-2.4852014,-2.481002,-2.366167,-3.6047463,-3.2509,-4.25638,-3.735959,-3.6919756,-3.6919777,-3.6268318,-3.2676592,-2.8168564,-3.2871094,-5.069127,-2.118762,-1.9430032,-1.9430034,-1.989445,-2.0022612,-1.999404,-1.7091552,-4.004796,-2.297851,-1.7487149,-1.748715,-1.7566718,-1.8229976,-1.83633,-1.6870197,-4.616507,-3.8417075,-3.8809216,-3.8809216,-3.9568348,-4.140846,-3.9388142,-3.691036,-4.8303294,-4.139264,-4.381985,-4.3819857,-4.396207,-3.2425823,-4.3926992,-4.1619616,-4.3270445,-2.5609977,-2.8780997,-2.8780997,-2.9068031,-2.7735844,-2.479367,-3.2637947
CCCN(=O)=O,-0.8,-1.2497965,-1.6092149,-1.0471627,-1.0471627,-1.048082,-1.2599399,-1.0495056,-1.4796587,-1.1017832,-0.419036,-0.009465398,-0.00946567,-0.0151563715,-0.13862291,0.0010902174,-0.65458024,-0.58086026,-1.2338592,-1.3473161,-1.347316,-1.3410114,-1.2836369,-1.2158699,-1.2209673,-0.75287133,-1.3293198,-1.5329641,-1.532966,-1.0819349,-1.3194025,-0.3423147,-0.9774024,-0.75019616,-1.8125767,-1.4831023,-1.4831022,-1.4263558,-1.6577973,-1.2292488,-1.3248285,-0.9197078,-1.6687939,-1.4946345,-1.4946344,-1.5063848,-1.483556,-1.509668,-1.0416142,-0.86300486,-0.78270125,0.18580942,0.18580946,-0.97676045,0.7460148,-1.0113854,-0.24114822,-0.8099446,-1.0841138,-0.8280216,-0.828022,-0.8897417,-0.4851368,-0.82686126,-1.0065179,-0.7620963,-0.78168154,-0.84332955,-0.8433293,-0.8471905,-0.80214465,-0.6228518,-0.25130746
CC(C)C(C)(C)C,-4.36,-3.1629493,-1.7926348,-1.4605838,-1.4605834,-1.4561824,-1.8230109,-1.432763,-1.7005428,-4.4687977,-1.7961884,-2.5613205,-2.5613196,-2.5487764,-2.6823277,-2.5433156,-2.4661717,-4.53524,-1.9634254,-2.2104433,-2.210443,-2.1990883,-2.0494378,-3.1091723,-3.0869293,-4.243594,-2.9878197,-3.0554554,-3.0554583,-3.034237,-2.7692857,-2.1293893,-2.8816872,-4.126766,-2.4697313,-2.442871,-2.442871,-2.4585896,-2.4140894,-2.525375,-2.5108058,-4.501244,-1.7046669,-1.6094762,-1.6094761,-1.6162008,-1.6043284,-1.5571218,-1.4505353,-4.279884,-3.7583807,-3.162404,-3.162404,-3.422264,-3.396271,-3.4541247,-2.9374924,-4.136756,-3.338971,-3.353623,-3.353623,-3.387658,-2.5492435,-3.3469086,-3.3282878,-2.8704417,-2.246045,-2.571203,-2.5712032,-2.5592797,-2.4842207,-2.0604956,-2.574265
COP(=S)(OC)Oc1cc(Cl)c(Br)cc1Cl,-6.09,-5.8115897,-4.4982834,-4.19043,-4.1904297,-4.180762,-4.565641,-4.1009808,-4.8178954,-6.2083187,-5.0573773,-5.005465,-5.0054655,-4.9683123,-5.128706,-4.949965,-4.95398,-6.25069,-4.8755817,-4.354843,-4.354843,-4.396171,-4.336317,-5.6204877,-5.420788,-5.7765594,-5.7361875,-5.761093,-5.7610946,-5.5828977,-5.2487483,-4.826777,-5.585026,-6.3158503,-3.6061473,-3.662953,-3.662953,-3.666679,-3.7085373,-3.633319,-4.478642,-5.016767,-3.4711325,-3.8558602,-3.8558605,-3.8475568,-3.8294272,-3.685533,-4.543804,-5.5445633,-2.5410933,-2.2139668,-2.2139673,-3.050991,-2.2193172,-3.0262322,-2.5386014,-6.0316916,-5.815126,-5.879148,-5.8791494,-5.954031,-4.661637,-5.950306,-6.527077,-5.915935,-5.8569536,-5.9411592,-5.941158,-5.9833884,-6.301193,-6.203254,-6.060182
OCC1OC(O)C(O)C(O)C1O,0.74,-0.2903967,-2.5537248,-2.1177385,-2.1177387,-2.1097794,-2.347117,-2.0990882,-2.469553,0.48590225,-0.87164897,-0.5177906,-0.5177908,-0.50905246,-0.6028357,-0.5265778,-1.3428358,0.60642546,-1.2454945,-1.0592332,-1.0592332,-1.0562071,-1.0882467,0.013864795,0.74717647,0.71723586,-0.5944402,-0.54124963,-0.5412512,0.28735718,-0.31685647,0.7783868,-0.42464614,0.4315712,-2.1035628,-2.0231545,-2.0231545,-2.0137587,-2.160635,-1.9320469,-1.7515479,-0.6356122,-2.41303,-2.6361513,-2.636151,-2.6142023,-2.6177545,-2.4457045,-2.6197286,0.40501785,-0.55554354,-0.23751147,-0.23751155,-0.6862544,0.017871793,-0.6237599,-0.2629876,0.45623484,-0.90051854,-0.636932,-0.6369322,-0.67479014,0.083721384,-0.63393146,-1.2637732,0.73193014,-0.51471317,-0.0927662,-0.092765905,-0.059887595,-0.0938177,-0.052175835,0.042495843
CCC(O)C(C)C,-0.7,-2.0124297,-1.980071,-1.4009763,-1.4009764,-1.3875538,-1.6295277,-1.3627892,-1.6344512,-1.2935507,-1.2925333,-1.3814315,-1.3814313,-1.3780388,-1.4178449,-1.3680563,-1.6997548,-0.67123944,-1.6126925,-1.7150471,-1.7150471,-1.7097595,-1.5999179,-1.047947,-1.1040653,-1.1034347,-2.0094538,-2.1063828,-2.106385,-1.6774272,-1.7959335,-0.9516707,-1.60078,-0.6388505,-1.8875347,-1.7676241,-1.7676239,-1.7703123,-1.8515035,-1.7001171,-1.3117107,-1.284504,-1.9876155,-1.9543725,-1.9543726,-1.91747,-1.926892,-1.9289236,-1.5283747,-0.681492,-1.3461393,-0.39239082,-0.39239132,-1.528362,-0.13126776,-1.4784292,-1.0229399,-0.6836057,-1.4282658,-1.3295484,-1.3295482,-1.180838,-0.7476879,-1.3066157,-1.7498338,-0.53510904,0.31663465,-0.07225773,-0.07225756,-0.057826594,0.0017461721,0.3055781,-0.09074166
CCOC=O,0.15,-0.021272108,-1.5424746,-0.8987856,-0.8987857,-0.890302,-1.0208105,-0.8835393,-1.0279025,-0.51303095,-0.34113184,0.41937542,0.41937536,0.41338235,0.30681953,0.431927,-0.501879,0.080846205,-0.8779218,-0.8069373,-0.80693734,-0.8000963,-0.72852904,0.090917476,-0.07390648,0.18393117,-0.90546423,-1.190409,-1.1904104,-0.6670893,-0.88559324,0.026560245,-0.6156708,0.1587626,-1.6443354,-1.3502054,-1.3502054,-1.3719534,-1.3733513,-1.374948,-1.2062901,0.35572466,-1.713497,-0.88837665,-0.8883767,-0.88207823,-1.0184622,-0.99253196,-0.818356,-0.018007468,0.055450875,0.2589351,0.25893456,-0.21011463,0.3256064,-0.16172901,-0.18856637,0.15179232,-0.046497412,0.05350744,0.053506978,0.017116886,0.3129306,0.052559424,-0.15784825,0.33278728,0.01611267,0.08542902,0.08542909,0.05237212,0.010684183,-0.105121754,0.1828508
Clc1cc(Cl)c(Cl)c(Cl)c1,-4.63,-4.6549196,-2.9904306,-3.0896106,-3.089611,-3.0933912,-3.4558713,-3.1044488,-4.530515,-4.8415546,-3.5003467,-4.1739264,-4.173927,-4.1701207,-4.114872,-4.1672277,-4.7645164,-5.136189,-3.0344617,-3.214886,-3.2148862,-3.207538,-3.1361673,-5.088565,-4.9053206,-4.674966,-4.9306417,-5.2723417,-5.272343,-5.0505085,-4.5866485,-4.2750745,-4.49156,-4.6959505,-2.78652,-3.5435777,-3.5435777,-3.4859185,-3.5196447,-3.5220914,-4.4468374,-4.5153327,-2.6561365,-3.051827,-3.0518267,-3.1572154,-3.0264719,-3.020392,-3.3553748,-4.8828444,-2.524535,-4.776473,-4.7764735,-2.7378373,-4.735764,-2.7131739,-4.6998105,-4.6823115,-5.073673,-4.6447725,-4.6447725,-4.6608524,-4.178389,-4.627159,-5.2811565,-5.2388887,-5.712072,-5.7204146,-5.7204137,-5.710073,-5.784632,-5.7805667,-5.6228366
CCCCS,-2.18,-1.7005018,-1.7136772,-1.2544388,-1.2544389,-1.2427515,-1.5152593,-1.1985193,-1.7280408,-2.959783,-1.4781734,-1.5463463,-1.5463462,-1.5368428,-1.5500518,-1.5402427,-1.5961041,-1.7349303,-1.3128679,-1.4931891,-1.4931891,-1.4852884,-1.3892419,-2.0733194,-1.8344567,-2.2303805,-2.3621218,-2.4199543,-2.4199564,-2.1291416,-2.1625972,-1.3221097,-1.7029593,-2.208511,-1.8223196,-1.5790675,-1.5790675,-1.6074896,-1.5572813,-1.4908323,-1.5842457,-1.448292,-1.9132851,-1.5960255,-1.5960256,-1.5199894,-1.6273696,-1.6577368,-1.3242362,-2.179854,-1.8913035,-1.1325371,-1.1325376,-1.9626919,-1.1739955,-1.8598412,-1.581819,-2.3219762,-1.8939819,-1.8746002,-1.8746,-1.8833236,-1.3411735,-1.8897476,-1.7230593,-2.257308,-2.0331006,-2.0440042,-2.0440042,-2.0732856,-1.9453472,-2.0140781,-2.1838317
Cc3ccnc4N(C1CC1)c2ncccc2C(=O)Nc34 ,-3.19,-3.2702546,-4.0656915,-3.7513564,-3.7513566,-3.7445095,-4.0000334,-3.7306952,-3.4965343,-3.6150117,-3.8512666,-3.7621727,-3.762174,-3.731104,-3.9632452,-3.7505662,-3.640239,-3.3084216,-4.5168705,-4.4727526,-4.4727526,-4.4535747,-4.514044,-4.0761056,-3.8145156,-3.45143,-5.3453255,-5.281986,-5.2819886,-5.070715,-4.795666,-4.3517575,-4.9466705,-3.1445158,-3.8147516,-3.8244076,-3.8244076,-3.7767763,-3.917133,-3.7420585,-3.1231756,-3.772061,-3.379334,-3.853556,-3.8535562,-3.9583828,-3.845535,-3.701209,-4.407563,-3.6765602,-2.9776666,-2.894887,-2.8948874,-3.2303433,-2.6781776,-3.1820707,-3.0695946,-3.6000519,-4.385306,-4.1066246,-4.1066256,-4.1495357,-2.971808,-4.167672,-4.4966426,-3.0649114,-3.281816,-3.2430415,-3.2430425,-3.2678256,-3.3386197,-3.2796671,-3.1862524
CCc1cccc(C)c1N(C(C)COC)C(=O)CCl ,-2.73,-3.3222165,-4.1106505,-4.0841017,-4.0841017,-4.0718966,-4.439071,-3.796486,-4.777476,-3.0187201,-3.155766,-2.9733725,-2.973374,-2.9362743,-3.223247,-2.9402707,-2.5724242,-3.2093976,-4.2434883,-3.970072,-3.9700718,-3.9515355,-4.126287,-3.4891992,-2.9477317,-3.097155,-4.0731587,-3.973205,-3.9732068,-3.798123,-3.547059,-3.043342,-3.6028543,-3.193833,-4.1974883,-4.358074,-4.3580747,-4.2756305,-4.655295,-4.0661645,-3.3467443,-2.7059088,-3.0936987,-3.545224,-3.545224,-3.5479648,-3.5351365,-3.23449,-4.2145348,-2.788333,-3.0340197,-2.7213182,-2.7213182,-3.2642004,-2.4935963,-3.2055893,-2.9125812,-2.817557,-4.0779967,-3.9993813,-3.999382,-4.020842,-2.746399,-4.0796366,-4.481854,-2.724223,-3.136036,-3.560754,-3.5607533,-3.561922,-3.8846247,-4.047316,-4.0298376
C1CCOC1,0.49,0.5321928,-1.3695706,-0.60795355,-0.6079534,-0.5893313,-0.7730384,-0.5797411,-1.0827358,-0.34779674,-0.5800586,-0.82273227,-0.822732,-0.8136226,-0.9083807,-0.8138799,-0.8781668,0.7740841,-0.9020623,-0.8306321,-0.83063203,-0.8232805,-0.76962507,-0.18035474,-0.25027755,0.23071334,-0.9037932,-1.1879542,-1.187957,-0.7434181,-0.9312326,-0.017821046,-0.7572678,0.5013354,-2.4393206,-1.1919975,-1.1919974,-1.1326388,-1.2798582,-1.0534619,-0.6953586,0.094392575,-1.4663386,-1.2844299,-1.2844298,-1.2931017,-1.2611444,-1.2738683,-0.9749584,0.17455864,-0.15756318,0.5903506,0.59035,-0.10251757,0.67032015,-0.056473847,-0.07227167,0.42027315,-1.1941946,-1.2430816,-1.2430817,-1.2526563,-0.760012,-1.2499077,-1.0870149,0.53379023,-0.79304016,-0.17591593,-0.17591582,-0.15009972,-0.40131277,-0.9303077,-0.22581117
CC1CCCCC1,-3.85,-2.1656656,-1.8593854,-1.1761488,-1.1761488,-1.1680735,-1.3289356,-1.1667169,-1.4454432,-3.9036803,-1.6494428,-2.582643,-2.5826426,-2.5622437,-2.5108163,-2.5887454,-1.9674059,-3.6412253,-2.0274036,-2.3240037,-2.3240037,-2.3402302,-2.1504457,-3.7812119,-3.6252673,-4.157185,-3.3370702,-3.3670995,-3.367103,-3.3498223,-2.9625623,-2.5045338,-2.961856,-3.249417,-1.9875314,-1.8704863,-1.870486,-1.9025059,-1.9612043,-2.2383094,-1.8206555,-3.512659,-1.9331357,-1.8595755,-1.8595755,-1.8759441,-1.8210232,-1.8615925,-1.3205627,-3.9046836,-3.589927,-3.0183957,-3.018396,-3.31851,-3.4467998,-3.3412638,-2.922354,-3.7693048,-3.9775999,-4.042552,-4.042552,-4.059851,-3.2491045,-4.03093,-3.705128,-2.8704417,-2.246045,-2.571203,-2.5712032,-2.5592797,-2.4842207,-2.0604956,-2.574265
C1(=O)NC(=O)NC(=O)C1(O)C2(O)C(=O)NC(=O)NC2(=O),-1.99,-2.430895,-3.4751334,-3.5010107,-3.5010104,-3.4953592,-3.820108,-3.4669304,-4.564787,-1.9763048,-0.56363136,-2.5276303,-2.5276303,-2.5163307,-2.6745276,-2.440577,-1.1402904,-2.0611095,-3.7217245,-2.9777715,-2.9777715,-2.996368,-3.4376013,-0.99408144,-0.087325916,-2.022647,-0.52890277,-1.1555185,-1.1555197,-0.5257468,-0.7680727,-0.20017897,-0.79927003,-2.182347,-3.511785,-4.0904784,-4.0904784,-3.4989476,-4.8376303,-3.0708282,-4.306013,-2.2503731,-2.4742935,-2.6982021,-2.6982026,-2.725582,-2.702593,-2.6145246,-2.8327394,-1.9239321,-1.0406808,-0.6238887,-0.6238885,-1.1034784,-0.96050864,-1.0821706,-0.7387176,-1.859134,-0.7851899,-1.6996675,-1.6996677,-1.7021924,-0.1036482,-1.6931493,-1.1701137,-1.9871292,-0.11328603,-0.4061932,-0.40619287,-0.35751104,-0.16975616,-0.3218211,-0.5786546
ICI,-2.34,-2.2504847,-1.1762764,-0.91870457,-0.9187044,-0.92958444,-1.146674,-0.93635774,-1.8328918,-2.365631,-2.6250272,-2.1077032,-2.1077042,-2.0992596,-2.0592325,-2.093346,-2.676994,-2.2582524,-2.16449,-2.0103161,-2.010316,-1.9927951,-1.8882651,-3.1757464,-2.603528,-2.1248438,-0.059825193,-0.9648034,-0.9648042,-0.5104896,-0.8309393,0.27568418,-0.27721697,-2.2968616,-3.6838007,-3.7497165,-3.7497158,-3.8181415,-3.8316944,-3.8144734,-1.7707117,-2.3824704,-1.342511,-1.098398,-1.098398,-1.1093112,-1.1701711,-1.0803115,-1.4285207,-2.297858,-1.8369932,-1.8954239,-1.8954245,-1.7468427,-1.3861275,-1.673036,-1.7774936,-2.3397803,-2.3001075,-2.1003294,-2.1003292,-2.1136258,-1.8473489,-2.085985,-2.115824,-1.8852133,-1.4590763,-1.6785485,-1.6785481,-1.6682099,-1.6256555,-1.2964172,-2.4447048
CCCCCC,-3.84,-1.9378431,-1.9978396,-1.6600269,-1.6600271,-1.6618712,-1.9299676,-1.6428392,-1.8481888,-3.775987,-1.306867,-2.4773622,-2.477362,-2.4749467,-2.2691317,-2.4573267,-1.8769453,-3.748304,-1.7294387,-1.9875692,-1.9875691,-1.9789948,-1.8194712,-3.005887,-2.551559,-3.630692,-3.1850302,-3.1825638,-3.1825655,-3.1231809,-2.8732543,-2.228511,-2.6441886,-4.150401,-2.6322656,-2.3370292,-2.337029,-1.9538267,-2.476294,-1.8272803,-1.7640263,-2.784597,-2.5633242,-2.574223,-2.574223,-2.5318615,-2.5550814,-2.477428,-2.4616358,-3.9827251,-3.788531,-3.7496824,-3.7496822,-4.04465,-4.1793003,-4.0932145,-3.625359,-3.8815799,-2.9509087,-3.0120656,-3.0120654,-2.9919171,-2.1244106,-3.0006213,-3.0364475,-3.335849,-3.0251727,-3.2654152,-3.2654152,-3.2529283,-3.4046826,-2.9661095,-3.1879947
ClCC#N,-0.092,-0.60101664,-1.1325225,-0.6107465,-0.6107464,-0.6157319,-0.7218949,-0.6300062,-1.0755202,-0.22932753,-0.07456138,-0.7540382,-0.75403845,-0.753409,-0.6604387,-0.75242084,-0.28566286,0.18421823,-0.85684264,-0.80940753,-0.8094076,-0.80355513,-0.78340024,-0.5495045,-0.816916,-0.35954374,-0.9359445,-1.3343673,-1.3343697,-0.8352742,-0.9611863,-0.10324201,-0.68478376,-0.27950326,-1.6830205,-1.4292886,-1.4292879,-1.4513429,-1.5611882,-1.5174111,-0.44990832,-0.20599464,-1.4534961,-1.2034887,-1.2034886,-1.2209976,-1.2474544,-1.2179797,-0.7274641,-0.06439664,-0.680421,0.44095233,0.4409522,-0.5988169,0.69904596,-0.50543725,-0.19392644,-0.16664246,-0.060249362,-0.31551158,-0.31551173,-0.33444953,0.011118275,-0.2890186,-0.03024736,-0.1244727,-0.56632346,-0.4426993,-0.44269925,-0.4137617,-0.48195353,-0.46457526,-0.3641126
c1ccccc1NC(=O)c2c(O)cccc2,-3.59,-3.167373,-3.4705234,-3.318199,-3.3181992,-3.327759,-3.7035213,-3.330657,-3.453286,-2.8694146,-3.3395722,-2.7750485,-2.7750487,-2.7632782,-3.1460018,-2.8078773,-3.0212,-3.5900059,-3.4272454,-3.4570844,-3.4570842,-3.437426,-3.3722384,-2.529997,-2.1605525,-3.5053725,-3.9612198,-3.967559,-3.9675612,-3.6613357,-3.7159953,-2.9849591,-3.2871683,-3.720157,-3.1480527,-3.0178013,-3.0178013,-3.0697215,-3.1979322,-3.0824726,-2.5550117,-3.9180522,-3.9273903,-3.9343498,-3.9343498,-3.9795613,-3.911189,-3.9643044,-4.157303,-3.0643952,-2.5444098,-3.4422174,-3.4422174,-3.3488126,-3.2652519,-3.255601,-3.3027263,-3.0267124,-2.357945,-2.3470526,-2.3470528,-2.2638307,-1.3997154,-2.2690191,-2.5527878,-3.499949,-3.4364953,-2.8793488,-2.8793483,-2.9617097,-3.4155085,-2.6757782,-2.9202125
OC3N=C(c1ccccc1)c2cc(Cl)ccc2NC3=O ,-3.952,-3.962484,-4.7844396,-4.408791,-4.4087915,-4.39996,-4.713371,-4.3856473,-3.942276,-3.7750564,-4.162936,-4.125092,-4.1250916,-4.0955014,-4.1622586,-4.087145,-3.7089262,-3.8977451,-4.7849503,-4.5573645,-4.5573645,-4.547137,-4.7415605,-3.7695303,-3.0058832,-3.7975059,-4.4902864,-4.6060076,-4.6060095,-4.3111987,-4.1455564,-3.6442976,-3.5943794,-4.043207,-3.8025904,-3.912503,-3.9125035,-3.8610377,-4.001094,-3.7856922,-3.6060698,-3.6083684,-3.0351584,-2.8974495,-2.8974493,-2.8918781,-2.979586,-3.052698,-3.0508323,-3.5974345,-2.0997765,-2.3088021,-2.3088026,-2.3794167,-2.4554343,-2.3290977,-2.3707855,-3.5994391,-4.346771,-4.069946,-4.0699453,-4.1160617,-2.826898,-4.0264225,-4.3646526,-3.8477979,-3.568418,-3.5454648,-3.5454643,-3.4856129,-3.1047266,-3.4440331,-3.499698
O=C2NC(=O)C1(CCCC1)C(=O)N2,-2.349,-2.5034888,-2.4113107,-1.8951336,-1.8951336,-1.8891782,-2.1395605,-1.8909491,-2.5680988,-2.402224,-1.4608011,-1.5806402,-1.5806404,-1.5829259,-1.615976,-1.577218,-1.968834,-2.5231483,-2.86075,-2.9278996,-2.9278996,-2.9319866,-2.9525108,-2.4660778,-2.0855954,-2.2378888,-2.495312,-2.548516,-2.5485187,-2.3995738,-2.324123,-1.6451741,-2.0991414,-2.6719556,-2.5075073,-2.7420158,-2.7420156,-2.5865679,-2.8835151,-2.919042,-2.1694193,-2.070195,-1.9852949,-1.4411172,-1.4411172,-1.4366962,-1.5852066,-1.6464697,-1.2633129,-2.0371835,-1.369969,-1.676701,-1.676701,-1.8807521,-1.8999693,-1.7509762,-1.9684193,-2.430155,-2.2825031,-1.9514636,-1.951464,-1.9977994,-1.3355689,-1.9647517,-2.3855264,-2.2127116,-2.3188655,-2.388044,-2.3880439,-2.407662,-2.3840137,-2.2772367,-2.4447715
C=CCS(=O)SCC=C,-0.83,-1.4720474,-2.6605997,-2.2679017,-2.2679017,-2.2299483,-2.5121617,-2.1383567,-2.1548004,-0.92672765,-2.5308204,-1.8319293,-1.8319296,-1.8096043,-1.9186798,-1.7706728,-2.424467,-0.79917085,-2.0701606,-2.017316,-2.0173163,-2.0149322,-1.9523239,-1.8313813,-1.8009057,-1.5900824,-1.6059016,-2.0235116,-2.0235133,-1.7251284,-1.7871591,-0.8930536,-1.4514828,-0.97196627,-2.6559777,-2.5768542,-2.5768542,-2.4911141,-2.8061497,-1.7323928,-2.0834696,-1.2163252,-3.2315066,-3.5378504,-3.53785,-2.957721,-3.5164225,-2.784493,-4.0747705,-0.8472538,-2.8762736,-2.2715359,-2.2715364,-2.9693723,-1.4839702,-2.854901,-2.4560785,-1.1172571,-2.672703,-2.4766726,-2.476673,-2.4317079,-1.6372268,-2.3982863,-2.8547091,-0.81167066,-1.4313685,-1.4596056,-1.4596056,-1.3830653,-1.5137858,-1.4576651,-1.41419
CC1=C(C(=O)Nc2ccccc2)S(=O)(=O)CCO1,-2.281,-2.9533257,-3.8538475,-3.5706728,-3.5706723,-3.5760882,-3.894676,-3.5793092,-3.660563,-2.9007738,-2.8499877,-2.278986,-2.2789855,-2.2604487,-2.543592,-2.281213,-2.399853,-2.392689,-4.0268803,-3.8372915,-3.8372917,-3.8113117,-3.9486148,-2.084353,-1.635837,-2.5162458,-4.894289,-4.7544804,-4.7544813,-4.2768235,-4.2404337,-3.6850133,-4.0418544,-2.3247826,-3.55414,-3.4598203,-3.4598203,-3.4847188,-3.61721,-3.4865077,-2.5996835,-2.6552482,-3.6689641,-3.3412771,-3.3412774,-3.403597,-3.3886201,-3.5514903,-3.2410958,-2.3563528,-2.538368,-3.554555,-3.5545554,-3.2748756,-3.3238926,-3.1949754,-3.4003735,-2.0758188,-3.232356,-3.1710162,-3.1710162,-3.2158585,-2.1969855,-3.1486292,-3.495847,-2.2660892,-2.241169,-2.27242,-2.2724195,-2.2866893,-2.336963,-2.2931027,-2.3350074
Cl\C=C/Cl,-1.3,-1.1167195,-1.7601815,-1.403525,-1.4035251,-1.4125262,-1.5319102,-1.411611,-0.8886921,-1.1880554,-0.54573846,-1.138174,-1.1381749,-1.137758,-1.0830779,-1.1313317,-0.656263,-1.2289495,-0.8245786,-0.7723708,-0.7723706,-0.7665559,-0.7474035,-0.57155955,-0.7906608,-1.591047,-1.6523694,-2.1934307,-2.1934302,-1.8250178,-1.7132385,-1.0161663,-1.2786602,-1.7311122,-3.1540818,-1.7813355,-1.7813356,-1.7665076,-2.124028,-1.7149191,-1.489037,-1.4558958,-1.3424982,-0.9905119,-0.990512,-0.9910108,-1.0347674,-1.0312148,-0.7347339,-1.3185228,-3.2631395,-1.6757814,-1.675782,-3.6245453,-1.4375029,-3.5261302,-1.7534153,-1.2886827,-1.1257677,-1.0883185,-1.0883186,-1.087979,-0.92721915,-1.1118106,-1.2170621,-1.3147761,-2.0442722,-1.6833745,-1.6833742,-1.7204248,-1.8759537,-2.2422183,-1.8102653
Clc1ccc(c(Cl)c1)c2cc(Cl)c(Cl)c(Cl)c2Cl ,-7.39,-7.499778,-4.816598,-4.5660205,-4.5660205,-4.5676064,-4.89075,-4.5903535,-5.5130944,-7.9352446,-7.513801,-7.758592,-7.758592,-7.68918,-7.53778,-7.7977486,-7.9016166,-7.517415,-7.074626,-7.60673,-7.60673,-7.615908,-7.550598,-7.8534603,-7.760918,-7.949019,-8.076581,-8.375175,-8.375176,-8.413765,-7.852952,-7.8215804,-7.887698,-7.8610787,-3.775529,-3.9422011,-3.942202,-3.9847078,-4.073499,-4.1266694,-5.689849,-7.445703,-3.9995546,-4.565416,-4.5654154,-4.75388,-4.435496,-4.4752417,-5.8143196,-7.9141974,-5.607939,-8.415896,-8.415895,-6.414296,-8.591621,-6.328565,-8.509246,-7.472458,-8.318869,-8.063586,-8.063585,-8.101163,-6.769401,-8.030827,-8.424552,-7.284894,-7.536542,-7.4296093,-7.42961,-7.4335713,-7.5662684,-7.488571,-7.365569
CCCC(=O)CCC,-1.3,-1.6381271,-2.3572576,-1.940557,-1.9405569,-1.9413205,-2.146323,-1.9379395,-1.9571154,-1.6966774,-1.4379448,-1.6032985,-1.6032985,-1.5613183,-1.5861052,-1.5958366,-1.8358535,-1.3392842,-2.065689,-2.2508304,-2.2508307,-2.239866,-2.1278145,-2.5892925,-2.5145624,-1.9308485,-2.1545713,-2.3720973,-2.3720994,-2.072955,-2.0288732,-1.210963,-1.7353829,-1.3661729,-2.638461,-2.5362654,-2.5362656,-2.4388509,-2.677944,-2.290012,-2.004639,-1.2548088,-2.6793604,-2.6016855,-2.6016853,-2.53072,-2.5843952,-2.7381315,-2.948404,-1.6769855,-1.6797341,-1.2975148,-1.2975149,-1.6639235,-1.2692357,-1.6568509,-1.5610001,-1.4216434,-2.448021,-2.210195,-2.2101953,-2.3019085,-1.43589,-2.21832,-2.6279387,-1.3013971,-1.7376046,-1.6963757,-1.6963753,-1.6024791,-1.6707408,-1.557707,-1.6152663
OCC(O)CO,1.12,-0.78439254,-1.659913,-0.9949802,-0.9949802,-0.9892662,-1.1937805,-0.97583586,-1.4685944,0.8928941,-0.24476635,0.8115834,0.81158286,0.80148184,0.37996164,0.83682895,-0.5513365,1.1736872,-0.6915943,-0.51581275,-0.5158128,-0.50788575,-0.34452474,1.4928887,0.90019274,1.2179353,-0.44011393,-0.4601836,-0.46018514,0.26843983,-0.18696727,0.8266715,-0.22582296,1.0084457,-1.5716091,-1.2014194,-1.2014192,-1.2091417,-1.258849,-1.1301113,-0.88819873,0.0034552037,-1.5585524,-1.381184,-1.381184,-1.3674899,-1.3593192,-1.3414268,-1.0361637,0.8108101,0.08277422,0.9530349,0.953035,0.23166904,0.9420584,0.25763306,0.30140248,1.0395969,0.50471836,0.53106624,0.5310661,0.47811082,0.9700645,0.5696649,0.19313337,1.1520097,1.2064278,1.192974,1.1929739,1.178538,1.2492049,1.1560122,0.9690449
Clc1c(Cl)c(Cl)c(c(Cl)c1Cl)c2c(Cl)c(Cl)c(Cl)c(Cl)c2Cl ,-11.6,-11.965609,-6.3882475,-6.343077,-6.3430777,-6.338311,-6.5943513,-6.3484626,-8.166725,-11.897593,-9.905735,-10.882798,-10.882797,-10.805506,-10.509134,-10.861016,-9.928179,-12.105844,-10.768362,-13.789622,-13.789622,-13.812413,-13.634925,-11.5860615,-10.530704,-11.3431015,-10.797813,-10.932685,-10.932688,-10.953437,-10.83312,-10.696342,-10.333167,-11.5295315,-7.507215,-9.191924,-9.191923,-9.429116,-9.234743,-9.708717,-10.537963,-12.027807,-3.8940518,-4.332036,-4.332036,-4.4864917,-4.226788,-4.207045,-5.35852,-11.573272,-5.8411527,-9.280246,-9.280245,-6.6400175,-9.57693,-6.5693192,-9.078883,-11.526529,-11.644793,-10.984915,-10.984916,-10.958981,-9.55053,-10.996131,-9.426649,-11.204332,-10.340437,-10.836546,-10.836546,-10.86111,-11.016892,-10.478958,-10.041784
CC1(O)CCC2C3CCC4=CC(=O)CCC4(C)C3CCC21C,-3.999,-4.3754005,-4.1760893,-3.8281252,-3.8281255,-3.8348503,-4.1802645,-3.8294504,-4.0668273,-4.078431,-4.0096946,-4.2855563,-4.285556,-4.2026668,-4.6732416,-4.3184643,-4.2358336,-4.1551785,-3.501922,-4.1290064,-4.129007,-4.0513763,-3.757518,-4.725078,-4.100772,-4.3761864,-5.7232494,-5.1522827,-5.1522837,-5.4727626,-4.578328,-4.8252206,-4.678684,-4.5291276,-3.9470983,-3.8389697,-3.8389702,-3.8593795,-3.9579859,-3.9380152,-3.296177,-4.1835694,-3.8850157,-3.9751713,-3.9751713,-3.979804,-3.9004724,-3.961862,-4.6663065,-4.2231703,-4.0831647,-3.9753933,-3.9753938,-4.369909,-3.8883817,-4.2955537,-4.086951,-4.17426,-5.378732,-5.3123283,-5.3123283,-5.348572,-3.7640395,-5.3924975,-5.026945,-3.9196098,-4.555692,-4.360264,-4.360263,-4.445706,-4.634779,-4.0571837,-4.383132
OCC3OC(OCC2OC(OC(C#N)c1ccccc1)C(O)C(O)C2O)C(O)C(O)C3O ,-0.77,-4.8670607,-7.4076433,-6.6665826,-6.6665826,-6.650552,-6.9604626,-6.596178,-5.8753266,-1.7787144,-3.5344143,-2.3274837,-2.3274841,-2.3151047,-2.9065323,-2.3022065,-3.0399456,-0.8260638,-2.0193708,-2.2562687,-2.2562687,-2.2132964,-1.9614714,-1.1185763,-0.47342494,-0.7487026,-1.9619124,-2.5981162,-2.5981183,-1.5068423,-2.0277486,-1.0676527,-1.7173128,-2.6403067,-6.6306205,-6.3849764,-6.384976,-6.272221,-6.483692,-5.8824186,-5.045324,-3.490189,-5.067273,-5.021935,-5.021935,-5.0284066,-4.9389625,-4.972238,-4.8445573,-0.8300241,-3.7718494,-3.622796,-3.6227963,-4.1593456,-3.313481,-4.24401,-3.0977964,-0.89020157,-4.281115,-3.8562872,-3.856287,-3.9301083,-2.8211563,-3.888524,-4.392976,-0.7571509,-0.74646425,-0.93329,-0.93328774,-0.92080766,-0.88873935,-1.1668965,-0.8950373
CCCCC#C,-2.36,-1.6604598,-1.8744475,-1.4869882,-1.4869881,-1.4786025,-1.7323264,-1.4399742,-1.759231,-2.4557216,-1.4820629,-1.800262,-1.8002625,-1.7895018,-1.6924547,-1.7795842,-1.8717306,-2.2595685,-1.4697093,-1.6193038,-1.619304,-1.6136284,-1.4843887,-1.7925942,-1.5848262,-2.0285914,-1.7280426,-1.8840754,-1.8840774,-1.5492976,-1.6388605,-0.7449742,-1.3011556,-2.1038487,-1.892692,-1.8516078,-1.8516077,-1.808078,-1.8786807,-1.7451048,-1.8114074,-2.4147599,-2.538367,-1.47981,-1.4798099,-1.5464696,-1.5561287,-1.836775,-1.3580093,-2.3503861,-2.3154256,-2.1943774,-2.1943777,-2.516224,-2.4076064,-2.4126477,-2.3522692,-2.4022849,-1.2195454,-1.2575241,-1.2575246,-1.2368497,-0.6086105,-1.2392275,-1.2287046,-2.8523252,-3.130002,-3.185343,-3.185343,-3.1372147,-3.3303502,-3.0947485,-3.0224373
CCCCSP(=O)(SCCCC)SCCCC,-5.14,-4.481456,-5.366277,-4.9515796,-4.951579,-4.9473567,-5.275885,-4.897201,-4.3093653,-4.684041,-4.280423,-5.8829885,-5.8829894,-5.701755,-6.5023117,-6.041835,-5.0824337,-5.1087084,-4.784265,-5.0120916,-5.0120916,-4.9544725,-4.8164697,-5.2167544,-5.2716,-5.033402,-5.7666907,-5.6727715,-5.672773,-5.9859896,-5.1668763,-5.1458716,-5.8666024,-5.2997427,-5.469162,-5.2742887,-5.274289,-5.216217,-5.460432,-5.1320367,-4.1169834,-4.5945997,-4.800271,-5.1946883,-5.1946883,-5.1631026,-5.095173,-5.078666,-4.5660152,-4.9004545,-5.486538,-5.7979226,-5.7979226,-5.5754757,-4.7951818,-5.40453,-5.8545485,-5.1462855,-6.0365505,-6.108934,-6.1089344,-6.1368546,-4.8426642,-6.1903954,-6.2512507,-5.0515175,-5.088856,-5.0988145,-5.0988135,-5.1391845,-5.245062,-5.195497,-5.2439127
Cc1ccnc(C)c1,0.38,-1.2616103,-2.1381073,-1.7435184,-1.7435182,-1.7395825,-1.8405855,-1.746716,-1.6307031,-0.90218544,-1.73509,-1.2085882,-1.2085885,-1.2088286,-1.3565303,-1.1977305,-1.5846723,-0.0046554534,-1.5046281,-1.6930447,-1.6930447,-1.6858878,-1.5626384,-1.6758561,-1.5500734,-0.57055366,-2.21489,-2.408222,-2.4082255,-2.0196116,-2.1322627,-1.2763677,-1.6625619,-0.12098424,-1.7207477,-1.3684173,-1.3684174,-1.3823507,-1.4160492,-1.3374083,-0.860535,0.23841688,-2.1812065,-2.1812274,-2.1812274,-2.1950862,-2.1744936,-2.130688,-1.8236619,0.23378804,-1.974233,-0.63634217,-0.6363425,-1.9623969,-0.5031141,-1.8989116,-1.3623859,-0.003977418,-1.437038,-1.3345314,-1.3345318,-1.3575691,-0.8336299,-1.3379126,-1.5949659,0.36967698,0.49218887,0.4856975,0.48569733,0.50781536,0.54327196,0.17241333,0.10392735
CC(C)c1ccccc1,-3.27,-3.1251519,-2.0515604,-1.7093548,-1.709355,-1.7145768,-1.9199659,-1.722524,-2.1712568,-3.4458947,-2.2380743,-2.9154952,-2.915495,-2.8874164,-2.8320322,-2.9107742,-2.6837895,-3.5838943,-2.0868366,-2.3299563,-2.3299565,-2.318393,-2.1564434,-2.6724923,-2.6958985,-3.0793653,-2.9724643,-2.9703276,-2.9703283,-2.731793,-2.6132357,-1.9396024,-2.3928165,-3.1279554,-2.1627784,-2.4941702,-2.4941707,-2.498166,-2.476931,-2.5165937,-1.47196,-3.149711,-1.9969585,-1.6173464,-1.6173464,-1.606871,-1.7175874,-1.7505871,-1.3663634,-3.2930532,-4.3182087,-3.3184676,-3.3184676,-4.405749,-3.2740858,-4.3887086,-3.2041779,-3.2558167,-2.9625921,-2.831513,-2.831514,-2.8768167,-2.0539565,-2.8510234,-2.8517594,-2.6820333,-2.6821928,-2.6787531,-2.6787531,-2.6858757,-2.6867163,-2.7238615,-2.5116904
CCc1ccc(C)cc1,-3.11,-2.2605257,-2.3684125,-1.962511,-1.9625111,-1.9703466,-2.1652892,-1.9835087,-1.7932258,-2.9762392,-2.3829398,-2.7746217,-2.7746224,-2.7357142,-2.8218646,-2.7628322,-2.9126637,-3.041986,-2.1245224,-2.3764503,-2.37645,-2.3699782,-2.2313013,-3.1561618,-2.8455446,-3.290177,-3.1089892,-3.1051962,-3.1051977,-2.8944118,-2.8989334,-2.0729983,-2.4201136,-3.0550847,-2.7176518,-2.5627751,-2.5627751,-2.6936665,-2.7304945,-2.8444688,-3.17909,-3.0909188,-3.2658439,-3.3935018,-3.3935018,-3.5170467,-3.3171172,-3.2708573,-3.4688792,-3.116911,-4.6033845,-4.315282,-4.315281,-4.9359007,-4.641453,-4.96071,-4.089053,-3.2028718,-3.1838064,-2.9087129,-2.9087129,-2.9952028,-2.150979,-2.9233289,-2.9055407,-3.1579232,-3.2553926,-3.2304478,-3.2304482,-3.2370574,-3.33167,-3.3615205,-3.0332093
CN(C)C(=O)Nc1ccc(Cl)c(Cl)c1,-3.8,-4.1447678,-3.562717,-3.4434917,-3.4434915,-3.4524353,-3.8214664,-3.4795573,-3.858174,-3.7914054,-2.9931915,-2.7377725,-2.737773,-2.7264276,-2.9890318,-2.759603,-2.6644607,-3.9915333,-3.8105345,-3.8306336,-3.8306339,-3.8256738,-3.6480885,-3.795503,-3.3866177,-3.833388,-3.8638566,-4.0143213,-4.0143237,-3.695876,-3.595682,-2.9698048,-3.4197547,-3.7882507,-3.1538787,-3.1386123,-3.1386123,-3.2002168,-3.2881763,-3.2796066,-4.0376315,-4.2611666,-3.291655,-2.9226933,-2.9226933,-2.9802167,-2.994302,-3.1449475,-2.9669125,-3.8637269,-2.9755619,-2.4185717,-2.4185717,-3.2537618,-2.4043677,-3.184739,-2.7279851,-3.7368717,-2.9223695,-2.964456,-2.9644566,-3.0221045,-2.008434,-2.9645238,-3.3669403,-3.7610123,-3.2933242,-3.215975,-3.2159748,-3.237954,-3.1992788,-3.1273468,-3.139876
ClC(Cl)(Cl)C#N,-2.168,-2.5284486,-1.7942076,-3.1371877,-3.1371875,-3.159807,-3.4298813,-3.0977483,-3.187155,-2.208686,-1.6526835,-1.9729526,-1.9729532,-1.9684725,-1.9019133,-1.9801126,-2.2644622,-2.0054612,-1.0538625,-1.0495886,-1.0495886,-1.04542,-1.0953511,-1.4449732,-1.7233508,-1.9197983,-1.8367517,-2.3185675,-2.3185687,-2.052694,-2.0179362,-1.1556382,-1.8463324,-2.2472775,-1.8425434,-1.5998871,-1.5998869,-1.6097825,-1.7543437,-1.5888189,-1.7743182,-2.3756938,-1.4119716,-1.2208146,-1.2208147,-1.229104,-1.2485306,-1.1708525,-1.5210027,-2.1035187,-1.4114327,-2.4254756,-2.4254756,-2.3403673,-2.678523,-2.2115645,-2.975953,-2.094645,-1.6677127,-1.896175,-1.8961754,-1.9276979,-1.5902046,-1.8898928,-1.8302609,-1.7397448,-1.2684034,-1.4611245,-1.4611245,-1.4494861,-1.4233537,-1.1283299,-1.2712772
ClC(Cl)(Cl)N(=O)=O,-2.0,-2.2578685,-1.9410121,-2.5694497,-2.5694492,-2.5770423,-2.8866167,-2.5358808,-2.7087145,-2.0292513,-1.4009966,-1.867595,-1.8675954,-1.8643775,-1.8378791,-1.8524635,-1.9083877,-2.228826,-1.2608812,-1.2741566,-1.2741566,-1.2718064,-1.4015077,-1.6535435,-1.887194,-2.0864313,-2.1092818,-2.7385294,-2.73853,-2.5834725,-2.3416684,-1.6553202,-2.1561751,-1.9438894,-1.9038815,-1.330473,-1.3304728,-1.3253344,-1.5161934,-1.2677972,-1.6387279,-2.225341,-1.2971178,-1.0539774,-1.0539774,-1.0526005,-1.0838147,-1.0298152,-1.7574131,-1.9453766,-0.7529533,-1.8489212,-1.8489206,-2.1512716,-2.0149417,-2.0198848,-1.9875365,-2.0124507,-2.2136593,-2.204369,-2.2043693,-2.233289,-1.8553473,-2.1908484,-2.3767002,-0.86425656,-0.8188265,-0.852069,-0.852069,-0.84615445,-0.73753214,-0.78459257,-0.6559841
CCC=O,0.58,-0.12421107,-1.1792545,-0.47473994,-0.47474003,-0.47167933,-0.6541509,-0.48146063,-0.93696654,0.42995778,-0.13404298,0.23638812,0.23638816,0.23364197,0.05274149,0.26146555,-0.5173622,0.7092559,-0.933363,-0.8991044,-0.8991044,-0.8926666,-0.8600115,-0.37941572,-0.38610592,0.0019593134,-1.0355816,-1.2593415,-1.2593439,-0.76325434,-0.9810567,-0.04495262,-0.7019191,0.8288987,-1.4410547,-0.8317506,-0.8317506,-0.85843277,-0.80689794,-0.8397149,-0.7024784,0.53914297,-1.2720528,-0.9120547,-0.9120547,-0.90200543,-0.88279796,-0.9504732,-0.6615382,0.36801425,-0.30004922,1.188856,1.1888559,-0.10528382,1.2446793,-0.0400795,0.15001708,0.5387133,0.1957618,0.15878391,0.1587837,0.1412936,0.38063797,0.14552201,-0.002534914,0.36428303,0.15225863,0.25902593,0.25902602,0.25875682,0.17370187,0.15672345,0.2213423
O=C2NC(=O)C1(CCCCCCC1)C(=O)N2,-2.982,-3.1252332,-3.1280007,-2.794325,-2.794325,-2.7947514,-3.0856404,-2.7922735,-3.2071466,-3.3549201,-2.3083813,-2.3166752,-2.3166752,-2.2820284,-2.3399994,-2.3186896,-2.8246055,-2.8301435,-3.5762725,-3.4499083,-3.4499085,-3.4555717,-3.4649875,-2.4998715,-2.118081,-2.593949,-3.2726648,-3.26933,-3.2693322,-3.2528718,-2.9726725,-2.4764957,-3.1018188,-3.3838818,-2.9405055,-3.0200026,-3.0200028,-3.0380166,-3.1992176,-3.0523384,-3.182959,-2.9538288,-2.8219898,-2.3729818,-2.3729825,-2.4471247,-2.424977,-2.6677365,-2.9790807,-2.7994697,-1.6770737,-2.2358994,-2.2358994,-2.2561805,-2.476815,-2.1367273,-2.346462,-2.84718,-3.4725773,-3.0173483,-3.0173492,-3.0698028,-2.1425424,-3.0627422,-3.6749692,-2.928326,-3.037962,-2.9386744,-2.9386742,-2.9820876,-3.1117735,-3.1210017,-3.0387933
ClCCC#N ,-0.29,-1.2620671,-1.4078654,-0.81030834,-0.8103086,-0.7882207,-1.0039313,-0.7777376,-1.5994744,-0.47140068,-0.4019497,-0.6590472,-0.6590471,-0.66241497,-0.56871516,-0.64940315,-0.69623846,-0.47380844,-1.0847849,-1.1099981,-1.109998,-1.1032882,-1.0610659,-1.0175095,-1.1162546,-1.2288902,-1.4109217,-1.7439156,-1.7439178,-1.3251557,-1.3806874,-0.5619373,-1.0041243,-0.2954164,-1.7051502,-1.4521765,-1.4521765,-1.4744315,-1.5064259,-1.4363322,-1.6281351,-0.31314662,-1.640324,-1.328742,-1.3287421,-1.3147379,-1.3393838,-1.3793373,-0.9627543,-0.40529376,-0.9342489,0.04229911,0.04229907,-0.788835,0.3624466,-0.6896639,-0.51934576,-0.30823463,0.01437294,-0.52684194,-0.5268422,-0.5336192,-0.21283777,-0.5499058,-0.030218294,-0.27450442,0.013956608,-0.044495642,-0.044495627,-0.028401604,0.08813319,-0.14166257,0.32969546
c1ccccc1C(O)C(O)c2ccccc2,-1.93,-2.208093,-3.3410645,-3.0435312,-3.0435307,-2.993772,-3.352708,-2.883888,-3.2955875,-2.2773771,-3.7295198,-2.9568756,-2.9568763,-2.8637161,-3.230984,-2.9053981,-3.5229473,-2.0207655,-3.3322403,-3.0634255,-3.0634255,-3.0825126,-3.1730826,-1.5541207,-1.420419,-2.548662,-3.6402795,-3.522648,-3.5226498,-3.0330732,-3.168045,-2.4477859,-2.7790453,-2.0161383,-3.3183937,-3.4313083,-3.4313083,-3.2033246,-3.5220847,-3.0445678,-3.3511658,-2.257487,-3.912487,-4.3340073,-4.3340073,-4.4685845,-4.271578,-4.380733,-4.5682807,-2.41233,-1.8175827,-2.2846017,-2.2846017,-2.1985292,-1.952119,-2.1436782,-2.43273,-2.004161,-3.3568096,-3.150652,-3.1506522,-2.9219375,-2.023068,-2.8911867,-3.6269915,-1.9683657,-1.8965174,-1.9021508,-1.9021499,-1.8990277,-2.041137,-2.0655992,-1.9771628
Oc1ccc(Cl)c(Cl)c1Cl,-2.67,-2.9256268,-2.6672285,-2.6676016,-2.667601,-2.6701932,-2.9637182,-2.6809168,-3.3901129,-2.4141345,-2.5504513,-3.0871367,-3.0871377,-3.0940888,-3.0389705,-3.0723403,-2.9450402,-2.3552694,-2.6001914,-2.6758635,-2.6758637,-2.6722806,-2.6215603,-3.0661066,-2.57972,-2.4305563,-3.833295,-4.1228127,-4.1228147,-3.7142289,-3.5921755,-2.9806867,-3.1411893,-2.8252912,-2.0724177,-2.6063435,-2.6063437,-2.5422025,-2.742842,-2.4891489,-2.6734078,-2.712763,-2.715346,-2.9595582,-2.959558,-3.042997,-2.9215233,-2.8557935,-3.1169908,-3.2019067,-0.35584995,-1.0508937,-1.0508945,-1.1284554,-0.90813,-1.0497018,-1.0809383,-2.4423313,-2.8224778,-2.7341104,-2.7341106,-2.7604904,-2.2086902,-2.7690961,-2.3696134,-2.6114914,-2.4102502,-2.518493,-2.5184922,-2.5220556,-2.4834049,-2.454175,-2.5541122
CCCCOCN(C(=O)CCl)c1c(CC)cccc1CC ,-4.19,-4.2049947,-5.154608,-4.9271445,-4.927144,-4.9221845,-5.20288,-4.8977156,-4.8853493,-4.220761,-4.2716336,-4.3081746,-4.3081756,-4.238004,-4.7236066,-4.3598557,-4.3000445,-4.2026997,-4.01842,-4.2570505,-4.2570505,-4.1806335,-4.2604704,-4.30894,-4.0098133,-4.055023,-5.0940714,-4.906396,-4.9063973,-4.5638523,-4.3589597,-4.1167293,-4.859218,-4.5726147,-5.247101,-5.311503,-5.3115034,-5.2286725,-5.4865313,-5.0459485,-4.71942,-4.329472,-4.1027827,-3.9738839,-3.973884,-3.956111,-3.8668308,-4.091803,-4.059721,-3.953981,-4.103224,-4.0606246,-4.060624,-4.2578316,-3.9101822,-4.2131553,-4.13713,-4.017665,-5.0606556,-4.785066,-4.785067,-4.8263607,-3.5108006,-4.893737,-5.2545447,-4.0812645,-4.731902,-4.878112,-4.8781095,-4.7912774,-4.896896,-5.135402,-5.2346582
COC(=O)c1ccccc1,-1.85,-1.886509,-2.3575492,-2.2087405,-2.2087405,-2.217808,-2.4855056,-2.2288,-2.4689567,-1.4683244,-1.6858805,-0.9092333,-0.90923345,-0.87728614,-1.1145062,-0.8997546,-1.6885563,-1.5155925,-1.7623827,-1.8994322,-1.8994325,-1.8953284,-1.7404747,-1.609872,-1.5018743,-1.7753227,-2.3157542,-2.4304981,-2.4305003,-1.9753464,-2.1708636,-1.2786963,-1.841307,-1.767931,-2.0543482,-2.0595798,-2.0595794,-2.1216254,-2.0989316,-2.1718833,-1.6934772,-1.5881447,-2.5344057,-2.0642045,-2.0642045,-2.0771003,-2.1837766,-2.2599564,-1.9596851,-2.364962,-1.6246942,-1.8143265,-1.8143269,-2.383827,-1.6881185,-2.2957742,-1.9734777,-1.9091476,-2.1372406,-1.9678112,-1.9678113,-1.9821056,-1.2043045,-2.0062933,-2.0830438,-1.8531469,-1.8965524,-2.0641496,-2.0641496,-2.0558553,-2.011367,-1.9769126,-1.7256196
Cc1ccc(C)c2ccccc12,-4.14,-3.50942,-2.6180024,-2.5951254,-2.5951254,-2.589888,-2.8312287,-2.5969374,-2.9318006,-4.2273173,-3.0388556,-4.018314,-4.018314,-3.9853039,-4.119175,-4.0226507,-3.9299564,-4.503205,-2.5035632,-2.8421144,-2.8421142,-2.839958,-2.6466503,-3.9989824,-3.5630298,-4.3614,-4.9526424,-4.725358,-4.725358,-4.7375383,-4.274091,-3.944819,-4.4761057,-4.196847,-3.4146152,-3.2342763,-3.2342763,-3.1725073,-3.3068984,-2.9940789,-4.524954,-4.0214396,-2.5879848,-2.8415365,-2.8415372,-2.8906257,-2.8576791,-2.7017236,-3.204353,-4.2119308,-5.788854,-4.7525125,-4.7525134,-5.677577,-5.185664,-5.6849513,-4.8421926,-4.525138,-4.42416,-4.372355,-4.3723555,-4.3460326,-3.2795277,-4.384983,-4.4406586,-4.1169424,-4.550208,-4.4952703,-4.4952703,-4.5167837,-4.598501,-4.4638724,-4.2573075
OCCCC=C,-0.15,-1.3530495,-1.7753235,-1.2956727,-1.2956727,-1.2710665,-1.5626929,-1.2008741,-1.7507238,-0.78226364,-0.9589444,-0.6321385,-0.63213855,-0.6170471,-0.65471107,-0.60779536,-1.3289764,-0.17282836,-1.1063468,-1.0920333,-1.0920331,-1.0827885,-0.9769684,0.064281836,-0.048062168,-0.654708,-1.0823723,-1.3376627,-1.3376647,-0.8716141,-1.077335,-0.1488491,-0.8422253,-0.31962886,-1.7918621,-1.4834402,-1.48344,-1.5165715,-1.525135,-1.4643346,-1.3394758,-0.16057831,-2.2818062,-2.3513937,-2.3513937,-2.1078095,-2.346337,-1.9380277,-2.0733402,-0.29345617,-0.89540017,-0.08878932,-0.08878943,-1.1271362,0.20785968,-1.0708084,-0.70827526,-0.44799328,-0.47907937,-0.45353666,-0.453537,-0.49364707,0.13112961,-0.4409444,-0.7516445,-0.3258289,-0.10198034,-0.23370895,-0.23370874,-0.26934037,-0.21825476,-0.10878083,-0.48347184
O=C1NC(=O)NC(=O)C1(CC)C(C)CC,-2.39,-2.326915,-3.0704553,-3.0701504,-3.0701501,-3.0650518,-3.431587,-3.0185387,-3.5036194,-2.482718,-1.8582098,-1.6201324,-1.6201324,-1.5925031,-1.74081,-1.5980442,-2.463837,-2.3327923,-3.5369775,-3.3338854,-3.3338852,-3.3483076,-3.4707682,-2.1442547,-1.7805464,-2.258046,-2.7719328,-2.7860088,-2.7860107,-2.3699853,-2.585712,-1.6858449,-2.5460002,-2.4645169,-2.8934002,-2.9036186,-2.903619,-2.8741412,-3.1084752,-2.7898767,-2.3937144,-2.4218345,-2.6149805,-2.9510055,-2.9510055,-2.9845233,-2.9437504,-2.7638,-3.3234384,-2.4433608,-1.6891234,-2.2606964,-2.260697,-2.2510307,-2.5026743,-2.157372,-2.5378969,-2.1196778,-2.4178207,-1.9391749,-1.9391752,-1.9656409,-1.1434631,-2.0051696,-2.698711,-2.3086104,-1.05905,-1.3231229,-1.3231223,-1.3288196,-1.6999454,-2.0378306,-1.4870676
CCCCN(C)C(=O)Nc1ccc(Cl)c(Cl)c1,-4.77,-4.0737796,-4.5117693,-4.2964816,-4.2964816,-4.303801,-4.6776853,-4.319598,-4.5376606,-3.9530003,-4.407062,-3.4022598,-3.4022598,-3.365074,-4.011732,-3.4711974,-3.8055034,-4.4822655,-4.7370634,-4.6887093,-4.6887093,-4.6479373,-4.507716,-4.477018,-3.7309778,-3.583943,-5.1796546,-4.8071012,-4.807103,-4.7166033,-4.497395,-4.0082564,-4.344545,-4.5823135,-4.1940293,-4.1843634,-4.1843634,-4.1962285,-4.327549,-4.210895,-4.468274,-3.871025,-4.363697,-4.2707825,-4.270782,-3.9420712,-4.297402,-4.323776,-4.4082246,-4.4252195,-4.027395,-3.512802,-3.5128016,-4.2666492,-3.3406482,-4.2024503,-3.6933842,-4.4046655,-4.458222,-4.1601405,-4.160141,-4.223928,-3.1955538,-4.1949368,-4.8475637,-4.592753,-3.5800476,-3.9245934,-3.9245918,-4.1265144,-4.2200165,-4.417576,-3.7697465
O=C(c1ccccc1)c2ccccc2,-3.12,-3.1248724,-3.0925722,-2.7583477,-2.7583487,-2.7640598,-3.015884,-2.7833996,-2.6257815,-3.3236587,-3.7071047,-3.2277157,-3.227715,-3.193421,-3.3912828,-3.2391882,-3.4674149,-2.9103005,-3.3248663,-3.5938618,-3.593861,-3.5753515,-3.3793497,-4.050444,-3.6876085,-3.7895992,-4.1032662,-4.056559,-4.056562,-3.8036964,-3.8296027,-3.0684114,-3.7998064,-3.3266327,-4.319886,-4.5268087,-4.5268083,-4.6484056,-4.6253223,-4.214389,-3.3513777,-3.6992695,-3.469611,-3.828188,-3.8281884,-3.926467,-3.7690487,-3.734055,-4.6703978,-3.09831,-2.548669,-2.836658,-2.8366582,-2.9257092,-2.818054,-3.0698977,-3.0491943,-2.9695086,-3.6804907,-3.5294497,-3.52945,-3.6081266,-2.4990351,-3.556887,-3.674592,-3.0984902,-3.8917074,-3.6330614,-3.633062,-3.6469882,-3.7468371,-3.8933303,-3.3303287
ClC(Cl)C(c1ccc(Cl)cc1)c2ccccc2Cl ,-6.51,-5.768052,-4.5881696,-4.3204875,-4.3204875,-4.3136044,-4.6226172,-4.2869086,-4.7927055,-6.6446824,-6.1910615,-6.3538656,-6.3538656,-6.2672267,-6.2923517,-6.3002505,-6.5658755,-6.304043,-5.2470636,-5.301701,-5.3017015,-5.384648,-5.348199,-6.099161,-5.8785596,-6.451316,-5.7954373,-5.55869,-5.5586915,-5.4776716,-5.1617026,-4.8560843,-5.6829624,-6.6830263,-3.9041271,-4.0608697,-4.06087,-4.0501485,-4.1559453,-4.090061,-4.193382,-6.452085,-3.807831,-4.465617,-4.4656177,-4.648957,-4.3659053,-4.459846,-5.0624228,-6.585977,-5.3032746,-6.2867355,-6.286736,-5.7520914,-6.266834,-5.727921,-6.7223806,-6.4065475,-7.552071,-7.0906262,-7.090626,-7.134685,-5.656973,-7.0030823,-7.2666373,-6.355336,-6.3042774,-6.4193406,-6.419341,-6.403028,-6.5423546,-6.4415607,-6.4882636
CCC(C)C1(CC=C)C(=O)NC(=O)NC1=O,-2.016,-2.0853765,-3.3774495,-3.373641,-3.3736408,-3.373831,-3.6965685,-3.3498821,-3.7819364,-2.0553558,-2.0295143,-1.7085654,-1.7085651,-1.6738421,-1.7910075,-1.6862814,-2.4840682,-2.1793294,-3.5694866,-3.30534,-3.3053405,-3.302767,-3.4827936,-2.1104107,-1.7742075,-2.094781,-2.3992145,-2.4753363,-2.4753387,-2.2365289,-2.315856,-1.5163444,-2.2263753,-2.1130204,-3.104972,-3.1352315,-3.135231,-3.0809972,-3.3164237,-2.923032,-2.3185925,-2.1257203,-2.774555,-3.1573024,-3.1573024,-3.1809657,-3.1568453,-3.0059524,-3.655536,-2.11873,-1.8501948,-2.3723931,-2.3723931,-2.3927493,-2.565896,-2.2940464,-2.679548,-1.9404389,-2.3822072,-2.0458357,-2.045836,-2.0826383,-1.2012913,-2.0925558,-2.8812819,-1.9666245,-1.9251343,-1.8941518,-1.894151,-1.9091588,-1.9775586,-2.024077,-2.0956824
COc1cc(cc(OC)c1O)C6C2C(COC2=O)C(OC4OC3COC(C)OC3C(O)C4O)c7cc5OCOc5cc67,-3.571,-3.8622036,-9.939395,-8.371431,-8.371431,-8.341815,-8.448196,-8.416473,-5.0908265,-4.312149,-4.3756833,-3.9914892,-3.99149,-4.0115504,-4.4298224,-3.9332385,-4.237376,-3.5300453,-7.549824,-6.9387445,-6.938746,-6.4533157,-6.489205,-4.760526,-3.8581629,-3.49267,-3.5716555,-5.022576,-5.0225763,-4.565841,-4.603364,-4.073508,-2.934651,-3.2886024,-8.939203,-8.196056,-8.196056,-8.127712,-7.994081,-8.211874,-4.8931847,-3.4483306,-6.6191254,-6.4363422,-6.436342,-6.3728976,-6.2996845,-6.138058,-5.857461,-3.4162133,-3.9266384,-3.479608,-3.479608,-4.512501,-2.9301994,-4.472795,-2.4736764,-3.5402954,-6.434769,-5.809932,-5.8099327,-5.842134,-4.5275855,-5.7919292,-5.34207,-3.489637,-5.404918,-5.481932,-5.4819283,-5.342311,-4.4094915,-9.210549,-0.27346343
CCOP(=S)(OCC)SCn1c(=O)oc2cc(Cl)ccc12,-5.233,-5.110461,-5.240818,-4.9133396,-4.91334,-4.902694,-5.259522,-4.794023,-5.215614,-5.187749,-4.4989815,-4.3904786,-4.390479,-4.234147,-4.8146415,-4.444442,-4.64439,-5.4256525,-5.433088,-5.1981173,-5.1981173,-5.182924,-5.3266344,-5.299954,-4.607971,-4.6809196,-5.280299,-5.181199,-5.1812,-5.1177363,-4.674674,-4.3380632,-4.3595395,-4.982503,-4.847471,-4.7647085,-4.764708,-4.693085,-4.946768,-4.630056,-4.245188,-4.971785,-4.5012383,-4.960657,-4.9606576,-4.9205112,-4.839559,-4.8104005,-4.882582,-4.4599953,-3.700318,-3.2146735,-3.2146745,-4.1061573,-3.8318863,-4.146978,-3.874361,-5.1472654,-5.36742,-5.0817065,-5.0817065,-5.0748687,-3.9572797,-5.0229216,-5.5983195,-5.0706434,-5.208696,-5.2628713,-5.262869,-5.3001456,-5.274169,-5.3496346,-5.343666
COc1ccc(NC(=O)N(C)C)cc1Cl,-2.564,-2.35485,-3.6976538,-3.5643952,-3.5643952,-3.5734646,-3.937828,-3.602131,-3.8439918,-2.8820624,-3.8185368,-2.3726416,-2.3726413,-2.3724446,-2.863676,-2.3551261,-2.8831413,-2.7516847,-3.653087,-3.5045419,-3.5045414,-3.4698625,-3.4454231,-2.4600585,-2.0224867,-2.7878036,-3.1957362,-3.3647954,-3.3647964,-2.9684126,-2.9786062,-2.284727,-2.6975946,-2.7266293,-3.3439422,-3.274305,-3.2743049,-3.3421524,-3.5209978,-3.4520195,-3.3974345,-2.9979727,-3.9473798,-3.6299808,-3.6299806,-3.7109613,-3.668157,-3.8297937,-3.5101917,-3.132628,-3.034313,-3.316932,-3.3169327,-3.7393656,-3.2092264,-3.6191177,-3.3336864,-2.6652293,-2.897821,-2.6265392,-2.6265397,-2.699901,-1.8735065,-2.636949,-3.1134038,-2.535614,-2.4910464,-2.585975,-2.5859735,-2.6099083,-2.7171195,-2.7073882,-2.6732216
c1c(NC(=O)c2ccccc2(I))cccc1,-4.21,-4.0728264,-4.001518,-3.6960466,-3.6960468,-3.689282,-4.045228,-3.6692395,-3.8968925,-4.2763643,-4.9945445,-5.0111623,-5.0111628,-4.9537964,-5.4148884,-4.98609,-5.0609984,-4.352935,-4.858108,-4.8140593,-4.814059,-4.8459315,-5.025974,-4.890512,-4.2856483,-4.3027897,-3.8266296,-3.974836,-3.9748368,-3.669789,-3.6903048,-3.0394087,-3.415056,-4.4857626,-3.4295526,-3.409925,-3.409925,-3.4393806,-3.5656784,-3.4165623,-3.433453,-4.074054,-4.0972486,-4.3269477,-4.3269477,-4.3673873,-4.2628236,-4.205802,-4.66602,-3.9153092,-3.224806,-3.3714266,-3.3714268,-3.5485973,-3.410238,-3.6254568,-3.5642583,-4.0589013,-5.18615,-5.1675906,-5.167591,-5.271801,-3.7658653,-5.0960217,-5.8208585,-4.196479,-4.0624657,-4.2131476,-4.213146,-4.2072234,-4.1870975,-4.049187,-4.255717
CC1=CCCCC1,-3.27,-2.8087907,-1.91336,-1.2796358,-1.2796355,-1.2720854,-1.3631684,-1.2776877,-1.3871492,-3.5387719,-1.6719458,-2.1588767,-2.158877,-2.1457326,-2.1573367,-2.1565726,-1.8512785,-2.985066,-1.8189832,-2.0568013,-2.0568016,-2.0561616,-1.9002781,-2.7299118,-2.6464229,-3.33115,-2.6051528,-2.7778547,-2.777856,-2.667182,-2.4186707,-1.8289808,-2.2297416,-3.2587209,-1.691108,-1.404349,-1.4043486,-1.414264,-1.4660699,-1.3613281,-1.1084552,-2.9503284,-1.7170684,-1.2158972,-1.2158973,-1.2079327,-1.2722491,-1.3778987,-0.8891234,-3.2154229,-3.6420012,-2.4783502,-2.4783502,-3.38407,-2.68901,-3.4049594,-2.5847752,-3.3923538,-3.1509593,-3.04211,-3.04211,-3.0634642,-2.3928275,-3.0357966,-2.7830973,-2.8704417,-2.246045,-2.571203,-2.5712032,-2.5592797,-2.4842207,-2.0604956,-2.574265
CCCCCCl,-2.73,-2.2361848,-1.9501151,-1.5584725,-1.5584726,-1.5473593,-1.8387438,-1.4880875,-2.1299293,-2.3078284,-1.6934769,-1.8290411,-1.8290411,-1.82712,-1.7525351,-1.8300343,-1.6661819,-2.6150672,-1.5109943,-1.7242469,-1.724247,-1.7165606,-1.5967627,-2.5144207,-2.1324456,-2.870458,-2.9253676,-2.909269,-2.9092717,-2.7500381,-2.6389651,-1.9115849,-2.2955534,-2.8446002,-2.0157485,-1.8366628,-1.8366627,-1.8593434,-1.8251579,-1.7694838,-1.9479877,-2.4256034,-2.2499359,-2.2655802,-2.26558,-2.2355483,-2.2146761,-2.144915,-1.4650114,-2.7505772,-2.7358048,-2.5560837,-2.5560842,-2.7300754,-2.9090164,-2.730176,-2.7266355,-2.725782,-2.9674015,-2.5904484,-2.5904489,-2.680642,-1.9882596,-2.619846,-2.7007682,-3.106179,-3.0351295,-3.096496,-3.096496,-3.130251,-3.3242433,-3.0784872,-3.1708703
CCCCCCCC(=O)OC,-3.17,-3.229484,-3.2499478,-3.0962088,-3.0962088,-3.0666177,-3.5257313,-2.978142,-3.1663108,-2.557692,-3.0103805,-2.6941366,-2.694137,-2.6253617,-2.9748967,-2.7006383,-2.5927591,-2.9349277,-2.9189155,-2.9818423,-2.9818418,-2.9862728,-2.7915213,-3.6238916,-3.1781175,-3.1429553,-3.3110273,-3.3556867,-3.3556888,-3.3071024,-3.1192408,-2.4446187,-2.8563118,-3.352219,-3.0251245,-2.9609952,-2.9609952,-2.9230142,-3.2040176,-2.4603436,-3.110941,-3.1334424,-4.0890374,-3.742359,-3.7423587,-3.3257365,-3.7362745,-3.0452921,-4.240698,-3.3465679,-3.1888983,-2.7966685,-2.7966685,-3.856295,-2.0942276,-3.812618,-2.8593535,-3.0002444,-3.320016,-2.9764411,-2.9764414,-3.0043669,-2.0939417,-2.987601,-3.5925882,-3.194937,-2.9303696,-3.071966,-3.0719652,-3.137141,-3.2966807,-3.2100275,-3.3209023
