SMILES,Y_TRUE,RDKitGEOM|MeanInstanceWrapperMLPNetworkRegressor,RDKitGEOM|MeanBagWrapperMLPNetworkRegressor,RDKitGEOM|MeanBagNetworkRegressor,RDKitGEOM|MeanInstanceNetworkRegressor,RDKitGEOM|AdditiveAttentionNetworkRegressor,RDKitGEOM|SelfAttentionNetworkRegressor,RDKitGEOM|HopfieldAttentionNetworkRegressor,RDKitGEOM|DynamicPoolingNetworkRegressor,RDKitAUTOCORR|MeanInstanceWrapperMLPNetworkRegressor,RDKitAUTOCORR|MeanBagWrapperMLPNetworkRegressor,RDKitAUTOCORR|MeanBagNetworkRegressor,RDKitAUTOCORR|MeanInstanceNetworkRegressor,RDKitAUTOCORR|AdditiveAttentionNetworkRegressor,RDKitAUTOCORR|SelfAttentionNetworkRegressor,RDKitAUTOCORR|HopfieldAttentionNetworkRegressor,RDKitAUTOCORR|DynamicPoolingNetworkRegressor,RDKitRDF|MeanInstanceWrapperMLPNetworkRegressor,RDKitRDF|MeanBagWrapperMLPNetworkRegressor,RDKitRDF|MeanBagNetworkRegressor,RDKitRDF|MeanInstanceNetworkRegressor,RDKitRDF|AdditiveAttentionNetworkRegressor,RDKitRDF|SelfAttentionNetworkRegressor,RDKitRDF|HopfieldAttentionNetworkRegressor,RDKitRDF|DynamicPoolingNetworkRegressor,RDKitMORSE|MeanInstanceWrapperMLPNetworkRegressor,RDKitMORSE|MeanBagWrapperMLPNetworkRegressor,RDKitMORSE|MeanBagNetworkRegressor,RDKitMORSE|MeanInstanceNetworkRegressor,RDKitMORSE|AdditiveAttentionNetworkRegressor,RDKitMORSE|SelfAttentionNetworkRegressor,RDKitMORSE|HopfieldAttentionNetworkRegressor,RDKitMORSE|DynamicPoolingNetworkRegressor,RDKitWHIM|MeanInstanceWrapperMLPNetworkRegressor,RDKitWHIM|MeanBagWrapperMLPNetworkRegressor,RDKitWHIM|MeanBagNetworkRegressor,RDKitWHIM|MeanInstanceNetworkRegressor,RDKitWHIM|AdditiveAttentionNetworkRegressor,RDKitWHIM|SelfAttentionNetworkRegressor,RDKitWHIM|HopfieldAttentionNetworkRegressor,RDKitWHIM|DynamicPoolingNetworkRegressor,MolFeatUSRD|MeanInstanceWrapperMLPNetworkRegressor,MolFeatUSRD|MeanBagWrapperMLPNetworkRegressor,MolFeatUSRD|MeanBagNetworkRegressor,MolFeatUSRD|MeanInstanceNetworkRegressor,MolFeatUSRD|AdditiveAttentionNetworkRegressor,MolFeatUSRD|SelfAttentionNetworkRegressor,MolFeatUSRD|HopfieldAttentionNetworkRegressor,MolFeatUSRD|DynamicPoolingNetworkRegressor,MolFeatElectroShape|MeanInstanceWrapperMLPNetworkRegressor,MolFeatElectroShape|MeanBagWrapperMLPNetworkRegressor,MolFeatElectroShape|MeanBagNetworkRegressor,MolFeatElectroShape|MeanInstanceNetworkRegressor,MolFeatElectroShape|AdditiveAttentionNetworkRegressor,MolFeatElectroShape|SelfAttentionNetworkRegressor,MolFeatElectroShape|HopfieldAttentionNetworkRegressor,MolFeatElectroShape|DynamicPoolingNetworkRegressor,RDKitGETAWAY|MeanInstanceWrapperMLPNetworkRegressor,RDKitGETAWAY|MeanBagWrapperMLPNetworkRegressor,RDKitGETAWAY|MeanBagNetworkRegressor,RDKitGETAWAY|MeanInstanceNetworkRegressor,RDKitGETAWAY|AdditiveAttentionNetworkRegressor,RDKitGETAWAY|SelfAttentionNetworkRegressor,RDKitGETAWAY|HopfieldAttentionNetworkRegressor,RDKitGETAWAY|DynamicPoolingNetworkRegressor,MolFeatPmapper|MeanInstanceWrapperMLPNetworkRegressor,MolFeatPmapper|MeanBagWrapperMLPNetworkRegressor,MolFeatPmapper|MeanBagNetworkRegressor,MolFeatPmapper|MeanInstanceNetworkRegressor,MolFeatPmapper|AdditiveAttentionNetworkRegressor,MolFeatPmapper|SelfAttentionNetworkRegressor,MolFeatPmapper|HopfieldAttentionNetworkRegressor,MolFeatPmapper|DynamicPoolingNetworkRegressor
CCC(=O)N,-9.4,-5.105087,-3.1083267,-2.9634023,-2.963402,-2.8033497,-3.0273597,-2.705361,-3.059795,-6.355912,-3.4152336,-3.9475036,-3.9475036,-3.94734,-4.254065,-3.9415653,-3.954949,-9.254499,-3.3823671,-3.5617568,-3.5617568,-3.5722668,-3.9528892,-3.6382024,-4.6530743,-6.1817274,-7.4811416,-5.866047,-5.8660417,-5.732468,-5.716172,-5.1263733,-8.323473,-9.317777,-3.2350447,-4.0922236,-4.092224,-3.8308368,-4.174745,-3.2967813,-5.075707,-4.756454,-3.357164,-3.6942866,-3.6942868,-3.6735737,-3.796201,-3.6615844,-3.753153,-8.465362,-6.414603,-7.775849,-7.7758493,-7.826785,-7.0873113,-7.7702737,-7.3291535,-8.781676,-4.2420936,-3.9032009,-3.9032016,-4.071467,-6.8254356,-4.2480903,-4.243351,-9.503965,-9.311093,-9.440194,-9.440192,-9.473461,-9.345226,-9.482207,-9.226402
CC(=CCC/C(=C\CO)/C)C,-4.78,-1.9732764,-3.642081,-3.9644146,-3.9644141,-4.5093317,-4.7613635,-4.8668747,-4.758392,-3.4070911,-4.697419,-5.041436,-5.0414357,-5.036794,-4.781652,-5.0184264,-4.576166,-4.224991,-6.16711,-4.2975106,-4.2975097,-4.3206177,-4.6248107,-3.9854941,-8.978269,-3.732099,-4.0247283,-1.731057,-1.7310531,-1.8928546,-4.4492273,0.15605548,-1.8627627,-6.3896666,-4.3568597,-5.1104097,-5.11041,-5.3279405,-6.1183376,-4.4134355,-5.121846,-4.36395,-4.777355,-5.392021,-5.392021,-5.4045744,-4.92192,-5.2751093,-4.5588055,-3.916912,-4.8739924,-6.05266,-6.05266,-6.146131,-5.3157125,-6.0999413,-6.2854643,-3.9084194,-5.582336,-3.0465055,-3.0465064,-3.3217008,-3.6802568,-3.9128232,-2.8404686,-4.7099895,-4.972611,-4.234529,-4.234529,-4.2381196,-4.1067,-4.5525713,-7.710842
Cc1ccccn1,-4.63,-3.8978145,-5.131015,-5.332401,-5.3324013,-5.3223743,-5.470262,-5.3087463,-5.5629787,-3.9770958,-3.808031,-4.3144484,-4.314449,-4.3153653,-4.3363805,-4.3110375,-3.1893008,-3.8550217,-3.482381,-3.9945168,-3.9945168,-4.004594,-4.2980924,-3.9875813,-3.3059437,-4.118823,-4.655989,-3.8629472,-3.8629425,-3.8151293,-3.8984323,-3.561455,-5.543198,-3.3315518,-5.2947555,-6.0934033,-6.093404,-4.5580344,-5.065842,-5.339509,-5.331054,-4.5743127,-3.6932406,-4.250977,-4.2509775,-4.2259,-4.3194222,-4.0857472,-4.191788,-4.6235003,-3.755628,-4.607725,-4.607724,-4.724288,-4.140474,-4.711618,-4.723675,-4.9545755,-4.1976314,-3.6331167,-3.633117,-3.7945073,-4.5213976,-3.9356391,-3.8821898,-4.4811125,-4.8059916,-4.8926463,-4.8926463,-4.8983374,-4.8624754,-4.878236,-4.5502343
c1ccc(cc1)CO,-6.62,-4.6653085,-4.4151573,-4.7278314,-4.7278314,-4.642368,-4.9683723,-4.6121645,-5.268553,-5.1458526,-4.048005,-4.5942674,-4.5942664,-4.595932,-4.7960806,-4.593185,-4.2549205,-6.5922384,-4.522734,-6.8513203,-6.85132,-6.9029336,-7.2784023,-7.042131,-7.489232,-5.913553,-6.7787147,-5.5244455,-5.524442,-5.4093943,-6.0304947,-5.181776,-6.9074454,-4.5757346,-4.609358,-5.626592,-5.626592,-4.2958074,-5.0761414,-4.6760526,-4.4845357,-4.9899116,-3.6939821,-4.4306073,-4.4306073,-4.3864913,-4.5297356,-4.2628446,-4.5595865,-5.7484837,-4.753265,-4.979004,-4.979004,-4.997341,-4.2333097,-5.0047183,-4.8535786,-7.693902,-5.421539,-8.979738,-8.979738,-9.267887,-7.967189,-9.618947,-7.2124476,-6.6452537,-6.721059,-6.6918254,-6.6918244,-6.6947846,-6.6971927,-6.6799793,-6.4544353
CC(C)OC(C)C,-0.53,-0.28288823,-3.4419963,-3.578042,-3.5780423,-3.4064596,-3.7019327,-3.317811,-3.7536223,-1.6839031,-3.8617487,-4.2097173,-4.2097173,-4.213043,-3.7074106,-4.2164555,-2.4280143,-0.49058175,-4.372937,-2.0079813,-2.007981,-2.0284202,-2.2182612,-2.2560668,-1.7748933,-1.3271317,-1.6866875,-1.5230671,-1.5230646,-1.4662828,-2.207527,-1.5118569,-2.8167903,-0.5532742,-0.8800443,-3.3566554,-3.3566546,-2.4702342,-1.8785758,-1.722074,-1.8658786,-0.8740805,-3.6809716,-4.2901692,-4.2901697,-4.236989,-4.366965,-4.235827,-3.574118,-1.6247562,-3.663198,-3.0818028,-3.0818026,-3.1157649,-2.1877377,-3.1126883,-2.8008068,-1.9469593,-4.1095233,-1.4169006,-1.4169009,-1.5274792,0.5704932,-1.6438293,-1.5334531,-0.3389154,-0.58540964,-0.5928443,-0.5928444,-0.60702354,-0.5867032,-0.5575044,-0.60235703
CC(C)(C)Br,0.84,0.47973126,-2.4467976,-2.3889236,-2.3889236,-2.172305,-2.682595,-2.0664296,-2.7281651,-1.4068664,-3.3228836,-4.1016355,-4.1016355,-4.1006317,-4.165995,-4.0932393,-2.1520126,0.5190839,-3.6556869,-1.6025814,-1.6025814,-1.6028405,-1.5350826,-1.7169319,-0.64291275,1.256685,0.7227404,0.83606374,0.83606595,0.9591776,0.12576275,0.99962234,-0.94454056,0.3887784,-2.4032128,-1.2680832,-1.2680831,-0.44220945,-0.105958216,-1.9754405,-1.7896248,0.56079495,-2.7371082,-2.5191348,-2.5191345,-2.4814975,-2.4684405,-2.5463812,-1.217447,1.1015694,0.84755147,-0.11451054,-0.11451044,-0.08484365,-0.03472572,-0.060014755,-0.07570685,-0.19717592,-3.3219743,-0.54414743,-0.5441473,-0.61254424,2.1369572,-0.5746488,-1.8572472,0.7603643,0.14971958,0.1129397,0.112939715,0.09469499,0.30785182,0.22503848,0.15620816
C(Br)(Br)Br,-2.13,-0.81684303,-3.413119,-2.4903889,-2.4903884,-2.559203,-1.8676682,-2.7071037,-1.6562264,-2.4015183,-1.6583319,-0.64676803,-0.6467682,-0.6458823,0.50802207,-0.64668494,2.1505735,-1.9630871,-3.2656085,-3.273308,-3.2733078,-3.2813444,-2.4745762,-3.297733,0.8483714,-2.0031278,-2.9024255,-1.8439618,-1.8439615,-1.8668053,-2.2000523,-1.4729115,-2.563977,-2.3373542,-3.273146,-2.507364,-2.5073633,-0.919413,-1.0956138,-3.2039485,-2.904064,-0.32539886,-2.8145413,-2.7320056,-2.7320056,-2.70984,-2.843549,-2.677574,-1.4797016,-0.9009062,-0.057949834,0.0006823158,0.0006835228,0.0713893,0.25956795,0.026162626,-0.7784365,-1.9252329,-1.2341713,0.33201513,0.3320153,0.33732933,-0.09114742,0.34647483,1.6699072,-0.2083737,-0.68916047,-0.6370879,-0.6370879,-0.6425014,-0.4404379,-0.60141647,-1.9027874
CCCCl,-0.33,-2.3629868,-2.2472322,-1.8069315,-1.8069317,-1.7266623,-1.8213881,-1.7265534,-2.0976937,-0.66869867,-2.9787292,-3.4678442,-3.467844,-3.4670167,-3.491389,-3.461196,-2.977227,-0.6025235,-2.8179283,-2.030391,-2.030391,-2.0254517,-1.9403137,-2.0423446,-1.216661,-0.18560758,-1.3350526,-0.86524457,-0.8652419,-0.75030756,-1.2624985,-0.52092755,-2.6320322,-0.8933913,-2.703068,-2.46444,-2.4644403,-1.1324185,-1.3433236,-2.607583,-2.2980251,-1.80439,-2.9784772,-3.003096,-3.003096,-2.974811,-3.1098263,-3.0078428,-1.9158739,-0.46365705,-0.3664338,-0.8454994,-0.84549904,-0.7846692,-0.68899924,-0.75593483,-0.33549526,-0.33355618,-3.5313878,-1.2447191,-1.2447187,-1.3114243,0.2597756,-1.3113018,-1.972467,-0.32967097,-0.06602898,-0.11633724,-0.11633722,-0.10131922,-0.17169665,0.09442456,1.1521087
COP(=O)([C@H](C(Cl)(Cl)Cl)O)OC,-12.74,-12.736618,-4.573692,-5.219006,-5.219005,-5.0841455,-5.906955,-5.0292115,-7.805021,-12.323845,-5.032378,-5.6038327,-5.6038327,-5.608061,-6.174252,-5.6118393,-8.322195,-12.904752,-6.330535,-12.035724,-12.035725,-11.656321,-12.758202,-11.621187,-11.930526,-12.288352,-8.56261,-7.823979,-7.823977,-8.474235,-7.125372,-7.5470104,-11.429787,-11.8356695,-4.5979633,-4.739232,-4.739232,-4.5140915,-4.7472916,-4.35752,-6.0170746,-5.914673,-4.0221515,-5.149013,-5.1490126,-5.0718575,-5.351724,-5.0083036,-5.5255485,-12.541738,-9.543578,-11.011031,-11.011033,-11.088813,-9.2777605,-11.281916,-10.373601,-13.890968,-5.979611,-7.1750126,-7.1750135,-7.0818048,-11.612749,-6.968969,-11.166306,-12.892558,-12.795341,-12.700763,-12.700766,-12.626261,-12.570336,-12.682119,-12.738471
COc1cc(c(c(c1O)OC)Cl)C=O,-7.78,-8.382294,-6.7639837,-5.7027097,-5.70271,-5.872445,-5.709633,-5.9586124,-5.2001886,-8.66139,-5.0630426,-5.624517,-5.624517,-5.6324234,-5.858056,-5.6567173,-8.31968,-7.8758025,-6.084675,-10.454441,-10.45444,-10.471702,-10.989594,-10.816172,-8.208662,-8.039044,-9.003735,-8.213776,-8.213771,-8.244715,-8.655407,-7.906229,-9.080421,-7.173622,-9.182445,-8.368645,-8.368643,-5.793005,-6.368996,-8.996015,-6.961257,-5.632592,-4.684481,-6.0298295,-6.0298295,-5.9683795,-6.3085613,-5.7837415,-6.8681307,-7.9623322,-8.191069,-8.189544,-8.189544,-8.124135,-6.98946,-8.268284,-7.502756,-7.9961357,-6.0812497,-7.3140554,-7.3140574,-7.4472394,-7.312793,-7.607069,-9.372304,-7.8834953,-7.8432035,-7.827909,-7.8279104,-7.7547274,-7.770228,-7.770575,-7.931308
CC(C)COC=O,-2.22,-3.1344113,-3.1757438,-3.097045,-3.0970452,-3.1414654,-3.31862,-3.0741882,-3.201265,-2.5786872,-3.960494,-4.5641103,-4.5641108,-4.5636554,-4.680085,-4.557982,-3.5327127,-2.981604,-4.2211504,-3.8808022,-3.8808017,-3.9030538,-4.121142,-4.067088,-2.370765,-2.329448,-2.6677892,-2.2877476,-2.287744,-2.1949048,-2.6196828,-1.9377052,-4.298519,-5.4269915,-3.3892968,-4.1338515,-4.1338525,-3.9385183,-4.605577,-3.4488425,-2.8533711,-2.9274962,-3.8415244,-3.3723664,-3.3723667,-3.4408324,-3.3682919,-3.703757,-1.9177504,-5.548642,-5.511613,-5.7237206,-5.7237206,-5.7157583,-4.958411,-5.6625433,-5.8687577,-2.9351134,-4.6312766,-4.289316,-4.289316,-4.442222,-2.0663724,-4.631414,-4.21039,-1.746495,-1.6560112,-1.4648771,-1.4648771,-1.508082,-1.4445199,-1.5570818,-1.9241707
CC(C)COC(=O)C,-2.36,-2.281158,-3.422671,-3.501482,-3.5014825,-3.5014937,-3.7576401,-3.2155485,-3.7707849,-3.7463222,-4.106825,-4.5864244,-4.5864244,-4.5836086,-4.537955,-4.576543,-4.534178,-3.244999,-4.409418,-3.2155576,-3.2155576,-3.2166479,-3.6541774,-3.3282294,-2.81005,-2.8688092,-4.410255,-3.5354917,-3.53549,-3.2071462,-3.8180866,-2.8678703,-5.6235404,-4.2729177,-3.5778794,-4.080349,-4.0803494,-3.5189764,-4.446397,-3.569744,-3.7146783,-4.5971045,-4.2168927,-3.9775481,-3.9775481,-4.0420837,-3.804064,-4.374736,-3.3399508,-4.049633,-5.4492807,-5.0056677,-5.005667,-4.9633346,-3.1273253,-4.8170643,-4.4272294,-4.2824354,-4.8420553,-4.454166,-4.4541664,-4.6614223,-3.2314267,-4.9628606,-3.9203255,-2.4899502,-3.1856782,-3.1008377,-3.1008375,-2.7532036,-3.079375,-2.5943396,-2.0181546
CCC(C)CC,2.51,-1.4634713,-3.2776258,-3.2790809,-3.2790809,-3.3195002,-3.452794,-3.484003,-3.516458,1.1360767,-3.8150856,-4.3237343,-4.3237343,-4.324542,-4.269636,-4.321136,-2.5055408,2.114431,-4.101033,-0.5479307,-0.5479308,-0.55238223,-0.6425486,-0.6572106,-0.64030874,1.4925122,-0.47399879,0.51554614,0.5155488,1.1062195,-0.08568282,1.0162325,-1.3040453,-0.65346277,-2.813617,-3.9864156,-3.9864154,-1.6952163,-1.8038853,-3.3808866,-1.9766194,-2.483482,-3.6510484,-4.254542,-4.254542,-4.198053,-4.361244,-4.2056656,-3.928299,1.883572,0.8578503,1.1480236,1.1480236,1.1707127,1.5658379,0.9690247,0.2391881,0.31591433,-4.1027026,-1.284364,-1.2843645,-1.4441488,1.5623266,-1.614276,-1.3547443,2.5773754,1.3386726,1.5136695,1.5136695,2.1823237,1.8310356,1.9830021,1.0269881
C(Cl)Cl,-1.31,-0.90993154,-1.6027404,-0.9390719,-0.93907183,-1.0139165,-0.967,-1.1720717,-1.5315512,-1.2349303,-1.8738762,-1.1147555,-1.1147556,-1.1139443,-0.8149881,-1.1146417,0.90965897,-1.4501245,-1.6037279,-1.144094,-1.1440939,-1.1377951,-1.117548,-1.1516936,-2.1964576,-1.2760199,-3.490037,-2.039235,-2.039231,-1.9324481,-2.408167,-1.6850083,-3.4205675,-0.5976121,-1.1756896,-0.7506236,-0.7506233,-1.1487405,-0.41092986,-0.96440285,-1.4790677,-0.73008573,-2.540965,-2.1408927,-2.1408927,-2.1304018,-2.249585,-2.1031368,-1.4549599,-1.5955861,-2.4480534,-0.97749,-0.9774891,-1.0516156,0.09679971,-1.05907,-1.0638652,-0.95448,-2.2540824,-0.25279805,-0.25279802,-0.26509374,-0.75927216,-0.26719755,0.73950857,-0.2083737,-0.68916047,-0.6370879,-0.6370879,-0.6425014,-0.4404379,-0.60141647,-1.9027874
c1cc(c(c(c1)Cl)c2c(cccc2Cl)Cl)Cl,-2.28,-3.2754047,-4.749603,-5.391707,-5.391707,-5.1754622,-6.34031,-5.1765747,-3.9156468,-2.2892067,-5.2118583,-5.56984,-5.569839,-5.5769315,-5.311275,-5.5944424,-6.0399966,-2.329925,-4.78004,-3.069602,-3.0696015,-3.0527697,-3.8458626,-2.9894667,-1.8281883,-2.0401196,-2.6706748,-2.0022147,-2.002214,-2.0006592,-2.9351733,-1.8450844,-2.7535882,-2.8053854,-0.59479016,-2.5324614,-2.532462,-2.596966,-1.9923986,-1.041218,-2.1524563,-4.440255,-4.7047396,-5.6248517,-5.624852,-5.596986,-5.6973486,-5.381484,-5.445019,-2.9010544,-2.8755755,-2.7727532,-2.772752,-2.7987227,-2.4629042,-3.0719728,-2.5627425,-2.1652484,-5.52331,-2.2654183,-2.2654183,-2.5236042,-1.3368931,-2.7376332,-3.1497118,-2.179442,-2.1716008,-2.0885491,-2.0885494,-2.072235,-2.1243875,-2.101061,-1.9226682
CCOC(C)OCC,-3.28,-3.4689755,-4.256687,-4.57077,-4.57077,-4.509634,-4.754065,-4.4074755,-4.878068,-3.0120022,-3.9188895,-4.2081456,-4.2081456,-4.2093596,-3.6417532,-4.2121153,-3.5772717,-3.0484915,-4.8855796,-2.4956832,-2.495683,-2.500593,-2.583895,-2.4397376,-2.160812,-2.428672,-4.072503,-3.3744175,-3.374415,-3.7421017,-4.6335473,-3.4906201,-4.202293,-3.399484,-5.024564,-5.597436,-5.5974364,-4.6397004,-5.22083,-5.0410843,-5.581614,-4.943438,-4.0761704,-4.8890147,-4.8890147,-4.7884483,-5.1654305,-5.039686,-5.4635143,-5.39421,-5.0267277,-4.9415092,-4.9415083,-4.903633,-3.6273713,-4.861569,-4.2869387,-2.2400177,-4.8238153,-2.6510866,-2.6510863,-2.9095232,-3.1977463,-2.975283,-2.1165,-3.213656,-3.3955007,-3.6802857,-3.6802857,-3.5335107,-3.453951,-3.2457695,-3.3371534
c1ccc(cc1)CCl,-1.93,-1.8245118,-4.5774884,-4.8465724,-4.8465724,-4.7784023,-5.1500654,-4.820502,-5.5497975,-2.1635294,-4.099782,-4.646708,-4.6467085,-4.647694,-4.843967,-4.642662,-4.133442,-2.083505,-3.8725147,-4.4899406,-4.489941,-4.5057974,-4.91248,-4.4248424,-3.0501587,-3.064436,-5.2556043,-3.8940089,-3.8940072,-3.688826,-4.3704705,-3.603024,-5.332614,-1.0078583,-2.9466558,-3.309927,-3.309927,-1.9067596,-2.1190193,-2.9048302,-2.7268798,-2.871125,-3.7282848,-4.3395495,-4.3395495,-4.297482,-4.485315,-4.227378,-4.0482464,-1.5208852,-1.0644172,-1.7634624,-1.7634618,-1.6845822,-1.6557846,-1.6731812,-1.3622662,-2.3819923,-4.2839923,-1.2049872,-1.2049872,-1.4591675,-2.3099945,-1.57332,-2.6467779,-1.4930891,-1.4398458,-1.3940138,-1.3940139,-1.3375998,-1.299559,-1.3640668,-1.5880207
c1cc2ccc3cccc4c3c2c(c1)cc4,-4.52,-5.23326,-6.560875,-6.325825,-6.3258257,-6.3825426,-6.4992714,-6.400683,-6.5925155,-4.2542944,-4.856328,-5.292363,-5.292363,-5.2985287,-5.1086392,-5.3123956,-5.2839723,-4.407914,-5.6867623,-6.1875176,-6.1875176,-6.2051225,-6.635174,-6.1445827,-3.2459447,-4.1665754,-3.4209101,-2.9740582,-2.9740584,-2.8595665,-2.7926693,-2.4765887,-3.4287267,-3.0238204,-2.8004968,-3.4306324,-3.4306312,-3.1888645,-2.962902,-2.528407,-3.264144,-4.9796524,-4.599636,-5.703625,-5.7036257,-5.652316,-5.8718257,-5.474736,-5.800603,-3.2622247,-2.1417456,-2.9698987,-2.969899,-3.4639266,-3.7995112,-3.666012,-1.0827459,-4.6562243,-4.2584314,-5.950567,-5.9505663,-5.9089217,-3.9018211,-5.9906654,-5.1336217,-4.499903,-4.434537,-4.459923,-4.4599223,-4.435928,-4.333044,-4.447454,-4.2364945
CCCCCCCCl,0.29,-1.2525603,-3.3732793,-3.291852,-3.2918522,-3.3583286,-3.3047388,-3.1562378,-3.5582786,0.25795966,-4.0250583,-4.4067063,-4.406707,-4.401562,-3.735942,-4.3908944,-2.421567,0.6869968,-4.339341,-0.6645355,-0.6645354,-0.65987265,-0.92258614,-0.59415376,-0.36709952,0.5341285,-0.1535344,0.22656062,0.22656277,0.566448,-0.39885822,0.4204603,-1.6075894,-1.5318346,-3.3655305,-3.0093882,-3.0093884,-1.4579997,-2.2930136,-3.2836914,-2.6872115,-2.3682184,-4.6381736,-4.6144667,-4.6144667,-4.7143087,-3.8389547,-4.3890777,-0.51313263,-0.3594582,-1.0670819,-0.2879309,-0.2879308,-0.16178021,0.69187075,-0.21182428,-0.70710546,0.9856712,-4.7722106,-1.0634724,-1.0634724,-1.1404763,1.0381399,-0.97704196,-2.0892463,0.36682436,0.42320698,0.16013686,0.16013676,0.2315177,0.18077603,0.79526305,0.255411
CC(C)O,-4.74,-1.7763258,-3.3543472,-2.6525812,-2.6525815,-2.726274,-2.3551362,-2.7788253,-2.0985274,-4.057002,-3.0144525,-3.6008654,-3.6008651,-3.5995765,-3.716669,-3.5923107,-2.632991,-4.978999,-3.504143,-4.2522407,-4.25224,-4.2681794,-4.573842,-4.3287945,-4.2422857,-4.5039234,-5.611114,-4.4055023,-4.4054976,-4.1508207,-4.133818,-3.6393566,-6.019208,-5.0420732,-3.147702,-4.117044,-4.117044,-4.257864,-4.6814647,-3.2778597,-5.1216874,-2.3490338,-2.8225467,-2.751618,-2.751618,-2.7226675,-2.7701871,-2.7350464,-2.05581,-4.674569,-4.3298473,-4.6833334,-4.6833344,-4.598097,-3.7780585,-4.68354,-4.074294,-5.6282363,-3.9826107,-4.2563243,-4.256325,-4.279262,-4.9505672,-4.406717,-3.7094483,-4.9187126,-5.1484914,-4.974687,-4.974687,-4.9883204,-5.045479,-4.9174547,-4.863383
c1cc(ccc1Br)Br,-2.3,-2.8620696,-4.9092484,-3.9539618,-3.9539616,-4.0710993,-3.9149263,-4.493643,-3.690027,-2.0646806,-4.0208206,-4.331494,-4.331494,-4.331668,-3.8833609,-4.326244,-3.727608,-2.5011518,-3.8013592,-2.8687415,-2.8687418,-2.8821084,-2.599221,-2.9904501,-1.9131637,-1.1147436,-2.780538,-2.2176504,-2.2176476,-2.1367092,-3.4891834,-2.0905309,-3.4001226,-1.2218504,-0.96621937,-2.1422358,-2.1422358,-1.3721735,-0.69851255,-1.3956481,-0.9408398,-5.0252166,-4.002657,-4.7336917,-4.7336917,-4.7170267,-4.89428,-4.860299,-4.6860147,-0.4445734,0.040581815,0.20390257,0.20390332,0.1374263,0.24703139,-0.04598461,-0.183373,-4.016784,-3.3485768,-1.7784785,-1.7784789,-1.8145812,-2.2089462,-1.7488103,-2.3043425,-1.5972804,-1.6116253,-1.4776936,-1.4776936,-1.3977907,-1.5565923,-1.495101,-1.0454742
C1CCC(CC1)N,-4.59,-2.8039265,-3.4412258,-3.358635,-3.358635,-3.3165102,-3.4196622,-3.158605,-3.4284303,-4.072694,-3.726685,-4.402221,-4.402221,-4.4023075,-4.5424848,-4.3961678,-2.074415,-3.7332916,-5.0195055,-2.3991113,-2.3991115,-2.434618,-2.585982,-1.6368504,-3.1178064,-3.9569404,-3.9860454,-3.4298239,-3.4298215,-3.6756096,-3.9276865,-3.105701,-4.419386,-4.302566,-3.6001232,-4.196425,-4.1964254,-4.060152,-4.220141,-3.5520818,-5.067933,-3.2613804,-3.5722091,-4.1663737,-4.1663733,-4.130707,-4.244233,-4.1474347,-4.4791994,-4.0907855,-3.7508297,-4.284975,-4.284975,-4.35086,-3.8466249,-4.398923,-4.092416,-5.5046034,-4.2180734,-2.031418,-2.0314183,-2.164697,-3.5669327,-2.2985346,-1.4637496,-4.647161,-4.428652,-4.5108294,-4.5108294,-4.4598966,-4.504053,-4.5135717,-4.522974
CC(=O)C(C)(C)C,-3.11,-3.0733533,-2.2603652,-2.0460014,-2.0460014,-1.8027619,-2.0924797,-1.6999964,-2.9071274,-3.6024463,-3.972707,-4.7234473,-4.723448,-4.7237444,-5.2507787,-4.716926,-3.7686453,-3.9608483,-4.163939,-1.9031018,-1.9031016,-1.9201949,-2.3649824,-1.5694187,-1.7628292,-2.522636,-1.4678193,-1.3470111,-1.347009,-1.659376,-1.728137,-1.5620263,-2.2963958,-0.7789234,-3.275222,-2.2164066,-2.2164063,-0.9399076,-0.9435193,-2.7737849,-1.2932444,-0.7839743,-3.3166134,-3.7162855,-3.7162857,-3.6716297,-3.8115356,-3.6685984,-2.6891484,-3.7805111,-3.5160198,-3.9229853,-3.9229858,-3.9667237,-3.2100475,-3.994767,-3.7783527,-4.7699327,-4.283918,-2.5859196,-2.5859196,-2.7313168,-3.0437841,-2.9129512,-2.9564364,-3.3394608,-3.3409648,-3.2681315,-3.2681317,-3.2025807,-3.3832185,-3.1745906,-2.7599516
CC(C)C,2.3,0.0938895,-3.4931858,-2.7700882,-2.7700884,-2.7762284,-2.3564193,-2.8350458,-2.1992898,2.5385742,-3.1876311,-3.9147675,-3.9147675,-3.9138148,-4.0826144,-3.9065387,-2.205054,2.1747704,-3.342688,-2.3821054,-2.3821054,-2.3862965,-2.5588758,-2.3832097,-1.0123262,1.7813812,-0.2283235,0.3713098,0.37130994,0.47481385,-0.37909567,0.55644524,-1.5294068,1.5739527,-4.4098463,-3.6634853,-3.6634853,-2.5243042,-2.870883,-4.30523,-2.9857965,-1.4683915,-2.8561234,-2.8361154,-2.8361154,-2.8038964,-2.8187785,-2.821665,-2.0289967,2.6072307,1.6512227,1.4425124,1.4425123,1.5321724,1.6838856,1.4538451,0.5819232,0.6697334,-3.5280612,-1.4107946,-1.4107947,-1.4621357,2.140222,-1.4751135,-1.8740185,-0.2083737,-0.68916047,-0.6370879,-0.6370879,-0.6425014,-0.4404379,-0.60141647,-1.9027874
CC(C)(C)C(=O)OC,-2.4,-1.3319063,-2.7182825,-2.7185152,-2.718515,-2.4879572,-2.8085482,-2.3717995,-3.2082863,-4.3237243,-4.150742,-4.787816,-4.787816,-4.790449,-4.821978,-4.789884,-3.4224076,-2.8909996,-4.5203457,-4.755611,-4.755611,-4.795899,-5.2049866,-4.9772043,-3.2048976,-2.0452714,-0.7443121,-1.1558533,-1.1558529,-0.9361269,-1.326228,-0.98162144,-1.9986715,-2.7220955,-3.0112555,-3.5525377,-3.5525374,-3.6233444,-3.8394275,-2.9721873,-4.123939,-2.9518456,-4.034778,-3.7225533,-3.7225533,-3.8079126,-3.3987448,-3.4667766,-2.1420736,-4.0839653,-5.1812325,-4.884527,-4.8845277,-4.8389587,-3.0591507,-4.7228484,-4.120465,-3.5939865,-4.3220606,-3.0429375,-3.0429375,-3.100746,-2.305221,-3.1939785,-3.1609235,-3.0249574,-2.7153144,-2.6098704,-2.6098702,-2.645554,-2.6830385,-2.456831,-2.5104492
c1cc(ccc1O)Cl,-7.03,-6.5816445,-5.0214705,-5.043566,-5.0435667,-5.0627384,-5.2681055,-5.2232924,-5.6157665,-5.8698845,-4.0942173,-4.7555103,-4.755511,-4.7558527,-5.1944566,-4.7493505,-4.940863,-7.1759415,-3.7496295,-4.881084,-4.881084,-4.9091563,-5.3471594,-4.90988,-7.032352,-5.729879,-7.7452097,-6.421197,-6.421197,-6.397103,-6.9140987,-6.0759654,-7.4837565,-5.4463897,-5.6301556,-7.2953057,-7.2953057,-6.761531,-7.4407825,-5.8447604,-7.9573207,-5.812076,-4.1014376,-4.7737784,-4.773778,-4.7926693,-4.63762,-4.5565596,-6.428573,-7.4322367,-4.742343,-5.9318686,-5.9318695,-5.847925,-4.8283033,-5.934347,-4.9398327,-6.547521,-3.9173212,-6.6345983,-6.6345987,-6.6441402,-5.3780584,-6.7434893,-6.3456693,-6.9608283,-6.813337,-6.799096,-6.799096,-6.7647376,-6.749233,-6.7759542,-6.6614723
C(=C(Cl)Cl)(Cl)Cl,0.1,-0.47085285,-6.2629805,-5.5403304,-5.5403304,-5.6526423,-5.4179497,-5.736887,-5.45256,-0.3962703,-3.3150434,-2.9842186,-2.9842184,-2.9842396,-0.18343899,-2.9824617,1.6582441,-0.17833534,-1.7783278,-0.88660187,-0.88660175,-0.8859281,-0.37797222,-0.97267437,0.13575043,0.3842036,-0.7548442,0.055767868,0.055769105,0.17642751,-0.14110978,0.0023712255,-1.0361851,-0.1835998,-1.406943,-0.63202643,-0.63202554,-0.5064612,0.89202714,-1.1667542,-0.7979686,-0.10195593,-3.2095048,-3.5593705,-3.5593705,-3.5294967,-3.7149806,-3.454178,-2.7101798,-0.75998056,0.923634,0.4225912,0.4225914,0.552136,0.535437,0.40792698,0.08724336,-0.04041102,-2.607249,-0.91864663,-0.91864663,-0.9211037,0.0336504,-0.9187574,-0.9768009,0.2994097,-0.48184854,-0.52196366,-0.52196366,-0.5183628,-0.48242426,-0.45295155,-0.20485458
Cc1ccncc1C,-5.22,-2.9680552,-5.312975,-5.199231,-5.199231,-5.245809,-5.1282954,-5.2620482,-4.9411707,-2.3982985,-4.0878997,-4.6488576,-4.6488576,-4.6501346,-4.931415,-4.645752,-3.7259088,-3.960114,-4.0420656,-2.401459,-2.4014585,-2.417144,-2.6650186,-2.5532646,-3.215282,-4.769037,-5.6276317,-4.8388295,-4.838825,-4.7926054,-4.8487015,-4.444991,-7.1131163,-5.4280114,-6.5234632,-6.561466,-6.561466,-5.308667,-5.9362516,-6.6907973,-6.6588955,-3.848285,-3.5606005,-4.1726937,-4.1726937,-4.125211,-4.3276157,-4.0981193,-3.9681304,-4.3527884,-3.4243667,-4.436286,-4.436286,-4.5800495,-4.2732654,-4.571646,-4.434691,-5.5016236,-4.303318,-2.4643128,-2.4643123,-2.694214,-2.6554227,-2.9435723,-3.2442188,-5.2333527,-5.494811,-5.4472404,-5.4472394,-5.4315033,-5.4710956,-5.3993177,-5.360768
Cc1cc(ccc1Cl)O,-6.79,-7.69959,-5.344798,-5.6925087,-5.692509,-5.6676674,-5.893027,-5.6750145,-6.7997932,-7.8235154,-4.3896284,-5.0194974,-5.019498,-5.021266,-5.3895316,-5.017693,-5.135112,-6.8557806,-4.125737,-4.365544,-4.3655434,-4.382401,-4.8981695,-4.4435263,-6.2311993,-6.6837873,-8.166381,-6.772208,-6.7722054,-6.654535,-6.663493,-6.258896,-8.975543,-4.577145,-6.5062275,-7.2317643,-7.2317643,-5.47988,-6.275008,-6.505656,-7.4017386,-5.852562,-3.8722193,-4.7586026,-4.7586026,-4.7058697,-4.924771,-4.5797405,-5.349826,-7.152617,-4.353531,-5.5174446,-5.5174446,-5.446011,-4.543249,-5.5333443,-4.349968,-6.2760606,-4.7135777,-5.0408278,-5.0408278,-5.2157965,-5.6417418,-5.361855,-6.085865,-6.9327,-6.79323,-6.7594485,-6.759448,-6.750513,-6.7174597,-6.665851,-6.8204174
c1cc(cc(c1)O)C=O,-9.52,-7.711558,-5.5353007,-5.857777,-5.857777,-5.844579,-6.0900636,-5.8729625,-6.817376,-8.717101,-4.392952,-5.0457873,-5.045788,-5.04731,-5.7325773,-5.0432324,-6.3354673,-9.292269,-4.3046904,-7.172125,-7.1721253,-7.2098823,-7.7806873,-7.2189417,-8.076506,-8.756411,-10.167643,-8.896897,-8.896894,-8.878488,-9.100788,-8.494117,-10.464601,-7.4105463,-6.4983788,-8.347381,-8.34738,-8.253061,-8.915685,-6.691609,-9.207011,-5.8663845,-3.9278781,-4.7441187,-4.7441187,-4.696112,-4.8990803,-4.6859674,-5.091551,-8.137557,-5.829551,-6.423725,-6.423724,-6.402366,-6.069987,-6.383107,-6.5215044,-9.005116,-4.2531867,-8.458921,-8.458923,-8.432431,-7.791213,-8.549001,-9.090706,-9.926417,-9.842307,-9.823338,-9.823338,-9.724545,-9.854053,-9.872665,-9.909472
CN(C)c1ccccc1,-3.45,-3.945444,-4.8420863,-5.2384734,-5.2384734,-5.1857824,-5.415195,-5.1632895,-5.8494315,-3.6679006,-4.2340684,-4.6953654,-4.6953654,-4.699153,-4.5764184,-4.7033086,-3.8926437,-4.072934,-4.727986,-3.5608947,-3.5608945,-3.5740936,-3.998631,-3.7780328,-4.3090158,-2.6973205,-4.7071996,-4.1800566,-4.1800528,-4.0364265,-4.7531853,-3.9328027,-6.2986155,-3.354889,-3.6872537,-3.9580405,-3.9580407,-3.1686742,-3.6560545,-3.2515304,-4.044069,-3.3675869,-3.9661114,-4.3567133,-4.3567133,-4.3323083,-4.5277743,-4.3496103,-4.5238776,-4.32212,-4.2606473,-4.385624,-4.3856244,-4.47945,-3.9112084,-4.5282235,-4.4135647,-2.757647,-4.5265636,-3.166908,-3.1669087,-3.3307164,-1.246512,-3.5432563,-3.3048913,-1.0922337,-1.0682288,-1.0808761,-1.0808761,-1.0482893,-0.953524,-1.1049818,-0.9342578
CCCc1ccc(c(c1)OC)O,-5.26,-3.8693109,-4.8825555,-5.4376526,-5.4376526,-5.377554,-5.7289224,-5.159295,-6.878431,-7.3191786,-4.65802,-5.0970874,-5.0970883,-5.0998087,-4.869366,-5.1101956,-5.4632006,-4.4951224,-5.6467814,-5.238343,-5.2383423,-5.207145,-5.7226057,-5.4202967,-5.4154954,-5.5304503,-6.3798556,-6.092411,-6.0924087,-5.8946676,-5.7545195,-5.7605605,-7.5759554,-5.8783393,-6.120549,-7.3540816,-7.3540816,-6.8869576,-7.812335,-6.2357087,-8.257559,-5.2207155,-4.659651,-5.3347597,-5.3347597,-5.192133,-5.601901,-5.5880694,-6.4037476,-7.7606215,-5.3183093,-5.7792315,-5.7792306,-5.7602468,-5.2364335,-5.6859136,-5.1538653,-7.0853987,-5.499724,-5.24786,-5.2478614,-5.5120335,-6.452754,-5.777682,-5.1072555,-5.343091,-5.2986555,-5.299415,-5.299415,-5.256932,-5.283494,-5.244546,-5.202693
c1ccc(cc1)CCCO,-6.92,-3.9143271,-3.860278,-3.8517756,-3.8517756,-3.830611,-3.883811,-4.03774,-4.2231135,-4.409321,-4.3053193,-4.7222342,-4.7222342,-4.727084,-4.352158,-4.738683,-3.7039583,-6.607413,-5.20451,-4.6566353,-4.6566353,-4.6331744,-4.959264,-4.6696167,-5.650008,-5.8692408,-6.496799,-5.636716,-5.636712,-5.6419296,-6.017515,-5.568226,-6.658751,-4.121281,-3.7855976,-4.148163,-4.148164,-3.1958873,-3.9302502,-3.567089,-3.106473,-4.0406494,-4.607257,-5.066722,-5.066722,-5.0463457,-4.8661413,-5.004189,-4.397283,-5.3539114,-4.6599627,-5.484005,-5.4840045,-5.362896,-4.9125843,-5.402196,-5.4248195,-6.9210234,-5.080402,-4.2551837,-4.255184,-4.287085,-6.3469205,-4.679301,-3.570265,-7.06613,-6.9653625,-6.922466,-6.9224653,-6.8710623,-6.866807,-6.926131,-6.892972
CC(Cl)(Cl)Cl,-0.19,0.89038503,-2.415479,-1.7749219,-1.7749218,-1.6435431,-1.6052988,-1.6870015,-2.70291,-0.79664546,-2.6553917,-2.7611878,-2.761188,-2.7604501,-2.0990212,-2.7578504,-0.35109058,-0.34354004,-2.1718774,-1.2432859,-1.2432859,-1.234348,-0.76728976,-1.3179119,-0.4336838,-0.12209445,-1.3900061,-1.0482979,-1.0482957,-0.95528686,-1.4949204,-0.8077616,-2.3539271,-0.013900951,-2.1148825,-0.8240722,-0.8240722,0.54339015,0.42631608,-1.5424768,-1.2784193,-0.62871945,-2.7825062,-2.6153815,-2.6153817,-2.5881944,-2.7145917,-2.6672618,-1.5969532,0.10076149,0.803081,-0.6851924,-0.6851919,-0.7043527,-1.3655157,-0.7842092,-0.0922705,-0.2593428,-2.7882907,-0.23085086,-0.23085082,-0.24546517,-1.5620507,-0.23890203,-0.77305895,0.7603643,0.14971958,0.1129397,0.112939715,0.09469499,0.30785182,0.22503848,0.15620816
CCc1ccc(cc1)O,-6.13,-5.3105345,-3.9107013,-4.008362,-4.008362,-3.9359925,-4.1434627,-4.012638,-4.462531,-5.9314265,-4.211974,-4.658326,-4.6583266,-4.6621637,-4.5588675,-4.667661,-3.8410842,-5.7142453,-4.4828997,-4.4438043,-4.4438033,-4.4615397,-4.97445,-4.5754166,-5.650251,-6.013697,-5.69704,-4.8473473,-4.8473434,-4.74674,-5.244452,-4.5803614,-6.0444407,-5.8073378,-4.2868176,-5.270476,-5.270477,-4.292165,-5.2431817,-4.338315,-4.144514,-4.309487,-4.2453113,-4.224831,-4.2248306,-4.262433,-4.1668444,-4.22034,-4.1288824,-6.814377,-4.114169,-5.3197546,-5.319754,-5.272992,-4.53989,-5.344157,-4.0696664,-7.5671897,-4.886534,-4.1353188,-4.1353197,-4.385345,-5.860071,-4.6369042,-3.5432427,-6.2647095,-6.2158546,-6.233376,-6.233377,-6.1668844,-6.0442657,-6.213819,-6.0229306
COC(C(Cl)Cl)(F)F,-1.12,-2.6946654,-3.818137,-3.8858275,-3.8858273,-3.8080313,-4.157908,-3.7573123,-4.939947,-3.229281,-4.1578274,-4.624872,-4.6248717,-4.622869,-5.29837,-4.6153,-5.986732,-1.444063,-3.727602,-4.707197,-4.7071967,-4.6560464,-4.823016,-4.9826355,-1.7967869,-2.262692,-4.255196,-2.9828389,-2.9828358,-2.6484396,-3.4427373,-2.3791409,-4.335336,-3.5943527,-2.719861,-3.094309,-3.094309,-2.072986,-2.8126733,-2.8238795,-4.602791,-3.9267662,-3.501889,-3.91894,-3.91894,-3.869713,-4.1136026,-3.951082,-4.2529173,-2.2355905,-5.7111464,-3.4875863,-3.4875858,-3.214782,-0.73267025,-3.2439935,-4.508962,-1.2575829,-4.9360766,-1.6749686,-1.674969,-1.8070447,-1.555354,-1.9777015,-4.1081314,-1.7444938,-1.2064086,-1.4329405,-1.4329407,-1.367645,-1.2051727,-1.0974568,-2.085628
COc1ccc(cc1)C(=O)OC,-5.33,-7.128123,-5.0342846,-4.9646697,-4.964669,-4.982848,-5.011461,-5.19436,-5.979746,-7.111046,-5.5888996,-5.8575387,-5.8575387,-5.8632245,-6.3382955,-5.8687086,-6.73736,-5.3793583,-5.3654823,-7.5941615,-7.594162,-7.5993176,-8.00681,-7.847598,-6.4644885,-6.7439523,-8.267251,-7.809842,-7.8098397,-7.974153,-8.282827,-7.4734054,-10.120074,-7.1072097,-5.384878,-6.0627675,-6.062767,-4.542773,-4.854513,-5.601449,-5.690125,-2.942555,-5.398582,-5.706799,-5.7067986,-5.7686157,-5.1576786,-5.4335527,0.29077142,-7.1266227,-6.930825,-7.17735,-7.177349,-7.318722,-7.209538,-7.2889566,-6.875505,-7.8122244,-4.971183,-5.1026506,-5.1026506,-5.216581,-8.116281,-5.4396935,-7.6632447,-5.45434,-5.286028,-5.264897,-5.2648973,-5.20778,-5.2368546,-5.248996,-5.308289
C1CCNCC1,-5.11,-1.8620799,-3.4180353,-2.709587,-2.7095866,-2.7835855,-2.3616562,-2.8339825,-2.092389,-3.50811,-3.3862581,-4.0375204,-4.0375204,-4.0369277,-4.1392303,-4.029848,-1.9808748,-5.094872,-4.489444,-3.1702013,-3.170201,-3.1479821,-3.2964516,-3.1815987,-3.2257533,-3.9406095,-3.8360882,-3.537735,-3.5377326,-3.381757,-3.5875866,-3.0753868,-5.1974483,-3.603331,-2.4514832,-2.6542995,-2.6542993,-3.021506,-3.7704244,-2.6610026,-2.280154,-3.8926613,-3.3246784,-3.9352713,-3.935271,-3.8948865,-3.9935753,-3.917072,-4.3500996,-4.001073,-3.7214973,-3.9660866,-3.9660861,-3.9694068,-3.3729079,-3.9972608,-3.7648132,-4.198408,-3.8275094,-1.3245447,-1.324545,-1.4319837,-2.798439,-1.4867796,-1.1975061,-5.1634464,-5.1158133,-5.149486,-5.149486,-5.095087,-5.14289,-5.1287365,-5.082663
C,2.0,2.2392516,-0.55051273,-0.57260615,-0.57260615,-0.49968448,0.010676655,-0.5384339,0.54161793,1.9468126,-1.5157565,-0.96080196,-0.9608021,-0.960272,-0.97306913,-0.96028507,-3.8336036,1.7184156,-1.6859664,-1.42013,-1.42013,-1.4154829,-1.5709479,-1.4204321,-3.025612,1.197778,-0.9736049,-0.2482537,-0.2482496,-0.21423867,-0.9209091,-0.007811036,-1.9226714,2.0011091,-2.1366994,-0.6994697,-0.69946975,0.042720642,-0.059027407,-1.5040798,-2.3307514,-0.712526,-1.9721695,-0.9427302,-0.9427301,-0.943216,-1.0614666,-0.94156045,-3.09642,0.71067625,1.8501393,0.9933534,0.99335366,1.0868332,0.94844013,0.9184328,0.5832402,1.9134176,-1.8097987,-0.41671184,-0.41671187,-0.41988757,1.5802735,-0.41853374,-0.94898456,-0.2083737,-0.68916047,-0.6370879,-0.6370879,-0.6425014,-0.4404379,-0.60141647,-1.9027874
CC(C)CO,-4.5,-3.848296,-3.177541,-3.0276637,-3.0276637,-2.9790874,-3.1463437,-2.832784,-3.1388428,-3.8376365,-3.4894018,-4.2226787,-4.222678,-4.2213793,-4.5904474,-4.2132998,-3.12504,-4.5146055,-4.1229525,-4.4300933,-4.430093,-4.4644756,-4.806009,-4.6615157,-4.307263,-4.221449,-4.666675,-3.7683017,-3.768298,-3.5338426,-3.4345627,-3.0839858,-4.8903084,-4.5798464,-3.9773211,-4.3722296,-4.3722296,-3.7620742,-3.9783967,-4.016544,-4.2776365,-2.5988533,-3.0898945,-3.2791471,-3.279147,-3.2392087,-3.370769,-3.3427708,-2.4123065,-4.7014556,-4.1304045,-4.476722,-4.476722,-4.410657,-3.621226,-4.499029,-4.000966,-5.734059,-4.181077,-3.577647,-3.5776474,-3.648956,-3.8642778,-3.785672,-3.2636416,-4.847312,-4.9123898,-4.8070283,-4.8070283,-4.8014145,-4.859911,-4.852034,-4.4566307
Cc1ccccc1O,-5.9,-4.814329,-5.612414,-5.4473963,-5.4473963,-5.502207,-5.406034,-5.533143,-5.343933,-5.7032943,-4.117021,-4.7291694,-4.7291694,-4.7302833,-5.070868,-4.7258067,-4.115393,-5.827544,-4.1230316,-5.187506,-5.1875067,-5.1875215,-5.7999,-5.174451,-5.8705945,-6.0649767,-7.936856,-6.916382,-6.916379,-6.8521724,-7.022949,-6.3031225,-9.025573,-4.6060443,-6.6381955,-6.799048,-6.799048,-5.906423,-6.2747703,-6.5500064,-6.681688,-4.386109,-3.68579,-4.3804975,-4.380498,-4.3366923,-4.4985037,-4.2262926,-4.4449563,-6.627637,-4.5050244,-5.3373437,-5.337344,-5.247834,-3.848031,-5.3155346,-4.0701733,-6.710974,-4.5487905,-4.8077183,-4.807719,-5.018549,-5.8601294,-5.224796,-5.1541,-6.0498223,-5.7895813,-5.817959,-5.8179603,-5.7692146,-5.727008,-5.7437305,-5.8262177
C(C(Cl)(Cl)Cl)(Cl)Cl,-1.23,-0.5532872,-2.987832,-2.8366761,-2.8366764,-2.6379874,-3.023502,-2.6016245,-4.156393,-1.3309554,-3.226294,-3.2524745,-3.2524745,-3.2522511,-0.8899341,-3.2498841,1.07718,-0.96705353,-1.9999717,-1.2257853,-1.2257854,-1.2235528,-0.7913752,-1.3000963,-0.53331774,-0.94388515,-2.612688,-1.9928999,-1.992898,-1.9144412,-2.4901793,-1.6212633,-3.3546283,-1.2513273,-1.5705396,-1.4394399,-1.4394398,-1.2544011,-1.1060241,-1.4821041,-1.6550393,-0.352552,-3.045984,-3.3158839,-3.3158836,-3.2782485,-3.3781526,-3.2491953,-2.0237396,-1.150044,-0.28260538,-0.93041766,-0.93041813,-0.7085216,-0.65574014,-0.52908975,-0.823078,-1.2696086,-2.6670246,-0.38003746,-0.3800373,-0.37590522,-1.3009177,-0.30753,0.5299262,0.2994097,-0.48184854,-0.52196366,-0.52196366,-0.5183628,-0.48242426,-0.45295155,-0.20485458
CC#C,-0.48,-0.31100821,-1.767003,-1.6113281,-1.6113281,-1.7604123,-2.424855,-2.0266552,-2.5458412,-1.3133895,-2.769823,-2.981477,-2.981477,-2.980598,-2.982927,-2.9761002,-4.3304815,-0.8570794,-2.3787484,-2.6054597,-2.6054597,-2.6051762,-2.7069752,-2.6229777,-3.3445866,-1.2544956,-3.7681675,-2.8800097,-2.8800075,-2.843697,-3.075907,-2.3551931,-4.2590938,-1.7524736,-2.2011807,-1.5963206,-1.5963213,-1.0273831,-0.86333054,-2.322864,-1.1728436,-2.213573,-3.2628253,-2.5924096,-2.5924096,-2.654972,-2.8000805,-3.0571902,-1.498752,-1.3161392,-1.4561332,-2.019993,-2.0199928,-1.9581791,-1.8769495,-1.9940901,-0.48483604,-1.7312994,-3.3052623,-2.7138295,-2.7138302,-2.729314,-0.39931953,-2.7710454,-2.9615223,-0.4455503,-0.51670295,-0.5565662,-0.5565663,-0.50931567,-0.5216512,-0.5311105,1.3097653
CC(F)F,-0.11,1.060646,-2.7042992,-1.7231071,-1.7231071,-1.7134758,-1.0751038,-1.8020043,-1.1351835,-1.1998,-2.4975562,-2.6424167,-2.6424167,-2.6418195,-2.6051402,-2.6392424,-1.9706111,-0.3739932,-2.8633442,-3.35251,-3.35251,-3.352164,-3.2862194,-3.3990707,-1.9675412,-0.8919651,-3.439996,-2.6524374,-2.6524367,-2.5569668,-3.290568,-2.2971017,-4.8378515,-0.47315717,-1.7953473,-2.3299344,-2.3299348,-2.643551,-3.1192415,-1.7718675,-2.5077026,-0.6914812,-2.5874298,-2.243463,-2.243463,-2.229995,-2.311738,-2.2176175,-1.7449818,-1.5562956,-7.693572,-4.769069,-4.7690687,-4.90524,-2.5483825,-5.696143,-0.6119567,-0.26690593,-3.8261497,-1.5993859,-1.5993857,-1.6933122,-3.2445774,-1.848289,-3.6842914,-0.2083737,-0.68916047,-0.6370879,-0.6370879,-0.6425014,-0.4404379,-0.60141647,-1.9027874
CN(C)C(=O)Nc1ccccc1,-9.13,-8.24728,-4.4477763,-4.6370907,-4.6370907,-4.5833216,-4.725876,-4.714714,-5.7809725,-7.705243,-4.6376295,-5.202863,-5.2028627,-5.2092752,-4.725001,-5.2314234,-4.424071,-8.875903,-5.5298157,-6.082211,-6.0822105,-6.1010957,-6.6949716,-6.2020025,-6.9329367,-9.16115,-10.270499,-8.804979,-8.8049755,-8.751199,-8.904764,-8.789585,-12.290417,-8.687979,-4.7052064,-5.483312,-5.483313,-5.066031,-5.973405,-4.7492566,-5.336018,-6.355093,-4.866664,-5.025491,-5.025491,-5.076499,-4.9932294,-5.111731,-6.667189,-8.26421,-7.3998904,-7.574648,-7.574649,-7.7819986,-6.2349668,-7.583604,-7.216364,-8.130541,-5.5320725,-5.7142487,-5.7142487,-6.01145,-6.2391725,-6.269814,-5.8951554,-9.305677,-9.0506315,-9.140427,-9.140427,-9.097076,-9.09738,-9.140232,-9.088122
c1cc(ccc1N)Cl,-5.9,-6.734339,-5.036099,-5.0717072,-5.0717077,-5.089199,-5.2959476,-5.245311,-5.6618996,-5.8896365,-4.1308103,-4.7741065,-4.7741065,-4.774903,-5.064694,-4.7692122,-4.059271,-6.163865,-3.866881,-4.6912875,-4.6912875,-4.710397,-5.384031,-4.67315,-6.6993117,-5.1607027,-7.116357,-5.8718677,-5.8718657,-5.8032813,-6.2492027,-5.601107,-7.225461,-4.445012,-3.2929304,-3.8319075,-3.8319077,-2.6974823,-3.3864133,-3.0940726,-3.665195,-5.494254,-4.105515,-4.6259036,-4.625903,-4.6530795,-4.439654,-4.375087,-6.039496,-6.3083506,-4.5643187,-4.980636,-4.9806366,-5.0190744,-4.8893795,-5.057304,-4.7869754,-7.2107,-3.7089753,-5.4339285,-5.433929,-5.4314165,-5.016514,-5.506893,-5.806733,-5.8740363,-5.9999943,-6.0113,-6.0112996,-5.963195,-5.9414234,-6.0176296,-5.7512016
c1cc(ccc1Cl)Cl,-1.01,-4.3982735,-4.9109306,-4.657905,-4.6579046,-4.7118387,-4.804425,-4.974021,-4.837812,-1.4760894,-4.051901,-4.6274886,-4.6274886,-4.627295,-4.8456187,-4.619994,-4.5598116,-1.2136875,-3.380148,-2.9119306,-2.9119306,-2.9303458,-2.9918554,-2.9842381,-2.418703,-0.7280728,-3.449441,-2.675872,-2.6758716,-2.5963361,-3.3563511,-2.5918064,-3.8647752,-1.1169574,-1.1924592,-2.782476,-2.7824755,-1.8562993,-1.459884,-1.6123815,-1.6733844,-5.2635746,-3.920736,-4.658362,-4.658362,-4.6390104,-4.8274736,-4.777644,-5.067719,-1.3199164,-0.79682636,-0.43737167,-0.43737125,-0.35613477,-0.30780292,-0.4933679,-0.64646924,-2.351181,-3.4923062,-3.677936,-3.677936,-3.7161915,-1.9885381,-3.7604516,-4.673678,-1.5972804,-1.6116253,-1.4776936,-1.4776936,-1.3977907,-1.5565923,-1.495101,-1.0454742
c1cc(ccc1C#N)O,-10.17,-7.1325607,-5.0675306,-5.1336217,-5.133622,-5.148368,-5.348465,-5.299468,-5.7182994,-9.430836,-4.390714,-5.050575,-5.050575,-5.0520115,-5.8016934,-5.048002,-6.504391,-9.550192,-4.033965,-7.3715086,-7.3715086,-7.4182916,-8.190915,-7.379816,-9.659525,-8.15025,-9.294152,-8.505699,-8.505696,-8.480016,-8.586379,-7.996818,-9.631614,-8.123804,-5.702288,-7.958337,-7.958337,-8.021388,-8.580783,-6.0707355,-8.3958025,-5.286826,-4.1977797,-4.6551037,-4.6551037,-4.6542134,-4.7659574,-4.9010057,-3.8777475,-7.723822,-5.1435738,-6.0899715,-6.0899715,-6.0312653,-5.3108687,-6.076283,-5.5772223,-10.806301,-4.371928,-8.783228,-8.783229,-8.785161,-7.530958,-8.949608,-8.530486,-9.926417,-9.842307,-9.823338,-9.823338,-9.724545,-9.854053,-9.872665,-9.909472
CCCC,2.1,-2.6391206,-2.6763663,-2.4089158,-2.4089158,-2.3190496,-2.5157952,-2.3066726,-2.6941788,1.0339639,-3.2226334,-3.7033565,-3.7033565,-3.702312,-3.7151666,-3.6963255,-2.5977082,1.6874098,-3.3832233,-1.8693781,-1.8693781,-1.877916,-1.9111267,-1.8966587,-0.954546,1.5496264,-0.4561568,0.07584701,0.07584853,0.3073921,-0.5687324,0.38303688,-1.8098242,1.1500542,-1.1183914,-1.207855,-1.2078549,0.4916775,1.0689553,-1.2698967,-0.6140139,-3.3955917,-3.3388975,-3.782915,-3.7829156,-3.754066,-3.8271322,-3.7140036,-3.8284733,2.6768813,1.7611274,1.9934726,1.9934728,2.142513,2.1325686,1.9552609,0.68608993,0.98923093,-3.619473,-1.1368121,-1.1368124,-1.2558951,1.6200739,-1.3165399,-1.480773,-0.13189681,-0.122803405,-0.20040385,-0.20040385,-0.21252108,-0.20546177,-0.20578924,1.1097605
CC(C)c1ccccc1,-0.3,-0.71696895,-3.3180273,-3.4212632,-3.4212632,-3.2465894,-3.5915334,-3.198728,-4.134401,-1.0830358,-4.1607275,-4.613681,-4.6136813,-4.6171756,-4.450971,-4.62057,-3.5533829,-0.46073264,-4.6934586,-2.455735,-2.4557347,-2.4763503,-2.6968277,-2.6017904,-0.6260178,-0.35693032,-2.477038,-2.2242901,-2.2242897,-2.0941381,-2.7343767,-2.0971656,-3.6217976,-0.06917085,-3.7035258,-2.9444408,-2.9444408,-0.6303376,-1.149536,-3.4073813,-1.9517128,-2.4808192,-3.907149,-3.9759653,-3.9759655,-3.9748409,-4.13299,-4.0920773,-3.648229,-1.1413786,0.2539446,-0.7235313,-0.72353166,-0.882261,-0.70344144,-0.80976194,-0.08427158,-1.1913167,-4.488622,-2.6978462,-2.6978457,-2.9031034,0.04459229,-3.1270292,-2.5934117,-1.0922337,-1.0682288,-1.0808761,-1.0808761,-1.0482893,-0.953524,-1.1049818,-0.9342578
CN(CC(F)(F)F)c1ccccc1,-1.92,-1.8745887,-4.336772,-4.7829833,-4.7829833,-5.069778,-5.561009,-4.6002874,-6.6462607,-3.2409859,-4.7192745,-5.2138267,-5.213827,-5.2192397,-5.4125943,-5.229119,-6.163198,-2.5074058,-5.6251307,-8.377976,-8.377977,-8.173172,-8.979291,-8.428246,-9.765606,-1.5792285,-2.5678635,-2.4481347,-2.448132,-2.466041,-3.565047,-2.749583,-4.0651793,-4.9846773,-4.9316816,-6.025269,-6.0252686,-6.3423862,-7.2520466,-5.0673633,-6.1033306,-5.3341074,-4.192957,-5.1895757,-5.189576,-5.128564,-5.3797073,-5.079981,-5.794983,-3.3114846,-5.733083,-4.9599633,-4.9599648,-5.0533,-3.7825978,-5.0190954,-5.9338646,-1.8776171,-6.7183304,-5.7858143,-5.7858152,-6.153028,-3.955753,-6.6815934,-8.294852,-1.8112482,0.5971629,0.6664677,0.6664677,0.4357267,1.3997661,0.3597205,-0.22800346
c1ccc2cc(ccc2c1)N,-7.47,-8.376487,-5.6397104,-5.953864,-5.953864,-5.9395113,-6.1800265,-5.9672585,-7.099903,-6.583438,-4.4843435,-4.9722476,-4.972247,-4.9766517,-4.9526873,-4.983131,-4.3996115,-7.9017477,-4.8343034,-6.4289384,-6.4289384,-6.4655643,-7.216238,-6.4596653,-6.726513,-6.9994493,-6.5404773,-5.8221765,-5.822173,-5.7763686,-5.9499755,-5.6175776,-7.0091224,-7.2971816,-6.5209274,-7.8027816,-7.8027816,-6.7664785,-7.4433384,-6.6164317,-7.3446255,-4.7163086,-4.356028,-4.961839,-4.961839,-4.9422016,-5.04794,-4.873163,-4.9606028,-5.998552,-4.6305523,-5.565404,-5.5654035,-5.828617,-6.0967216,-5.9527054,-5.7002206,-7.514566,-4.070946,-6.2022805,-6.20228,-6.1748548,-6.0807467,-6.2797236,-5.9206023,-7.539939,-7.5173655,-7.464609,-7.4646087,-7.424004,-7.446566,-7.455812,-7.467432
COc1ccccc1N,-6.12,-5.01111,-5.748411,-5.774367,-5.774367,-5.808967,-5.840223,-5.8237576,-5.997154,-7.1050253,-4.2930517,-4.758393,-4.758393,-4.762062,-4.745373,-4.7652316,-4.4037366,-6.4184227,-4.612892,-6.1833305,-6.183329,-6.207255,-6.786757,-6.339159,-7.2463956,-5.8855014,-6.9701195,-6.269594,-6.2695923,-6.271681,-6.5392847,-6.0520277,-8.17303,-4.9991264,-6.92309,-7.149835,-7.1498346,-5.800417,-6.3364077,-6.880987,-7.1279383,-5.344222,-3.959637,-4.775745,-4.775746,-4.7203035,-4.967872,-4.662602,-5.187565,-6.9132257,-5.2808237,-5.062454,-5.0624547,-5.066414,-4.173113,-5.068512,-4.7313185,-6.1466265,-4.734246,-5.298257,-5.2982574,-5.5022197,-6.0382214,-5.7147098,-6.300969,-6.2027664,-6.5577874,-6.291138,-6.2911386,-6.2293406,-6.34085,-6.275026,-6.438648
C[C@H]1CC[C@@H](O1)C,-2.92,-3.9008212,-3.4914176,-3.5109515,-3.5109515,-3.3750107,-3.571264,-3.2965274,-3.6010735,-4.636536,-3.765798,-4.291029,-4.2910295,-4.292376,-4.173927,-4.2892747,-2.1510441,-3.3592637,-4.369288,-1.3462772,-1.3462774,-1.3655792,-1.4245114,-1.6907544,-2.4821827,-3.6193957,-4.953591,-3.7065969,-3.7065952,-3.6946597,-4.522808,-3.499483,-5.247656,-2.0119286,-1.6512933,-1.6370877,-1.6370881,-0.29306993,-0.028022181,-1.6450012,-0.89373225,-1.8391254,-3.699295,-4.164761,-4.1647606,-4.1272864,-4.2405562,-4.200156,-3.2296188,-1.9568552,-3.6341834,-3.2303867,-3.2303872,-3.2582695,-2.7033541,-3.2548265,-2.807931,-3.659172,-4.0393577,-1.5554621,-1.5554627,-1.702568,-1.5579363,-1.830721,-1.5566812,-3.0249574,-2.7153144,-2.6098704,-2.6098702,-2.645554,-2.6830385,-2.456831,-2.5104492
CCOC(=O)C[C@H](C(=O)OCC)SP(=S)(OC)OC,-8.15,-7.4387527,-6.0469127,-5.9961357,-5.9961357,-6.029417,-6.5796037,-6.060693,-5.937334,-7.882188,-6.7781487,-7.3307953,-7.3307953,-7.322204,-8.32017,-7.3051577,-7.4393845,-8.221228,-8.239123,-8.837655,-8.837655,-8.707486,-9.639174,-8.831377,-8.29613,-7.8965235,-11.743457,-10.203161,-10.203159,-9.246133,-11.292637,-8.873722,-10.054148,-8.532721,-8.548885,-8.84946,-8.849459,-7.7867594,-7.4762144,-8.066316,-6.5764337,-6.975961,-5.494821,-7.002996,-7.002996,-6.9039817,-7.5818176,-7.450849,-7.974723,-9.302244,-8.211154,-9.923232,-9.923231,-9.885477,-7.862333,-10.181961,-6.6187773,-8.317255,-7.158005,-6.8368893,-6.8368897,-7.214715,-7.5323668,-7.622831,-8.161925,-8.091547,-8.298402,-8.216366,-8.216367,-8.119519,-8.093409,-8.091579,-8.286959
c1c2c(cc(c1Cl)Cl)Oc3cc(c(cc3O2)Cl)Cl,-3.37,-3.9314346,-6.7345786,-4.5303206,-4.5303206,-4.5863595,-4.1105256,-4.715234,-2.4657633,-3.4491248,-5.3075123,-5.690449,-5.6904488,-5.6962786,-4.56918,-5.698576,-3.5463824,-3.4168696,-4.7396135,-3.417628,-3.417628,-3.4446301,-4.103551,-3.3853922,-3.2689574,-3.5608032,-5.273083,-4.7237234,-4.723722,-4.790647,-4.779993,-4.4839163,-3.984797,-3.0395286,-1.5781864,-4.452195,-4.4521966,-3.4644883,-3.2060158,-2.5383887,-3.9539013,-3.002072,-5.378156,-5.804651,-5.804651,-5.8586636,-5.5536313,-5.938081,-1.3638828,-5.504627,-6.289674,-5.8580327,-5.8580327,-5.9417405,-4.3006105,-6.0051827,-5.563952,-3.1535501,-4.659164,-4.7684255,-4.768425,-4.78326,-3.30404,-4.765072,-4.803764,-3.242524,-3.3800876,-3.5725834,-3.572583,-3.525353,-3.4790463,-3.435897,-3.4352658
Cc1ccnc(c1)C,-4.86,-2.106198,-5.138275,-5.3817267,-5.3817267,-5.370451,-5.4794154,-5.3453274,-5.5577474,-4.1264586,-4.113204,-4.607825,-4.607825,-4.610194,-4.505454,-4.609117,-3.2417526,-5.3034525,-3.8839865,-3.4055645,-3.4055645,-3.4043205,-3.794552,-3.455534,-3.6505349,-3.002315,-3.626145,-2.8008065,-2.800803,-2.7580314,-3.1949825,-2.6190486,-4.7385187,-3.092104,-5.438833,-6.4884553,-6.4884553,-5.282744,-6.1244645,-5.6075587,-6.116466,-4.58788,-3.8890364,-4.4991527,-4.499153,-4.459573,-4.639555,-4.4284277,-4.6638865,-4.549283,-4.0434217,-5.0240903,-5.02409,-5.2861085,-5.3323183,-5.201483,-5.5074697,-4.215884,-4.1397467,-2.888511,-2.8885114,-2.9771345,-3.1522174,-3.0818326,-3.3553352,-4.830946,-4.5915127,-4.503631,-4.503631,-4.486511,-4.473303,-4.5621166,-4.60461
CC(C)COC(=O)C(C)C,-1.69,-3.8147461,-3.6042075,-3.844172,-3.844172,-3.7418063,-4.044621,-3.5586743,-4.4216967,-1.7578827,-4.0967045,-4.648543,-4.6485434,-4.6487617,-3.8106499,-4.6561756,-2.2742012,-2.9066844,-5.3321333,-3.81127,-3.8112693,-3.8043592,-4.314341,-3.546712,-3.0783873,-2.611681,-2.7837467,-2.3584962,-2.3584948,-2.4021432,-2.4935443,-2.3689156,-3.9953048,-3.5163968,-3.3612757,-3.442788,-3.4427876,-2.8789268,-3.6716049,-2.8602252,-3.3060753,-3.2526557,-4.434974,-5.121367,-5.121367,-5.065535,-5.152997,-5.0124445,-4.4346294,-2.87071,-5.508188,-4.514721,-4.514722,-4.5143785,-2.1978114,-4.34159,-3.386545,-2.3249474,-5.3857627,-3.244813,-3.2448132,-3.5529876,-2.2361307,-3.8623905,-2.7260509,-3.1694148,-2.691866,-2.8286426,-2.828643,-2.4216247,-2.6477349,-2.3047392,-2.273865
CC[C@@H](C)CO,-4.42,-2.4310055,-3.2694337,-3.2394671,-3.2394671,-3.1365488,-3.332526,-3.1478362,-3.5167005,-3.749415,-3.8045597,-4.413276,-4.4132757,-4.4134846,-4.6862154,-4.407863,-3.2424626,-4.2933846,-4.5120564,-3.8273454,-3.8273454,-3.827663,-4.1541452,-4.0824275,-4.4230676,-3.549855,-3.94177,-3.1216009,-3.1215987,-3.0584888,-2.9402597,-2.4473598,-4.106607,-3.9014995,-3.8200846,-4.480657,-4.480658,-3.6035829,-4.205201,-3.8173368,-4.3499026,-2.8357553,-3.4889808,-4.010019,-4.010019,-3.9518764,-4.128456,-4.0204544,-3.6441145,-4.671795,-4.0746374,-4.339734,-4.339734,-4.2790456,-3.4108906,-4.349275,-3.965731,-5.007592,-4.4570656,-3.5399225,-3.5399232,-3.5973737,-4.6741915,-3.7872603,-3.0034697,-4.47952,-4.463981,-4.528765,-4.528765,-4.5175743,-4.4530783,-4.322882,-4.52641
CCCOCCO,-6.4,-3.026836,-3.1220365,-2.7299724,-2.7299721,-2.8045883,-2.6542382,-3.1234026,-2.3031363,-6.015461,-3.9669983,-4.3479643,-4.3479643,-4.3456044,-3.9550803,-4.3409085,-3.2969337,-6.443141,-4.9907417,-5.4774337,-5.477433,-5.48218,-5.6320295,-5.5797668,-6.975247,-5.290126,-6.3835263,-5.748925,-5.7489233,-5.6190343,-6.139364,-5.286479,-7.193088,-3.4446545,-3.2324946,-2.5930336,-2.5930333,-1.1435275,-1.8480831,-3.1216655,-1.7418722,-3.988089,-4.301808,-4.577978,-4.577977,-4.5822005,-4.5813785,-4.6695037,-4.047709,-6.9415793,-5.499282,-5.813905,-5.813905,-5.7065654,-5.4149427,-5.6687565,-6.2867446,-6.3385453,-4.7635174,-4.188555,-4.1885543,-3.8925414,-5.5825167,-3.6408238,-3.1869473,-6.470926,-7.533679,-6.6546984,-6.6546984,-6.768776,-6.744234,-7.0480313,-10.761801
c1ccc2c(c1)cccc2N,-7.28,-6.5085845,-6.10209,-6.061499,-6.0614996,-6.104043,-6.1691804,-6.128784,-6.4160175,-6.783965,-4.4868307,-4.982143,-4.982143,-4.985819,-5.063807,-4.9886174,-4.4689026,-7.492067,-4.992986,-6.5818934,-6.581894,-6.615128,-7.249319,-6.687064,-6.3528695,-7.079142,-6.942147,-5.9442463,-5.9442444,-5.8874097,-6.314848,-5.771425,-7.281588,-6.401502,-7.102434,-7.8292203,-7.829221,-6.714482,-7.9359717,-7.309848,-7.659354,-5.4783626,-4.047072,-5.002176,-5.0021753,-4.940568,-5.1884565,-4.849592,-5.2901864,-5.819737,-4.6770773,-5.3083463,-5.3083463,-5.518271,-5.558934,-5.6304836,-5.2929935,-7.5175195,-5.337789,-6.428461,-6.4284616,-6.767937,-5.5554075,-7.080051,-5.600847,-7.2801676,-7.698126,-7.496427,-7.4964266,-7.4784856,-7.5556593,-7.4052277,-7.290687
CC(=C)C,1.16,3.089006,-4.474761,-4.0232506,-4.02325,-4.071242,-3.7512767,-4.0974045,-3.2795951,1.4946064,-3.2572193,-3.9624126,-3.9624126,-3.961411,-4.166639,-3.9539948,-2.8846252,0.7556518,-3.192762,-3.64162,-3.64162,-3.6562529,-3.8633258,-3.6438975,-2.855186,1.6253341,-2.413661,-1.4173809,-1.4173795,-1.4917042,-2.446137,-1.1350578,-2.9563208,0.69357675,-3.5258906,-1.7606535,-1.7606533,1.2264984,1.581638,-1.8630639,-0.281831,-1.5057261,-2.8769858,-2.8261302,-2.82613,-2.7938526,-2.8540945,-2.8184328,-1.8157517,0.24069348,-0.046112217,0.09425991,0.09426031,0.22948061,0.23957044,0.32622185,-0.027264757,-0.6379793,-3.533483,-2.1066296,-2.1066303,-2.140907,2.2501945,-2.1777885,-3.1065633,0.38915786,0.01937462,0.10044524,0.10044525,0.074446276,0.3629461,0.19628236,-0.034559995
CC(C)(C)c1ccccc1,-0.44,-0.3152607,-3.7026446,-3.9499118,-3.9499116,-3.7741215,-4.136626,-3.6928024,-4.9552774,-0.25287005,-4.2871943,-4.795055,-4.795055,-4.7989006,-4.6986713,-4.8030334,-3.7268217,-0.22665937,-5.026888,-2.2273998,-2.2273993,-2.2362087,-2.6070578,-2.4340587,-0.834001,-0.7599921,-2.264485,-1.9175688,-1.9175657,-1.7058886,-2.0130682,-1.7787261,-3.450018,-1.5520413,-4.485541,-3.8394315,-3.8394313,-1.8903064,-2.373182,-4.019028,-2.4698505,-3.6463864,-3.9118373,-3.7644553,-3.7644553,-3.7821453,-3.9386358,-4.0127068,-3.1067805,-0.7443372,0.44967416,-0.19435672,-0.19435693,-0.163754,-0.14797759,-0.06360895,0.048213925,-1.1790116,-4.6849074,-2.7159388,-2.7159398,-2.8632028,1.2218813,-3.0839317,-2.5624573,-1.0922337,-1.0682288,-1.0808761,-1.0808761,-1.0482893,-0.953524,-1.1049818,-0.9342578
c1ccc(cc1)N,-5.49,-5.7093563,-5.5507245,-5.714602,-5.7146025,-5.721009,-5.8858256,-5.730012,-6.076202,-5.3010983,-3.8349056,-4.449012,-4.4490123,-4.4494944,-4.6330895,-4.4438715,-3.204847,-5.775889,-3.8651438,-5.1076226,-5.107622,-5.1276894,-5.870558,-5.0965056,-5.843469,-5.052982,-6.8444686,-5.8499403,-5.8499384,-5.7666745,-6.4073277,-5.567522,-6.927093,-3.876531,-3.8734179,-4.775853,-4.7758536,-3.7730358,-4.2015557,-3.563906,-5.0607104,-3.8533263,-3.683335,-4.2444453,-4.2444453,-4.2141457,-4.342677,-4.1321354,-4.320557,-6.1773634,-4.6058693,-4.9031696,-4.9031687,-4.929437,-4.6301823,-4.9746995,-4.751399,-6.131892,-3.5576572,-5.4384546,-5.4384546,-5.411239,-5.108835,-5.4990783,-6.2651334,-5.5263214,-4.9295397,-4.945741,-4.945741,-4.8922186,-5.185527,-5.013376,-5.2007546
C[C@@H](CO[N+](=O)[O-])O[N+](=O)[O-],-4.95,-6.269909,-4.3033752,-4.636538,-4.636538,-4.962475,-5.244745,-5.071884,-6.2727833,-4.877078,-4.9843864,-5.7160707,-5.7160707,-5.718958,-7.0422835,-5.7200193,-9.231867,-4.6953864,-4.3024693,-6.4647393,-6.4647393,-6.4972367,-6.610518,-6.678505,-6.6472387,-4.4804344,-6.6244597,-6.168083,-6.168081,-5.9817824,-6.832558,-5.672264,-7.83208,-7.497678,-5.3354354,-6.7225947,-6.722595,-7.20346,-7.424199,-5.6075177,-7.2185335,-5.1268578,-4.0834794,-4.5457673,-4.545768,-4.4012804,-4.872529,-5.116628,-4.729425,-5.0840025,-7.4862156,-5.7628937,-5.7628946,-5.6828957,-4.169463,-5.933613,-5.100864,-5.2989697,-7.383493,-9.116018,-9.116018,-9.276086,-4.818967,-9.226838,-7.307295,-5.1825027,-5.023572,-5.0051327,-5.0051317,-4.958731,-4.9298983,-4.917531,-4.9442453
CCN,-4.5,-3.8333848,-2.2964413,-1.9416003,-1.9416004,-1.948361,-2.295953,-1.9090778,-2.3770063,-4.6403856,-2.6657212,-3.0342684,-3.0342684,-3.0326881,-3.0171618,-3.0249424,-2.7330925,-4.7648797,-3.4455967,-4.325494,-4.3254933,-4.253062,-4.558308,-4.1818085,-4.9774833,-3.5474815,-4.9358416,-4.1860576,-4.186055,-4.0354953,-4.4826984,-3.6994495,-5.804378,-2.6039386,-2.9802086,-2.9673584,-2.9673586,-2.0361903,-1.9487084,-2.8580303,-3.9759836,-4.045295,-2.7919967,-2.680133,-2.680133,-2.6704593,-2.7464347,-2.6620872,-2.4580164,-4.8988748,-4.1434374,-4.5420456,-4.5420446,-4.512269,-4.1302586,-4.4843884,-3.7903392,-5.1857896,-3.5344844,-2.6641788,-2.6641784,-2.6850097,-3.4011626,-2.748772,-2.8141627,-4.553182,-5.127898,-4.5764937,-4.576494,-4.537955,-4.6389484,-4.4895477,-2.7175605
c1cnccc1C=O,-7.0,-5.7690396,-5.337207,-5.6225166,-5.6225166,-5.611165,-5.874065,-5.6467247,-6.3914723,-5.5657616,-4.0773,-4.7160516,-4.7160516,-4.716305,-5.4169545,-4.7095866,-5.715683,-6.8861322,-3.6973543,-5.045509,-5.045509,-5.070905,-5.331924,-5.0988293,-3.4695566,-6.9780297,-8.269686,-7.1899004,-7.189897,-7.189526,-7.129551,-6.7512784,-9.164187,-5.189489,-6.2342243,-7.865233,-7.8652334,-7.485267,-8.20503,-6.443991,-8.520439,-5.015685,-3.5485895,-4.2042584,-4.2042584,-4.1568317,-4.325446,-4.104042,-4.129328,-8.803811,-5.388027,-7.1792936,-7.1792936,-7.366728,-6.968111,-7.353289,-6.0384088,-7.849683,-3.8439167,-6.677003,-6.677002,-6.667438,-6.2946844,-6.785767,-8.131304,-6.4656243,-7.0236073,-7.0132785,-7.013278,-6.996621,-7.101221,-7.041996,-6.88058
CC(C)CC(=O)C,-3.05,-1.658783,-3.1613543,-3.2112818,-3.2112815,-3.073971,-3.4324985,-2.8663747,-3.516455,-2.4263,-3.878745,-4.397242,-4.3972425,-4.3982697,-4.287997,-4.395614,-3.1587062,-2.8522298,-4.107246,-2.0847518,-2.0847516,-2.0985112,-2.3799536,-2.1538339,-1.5592074,-2.6711612,-3.188939,-1.7931887,-1.7931874,-1.8379192,-2.3911192,-1.3720357,-3.3876162,-4.3765364,-3.515629,-4.12444,-4.1244407,-3.761124,-4.2110357,-3.4654899,-4.3605943,-4.1094007,-3.7804909,-4.214325,-4.214325,-4.160222,-4.2521496,-4.0373273,-4.250158,-3.9286885,-3.5770533,-4.1408625,-4.1408625,-4.1551538,-3.3540642,-4.189732,-3.9566653,-3.7986267,-4.4357386,-2.627457,-2.6274571,-2.7758486,-1.5458125,-2.9820213,-2.7849183,-3.1270223,-3.6157115,-3.555589,-3.555589,-3.5855565,-3.458783,-3.6281374,-3.3180223
c12c(c(c(c(c1Cl)Cl)Cl)Cl)Oc3c(c(c(c(c3Cl)Cl)Cl)Cl)O2,-4.53,-5.0537114,-8.435813,-3.5813932,-3.5813935,-3.7891138,-3.1337926,-3.931076,-0.37243426,-4.022412,-5.669944,-5.861341,-5.861341,-5.867324,-3.7757897,-5.8574333,0.06119415,-4.415568,-4.164838,-2.953797,-2.9537966,-2.8876822,-3.8811934,-3.3707702,-3.1242633,-4.1225586,-2.8284123,-3.4781725,-3.4781718,-3.4104776,-2.8837116,-2.9700973,-2.3170786,-4.5876117,-2.81613,-4.776976,-4.7769766,-3.584865,-2.8068168,-3.1130064,-2.2850862,-3.285989,-5.4231467,-6.1089683,-6.1089683,-6.1413403,-5.97596,-6.1482935,-2.5428317,-5.193934,-7.2506065,-7.175622,-7.1756234,-7.1774044,-4.223532,-7.477165,-6.3662076,-4.379013,-5.5653024,-3.9492624,-3.9492614,-3.9467213,-5.1213274,-4.066878,-2.256295,-4.5371876,-4.079509,-3.9286892,-3.9286892,-3.867337,-4.0368633,-3.9169104,-5.0111356
c1ccc(cc1)Br,-1.46,-2.134381,-4.9226065,-4.879029,-4.879029,-4.90301,-5.1492367,-5.064702,-5.4937954,-1.7876205,-3.6991773,-4.2507734,-4.250774,-4.2504163,-4.1512237,-4.2433896,-3.2150948,-1.8458275,-3.6015127,-3.206586,-3.2065856,-3.2219107,-3.2121317,-3.2760766,-2.050125,-0.9538666,-3.2795007,-2.6372597,-2.6372569,-2.5526226,-3.5717642,-2.3969321,-3.870628,-0.8836546,-3.2185447,-3.254843,-3.2548423,-2.179598,-2.8771882,-2.809287,-3.1926212,-6.5649924,-3.7563307,-4.237847,-4.237847,-4.230201,-4.4131355,-4.4753103,-5.5238957,-0.68370795,-0.05859188,-0.7661463,-0.7661459,-0.6638055,-0.59126914,-0.7271498,-0.60229206,-2.6760337,-3.287252,-3.0258284,-3.0258286,-3.050211,-2.2456746,-3.082501,-3.3746755,-1.0922337,-1.0682288,-1.0808761,-1.0808761,-1.0482893,-0.953524,-1.1049818,-0.9342578
C[C@@H](c1cccc(c1)C(=O)c2ccccc2)C(=O)O,-10.78,-9.466449,-4.662258,-4.863482,-4.8634815,-4.7898183,-4.875522,-4.9429207,-8.1503315,-11.336637,-7.04974,-7.555514,-7.555513,-7.556958,-8.663522,-7.5424714,-9.597492,-10.2470455,-7.7878475,-9.970651,-9.97065,-9.850152,-10.35089,-10.16371,-10.773626,-10.644719,-11.5633745,-11.260707,-11.260703,-11.218904,-12.7844715,-11.041104,-11.128595,-10.411967,-4.9866476,-6.0940127,-6.0940137,-6.6278496,-7.5386267,-4.9672275,-10.016153,-8.276604,-5.644776,-6.180203,-6.180203,-6.250425,-6.149695,-6.3663535,-9.854924,-9.910667,-6.2880073,-8.94527,-8.945271,-9.32513,-9.1792555,-9.6033535,-8.968367,-10.911932,-6.9321322,-8.9298115,-8.929812,-9.242476,-9.479145,-9.49028,-10.015963,-11.3776,-10.859347,-10.887552,-10.88755,-10.743229,-10.716307,-10.683139,-10.815108
COc1cccc(c1O)OC,-6.96,-5.2506742,-5.425343,-5.8191953,-5.8191953,-5.7904305,-6.014859,-5.790147,-7.0784926,-7.2081017,-4.579198,-5.0221,-5.0221,-5.0284333,-4.8384237,-5.0460286,-5.3816743,-7.067711,-5.286661,-7.657025,-7.6570253,-7.686387,-7.856507,-7.9532394,-8.600005,-6.3946824,-7.2242126,-6.502959,-6.502955,-6.5835795,-6.5741844,-6.3075733,-8.046617,-7.033927,-6.083317,-7.097771,-7.0977707,-5.816585,-6.295287,-6.228025,-6.4187756,-4.266057,-4.697445,-5.519254,-5.519254,-5.4912815,-5.639933,-5.452077,-5.252623,-8.204234,-7.5570407,-7.2853947,-7.285395,-7.2320094,-6.4667296,-7.1778064,-7.0224495,-6.562066,-5.010027,-4.173921,-4.173921,-4.39023,-5.5379705,-4.618719,-6.3349504,-7.0977707,-7.017954,-7.0123563,-7.0123568,-6.9661627,-6.892313,-6.9755054,-6.954835
[C@@H](C(F)(F)F)(F)Br,0.5,1.3753005,-2.4808462,-2.2077878,-2.207788,-2.040949,-2.2601626,-1.9769155,-2.898512,-0.31339842,-3.223934,-3.3130977,-3.3130977,-3.312724,-2.6245294,-3.3094518,-0.77395916,0.07552966,-3.2361026,-4.6795115,-4.6795115,-4.6872478,-4.494775,-4.7416563,-2.6833224,-0.19404659,-1.1552237,-0.56266224,-0.56266105,-0.58186984,-1.9561749,-0.68794286,-1.7506033,-0.11409117,-2.6438444,-2.0627759,-2.0627759,-1.1432952,-1.3238195,-2.2934384,-2.4226193,-0.903038,-2.8857057,-2.893694,-2.893694,-2.8685548,-2.997595,-2.8728526,-1.8448217,0.45833832,-0.60479444,-0.48337835,-0.48337802,-0.499847,1.4967084,-0.38513246,-0.11724199,0.57012206,-4.2387834,-0.90559703,-0.90559673,-0.9545163,0.54994255,-1.1921308,-0.60153294,0.2994097,-0.48184854,-0.52196366,-0.52196366,-0.5183628,-0.48242426,-0.45295155,-0.20485458
C=CCl,-0.59,-0.32274535,-3.8659513,-3.4877126,-3.4877129,-3.5859153,-4.0491014,-3.8459194,-3.7531245,-2.9405124,-2.3712926,-2.2888722,-2.2888725,-2.2881284,-2.0571146,-2.2864325,-1.5186534,-0.6586489,-2.3173923,-2.397842,-2.397842,-2.396167,-2.4452107,-2.4293463,-2.79487,-0.4064044,-3.3136346,-2.5178535,-2.5178487,-2.4945102,-3.1047184,-2.188669,-3.9981244,-1.2311587,-3.5914526,-4.2875075,-4.287508,-3.0608742,-3.734246,-3.6912098,-3.4612913,-2.516821,-2.8235605,-2.594438,-2.594438,-2.5880525,-2.8018684,-2.639103,-2.0311902,-1.1328436,-1.3892646,-1.0815859,-1.0815855,-1.2022607,-0.8460515,-1.1596205,-0.69798756,-1.1891154,-2.5340443,-2.6393855,-2.6393852,-2.6105864,-1.6068199,-2.6463227,-5.3326316,-0.4455503,-0.51670295,-0.5565662,-0.5565663,-0.50931567,-0.5216512,-0.5311105,1.3097653
CBr,-0.82,-0.5701457,-0.4989664,-0.26867884,-0.2686789,-0.41253206,-0.9120328,-0.5378082,-1.6132965,-1.4704716,-1.7016059,-1.0647323,-1.0647322,-1.0639312,-0.83106303,-1.0644255,-0.16084066,-0.91029865,-2.4151888,-2.2465115,-2.2465115,-2.24326,-2.138252,-2.2401319,-1.1969339,-0.70699316,-1.9807996,-1.0209588,-1.020957,-0.9734247,-1.424272,-0.6908783,-2.32387,-0.23938613,-1.4976066,-0.25581565,-0.255816,-0.50884634,0.098706625,-1.3885031,-0.6395972,-0.6793171,-2.4531465,-1.9462351,-1.9462351,-1.9434481,-2.1380014,-1.9154056,-1.1884547,-0.27044463,0.47449622,-0.34077132,-0.3407709,-0.3851233,-0.4983,-0.60777146,0.17939982,-0.67519057,-2.0126302,-0.3474488,-0.3474488,-0.35414982,-0.3495047,-0.33976477,-0.12323762,0.38915786,0.01937462,0.10044524,0.10044525,0.074446276,0.3629461,0.19628236,-0.034559995
CCCCC#N,-3.52,-2.689975,-2.8274972,-2.4296167,-2.429617,-2.4852505,-2.3268802,-2.7337952,-2.4183037,-2.6458406,-3.7216218,-4.212074,-4.2120743,-4.211857,-4.3285213,-4.206548,-3.3280213,-3.7680478,-3.7407944,-2.9608085,-2.9608085,-2.9703214,-3.1712492,-3.022521,-2.6212406,-2.3256059,-1.1222852,-0.9653948,-0.9653921,-0.6552996,-1.1196879,-0.38457486,-2.3591573,-2.8209252,-3.3951511,-3.421306,-3.4213066,-2.4854343,-3.6411123,-3.5164237,-3.0873356,-2.3178017,-3.7518737,-3.302218,-3.302218,-3.3598073,-3.2928874,-3.6473615,-1.9104725,-2.8128777,-2.0587218,-2.911324,-2.911324,-2.7631428,-1.9432734,-2.854428,-2.028911,-3.7145493,-4.5656004,-4.3972044,-4.3972044,-4.456774,-2.7662833,-4.5490227,-4.1702323,-3.4361567,-3.55695,-3.5991464,-3.5991466,-3.507662,-3.4534447,-3.45261,-4.073529
CC=O,-3.5,-2.9187706,-2.5327883,-2.1703622,-2.1703622,-2.173125,-2.6287732,-2.2593277,-3.3663027,-2.8273857,-2.2749166,-2.2554083,-2.2554083,-2.2547514,-2.164106,-2.2528284,-2.7080007,-3.4543042,-2.5324972,-2.4637914,-2.4637914,-2.460898,-2.3744504,-2.5228095,-2.1555374,-2.476155,-4.405603,-3.5008302,-3.5008285,-3.4406216,-3.6968195,-3.0101018,-5.4123464,-3.534362,-3.2841465,-3.3649209,-3.3649204,-1.9919752,-2.660319,-3.1762257,-2.9409473,-1.2881715,-2.6666415,-2.4320552,-2.432055,-2.4278395,-2.5650823,-2.3550987,-1.6834342,-4.279026,-4.3399324,-4.8376865,-4.837687,-4.8284636,-4.132203,-4.7447605,-3.5221748,-4.613061,-3.3884783,-3.1848195,-3.1848195,-3.2231205,-3.965632,-3.2921026,-3.7172015,-3.7111385,-4.2510214,-4.1560225,-4.1560225,-4.1979027,-4.2075825,-4.0960393,-3.8552403
CCc1ccccc1C,-0.85,-5.7855062,-4.6415763,-4.8716626,-4.8716626,-4.822736,-4.9502425,-4.7521286,-4.8609467,-1.5848415,-4.161515,-4.5834355,-4.583436,-4.586821,-4.3957024,-4.589519,-3.508838,-0.6668131,-4.5939593,-2.3072166,-2.3072164,-2.3038368,-2.6596644,-2.4114556,-2.136514,-0.76286167,-2.3622007,-1.9820724,-1.982069,-1.9108055,-2.5576067,-1.8511785,-3.5922806,-6.120288,-5.639612,-6.181781,-6.181782,-5.4240065,-5.979002,-5.6667852,-6.1470275,-2.5861435,-3.8704727,-4.6950583,-4.695059,-4.6318197,-4.856819,-4.5994253,-4.600155,-0.90040654,0.04642289,-0.524226,-0.5242257,-0.62677544,-0.35398093,-0.65761167,-0.033143107,-2.6838043,-4.609386,-2.5800421,-2.5800424,-2.7841642,-1.4684911,-3.0342367,-2.2368531,-0.69744164,-1.7086445,-1.7647564,-1.7647564,-1.7774372,-1.7551943,-1.6809855,-2.0272152
Cc1ccc(cc1)N,-5.57,-5.9070883,-4.959548,-5.241713,-5.2417135,-5.2178125,-5.4668374,-5.258579,-5.991775,-5.8196917,-4.156207,-4.707864,-4.707864,-4.7106147,-4.9234223,-4.7120304,-4.167024,-5.61868,-4.1906347,-4.815208,-4.8152075,-4.8187866,-5.5902443,-4.862651,-6.280028,-5.3523226,-6.3903913,-5.3690305,-5.369026,-5.2850556,-5.845667,-5.14701,-6.677811,-5.4444046,-3.2065146,-4.573508,-4.5735083,-3.4818466,-3.8460512,-3.6106126,-3.3154325,-5.069175,-4.2907443,-4.38686,-4.3868604,-4.4587116,-4.023889,-3.9695973,-4.6226954,-5.909285,-4.424897,-4.8727255,-4.8727255,-4.9623203,-4.850513,-5.0430217,-4.9090195,-6.1738396,-4.5520377,-4.495901,-4.4959016,-4.6326766,-4.732364,-4.8405147,-4.5153303,-5.590333,-5.852741,-5.9455276,-5.945527,-5.883007,-5.824094,-5.8883142,-5.586722
c1ccc2c(c1)cccn2,-5.72,-8.418802,-5.691622,-5.9569526,-5.956952,-5.9532137,-6.1702747,-5.9620485,-6.7328587,-4.820934,-4.264339,-4.7550235,-4.7550235,-4.7575393,-4.7886324,-4.7570405,-4.0700006,-5.204608,-4.080634,-4.2635865,-4.2635865,-4.290101,-4.7136765,-4.275982,-3.0813558,-4.999838,-3.8793793,-3.4816685,-3.481666,-3.5297866,-3.866959,-3.3238754,-4.8612223,-5.980651,-6.2144785,-7.175158,-7.1751595,-6.107956,-6.682468,-6.2229247,-6.5439024,-5.263106,-3.9844549,-4.6646304,-4.6646304,-4.624408,-4.8301315,-4.55793,-4.933688,-4.6696577,-4.0199165,-5.025119,-5.0251193,-5.1947174,-4.578658,-5.052696,-4.9744406,-5.8794274,-3.8160632,-5.5333557,-5.5333557,-5.540459,-4.149654,-5.645998,-5.305468,-5.778796,-5.741232,-5.695767,-5.6957674,-5.674302,-5.671324,-5.7237034,-5.6245756
c1cc2c(cc1Cl)Oc3c(c(c(c(c3Cl)Cl)Cl)Cl)O2,-4.15,-5.100682,-7.502655,-5.1877036,-5.1877036,-5.2875843,-4.978519,-5.268848,-2.6406302,-4.2387977,-5.490587,-5.851572,-5.851572,-5.8588657,-4.730385,-5.8664117,-2.7978494,-4.1295586,-4.5501323,-2.869925,-2.8699248,-2.847329,-3.6185348,-2.8075767,-3.5504982,-3.4296799,-3.5758133,-3.3896017,-3.3896008,-3.3740218,-3.3801925,-3.0821333,-3.3745139,-3.572659,-7.5007925,-7.2184887,-7.218488,-3.7075288,-4.674156,-7.3579717,-3.2470953,-3.0199368,-5.336505,-5.977003,-5.977002,-6.004916,-5.809739,-6.037752,-1.6079301,-5.1439037,-6.7657337,-6.445441,-6.445441,-6.4857965,-4.209207,-6.64565,-5.9985914,-4.014555,-4.9943023,-3.862931,-3.8629317,-3.927902,-3.7652748,-4.0236545,-3.2906735,-3.9118114,-3.8915274,-3.9428265,-3.9428265,-3.8889349,-3.9545968,-3.9357378,-3.9098794
COC(=O)C1CC1,-4.1,-3.2878525,-3.548597,-3.5992904,-3.5992904,-3.4833043,-3.7328022,-3.458931,-3.8586178,-4.468499,-3.8979516,-4.2987075,-4.298708,-4.300806,-4.1855283,-4.3003907,-4.1172094,-3.7258763,-4.019826,-4.1446004,-4.1446004,-4.1513286,-4.2923594,-4.2957296,-3.9203508,-3.2192783,-3.5076838,-2.911019,-2.9110172,-2.8352451,-3.0567088,-2.6226807,-3.8415644,-5.469137,-3.332376,-4.0919595,-4.09196,-3.960303,-4.5911493,-3.458138,-4.0520344,-3.6798973,-3.7769167,-3.5524387,-3.5524392,-3.5742204,-3.6463199,-3.7705424,-2.8979635,-4.299838,-5.8826017,-5.519574,-5.519574,-5.452357,-3.6478698,-5.315149,-5.4160395,-4.9312315,-4.2496066,-3.458016,-3.458016,-3.5485728,-4.4173746,-3.6599367,-3.3783715,-2.9692717,-2.9558167,-2.8873851,-2.887385,-2.8529167,-2.9209273,-3.1789734,-2.6894748
CC(=C)C(=C)C,0.4,2.6957626,-4.389191,-4.466959,-4.466959,-4.421132,-4.471756,-4.354023,-3.9875278,-0.19483075,-3.922435,-4.4828525,-4.482852,-4.4836626,-4.820657,-4.4783525,-3.7090218,0.31979394,-4.110881,-2.8773074,-2.8773074,-2.9006798,-3.1425564,-3.1365943,-3.673717,0.54124135,-4.3601747,-4.102908,-4.1029043,-4.1469493,-4.754015,-3.8660288,-4.1688943,0.5971267,-1.3058875,-2.9845507,-2.9845498,-1.7374235,-1.1105314,-1.984308,-1.4059917,-0.7688059,-3.4639256,-4.035595,-4.035595,-3.9911227,-4.096677,-3.8969646,-3.4444122,0.48336965,-0.020550976,-0.3852526,-0.38525254,-0.2294872,0.0017981455,-0.28820044,-0.3141627,-0.45442232,-4.003803,-1.977145,-1.9771446,-2.148985,0.21510744,-2.3284206,-2.8626857,0.4298032,1.0734549,1.1039277,1.1039277,0.97238827,1.2708603,1.1013676,0.97284687
Cc1ccc(cc1)O,-6.13,-6.004079,-4.9079285,-5.1759915,-5.1759915,-5.151456,-5.398351,-5.194335,-5.9300976,-6.2479978,-4.129641,-4.7119765,-4.7119765,-4.713973,-5.0108514,-4.712524,-4.337097,-6.057066,-4.0669537,-4.9453397,-4.9453387,-4.960214,-5.5058994,-5.0242624,-6.4130807,-6.3667603,-7.181801,-6.123205,-6.1232023,-6.054942,-6.550477,-5.8113275,-7.540161,-7.331514,-5.082846,-6.657716,-6.6577163,-5.7691493,-6.71921,-5.333676,-5.7934566,-4.580146,-4.143031,-4.044756,-4.044756,-4.120843,-3.7071996,-3.7396066,-3.7588,-7.16865,-4.3212647,-5.52534,-5.525341,-5.45352,-4.5083704,-5.5383587,-4.350684,-7.2145143,-4.674805,-5.01929,-5.01929,-5.205978,-5.6117067,-5.449387,-5.1860437,-6.308631,-6.3225946,-6.256197,-6.2561965,-6.2164326,-6.2189927,-6.2660255,-6.2282543
c1c(c(c(c(c1Cl)Cl)Cl)Cl)c2c(cc(c(c2Cl)Cl)Cl)Cl,-4.61,-4.1937227,-5.511585,-5.220308,-5.220308,-5.1482763,-5.41886,-5.215222,-2.7848327,-4.0037274,-5.6535177,-5.959028,-5.959028,-5.9669204,-4.6707196,-5.972911,-1.0762684,-4.4589896,-4.32579,-3.4835503,-3.4835498,-3.4123662,-3.6293967,-3.311376,-4.9741316,-3.887146,-3.281911,-2.9189298,-2.9189296,-2.972991,-2.597344,-2.5189705,-2.2480028,-5.2468805,-3.4412625,-4.235698,-4.235699,-4.630065,-5.843584,-3.2845004,-3.4616876,-3.2522492,-5.2022495,-5.8337235,-5.833723,-5.868279,-5.601586,-5.739061,-2.858411,-4.12605,-5.4062443,-4.2124343,-4.212434,-4.3255863,-4.1959844,-4.495437,-4.87416,-4.199389,-6.9607315,-1.9862355,-1.9862359,-2.1684728,-4.62165,-2.2922788,-1.7228837,-3.7690396,-3.0445278,-3.6477063,-3.6477058,-3.614388,-3.8042347,-3.66659,-3.130034
C1C=CC[C@@H]2[C@@H]1C(=O)N(C2=O)SC(Cl)(Cl)Cl,-9.01,-8.921236,-5.0203505,-5.4584856,-5.4584856,-5.3371296,-5.7579017,-5.3159523,-8.937973,-8.833624,-5.0650845,-5.5051503,-5.5051503,-5.512231,-5.34228,-5.5248857,-6.053061,-9.217502,-5.3340154,-5.280955,-5.2809544,-5.3080444,-5.098592,-5.812043,-9.5418005,-8.901266,-10.818539,-9.614907,-9.614903,-9.630487,-9.897684,-8.693431,-11.703487,-11.601655,-4.601005,-5.5727186,-5.5727196,-6.1370063,-7.049961,-4.572799,-6.800272,-4.4497075,-5.058704,-4.6445,-4.6445,-4.805301,-3.964163,-4.6782064,-3.748709,-9.99085,-7.012559,-8.053592,-8.053593,-8.180952,-8.718106,-8.146856,-7.81696,-9.80672,-6.9864135,-6.2177777,-6.217778,-6.528258,-8.6659155,-6.8439317,-8.088106,-9.039671,-9.1198015,-9.104442,-9.104441,-9.128266,-9.395748,-9.238554,-8.98073
CN(C)C(=O)c1ccc(cc1)[N+](=O)[O-],-11.95,-11.540879,-4.231943,-4.352161,-4.352162,-4.2936845,-4.353582,-4.462139,-6.0925612,-12.165397,-5.3611593,-5.8526835,-5.8526835,-5.858481,-6.6098533,-5.8686657,-11.4726715,-11.914551,-5.6464443,-8.518886,-8.518885,-8.557746,-8.740931,-8.83774,-11.029716,-11.354177,-10.798071,-9.571239,-9.571238,-9.575139,-9.383259,-9.4964285,-12.959856,-10.479256,-4.6968107,-5.7255363,-5.7255373,-5.7662454,-6.7998576,-4.6655717,-5.8183503,-3.814352,-4.842259,-4.5370545,-4.5370545,-4.6318345,-4.284425,-4.8946004,-3.3833861,-10.35999,-6.8815293,-8.233161,-8.233162,-9.407539,-9.257441,-9.341593,-7.8821735,-13.055997,-6.3827834,-8.371212,-8.371212,-8.494712,-11.744098,-8.813026,-11.365402,-12.022801,-12.035105,-11.928684,-11.928683,-11.890081,-12.112762,-12.026912,-11.932719
CCC#C,-0.16,-2.1103802,-2.9410326,-2.5790672,-2.5790672,-2.5824523,-2.8294423,-2.7238646,-3.0149045,-1.2207547,-3.1612916,-3.5333354,-3.5333352,-3.5331013,-3.5522153,-3.5279648,-3.471043,-0.30558392,-3.0544853,-3.197091,-3.1970913,-3.2059824,-3.2635114,-3.2381124,-2.857747,-1.6357648,-3.272331,-2.8689349,-2.868931,-2.7868633,-2.9663393,-2.3811255,-3.9381523,-0.7042379,-3.4166367,-3.988235,-3.9882348,-3.0752537,-3.3775027,-3.5783083,-2.953346,-0.45008937,-3.759418,-3.062047,-3.0620468,-3.1852338,-2.65405,-3.2149436,-0.8662471,-1.0260489,-0.43128973,-2.026636,-2.026636,-1.8583304,-1.9480264,-1.8033597,-0.0718207,-2.0249662,-3.7508457,-2.9915512,-2.9915512,-3.0992894,-1.0507103,-3.193455,-3.5127716,0.3078541,0.34146568,0.34334904,0.34334898,0.31672025,0.6223661,0.50799465,0.9003921
Cc1ccccc1N,-5.53,-5.100932,-5.651846,-5.475388,-5.4753885,-5.532263,-5.433218,-5.565525,-5.3776994,-4.9058175,-4.1302795,-4.7113905,-4.711391,-4.7128816,-4.952714,-4.709022,-3.5315447,-5.382367,-4.315798,-4.477819,-4.4778185,-4.4965262,-5.1605945,-4.5824738,-5.7574463,-4.827145,-7.583254,-6.5425744,-6.542571,-6.470263,-6.6428413,-6.207486,-8.417627,-3.0612752,-6.91632,-6.727535,-6.7275343,-5.423429,-5.9381313,-6.778315,-6.107226,-4.3622656,-3.6931953,-4.4571843,-4.457184,-4.4068613,-4.589423,-4.29946,-4.4546275,-5.4648523,-4.449812,-4.6203127,-4.620313,-4.674759,-4.3165655,-4.738592,-4.491904,-6.1809387,-4.4254556,-3.9168203,-3.9168212,-4.116678,-5.3224688,-4.3041844,-4.382943,-5.565569,-4.9177837,-5.0075245,-5.007524,-5.0027027,-5.0784006,-5.2370343,-5.262941
CCOC=O,-2.56,-3.2555213,-3.116814,-2.9326882,-2.9326882,-2.824322,-3.0743346,-2.756072,-3.232378,-4.209689,-3.4174452,-3.8066719,-3.8066719,-3.8033335,-4.156552,-3.7943819,-5.151344,-2.7121625,-3.3267088,-3.6849682,-3.6849682,-3.693869,-3.6665573,-3.7668548,-2.2857294,-2.5552678,-4.3862214,-3.6519473,-3.651944,-3.564239,-4.096912,-3.241816,-5.788141,-5.8758974,-3.1285143,-3.6685827,-3.668583,-2.857097,-3.178153,-3.2690377,-4.0684395,-2.2132947,-3.4955575,-3.0828705,-3.0828705,-3.141012,-3.1092308,-3.3908837,-2.1375456,-5.4619837,-6.756368,-6.838078,-6.8380775,-6.806021,-5.771717,-6.694538,-7.499691,-3.7720027,-4.3939395,-4.069337,-4.069337,-4.2970147,-3.45436,-4.482451,-4.8317957,-3.054729,-3.2766533,-3.2885365,-3.2885365,-3.2828488,-3.2140853,-3.2276094,-3.1955056
[C@@H](C(F)(F)F)(Cl)Br,-0.11,0.19464771,-2.9492035,-2.6299276,-2.6299279,-2.4845245,-2.5243518,-2.434423,-2.9871485,0.4315167,-3.159264,-3.2253835,-3.2253833,-3.2250059,-2.1098795,-3.2218683,-0.1763472,-0.2538894,-3.242846,-2.884256,-2.884256,-2.888124,-2.202049,-3.140721,0.92564887,0.13649337,-1.1655203,0.102714576,0.10271542,0.21626374,-0.637997,-0.0625833,-1.2486963,0.40268058,-2.9393492,-1.9531497,-1.9531496,0.25893557,0.19740438,-2.5867672,-1.5955426,-0.7239399,-2.9128041,-2.9507358,-2.9507358,-2.9217124,-3.0526445,-2.9426825,-1.802109,0.22580084,0.6140311,-0.16060705,-0.1606067,-0.16989811,1.8034811,-0.20852642,0.50251555,-0.12698539,-3.6348355,-0.49964997,-0.49964967,-0.49492583,0.094204605,-0.5628993,0.029892625,0.2994097,-0.48184854,-0.52196366,-0.52196366,-0.5183628,-0.48242426,-0.45295155,-0.20485458
CC1=CC(=O)CC(C1)(C)C,-5.18,-5.935027,-3.8338919,-3.606402,-3.606402,-3.553023,-3.5198014,-3.5574696,-3.7696154,-3.732544,-4.2813845,-4.928579,-4.9285793,-4.931069,-5.0359397,-4.9295487,-3.347666,-4.4568167,-5.119069,-2.0343437,-2.0343435,-2.0526817,-2.2308671,-2.3456688,-1.1334227,-4.826401,-4.1619325,-3.0612385,-3.0612378,-2.87586,-3.15342,-2.5078495,-4.451274,-5.6145906,-4.746992,-5.486028,-5.4860277,-5.9726515,-5.948733,-4.7089934,-6.1238627,-3.2399735,-4.0642843,-4.027499,-4.027499,-4.0891495,-3.7444305,-3.7096088,-3.0010765,-4.3561645,-3.7489836,-4.7847567,-4.784756,-4.894089,-4.190933,-4.830376,-4.0380206,-6.083674,-4.812215,-3.4208946,-3.4208953,-3.548599,-3.6603847,-3.7152028,-3.3682108,-5.142095,-3.9984536,-3.9058478,-3.905848,-3.8943436,-4.501902,-3.9858396,-2.8714533
COP(=S)(OC)SCn1c(=O)c2ccccc2nn1,-10.03,-10.441638,-5.31539,-5.0266943,-5.0266943,-5.0338836,-4.9716763,-5.2130523,-7.2602906,-10.267217,-7.4896193,-7.945584,-7.9455833,-7.9414897,-9.036487,-7.9129834,-6.9213576,-9.804313,-6.5455437,-8.053036,-8.053037,-8.054185,-7.899612,-8.590908,-11.843257,-9.541812,-11.034519,-9.333034,-9.33303,-9.405937,-9.336471,-8.199572,-9.920312,-11.715349,-5.7551413,-6.999541,-6.999542,-6.95651,-7.9770317,-5.909646,-11.903886,-8.234924,-6.000154,-7.031384,-7.0313845,-7.0697136,-7.0083914,-7.2899013,-9.612037,-10.534103,-8.01748,-10.410848,-10.410849,-9.469091,-8.918922,-9.290796,-8.830549,-10.453854,-6.2736382,-5.063094,-5.063094,-4.5888324,-8.008129,-5.9911494,-9.0203905,-10.125854,-11.868986,-10.505316,-10.505316,-9.966876,-9.280876,-9.17097,-10.64554
CN1CCNCC1,-7.77,-3.1108785,-3.572744,-3.536838,-3.5368385,-3.5691202,-3.7515967,-3.4074197,-3.526351,-5.9849305,-3.7445693,-4.3552823,-4.355283,-4.354842,-4.49961,-4.3487935,-2.5404954,-8.8189745,-4.8005443,-4.3163714,-4.316372,-4.248881,-4.259079,-4.365802,-5.7741685,-7.601018,-6.8734384,-6.086704,-6.086701,-6.156834,-6.3540154,-5.992644,-8.409307,-3.4917035,-2.6728656,-3.4192045,-3.419204,-2.8483653,-2.7910173,-2.796147,-3.6215029,-2.505446,-3.4351969,-4.0301156,-4.0301156,-3.982567,-4.0908785,-3.9851477,-3.700056,-6.1959543,-4.603531,-5.342085,-5.3420854,-5.394762,-5.0189476,-5.347474,-4.5806975,-6.261364,-4.1204348,-1.7290725,-1.7290723,-1.8649096,-4.037589,-2.0034614,-1.4617115,-7.79583,-7.8015356,-7.7854424,-7.7854424,-7.694687,-7.8302298,-7.713219,-7.7154636
C1CCCC(CC1)O,-5.48,-4.8153467,-3.3795638,-3.3082798,-3.3082798,-3.2048674,-3.3472106,-3.117757,-3.4690778,-4.723029,-3.9341874,-4.6482763,-4.6482763,-4.648726,-4.9628797,-4.6427217,-2.5118423,-5.5530677,-5.1643972,-2.3415093,-2.3415089,-2.3726234,-2.3671668,-2.6535904,-3.7948008,-5.0566597,-7.082796,-4.860429,-4.860427,-4.6743665,-5.8678966,-3.670803,-4.4232163,-7.642194,-4.482649,-4.6885586,-4.688559,-4.4345384,-4.5942984,-4.452598,-4.6082363,-5.2288356,-3.7238739,-4.4985313,-4.4985313,-4.4502606,-4.6623673,-4.659815,-5.950414,-4.1431785,-3.9377494,-4.013332,-4.0133314,-3.998513,-3.0056925,-4.0522685,-3.7115355,-6.877988,-4.5663495,-2.7105672,-2.710567,-2.8949187,-5.767721,-3.1570294,-1.677025,-4.847312,-4.9123898,-4.8070283,-4.8070283,-4.8014145,-4.859911,-4.852034,-4.4566307
CCCCCC=C,1.66,-1.2794038,-3.0522964,-2.813259,-2.8132586,-2.9117432,-2.6913621,-3.1995242,-2.5649772,0.7369377,-3.9081888,-4.2771664,-4.277166,-4.2728453,-3.7730956,-4.257076,-2.5615475,1.1596483,-4.48143,-1.8588166,-1.8588161,-1.862259,-2.1904004,-1.980741,-1.2878399,1.7373022,-0.6248134,-0.18077454,-0.18077171,-0.16551533,-1.3119968,-0.30178222,-1.8042455,-1.0990976,-3.3204234,-3.01818,-3.0181804,-1.2040042,-2.0229247,-3.2572162,-2.259197,-3.9847379,-4.338865,-4.6132483,-4.613249,-4.6271806,-4.4730077,-4.821226,-3.5482383,0.2570842,-0.24561635,0.38423857,0.38423875,0.9047882,1.4830459,0.3315101,-0.10836662,0.3570465,-4.631206,-2.2303536,-2.2303543,-2.4314296,0.049999148,-2.6260307,-1.7458106,1.2596948,1.8762593,1.6351404,1.6351404,1.6716595,1.5481223,2.979345,1.1918862
CC1CCC(CC1)C,2.11,-2.0244937,-3.471601,-3.5711956,-3.5711951,-3.4468906,-3.6753247,-3.3504272,-3.8558743,-0.10739335,-3.9997509,-4.5952454,-4.595245,-4.59699,-4.6677136,-4.5963364,-2.6104715,2.2615047,-4.7553544,-0.21932909,-0.21932895,-0.28184062,-0.39211306,-0.25459638,-0.15943962,1.9419292,1.2954525,2.3671482,2.3671494,2.4949415,0.5909301,2.454523,-0.26330048,-0.8439785,-1.1312083,-2.7012827,-2.7012825,-0.24160108,-0.082008444,-1.6226883,-2.419047,-2.6124692,-4.1938496,-4.7019897,-4.701989,-4.6672454,-4.5585365,-4.5968695,-3.329218,2.0124555,0.25402233,1.014641,1.0146412,1.096471,1.4227116,0.9269443,0.21866699,0.114720605,-4.3422704,-1.2629806,-1.2629812,-1.4013972,0.4670929,-1.5455163,-1.1185611,1.9614909,-0.4390018,-0.45615256,-0.45615253,-0.40930054,-0.17171796,0.17195502,-0.16682361
c1cnccc1C#N,-6.02,-5.4828,-5.2509146,-5.5149055,-5.514905,-5.505542,-5.7719226,-5.5587587,-6.273232,-5.6185737,-4.0386877,-4.6443124,-4.6443124,-4.6443496,-5.265533,-4.63734,-5.7589583,-6.0881557,-3.4872215,-5.3685675,-5.3685665,-5.3965707,-5.7927446,-5.37518,-5.954334,-5.334028,-6.473844,-5.8020973,-5.8020964,-5.798348,-5.8908095,-5.288966,-7.70058,-4.215033,-3.9557378,-5.4938803,-5.493881,-4.5796757,-5.364659,-3.7547925,-4.781794,-6.9408317,-3.7509215,-4.4005165,-4.400517,-4.3680058,-4.6274643,-4.597103,-6.0933313,-6.4914246,-4.8159103,-6.5632153,-6.563215,-6.77162,-6.3715186,-6.7185297,-5.3108234,-7.5589,-4.0162196,-7.6502013,-7.6502013,-7.664535,-4.923892,-7.8003335,-8.085789,-6.4656243,-7.0236073,-7.0132785,-7.013278,-6.996621,-7.101221,-7.041996,-6.88058
C1COCCO1,-5.06,-3.2180152,-3.757724,-3.2070317,-3.2070317,-3.2082288,-2.8993344,-3.2366478,-2.5402958,-6.972699,-3.222804,-3.6760356,-3.6760356,-3.6758704,-3.676089,-3.67049,-2.815651,-5.089374,-4.1169515,-5.983478,-5.9834776,-6.0161443,-5.9687824,-6.139374,-4.347429,-4.2902403,-7.1691613,-5.694537,-5.6945343,-5.653768,-5.5862327,-5.3624735,-7.907419,-3.3518143,-0.8781671,-1.3166198,-1.3166199,-2.4161553,-1.9585181,-1.020411,-2.0984116,-5.7741585,-3.4572632,-4.1277366,-4.1277366,-4.105633,-4.2755632,-4.23166,-6.7934413,-5.0227695,-4.5618873,-4.62142,-4.62142,-4.618101,-4.0308943,-4.488889,-3.2045696,-6.6858764,-3.756744,-1.5211885,-1.5211887,-1.6386609,-5.777155,-1.7161396,-1.8964494,-5.032819,-2.5296576,-2.4470837,-2.4470835,-2.4279323,-2.5219276,-2.5028799,-3.0355525
CC(C)Cl,-0.25,-0.6495197,-2.9376242,-2.548102,-2.548102,-2.4318993,-2.3838801,-2.3715491,-2.3730552,-1.5805393,-2.9041045,-3.3998733,-3.3998733,-3.399025,-3.3121548,-3.393527,-2.41043,-0.451291,-2.8025913,-1.9429102,-1.9429102,-1.9372929,-1.820611,-1.9791036,-1.3450067,0.09271137,-0.6593007,-0.50073135,-0.50072974,-0.36709097,-0.8372539,-0.23235294,-2.1503818,-0.5559255,-2.1138718,-4.3283587,-4.328359,-2.120018,-2.5711727,-2.9060416,-2.784064,-2.9143214,-2.8984277,-2.8933635,-2.8933635,-2.8684404,-2.9205596,-2.883591,-2.4781919,-0.03939636,0.5109347,-0.44167104,-0.44167122,-0.28320193,-0.37157014,-0.27681044,-0.11314823,-1.3340646,-3.363648,-1.1195775,-1.119577,-1.1777191,-0.030528428,-1.1765844,-1.9952291,-0.2083737,-0.68916047,-0.6370879,-0.6370879,-0.6425014,-0.4404379,-0.60141647,-1.9027874
CC(C)CC(C)(C)C,2.89,0.37469733,-2.8291533,-2.9234505,-2.9234502,-2.6921155,-3.0295424,-2.5657547,-3.4291196,4.1495795,-4.016367,-4.537574,-4.5375733,-4.540149,-4.182762,-4.540831,-2.1320558,2.8377466,-4.841109,-0.40710938,-0.40710926,-0.4238688,-0.4477575,-0.5627979,0.7515141,2.7423682,1.4635156,3.131773,3.1317744,3.2071488,1.3774507,2.9126048,0.19541986,-0.2834639,-3.4006472,-3.7017,-3.7016997,-3.6592042,-3.8643203,-3.21203,-3.8359413,-0.17460576,-3.7714329,-4.3791,-4.3790994,-4.3285065,-4.484573,-4.382045,-3.8915153,1.66378,0.4035882,0.5689489,0.5689497,0.62654346,1.070441,0.58063906,0.042704854,2.214007,-4.351497,-1.0454391,-1.0454395,-1.0930806,3.4801965,-1.1171367,-1.0171522,1.0208659,-0.33459437,-0.2508666,-0.2508666,-0.26774412,0.03763365,-0.17798567,-0.73551613
COc1cccc(c1)O,-7.66,-5.9566226,-5.379444,-5.7008224,-5.7008224,-5.727122,-5.9177155,-5.805255,-6.630247,-7.7630816,-4.3361773,-4.81305,-4.8130493,-4.8167877,-5.0100813,-4.820684,-5.7529817,-6.9077888,-4.490784,-6.352348,-6.3523483,-6.384546,-6.8579736,-6.5144453,-7.4939837,-7.1472673,-8.000105,-7.3462753,-7.3462725,-7.346412,-7.745467,-6.977891,-9.226738,-6.7472243,-6.0517516,-7.1720467,-7.1720467,-5.9212666,-6.4711246,-6.1131225,-6.98087,-5.716294,-4.0688963,-4.634055,-4.634055,-4.595462,-4.778893,-4.7488804,-5.3389616,-8.715925,-6.1100655,-6.589225,-6.589226,-6.5338817,-6.03711,-6.479025,-6.5334086,-7.4275866,-5.013204,-6.686301,-6.686301,-6.8917966,-7.022047,-7.12902,-7.2342396,-7.8712873,-7.700408,-7.6843596,-7.684359,-7.644823,-7.6286573,-7.699291,-7.6082034
CCCCCC(=O)OC,-2.49,-2.8551528,-3.8182254,-3.8466187,-3.8466187,-4.0742183,-4.0760045,-4.526187,-4.005039,-3.9752698,-4.4850044,-4.8925295,-4.89253,-4.892188,-4.664744,-4.889462,-4.2381415,-2.5926006,-4.6648846,-2.6272917,-2.6272917,-2.5848835,-3.1935322,-2.4992025,-2.2398057,-2.7805293,-3.4813013,-2.8884864,-2.8884842,-2.480991,-3.118558,-2.31961,-4.323917,-4.2658052,-3.9467933,-4.199146,-4.1991463,-2.473045,-3.377811,-3.9712157,-3.6276126,-4.122739,-4.8175025,-4.8095546,-4.809555,-4.9132323,-4.211646,-4.6799383,-3.949584,-5.48303,-5.184308,-5.2489977,-5.2489977,-5.2309623,-4.0694985,-5.0987873,-4.6843157,-4.1474733,-4.944505,-3.2852242,-3.2852244,-3.3760803,-3.2051792,-3.5998704,-3.6803496,-2.3840537,-2.334105,-2.1950767,-2.1950767,-2.2594705,-2.1378953,-2.3962078,-2.1764245
CCCN,-4.39,-2.4975293,-2.4535744,-2.0592265,-2.0592265,-2.0366905,-2.130036,-2.0829368,-2.296239,-4.5308447,-3.2219174,-3.7305138,-3.7305138,-3.72945,-3.8278093,-3.7228208,-2.7298276,-4.6768427,-3.8451748,-4.312733,-4.312733,-4.256231,-4.613838,-4.1831756,-5.2998877,-4.1085787,-4.5975966,-3.9790945,-3.9790921,-4.0520678,-4.218472,-3.7043686,-5.2296834,-2.4598508,-2.9701993,-2.9699018,-2.9699016,-2.0588434,-2.3186135,-2.9543386,-3.1510606,-3.6849523,-3.2852094,-3.5816493,-3.5816493,-3.555271,-3.668308,-3.5557687,-3.393314,-4.772546,-3.9563832,-4.4179764,-4.4179754,-4.429163,-4.0743713,-4.437259,-3.9798808,-5.1230874,-3.7655191,-2.2576528,-2.2576528,-2.328429,-2.917182,-2.396786,-2.4629264,-4.438056,-4.480914,-4.458808,-4.458808,-4.4011774,-4.419075,-4.4216084,-4.351247
c1ccc(c(c1)N)[N+](=O)[O-],-7.37,-5.4034123,-5.728261,-5.9700494,-5.97005,-5.9721904,-6.1842875,-5.952585,-6.479973,-7.214475,-4.642706,-5.36358,-5.3635807,-5.3652725,-6.52622,-5.3611436,-7.5919743,-6.7971253,-4.371709,-6.6358857,-6.6358857,-6.656032,-7.479099,-6.769286,-8.249016,-7.1175346,-9.31597,-8.406946,-8.406942,-8.390832,-8.909386,-8.213004,-10.233487,-6.0962152,-6.4252625,-7.4899697,-7.489971,-6.3664937,-7.4305067,-6.666668,-6.060968,-4.563386,-3.725101,-4.5117106,-4.5117106,-4.460378,-4.649885,-4.3770866,-4.495131,-8.075005,-7.417205,-8.698262,-8.69826,-8.699052,-6.875829,-8.772791,-8.57452,-6.70101,-6.4555774,-7.4345818,-7.434581,-8.123999,-4.6766825,-8.58357,-7.7713866,-7.487458,-7.401618,-6.9865766,-6.986575,-6.958913,-6.8105383,-7.133157,-7.2730374
c1c(c(=O)[nH]c(=O)[nH]1)Br,-18.17,-16.02481,-5.347616,-5.4725986,-5.472598,-5.470126,-5.7102118,-5.55833,-6.681906,-18.98313,-4.3356686,-5.0337877,-5.0337873,-5.033594,-6.0485663,-5.0261035,-8.152899,-18.331842,-4.298125,-9.750755,-9.750757,-9.869913,-10.271555,-10.137271,-15.046011,-17.226255,-15.7535,-14.890776,-14.890775,-14.781359,-14.908077,-14.306571,-18.654396,-17.912811,-5.6979265,-6.923577,-6.9235773,-7.217301,-7.869317,-5.7851567,-8.982421,-6.5140176,-3.7809703,-4.279572,-4.279572,-4.270192,-4.4562435,-4.502804,-5.4591465,-17.907215,-16.934507,-17.646036,-17.646036,-17.350025,-16.554504,-17.710417,-17.31014,-19.679207,-4.01924,-6.241626,-6.2416263,-6.293285,-16.473406,-6.3698654,-6.430023,-16.97446,-16.66006,-16.920843,-16.920843,-17.053669,-16.81894,-16.948214,-17.351454
C(C(Cl)Cl)Cl,-1.99,-0.45902404,-2.5135925,-2.0396442,-2.0396445,-2.0270443,-1.8848612,-1.7484801,-2.2072854,-1.3373892,-2.7595568,-2.8865144,-2.8865142,-2.8857899,-1.9104457,-2.8830101,-0.3722092,-2.1672466,-2.098906,-1.4477746,-1.4477746,-1.4398758,-1.2061788,-1.4800828,-1.3205361,-1.8122603,-2.5451562,-1.6595296,-1.6595281,-1.5090483,-1.9394512,-1.3968822,-3.160692,-0.59839314,-1.9394633,-1.983803,-1.9838028,-1.6564219,-1.7330924,-2.4093063,-2.2112556,-1.4228692,-2.9118464,-2.9724689,-2.9724686,-2.941652,-3.0774581,-2.946503,-1.8280236,-2.140702,-3.546338,-2.4190593,-2.419059,-2.613878,-1.5595247,-2.2934654,-1.8050696,-1.9640146,-2.7978199,-0.5150227,-0.51502293,-0.5253011,-1.069713,-0.5025323,-0.39130867,0.17314051,-0.24446027,-0.26630688,-0.26630694,-0.17782271,-0.19653113,-1.0059994,0.7578647
N,-4.29,-3.7613168,-3.968087,-4.1559515,-4.1559515,-4.224347,-4.6186714,-4.1750746,-4.455602,-4.687625,-1.5748938,-0.94692874,-0.9469288,-0.94649833,-1.0525945,-0.9467075,-3.9697611,-4.427028,-2.1186347,-2.259173,-2.2591727,-2.2583768,-2.7718875,-2.2709327,-4.1541295,-4.195466,-5.8485503,-4.800637,-4.8006334,-4.69312,-5.0990896,-3.989737,-5.5105066,-4.14687,-3.8414211,-4.0486007,-4.0486007,-3.8732154,-3.9886508,-3.9861312,-3.8013542,-2.4445553,-1.9033927,-0.86188036,-0.8618804,-0.86537075,-1.0403422,-0.8531734,-4.072055,-4.5302305,-7.0390787,-6.9976788,-6.9976783,-6.8277392,-3.996128,-6.584294,-4.4952435,-4.8959427,-4.0238776,-6.7440925,-6.7440925,-6.7796965,-4.181073,-6.872476,-1.8871652,-4.204258,-2.4776354,-2.250962,-2.2509618,-2.2247076,-2.3649821,-2.2901309,-2.5009286
CCC[C@@H](C)O,-4.39,-2.3516371,-3.0306766,-2.9526668,-2.952667,-2.9908745,-3.2155604,-2.6476512,-3.2088408,-3.6188934,-3.7328923,-4.2225776,-4.2225776,-4.218951,-4.0951715,-4.210892,-2.6816692,-4.729322,-4.3557234,-3.2101393,-3.2101388,-3.2165246,-3.5443828,-3.3352423,-4.251616,-4.1660786,-4.258162,-3.347156,-3.3471546,-3.312691,-3.7167141,-2.6841993,-4.395649,-2.2352874,-3.3299007,-3.7207577,-3.7207577,-3.0935795,-3.7834475,-3.2812762,-3.717162,-3.2641964,-3.699118,-4.085882,-4.085882,-4.061548,-4.183241,-4.229335,-3.9011896,-4.754789,-4.229937,-4.3435283,-4.343528,-4.258873,-3.1993153,-4.292329,-3.966693,-5.2148776,-4.416541,-3.4593632,-3.4593632,-3.5442436,-4.099276,-3.8771284,-2.719621,-4.2712994,-4.884405,-4.560593,-4.5605927,-4.5596905,-4.232349,-4.4903927,-5.0005484
c1cc(c(c(c1)Cl)c2c(cc(cc2Cl)Cl)Cl)Cl,-1.96,-2.9342055,-5.001569,-5.7731967,-5.773197,-5.5569563,-6.511619,-5.471207,-5.262819,-3.222385,-5.3767605,-5.689424,-5.689424,-5.696865,-5.226788,-5.7134056,-4.943085,-1.8200436,-4.60559,-2.9584577,-2.9584577,-2.9202452,-3.7886853,-2.831637,-2.6294932,-1.9921366,-2.384227,-2.03821,-2.0382087,-2.0475202,-2.5417736,-1.8654873,-2.1542473,-2.2132602,-1.6566715,-1.5360003,-1.5360004,-1.01082,-1.1660401,-1.6625654,-1.9295466,-4.9107018,-4.8301024,-5.6513405,-5.6513405,-5.6380286,-5.72398,-5.4984446,-6.205762,-3.4296565,-4.362355,-3.5972548,-3.5972545,-3.7076976,-3.5105665,-3.8660529,-3.6066587,-1.8233345,-5.814098,-1.806206,-1.806206,-2.0514119,-2.0713098,-2.3053176,-3.413984,-1.8520836,-1.963534,-2.2418134,-2.2418134,-2.2245612,-2.2384007,-2.1529691,-1.9819921
CCCOC=O,-2.48,-2.7054276,-2.978647,-2.763895,-2.763895,-2.7321203,-2.882691,-2.7121747,-2.8929586,-3.6014698,-3.705035,-4.173806,-4.173806,-4.1685615,-4.2557216,-4.156563,-4.169077,-3.0746765,-3.801899,-3.7812312,-3.7812314,-3.8004375,-3.8761463,-3.9240956,-2.4917982,-2.775929,-3.7918906,-3.3388238,-3.338822,-3.3516984,-3.6980379,-3.0344965,-5.4608836,-3.646624,-3.1604283,-3.3616967,-3.361697,-2.5553591,-3.4583068,-3.1887612,-3.1848378,-3.6235948,-3.857621,-3.8352785,-3.8352783,-3.8037632,-3.653484,-4.3388004,-2.6951504,-5.6290975,-5.9834375,-6.1565332,-6.1565337,-6.1174955,-5.2075987,-6.0409517,-6.7429767,-3.283133,-4.5761275,-4.2613306,-4.2613306,-4.457664,-2.7860906,-4.626348,-4.3447537,-2.1649604,-3.150594,-3.0657792,-3.0657792,-2.9549184,-2.8432183,-2.8869073,-3.119461
Cn1cnc2c1c(=O)n(c(=O)n2C)C,-12.64,-10.926856,-6.0025606,-5.852546,-5.852546,-5.9276805,-5.9509025,-5.9531455,-5.995062,-13.958165,-4.93894,-5.5566583,-5.5566583,-5.563372,-6.0728693,-5.578755,-8.269754,-12.882376,-5.3934865,-7.746913,-7.746913,-7.7480164,-8.669041,-8.068485,-12.173298,-12.876114,-11.786562,-10.869894,-10.86989,-11.037566,-9.876039,-10.966116,-13.219501,-10.806753,-7.6282115,-7.860258,-7.8602576,-6.277303,-7.3189044,-7.7679176,-7.4531393,-6.2725387,-4.361985,-5.529447,-5.5294476,-5.469676,-5.774744,-5.313346,-6.5350633,-12.885928,-13.366674,-11.5955105,-11.595511,-11.686478,-11.611572,-11.92573,-12.031856,-12.617236,-5.544113,-8.042538,-8.042539,-8.217357,-12.229873,-8.509285,-8.5799675,-12.992037,-12.79449,-12.691911,-12.691913,-12.609045,-12.504277,-12.648915,-12.5843725
Cc1cc(cc(c1)O)C,-6.27,-4.352468,-5.791728,-5.142633,-5.142633,-5.2764144,-4.893287,-5.371857,-4.6405377,-6.288857,-4.334394,-4.8604975,-4.8604984,-4.863757,-4.8441625,-4.86472,-3.8042562,-6.4165087,-4.4794493,-4.0709233,-4.0709233,-4.05912,-4.7246404,-4.218329,-5.960743,-5.6519895,-5.660502,-4.709216,-4.7092123,-4.610399,-5.111247,-4.365788,-6.5033274,-6.686818,-7.1051598,-7.3625274,-7.3625283,-6.102073,-7.1292105,-7.244053,-6.5543575,-4.2241898,-4.0462584,-5.06393,-5.0639296,-5.0028825,-5.322712,-4.903555,-5.2954497,-6.456609,-4.2254667,-5.1044497,-5.10445,-5.050128,-4.015332,-5.1060176,-3.7421856,-6.292842,-4.4529033,-4.445133,-4.445133,-4.5113473,-5.071722,-4.628952,-5.029634,-6.3000336,-6.070612,-5.941359,-5.941359,-5.8495502,-5.769825,-5.904468,-5.915528
C1[C@H]([C@@H]([C@H]([C@H](O1)O)O)O)O,-20.52,-14.966753,-3.8663666,-3.9021144,-3.9021144,-4.026465,-4.1078305,-3.9612255,-4.49605,-19.488474,-4.313679,-5.0698605,-5.06986,-5.070204,-5.976055,-5.064539,-6.306218,-20.711044,-7.3709483,-18.223257,-18.223259,-18.05658,-19.858805,-17.882336,-19.315023,-19.995443,-22.481146,-20.367016,-20.367014,-20.909166,-21.593964,-20.887405,-19.195515,-11.791643,-4.5698833,-5.080322,-5.080323,-5.5201755,-5.8902764,-4.6850023,-6.0657225,-5.4217453,-3.7286747,-4.507768,-4.5077677,-4.450316,-4.693689,-4.630207,-5.4243584,-22.529734,-9.65633,-14.958568,-14.95857,-14.967128,-15.99927,-15.767811,-14.934577,-21.946995,-5.675872,-8.805934,-8.805934,-8.90105,-20.118946,-9.142244,-8.137394,-20.396347,-20.595371,-20.339361,-20.33936,-20.426144,-20.477392,-20.383266,-20.545195
Cc1ccc(cc1)C(=O)N(C)C,-9.76,-7.848811,-4.069019,-4.3429513,-4.342952,-4.240923,-4.446689,-4.3059645,-5.4113765,-9.240771,-4.897256,-5.362514,-5.362514,-5.3679776,-5.4483495,-5.3809276,-7.231233,-9.9676485,-5.427679,-5.4274907,-5.42749,-5.432503,-6.028891,-5.9661274,-9.168229,-9.090239,-7.9315944,-6.406464,-6.406462,-6.244964,-6.881191,-6.1602793,-10.0499935,-11.397688,-4.3514776,-5.3570323,-5.3570333,-5.389274,-6.096117,-4.415136,-5.396626,-5.4719777,-4.7778506,-4.7842045,-4.7842045,-4.8417764,-4.6828833,-4.903366,-5.208955,-7.369059,-5.815489,-6.7045,-6.7045007,-6.9417844,-5.8115263,-6.8971386,-6.202776,-9.365831,-5.3738313,-5.5025578,-5.5025597,-5.637626,-7.428035,-5.867063,-6.335087,-9.7575,-9.9992,-9.866507,-9.866507,-9.867748,-9.944334,-9.858329,-9.817131
CS(=O)C,-9.28,-8.045226,-4.1038065,-3.7536929,-3.7536926,-3.7274554,-3.7507215,-3.7011993,-3.5024698,-8.672275,-3.0601509,-3.5844338,-3.5844338,-3.5834055,-3.6520596,-3.5772395,-2.7992046,-9.731498,-2.7611601,-1.9536048,-1.9536049,-1.9500885,-1.8439175,-2.0348506,-2.9274569,-5.0282807,-3.94267,-3.004555,-3.0045528,-2.906221,-2.898924,-2.4179568,-5.7511353,-8.710543,-2.626877,-6.6332717,-6.6332717,-7.4225564,-7.705741,-3.6805491,-7.400404,-2.5506504,-3.1222699,-3.3464174,-3.3464177,-3.3154294,-3.361312,-3.3819058,-3.3424358,-3.6338372,-2.8941035,-3.6223125,-3.622313,-3.6397116,-3.299253,-3.6825516,-3.437228,-10.114641,-3.8931725,-3.0853095,-3.0853097,-3.1686351,-9.41199,-3.2555292,-3.4866939,-5.0762167,-2.9229765,-3.0938957,-3.0938957,-3.0775497,-3.3632762,-3.226453,-3.4409888
CCC(=O)OCC,-2.68,-1.8177904,-3.535645,-3.6648784,-3.6648784,-3.527623,-3.922351,-3.5220072,-3.791073,-5.3181534,-3.9268131,-4.274067,-4.2740674,-4.275035,-4.0402164,-4.276542,-4.4054847,-2.752903,-3.9144323,-2.631689,-2.6316888,-2.6114643,-2.878771,-2.6265936,-2.1249871,-3.124393,-3.1881843,-2.781569,-2.781566,-2.718496,-3.0849302,-2.4418378,-4.4552345,-3.0559003,-3.282937,-3.6725755,-3.6725755,-3.0735648,-3.9965768,-3.2776775,-3.3792417,-3.2715945,-3.9865637,-4.6738143,-4.673814,-4.633722,-4.7291403,-4.5382075,-4.4498,-3.6656494,-5.8063126,-5.137051,-5.137051,-5.0675697,-2.921354,-4.9167957,-4.671708,-3.5539894,-4.6982813,-4.0251894,-4.02519,-4.0096197,-2.9436526,-3.776387,-3.949145,-2.2790437,-3.1134424,-3.1480987,-3.1480987,-3.115573,-3.0407186,-2.4139683,-3.756906
C(CO[N+](=O)[O-])O,-8.18,-4.9163775,-3.306608,-3.0797038,-3.079704,-3.1084948,-3.2357056,-3.1974516,-3.3684454,-6.4671974,-4.1966467,-4.7827196,-4.7827196,-4.783187,-5.8712473,-4.7778096,-7.879132,-8.487052,-3.842804,-6.5769734,-6.5769744,-6.612907,-6.7232757,-6.743784,-6.6709056,-7.764905,-8.559242,-7.387972,-7.38797,-7.33772,-7.5824594,-6.8646,-10.29535,-6.434636,-3.3620207,-4.172778,-4.1727786,-4.1410494,-4.7822504,-3.4332814,-3.4180937,-4.8320704,-3.673086,-3.5968914,-3.5968919,-3.5418365,-3.65237,-4.1924543,-2.7225783,-10.558944,-8.230728,-10.318643,-10.318644,-10.290932,-8.59953,-10.453028,-10.964183,-8.436116,-5.623724,-8.158997,-8.158997,-8.121619,-5.7869315,-8.109692,-9.3497715,-8.219366,-8.230141,-8.093764,-8.093764,-8.063349,-8.205016,-8.066792,-8.185833
CCCC(=O)OCC,-2.49,-3.2008984,-3.529695,-3.5321727,-3.5321727,-3.487097,-3.6864657,-3.6237411,-3.5265586,-4.508724,-4.051634,-4.4378324,-4.437833,-4.4411316,-3.9625278,-4.4524283,-3.5740561,-2.7773838,-4.274904,-2.483512,-2.4835117,-2.4675176,-2.9912984,-2.54412,-2.516456,-2.6906447,-3.522332,-3.0394375,-3.0394344,-3.020114,-3.2954123,-2.9118052,-4.719052,-3.1178145,-3.282389,-3.4752855,-3.4752858,-2.6091726,-3.5294619,-3.3066604,-2.9133482,-4.6283684,-4.3810024,-4.4991364,-4.499137,-4.5195227,-4.402878,-4.6221056,-4.3834596,-3.624869,-5.675004,-4.9459085,-4.9459085,-4.9031606,-2.5870426,-4.7519417,-4.240685,-3.2899423,-4.9163337,-3.4229228,-3.4229228,-3.3683012,-2.8254747,-3.3191907,-2.98289,-2.3024516,-2.9720206,-2.7271948,-2.7271945,-2.8599467,-2.542,-2.6317675,-2.8286772
CCCN(CCC)c1c(cc(cc1[N+](=O)[O-])C(F)(F)F)[N+](=O)[O-],-3.25,-4.7146626,-4.891971,-5.4322886,-5.432288,-5.3411255,-6.1696644,-5.3818502,-4.59228,-4.715031,-6.3129716,-6.864225,-6.8642244,-6.8675656,-7.7955837,-6.8880305,-9.807525,-3.4065948,-10.055159,-16.739862,-16.739862,-16.534206,-18.987186,-16.26125,-7.0037003,-2.9664054,-3.8470101,-4.591398,-4.5913954,-4.434317,-5.122465,-4.2830563,-1.8495018,-4.740503,-5.843492,-7.225947,-7.2259474,-7.8077087,-8.408885,-5.441801,-4.46592,-5.3945894,-5.02659,-6.346683,-6.3466825,-6.2826886,-6.569783,-6.340498,-6.180928,-6.893149,-6.3751125,-7.5104156,-7.5104156,-7.255413,-5.600981,-6.718987,-7.5541477,-3.1577985,-9.763568,-13.993044,-13.993045,-14.077427,-13.163212,-14.604348,-5.6290035,-3.6316457,-7.2750697,-6.5919547,-6.591954,-6.402362,-5.295885,-6.4351525,-9.987886
CO,-5.1,-4.573829,-1.3920656,-1.2622058,-1.262206,-1.2891104,-2.1392553,-1.3115828,-3.6785746,-2.9263914,-2.0064769,-1.7648836,-1.7648838,-1.764311,-1.7791053,-1.7635573,-3.5614102,-5.665259,-2.9458869,-4.4777265,-4.4777265,-4.491135,-4.6365213,-4.5721483,-4.2587037,-3.7188497,-4.775805,-3.5456574,-3.5456538,-3.4526174,-3.6394706,-2.9612863,-4.823938,-2.4160094,-2.6740239,-2.8566387,-2.856639,-1.9717699,-2.285743,-2.661116,-3.018561,-3.0159516,-2.3622882,-1.7545121,-1.7545122,-1.7541974,-1.8966708,-1.7221377,-2.007092,-5.0493917,-5.9079537,-6.348986,-6.3489866,-6.3180313,-5.8250923,-6.256484,-5.4114113,-5.981846,-3.4581375,-4.0144134,-4.014413,-4.0280128,-4.2301517,-4.101377,-2.9333415,-4.9187126,-5.1484914,-4.974687,-4.974687,-4.9883204,-5.045479,-4.9174547,-4.863383
c1ccc(cc1)CCO,-6.79,-4.7190332,-3.9188025,-4.0239367,-4.0239367,-3.9775467,-4.201344,-4.1174264,-4.5331874,-5.235884,-4.1760817,-4.614447,-4.614447,-4.617428,-4.5203633,-4.6200423,-4.0930085,-6.8201356,-4.976523,-6.2091517,-6.2091513,-6.243341,-6.5230913,-6.406266,-6.741476,-6.103406,-6.470666,-5.655364,-5.6553597,-5.6459575,-6.25366,-5.403332,-6.6355486,-4.860542,-4.253666,-5.111121,-5.111122,-4.009083,-4.964237,-4.268762,-4.0948534,-3.182049,-4.0788674,-4.708757,-4.7087564,-4.645993,-4.8030005,-4.6379423,-4.1876087,-5.5030346,-4.5453315,-4.935463,-4.935464,-5.0027666,-4.335787,-5.0389624,-4.915473,-7.1485214,-4.8289332,-3.9740949,-3.9740958,-4.012881,-6.2142143,-4.170851,-3.1779737,-6.8029685,-6.386859,-6.0713687,-6.0713677,-6.0833044,-6.216375,-5.9178214,-11.310252
C(CBr)Cl,-1.95,-1.6548736,-1.6645434,-0.99031824,-0.990318,-1.13582,-0.8047947,-1.450944,-0.88457316,-2.3615184,-2.550614,-2.6384969,-2.6384966,-2.6377947,-1.664127,-2.635469,-0.864938,-2.2088768,-2.988132,-2.2081618,-2.2081618,-2.2311885,-1.7904266,-2.391913,-0.40730494,-1.7898268,-2.2991257,-1.9266853,-1.9266806,-1.8169278,-2.2493517,-1.528509,-3.1413739,-0.9703101,-2.5352662,-1.5098611,-1.5098609,-1.4133686,-1.6756388,-2.4214275,-1.2234855,-4.4538627,-3.0263464,-3.2388234,-3.238823,-3.2153046,-3.365535,-3.2295911,-3.1279387,-0.6709076,-0.8041924,-1.4659013,-1.465901,-1.4810481,-1.4710265,-1.5077798,-0.67940634,-1.9645479,-2.6868713,-0.7117359,-0.71173596,-0.7235341,-2.055909,-0.69901866,-1.0673392,-1.2748979,-0.8526975,-1.1233137,-1.1233139,-1.2312069,-1.3168405,-1.3395916,1.07618
CCCCCCC=O,-2.67,-1.40612,-3.1195738,-2.8466048,-2.8466048,-2.8737214,-2.7046921,-3.0435958,-2.6416478,-2.5614843,-4.0424676,-4.4323454,-4.4323454,-4.429588,-3.9914634,-4.425109,-2.8385637,-2.3721583,-4.5622673,-1.3509678,-1.3509676,-1.3749573,-1.777617,-1.4147778,-1.7110841,-2.2075124,-1.8812813,-1.5045886,-1.5045868,-1.2909448,-1.9572963,-0.8822024,-3.0678082,-2.6333675,-3.4868717,-3.0585296,-3.0585299,-1.7401696,-2.3502436,-3.672701,-2.6945908,-3.166265,-4.461126,-4.5279326,-4.5279326,-4.577054,-4.05729,-4.7752414,-2.7348375,-3.7568543,-3.288928,-4.4122887,-4.4122887,-4.2469306,-2.7891145,-4.3274364,-3.302663,-2.6421614,-5.05337,-3.242716,-3.2427158,-2.9901204,-1.4522287,-2.6797268,-3.2094035,-2.584434,-3.515391,-2.9418223,-2.9418223,-2.8960905,-3.245633,-3.121753,-4.132927
c1ccc2c(c1)cccc2O,-7.67,-6.7287674,-6.136571,-6.062186,-6.0621862,-6.1057057,-6.1678505,-6.133287,-6.4276443,-7.391928,-4.4962955,-5.015533,-5.015533,-5.018735,-5.245379,-5.0198965,-5.057961,-7.1453156,-4.7754374,-6.7489605,-6.74896,-6.7708774,-7.384555,-6.7018986,-6.3241005,-6.415452,-6.129806,-5.4070897,-5.407087,-5.3991137,-5.9042006,-4.9377804,-6.563756,-6.3444815,-7.4368014,-7.8364244,-7.836425,-7.00133,-7.5217333,-7.3948827,-7.7930074,-5.0238543,-3.9956903,-4.7745337,-4.7745337,-4.7258673,-4.939434,-4.654839,-4.974691,-6.576393,-4.529004,-5.1984167,-5.1984167,-5.1500916,-4.079423,-5.1906185,-4.013371,-7.9418283,-4.202267,-7.3306737,-7.330673,-7.3255377,-6.6204557,-7.4585595,-6.644533,-7.8034315,-7.489675,-7.611026,-7.6110253,-7.531648,-7.2752905,-7.5448747,-7.6089516
c1c(cc(cc1Cl)Cl)Cl,-0.78,-1.2067916,-6.8293314,-5.575434,-5.575434,-5.7417507,-5.4265685,-5.84956,-5.1451883,-1.2523023,-4.5777636,-5.0931935,-5.0931935,-5.093071,-5.5984483,-5.0842996,-4.483896,-0.8405177,-3.2819023,-2.1121294,-2.1121292,-2.0841758,-2.15223,-2.0357513,-1.0766108,-0.65710735,-3.5034761,-2.727882,-2.7278798,-2.7122705,-2.9428632,-2.71375,-3.795934,-0.69171655,-7.429177,-6.6570506,-6.657051,-5.8668647,-6.062646,-7.2063956,-5.974016,-3.09341,-3.9193935,-4.6499753,-4.649975,-4.6366086,-4.8480663,-4.7494006,-5.7654896,-1.4972478,-1.7368615,-1.6601503,-1.6601502,-1.6335511,-1.5448949,-1.6291851,-0.94834113,-1.0339193,-3.5931587,-3.0315733,-3.0315738,-3.0946753,-0.64768857,-3.1252186,-3.6178212,-1.028459,-1.1002436,-1.0987543,-1.0987543,-1.0949669,-1.0238315,-1.1113569,-1.0824813
CCCCC(=O)OCC,-2.49,-3.1849475,-4.001028,-4.161581,-4.1615806,-4.4182825,-4.514957,-4.5748324,-4.579493,-3.0781474,-4.3525476,-4.756616,-4.7566156,-4.757462,-4.3400006,-4.7566047,-3.7028978,-2.4459457,-4.5875735,-2.2591739,-2.2591736,-2.2479491,-2.7084234,-2.1673417,-2.082856,-3.4253154,-4.636,-3.4997475,-3.4997451,-3.0694911,-3.787881,-3.005455,-5.064234,-4.3347807,-4.0510464,-4.5394015,-4.539402,-2.3774383,-3.347063,-4.1672273,-3.8164582,-4.7033234,-4.748621,-5.160546,-5.1605463,-5.1635094,-5.00375,-5.2853503,-5.2579675,-4.024199,-5.503543,-4.9286838,-4.9286838,-4.8683124,-2.9733102,-4.7066565,-4.0829635,-2.8353908,-4.9762945,-2.9279506,-2.9279513,-2.7835143,-1.6490985,-2.7465103,-3.0876462,-2.2269359,-2.393931,-2.3224294,-2.3224297,-2.366253,-2.3718188,-2.417369,-2.3582492
c1ccc(c(c1)Cl)Cl,-1.36,-6.950103,-6.1848774,-5.7524014,-5.752401,-5.83482,-5.720494,-5.894966,-5.801397,-2.106992,-4.0355396,-4.6707487,-4.6707487,-4.6704807,-4.8502936,-4.6628385,-4.2020774,-1.4892025,-3.3773892,-3.1048326,-3.1048324,-3.123169,-3.2111142,-3.1491423,-2.4338276,-1.6478138,-3.7247615,-2.808861,-2.8088586,-2.7587852,-3.5093882,-2.64882,-4.155409,-0.7365264,-4.40111,-4.900487,-4.900487,-4.1190395,-4.388299,-3.8435478,-5.1484723,-5.9721384,-3.7720149,-4.2952743,-4.2952747,-4.28067,-4.5058575,-4.5185957,-5.4757133,-0.98109186,-0.853925,-0.3440578,-0.3440571,-0.27156156,-0.14985842,-0.24350403,-0.25730327,-2.4254942,-3.4676383,-3.6501212,-3.6501212,-3.6707456,-2.282474,-3.6985817,-4.2700753,-1.3574748,-1.1908857,-1.2451406,-1.2451404,-1.2047999,-1.2251192,-1.1933204,-1.2652457
COCCOC,-4.84,-3.7530084,-3.088134,-2.712439,-2.712439,-2.7579076,-2.7404902,-3.0335832,-2.4002376,-5.121079,-3.8851237,-4.235715,-4.235715,-4.235854,-4.261027,-4.2351484,-5.3622165,-4.8695397,-4.3913927,-4.6768413,-4.676841,-4.6811695,-4.5929165,-4.869321,-3.6630394,-4.0210915,-6.3056626,-5.279562,-5.279559,-5.334268,-5.9685593,-5.022358,-6.748207,-3.868239,-1.697391,-2.792556,-2.792556,-1.8681366,-1.4803566,-2.1341872,-1.6980089,-4.402833,-4.101485,-4.1681523,-4.168152,-4.1259108,-4.05293,-4.265533,-3.818444,-6.8923974,-4.9458447,-5.2966967,-5.2966967,-5.2601986,-5.3733473,-5.192554,-5.2210665,-6.1461983,-4.291042,-3.1226535,-3.1226537,-3.1322646,-3.9586341,-3.2193797,-3.3845701,-4.9788446,-5.145213,-5.156857,-5.156857,-5.2016287,-5.2360144,-5.1585217,-4.576662
CCl,-0.55,-0.20506063,-0.5011282,-0.28776073,-0.28776065,-0.4157989,-0.97127384,-0.51362133,-1.958967,-0.8292969,-1.7475172,-1.1179821,-1.1179821,-1.1172786,-1.0472051,-1.117638,-0.63991886,0.055344723,-1.6345844,-1.3459609,-1.3459609,-1.3406347,-1.4657464,-1.3426832,-3.2198083,-0.7106257,-2.414459,-1.3076733,-1.3076699,-1.2282953,-1.7525511,-1.0131087,-2.8739305,0.4509583,-1.7849733,-1.2694529,-1.269453,-1.2222928,-0.8285753,-1.7558298,-1.6041232,-0.640186,-2.3328774,-1.6810874,-1.6810873,-1.6785553,-1.8479749,-1.6624047,-1.4342248,-0.573825,-0.9933288,-1.696979,-1.6969786,-1.7517369,-1.7339636,-1.9059774,-0.9991605,-0.13320136,-2.1392093,-0.49779415,-0.49779424,-0.5070628,0.19743347,-0.5110847,-0.40230304,0.38915786,0.01937462,0.10044524,0.10044525,0.074446276,0.3629461,0.19628236,-0.034559995
CCCCC(=O)O,-6.16,-2.7317874,-2.8856828,-2.7583234,-2.7583232,-2.6500175,-2.8047693,-2.528112,-2.9110327,-4.3940983,-3.925652,-4.4177566,-4.4177566,-4.4132195,-4.56562,-4.402296,-4.0769343,-6.381031,-4.123302,-3.6026032,-3.6026032,-3.4986992,-4.110633,-3.3477397,-4.476588,-5.5484285,-5.6338825,-4.431518,-4.4315157,-4.173388,-4.2942815,-3.7331147,-5.8950825,-6.084248,-3.2775464,-3.8168652,-3.8168654,-3.7290814,-4.7029486,-3.2313428,-3.7519138,-3.6767914,-3.9214375,-3.7108817,-3.7108817,-3.7537878,-3.614843,-4.407892,-2.532338,-6.364533,-4.598792,-6.53625,-6.5362487,-6.42264,-5.8077517,-6.4998193,-5.2647314,-5.3960915,-5.066512,-5.5801477,-5.580149,-5.8046165,-6.209676,-6.2891665,-5.165372,-6.2594376,-6.2020936,-6.187868,-6.187867,-6.123226,-6.136509,-6.14286,-6.185369
c1c(c(=O)[nH]c(=O)[nH]1)C(F)(F)F,-15.46,-11.145308,-5.359948,-5.81733,-5.8173304,-5.7525234,-6.1514,-5.715002,-7.34344,-15.340276,-5.611933,-6.7580748,-6.7580748,-6.760299,-10.002782,-6.7584324,-13.474574,-15.448834,-4.8612795,-13.872357,-13.872357,-14.028103,-14.880867,-14.67134,-16.00925,-15.808185,-15.4966955,-15.247473,-15.247465,-15.202953,-15.92408,-15.073738,-15.911459,-9.608718,-5.5515,-6.99611,-6.9961104,-6.476396,-7.0101185,-5.6047573,-8.368008,-4.6881323,-3.7397807,-4.3936644,-4.3936644,-4.358574,-4.4816475,-4.2426634,-4.361328,-16.28297,-9.27745,-13.462717,-13.462718,-13.252427,-13.262364,-13.3517885,-12.436654,-16.771383,-8.481109,-11.999338,-11.999339,-12.583444,-14.710789,-13.006356,-6.2151203,-16.97446,-16.66006,-16.920843,-16.920843,-17.053669,-16.81894,-16.948214,-17.351454
C(C(CO)O)O,-13.43,-3.9410768,-3.0630572,-2.7694328,-2.7694328,-3.0664184,-2.8522942,-3.251884,-2.9563003,-14.653349,-3.6944962,-4.358664,-4.358664,-4.3569226,-5.000382,-4.3485584,-5.2461743,-14.283869,-5.166247,-11.652005,-11.652006,-11.623742,-12.984976,-11.739527,-14.917091,-14.437472,-14.532259,-13.054434,-13.05443,-12.921739,-12.9835,-12.278744,-17.60345,-6.233024,-3.5177982,-4.022826,-4.022826,-3.2783084,-3.8030596,-3.5422292,-4.597917,-3.7166736,-3.2031686,-3.5166724,-3.5166726,-3.4734156,-3.6099217,-3.5678632,-2.9567187,-14.275065,-8.170937,-11.481764,-11.481764,-11.485886,-11.568358,-11.751373,-10.953386,-12.92953,-4.960106,-7.5111127,-7.5111136,-7.7113748,-11.524671,-7.981723,-6.183052,-13.454092,-13.914117,-13.744927,-13.744928,-13.481058,-13.427276,-13.099493,-13.340595
c1ccc(cc1)C(=O)N,-11.0,-6.385194,-5.210775,-5.607585,-5.607585,-5.576911,-5.8370576,-5.5816956,-6.3613772,-7.109141,-4.3193836,-4.853788,-4.853788,-4.856414,-5.1913457,-4.8560767,-5.451658,-10.366241,-4.281255,-5.7378135,-5.737813,-5.776034,-6.529865,-5.857068,-7.493481,-8.962355,-10.1985235,-8.612601,-8.612599,-8.516685,-8.756834,-8.276408,-10.722923,-9.587983,-5.3643894,-7.0326,-7.0326004,-6.5911045,-7.544996,-5.6008477,-6.637341,-4.749115,-3.9644823,-4.4350214,-4.4350214,-4.409493,-4.575659,-4.395637,-4.741877,-8.981668,-6.325409,-7.827895,-7.8278937,-7.9249134,-6.8592877,-7.897588,-7.79383,-9.277028,-5.531799,-7.80009,-7.80009,-8.186145,-7.113289,-8.525121,-6.964663,-11.064633,-10.411724,-10.830226,-10.830225,-10.804089,-10.88135,-10.821662,-10.8369665
CCI,-0.74,-0.36060196,-1.5408044,-0.8790926,-0.8790924,-0.9645373,-0.92928314,-1.1184618,-1.161117,-1.8915173,-2.3135953,-2.3725169,-2.3725169,-2.3717165,-1.6882766,-2.3693752,-1.2109252,-1.0215888,-2.5848079,-1.6884775,-1.6884775,-1.6806465,-1.3065522,-1.6966338,-0.47359762,0.073433824,-1.0105213,-0.64213103,-0.6421311,-0.58394265,-0.8738795,-0.43277863,-1.8949152,-0.75875115,-1.8718473,0.20898494,0.20898542,0.3842666,0.6383595,-1.6266655,-0.27191752,-1.804467,-3.0457752,-2.6281776,-2.6281776,-2.6609485,-2.9025698,-2.991764,-1.7888879,-0.21448176,0.6862197,-0.030647121,-0.030646985,-0.0042825164,-0.034366094,-0.11151169,0.3416907,-1.1419785,-2.3765297,-0.29208976,-0.2920898,-0.304181,-0.22504392,-0.23365456,-0.07847406,-0.2083737,-0.68916047,-0.6370879,-0.6370879,-0.6425014,-0.4404379,-0.60141647,-1.9027874
CCCNCCC,-3.65,-1.609946,-3.1811898,-2.9854832,-2.9854832,-2.9995418,-2.9275362,-3.1925335,-2.7236784,-1.2726175,-3.8711305,-4.2439384,-4.2439384,-4.2432213,-3.6269562,-4.241159,-2.3601353,-3.412891,-4.8561587,-1.8949845,-1.8949845,-1.893459,-2.1560206,-1.3143647,-2.8111246,-2.9167714,-2.8953052,-2.3962126,-2.3962097,-2.3711443,-2.7429855,-2.3175912,-3.694964,-0.968479,-3.3177156,-2.9742575,-2.9742575,-0.97525746,-1.8343154,-3.2156758,-2.1859655,-3.6634617,-4.3321643,-4.325999,-4.3259993,-4.251616,-4.1486697,-4.810018,-3.1653738,-4.3659983,-4.396867,-5.288189,-5.28819,-5.0676775,-4.4041357,-5.118309,-4.68533,-0.5264012,-4.5421557,-1.7301689,-1.730169,-1.9250958,0.8031973,-2.1245751,-1.2617383,-3.703219,-3.665595,-3.6779172,-3.6779175,-3.6609979,-3.671349,-3.6314344,-3.6186025
c1ccc2c(c1)Cc3ccccc3C2,-3.78,-3.5127587,-5.0129304,-5.3864865,-5.386486,-5.3294334,-5.540809,-5.364551,-7.161267,-3.6901588,-4.6861544,-5.134828,-5.134828,-5.140877,-4.78536,-5.154154,-4.158515,-3.8296616,-5.7061715,-3.786454,-3.7864528,-3.756259,-4.1917458,-4.083439,-6.210949,-3.145209,-5.0685267,-4.3473825,-4.34738,-4.022887,-5.6859884,-4.2809653,-5.6368175,-3.046494,-1.5400707,-5.32661,-5.3266106,-3.6365612,-3.6804643,-2.7898405,-1.7586894,-4.1308937,-5.1085277,-5.819156,-5.8191576,-5.87446,-5.3835545,-5.43266,-4.272619,-2.5965667,-1.1804107,-2.0756545,-2.0756538,-1.9908011,-1.9356095,-2.3814523,-0.53889024,-3.3689094,-5.05008,-3.0850298,-3.085031,-3.2868614,-1.0402744,-3.5332658,-2.64212,-3.393396,-1.6546539,-2.1953826,-2.1953828,-2.1672149,-2.3123844,-1.8584496,-1.1626703
CCC/C=C/C=O,-3.68,-2.4518752,-2.7226827,-2.4513237,-2.451324,-2.4336097,-2.4221232,-2.469508,-2.305913,-2.3841305,-3.9103327,-4.30642,-4.3064203,-4.307225,-4.1828923,-4.3062673,-4.012512,-2.9980211,-4.1898785,-3.0732822,-3.0732822,-3.0793931,-3.3714879,-3.1857262,-2.082149,-2.4139495,-4.2966595,-3.6919544,-3.6919494,-3.5988498,-4.2446976,-3.2604952,-4.892887,-2.9318929,-3.1956227,-3.1380756,-3.1380756,-1.733089,-2.5213385,-3.060257,-2.4963675,-2.503647,-4.029612,-3.496338,-3.496338,-3.5588872,-3.3127286,-3.8462954,-1.912853,-4.662198,-4.159754,-5.359617,-5.3596168,-5.3949175,-4.88114,-5.4262295,-5.166665,-3.29617,-4.92331,-4.697385,-4.697385,-4.820268,-2.3884857,-4.7837443,-4.4674745,-3.8134968,-3.685155,-3.6226633,-3.622663,-3.7064006,-3.621545,-3.6859226,-4.005377
Cc1ccc2cc(ccc2c1)C,-2.63,-4.2124157,-5.2056003,-5.494026,-5.494026,-5.467897,-5.654275,-5.535301,-6.8652067,-2.29167,-4.7985535,-5.2192636,-5.2192645,-5.2249756,-5.164277,-5.2365575,-5.621835,-2.8068237,-5.0543323,-4.1723146,-4.1723146,-4.150484,-4.7905436,-4.4173183,-3.7866719,-3.1407218,-3.3190398,-3.2401845,-3.2401822,-3.1464698,-3.441706,-3.1131682,-4.916421,-1.867,-1.5213407,-5.3466187,-5.3466187,-3.8448312,-3.6222067,-2.6184554,-2.2911973,-3.7875066,-4.8242745,-5.338062,-5.338062,-5.3496904,-5.27427,-5.2158265,-3.7789583,-2.2621462,-2.676434,-2.5445595,-2.544558,-2.5809202,-1.8679321,-2.962387,-2.1607056,-3.451117,-4.5637364,-3.5065048,-3.5065053,-3.5820425,-3.6627219,-3.7194617,-4.5166345,-2.5905354,-2.6668892,-2.6934116,-2.6934116,-2.65735,-2.6881487,-2.6757636,-2.7386205
CCCCOC(=O)C,-2.64,-2.8637443,-3.5830066,-3.431067,-3.4310672,-3.4222715,-3.4626858,-3.5875192,-3.398322,-3.5300515,-4.120731,-4.5198426,-4.519843,-4.5139217,-4.0504622,-4.4996705,-3.1349866,-2.7077365,-4.3535223,-2.8399475,-2.8399475,-2.8561835,-3.2031906,-2.8690455,-3.0853925,-2.9770048,-4.5601015,-4.0585604,-4.0585585,-3.7152371,-4.4221287,-3.3652105,-5.832197,-2.754187,-3.508846,-3.3990486,-3.399049,-2.1826277,-3.2189732,-3.4867628,-2.838562,-4.309686,-4.674356,-4.3818183,-4.381818,-4.4596334,-3.890172,-4.23083,-4.1615596,-4.696249,-5.5550814,-5.2973437,-5.297344,-5.210272,-3.6607687,-5.0436525,-4.8682485,-3.6569862,-4.853705,-3.294351,-3.294351,-3.2322452,-2.0675254,-3.2903292,-3.2899349,-2.429516,-2.860173,-2.9592216,-2.9592223,-2.7926502,-3.023516,-2.6014664,-2.5335393
Cn1ccnc1,-8.41,-5.375676,-4.615969,-4.7861323,-4.786133,-4.7544465,-4.9785857,-4.7385144,-5.0105634,-6.703668,-3.4467657,-4.047545,-4.047545,-4.0470386,-4.25279,-4.0403643,-3.5494301,-8.390642,-3.237093,-3.5610945,-3.5610948,-3.5737627,-3.6065056,-3.6722193,-3.9924457,-6.5663195,-4.046886,-3.07792,-3.0779178,-3.124571,-3.7559767,-2.7806287,-5.3286943,-8.105501,-4.2544584,-5.333442,-5.3334427,-4.0460796,-4.6255393,-4.4454703,-4.5351048,-4.428098,-3.2954347,-3.524264,-3.524264,-3.498965,-3.6593492,-3.4826949,-3.1138601,-6.9473968,-5.21077,-5.6761274,-5.676127,-5.7412863,-5.30112,-5.712207,-5.253552,-7.9284124,-3.953972,-2.9471908,-2.9471912,-3.0624957,-1.6790806,-3.1640532,-3.319225,-8.383948,-6.954381,-7.497281,-7.497281,-7.4922457,-7.3850856,-7.636901,-7.5469394
C(C(F)(F)F)O,-4.31,-2.8364043,-2.8525326,-2.9550061,-2.9550061,-2.6963623,-3.403085,-2.5715532,-3.7659225,-3.760781,-3.2404037,-3.6619222,-3.661922,-3.6612759,-4.167186,-3.6565807,-4.253239,-4.3497725,-3.257864,-5.5975637,-5.5975637,-5.615632,-5.878582,-5.6904078,-6.9658895,-3.7092178,-4.4387045,-3.6043494,-3.6043484,-3.5626261,-4.5499134,-3.310311,-5.0173845,-5.1751237,-2.8158946,-3.128404,-3.128404,-2.9350846,-3.1713529,-2.6258187,-5.0249953,-2.7601497,-2.83181,-2.8040028,-2.8040028,-2.7849915,-2.8614442,-2.7356365,-2.1153984,-5.1383886,-9.714849,-8.187606,-8.187609,-8.09217,-5.079666,-8.564218,-6.8122745,-4.723353,-5.3227367,-5.0936117,-5.0936112,-5.294746,-2.7050223,-5.495838,-5.1947923,-4.847312,-4.9123898,-4.8070283,-4.8070283,-4.8014145,-4.859911,-4.852034,-4.4566307
c1ccc(cc1)c2c(cc(cc2Cl)Cl)Cl,-2.16,-5.345997,-5.05199,-5.442905,-5.4429045,-5.4043045,-5.800591,-5.396082,-7.455999,-2.4439788,-5.049409,-5.4398503,-5.4398503,-5.446718,-4.9640317,-5.462128,-5.6569867,-2.4196162,-4.6982703,-3.258671,-3.2586703,-3.243539,-4.11802,-2.8967278,-2.8818135,-2.2192996,-3.4787314,-2.7627444,-2.7627444,-2.420734,-4.034483,-2.4062238,-3.3560896,-1.5021445,-2.6800241,-2.40322,-2.4032197,-1.269332,-1.0122993,-2.6559687,-2.5194528,-5.5261774,-4.8012605,-4.9849305,-4.9849305,-5.031024,-4.9205194,-5.038164,-5.914599,-3.269832,-3.2634358,-3.1713479,-3.1713479,-3.203945,-3.080139,-3.3248432,-2.7578137,-2.3882818,-5.443234,-2.9952538,-2.9952545,-3.2507627,-2.2733092,-3.4797194,-4.9768176,-2.0073876,-2.1450932,-2.0995347,-2.0995347,-2.089065,-2.0558023,-2.1257613,-2.1931736
Cc1ccc(c(c1)C)C,-0.86,-2.737231,-5.1491075,-5.49021,-5.4902105,-5.4660306,-5.6205297,-5.4344296,-5.916737,-0.5929895,-4.3052654,-4.796181,-4.796181,-4.8002086,-4.776663,-4.805499,-4.188005,-1.2018728,-4.5848794,-2.228466,-2.2284656,-2.2325118,-2.69254,-2.4247637,-3.3414834,-1.2940974,-3.273427,-2.9473963,-2.9473941,-2.8909724,-3.5794246,-2.744058,-4.8336864,-2.4383662,-5.835703,-7.0155106,-7.0155106,-6.1077967,-7.0560684,-5.981652,-6.838428,-2.8043602,-4.0736833,-4.173179,-4.1731787,-4.192942,-4.2108393,-4.1774263,-4.403732,-0.22673412,-0.33096978,-0.2556848,-0.25568414,-0.2175429,0.031700067,-0.24933921,-0.47170684,-1.8510393,-4.5463457,-3.0746891,-3.0746887,-3.248513,-1.7044975,-3.5040958,-3.511488,-0.7599808,-0.7121469,-0.8671307,-0.86713064,-0.8596496,-0.7428241,-0.7951387,-0.86732167
C1CCCCC1,1.23,-2.0788476,-3.4664168,-2.8155432,-2.8155434,-2.8139622,-2.4193108,-2.874683,-2.303176,0.6581317,-3.4451466,-4.1302443,-4.130244,-4.1298556,-4.2383294,-4.1226897,-1.7822124,1.1061796,-4.1012006,-0.39066038,-0.3906604,-0.43251365,-0.42618728,-0.22939697,-0.44769105,1.7037596,0.28770626,1.1179677,1.1179703,1.2475002,-0.3917085,1.2432106,-1.2434266,1.4030943,-0.99554914,0.43460464,0.43460473,1.1404625,1.8844943,-0.83248526,-0.37509686,-1.7387711,-3.364406,-4.031512,-4.031512,-3.9881914,-4.077091,-3.9525833,-3.9172492,1.9042709,1.4994541,1.4732006,1.473201,1.7285116,1.6722054,1.687138,0.63047147,0.40802392,-3.7298636,-0.6839586,-0.6839583,-0.82023466,2.0940273,-0.87023336,-0.7142881,-0.2083737,-0.68916047,-0.6370879,-0.6370879,-0.6425014,-0.4404379,-0.60141647,-1.9027874
CCCCCl,-0.16,-1.5097272,-2.2538588,-1.7388599,-1.7388598,-1.7658724,-1.6207521,-1.8865604,-1.7371984,-0.38013628,-3.4716053,-3.959535,-3.959535,-3.958311,-4.0980825,-3.9514062,-3.2751844,-0.14762451,-3.3035278,-1.7308528,-1.7308531,-1.7343689,-1.6845239,-1.7737323,-0.92337435,-0.17644483,-1.3489546,-1.1466682,-1.1466653,-0.92056715,-1.3910693,-0.64875877,-2.630826,-0.7792956,-2.739535,-2.0525346,-2.0525348,-1.1510602,-1.8450344,-2.6910415,-2.0480645,-3.5702446,-3.5811322,-3.8078485,-3.8078487,-3.7964413,-3.9299667,-4.065674,-3.816891,-0.5204671,-0.64397293,-0.8620262,-0.86202574,-0.7737982,-0.4807145,-0.75171584,-0.39585415,-0.50263727,-3.79006,-0.8798299,-0.8798302,-1.0294405,1.0342034,-1.0965846,-1.6090331,-0.12165143,0.5032499,0.41391528,0.41391525,0.54234797,0.5540476,1.4515219,1.1942286
CCCCCC(=O)O,-6.21,-1.7763599,-3.1308222,-3.0256605,-3.0256603,-3.0114934,-3.010659,-3.1261144,-3.166033,-4.163386,-4.049781,-4.489305,-4.4893045,-4.485236,-4.343019,-4.474926,-3.6229863,-6.353501,-4.4362288,-2.737313,-2.7373128,-2.711132,-3.2505698,-2.6061764,-4.3507094,-5.2536116,-5.509784,-4.128665,-4.1286626,-4.1964445,-4.304737,-3.5949018,-5.5253744,-5.418088,-3.5229447,-3.9726143,-3.9726148,-3.4760702,-4.499998,-3.457067,-3.5888224,-3.4095008,-4.249626,-4.1462398,-4.1462393,-4.16156,-3.820625,-4.566018,-2.5932279,-6.0220137,-4.1688213,-6.265814,-6.265815,-6.0674677,-5.8005743,-6.225022,-5.1071954,-5.2291765,-5.244061,-4.5586615,-4.5586615,-4.5861993,-5.038019,-4.7374396,-3.7752337,-6.2798343,-6.283702,-6.2803454,-6.2803454,-6.2232175,-6.168955,-6.1334014,-6.170991
c1c(c(cc(c1Cl)Cl)Cl)Cl,-1.34,-2.3319817,-6.3921804,-6.4022293,-6.4022293,-6.421386,-6.62324,-6.4150004,-7.170448,-1.1808988,-4.89019,-5.3520083,-5.352008,-5.352174,-5.643915,-5.344726,-3.2662678,-1.3561546,-3.289573,-2.3040092,-2.3040092,-2.2989357,-2.2347739,-2.2954402,-1.65606,-1.3504407,-3.048464,-2.5568802,-2.556879,-2.5779061,-2.729691,-2.4477139,-2.9472885,-1.0007932,-1.6505992,-2.6538675,-2.6538672,-2.2687647,-1.522139,-1.7729514,-2.733389,-3.207035,-4.03492,-4.8184485,-4.818448,-4.795305,-5.0313697,-4.9099793,-4.8629184,-1.6981319,-2.1377583,-1.571746,-1.5717453,-1.5157125,-1.2802093,-1.601372,-1.2971131,-1.821217,-3.7171907,-2.708874,-2.7088745,-2.776244,-1.1220928,-2.75469,-2.9677653,-1.2575654,-1.7154316,-1.7354417,-1.7354416,-1.7527437,-1.8751802,-1.7844328,-1.6851982
CCCCC(=O)C,-3.28,-1.828685,-3.0391033,-2.8628323,-2.8628325,-2.8429253,-2.839818,-3.053384,-2.7120404,-2.111565,-3.9879751,-4.420586,-4.4205866,-4.4226847,-4.3035283,-4.4252796,-3.669994,-3.193092,-4.0434713,-1.5901097,-1.5901097,-1.5921012,-1.9010592,-1.6465032,-1.1685184,-2.9501767,-3.4798384,-2.389983,-2.3899813,-2.138546,-2.944937,-1.6402051,-3.8669448,-2.9444406,-3.154074,-3.1230457,-3.1230454,-2.0808394,-2.9389856,-3.0977619,-2.6251395,-4.29167,-4.138029,-4.1226473,-4.122648,-4.1353326,-4.0868196,-4.334098,-3.651557,-4.3340406,-3.746117,-4.6524663,-4.652467,-4.7230067,-4.1205225,-4.744957,-4.390528,-3.830244,-4.644699,-3.561626,-3.561627,-3.6949806,-2.2961392,-3.959037,-3.4433377,-3.1543868,-2.876808,-2.7745466,-2.7745464,-2.768332,-2.8422666,-3.1011343,-2.1229963
COc1ccccc1O,-5.94,-4.9077516,-5.720452,-5.748739,-5.748739,-5.782662,-5.8125067,-5.7964916,-5.96403,-7.556651,-4.301621,-4.775941,-4.775941,-4.779213,-4.8959546,-4.7814603,-5.1660266,-6.3328905,-4.4353113,-6.2785172,-6.2785172,-6.3084493,-6.743602,-6.4467173,-7.381972,-6.588295,-7.3485694,-6.4910126,-6.4910097,-6.5245843,-6.894168,-6.2388716,-8.240955,-6.6010222,-6.5020723,-6.9562964,-6.9562964,-5.9963803,-6.3651066,-6.464792,-6.958254,-5.2984853,-3.9675734,-4.6718216,-4.6718216,-4.6263494,-4.85229,-4.583951,-5.117565,-7.529737,-6.416269,-6.427676,-6.4276757,-6.346011,-5.092119,-6.245223,-6.182079,-7.03132,-4.893394,-6.1699767,-6.169976,-6.4053597,-6.8051863,-6.6517887,-7.4183416,-6.0622015,-5.7148094,-5.8254285,-5.8254294,-5.772571,-5.660791,-5.7818956,-5.4763365
CC(=O)c1cccnc1,-8.26,-6.563414,-5.207033,-5.5471215,-5.5471206,-5.521386,-5.751513,-5.5328703,-6.4514065,-6.2285395,-4.267337,-4.741806,-4.7418065,-4.744622,-4.995871,-4.7454443,-5.732342,-8.205596,-3.8891397,-3.194865,-3.194865,-3.1937618,-3.581251,-3.307799,-3.7933252,-6.379697,-6.9729104,-5.9999943,-5.9999914,-5.9358683,-6.053157,-5.608069,-8.040274,-6.6291833,-5.486825,-6.6451783,-6.6451783,-5.803262,-6.1384764,-5.603725,-5.8739543,-4.355996,-3.9731472,-4.5536437,-4.5536437,-4.5185204,-4.682072,-4.44575,-4.487452,-7.3947616,-5.236784,-6.563266,-6.5632653,-6.7021127,-5.8034472,-6.6822824,-5.704089,-8.3779545,-4.943544,-5.8701286,-5.8701277,-6.095553,-7.9027777,-6.351678,-6.657962,-8.366438,-8.016662,-8.044186,-8.044188,-7.992757,-8.075522,-8.242254,-7.9739175
CCCl,-0.63,-0.48241624,-1.7419217,-1.1603773,-1.1603773,-1.1772896,-1.2739304,-1.251859,-1.7407564,-1.1177788,-2.3159158,-2.3876028,-2.387603,-2.3868935,-2.1118417,-2.38453,-1.8686141,-0.5569271,-2.2949872,-1.7079241,-1.7079241,-1.6998433,-1.5812407,-1.728173,-1.6868734,-0.33820105,-1.4588538,-0.950611,-0.9506076,-0.84338415,-1.3612705,-0.676198,-2.5241838,-1.5717969,-2.666719,-1.4387398,-1.4387404,-0.09346345,-0.35888228,-2.347117,-1.5554259,-1.0776923,-2.7210753,-2.5038834,-2.5038834,-2.4880273,-2.636362,-2.519951,-1.814235,-0.54223603,-0.45421174,-1.2271166,-1.2271165,-1.1943017,-1.09229,-1.2650216,-0.39127064,-0.91105545,-2.9093208,-1.1267115,-1.1267115,-1.1567941,0.9732294,-1.1728559,-2.4402401,-0.2083737,-0.68916047,-0.6370879,-0.6370879,-0.6425014,-0.4404379,-0.60141647,-1.9027874
CCC#N,-3.84,-2.0160508,-2.3762593,-1.8903897,-1.8903897,-1.8953664,-2.056736,-2.0134676,-2.4491189,-2.9619865,-2.8276758,-3.1648808,-3.1648805,-3.1641319,-3.2673466,-3.159494,-3.55192,-3.8649497,-2.9611762,-3.36376,-3.36376,-3.3733237,-3.434894,-3.4025493,-3.6939006,-2.0287294,-1.8948721,-1.5300752,-1.5300735,-1.4333615,-1.856769,-1.133815,-3.0651407,-2.3449745,-3.4561782,-4.480357,-4.4803576,-4.192535,-4.7727823,-3.5906725,-4.161544,-1.3946872,-3.2010777,-2.639357,-2.639357,-2.6956637,-2.8262005,-3.057981,-1.5130904,-3.0644975,-2.2029738,-3.1194355,-3.1194358,-3.105921,-2.643957,-3.2104237,-2.4096203,-4.169279,-3.9839544,-4.45515,-4.45515,-4.56095,-3.4466977,-4.697704,-4.7322235,-3.230206,-3.1535494,-3.214853,-3.2148528,-3.2071276,-3.186291,-3.169082,-3.087098
CCc1ccccc1,-0.79,-3.4517002,-4.0142174,-4.2569613,-4.256962,-4.14328,-4.440124,-4.097094,-4.5977554,-1.5383295,-4.004239,-4.4406304,-4.4406304,-4.4433,-4.2751136,-4.4442005,-3.3068283,-0.6784499,-4.1668897,-2.5846882,-2.5846877,-2.5849087,-3.038365,-2.6505628,-2.146529,-1.198562,-1.6983609,-1.3306074,-1.3306044,-1.2136484,-2.2738278,-1.21998,-2.6866617,-1.0014653,-2.5579398,-3.3904233,-3.3904235,-2.3574364,-2.7033973,-2.8439293,-2.6441011,-3.1435008,-3.8984082,-4.5171857,-4.517186,-4.475732,-4.634595,-4.411796,-4.3411274,-0.82975924,-0.1906984,-0.5784009,-0.5784006,-0.50982434,-0.11157764,-0.68850756,-0.6154878,-2.046579,-4.362759,-2.6128929,-2.612894,-2.8166041,-1.3733379,-3.007995,-2.2973657,-1.4930891,-1.4398458,-1.3940138,-1.3940139,-1.3375998,-1.299559,-1.3640668,-1.5880207
CCCC1CCCC1,2.13,-1.5810504,-2.9957092,-2.9412844,-2.9412847,-2.9522722,-3.048651,-2.8532608,-3.043141,1.8952539,-3.967219,-4.439623,-4.439623,-4.4398327,-4.1374707,-4.438088,-2.3810573,2.1813917,-4.6289577,-0.0058041345,-0.0058040423,-0.009805577,-0.1705813,-0.1354549,-1.4964411,2.2230613,-0.25273794,0.40534815,0.4053511,0.64677274,-0.38322675,0.6493091,-1.5535668,-0.45826522,-3.3548172,-3.5487316,-3.548732,-3.0281024,-3.881927,-3.2680097,-3.1079137,-3.0101352,-4.1442847,-3.8427289,-3.842729,-3.901898,-3.6321285,-4.0359697,-2.8701694,2.0778122,0.13909304,0.8487657,0.84876597,1.0521978,1.2232184,1.09669,-0.061403234,1.2790601,-4.4105773,-1.5095776,-1.5095778,-1.5935436,2.0014217,-1.6265883,-1.1550469,1.5579656,-0.49005806,-0.25453037,-0.25453037,-0.26574808,-0.19170691,-0.22234476,-0.059409447
C1CCOCC1,-3.12,-2.6022773,-3.5740287,-2.9256392,-2.9256394,-2.9293125,-2.5198312,-2.9794018,-2.2899294,-3.2702134,-3.3389235,-3.9601195,-3.9601197,-3.9597511,-4.057687,-3.953297,-2.2824123,-3.026153,-4.141963,-3.4038668,-3.403867,-3.4284954,-3.5290623,-3.487261,-2.1169279,-2.8343425,-4.6756563,-3.6919022,-3.6918983,-3.6270485,-3.8258302,-3.1523662,-5.4919095,-2.8983502,-2.3636382,-2.4181097,-2.4181094,-1.6566728,-1.6392039,-2.364788,-2.1713467,-4.6113906,-3.306393,-3.8715048,-3.871505,-3.834315,-3.9457147,-3.8782423,-4.442842,-1.9864635,-3.2508073,-3.0983639,-3.0983634,-3.0658796,-2.2802184,-3.126404,-2.361205,-4.58014,-3.7696085,-1.271207,-1.2712069,-1.3838005,-2.8520021,-1.438222,-1.3934758,-3.1228511,-3.1610632,-3.0176046,-3.0176046,-2.9751348,-3.171765,-3.1091392,-2.131975
CCCC/C=C/C,1.68,-1.2839003,-3.245816,-3.0091581,-3.0091581,-3.0423877,-2.907814,-3.201448,-2.7501476,1.0105865,-3.9196274,-4.269732,-4.2697325,-4.2670555,-3.6559916,-4.2531886,-2.4782853,1.5395205,-4.293092,-1.4844557,-1.4844555,-1.4805411,-1.8821278,-1.5436888,-1.4959182,1.9525614,-0.26443553,0.24251297,0.24251361,0.5468878,-0.9330573,0.33216467,-1.7154807,-1.6986768,-3.4454625,-3.2472365,-3.2472367,-1.574845,-2.5078275,-3.3877444,-2.3895142,-2.0281205,-4.5808496,-4.402848,-4.402848,-4.230109,-3.9947135,-4.5091467,-0.3711806,1.3930581,-0.80739325,0.09439113,0.09439142,0.56254333,0.7156965,0.6857409,-0.66449416,0.13823117,-4.5049706,-1.8176428,-1.8176429,-1.905179,1.6325896,-1.960953,-1.5254668,1.861358,2.382819,2.0676954,2.0676951,2.049208,1.9019676,2.3056688,1.5182083
CCCC[C@@H](C)CC,2.97,-0.31118545,-3.431582,-3.4688902,-3.4688904,-3.4450576,-3.4829042,-3.5593839,-3.6958008,1.3464248,-4.0819707,-4.5117173,-4.511718,-4.514269,-4.0420017,-4.5196815,-2.8272016,3.2949975,-4.6670713,-0.1611346,-0.16113457,-0.15313621,-0.45706108,-0.13512422,-0.13896446,2.0725257,0.44755167,1.6685435,1.6685448,2.2697597,0.6500751,2.0275867,-0.6393816,-1.7221622,-3.8151217,-4.0544677,-4.0544677,-2.1080089,-3.136766,-3.7542925,-3.3660507,-4.688116,-4.4157434,-4.877856,-4.877856,-4.8857565,-4.5264153,-5.0263467,-4.6460342,0.76937044,-0.2994465,0.69509107,0.69509184,1.5474483,2.1519728,0.95433605,-0.12690346,3.0253499,-4.8526044,-2.2765772,-2.2765777,-2.429462,2.2454112,-2.4203136,-1.659981,2.665894,3.1370597,3.2946033,3.2946029,3.2092192,3.0564878,3.0115182,1.3906121
CCOP(=S)(OCC)Oc1c(cc(c(n1)Cl)Cl)Cl,-5.04,-5.740506,-6.384756,-6.0093164,-6.0093164,-6.0742545,-6.4104586,-6.097541,-5.4678664,-5.403747,-6.1860237,-7.106453,-7.106453,-7.1066456,-6.911142,-7.109222,-7.4403653,-4.8902383,-5.0133643,-4.421689,-4.421689,-4.3502555,-4.738899,-4.4723954,-5.133108,-4.5650735,-4.985042,-5.2275777,-5.2275763,-4.8963943,-4.87231,-4.870017,-6.48984,-6.86284,-7.6805716,-8.23914,-8.239139,-6.6332726,-7.098168,-7.701443,-5.7107444,-6.00025,-5.462811,-6.81007,-6.810071,-6.780327,-6.928017,-6.601207,-6.621573,-7.7655516,-8.497887,-9.013573,-9.013573,-9.14839,-6.839183,-9.138803,-5.7371154,-5.3785505,-6.9374475,-4.3409724,-4.3409724,-4.5802636,-5.2125063,-4.818395,-5.491491,-5.0406456,-5.0242376,-5.0656614,-5.065662,-5.0276084,-5.021742,-5.0602612,-5.1090655
C[N+](=O)[O-],-4.02,-3.6467483,-3.8943899,-3.244492,-3.244492,-3.2848678,-2.8136346,-3.3295188,-2.4286864,-5.095459,-2.5073485,-2.5451624,-2.5451624,-2.544598,-2.5544777,-2.5427003,-2.470136,-4.303671,-2.3449934,-2.40865,-2.40865,-2.4037201,-2.389415,-2.4329638,-2.9841847,-3.7213871,-5.2085857,-3.99167,-3.9916682,-3.9452786,-4.26244,-3.4638247,-6.096801,-3.5434957,-3.567262,-4.4562287,-4.4562283,-4.5045667,-4.67157,-3.5000553,-4.1298475,-0.89124376,-2.7613358,-2.633255,-2.633255,-2.6289356,-2.7843435,-2.5427434,-1.5454364,-5.2603006,-8.542525,-10.179366,-10.179365,-10.544015,-9.707427,-10.7139635,-9.041485,-4.844521,-3.828308,-3.0418117,-3.0418122,-3.141647,-4.7393975,-3.2637103,-4.259298,-2.8414488,-2.9054432,-2.8797452,-2.8797455,-2.8620095,-3.0954678,-2.7391725,-2.7778118
CCCBr,-0.56,-0.27246064,-1.9915785,-1.430965,-1.430965,-1.41254,-1.4209423,-1.4736209,-1.683011,-1.3037567,-2.976676,-3.4422941,-3.4422944,-3.441474,-3.3222952,-3.4356673,-2.7868328,-0.82278174,-3.388838,-2.3494089,-2.3494086,-2.350952,-2.1227267,-2.411594,-0.6014378,-0.024755167,-0.8699788,-0.5529751,-0.5529732,-0.42464337,-0.97333324,-0.21033153,-2.1215749,-0.7263675,-2.2631712,-1.2070069,-1.2070068,-0.010862681,0.2274628,-2.0896373,-0.95752394,-1.9026086,-3.034406,-3.120077,-3.1200771,-3.090881,-3.2479708,-3.130457,-2.0018349,-0.01103124,0.7374333,0.3244667,0.32446706,0.4799353,0.2540895,0.42489538,0.14730267,-0.8734344,-3.3400822,-0.5698059,-0.5698057,-0.6314504,-1.1015931,-0.59411144,-1.178676,0.3078541,0.34146568,0.34334904,0.34334898,0.31672025,0.6223661,0.50799465,0.9003921
c1ccccc1,-0.9,-2.8019917,-5.778779,-4.9199452,-4.919945,-5.0403795,-4.614108,-5.144603,-4.494129,-0.495677,-3.3631,-3.9324799,-3.9324803,-3.9319868,-3.96225,-3.9255059,-2.6990016,-1.0876787,-3.4354842,-3.709307,-3.7093072,-3.7270908,-4.0099354,-3.7005677,-2.728113,-1.190683,-3.5027456,-2.9415286,-2.9415255,-2.8439357,-3.7986505,-2.672971,-4.071625,0.20811062,-1.8223759,-1.1341325,-1.1341319,-0.883185,-0.11390642,-1.6363814,-1.2760229,-3.9887223,-3.5522673,-4.2738414,-4.273841,-4.2433224,-4.419318,-4.256785,-5.707597,-0.613324,0.40321264,-0.4869934,-0.48699313,-0.30462864,-0.3169381,-0.27315083,-0.26785386,-0.74594367,-3.076948,-3.8143356,-3.8143356,-3.795996,-1.925645,-3.866318,-5.5209336,-0.8747772,-1.2652067,-1.2126446,-1.2126446,-1.2034271,-1.1124295,-1.2324077,-1.3846495
CC=C(C)C,1.31,-0.81095046,-4.2324553,-4.347693,-4.3476925,-4.2844934,-4.4139752,-4.224516,-4.26149,1.6148856,-3.6690862,-4.1930633,-4.1930633,-4.1934996,-4.379824,-4.18794,-3.4112136,0.5708604,-3.6658342,-1.8733764,-1.8733761,-1.8818587,-1.9676281,-2.0105226,-3.0211158,1.4249719,-0.99628913,-0.5773672,-0.57736367,-0.5022357,-1.5264751,-0.37834784,-2.402496,-0.21847196,-4.9513674,-4.989456,-4.9894557,-3.310816,-3.8060348,-4.7261066,-4.01381,-1.8929958,-3.3628018,-3.7594404,-3.7594407,-3.720688,-3.8460329,-3.6909146,-3.2417243,0.9180517,0.74060476,1.0677843,1.0677843,1.1978385,1.3155806,1.1763352,0.17237243,0.3722871,-3.8193932,-1.5559047,-1.5559046,-1.7065697,0.9579785,-1.8392576,-2.6475008,0.5501488,0.15572755,0.32429075,0.32429075,0.37712997,0.45977163,0.88368344,0.6577537
CNC(=O)Oc1cccc2c1cccc2,-9.45,-8.933973,-5.655216,-6.1243496,-6.1243496,-6.082923,-6.3922496,-6.025465,-7.9780574,-8.891721,-5.170464,-5.72746,-5.727459,-5.729519,-5.5469375,-5.739551,-6.1592264,-9.498584,-5.5569015,-6.5107656,-6.510765,-6.5110574,-7.119444,-6.44796,-7.136834,-9.562828,-9.627686,-9.052292,-9.052288,-9.096252,-9.1988325,-8.92815,-10.697344,-9.126369,-6.74015,-8.175201,-8.1752,-7.5130725,-8.86422,-6.933457,-10.616349,-7.083843,-5.18763,-5.4660983,-5.466098,-5.5690374,-5.0963817,-4.947954,-8.462797,-9.195076,-8.706476,-8.415317,-8.415316,-8.771319,-7.7048206,-8.795649,-8.569002,-9.25879,-6.035828,-6.901428,-6.901429,-7.152842,-8.669978,-7.471833,-7.1025085,-9.7265625,-9.463707,-9.477029,-9.47703,-9.397823,-9.360506,-9.356299,-9.585958
C([N+](=O)[O-])(Cl)(Cl)Cl,-1.45,-1.0400147,-3.348715,-3.2445412,-3.2445412,-3.048222,-3.7808325,-3.0467644,-5.874362,-1.5262558,-3.2664852,-3.1272366,-3.1272366,-3.1268382,-1.8570398,-3.1242692,0.6405862,-1.5026474,-2.307322,-1.7257738,-1.7257738,-1.7185123,-1.339663,-1.8531631,-0.35618123,-1.1894767,-5.148235,-3.4743137,-3.4743094,-3.4441652,-3.8495595,-2.949115,-3.7769487,-0.63129234,-2.9486334,-2.3268893,-2.3268893,-1.6948885,-1.9106301,-2.4584837,-2.7216449,-0.47428542,-2.9097981,-2.9208584,-2.9208584,-2.8909752,-3.0029023,-2.8951974,-1.7336165,-0.37037832,-0.27602103,-0.30617875,-0.30617923,-0.4603905,-0.53259546,-0.7790145,-0.18187211,-1.4708399,-3.5054688,-0.66994995,-0.6699496,-0.6752448,-1.2681247,-0.75247765,0.003209458,-2.8414488,-2.9054432,-2.8797452,-2.8797455,-2.8620095,-3.0954678,-2.7391725,-2.7778118
CCCCCCI,0.08,-0.7160592,-3.2990053,-2.9022274,-2.9022274,-3.2018046,-2.756622,-3.760857,-3.0843766,0.62160397,-4.0319824,-4.4145746,-4.4145746,-4.415991,-3.8073206,-4.4151316,-2.6601942,0.15962553,-4.1496134,-0.8155849,-0.815585,-0.81770396,-0.99931514,-0.577541,-0.24599668,0.45024914,0.3335269,0.4729587,0.47296047,0.69648284,0.33511654,0.6539174,-0.879641,0.67251515,-2.7100432,-0.5944239,-0.59442383,0.96522856,1.1292841,-2.686985,-0.7699383,-3.1725037,-4.3671536,-4.351808,-4.3518076,-4.429113,-3.8010058,-4.3062105,-2.4911294,0.6338528,-0.27343106,0.7074987,0.70749915,0.5876084,1.218209,0.50067055,-0.18463616,0.6386794,-4.0274854,0.015284264,0.015283989,-0.08298104,1.0780922,-0.09269419,-1.0042813,0.097637646,-0.65900284,-0.5927823,-0.5927824,-0.5549684,-0.6809728,-0.20119336,0.5832022
CCOP(=S)(OCC)Oc1cc(nc(n1)C(C)C)C,-6.48,-6.4355226,-5.0883875,-5.7472897,-5.74729,-5.7036214,-6.3052044,-5.7177734,-7.903617,-7.311441,-7.049445,-7.600242,-7.6002417,-7.593028,-8.634775,-7.573715,-6.2694154,-6.1946554,-7.159533,-6.649615,-6.649614,-6.635287,-8.017262,-5.5470695,-6.3815513,-6.464115,-7.4728436,-6.6715765,-6.6715736,-6.024364,-6.68227,-6.2433987,-8.276392,-7.3810186,-6.7017303,-7.5146813,-7.514683,-6.310499,-7.1891966,-6.309817,-7.2051096,-7.360814,-5.593019,-7.3707414,-7.3707414,-7.2995768,-7.7486644,-7.2427764,-7.863635,-7.4047823,-8.397509,-8.883542,-8.88354,-8.592461,-6.3338346,-8.370029,-4.898493,-6.4689093,-6.341286,-6.0789347,-6.078935,-6.3744407,-6.322279,-6.562199,-6.704843,-6.4095736,-6.5673437,-6.5465474,-6.546548,-6.4826956,-6.452027,-6.4656544,-6.52221
CC(=O)Oc1ccccc1C(=O)O,-9.94,-10.868801,-6.170687,-6.148268,-6.148268,-6.2045565,-6.3357315,-6.210393,-6.495175,-8.358322,-4.898848,-5.4256806,-5.4256806,-5.4328384,-5.636987,-5.452524,-7.571483,-9.752965,-5.151029,-7.9606338,-7.9606338,-7.998905,-8.627101,-8.211467,-10.663676,-9.389561,-12.608675,-12.011925,-12.011921,-11.890346,-12.139901,-11.574607,-12.924086,-7.263765,-7.126605,-8.108049,-8.108048,-7.274889,-8.255346,-7.300815,-9.210594,-6.1926827,-4.50051,-5.3990226,-5.3990226,-5.3608313,-5.633264,-5.260486,-6.7955365,-10.146258,-8.554485,-10.8482275,-10.8482275,-10.876209,-9.081644,-11.137825,-10.475495,-9.786489,-6.4126887,-9.240646,-9.240646,-9.562063,-9.710161,-9.848194,-8.647931,-10.086809,-9.940991,-9.931643,-9.93164,-9.823203,-9.781137,-9.911715,-9.958948
CN1CCN(CC1)C,-7.58,-3.0411885,-3.4183073,-3.5140343,-3.5140347,-3.6427612,-3.946167,-3.361458,-3.8307507,-5.00044,-4.0137143,-4.584778,-4.584778,-4.5840673,-4.7882867,-4.578803,-3.4100962,-7.1865706,-4.76227,-2.2790208,-2.2790208,-2.2724519,-2.394924,-2.470355,-3.3742127,-6.6727157,-4.726684,-4.210927,-4.210925,-5.016918,-5.392507,-4.9889355,-5.9580626,-2.292038,-1.4680887,-3.1029289,-3.1029289,-2.9080927,-2.2889218,-1.9348183,-4.654192,-3.5910141,-4.0103936,-4.6001935,-4.600193,-4.5172386,-4.642664,-4.607381,-4.037561,-5.5586386,-4.1988354,-5.3317776,-5.331777,-5.3677225,-5.1497393,-5.3873215,-5.012094,-5.360744,-4.390156,-1.9340171,-1.9340174,-2.012798,-3.0459774,-2.0958045,-1.876033,-7.6728697,-7.6340227,-7.590557,-7.590558,-7.511114,-7.6351295,-7.5519123,-7.5066404
c1ccc(c(c1)N)Cl,-4.91,-5.1756387,-5.8786974,-5.9341426,-5.9341426,-5.959037,-6.0639644,-5.9761763,-6.3436756,-6.168578,-4.125712,-4.7816596,-4.7816596,-4.782255,-5.1230845,-4.7761617,-4.233992,-5.3714094,-3.858374,-4.6869507,-4.68695,-4.708629,-5.3469124,-4.738682,-5.393475,-5.090202,-6.87345,-5.540229,-5.540225,-5.4386506,-5.853947,-5.271589,-6.7687345,-3.2073777,-6.6002855,-7.213485,-7.2134867,-6.148778,-6.607811,-6.7284555,-7.870686,-4.818696,-3.7180536,-4.408342,-4.4083424,-4.3714914,-4.4929323,-4.24599,-4.3153934,-6.1362677,-4.7541685,-4.9673605,-4.9673615,-5.000988,-4.5160856,-5.0321245,-4.8655286,-6.2276783,-3.75529,-5.5923953,-5.592395,-5.57895,-5.4159765,-5.657821,-5.9999275,-4.9753895,-5.054125,-4.9501166,-4.950116,-4.8819847,-4.9096546,-4.94565,-4.830723
C[C@@H]1CC[C@H](CC1=O)C(=C)C,-3.75,-2.0311685,-3.3495467,-3.5575836,-3.5575833,-3.3920512,-3.6439855,-3.3857315,-4.3727856,-4.558108,-4.3322515,-4.8005347,-4.8005347,-4.805069,-4.5503426,-4.8147025,-3.3110313,-3.5458837,-5.719652,-2.7652059,-2.7652059,-2.830291,-3.2025924,-2.3656669,-2.0555198,-3.368124,-3.4884853,-2.7651877,-2.7651844,-2.3432848,-3.1672122,-2.0587244,-3.5533416,-6.5050445,-3.5602849,-4.282945,-4.282945,-4.118217,-4.5964394,-3.5571384,-4.277957,-2.2756166,-4.5651817,-4.894503,-4.8945036,-4.9159393,-4.6666446,-4.8992605,-2.3587105,-4.3528085,-4.0634427,-5.29158,-5.291581,-5.4341106,-4.380051,-5.4063005,-4.586246,-5.0426264,-5.45358,-3.8796952,-3.8796947,-4.1256127,-4.910494,-4.4565487,-3.543241,-3.1327543,-3.6837113,-3.7699928,-3.7699928,-3.7117095,-3.718942,-3.6917048,-3.5873294
Cc1cc(c2ccccc2c1)C,-2.47,-3.190935,-5.895908,-6.057635,-6.0576344,-6.082201,-6.206367,-6.0814605,-6.6208467,-3.534905,-4.545788,-5.0003676,-5.0003676,-5.0060024,-4.745995,-5.0184093,-4.420971,-2.2517877,-5.151003,-3.8322666,-3.8322663,-3.8326,-4.3596964,-4.0298457,-3.9723604,-2.8644288,-3.6770504,-3.6146023,-3.6145992,-3.5236163,-3.8073325,-3.4150252,-5.2617235,-6.3910756,-7.451415,-8.173619,-8.17362,-7.1054597,-8.287243,-7.62845,-9.1607275,-6.127586,-4.4412966,-5.5258346,-5.525835,-5.47451,-5.7386584,-5.290313,-6.271538,-1.9827818,-1.016195,-1.5183618,-1.5183617,-1.499047,-1.4316969,-1.6171279,-0.72628576,-3.5158718,-4.8046484,-3.7199106,-3.7199109,-3.7950284,-3.794363,-3.9564826,-3.826012,-2.43422,-2.988036,-3.1197102,-3.1197107,-3.1095757,-3.1575649,-3.3889494,-4.3924255
CC[C@H](C)Cl,0.0,-1.9616944,-3.1085942,-2.8700233,-2.8700233,-2.9432833,-2.9092298,-3.123521,-3.075273,-1.8376782,-3.3920145,-3.9304807,-3.930481,-3.929247,-3.9863157,-3.9227922,-2.8283648,0.24440391,-3.2836685,-1.493872,-1.493872,-1.5032718,-1.3931674,-1.5315906,-1.1734728,0.14219129,-0.7351888,-0.46439913,-0.46439734,-0.38826546,-0.9090349,-0.14291379,-2.3372273,-0.743837,-3.0970924,-3.358071,-3.358071,-3.1418555,-3.4298067,-3.022665,-4.2328954,-2.676068,-3.3171203,-3.7591858,-3.7591858,-3.7238271,-3.7961302,-3.6827786,-3.5964472,-0.17245428,-0.21253005,-0.37124968,-0.37124968,-0.30893838,-0.28250867,-0.30438823,-0.22001721,0.39743444,-3.7548592,-0.8523266,-0.8523267,-0.9900407,1.4738914,-1.0416082,-1.613222,0.36164466,-0.041635804,0.028991923,0.028991913,0.109583065,0.13561864,-0.5671849,0.7111264
c1ccc2c(c1)Oc3ccc(cc3O2)Cl,-3.1,-3.8012435,-5.7744718,-5.4721165,-5.4721165,-5.4805803,-5.457538,-5.6060877,-6.594156,-3.069467,-4.926903,-5.4151044,-5.4151044,-5.4221163,-4.825625,-5.438143,-4.634709,-3.4395149,-4.913732,-5.0129313,-5.012931,-5.0392175,-5.6260405,-4.967491,-4.3673825,-3.2258172,-4.3198905,-3.8685727,-3.8685708,-3.8484993,-4.3148804,-3.6375315,-4.454938,-6.067424,-6.209396,-6.4081035,-6.408104,-4.4198184,-5.2910132,-6.212301,-5.8841677,-5.004107,-5.136205,-5.3957114,-5.395712,-5.4703617,-5.1541543,-5.3037767,-6.238656,-5.14922,-6.0721626,-5.4258094,-5.425809,-5.4743896,-3.7406583,-5.503429,-5.145242,-3.5479145,-4.3141904,-5.476042,-5.4760427,-5.480557,-3.5558248,-5.5348706,-5.5429254,-3.05582,-3.0967426,-3.209154,-3.2091537,-3.1843433,-3.071455,-3.1024563,-3.146276
C(Cl)(Cl)(Cl)Cl,0.08,0.5893234,-1.1578201,-1.0329063,-1.0329063,-0.8857293,-0.68685144,-0.9339599,-0.30031395,-0.49350175,-2.0235012,-0.8606398,-0.86063975,-0.86011827,0.016822482,-0.86003685,2.2031267,0.35606357,-1.7198265,-0.74387574,-0.74387574,-0.7363084,-0.16007948,-0.8134111,0.46346235,0.62667584,-3.414754,-1.9904424,-1.9904419,-1.9344379,-2.74069,-1.5922072,-2.4456937,-0.09029579,-2.0265486,-0.75422484,-0.75422466,0.026263427,-0.3568145,-1.5057976,-1.4015207,-0.01332168,-2.7440608,-2.5416117,-2.5416117,-2.519346,-2.6301353,-2.5101826,-1.2474934,0.57033634,1.0136765,-0.3501845,-0.35018426,-0.29540485,-0.42564565,-0.45590398,0.003222137,0.08267591,-1.7748162,0.142204,0.14220417,0.13583548,-0.024688037,0.13607273,1.126023,0.7603643,0.14971958,0.1129397,0.112939715,0.09469499,0.30785182,0.22503848,0.15620816
C[C@@H](CCl)Cl,-1.27,-1.9355341,-2.4678068,-2.0882645,-2.0882645,-1.9949924,-2.0106585,-2.0288181,-2.6007419,-0.97114646,-3.1620295,-3.7092154,-3.7092152,-3.7083511,-3.586531,-3.702336,-2.8043046,-1.2441581,-2.71987,-1.8191383,-1.8191382,-1.813351,-1.6314161,-1.8438845,-1.2245886,-0.9504056,-1.492409,-1.215887,-1.2158847,-1.0524461,-1.3686508,-0.858225,-2.8736055,-0.7613181,-3.1342633,-3.0373192,-3.0373187,-1.0039682,-1.2419254,-3.0473661,-2.9200537,-2.2662632,-2.936626,-3.0521612,-3.0521615,-3.0124712,-3.0821753,-3.0380902,-1.9878895,-0.36307892,-1.1577088,-1.3562307,-1.3562304,-1.286171,-1.0272765,-1.2720038,-0.5627951,-1.6119354,-3.4615293,-0.83555615,-0.8355564,-0.9036354,-0.6325024,-0.8947498,-1.9654967,-0.015363628,-0.45239347,-0.56160575,-0.56160575,-0.48738366,-0.5352839,-1.2178708,0.7987263
c1cc(ccc1N)N(=O)=O,-9.82,-10.203314,-5.3190513,-5.502461,-5.5024605,-5.499637,-5.7113953,-5.5984173,-6.470032,-10.600967,-4.660566,-5.355105,-5.3551054,-5.3581076,-6.348986,-5.3585706,-7.854092,-10.267833,-4.248843,-7.0624766,-7.062476,-7.1007495,-8.085024,-7.02018,-9.204662,-8.318345,-9.197237,-8.108377,-8.1083765,-8.116437,-8.421615,-7.942992,-9.906977,-9.287355,-5.9505734,-8.106684,-8.106684,-8.181467,-8.749786,-6.261385,-8.310879,-4.3691015,-4.275884,-4.653561,-4.6535606,-4.6604776,-4.6936626,-4.8071604,-3.0334382,-10.015774,-6.791838,-8.944271,-8.944271,-9.0906315,-8.829834,-9.132127,-8.611647,-9.257217,-4.513831,-8.714657,-8.714656,-8.663636,-9.618431,-8.836654,-10.167019,-9.8757,-9.674337,-9.834294,-9.834293,-9.78265,-10.081789,-9.8570595,-9.763663
CCS,-1.14,-1.6219295,-1.9988128,-1.4978263,-1.4978263,-1.4878799,-1.6334474,-1.5477744,-1.8501279,-0.39083016,-2.5584958,-2.800829,-2.800829,-2.80006,-2.595359,-2.7961888,-2.422618,-1.3431809,-2.470341,-1.6387734,-1.6387733,-1.6292572,-1.3904896,-1.6603155,-1.283621,-1.0751417,-1.7713183,-1.3145108,-1.3145075,-1.1983745,-1.5632019,-0.9718387,-2.8124716,-0.627172,-2.621916,-2.3829842,-2.382984,-1.4055426,-1.4725411,-2.4818516,-2.518998,-1.7088964,-2.833967,-2.6998503,-2.6998506,-2.680794,-2.8226142,-2.7139025,-1.9132366,-1.8138098,-2.791781,-2.8427162,-2.8427167,-2.9372282,-2.8772147,-2.9089596,-2.5526848,-1.234665,-3.4758394,-2.0997932,-2.0997932,-2.1441147,-0.4807662,-2.165745,-2.4715402,-1.0044167,-2.6412835,-2.5908477,-2.5908475,-2.648405,-2.4038455,-2.4478781,-3.9217026
c1c(c(=O)[nH]c(=O)[nH]1)Cl,-17.74,-10.231733,-5.580121,-5.873411,-5.8734117,-5.8614244,-6.1142697,-5.8829966,-6.89705,-15.649176,-4.354795,-5.129664,-5.129664,-5.1293983,-6.44555,-5.1216598,-8.875082,-17.85706,-4.0948277,-9.630737,-9.630737,-9.759078,-10.44112,-10.161668,-14.561763,-16.989676,-15.136284,-13.924652,-13.924647,-13.880546,-13.558048,-13.377646,-17.827105,-17.220661,-6.1844115,-7.8063745,-7.806375,-8.660103,-9.015341,-6.388139,-10.165913,-6.3602877,-3.7484043,-4.322581,-4.322581,-4.307191,-4.500902,-4.500679,-5.7402725,-17.956266,-16.957577,-17.733139,-17.733139,-17.413712,-16.604044,-17.758503,-17.297281,-16.783335,-4.145804,-7.654217,-7.654216,-7.688438,-14.7993765,-7.8008714,-8.75819,-17.923904,-17.71499,-17.748173,-17.748175,-17.87739,-17.648424,-17.776594,-17.91448
CC(=C)[C@H]1CCC(=CC1)C=O,-4.09,-2.1858735,-3.1107378,-3.0484324,-3.0484326,-2.9647174,-2.981147,-3.0983195,-3.473533,-5.870984,-4.390677,-4.839021,-4.8390207,-4.8436513,-4.6118836,-4.8517995,-3.3049374,-3.919897,-5.7157736,-3.5808284,-3.5808282,-3.5848026,-3.6382835,-3.9000618,-3.3101628,-5.0620856,-5.5467443,-4.6516967,-4.651694,-4.6312327,-5.7443695,-4.267934,-5.3428807,-4.688472,-3.6246343,-3.8455322,-3.8455327,-3.0295718,-4.105567,-3.458202,-3.2927084,-2.1299176,-4.6021705,-4.3424687,-4.3424687,-4.438689,-3.7985497,-4.3393264,-2.9515169,-3.8795364,-3.1131034,-4.8479233,-4.847923,-4.917576,-3.8821826,-4.7464695,-2.8320196,-4.6379004,-5.3812346,-3.830729,-3.830729,-4.03725,-3.771109,-4.359108,-4.5770283,-3.8619308,-4.115223,-4.1513243,-4.1513243,-4.202366,-4.202133,-4.0773067,-4.1163144
CS(=O)(=O)C,-10.08,-8.985512,-3.2870345,-3.1873848,-3.1873848,-2.9883347,-3.8357637,-2.9659922,-6.564108,-7.8273306,-3.1427574,-3.7622828,-3.7622826,-3.7613177,-3.8456464,-3.7550528,-2.042321,-10.349096,-3.110083,-2.01258,-2.0125797,-2.0068157,-2.0331635,-2.218514,-3.2593482,-7.675897,-5.102448,-3.9809682,-3.9809673,-3.783538,-3.838824,-3.4742153,-6.678865,-10.07477,-2.0694363,-5.309492,-5.309493,-8.505052,-9.18223,-2.5559285,-10.841363,-1.0055571,-3.0445397,-3.1968307,-3.1968307,-3.1654031,-3.1935875,-3.1644566,-2.815827,-4.7836037,-4.973796,-5.5581517,-5.5581512,-5.673982,-4.448886,-5.5973434,-4.816953,-8.224762,-3.9055347,-1.8739507,-1.8739507,-1.9724718,-6.7789116,-2.0557964,-4.349014,-9.789213,-6.790032,-7.998013,-7.9980125,-7.968773,-8.265958,-8.584354,-10.04118
CSC,-1.61,-1.3197448,-3.3755128,-3.1430373,-3.1430373,-3.056999,-3.1757238,-2.9933717,-3.0005581,-1.3950243,-2.8771837,-3.2026203,-3.2026203,-3.2016237,-3.2169855,-3.195952,-4.3271422,-1.6246725,-2.3009071,-1.980647,-1.9806468,-1.9756994,-2.0587032,-1.9847866,-2.2579005,-1.9341135,-1.6204517,-1.11417,-1.1141677,-1.05181,-1.3193909,-0.80288196,-2.577455,-2.34189,-1.2183529,-1.6352875,-1.6352867,-0.81206155,-0.9119964,-1.3383328,-2.2495196,-1.1866895,-3.3366811,-3.5409155,-3.5409153,-3.5378945,-3.6830711,-3.8944588,-3.8948817,-1.1866347,-1.765734,-2.4227047,-2.4227047,-2.4271214,-2.2023094,-2.351753,-1.7578145,-2.5283709,-3.3080974,-1.1687931,-1.1687933,-1.2115417,-1.7806938,-1.2139953,-2.086869,-0.2083737,-0.68916047,-0.6370879,-0.6370879,-0.6425014,-0.4404379,-0.60141647,-1.9027874
C=CCCl,-0.57,-1.3778355,-3.1046526,-2.8410854,-2.8410854,-2.7874868,-3.0640335,-2.8433127,-3.266466,-2.9874742,-3.0052867,-3.398835,-3.398835,-3.3979685,-3.4114032,-3.392444,-3.7726266,-1.2124367,-2.8564548,-2.9745927,-2.974593,-2.978245,-2.9757314,-3.0302339,-2.545285,0.016086595,-3.7675166,-2.8545632,-2.8545601,-2.755992,-3.5129967,-2.5217187,-4.57448,-2.21834,-2.9566586,-3.0588877,-3.0588875,-1.7244562,-2.044304,-2.9433768,-2.615841,-5.049398,-3.0352533,-3.1624222,-3.1624224,-3.1432428,-3.251389,-3.128855,-3.001059,-0.81329554,-1.6613973,-1.3267033,-1.3267034,-1.2661647,-1.0673287,-1.1959766,-1.1969624,-0.82395,-3.5721853,-1.4458927,-1.4458928,-1.5306668,-0.45799387,-1.5390497,-2.2718236,-0.32967097,-0.06602898,-0.11633724,-0.11633722,-0.10131922,-0.17169665,0.09442456,1.1521087
C([C@H]([C@H]([C@@H]([C@@H](CO)O)O)O)O)O,-23.62,-17.72287,-3.8138928,-4.157228,-4.157229,-4.119707,-4.534488,-4.2568564,-5.6565347,-22.713541,-4.688103,-5.243963,-5.2439632,-5.2472777,-5.65508,-5.2506013,-7.176361,-23.662447,-9.649885,-26.108679,-26.108679,-26.272305,-25.827066,-26.327192,-20.761744,-23.272808,-25.408873,-22.26978,-22.269777,-21.969938,-21.935658,-21.275892,-19.247803,-9.68043,-3.0173082,-4.3742604,-4.374261,-4.2356977,-5.0664797,-3.8051512,-5.386259,-3.7959797,-4.4890523,-5.0861955,-5.0861955,-5.0566416,-5.0371046,-5.061355,-4.355442,-23.358181,-9.446417,-14.992002,-14.992002,-15.086945,-16.486393,-15.873304,-15.687301,-24.854527,-6.861093,-11.268991,-11.268991,-11.427986,-23.01455,-11.806139,-10.643681,-23.212908,-23.85089,-23.616201,-23.6162,-23.55317,-23.502031,-23.440966,-22.96197
CCCCCCCBr,0.34,-1.5816548,-3.3976247,-3.2455075,-3.245507,-3.3471224,-3.2626946,-3.1765306,-3.708914,0.16074786,-4.016737,-4.384673,-4.3846736,-4.380131,-3.606417,-4.370725,-2.332425,0.16477256,-4.7945194,-1.0605149,-1.0605148,-1.057538,-1.1418719,-1.1333283,-0.6452901,0.58186495,-0.046021465,0.2045705,0.20457208,0.56754434,-0.3421512,0.50290865,-1.3663172,0.18003528,-3.1582181,-2.1523178,-2.1523178,-0.24645649,-0.94824713,-3.043456,-2.0264657,-2.3578944,-4.6488166,-4.607512,-4.6075125,-4.7076397,-3.8105724,-4.3942194,-0.41439572,0.9852954,-0.508923,0.6326712,0.63267124,0.9902876,1.4353151,0.8669369,-0.25635868,0.47026834,-4.6590443,-0.4852095,-0.48520988,-0.5680595,0.20778528,-0.4238134,-2.189107,0.12243681,0.087610856,-0.21291287,-0.212913,-0.19578719,-0.20101231,-0.30703083,0.11910594
Cc1ccc(c(c1)OC)O,-5.8,-5.1464014,-5.76635,-5.7609453,-5.7609453,-5.8091316,-5.8065934,-5.825226,-5.906267,-7.21898,-4.467841,-4.9583926,-4.958392,-4.9635363,-5.1259294,-4.973346,-6.2302275,-6.1561766,-4.8514347,-5.9458184,-5.9458184,-5.957274,-6.349892,-6.208254,-7.656785,-6.244567,-6.8127284,-6.180868,-6.1808634,-6.1833806,-6.4335585,-5.938404,-8.268334,-6.0759835,-7.031354,-7.5427127,-7.542713,-6.2292194,-7.3101544,-7.181541,-7.6447415,-6.339348,-4.160687,-5.1063466,-5.106347,-5.0482426,-5.347748,-4.986061,-6.0024824,-7.8354464,-5.8430114,-6.1111293,-6.111129,-6.0522313,-5.193161,-5.991907,-5.800178,-6.5714226,-5.240071,-7.184907,-7.1849074,-7.5646853,-8.552584,-7.9391246,-7.3438916,-6.0194607,-4.704012,-6.1775537,-6.1775527,-6.13107,-6.0531664,-5.791214,-5.5762587
c1ccc(c(c1)C=O)O,-4.68,-5.7005672,-5.717087,-5.9107485,-5.910749,-5.9205966,-6.0796614,-5.9119425,-6.3710194,-8.437941,-4.3883595,-5.0710797,-5.07108,-5.0722303,-5.913202,-5.067257,-6.726112,-5.504845,-4.345402,-6.6622677,-6.662268,-6.6964483,-7.297624,-6.849691,-7.2549415,-8.286755,-11.00726,-9.886959,-9.886955,-9.86118,-10.25128,-9.559245,-11.065056,-7.8743415,-6.422518,-7.639691,-7.6396894,-6.5965953,-7.594952,-6.567408,-8.3464155,-4.2112093,-3.725295,-4.412475,-4.412475,-4.3700147,-4.5318375,-4.285313,-4.387574,-7.160959,-6.070842,-6.2054033,-6.205404,-6.153245,-4.9793158,-6.1049647,-6.0140204,-6.8845797,-5.4074187,-8.996807,-8.996808,-9.188182,-5.639359,-9.262425,-9.06135,-4.7834206,-5.6456566,-5.367373,-5.367373,-5.380315,-5.5696154,-5.1952386,-5.2238383
CCCCC,2.3,-1.1576567,-2.6235235,-2.3692305,-2.3692303,-2.3128412,-2.4758732,-2.0906093,-2.4457953,1.5777754,-3.5148423,-3.9493601,-3.94936,-3.9483385,-3.6872313,-3.9432945,-2.3010347,1.8989675,-3.723667,-1.2212425,-1.2212424,-1.2507721,-1.3071815,-1.1626394,-0.6499322,1.9067272,-0.11861862,0.66765195,0.66765416,0.6483195,-0.28571165,0.7553383,-1.5066986,-0.3855695,-2.2443113,-2.099662,-2.0996618,0.36577377,1.2012889,-1.6224945,-1.1266726,-3.2291112,-3.6661863,-4.276692,-4.276692,-4.2429347,-4.3637,-4.3120174,-4.0162697,2.557379,1.3033892,1.8634024,1.8634026,1.8988378,2.082084,1.7001956,0.57634914,0.24569793,-3.9196706,-1.2275953,-1.2275956,-1.3818767,1.5500606,-1.5107337,-1.2059978,1.8585176,1.0718652,1.1130344,1.1130344,1.18461,1.512913,1.3238847,1.1524891
CCCCCC1CCCC1,2.55,-1.3417616,-3.5226777,-3.4751992,-3.4751995,-3.4580598,-3.4243648,-3.559072,-3.724218,2.0447023,-4.271241,-4.7283607,-4.728361,-4.7278585,-4.0893087,-4.7319837,-2.3492947,2.5630352,-4.9950857,0.04620322,0.046203222,0.0601409,-0.31597033,-0.0072499737,-0.101567455,2.4979708,-0.7421448,0.42937306,0.42937422,0.96815073,-0.3425972,0.50074005,-1.1213285,-2.3987331,-3.8187468,-3.840155,-3.8401551,-2.9989102,-4.0188885,-3.7642584,-3.3392725,-4.4965744,-4.802189,-4.598344,-4.598344,-4.689232,-4.286244,-4.3123555,-3.9824848,2.2796102,-0.8069978,0.8300021,0.8300025,1.524488,2.2155406,1.1631352,-0.30347422,0.93714076,-4.9875755,-1.1755477,-1.175548,-1.3919706,2.8673568,-1.533519,-0.76763386,2.4491646,1.9874872,2.0826166,2.0826163,2.133635,2.5886867,2.0690167,1.285217
CCC[C@H](C)CC,2.71,-0.790944,-3.46097,-3.509582,-3.509582,-3.6039388,-3.698375,-3.6470146,-3.8100996,2.1136498,-3.9889293,-4.435355,-4.435355,-4.436243,-4.172312,-4.4350095,-2.7987862,2.6299999,-4.3696804,-0.31514508,-0.31514508,-0.31016937,-0.450852,-0.4129455,-0.35067216,2.1284537,0.11929411,1.3933848,1.3933867,2.1734042,0.61181384,1.9101601,-0.7028516,-1.3310959,-3.8798969,-4.398093,-4.398094,-2.9232173,-3.7644742,-3.891881,-3.833312,-3.6291137,-4.2051406,-4.7219334,-4.7219334,-4.7094126,-4.047352,-4.522378,-4.755753,1.175902,0.10852904,0.7890079,0.7890078,0.8369705,1.405883,0.56201774,-0.058135197,2.341136,-4.416015,-1.7274802,-1.7274803,-1.8122021,1.9592935,-1.9270655,-1.6465918,2.7321532,0.93559694,1.2105148,1.2105148,1.3857393,1.5279266,2.075905,0.4213852
CC(C)(C)C,2.51,3.1940482,-0.80922675,-0.7175714,-0.7175714,-0.5794896,-0.33669248,-0.57250947,-0.1362543,3.3732848,-3.5018992,-4.4413314,-4.441332,-4.440292,-4.7881045,-4.431711,-1.7255923,2.7733126,-3.695901,-2.3930376,-2.3930373,-2.4079006,-2.810815,-2.3881319,-0.49389687,2.732841,0.57952374,1.1568623,1.1568617,1.3392322,0.13899522,1.1993606,-0.6440982,1.6641738,-2.415074,-1.4065223,-1.4065222,-2.1064854,-1.522357,-1.9408711,-2.4927046,1.0907991,-2.8051655,-2.714128,-2.7141278,-2.677135,-2.6433299,-2.7063015,-1.6017569,2.9403186,1.6069692,1.2365936,1.2365936,1.3537809,1.5088952,1.3054767,0.54036427,1.4806743,-3.6135132,-1.2938422,-1.2938426,-1.3600314,4.9469533,-1.3724393,-1.9184968,0.7603643,0.14971958,0.1129397,0.112939715,0.09469499,0.30785182,0.22503848,0.15620816
CC(C)Cc1ccccc1,0.16,-2.298957,-3.494308,-3.6369603,-3.6369603,-3.5075238,-3.71603,-3.5403829,-4.070183,0.25267902,-4.174103,-4.6143947,-4.6143947,-4.619563,-4.1573224,-4.632217,-3.4174962,-0.09849734,-4.9240065,-2.5359933,-2.535993,-2.54451,-2.9538596,-2.6625342,-1.5153822,-0.63020515,-2.070139,-1.6679022,-1.6679018,-1.5333369,-2.4285276,-1.6441722,-3.3943045,-5.6425314,-3.8835943,-4.355468,-4.355468,-3.80152,-4.5753083,-3.7858727,-3.920197,-2.4415517,-4.407489,-4.05587,-4.05587,-4.127535,-3.915177,-4.458001,-2.4578547,0.557934,0.3786464,0.6686639,0.66866386,0.7083085,0.9511095,0.56125367,0.23327172,-1.342241,-4.9408803,-2.9758942,-2.975895,-3.1642966,-0.29712555,-3.399872,-2.0492737,0.3112428,-0.7611389,-0.9404977,-0.9404976,-0.9991823,-0.58617294,-0.71813965,-0.7014569
c1c(c(=O)[nH]c(=O)[nH]1)F,-16.92,-8.458071,-5.7154803,-5.916442,-5.916442,-5.920676,-6.1094227,-5.9288406,-6.539766,-17.81977,-4.3775244,-5.2457385,-5.245739,-5.245385,-6.943881,-5.2377915,-10.05533,-16.959332,-4.0419025,-10.799384,-10.799385,-10.925844,-11.882203,-11.180667,-17.876623,-17.041952,-17.42917,-16.730034,-16.730032,-16.700142,-16.900734,-16.195175,-17.38822,-16.313025,-6.74814,-8.733765,-8.733766,-9.935322,-10.197534,-7.18744,-10.987502,-5.577094,-3.6596935,-4.3443704,-4.3443704,-4.3195024,-4.5221157,-4.4359894,-5.9958797,-17.952341,-17.721428,-18.835403,-18.835403,-18.42701,-17.498655,-18.718487,-16.596281,-17.991018,-4.514463,-10.148996,-10.148995,-10.159619,-18.130926,-10.289025,-11.771325,-17.276566,-16.959541,-16.876886,-16.876886,-16.95486,-16.772186,-17.02403,-17.045832
CC(C)CCOC=O,-2.13,-2.5452485,-3.0860417,-3.0759373,-3.0759373,-3.12874,-3.2526104,-3.0320487,-3.2294319,-3.1038089,-4.073319,-4.585663,-4.585663,-4.586651,-4.717152,-4.585401,-4.5046496,-2.8416767,-4.5469694,-2.8152199,-2.8152199,-2.7438905,-3.1751587,-2.55308,-1.9479599,-2.8307185,-3.9356751,-3.1256325,-3.1256301,-3.1105616,-4.079695,-2.4960494,-4.876233,-3.8957539,-3.2839742,-3.5954556,-3.595456,-0.78962505,-3.857266,-2.5626965,-2.90918,-2.8432825,-4.050526,-3.6499593,-3.649959,-3.7184055,-3.5064669,-3.7535503,-2.230753,-5.6183524,-5.104932,-5.4502983,-5.4502983,-5.4287148,-4.663829,-5.396117,-5.2445354,-2.7710118,-5.254022,-5.1575723,-5.1575727,-5.3795953,-2.1525636,-5.786469,-5.1081905,-1.8477052,-1.5864692,-1.4279449,-1.4279449,-1.4568267,-1.3986948,-1.5463283,-1.8939232
CS(=O)(=O)Cl,-4.87,-3.9399757,-2.7955196,-2.7740622,-2.7740626,-2.5315049,-3.143993,-2.4121485,-3.6798377,-4.534578,-2.6947613,-2.8390534,-2.8390536,-2.838283,-2.4250684,-2.8355021,-0.40113974,-4.969202,-3.2797234,-3.1911168,-3.1911166,-3.1926033,-2.9673543,-3.4186826,-1.4705743,-5.0136666,-6.9534955,-5.31164,-5.311639,-5.2151365,-5.2289124,-4.6777267,-7.0191975,-3.4517663,-2.8839872,-1.3975568,-1.3975563,0.6956512,0.32352838,-2.2821503,-1.4823198,-0.93340635,-2.9421809,-2.9264832,-2.9264832,-2.8990152,-3.0688822,-2.9844868,-1.9296925,-3.920375,-8.579954,-5.3203783,-5.320379,-5.19872,-4.9594994,-6.651865,-0.6664705,-4.9835863,-3.5112965,-0.61424494,-0.61424506,-0.6669867,-5.5151463,-0.7754994,-2.4435954,-5.1929226,-3.7446728,-3.805371,-3.8053708,-3.7903504,-3.897528,-3.9735203,-3.9394915
S,-0.7,0.19191763,-4.4337435,-4.241047,-4.241047,-4.3448553,-4.3568716,-4.359458,-4.149164,-0.7435856,-1.7492186,-0.8707743,-0.8707744,-0.8701595,-1.090584,-0.8708776,0.25898018,-0.8127545,-1.5407159,-1.1597847,-1.1597848,-1.1538943,-1.0872018,-1.1604192,-3.2379093,-0.051074058,-2.8844075,-1.5292226,-1.5292207,-1.5432789,-2.097984,-1.217529,-2.8450506,-0.07969471,-1.3670102,-3.014413,-3.0144122,-1.9241354,-2.5440667,-2.0463605,-4.0000944,-3.2300687,-2.2047527,-1.4723045,-1.4723046,-1.4808043,-1.671101,-1.4427334,-3.4435484,-1.9576019,-6.2613993,-5.8947854,-5.894786,-6.0014944,-3.8086646,-5.957691,-6.2691364,-0.9462574,-2.722185,-3.5927758,-3.5927758,-3.5635192,-1.0767375,-3.5832183,-3.0311465,-0.2083737,-0.68916047,-0.6370879,-0.6370879,-0.6425014,-0.4404379,-0.60141647,-1.9027874
CCC(=O)CC,-3.41,-1.9674232,-3.2351954,-3.2696266,-3.2696266,-3.127734,-3.5536673,-3.0972567,-3.516631,-4.469214,-3.7301579,-4.1573977,-4.157398,-4.15825,-4.039919,-4.155041,-3.2193234,-3.0951939,-3.8668733,-1.9764699,-1.97647,-1.9902041,-2.093763,-2.032916,-0.85254574,-4.0038977,-3.524426,-3.1785858,-3.178582,-3.2027385,-3.4114864,-2.927951,-4.3557763,-3.8617103,-1.1863874,-2.8950307,-2.8950312,-3.1049035,-3.4079404,-1.867899,-3.0351849,-2.10102,-3.655628,-4.194328,-4.1943274,-4.155901,-4.2449093,-4.144452,-3.7170763,-4.3481894,-4.0378027,-4.4551787,-4.4551787,-4.4986024,-3.658849,-4.47577,-3.9397388,-4.6985893,-4.2525764,-2.9876983,-2.9876986,-3.07285,-4.145841,-3.2539787,-3.014708,-3.199153,-3.1310205,-3.3573263,-3.357326,-3.3719158,-3.0648768,-3.3140275,-3.701638
c1cc(cnc1)C#N,-6.75,-5.4306965,-5.2327943,-5.4894514,-5.489451,-5.4808116,-5.747793,-5.537759,-6.2418985,-5.5605235,-4.02339,-4.6294136,-4.629414,-4.62963,-5.161916,-4.623263,-5.972509,-6.3696504,-3.4832287,-5.3731008,-5.373101,-5.400454,-5.829631,-5.359844,-6.0277486,-5.1906013,-6.0330877,-5.34735,-5.347343,-5.3409066,-5.4949284,-4.8525686,-7.1476083,-7.2527266,-5.5199413,-7.655378,-7.6553793,-7.847741,-8.25196,-5.8440585,-8.19656,-5.2037277,-3.8693802,-4.088266,-4.088266,-4.1008196,-4.1975446,-4.3584104,-4.2549334,-6.534771,-4.842068,-6.2630296,-6.26303,-6.4614305,-5.8871117,-6.448614,-5.696976,-6.3986044,-4.109278,-7.8219724,-7.821972,-7.8518786,-4.783738,-7.9804087,-7.763231,-6.768065,-7.1944427,-6.899215,-6.8992143,-6.884268,-6.941118,-6.7483273,-6.809315
c1cc(c(cc1c2c(c(cc(c2Cl)Cl)Cl)Cl)Cl)Cl,-4.38,-3.8631668,-5.917349,-5.391732,-5.3917327,-5.4243946,-5.677646,-5.497564,-4.65002,-3.5855231,-5.383954,-5.733731,-5.7337313,-5.7419176,-4.670722,-5.7533345,-2.4651785,-4.370304,-4.5251417,-3.899999,-3.8999991,-3.8851864,-3.9392033,-3.7120357,-4.3926506,-3.9762459,-3.8816323,-2.9031475,-2.9031472,-2.9600894,-3.0929255,-2.6196527,-3.5132074,-4.7442145,-3.7394671,-4.467644,-4.4676447,-3.0264657,-4.5128613,-3.8261964,-3.0835414,-4.104005,-5.0135193,-5.6680865,-5.668086,-5.691596,-5.5749087,-5.4668283,-4.8950043,-3.96444,-5.3692045,-4.322522,-4.3225217,-4.4625373,-4.329112,-4.6048093,-4.9646015,-4.0785336,-6.3081203,-1.8254701,-1.8254707,-2.0460446,-3.9615378,-2.2747161,-2.912424,-4.2649317,-4.415517,-4.3637986,-4.3637977,-4.2830253,-4.3179417,-4.318561,-4.309067
c1cc(cc(c1)[N+](=O)[O-])N,-8.84,-7.591597,-5.7762413,-6.079775,-6.079775,-6.071967,-6.2996864,-6.0830297,-7.064205,-10.192563,-4.640833,-5.328051,-5.328051,-5.3304048,-6.195935,-5.3277774,-6.9812965,-9.139639,-4.283235,-6.8003936,-6.8003936,-6.834611,-7.6290336,-6.8357754,-8.051436,-7.912491,-8.421146,-7.3932896,-7.3932877,-7.3750844,-7.932657,-7.1923647,-9.32761,-8.356002,-6.844487,-8.787673,-8.787672,-8.922774,-9.502856,-7.114268,-10.227249,-5.495176,-3.9746628,-4.7049747,-4.7049747,-4.659973,-4.8619905,-4.6413593,-4.820838,-9.538309,-6.9408875,-8.8472185,-8.847219,-8.950993,-8.275416,-9.013256,-8.529469,-7.628422,-4.4769363,-8.646805,-8.646805,-8.619268,-7.6604857,-8.75679,-10.232027,-8.91273,-8.897283,-8.792878,-8.792878,-8.729773,-8.824871,-8.8103695,-8.878882
CCCC#N,-3.64,-3.354322,-2.7313087,-2.4500983,-2.4500983,-2.3418193,-2.5000775,-2.3263695,-2.8088613,-1.886767,-3.294262,-3.811029,-3.8110287,-3.8105924,-4.0498075,-3.8044562,-3.8112266,-3.2307136,-3.397049,-3.2537203,-3.25372,-3.2692218,-3.3387492,-3.3053656,-2.5630736,-1.8269783,-1.7552108,-1.3523796,-1.3523796,-1.2588322,-1.7442137,-0.93032324,-2.9998417,-4.405296,-3.3792748,-3.9605746,-3.960574,-2.9568174,-3.4188526,-3.339983,-3.3664293,-5.440157,-3.4147918,-3.883823,-3.883823,-3.8664243,-4.0628996,-4.0507107,-6.0285063,-2.8743253,-2.1304278,-3.0095541,-3.0095544,-2.996755,-2.5098531,-3.0367455,-2.248808,-4.115693,-4.4326777,-4.2556086,-4.2556086,-4.501236,-1.5267776,-4.7276473,-4.3810396,-3.38442,-3.3157625,-3.4134598,-3.4134598,-3.5310917,-3.4000652,-3.7068837,-3.0830722
Cc1ccc(nc1)C,-4.72,-6.759146,-4.642902,-4.896649,-4.896649,-4.85853,-5.0972085,-4.891204,-5.5235944,-4.4574656,-4.1168027,-4.6051874,-4.6051874,-4.6086316,-4.7100463,-4.613107,-4.5067244,-5.2556515,-3.863388,-3.663949,-3.6639488,-3.6717732,-4.0583286,-3.723907,-3.9541738,-3.839644,-4.500147,-3.716524,-3.7165208,-3.686378,-4.074674,-3.5239546,-5.7302084,-5.220919,-4.4679236,-5.649797,-5.6497974,-4.706929,-5.537237,-4.6506352,-4.497435,-4.430812,-4.1310062,-4.075862,-4.075862,-4.1098194,-4.0370784,-4.1466713,-3.8159573,-3.8918045,-3.7446513,-4.792596,-4.7925954,-4.9575977,-4.451541,-4.914092,-4.633495,-4.7852902,-4.4840984,-4.191692,-4.1916924,-4.3958297,-4.2743783,-4.661696,-4.321863,-4.7924232,-5.1250634,-5.134048,-5.1340475,-5.16735,-5.30558,-5.187975,-4.784346
c1cc2c(cc1Cl)Oc3cc(c(c(c3O2)Cl)Cl)Cl,-3.84,-4.376538,-6.938492,-5.2263513,-5.2263513,-5.2698307,-4.963242,-5.277845,-3.4886386,-3.9425697,-5.340126,-5.7414927,-5.7414927,-5.7484765,-4.7176485,-5.7558613,-3.7462683,-3.95696,-4.644854,-3.1872997,-3.1872997,-3.1935518,-3.9120197,-3.1688023,-3.7578285,-3.1037207,-4.2677474,-3.8864913,-3.8864892,-3.8978198,-3.9746873,-3.6633449,-3.8667736,-3.3771617,-6.9146214,-6.715444,-6.7154436,-3.7949672,-4.844426,-6.8424044,-4.897103,-2.9757717,-5.3340454,-5.88509,-5.88509,-5.9230366,-5.6694736,-5.9633927,-1.4360713,-5.1593037,-6.5342607,-6.096234,-6.0962343,-6.145999,-4.146242,-6.248943,-5.7641835,-3.579821,-4.760102,-4.0478354,-4.047835,-4.087377,-3.1745415,-4.0930934,-4.112631,-3.8049843,-3.7892957,-3.904251,-3.9042516,-3.860303,-3.7862632,-3.8586042,-3.8138716
CCCCBr,-0.4,-0.92962915,-2.158705,-1.6086228,-1.6086228,-1.672291,-1.4968137,-1.7614458,-1.6106117,-0.90313804,-3.481813,-3.9256976,-3.9256978,-3.9242318,-3.9389577,-3.917074,-3.0939364,-0.37500298,-3.7600524,-1.9596936,-1.9596936,-1.9519619,-1.8910205,-1.9657992,-0.79483527,0.011507732,-0.54688025,-0.36941364,-0.36941093,-0.19710258,-0.7339469,0.001969073,-1.8997413,-0.60250854,-2.3275847,-0.92390454,-0.9239047,-0.18475294,-0.62433,-2.2189646,-1.1275364,-4.165615,-3.5758345,-3.7283063,-3.7283063,-3.7066638,-3.823307,-4.1787333,-3.2413611,0.19377491,0.6037446,0.35814062,0.35814106,0.42397702,0.439133,0.39416307,0.11592349,-0.9852227,-3.659927,-0.29461044,-0.29461068,-0.42947096,-0.31341174,-0.4597061,-1.0826794,0.23519167,0.3349362,0.3128016,0.31280163,0.46059132,0.3362309,0.8715292,1.3386563
c1ccc(cc1)I,-1.74,-1.8094542,-4.7515106,-4.4583583,-4.4583583,-4.512784,-4.722817,-4.751543,-4.871618,-1.7686737,-3.7324245,-4.1838546,-4.1838546,-4.1835804,-3.6678088,-4.1768646,-2.616722,-1.7951443,-3.6692958,-3.0418658,-3.0418658,-3.0658777,-2.9057443,-3.0764065,-1.2236028,-0.8776615,-3.807085,-3.344382,-3.344382,-3.228074,-3.7904255,-3.1779873,-3.885691,-0.88720477,-2.6401534,-2.0728872,-2.0728867,-1.4765059,-2.0308063,-2.3424659,-2.501214,-6.4615746,-3.7965808,-4.075976,-4.075976,-4.0856338,-4.2287517,-4.3950353,-4.6971803,-0.7339098,0.009149706,-0.5225163,-0.52251613,-0.6242313,-0.53290945,-0.6341247,-0.341605,-1.5851414,-3.157389,-1.4977322,-1.4977324,-1.5422847,0.065318376,-1.5220559,-1.2026379,-1.0922337,-1.0682288,-1.0808761,-1.0808761,-1.0482893,-0.953524,-1.1049818,-0.9342578
CC1CCCCC1,1.7,-1.7310302,-3.4346604,-3.382693,-3.382693,-3.433256,-3.5397666,-3.3104644,-3.4852169,0.012182513,-3.7625709,-4.4076715,-4.4076715,-4.4078693,-4.4613376,-4.4022746,-1.9951452,1.7685394,-4.497463,-0.46388876,-0.46388882,-0.5216018,-0.5428286,-0.22577383,0.038569883,2.18868,0.72655916,1.3610625,1.3610619,1.4288384,0.14119528,1.523763,-0.9142565,-3.1173816,-3.1485674,-3.753831,-3.7538311,-4.1038604,-3.7975304,-3.0843306,-4.5620213,-1.4536468,-3.574948,-4.12168,-4.12168,-4.085494,-4.1869674,-4.0737624,-3.8721685,2.0529945,1.0856644,1.2094437,1.2094444,1.2805734,1.5182147,1.1562922,0.39463386,-0.64065045,-4.0814915,-1.1485941,-1.1485947,-1.2968812,-0.3803472,-1.3970162,-0.9044556,0.2994097,-0.48184854,-0.52196366,-0.52196366,-0.5183628,-0.48242426,-0.45295155,-0.20485458
CCc1ccccc1O,-5.66,-4.435952,-4.690282,-4.92995,-4.929951,-4.883192,-5.023129,-4.814233,-4.9533153,-6.161239,-4.212172,-4.6853385,-4.6853385,-4.6883597,-4.719976,-4.689859,-4.214588,-5.566422,-4.5799575,-4.6591215,-4.6591215,-4.6684556,-5.2877927,-4.8178964,-5.3497767,-4.6821237,-5.1183944,-4.3244185,-4.324416,-4.2409935,-4.8465834,-4.0521827,-5.2554393,-4.740657,-5.130395,-5.961599,-5.961599,-5.399853,-5.934638,-5.1773458,-6.170823,-3.135507,-3.896041,-4.6221623,-4.622163,-4.569339,-4.7648625,-4.516817,-4.559127,-6.0887628,-4.4515934,-5.0066004,-5.006601,-4.937305,-3.476691,-4.981221,-3.633098,-6.476651,-4.8485484,-4.597353,-4.597354,-4.848664,-5.3874702,-5.098711,-3.8777459,-5.817624,-5.25403,-5.4705176,-5.4705186,-5.469594,-5.1215706,-5.289854,-5.299688
CC,1.83,2.843324,-1.3703278,-1.1709985,-1.1709983,-1.1504186,-1.7390807,-1.1180269,-2.1265166,1.0656693,-2.1352048,-2.161234,-2.161234,-2.1606116,-2.0041952,-2.1585207,-2.6673229,1.4457655,-2.4230332,-1.9445481,-1.9445482,-1.9378287,-1.8890574,-1.9558668,-1.7830127,1.0710672,-0.6622942,-0.21824864,-0.21824619,-0.16319409,-0.8568135,0.035674844,-1.9147153,2.2508566,-0.452294,-0.011600851,-0.011600883,0.63326544,1.064216,-0.6048587,-0.076229855,-0.80158883,-2.5245917,-2.1338568,-2.1338568,-2.1265903,-2.1948946,-2.0709674,-1.8181195,2.0758133,2.2476306,1.7702296,1.77023,1.8523654,1.852011,1.7225355,0.79113466,0.9202976,-2.7756808,-1.4008859,-1.4008859,-1.4133041,2.1134973,-1.4294288,-2.969271,0.38915786,0.01937462,0.10044524,0.10044525,0.074446276,0.3629461,0.19628236,-0.034559995
C(CO[N+](=O)[O-])CO[N+](=O)[O-],-4.8,-4.6570234,-4.226123,-3.8850508,-3.885051,-3.914059,-3.724101,-4.2278004,-4.535447,-4.8678517,-4.8257046,-5.1262755,-5.126275,-5.131386,-5.67775,-5.13565,-5.9271464,-4.8117547,-4.3488607,-6.147601,-6.147601,-6.1658473,-6.134676,-6.271846,-5.082308,-4.6415596,-6.7287407,-6.3203745,-6.3203745,-6.331229,-7.1833525,-5.4408636,-5.8153753,-5.725354,-4.293358,-4.955981,-4.9559817,-4.7091603,-5.756669,-4.54679,-4.45642,-3.197883,-4.860509,-4.641113,-4.641113,-4.687594,-3.9122512,-4.7777624,-2.6450472,-5.2976937,-7.306571,-5.99236,-5.992362,-5.9776573,-5.123318,-6.1324673,-5.644539,-4.5236254,-6.427507,-5.24775,-5.2477517,-5.387158,-4.324713,-5.569864,-5.2599926,-4.9216247,-4.8184247,-4.8005743,-4.8005753,-4.7455215,-4.670534,-4.778965,-4.8142815
CC(=O)N1CCCC1,-9.8,-5.0204134,-4.01918,-4.2029653,-4.2029653,-4.1108704,-4.280529,-4.070574,-4.476892,-7.0457053,-3.9952016,-4.5341067,-4.5341067,-4.535977,-4.5788116,-4.5338287,-2.9977276,-9.474635,-4.329862,-0.69496053,-0.6949605,-0.69785964,-0.9956443,-1.1062706,-7.0989265,-8.096759,-8.597445,-7.6390305,-7.639029,-7.5587497,-7.314812,-7.056575,-10.788917,-6.057517,-4.4768953,-5.6511803,-5.6511807,-5.4818425,-6.0984354,-4.5578957,-5.3967957,-3.6119468,-3.7029836,-3.5204706,-3.5204709,-3.532114,-3.6709397,-3.6976535,-2.793453,-6.448199,-5.2553287,-5.5315433,-5.531543,-5.5861154,-4.516137,-5.5841203,-5.2695546,-6.1522036,-4.3038096,-2.5625541,-2.562554,-2.7052197,-3.3492827,-2.8783574,-2.8395987,-9.205691,-8.007583,-8.7662735,-8.7662735,-9.0311985,-8.664148,-9.543474,-8.865607
CCOP(=S)(OCC)SCSP(=S)(OCC)OCC,-6.1,-6.3419976,-6.191347,-5.7991195,-5.79912,-5.798764,-6.1176124,-5.853712,-5.3940425,-6.4045258,-7.267851,-7.7253566,-7.725356,-7.7123156,-8.8152685,-7.708701,-5.966748,-5.3730435,-7.1337366,-5.062596,-5.0625954,-5.427647,-6.713184,-5.5694885,-6.3134484,-6.4628882,-6.0892253,-5.760377,-5.760376,-5.9386206,-7.484461,-6.2083673,-8.546812,-7.215313,-9.126477,-10.112272,-10.11227,-8.2394705,-7.580599,-8.623147,-5.021158,-7.9045153,-6.3359976,-8.098781,-8.09878,-8.04456,-7.476679,-7.6899133,-6.4893727,-6.841408,-8.190607,-10.590026,-10.590028,-9.775614,-9.516793,-9.519072,-9.171719,-6.181405,-6.759537,-5.2514944,-5.2514944,-5.4717135,-5.9044333,-6.224073,-6.930285,-6.121961,-6.1902685,-6.1608787,-6.1608787,-6.094895,-6.081938,-6.054467,-6.021184
CC[C@H](C)c1ccccc1,-0.45,-0.26736107,-2.8828287,-2.9891524,-2.9891527,-2.83383,-3.0743258,-2.634767,-3.385285,-0.5829595,-4.243504,-4.659038,-4.6590376,-4.662051,-4.355989,-4.6656294,-3.7587984,-0.04492613,-4.958272,-1.847514,-1.8475139,-1.8570408,-2.0728357,-1.9816542,-0.73520076,-0.051011097,-2.4935741,-2.0903375,-2.090336,-1.9292613,-2.9912915,-1.800421,-3.5803385,-2.0325181,-3.191493,-3.312947,-3.3129478,-2.3702686,-3.1243403,-3.0359879,-3.110188,-4.5097704,-4.2037487,-4.7652106,-4.765211,-4.5588255,-5.0111666,-5.0606384,-4.9648504,-0.7640249,0.23562151,-0.49458212,-0.49458236,-0.6689896,-0.55387324,-0.65032405,0.00838887,-0.46076074,-4.8088207,-2.7614002,-2.7613997,-2.9872983,-0.25952914,-3.2493694,-2.2078085,-0.36725265,-0.36533234,-0.4860862,-0.48608622,-0.38989002,-0.48383936,-0.2992758,-0.82262
CI,-0.89,-1.3666916,-0.5698679,-0.3366058,-0.33660594,-0.49087352,-0.98384875,-0.6436042,-1.5179259,-1.2892015,-1.6395692,-0.9824221,-0.98242205,-0.9814891,-0.449764,-0.9821548,0.5348219,-0.8378216,-1.8385148,-1.5354731,-1.5354731,-1.5312651,-1.5553231,-1.5338104,-2.318356,0.3317692,-1.2500341,-0.7107422,-0.7107388,-0.71566695,-1.0338322,-0.5137433,-1.8752452,-0.7507183,-1.2449358,0.5827088,0.58270806,0.033839967,0.8465317,-1.0694152,0.16104048,-0.8044791,-2.6286926,-2.3367987,-2.3367987,-2.335873,-2.557298,-2.2764063,-1.0371963,-0.13900793,0.80335444,-0.087463096,-0.08746232,-0.110786214,-0.21138126,-0.39449948,0.39571634,-0.98139584,-1.7250358,-0.097087465,-0.097087465,-0.102006085,-0.9083165,-0.06208724,0.633272,0.2994097,-0.48184854,-0.52196366,-0.52196366,-0.5183628,-0.48242426,-0.45295155,-0.20485458
CC(C)I,-0.46,-0.3645606,-2.332744,-1.8189263,-1.8189262,-1.7531533,-1.8404882,-1.763259,-2.0723958,0.09476229,-2.916338,-3.3993495,-3.3993497,-3.398473,-2.9850914,-3.39313,-2.1635458,-0.9469611,-3.1122112,-1.7008888,-1.7008889,-1.6952174,-1.2771252,-1.7026596,0.0074632964,-0.33487636,-0.8172883,-0.48625973,-0.48625717,-0.36299708,-0.5915193,-0.26246843,-1.7818874,-0.13008331,-1.0885348,-0.6635094,-0.66350937,0.09015861,1.3393339,-1.2364364,0.23339058,-0.61489195,-2.848122,-2.7788723,-2.7788723,-2.7436635,-2.8524196,-2.8228076,-1.4715997,0.53298384,1.229658,0.30413178,0.30413175,0.33549365,0.20326492,0.35514677,0.15955228,-1.0958241,-2.8290582,-0.030072412,-0.030072367,-0.0648311,-0.2500499,0.013191906,-0.2765105,-0.2083737,-0.68916047,-0.6370879,-0.6370879,-0.6425014,-0.4404379,-0.60141647,-1.9027874
CCC[N+](=O)[O-],-3.34,-3.1599064,-2.634882,-2.362126,-2.3621259,-2.2810316,-2.3816772,-2.3917928,-2.5893338,-5.5241947,-3.6654835,-4.276243,-4.276243,-4.2742767,-4.9489484,-4.2664447,-5.1170645,-2.8182647,-3.4570978,-3.2449136,-3.2449136,-3.2558959,-3.3033245,-3.3342843,-2.8157127,-2.9340134,-4.007438,-3.3388374,-3.338834,-3.2561069,-3.4439492,-2.8866777,-5.2002854,-4.9308853,-3.0469606,-3.9209092,-3.9209092,-4.577887,-5.4027,-3.0816493,-3.8541944,-4.2983065,-3.390194,-3.6839454,-3.6839454,-3.660327,-3.8146374,-3.661043,-3.4030101,-5.2768683,-5.2785,-5.466721,-5.466721,-3.7782538,-2.238436,-4.203242,-4.8018923,-4.7332177,-4.647157,-4.3067293,-4.3067293,-4.4898915,-3.226386,-4.684834,-6.1984158,-3.312917,-3.1791177,-2.9709358,-2.9709358,-2.9868217,-2.9758406,-2.9745119,-3.5165958
C(=C/Cl)\Cl,-0.78,-0.5453738,-3.7025788,-2.910488,-2.9104877,-3.0877435,-3.231705,-3.563103,-2.1705794,-0.40076447,-2.7211497,-2.6367476,-2.6367476,-2.636048,-1.7319888,-2.6342368,-0.20705757,-1.078531,-2.0152264,-1.7954922,-1.7954922,-1.7916144,-1.8100538,-1.8147311,-2.6716402,-0.16622745,-3.0601559,-2.0415218,-2.0415194,-1.951535,-2.44733,-1.7493663,-3.477378,-0.5532912,-0.6972198,-2.4337306,-2.4337308,-2.2060387,-1.8635517,-1.3161651,-1.2915533,-5.534351,-3.104963,-3.30027,-3.30027,-3.287793,-3.4508247,-3.2381337,-3.3838584,-1.6226848,-0.7272032,-1.1368532,-1.1368521,-1.2336376,-0.93785787,-1.3648635,-0.06587578,-0.9842313,-2.5984383,-2.1295917,-2.129592,-2.1131666,-1.051535,-2.130538,-4.1120477,-1.2748979,-0.8526975,-1.1233137,-1.1233139,-1.2312069,-1.3168405,-1.3395916,1.07618
CCCC=C,1.68,-1.1595049,-2.5894954,-2.3096669,-2.3096669,-2.3033087,-2.4141834,-2.3635285,-2.3885603,-0.0719921,-3.4858093,-3.9187493,-3.9187493,-3.9179425,-3.7335656,-3.9124858,-2.780441,1.6197468,-3.796144,-2.7024078,-2.7024078,-2.7164423,-2.8845232,-2.7040138,-1.9498174,1.6934164,-1.5852836,-1.2255812,-1.2255783,-1.1736786,-2.1345654,-1.0351756,-2.4718144,-1.3808076,-2.9921227,-3.0427344,-3.0427341,-1.8600502,-2.4743276,-2.9143271,-2.904186,-5.0929213,-3.6491807,-4.070355,-4.070355,-4.0245357,-4.106392,-4.3409796,-4.5582967,-0.3339694,0.26818046,-0.2615582,-0.2615578,-0.010927689,-0.07037339,0.024699489,-0.20588316,0.57549584,-4.0139413,-2.0153627,-2.0153632,-2.164673,0.705219,-2.290307,-1.842064,1.8900849,1.2879385,1.3469225,1.3469226,1.3623093,1.8529887,1.456597,1.1655914
c1cc2c(cc1Cl)Oc3ccc(cc3O2)Cl,-3.67,-4.411853,-5.925497,-4.861603,-4.861603,-4.901458,-4.6073103,-5.0964694,-4.9107184,-3.4967988,-5.111487,-5.556327,-5.5563273,-5.562856,-4.919853,-5.575973,-5.4284077,-3.5976062,-4.8441677,-4.3280973,-4.328097,-4.353972,-5.0042315,-4.3033257,-4.0040565,-3.173037,-4.62956,-4.1641655,-4.1641655,-4.1623635,-4.542516,-3.9725308,-4.4137435,-2.6474442,-1.3839525,-4.1752863,-4.1752863,-3.317964,-3.165861,-2.303668,-3.5275016,-3.0332444,-5.252607,-5.8434396,-5.84344,-5.868237,-5.6900105,-5.9526415,-2.118703,-5.2756333,-6.105813,-5.519804,-5.519803,-5.57864,-3.908645,-5.610006,-5.2428584,-3.8176918,-4.4277024,-5.7253733,-5.7253737,-5.716783,-3.7111168,-5.7571254,-5.555985,-3.5389237,-3.6000578,-3.6727245,-3.6727245,-3.6344256,-3.5216608,-3.588167,-3.6130807
CCC(=O)OC,-2.93,-2.38009,-3.493066,-3.5389078,-3.538908,-3.4084125,-3.7280276,-3.3633027,-3.7339442,-4.800027,-3.8207593,-4.2304616,-4.230462,-4.2325907,-4.154783,-4.2320204,-4.151475,-3.4243088,-3.5933545,-3.6366725,-3.6366723,-3.6382525,-3.718112,-3.742097,-2.7147474,-3.0953152,-3.9782453,-3.2998931,-3.2998886,-3.27402,-3.5007784,-2.93427,-5.2527056,-4.533305,-3.0911539,-3.8085043,-3.8085048,-3.6733112,-4.2967086,-3.2084894,-3.6907609,-3.2262325,-3.7052147,-3.5422342,-3.5422344,-3.5531962,-3.6543972,-3.6823266,-2.929403,-4.330966,-6.024744,-5.6457653,-5.6457653,-5.564794,-3.6935296,-5.431379,-5.6413517,-5.283085,-4.258564,-3.6037433,-3.603744,-3.7257612,-5.1591697,-3.869116,-3.9974334,-2.8052654,-4.089172,-3.9467978,-3.9467976,-3.958625,-3.8787038,-4.1099305,-3.8471148
c1cc(ccc1O)F,-6.19,-5.2478023,-5.209676,-5.444203,-5.4442034,-5.4373255,-5.705324,-5.502514,-6.2192426,-8.953253,-4.1025267,-4.8332934,-4.8332934,-4.8335505,-5.5926647,-4.8271947,-5.546347,-6.2487087,-3.7395706,-6.0015144,-6.0015144,-6.024101,-6.50371,-6.053143,-7.5417852,-8.198543,-9.920304,-8.963278,-8.963276,-8.923741,-9.509093,-8.581515,-10.660895,-6.1248207,-6.1568027,-8.510376,-8.510376,-8.627729,-9.244343,-6.6194377,-9.525105,-6.045153,-3.841603,-4.4593477,-4.4593477,-4.4437623,-4.567457,-4.5232525,-5.4528813,-7.502675,-5.4425554,-6.221056,-6.221056,-6.1530533,-5.2126923,-6.178937,-5.7571435,-9.978854,-4.117665,-8.049112,-8.049111,-8.040013,-8.499594,-8.171602,-8.474205,-6.308631,-6.3225946,-6.256197,-6.2561965,-6.2164326,-6.2189927,-6.2660255,-6.2282543
C(CCCl)CCl,-2.32,-1.3455365,-2.717744,-2.4273872,-2.4273872,-2.4569213,-2.2632532,-2.564355,-2.902647,-1.7184322,-3.7052946,-4.1661763,-4.1661763,-4.1645384,-4.386988,-4.1562495,-4.006773,-3.07578,-3.2936296,-2.0448139,-2.0448136,-1.9991533,-1.9967557,-1.8134518,-1.2302276,-1.7053258,-1.8238325,-1.6152179,-1.6152172,-1.8944267,-1.6965672,-1.2971423,-2.8661692,-1.1976745,-2.5237067,-2.8736362,-2.8736367,-1.5906836,-2.2321696,-2.9135976,-3.888317,-4.3750334,-3.5532188,-3.9987993,-3.9987996,-3.9759438,-4.1302247,-4.0274806,-4.4190626,-0.77018774,-1.4683156,-1.3740517,-1.3740518,-1.5087016,-1.281389,-1.4120542,-0.85561883,-2.1594896,-4.046021,-0.53089625,-0.53089625,-0.7131614,-1.4053231,-0.7208506,-2.2083776,-0.6412982,-0.15113923,-0.61708015,-0.61708015,-0.69073933,-0.9998253,-1.4829108,0.6451396
CC(C)OC(=O)C,-2.64,-2.1655426,-3.6888177,-3.842884,-3.842884,-3.705858,-4.0436544,-3.6597526,-4.1621747,-5.2436767,-3.979043,-4.3687444,-4.3687444,-4.371744,-4.157273,-4.373406,-3.4247074,-3.2295387,-3.9153836,-3.2163033,-3.216304,-3.2267308,-3.4313285,-3.3511515,-2.960825,-3.0172093,-4.918369,-3.8766758,-3.8766754,-3.8896196,-4.1687775,-3.5435994,-5.701146,-1.8798004,-3.634854,-4.1857514,-4.1857505,-3.201266,-3.8987818,-3.6300447,-3.7209926,-3.6299977,-3.7595172,-3.5394478,-3.5394483,-3.5533884,-3.6905973,-3.7666934,-2.8722599,-3.8489158,-5.604763,-5.120376,-5.1203756,-5.0676303,-3.2511141,-4.936574,-4.741186,-4.826297,-4.354658,-3.0481865,-3.0481868,-3.1972237,-3.2278938,-3.3683784,-3.312112,-2.7465284,-4.018025,-3.9974434,-3.9974434,-4.079475,-3.900626,-4.16398,-3.8452764
CCNc1nc(nc(n1)SC)NC(C)(C)C,-6.68,-5.480531,-5.690301,-5.9768357,-5.9768357,-5.994567,-6.393825,-5.998955,-6.9792457,-7.1727266,-5.893031,-6.7060194,-6.706019,-6.6812544,-7.3918867,-6.664023,-6.588975,-6.6225967,-5.697185,-3.8092494,-3.8092492,-3.7647629,-5.181072,-3.698489,-6.8726125,-6.6348486,-9.97614,-8.048995,-8.048994,-7.6610036,-8.369708,-7.563555,-8.412031,-8.607024,-8.053394,-8.237921,-8.23792,-6.67665,-7.2840624,-7.7148643,-8.105508,-7.567073,-5.2898507,-6.4319625,-6.4319625,-6.434866,-6.51468,-6.689004,-8.566383,-9.484964,-7.062169,-8.979051,-8.97905,-8.994658,-6.9734306,-9.1867895,-7.02419,-6.7343383,-5.819238,-4.8245797,-4.8245807,-5.085943,-5.6480737,-5.5241942,-5.666794,-6.8115206,-6.689444,-6.729733,-6.7297335,-6.6723804,-6.6226788,-6.65829,-6.604128
c1cc(cc(c1)Cl)N,-5.82,-8.355094,-5.61475,-5.9217925,-5.921793,-5.911303,-6.1501737,-5.9267235,-6.8230534,-5.0199814,-4.1572766,-4.782012,-4.782012,-4.7826743,-5.185898,-4.7767763,-4.5433607,-5.63546,-3.8127108,-4.6183677,-4.6183677,-4.6423073,-5.276473,-4.662493,-5.415095,-4.9223385,-6.7337565,-5.553156,-5.553151,-5.4959955,-6.0132866,-5.281025,-6.9957395,-4.2944264,-6.2063236,-7.1189466,-7.118947,-5.970027,-6.634354,-6.2869444,-8.023806,-5.5526648,-3.8321006,-4.5528054,-4.552806,-4.515979,-4.7116365,-4.413525,-4.9263105,-6.3216367,-4.60295,-4.998181,-4.9981804,-5.0394316,-4.8897676,-5.076621,-4.823716,-7.0129128,-3.7505317,-5.340454,-5.340454,-5.353118,-4.982422,-5.43426,-5.491832,-5.8740363,-5.9999943,-6.0113,-6.0112996,-5.963195,-5.9414234,-6.0176296,-5.7512016
CC(=O)NC,-10.0,-6.4978395,-4.121447,-4.2255225,-4.225523,-4.163249,-4.3746796,-4.1298056,-4.370283,-6.4070654,-3.5876946,-4.048142,-4.048142,-4.0485325,-4.319639,-4.0434985,-3.7692935,-9.048757,-3.3420048,-3.7278094,-3.7278092,-3.7340164,-3.9162555,-3.8405185,-4.1417913,-8.069253,-7.7847233,-6.356143,-6.3561406,-6.3577127,-6.3462324,-5.71663,-9.850306,-8.900656,-3.5445697,-4.7682457,-4.7682467,-4.9613914,-5.39764,-3.76297,-4.687146,-3.3019671,-3.5000484,-3.8732371,-3.8732371,-3.852012,-3.9406087,-3.748397,-3.5762036,-7.4983454,-6.521103,-7.2328677,-7.232868,-7.172362,-5.559287,-7.180258,-6.7246094,-7.962678,-3.9732854,-3.2208273,-3.2208276,-3.3372142,-6.9056816,-3.4743874,-4.177675,-10.065898,-9.9389,-10.291735,-10.291734,-10.30651,-10.386544,-10.229222,-10.00864
C1CC1,0.75,1.983394,-1.6927516,-0.67438895,-0.6743889,-0.6057391,-0.10913935,-0.663777,-0.6937781,1.140866,-2.1994386,-2.24265,-2.2426503,-2.2419376,-2.049593,-2.239633,-1.9226936,0.46241227,-2.912488,-2.7022176,-2.7022176,-2.698755,-2.6118796,-2.734991,-2.0433447,0.31726062,-0.90572965,-0.47592136,-0.47591814,-0.40668246,-0.90917,-0.21940306,-1.6594881,1.0287937,-3.1865036,-0.3945753,-0.39457467,1.3706931,1.1767249,-2.1940055,-0.5301369,-0.547663,-2.6342707,-2.418027,-2.4180267,-2.3999746,-2.451657,-2.384453,-1.8518206,2.4544501,2.4677043,1.9004495,1.9004495,1.9975827,1.9652684,1.8794535,0.83055085,-0.065562144,-3.044238,-1.6816149,-1.6816152,-1.7102034,2.1267874,-1.730811,-2.6436367,-0.2083737,-0.68916047,-0.6370879,-0.6370879,-0.6425014,-0.4404379,-0.60141647,-1.9027874
C(CCl)Cl,-1.79,-2.2791812,-1.6533159,-1.0028547,-1.0028546,-1.1292253,-0.84341305,-1.4040619,-0.99692106,-1.318359,-2.5592084,-2.6738122,-2.6738124,-2.6730733,-2.0481908,-2.6704762,-1.1478943,-1.8616793,-2.1723309,-1.4661347,-1.4661347,-1.4576832,-1.2459415,-1.5012488,-1.5836369,-1.3526456,-2.6998198,-1.9814423,-1.9814383,-1.8246856,-2.189524,-1.6369917,-3.543192,-1.0731626,-0.52549,-1.6513495,-1.6513498,-1.88599,-1.2656541,-1.0355151,-1.1620553,-4.2453103,-2.965206,-3.1317549,-3.1317549,-3.1100595,-3.2326934,-3.08789,-2.823496,-0.92339885,-1.2645544,-1.7090032,-1.7090032,-1.7326567,-1.5923073,-1.7452854,-0.90767765,-2.0421176,-2.8796687,-0.9372328,-0.9372331,-0.9595742,-0.11859122,-0.9608581,-2.1406488,-1.2748979,-0.8526975,-1.1233137,-1.1233139,-1.2312069,-1.3168405,-1.3395916,1.07618
C(CCl)OCCCl,-4.23,-2.805392,-3.3094573,-3.089125,-3.0891247,-3.309377,-2.9809887,-3.8141687,-3.283432,-4.19444,-4.031804,-4.3489532,-4.3489532,-4.3509383,-4.0614033,-4.348848,-3.261147,-4.154554,-3.8778183,-2.8343523,-2.834352,-2.8574317,-2.79099,-3.0964398,-2.689264,-5.0328374,-5.229522,-4.57458,-4.574578,-4.4573793,-4.703044,-4.2810974,-6.451879,-3.0664,-1.2128072,-2.2996185,-2.2996185,-1.8627753,-1.7775675,-1.5768402,-1.5045954,-2.5023677,-3.8798072,-4.181805,-4.1818056,-4.1551256,-4.2519965,-4.2499347,-2.827238,-3.8428116,-4.4171257,-4.190136,-4.1901355,-4.237998,-3.5560706,-4.2703724,-4.159491,-3.9986866,-4.0697284,-1.5486728,-1.5486729,-1.7295275,-4.052492,-1.9040697,-2.731216,-3.8777173,-4.0280533,-3.8383405,-3.8383408,-3.7106774,-3.8308995,-4.1770387,-3.6450367
C1[C@@H]2[C@H]3[C@@H]([C@H]1[C@H]4[C@@H]2O4)[C@@]5(C(=C([C@]3(C5(Cl)Cl)Cl)Cl)Cl)Cl,-4.82,-3.865583,-4.240484,-4.905185,-4.9051857,-4.688175,-5.7015433,-4.688342,-2.428149,-5.5920577,-5.256819,-5.8245277,-5.824528,-5.82827,-6.25369,-5.8289294,-5.355604,-4.805445,-5.921069,-4.4471955,-4.447194,-4.3628755,-5.16584,-4.4451947,-7.0016527,-4.6837325,-7.964667,-7.057596,-7.0575957,-6.580892,-4.3617435,-6.1528683,-7.6659994,-5.6117263,-2.955786,-3.5863588,-3.5863585,-4.4628077,-5.1283045,-2.7100167,-4.5016875,-3.121703,-4.119304,-4.074266,-4.074266,-4.0939236,-4.181868,-4.323019,-2.9616396,-5.200799,-4.6575847,-5.413053,-5.4130526,-5.6084003,-4.8928623,-5.648152,-4.3944907,-5.4742246,-6.82628,-3.8693905,-3.8693905,-3.9519289,-5.802437,-4.0883474,-5.558031,-4.8012557,-4.5327587,-3.4398937,-3.4398942,-3.3661785,-3.244325,-3.485984,-4.484149
C1CC=CC1,0.56,0.6899576,-4.014558,-3.277123,-3.277123,-3.3434422,-2.7988868,-3.4172664,-2.3518145,1.7635648,-2.987935,-3.594775,-3.594775,-3.593896,-3.568512,-3.5877664,-1.6451385,0.43403286,-3.3755474,-2.0153701,-2.0153701,-2.0197012,-1.9811517,-2.1428552,-3.36794,-1.1004469,-5.910142,-4.539731,-4.539729,-4.4571924,-4.962016,-4.2254133,-5.9439163,0.24463096,-2.734224,-1.03763,-1.0376291,-0.305464,-0.048086677,-1.9909476,-1.6542516,-1.6719776,-3.173611,-3.6284246,-3.6284244,-3.5989454,-3.7107751,-3.536503,-2.989369,0.29990786,0.3737878,-0.22804205,-0.22804162,-0.14644091,-0.18627632,-0.014912693,0.2050322,-0.46536818,-3.42202,-1.4716951,-1.4716951,-1.5365037,1.2022244,-1.5673839,-1.766571,-0.2083737,-0.68916047,-0.6370879,-0.6370879,-0.6425014,-0.4404379,-0.60141647,-1.9027874
CC(C)C=O,-2.86,-3.293922,-3.0163047,-2.7765799,-2.77658,-2.6180217,-2.8213458,-2.537595,-2.998661,-2.20888,-3.348209,-4.1070385,-4.1070395,-4.1060176,-4.540794,-4.098427,-3.5097492,-3.4037623,-3.5735679,-3.483862,-3.483862,-3.4795668,-3.7306204,-3.5517375,-2.134636,-3.4066162,-4.121287,-3.3173392,-3.3173358,-3.463502,-2.9712963,-2.8079731,-4.639395,-1.9470837,-2.6033492,-3.8950124,-3.895012,-2.561638,-2.5967953,-2.7525525,-3.6982129,-2.3718998,-2.9026787,-2.9275546,-2.9275548,-2.8919384,-2.9541717,-2.9284365,-1.9434334,-4.5661173,-3.8145235,-4.394505,-4.3945055,-4.419503,-3.9279916,-4.405256,-3.7455695,-4.1171203,-4.1879067,-4.2536325,-4.253633,-4.335481,-3.0495818,-4.4916773,-4.264682,-3.239966,-2.3138266,-2.309983,-2.309983,-2.3070683,-2.4116182,-2.3922384,-2.417031
CC(C)CBr,-0.03,-1.2293351,-2.3421638,-1.9632356,-1.9632356,-1.8866379,-1.9973981,-1.8727554,-2.2430532,0.91669,-3.4195719,-4.173387,-4.1733875,-4.1724014,-4.3317447,-4.164349,-2.807221,-0.15296781,-3.7746193,-2.4036746,-2.4036746,-2.4048707,-2.3715713,-2.4283707,-0.47761056,0.14697768,-0.99965394,-0.53095865,-0.53095645,-0.38155767,-0.90631765,-0.13203576,-2.1749475,-0.5939051,-2.119702,-1.6891587,-1.6891587,-1.2444818,-1.2275277,-2.1559913,-1.1430731,-1.8723195,-3.0139883,-3.1205292,-3.1205292,-3.0800214,-3.1972864,-3.1118805,-1.6866357,-0.0078089,0.649652,-0.09565864,-0.095658556,-0.100394174,-0.18063664,-0.049940772,-0.077099964,-0.7560669,-3.5860891,-0.6800789,-0.68007916,-0.75821173,1.0103859,-0.73002213,-1.5423157,-0.3923719,-0.8808547,-1.1522033,-1.1522034,-1.1840738,-1.2264918,-1.424946,0.8657037
c1cc(c(c(c1Cl)Cl)Cl)Cl,-1.34,-1.7137597,-6.4113197,-6.3415055,-6.3415055,-6.3754597,-6.5523334,-6.379032,-6.9228773,-1.4895362,-4.884042,-5.403011,-5.40301,-5.4031343,-5.677546,-5.3951335,-3.3797963,-1.1773167,-3.2644613,-2.245224,-2.245224,-2.2284596,-2.1998692,-2.1883998,-1.241,-1.1576058,-2.5937304,-2.1709654,-2.1709654,-2.178359,-2.477118,-2.0912175,-2.9282095,-0.41954026,-4.0822563,-2.9830854,-2.983085,-3.080861,-2.6894133,-3.2942958,-2.814635,-5.2167225,-3.967761,-4.6870055,-4.687005,-4.6593585,-4.908137,-4.817751,-4.745169,-0.9183279,-1.5475016,-0.5350577,-0.5350574,-0.4877836,-0.19249952,-0.5574191,-0.71214855,-2.269908,-3.7501395,-2.9573214,-2.9573214,-3.019402,-2.4280534,-2.9946222,-3.0820181,-1.2575654,-1.7154316,-1.7354417,-1.7354416,-1.7527437,-1.8751802,-1.7844328,-1.6851982
Cc1ccc(c(c1)O)C,-5.91,-4.1151323,-5.2925787,-5.6140413,-5.6140413,-5.5981703,-5.758823,-5.577302,-6.1234617,-6.082012,-4.3544393,-4.9024463,-4.902446,-4.9061656,-5.1896167,-4.910421,-5.3315043,-6.6610136,-4.486455,-4.790135,-4.7901354,-4.7973084,-5.4161177,-4.9379153,-6.5248675,-5.287018,-6.498286,-5.685742,-5.6857405,-5.6554594,-5.978771,-4.9963884,-7.6848435,-7.008891,-5.5235963,-7.003383,-7.0033846,-6.502789,-7.402151,-5.7463546,-7.0990534,-4.4806223,-4.125068,-4.4386544,-4.438654,-4.4268317,-4.413184,-4.5967865,-4.4660783,-6.059356,-4.3956804,-4.980973,-4.9809732,-4.920435,-3.5656981,-4.9594893,-3.609177,-6.41381,-4.9572396,-5.877656,-5.877655,-6.149894,-6.621913,-6.4926486,-5.976451,-6.051691,-5.0575876,-4.8630795,-4.863079,-4.9023256,-4.9560127,-5.0411005,-6.114821
c1ccc2c(c1)C(=O)c3cccc(c3C2=O)N,-9.44,-11.036879,-6.4788036,-6.4586177,-6.458617,-6.4914827,-6.6927266,-6.477976,-7.034355,-10.418219,-5.172737,-5.6882777,-5.6882772,-5.6957135,-5.7084246,-5.7158694,-7.354848,-9.507193,-6.426949,-9.302956,-9.302956,-9.299771,-10.017931,-9.364014,-9.816157,-9.599491,-10.299684,-9.753431,-9.753426,-9.7782135,-10.758687,-9.686835,-10.521861,-9.94625,-7.4284296,-9.033258,-9.033259,-9.080215,-10.054747,-7.6790133,-11.071782,-5.866623,-5.0776963,-5.25425,-5.2542505,-5.3535314,-4.914329,-4.881715,-7.1376867,-9.331378,-6.3176575,-7.896929,-7.896928,-8.16683,-7.5712442,-8.526693,-6.75519,-10.676013,-7.196531,-10.351601,-10.351603,-10.76744,-9.948688,-11.0589695,-9.290938,-9.418898,-9.457492,-9.51712,-9.517118,-9.384954,-9.336782,-9.3847275,-9.45926
CC(C)Cc1cnccn1,-5.04,-2.4019337,-3.2872918,-3.3582335,-3.3582337,-3.2427382,-3.4244692,-3.2833893,-3.6547158,-4.1809435,-4.178664,-4.6158147,-4.615815,-4.6206865,-4.220348,-4.631449,-3.4825447,-4.1462564,-4.5697107,-2.7793603,-2.7793603,-2.7998521,-3.2334874,-2.8761826,-2.4893322,-4.9661083,-5.574265,-3.9398358,-3.9398313,-3.9014978,-4.4047995,-3.8412404,-5.231235,-4.9949994,-3.50197,-3.7214985,-3.7214985,-3.0851135,-3.9024198,-3.4143786,-3.3887067,-2.6651306,-4.4089932,-3.9409142,-3.9409142,-4.0292883,-3.7833993,-4.419137,-2.3527148,-5.588277,-4.317192,-5.803776,-5.8037767,-5.9761276,-5.134242,-5.9204626,-5.001948,-4.720678,-4.978559,-3.2959468,-3.2959468,-3.490957,-2.268145,-3.706301,-2.5736783,-5.015542,-5.168259,-5.145991,-5.145991,-5.127646,-5.1961436,-5.0724,-4.9362445
c1cc(ccc1O)Br,-5.85,-4.922402,-4.830474,-4.4952307,-4.4952307,-4.5576715,-4.671242,-4.833394,-4.700147,-5.885901,-4.087673,-4.6957545,-4.6957545,-4.696174,-4.9008384,-4.689847,-4.7666283,-5.949365,-3.9240687,-4.747886,-4.7478857,-4.773563,-4.9766703,-4.841764,-6.4428196,-5.856292,-7.214995,-6.2447376,-6.244735,-6.2049885,-6.909387,-5.858755,-7.1304026,-4.7439322,-5.181566,-6.1721644,-6.172165,-5.059959,-5.9626064,-5.2836328,-6.5905123,-5.9994426,-4.1680856,-4.815948,-4.815948,-4.844173,-4.6161566,-4.5751863,-6.5279803,-7.473049,-4.6660576,-5.913659,-5.913659,-5.8302,-4.858058,-5.923523,-4.882173,-7.282663,-3.8614576,-5.884456,-5.884455,-5.9066095,-6.1272697,-5.9766946,-4.966481,-6.049848,-5.8358774,-5.796432,-5.796432,-5.7620373,-5.842057,-5.778442,-5.8392754
CCCCCCCCC=O,-2.07,-1.2328775,-3.679932,-3.6920228,-3.692023,-3.7184622,-3.5898483,-3.9411337,-3.981545,-2.698312,-4.908658,-5.2859316,-5.2859316,-5.278064,-5.1651626,-5.2726936,-4.4094834,-2.4109147,-5.1771283,-1.2671041,-1.2671044,-1.3048515,-1.8642749,-1.080759,-1.0468292,-1.8308216,-2.1612825,-1.3420528,-1.3420519,-1.2046422,-1.9426466,-1.041425,-2.8611023,-4.2824535,-3.8806365,-3.8785894,-3.8785896,-2.3623445,-3.5655985,-3.8224509,-3.740626,-4.2921476,-5.097076,-5.3247504,-5.3247504,-5.31635,-4.79645,-5.317788,-4.2390766,-3.991188,-3.5524273,-4.567237,-4.567237,-3.8619456,-2.0546343,-4.428362,-3.6287506,-2.834527,-5.4071627,-3.223076,-3.2230766,-3.1273882,-1.5487033,-2.9896095,-3.2377858,-2.3471422,-2.0622883,-2.1422622,-2.1422625,-2.1012816,-2.0102293,-2.0957015,-2.3092017
C(CO)O,-9.3,-4.3161817,-2.2761564,-1.8903825,-1.8903822,-1.8487803,-2.0284653,-1.8155719,-2.0497952,-10.52273,-2.912723,-3.3066049,-3.3066044,-3.305087,-3.4612055,-3.29772,-3.6106684,-9.562201,-3.890057,-7.5049024,-7.504903,-7.54588,-7.984231,-7.6878676,-8.406521,-9.122926,-9.833417,-8.435661,-8.4356575,-8.241565,-8.1091,-7.5663385,-11.094534,-7.6190805,-2.4873283,-2.8901587,-2.8901582,-3.2154818,-3.2484002,-2.595073,-4.54004,-3.796341,-2.8995852,-2.9411159,-2.9411156,-2.9247882,-3.0407503,-2.9216988,-2.4345472,-10.099589,-7.454926,-9.3031645,-9.3031645,-9.2885,-8.938273,-9.241716,-8.8636465,-9.700088,-4.4017053,-6.33391,-6.3339105,-6.4689054,-8.408221,-6.660454,-5.6318345,-9.406502,-9.285623,-9.239642,-9.239642,-9.3027115,-9.511582,-9.583514,-9.170416
CC1=CC[C@H](C[C@@H]1O)C(=C)C,-4.44,-3.3106055,-3.4927773,-3.7646265,-3.7646267,-3.6018617,-3.8932655,-3.5236783,-4.6125126,-4.3618627,-4.3648353,-4.827128,-4.827128,-4.8317957,-4.5749364,-4.841613,-3.4494126,-4.8720345,-6.1668434,-5.164078,-5.164079,-5.1358604,-5.06055,-5.337386,-7.844621,-4.3055224,-6.355825,-4.67777,-4.6777673,-5.0885205,-6.0922356,-4.1764245,-3.8460877,-7.342879,-3.885565,-4.739038,-4.739038,-4.872513,-5.3616514,-3.8546,-4.796242,-3.03663,-4.513584,-4.778082,-4.778082,-4.789443,-4.588642,-4.8981524,-2.8086948,-4.9221683,-4.696267,-5.1454163,-5.1454153,-5.2524533,-4.3212314,-5.319504,-4.6984563,-5.1505036,-5.4770236,-4.062663,-4.0626636,-4.2637815,-3.9955702,-4.642597,-3.412694,-4.4764466,-6.21879,-5.418999,-5.4189987,-5.538261,-5.6255407,-5.576293,-8.384108
CC(=C)c1ccccc1,-1.24,-2.833191,-4.575726,-4.9670477,-4.967047,-4.8903227,-5.156532,-4.857732,-5.4745407,-2.8411098,-4.2394304,-4.6793356,-4.679335,-4.6829615,-4.563623,-4.6866364,-4.1658845,-1.4492824,-4.5650353,-3.7284172,-3.728417,-3.741682,-4.2354727,-3.8848298,-4.095519,-2.8797364,-5.177279,-4.9351864,-4.9351807,-4.845342,-5.077229,-4.758129,-5.7911425,-4.687842,-5.099807,-6.272377,-6.2723775,-5.764945,-6.613483,-5.1448703,-5.897829,-5.0190163,-3.9858682,-4.6920514,-4.692051,-4.6476936,-4.856817,-4.579069,-4.9456525,-1.2082623,-0.885275,-1.696146,-1.6961457,-1.6458453,-1.7140398,-1.6835731,-0.88817406,-2.8695319,-4.621608,-3.6642115,-3.664212,-3.9020143,-1.5727628,-4.145349,-3.524148,-0.95228463,0.39386666,0.1379805,0.1379805,-0.06892857,-0.08372745,-0.32284614,0.2132435
CCc1cccc(c1N(COC)C(=O)CCl)CC,-8.21,-6.7890496,-4.314169,-5.081395,-5.081395,-5.0554748,-5.977612,-5.2752256,-5.2839913,-7.766734,-4.692198,-5.37289,-5.3728895,-5.3793125,-4.845398,-5.4142003,-6.023297,-8.212927,-8.259995,-6.870205,-6.870205,-6.8226247,-8.818074,-6.5926247,-8.059137,-7.9027357,-7.1866684,-6.285618,-6.2856154,-6.368384,-6.284073,-6.4693723,-9.004096,-8.596052,-5.3979707,-5.774535,-5.774535,-6.7992167,-6.6274076,-5.1792626,-7.8760986,-6.058383,-4.5585275,-6.0180917,-6.018092,-5.9340043,-6.3720427,-5.829233,-6.03719,-7.059886,-6.1932497,-7.154867,-7.1548676,-7.4038353,-5.9961433,-7.553848,-5.4167004,-7.950174,-7.6430135,-7.3369246,-7.3369255,-7.883056,-7.0869303,-8.498034,-5.438201,-8.432508,-8.322509,-8.274957,-8.274956,-8.163689,-8.1596575,-8.224337,-8.173846
c1ccc(c(c1)O)I,-6.2,-8.452005,-5.4022884,-5.568553,-5.568553,-5.5607977,-5.845691,-5.6107264,-6.81689,-3.8205123,-4.105836,-4.6340785,-4.634079,-4.634408,-4.4576545,-4.6280236,-3.9105182,-6.554891,-3.9448876,-4.4892693,-4.4892697,-4.52957,-4.608263,-4.5809555,-4.188341,-5.588896,-7.2677145,-6.573392,-6.573386,-6.551492,-6.867338,-6.2853928,-6.7841663,-5.5369353,-5.364708,-5.3252053,-5.3252053,-3.1436167,-4.4256067,-5.3153496,-6.2809157,-5.315491,-3.7940633,-4.392101,-4.392101,-4.3596907,-4.632597,-4.535261,-5.1602764,-7.2635145,-4.9312,-5.865241,-5.865241,-5.774831,-4.4989586,-5.834551,-4.950287,-6.5726557,-3.7206967,-3.8116171,-3.8116174,-3.8400106,-4.4084587,-3.902833,-2.4970727,-5.505797,-4.89637,-4.8632283,-4.8632283,-4.897978,-4.926631,-4.848366,-5.002653
c1ccc(cc1)C(F)(F)F,-0.25,-1.8083528,-5.1477966,-5.6522784,-5.6522784,-5.566456,-6.0579467,-5.5154705,-6.6545796,0.114562556,-4.6795125,-5.4751287,-5.475129,-5.476548,-6.786389,-5.4718757,-8.663133,-0.58482647,-4.013691,-5.443782,-5.443782,-5.4876313,-5.8162766,-5.5290527,-5.3353877,-0.43915993,-1.1704793,-0.44501042,-0.44500875,-0.44929907,-1.7818334,-0.43923694,-1.8167692,-0.37851375,-3.1671116,-4.3365197,-4.33652,-2.974152,-3.056964,-3.3619528,-2.844155,-4.5016623,-3.713362,-4.36996,-4.36996,-4.3341904,-4.4513016,-4.2168345,-4.2553325,-0.31988502,1.1560528,-0.878892,-0.87889254,-0.7664357,-0.1227817,-0.8250685,0.14269066,-0.4001562,-6.4043193,-4.709648,-4.709648,-5.220913,-1.1676263,-5.6498084,-6.5685883,-1.0922337,-1.0682288,-1.0808761,-1.0808761,-1.0482893,-0.953524,-1.1049818,-0.9342578
Cc1ccc(cc1)C=O,-4.27,-6.6332994,-4.8701763,-5.0400243,-5.040024,-5.029564,-5.2338405,-5.137146,-5.865608,-5.4881454,-4.3396335,-4.903583,-4.903583,-4.906637,-5.2908897,-4.908468,-5.6240635,-4.1628404,-4.280369,-4.839483,-4.839483,-4.8497615,-5.418857,-4.8952174,-4.354859,-4.973268,-5.902618,-5.0577617,-5.057761,-4.9888287,-5.3642106,-4.8113575,-6.835864,-7.897334,-5.105035,-6.7028947,-6.7028947,-6.06154,-7.060644,-5.3117347,-5.6485167,-4.7248816,-4.3558407,-4.215732,-4.215732,-4.312952,-3.7523105,-3.9003723,-3.9091916,-4.752375,-4.47934,-5.8648863,-5.8648863,-6.1699643,-5.8403025,-6.188241,-5.721707,-4.9767113,-4.9402075,-5.7193027,-5.719302,-5.873903,-5.076405,-6.1363163,-6.180616,-4.279424,-4.1846085,-4.2591033,-4.2591033,-4.207963,-4.17276,-4.2580276,-4.3975654
CCOP(=O)(OCC)O/C(=C/Cl)/c1ccc(cc1Cl)Cl,-7.07,-5.4995575,-6.1277685,-5.773293,-5.7732925,-5.841112,-6.382138,-5.9789886,-5.0654798,-7.525946,-7.1794972,-8.005721,-8.00572,-7.987831,-8.843287,-7.9877048,-7.015108,-6.808647,-6.9394035,-7.1476407,-7.14764,-7.048324,-8.346055,-6.750144,-7.3507338,-6.9216475,-7.5557103,-7.6171637,-7.617163,-7.6915545,-7.6280317,-7.2276917,-8.119924,-6.8384485,-7.351431,-7.7418647,-7.7418647,-5.516858,-6.0743384,-7.097438,-5.095401,-7.1354003,-5.634711,-7.192425,-7.192425,-7.107061,-7.601706,-7.2858844,-8.060076,-5.9830675,-6.0273166,-6.9677825,-6.9677825,-6.7425375,-5.0066123,-6.2789545,-6.92735,-7.086824,-7.2930837,-6.523346,-6.523347,-6.836903,-6.66063,-7.1719823,-6.8944144,-7.1825433,-7.0874057,-7.119494,-7.119494,-7.039118,-7.083721,-7.077819,-7.1975656
CCC(CC)O,-4.35,-2.6805997,-3.2272534,-3.042634,-3.0426345,-3.1592114,-3.0656657,-3.3858964,-3.3050342,-4.4192324,-3.7301564,-4.231991,-4.231991,-4.231139,-4.2035613,-4.2260056,-2.891494,-4.156021,-4.4279866,-3.0431528,-3.0431526,-3.051296,-3.3950708,-3.2095208,-4.7408643,-4.645148,-4.6727123,-3.810436,-3.8104348,-3.8322167,-4.2550597,-3.0383177,-4.686644,-3.2055104,-3.0980394,-3.8925128,-3.8925126,-2.199291,-2.2780344,-3.4531531,-3.808759,-3.2731194,-3.5991876,-4.174123,-4.174123,-4.1174316,-4.2552934,-4.129159,-4.0696106,-4.7743845,-4.313833,-4.3036203,-4.3036203,-4.2548103,-3.3009436,-4.2738667,-3.8441937,-5.384928,-4.4856,-3.5991213,-3.5991216,-3.76383,-4.3781424,-3.9818733,-2.7634068,-4.3925047,-4.2342615,-4.3096366,-4.309636,-4.2621865,-4.246682,-4.270052,-4.156196
c1ccc(cc1)Cn2ccnc2,-7.63,-7.775401,-3.409495,-3.6001873,-3.6001868,-3.4467933,-3.6939874,-3.4737103,-4.3759236,-4.849737,-4.3501263,-4.7544165,-4.754416,-4.7599277,-4.2780747,-4.7723494,-4.0914283,-7.787233,-4.7326927,-4.8172884,-4.8172884,-4.821211,-5.3774357,-4.7680893,-4.0715694,-7.0159926,-5.0921063,-3.955613,-3.9556077,-3.9958658,-4.9000344,-3.8781595,-6.833434,-5.0991325,-3.7960465,-4.0664783,-4.066479,-3.4150512,-4.154572,-3.5954394,-3.7505634,-4.8487115,-4.507235,-5.4626193,-5.462619,-5.4250984,-5.530217,-5.451397,-5.160097,-7.4947753,-5.23028,-6.644615,-6.644616,-6.8448896,-6.0458627,-6.9578857,-6.157996,-7.4249086,-5.24291,-4.006375,-4.0063753,-4.283116,-3.559217,-4.5607133,-3.6173456,-7.614188,-7.781167,-7.68496,-7.6849604,-7.680537,-7.6709557,-7.6991296,-7.704325
COC(=O)C1CCCCC1,-3.3,-1.8530258,-3.4273999,-3.5770023,-3.577002,-3.4776485,-3.7645652,-3.4282656,-3.9594326,-5.2628217,-4.259244,-4.782612,-4.782612,-4.7862577,-4.6562877,-4.7926097,-3.6054606,-3.450116,-5.1019053,-1.6891232,-1.6891232,-1.6923243,-2.2671473,-1.9574811,-3.3392153,-3.0710297,-1.399589,-0.6897271,-0.6897253,-0.8118928,-2.3832152,-0.6675384,-2.738657,-4.987658,-3.5887878,-4.0451555,-4.0451555,-3.2900882,-4.108093,-3.5317824,-3.8094373,-3.044953,-4.4018073,-3.7889948,-3.7889946,-3.8909318,-3.6502545,-4.316659,-2.2542663,-4.68169,-4.9434605,-4.817907,-4.817907,-4.801913,-3.2177799,-4.689564,-3.9550853,-5.06366,-4.9626756,-3.1959422,-3.1959424,-3.3536394,-3.997164,-3.6535847,-2.6186461,-2.7176175,-2.4449513,-2.5959008,-2.5959005,-2.5530193,-2.3992174,-2.5551755,-2.744957
CC[C@H](C(C)C)O,-3.88,-2.4446385,-3.5030613,-3.6656618,-3.665662,-3.7540565,-3.931792,-3.8037496,-4.1522245,-3.3642743,-3.9564862,-4.4971504,-4.4971504,-4.4979854,-4.4473724,-4.494696,-2.8541937,-3.9773145,-4.828023,-2.6948342,-2.6948338,-2.6724155,-2.9874532,-2.8975668,-3.8324718,-2.9916887,-3.2054858,-2.2331188,-2.2331176,-2.774532,-2.395103,-1.9335372,-3.2293065,-3.0594864,-3.7438776,-4.384211,-4.3842115,-4.5927806,-4.926195,-3.7659018,-4.7644553,-2.3580751,-3.7233908,-4.0580897,-4.05809,-4.0200047,-4.1126127,-4.218665,-3.594986,-4.6116705,-4.377284,-4.241862,-4.241862,-4.249413,-3.3246605,-4.2699265,-3.804402,-5.028405,-4.5369253,-3.0193884,-3.0193877,-2.9529123,-3.7274516,-3.127909,-2.5744357,-3.973842,-4.3148475,-4.3150396,-4.315039,-4.2156935,-4.2349033,-4.160061,-4.1205206
Cc1cccnc1C,-4.82,-2.9985693,-5.3309593,-5.2218423,-5.2218423,-5.267846,-5.157868,-5.2838354,-4.97994,-3.4705334,-4.077079,-4.590566,-4.5905666,-4.592282,-4.711501,-4.589288,-3.5392566,-4.2024703,-3.988338,-2.2454479,-2.2454479,-2.256212,-2.492504,-2.396719,-3.0178065,-3.4944367,-4.9900265,-4.5742598,-4.574256,-4.580354,-4.6087437,-4.2597885,-6.564596,-2.3987925,-6.479034,-6.1781096,-6.1781106,-4.555571,-5.1557956,-6.245424,-5.0719905,-5.2261057,-3.6571229,-4.4524803,-4.45248,-4.3964515,-4.617494,-4.3196945,-4.3076243,-4.0912366,-3.4065418,-4.3561993,-4.3561993,-4.4752207,-3.9952066,-4.453375,-4.2283244,-4.929537,-4.245596,-2.4026284,-2.4026291,-2.6365306,-2.5015676,-2.884384,-3.1930807,-4.841221,-5.385516,-5.1940284,-5.1940284,-5.210879,-5.384008,-5.0762963,-5.4588246
CCCCCCC#C,0.71,-1.2527194,-3.144129,-2.949844,-2.9498441,-2.9487355,-2.8657138,-3.0298278,-2.835042,1.4236482,-4.1066666,-4.4573107,-4.4573107,-4.4505157,-3.987941,-4.439714,-3.0829215,0.39712077,-4.501623,-1.4727978,-1.4727972,-1.4860077,-1.7400239,-1.580466,-1.4392726,-0.94339716,-1.9369673,-1.4333829,-1.4333799,-1.6100785,-2.0948315,-1.2935505,-2.7147079,-1.7491102,-3.5288837,-3.2910812,-3.291082,-1.6797568,-2.1245096,-3.727099,-3.0098946,-3.7357402,-4.6580195,-4.372319,-4.372319,-4.3279686,-4.127573,-4.865195,-2.85249,-0.49903846,-0.83983326,-0.8452658,-0.8452651,0.108260974,0.6854268,-0.047829434,-0.23610857,-0.025680661,-4.8513427,-2.831941,-2.831941,-2.8799503,-0.23488054,-2.7598712,-2.8109756,0.5311961,1.2602985,0.7772302,0.77723014,0.61933047,0.7940798,0.9474417,0.39031348
COc1ccccc1OC,-5.33,-4.5407724,-5.9233394,-5.567124,-5.5671244,-5.66194,-5.4920926,-5.719301,-5.413551,-4.5652137,-4.4441237,-4.885532,-4.885532,-4.8913484,-4.8386,-4.904613,-5.870422,-4.9025016,-4.853972,-5.2652473,-5.2652464,-5.2716036,-5.7107058,-5.4569807,-5.7374306,-4.069918,-5.094588,-4.781208,-4.781205,-4.784526,-5.0356894,-4.6640716,-6.634051,-4.6959715,-4.405635,-2.416129,-2.4161284,-1.520552,-1.5155687,-3.3711565,-1.747703,-5.627911,-4.19625,-5.3199887,-5.3199883,-5.257447,-5.6217937,-5.13198,-6.1810803,-5.9225183,-5.020542,-4.845875,-4.845875,-4.822135,-2.9358332,-4.760843,-3.349574,-4.3016853,-4.8130555,-5.562888,-5.5628886,-5.861591,-4.174628,-6.1690125,-5.850734,-5.3240676,-5.250453,-5.133934,-5.133934,-5.0732846,-5.205674,-5.1012883,-5.0958934
CC1=CCCCC1,0.67,-2.1064572,-4.073758,-4.175586,-4.1755867,-4.089815,-4.2021956,-4.0134315,-4.104995,0.0852918,-3.8191347,-4.4184556,-4.4184556,-4.419392,-4.4346557,-4.414824,-2.2620783,0.42026109,-4.3687377,-1.6313099,-1.6313095,-1.6375749,-1.7850494,-1.7531477,-1.0621852,0.3660661,-1.718002,-1.1217413,-1.1217377,-1.1249344,-2.1596081,-0.8453549,-2.8372576,-2.4725502,-4.5609217,-5.287349,-5.287349,-4.619122,-5.092076,-4.58859,-5.2829247,-1.1223686,-3.608928,-3.5491352,-3.5491352,-3.5536625,-3.6411202,-3.6648753,-2.521361,0.9441573,0.41369912,0.47709337,0.47709402,0.57206434,0.8714431,0.5267563,-0.021727163,-2.4550285,-4.0499945,-1.6642609,-1.6642609,-1.7869816,-1.5977161,-1.8908546,-1.4896451,0.2994097,-0.48184854,-0.52196366,-0.52196366,-0.5183628,-0.48242426,-0.45295155,-0.20485458
C(=C\Cl)\Cl,-1.17,-0.3817543,-4.898041,-5.0099626,-5.009963,-5.0142612,-5.335144,-5.0945024,-5.5451694,-0.74460304,-2.6878476,-2.6094897,-2.60949,-2.608757,-1.8215518,-2.606912,-0.20804656,-0.92290336,-2.0230432,-1.9108316,-1.9108317,-1.9063159,-1.9761047,-1.9122875,-2.7812462,0.35336015,-2.4251835,-1.4082175,-1.4082165,-1.3553083,-2.003311,-1.2574397,-2.9009511,-0.6372187,-2.1215384,-1.0775044,-1.0775044,-0.8217821,-0.1691702,-1.6303596,-1.0178907,-0.9711016,-2.9751713,-3.0271173,-3.0271173,-3.0146596,-3.201246,-2.966858,-2.1108751,-1.836621,-0.5612865,-0.39574733,-0.39574766,-0.55672026,-0.121179126,-0.68101025,0.22331704,-1.3264316,-2.6742234,-1.8400286,-1.8400285,-1.8389053,0.12463994,-1.8491791,-2.704433,-0.32967097,-0.06602898,-0.11633724,-0.11633722,-0.10131922,-0.17169665,0.09442456,1.1521087
CC(=C)C=C,0.68,-0.48648697,-4.9853106,-5.1316257,-5.131626,-5.122208,-5.240237,-5.1032267,-5.1740317,-1.073475,-3.6080089,-4.156403,-4.1564026,-4.1564865,-4.367303,-4.150312,-3.850955,0.48668975,-3.8498874,-3.4857984,-3.4857984,-3.5108144,-3.6585984,-3.6813006,-4.174337,0.03185492,-5.768563,-5.457282,-5.4572806,-5.4759994,-6.148854,-5.225169,-5.840648,-1.0292231,-5.6372986,-6.1874924,-6.187492,-5.467125,-5.8565483,-5.5609546,-5.666358,-3.8891435,-3.3672907,-3.808829,-3.808829,-3.7704127,-3.907643,-3.7399461,-3.518669,-0.6202669,-1.0152014,-0.6457732,-0.64577353,-0.545638,-0.36102068,-0.5150926,-0.47502717,-0.86033857,-3.9879699,-2.795169,-2.7951696,-2.9409928,-0.5618754,-3.067872,-3.5638096,0.56078255,0.89134514,0.76113874,0.76113874,0.594904,0.87706375,0.43721855,0.95105463
c1ccc2ccccc2c1,-2.4,-8.138145,-5.71622,-5.980453,-5.9804525,-5.977533,-6.1902785,-5.9859943,-6.7526746,-3.8559806,-4.2750916,-4.7704616,-4.7704616,-4.7730026,-4.7789483,-4.7724934,-3.811732,-2.778028,-4.314421,-4.3705535,-4.3705525,-4.3927135,-4.9048643,-4.3538117,-2.843147,-3.2391715,-3.0734744,-2.8446324,-2.8446298,-2.8307323,-3.3023853,-2.7047849,-3.9104722,-1.2128675,-1.5259844,-2.8136399,-2.8136399,-2.1899295,-1.9719652,-1.7529564,-3.1427495,-4.7593765,-3.9953103,-4.7635317,-4.7635317,-4.7172365,-4.90044,-4.6223207,-4.6873474,-1.8828328,-0.8564664,-1.9056289,-1.9056284,-2.0597882,-1.9737263,-2.2496407,-0.63888556,-3.079586,-3.6942186,-4.9333296,-4.9333296,-4.935659,-3.0010235,-5.029039,-5.1383653,-2.3902175,-1.6480696,-1.5642037,-1.5642037,-1.5217211,-1.536388,-1.5215666,-0.4801876
Cc1cccc(c1C)Nc2ccccc2C(=O)O,-6.78,-6.7653284,-4.024351,-4.7262616,-4.7262616,-4.695222,-5.2565947,-4.727147,-7.936743,-7.8700104,-5.325689,-5.91752,-5.9175196,-5.9123983,-5.8475223,-5.904237,-7.1190786,-7.004613,-7.207818,-7.2317586,-7.231758,-7.052358,-8.638517,-6.5965843,-7.256688,-7.486139,-9.242842,-8.689144,-8.689141,-8.599297,-9.074301,-8.068615,-9.493583,-8.916063,-4.4407353,-5.588157,-5.588158,-6.415117,-7.4729004,-4.490852,-7.987321,-5.4987597,-5.139095,-5.9870725,-5.987073,-5.99208,-5.90954,-5.634983,-6.7294674,-7.916784,-6.29232,-7.462149,-7.462149,-7.482587,-6.4463434,-7.5136237,-6.8889227,-7.1634,-7.001265,-8.3526945,-8.3526945,-8.635825,-7.2856674,-8.92305,-8.471713,-7.652303,-6.847372,-6.859097,-6.8590975,-6.7736325,-6.734296,-6.7058096,-6.621839
CCCC=O,-3.18,-1.1355473,-2.4570622,-2.0690265,-2.0690267,-2.0144525,-2.1062465,-2.008049,-2.3310938,-2.9081044,-3.3818822,-3.9147003,-3.9147,-3.9130158,-4.20942,-3.9055898,-3.8492084,-3.133023,-3.5459263,-2.660723,-2.660723,-2.6767561,-2.7013159,-2.7927513,-1.6254874,-2.9004853,-2.8501365,-2.5035093,-2.5035062,-2.2867744,-2.66934,-1.8946598,-4.1526856,-3.1761506,-3.2401643,-3.6093283,-3.609328,-3.2041798,-4.0909586,-3.3573089,-3.3720272,-4.9300165,-3.3859155,-3.7160177,-3.716018,-3.6898909,-3.8457937,-3.866678,-4.2067637,-4.2592163,-3.6379893,-4.234851,-4.234851,-4.2443337,-3.6711977,-4.2598114,-3.66003,-3.1103985,-4.191265,-3.2226598,-3.22266,-3.318832,-2.771322,-3.4190857,-3.6605687,-3.295777,-3.748608,-3.7769394,-3.7769399,-3.7133377,-3.8058288,-3.5193818,-3.0455372
C1CCOC1,-3.47,-0.65890425,-3.173368,-2.3974757,-2.3974757,-2.3879619,-1.8926883,-2.444838,-1.710138,-2.0725865,-2.90883,-3.4608243,-3.4608243,-3.4599876,-3.4448934,-3.4542716,-1.9629925,-4.054499,-3.7213843,-2.0518956,-2.0518956,-2.0597656,-1.9459137,-2.3475313,-4.050568,-3.9525425,-6.091447,-4.979126,-4.9791226,-4.8881254,-5.484721,-4.5810127,-7.5042567,-1.522331,-1.9332819,-0.5322385,-0.5322388,-0.089187205,-0.18260333,-1.3150208,-1.123563,-2.7088163,-3.0221622,-3.3010316,-3.3010316,-3.2726223,-3.3408933,-3.234596,-2.7177572,-2.76818,-3.1921742,-3.3460279,-3.3460274,-3.2954042,-2.6468174,-3.3767745,-2.4356742,-3.9385612,-3.5129726,-1.5060498,-1.5060495,-1.5722796,-1.8882991,-1.6089187,-1.7164522,-3.4029183,-3.4057658,-3.3652928,-3.3652928,-3.354053,-3.6126425,-3.5718777,-2.9703295
Cc1c(c(=O)n(c(=O)[nH]1)C(C)(C)C)Cl,-11.14,-10.52983,-4.747713,-5.1603365,-5.1603365,-5.079534,-5.3920617,-5.0079956,-6.5465364,-11.450498,-4.7222843,-5.227685,-5.227685,-5.2339005,-5.128857,-5.2503457,-5.4804506,-11.437197,-5.8979454,-6.561028,-6.5610275,-6.6157947,-7.6849055,-7.3231297,-12.155857,-11.099844,-10.231584,-8.876017,-8.876013,-9.017179,-8.516574,-8.850103,-9.708894,-7.9518943,-4.9154577,-6.1916976,-6.1916976,-6.493754,-6.974375,-5.0141616,-7.2015243,-6.2125955,-4.4051547,-4.2773747,-4.277375,-4.333161,-4.307663,-4.4017177,-4.7687283,-10.439735,-8.204101,-7.811781,-7.8117814,-7.9872303,-7.6331654,-7.999143,-7.0391083,-11.634215,-5.9100366,-5.491873,-5.4918737,-5.626243,-7.1114416,-5.815061,-7.199602,-11.272595,-14.729534,-13.0779295,-13.077929,-12.945768,-11.42677,-12.324893,-11.1080475
c1ccc(cc1)c2cc(c(c(c2Cl)Cl)Cl)Cl,-3.48,-4.6635895,-5.8634043,-5.9239373,-5.9239373,-5.9418893,-6.2360597,-5.917375,-6.9066544,-2.9632478,-5.195901,-5.615036,-5.6150355,-5.622587,-4.934918,-5.63848,-4.568644,-3.4501805,-4.5559015,-2.1204698,-2.1204696,-2.099544,-2.8721755,-2.122252,-2.3004215,-2.4812348,-3.335307,-2.8232186,-2.8232176,-2.7924812,-3.351368,-2.731797,-3.879898,-4.158473,-5.5994377,-6.632188,-6.6321883,-5.1290383,-6.3565073,-5.6403947,-4.395595,-5.0780067,-4.8908153,-4.8978763,-4.8978767,-4.9660215,-4.7692738,-5.0562596,-5.2467003,-2.2271745,-2.8338304,-2.646124,-2.6461232,-2.8983002,-2.5694318,-2.9809058,-2.840098,-3.1303413,-5.897748,-3.1895008,-3.189501,-3.42348,-3.430654,-3.6313937,-4.151099,-3.414985,-3.4438791,-3.5261207,-3.5261207,-3.495801,-3.5485337,-3.4921095,-3.2968688
CCCCCCCCC(=O)C,-2.34,-2.698913,-3.783015,-3.8366811,-3.8366814,-3.788387,-3.6889112,-3.9321609,-4.551304,-1.8770981,-5.367819,-5.708773,-5.7087736,-5.6987348,-5.91492,-5.687556,-5.3778243,-2.4333,-5.0308056,-0.88850987,-0.88850975,-0.90370685,-1.7020594,-0.6929878,-1.8039491,-2.1006222,-2.9832482,-1.3781437,-1.3781424,-1.2004642,-2.3523433,-1.4326161,-2.4861925,-4.721775,-4.1130614,-4.2081356,-4.2081356,-4.0797443,-5.0103755,-4.031454,-4.6674066,-4.474364,-5.2975163,-5.787182,-5.787183,-5.739321,-5.0343285,-5.7107067,-4.5461974,-4.53013,-4.069702,-4.9491897,-4.9491897,-4.719239,-2.9367478,-4.7555532,-4.4386597,-2.6257522,-5.269589,-2.7919095,-2.7919097,-2.9236236,-2.0118551,-3.1603935,-2.743106,-2.2628217,-2.77611,-2.7747004,-2.7747004,-2.6594117,-2.6239774,-3.437258,-2.4454908
COc1c(cc(c(c1O)OC)Cl)Cl,-6.44,-8.091254,-6.00826,-6.046205,-6.0462046,-6.1039944,-6.2877474,-6.099038,-6.489368,-5.7459683,-4.900686,-5.320762,-5.320761,-5.3273764,-5.3876896,-5.3438544,-7.8195815,-6.6828957,-5.296995,-7.37824,-7.3782387,-7.3610663,-7.7417393,-7.798512,-7.468045,-5.398317,-5.885917,-5.0969234,-5.096921,-5.1184335,-5.3872247,-4.855647,-6.8969564,-8.5152235,-7.2396646,-7.4409704,-7.4409714,-5.6124687,-6.4237385,-7.3071694,-7.1096153,-5.8831162,-4.384491,-5.512564,-5.5125647,-5.44928,-5.765408,-5.335908,-6.416319,-6.24284,-7.837547,-7.2578125,-7.2578115,-7.1271095,-5.3102584,-7.1003346,-6.7109623,-6.773735,-5.762905,-4.2899227,-4.289923,-4.5886154,-6.0098357,-4.8634853,-6.400698,-6.600309,-6.4690814,-6.484587,-6.484587,-6.41778,-6.4876003,-6.413953,-6.5789742
CC(C)(C)O,-4.47,-4.0971365,-2.2296453,-2.0849085,-2.0849082,-1.8874758,-2.3700407,-1.9079325,-3.759239,-4.0757103,-3.3769345,-4.2117867,-4.2117867,-4.210787,-4.510963,-4.202867,-2.120367,-4.6321383,-3.75378,-3.9511077,-3.9511077,-3.971844,-4.4903665,-4.005473,-3.7095337,-4.6557546,-5.9168544,-4.2654448,-4.2654433,-3.956057,-3.7171452,-3.5387592,-5.5341325,-4.7648544,-2.202401,-1.4581573,-1.4581573,-2.5036027,-2.283215,-1.6661917,-3.7409654,-0.4226635,-2.8143117,-2.734261,-2.734261,-2.7004063,-2.6970015,-2.7283607,-1.8598274,-4.3505735,-4.1062346,-4.274502,-4.2745028,-4.203475,-3.270947,-4.276495,-3.7098255,-5.42246,-4.0785265,-3.9340546,-3.9340558,-3.970299,-2.677104,-4.1041107,-3.3388824,-4.9187126,-5.1484914,-4.974687,-4.974687,-4.9883204,-5.045479,-4.9174547,-4.863383
c1ccc(cc1)[N+](=O)[O-],-4.12,-7.8339095,-5.500699,-5.8073215,-5.8073215,-5.7949305,-6.0456967,-5.8195677,-6.703857,-5.719771,-4.3577976,-5.066281,-5.066281,-5.0671544,-6.029003,-5.0614343,-7.145695,-4.020167,-3.7695231,-4.8083973,-4.8083973,-4.834248,-5.1864443,-4.822759,-4.150879,-4.2344275,-5.138084,-4.463884,-4.463881,-4.4695835,-5.139024,-4.2797356,-5.878281,-8.417738,-6.24319,-8.362176,-8.362175,-8.696045,-9.213999,-6.5196214,-9.549131,-4.255745,-3.7451828,-4.2335377,-4.2335377,-4.2058477,-4.360263,-4.1887197,-4.2715664,-2.774718,-4.8275385,-2.5145574,-2.5145564,-2.3730867,-0.94213563,-2.6483505,-3.5957801,-5.588428,-4.277657,-7.832843,-7.832843,-7.8316474,-6.5994463,-7.9713016,-9.132276,-4.1311417,-4.8876486,-4.930498,-4.930498,-4.941757,-4.8025026,-4.9658494,-3.9669337
c1ccc(c(c1)O)Cl,-4.55,-5.4215536,-5.8689346,-5.924657,-5.924657,-5.949177,-6.055715,-5.9660225,-6.3341107,-6.3648405,-4.082896,-4.7544994,-4.7545,-4.754696,-5.2067857,-4.747874,-4.9479,-4.85573,-3.799045,-4.7650876,-4.765088,-4.798974,-5.187877,-4.92475,-5.178396,-5.0687623,-7.092086,-5.6790247,-5.679021,-5.615107,-6.2130136,-5.408193,-6.525389,-5.731096,-6.565675,-7.4387755,-7.4387755,-7.026241,-7.3698454,-6.730616,-9.033396,-5.6877465,-3.712569,-4.330937,-4.3309374,-4.2974176,-4.479204,-4.3018446,-4.917659,-7.118486,-5.070723,-5.896717,-5.896716,-5.805789,-4.409373,-5.8515635,-5.05847,-6.650182,-3.9507513,-6.89815,-6.8981504,-6.894777,-6.458682,-6.997166,-6.3211207,-5.505797,-4.89637,-4.8632283,-4.8632283,-4.897978,-4.926631,-4.848366,-5.002653
CC1=CC(=O)[C@@H](CC1)C(C)C,-4.51,-3.7034888,-4.0997233,-4.494949,-4.494949,-4.4354286,-4.8141236,-4.071803,-5.4652023,-4.3421354,-4.311728,-4.765831,-4.7658305,-4.768226,-4.448694,-4.7718377,-3.2455866,-3.5436108,-5.4405036,-1.503743,-1.5037428,-1.5536807,-1.9798143,-1.5619985,-2.2733974,-4.012561,-4.5657496,-3.681108,-3.6811054,-3.441093,-4.9147215,-3.0947607,-5.0514073,-8.988035,-4.595576,-6.020004,-6.0200043,-7.184513,-7.75825,-4.727648,-6.8948884,-4.603553,-4.5173497,-4.6209717,-4.620971,-4.6511707,-4.28069,-4.7563076,-4.740543,-3.9794216,-3.987492,-5.0974245,-5.0974245,-5.2413077,-4.430135,-5.126595,-4.6367135,-3.6361122,-5.3442936,-3.164311,-3.164311,-3.3185868,-3.272441,-3.5459828,-3.0330024,-3.6092536,-4.4079084,-4.4231057,-4.423106,-4.5098667,-4.3648596,-4.4548087,-4.449773
C1CCC=CC1,0.14,-1.8662208,-4.027375,-3.3848062,-3.3848062,-3.4538033,-3.0040052,-3.5014338,-2.6290574,0.81164473,-3.412396,-4.069039,-4.0690393,-4.068664,-4.153299,-4.061896,-1.9855645,-0.05987226,-4.1225567,-1.9070309,-1.9070308,-1.8919784,-2.070592,-1.7753805,-1.4973636,1.2650825,-2.6300273,-2.062886,-2.062883,-2.016589,-3.0737646,-1.6794504,-3.6346257,0.33497903,-2.6005902,-0.4473784,-0.44737777,0.25668028,0.42423913,-1.8358871,-0.15328708,-2.4455783,-3.4167721,-4.0724874,-4.0724874,-4.035962,-4.170202,-4.0225124,-4.244674,0.30723935,0.99160206,0.4349665,0.4349667,0.59424174,0.4983418,0.6347075,0.29251957,-0.5754291,-3.7301078,-1.1569431,-1.156943,-1.2826152,0.85732096,-1.3430827,-1.174972,-0.2083737,-0.68916047,-0.6370879,-0.6370879,-0.6425014,-0.4404379,-0.60141647,-1.9027874
CCCCCCCCCCO,-3.64,-2.9792073,-4.09844,-4.020619,-4.0206194,-4.172915,-3.876869,-4.702339,-4.4861016,-3.8216445,-5.6580267,-6.018552,-6.018552,-6.007117,-6.417661,-5.994228,-5.093107,-3.4098945,-5.7759547,-1.9074975,-1.9074974,-1.860238,-2.8288677,-2.0859509,-3.5016537,-3.5824592,-3.0885859,-1.5761821,-1.5761815,-1.8338991,-2.5911243,-1.4060411,-2.3786213,-5.0710897,-4.31214,-4.468089,-4.46809,-2.722738,-3.361314,-4.3746123,-4.773881,-4.890372,-5.62373,-5.7561884,-5.756188,-5.7916603,-5.4039164,-6.0558925,-0.80248237,-4.243494,-4.5862713,-6.1322665,-6.132266,-5.176483,-3.7583096,-5.305829,-5.7180314,-3.68312,-5.4388776,-2.8736403,-2.873641,-2.9371605,-2.1321049,-3.066222,-2.1422179,-3.7587333,-3.6451545,-3.6836379,-3.6836376,-3.6418953,-3.6092436,-3.623327,-3.5755348
CCOCCOCC,-3.54,-2.1887279,-3.665003,-3.5918517,-3.5918517,-4.109218,-3.7754781,-4.3476014,-3.0216846,-1.6652464,-4.1707973,-4.4798307,-4.4798307,-4.4666624,-3.907102,-4.4318566,-3.0418017,-3.884723,-4.9461403,-3.2586343,-3.258634,-3.1483443,-3.2511861,-3.09363,-2.4177632,-3.589894,-5.1347632,-4.7424088,-4.7424054,-4.4535294,-6.002269,-4.2403812,-5.44671,-1.9521997,-2.5713236,-3.712407,-3.7124076,-2.0094838,-2.0651822,-3.343276,-3.0763395,-4.699708,-4.6373997,-5.073533,-5.073533,-5.0605245,-4.942024,-5.202053,-2.9187288,-6.185458,-5.097268,-5.802984,-5.8029847,-4.869813,-4.4538407,-4.887869,-5.4732285,-3.4386353,-4.534862,-1.5337687,-1.5337687,-1.5411415,-2.65468,-1.5298476,-1.9960866,-3.670058,-3.384708,-3.6053357,-3.605336,-3.483853,-3.3811746,-3.5727077,-4.2449865
CCCCC/C=C/C=O,-3.43,-2.5080845,-3.48921,-3.1293945,-3.1293948,-3.1770627,-2.9183547,-3.4595952,-2.798905,-3.6045537,-4.451638,-4.8154874,-4.815487,-4.8193693,-4.4509687,-4.8297806,-3.929841,-3.334744,-4.773007,-2.0871286,-2.0871282,-2.056691,-2.6365378,-1.9411908,-1.990373,-3.2231433,-4.337827,-3.5504122,-3.5504098,-3.3064237,-4.318489,-3.1733289,-4.769158,-3.3034663,-3.64066,-3.1451652,-3.145166,-1.5935473,-2.6491704,-3.5124476,-2.5972264,-3.5750954,-4.9953365,-4.6724334,-4.672434,-4.7960415,-4.1567755,-4.6807127,-3.210952,-3.2097554,-2.9656367,-4.421113,-4.421113,-4.112312,-2.82282,-4.371437,-2.6809244,-2.8698509,-5.0135665,-2.9773269,-2.9773269,-3.0149848,-1.4341778,-3.1341913,-3.5986567,-3.4092376,-3.444369,-3.3904188,-3.390419,-3.3728552,-3.3312542,-3.366678,-3.389965
CCCCCC#C,0.6,-1.8654404,-3.2876441,-2.9742022,-2.974202,-3.0677133,-2.8670073,-3.4712589,-2.7327406,0.07310542,-3.9854283,-4.379926,-4.379926,-4.3824873,-3.999595,-4.385674,-2.7129693,0.39797822,-4.152732,-1.9191477,-1.9191478,-1.9188367,-2.3117535,-1.9408817,-1.8727237,-1.657067,-1.6289982,-1.4363643,-1.4363627,-1.051151,-1.5590954,-0.5806856,-2.6235642,-1.5858266,-3.5624788,-3.3911748,-3.3911748,-1.4818302,-2.1272745,-3.6282187,-2.7866442,-4.0881343,-4.5575786,-4.2719245,-4.271925,-4.3367386,-3.649237,-4.354287,-3.094068,-0.6185299,-0.6992259,-1.3879114,-1.3879111,-1.0754137,-0.755992,-1.3359333,-0.21528949,-0.56825715,-4.627439,-3.064922,-3.0649219,-3.0629506,-0.9146728,-3.085957,-2.7814014,0.95367754,1.4122595,1.3524293,1.3524292,1.2159452,1.1695211,0.69525373,1.3576639
CCC[C@H](CC)O,-4.06,-1.6045967,-3.3911376,-3.355002,-3.3550022,-3.3368552,-3.4457371,-3.2188392,-3.599186,-3.0793366,-3.994394,-4.447499,-4.447499,-4.4481134,-4.302969,-4.4464154,-3.3041577,-3.87275,-4.770583,-3.0538836,-3.053883,-3.0530775,-3.4854214,-3.2584953,-4.494018,-3.8540885,-3.9814792,-3.4674077,-3.4674058,-3.2430112,-3.111054,-2.7602444,-4.5118623,-2.9250228,-3.4802105,-3.852555,-3.852555,-2.3330934,-3.1210065,-3.5160217,-3.315648,-2.7441313,-4.3036394,-4.3634295,-4.3634295,-4.402137,-3.6413434,-4.3839316,-3.0479558,-5.070119,-4.5134172,-4.6049614,-4.604962,-4.5023336,-3.6074858,-4.458108,-4.1151795,-5.077264,-4.718086,-4.0037217,-4.0037217,-4.007346,-4.5698376,-4.125047,-3.1755362,-4.1647215,-3.9929557,-3.9633954,-3.9633956,-3.8755865,-3.8662395,-3.9896994,-3.8620696
CSSC,-1.83,-1.3954822,-3.5166442,-3.678328,-3.678328,-3.4982526,-4.159492,-3.421323,-3.550858,-1.711532,-3.379003,-3.5393612,-3.5393612,-3.5400758,-3.348118,-3.5365605,-3.2323701,-2.166793,-2.8251672,-1.579715,-1.5797149,-1.5747243,-1.2406361,-1.6366136,-1.558938,-1.7126935,-1.4382373,-1.5206162,-1.5206147,-1.5003414,-1.7502348,-1.2612114,-2.9114969,-2.4779441,-1.2256432,-2.1940722,-2.1940725,-1.3282061,-1.4482881,-1.4996566,-2.230875,-1.3267218,-3.7254703,-4.0960994,-4.096099,-4.0933065,-4.174461,-4.3686028,-3.4553702,0.07881994,-0.50325394,0.6733356,0.6733357,0.69243515,1.2566308,0.5278502,-0.10569767,-1.6116841,-3.5709715,-0.6946973,-0.6946973,-0.8162807,-6.863923,-0.89783394,-0.74099666,1.0208659,-0.33459437,-0.2508666,-0.2508666,-0.26774412,0.03763365,-0.17798567,-0.73551613
CCCCCCCC=C,2.06,-1.811999,-3.4867685,-3.337063,-3.3370628,-3.3904724,-3.1706939,-3.7946148,-3.0909824,0.21657255,-4.625349,-4.9981775,-4.9981775,-4.998234,-4.6344705,-5.000447,-3.1912487,1.8037844,-4.971629,-1.1791152,-1.179115,-1.1587855,-1.4576862,-0.99252677,-0.36907113,1.3749284,-0.80520517,0.42457655,0.4245786,0.73467046,-1.3197752,0.43900737,-1.5335116,-2.234427,-3.6997185,-3.4335694,-3.4335701,-1.4189124,-2.1759534,-3.612944,-2.8465722,-4.1422563,-5.026296,-5.2178655,-5.217866,-5.103028,-4.9427195,-5.672082,-3.6883137,0.7882031,-1.2752659,0.18471521,0.1847159,0.05928434,1.483001,-0.12007867,-0.5516359,0.3433779,-4.877081,-1.7546802,-1.7546803,-1.8198527,1.2404776,-1.7353448,-1.7472212,1.9593166,2.2273831,2.261198,2.2611983,1.9049643,2.1549888,1.978247,1.565422
COC(C(F)(F)F)(OC)OC,-0.8,-0.5632088,-2.843593,-3.073191,-3.073191,-2.8094966,-3.5721676,-2.764998,-4.7791157,-1.695151,-4.5664167,-5.071778,-5.0717783,-5.0758286,-5.658816,-5.0786824,-7.384365,-0.9896741,-5.9134483,-11.774338,-11.774338,-11.90642,-11.627735,-12.580364,-9.7249775,-1.2587025,-6.2771363,-6.6158333,-6.615832,-7.13785,-7.342826,-5.741847,-7.3065343,-2.9590352,-4.0178003,-4.1323557,-4.132356,-5.6537347,-5.28458,-3.695794,-4.798965,-3.4581368,-3.5465434,-4.2999983,-4.2999983,-4.220532,-4.4459066,-4.2843113,-3.4162045,-3.233064,-5.130451,-4.093843,-4.0938425,-3.859141,-2.2882864,-3.6053321,-4.077012,-1.0326731,-5.7610154,-4.9792275,-4.9792275,-5.2681684,-3.7024803,-5.6825104,-8.325947,-1.620534,-4.1435165,-3.879288,-3.8792877,-3.8037183,-3.706855,-3.983133,-3.4229972
CCCCCCC,2.67,-1.3196523,-2.920918,-2.6830778,-2.6830773,-2.6653612,-2.5733333,-2.8287392,-2.292256,1.4430792,-3.897584,-4.274881,-4.2748804,-4.279128,-3.680242,-4.29024,-2.2630498,2.46972,-4.330451,-0.36958957,-0.36958948,-0.3593407,-0.5926981,-0.38344988,-0.12830134,2.6831162,0.57424784,1.7436715,1.743673,2.1477873,0.53319454,1.943435,-0.8545284,-1.1421807,-2.745189,-2.6318681,-2.6318681,-1.2985009,-0.7340809,-2.6611269,-2.3552935,-2.7975137,-4.440294,-4.964866,-4.964866,-4.985607,-4.837276,-4.9838076,-0.23461561,2.9346285,-0.2642176,1.0859385,1.0859382,1.2032695,3.0197866,0.5671478,0.27241844,1.5028975,-4.5358953,-1.5179437,-1.5179441,-1.5822352,2.64481,-1.3658181,-1.1647242,1.9697994,2.4905992,2.1393104,2.1393104,2.2188687,1.7728809,2.552434,1.2805892
Cc1ccc(cc1)C(=O)C,-4.7,-5.796739,-4.922932,-5.1768174,-5.176817,-5.1505427,-5.342689,-5.2304583,-6.2454123,-4.790156,-4.3707514,-4.791803,-4.791803,-4.7968016,-4.534421,-4.8083987,-3.9978423,-4.9573426,-4.4527235,-2.8680205,-2.8680205,-2.8521073,-3.5814872,-3.0222116,-4.6553454,-3.4800465,-4.218023,-3.7150326,-3.715028,-3.6104906,-4.3295083,-3.587346,-5.526959,-7.7177134,-5.158657,-6.637481,-6.6374826,-6.1094184,-7.2039976,-5.3785796,-5.946869,-5.199196,-4.5124254,-4.51934,-4.5193405,-4.5742774,-4.3775167,-4.4667945,-4.9633636,-5.225727,-4.3349667,-5.4100494,-5.4100494,-5.614888,-4.755027,-5.5605845,-5.40824,-4.8655853,-5.0362363,-3.476498,-3.4764977,-3.7247794,-4.4834824,-3.9713728,-4.6219344,-4.653364,-4.7643566,-4.793287,-4.793287,-4.780199,-4.7467675,-4.5995345,-4.569944
CCCC(=O)C,-3.52,-2.7204757,-3.0910137,-3.0943968,-3.094397,-2.9601457,-3.365897,-2.8818386,-3.3934739,-3.3003566,-3.662157,-4.115893,-4.115893,-4.114251,-4.0251307,-4.108025,-3.3350408,-3.794712,-3.7276194,-2.2387984,-2.2387984,-2.2384603,-2.4017608,-2.2903242,-1.6672193,-3.465718,-3.8276572,-2.782968,-2.7829647,-2.8248713,-3.1462429,-2.4436429,-4.500841,-4.8917327,-3.2319047,-3.7369068,-3.7369072,-2.5697916,-3.3768158,-3.17566,-4.2554326,-4.4318895,-3.6305273,-4.2563195,-4.25632,-4.218175,-4.3452406,-4.2644253,-4.6863604,-4.074434,-3.6655777,-4.098961,-4.098961,-4.074561,-3.2786543,-4.0889683,-3.832228,-4.116605,-4.3231616,-2.830594,-2.8305945,-3.0063126,-2.5046656,-3.2088068,-2.8985088,-4.6721244,-4.2092147,-4.298871,-4.298871,-3.6156,-3.8162105,-3.5154774,-4.276605
CCCCc1ccccc1,-0.4,-0.44922423,-3.2212918,-3.3118267,-3.3118267,-3.2104769,-3.3504264,-3.058153,-3.577508,0.5840429,-4.224435,-4.6114764,-4.611477,-4.611047,-4.030238,-4.609933,-3.2301354,0.031311154,-4.828096,-1.8983011,-1.8983009,-1.9093179,-2.2844534,-1.5789207,-1.053695,0.026768666,-1.4759343,-1.1692212,-1.1692188,-0.93912715,-1.9310192,-1.1578406,-2.7300322,-2.9364247,-2.846467,-2.8593576,-2.8593574,-0.4976019,-1.2536846,-2.7345278,-1.9926094,-4.0889273,-4.781641,-5.2992396,-5.299239,-5.323557,-5.025731,-5.0373173,-3.969354,-0.33132428,-0.07847928,-0.041542716,-0.04154315,0.40671962,0.638429,0.19172193,0.045665424,-0.686184,-4.863527,-2.516649,-2.5166488,-2.7096298,-0.57669926,-2.8680842,-2.290638,-0.34732416,-0.43064833,-0.42496216,-0.4249622,-0.4111758,-0.4857087,-0.44450268,-0.3307961
c1c(c(=O)[nH]c(=O)[nH]1)I,-18.72,-19.714584,-5.1997585,-5.0881963,-5.0881968,-5.1070404,-5.3061466,-5.2604523,-6.227459,-18.942108,-4.3438826,-4.9055834,-4.9055834,-4.9054976,-5.4271717,-4.898472,-6.717799,-18.951504,-4.179093,-9.372744,-9.372745,-9.494742,-9.767334,-9.72147,-13.409498,-18.683443,-16.186893,-16.05016,-16.05016,-15.9371805,-15.924796,-15.424067,-17.08101,-18.847492,-5.052706,-5.4937263,-5.4937263,-5.076368,-6.039811,-5.0238957,-6.8038616,-6.5005636,-3.8214042,-4.1511917,-4.1511917,-4.1559763,-4.31123,-4.447961,-4.8000474,-17.846745,-16.946754,-17.663406,-17.663406,-17.372622,-16.604116,-17.733496,-17.292772,-19.73523,-3.8156278,-3.7211723,-3.721173,-3.802954,-14.871072,-3.7959468,-2.9793856,-18.87815,-15.6902485,-16.25546,-16.255459,-16.419662,-16.048252,-16.392456,-12.985181
CCCC(C)(C)C,2.88,2.1146727,-2.3402808,-2.324912,-2.3249125,-2.1241174,-2.3483682,-2.0165584,-2.3224022,3.0565863,-3.9476378,-4.5165334,-4.516534,-4.5182896,-4.298004,-4.516498,-2.1876962,2.5512278,-4.4889565,-0.61786467,-0.6178645,-0.63247615,-0.6591065,-0.82732093,0.43562064,3.0565104,1.1077157,2.4106333,2.4106355,2.4491363,0.9601991,2.2173195,-0.35304633,1.3099409,-2.992152,-2.3841758,-2.3841755,-0.7240509,-0.86283565,-2.7318172,-1.4087906,-3.4038606,-3.7904234,-3.7126741,-3.7126744,-3.6801565,-3.7833116,-3.8970952,-2.904731,1.6601951,0.55005705,0.82836634,0.8283669,0.9169913,1.0299525,0.9433956,0.09476207,1.7389574,-4.2255244,-1.3649789,-1.364979,-1.4813204,2.9435606,-1.5725831,-1.5385802,1.6775539,-0.41211158,-0.3498931,-0.3498931,-0.38203728,-0.11113161,-0.20194212,0.17032
CCCCCCCCN,-3.65,-1.9190594,-3.5994103,-3.456307,-3.456307,-3.5259712,-3.2979085,-3.9315667,-3.2562244,-2.8984997,-4.6991863,-5.116094,-5.116094,-5.112056,-4.862927,-5.1095376,-3.1766202,-3.6533859,-5.472151,-2.5881853,-2.5881848,-2.6590986,-2.9916527,-2.38499,-3.066873,-3.5771797,-3.4396625,-2.2882016,-2.2881992,-2.1477757,-2.823466,-2.1326914,-3.7003162,-3.3314366,-3.8627367,-3.7145226,-3.7145226,-2.428365,-3.482608,-3.8311272,-3.1868505,-4.519685,-5.085327,-5.1941867,-5.194186,-5.1859202,-4.6860423,-5.296973,-4.309176,-4.4395857,-3.8249004,-5.0459747,-5.0459747,-4.883977,-3.2329252,-4.9656725,-4.0846305,-2.4896774,-4.938541,-2.2635334,-2.263534,-2.3384855,-2.259083,-2.232348,-2.128363,-3.7718487,-2.7694278,-4.761742,-4.7617426,-4.6174364,-4.7702827,-4.8036146,-3.0530353
C=C(Cl)Cl,0.25,-1.6732935,-5.2949667,-5.4701295,-5.47013,-5.468047,-5.704182,-5.4789934,-5.860315,-2.1437373,-2.5989907,-2.4985614,-2.4985611,-2.4978008,-1.9902123,-2.4959939,-0.18785824,0.13233419,-2.0998979,-1.7835085,-1.7835085,-1.7798413,-1.6310935,-1.8348904,-1.4469087,-0.20151822,-2.6721692,-1.4565296,-1.4565234,-1.3599741,-1.8721207,-1.2774745,-2.8762016,-0.41534582,-2.813238,-1.4106042,-1.4106042,-0.19909436,0.0062778546,-2.3441892,-1.734241,-1.7893177,-2.870757,-2.7223682,-2.7223682,-2.7056863,-2.9056873,-2.7716901,-1.9747746,-0.2747304,0.46970472,0.39352047,0.3935206,0.4330221,0.7450772,0.3549809,-0.10257861,0.3566183,-2.5938935,-1.3585395,-1.3585396,-1.366662,0.049604677,-1.3946214,-2.944824,0.38915786,0.01937462,0.10044524,0.10044525,0.074446276,0.3629461,0.19628236,-0.034559995
c1(c(c(c(c(c1Cl)Cl)Cl)Cl)Cl)c2c(c(c(c(c2Cl)Cl)Cl)Cl)Cl,-2.98,-3.6733155,-5.961397,-4.9841366,-4.9841366,-4.979328,-5.1677127,-5.06736,-0.7314319,-3.6833522,-5.9173822,-6.2051835,-6.2051826,-6.2133765,-4.55358,-6.2165494,0.23176925,-2.884764,-4.3036795,-4.242108,-4.2421074,-4.1111193,-4.186887,-3.9220538,-3.9746284,-2.7364032,-2.9419231,-3.1088521,-3.108853,-3.207794,-2.7633526,-2.6664326,-0.48213384,-3.1358056,-0.6795405,-2.9349759,-2.9349759,-2.0616717,-1.5160395,-1.2428981,-1.2725013,-3.6221168,-5.196346,-6.01864,-6.01864,-6.0366683,-5.8984613,-5.7649,-4.3218756,-4.1759706,-5.905087,-4.746539,-4.7465377,-4.852969,-4.90381,-5.042566,-5.880533,-3.3778744,-7.437058,-1.9083127,-1.908314,-2.0465481,-5.2636385,-2.0947657,-0.71247184,-3.7690396,-3.0445278,-3.6477063,-3.6477058,-3.614388,-3.8042347,-3.66659,-3.130034
c1ccc2c(c1)Oc3cc(c(cc3O2)Cl)Cl,-3.56,-4.715163,-6.1921196,-5.6985683,-5.698569,-5.699684,-5.6425805,-5.7461567,-6.4642744,-3.5607224,-5.0953617,-5.588979,-5.588979,-5.5963097,-4.852924,-5.6109366,-4.482894,-3.3656685,-4.86392,-4.5259957,-4.5259953,-4.5507693,-5.1508503,-4.4731216,-4.100784,-3.555264,-4.548921,-3.9383209,-3.9383194,-3.949915,-4.292631,-3.6934438,-4.3683987,-3.6208832,-3.9938579,-3.412924,-3.4129245,-2.4537401,-2.7076159,-3.7056355,-4.171576,-3.724538,-5.233661,-5.173198,-5.173198,-5.2817507,-4.7786894,-5.365754,-3.506784,-5.248261,-6.169298,-5.5933013,-5.5933013,-5.6547647,-3.9404247,-5.6992235,-5.310554,-3.6059494,-4.439404,-5.6628113,-5.662811,-5.657843,-3.736814,-5.681286,-5.41308,-3.390199,-3.5170188,-3.6344614,-3.6344612,-3.5814092,-3.5947735,-3.5096486,-3.4497106
c1ccncc1,-4.69,-3.01284,-5.754833,-4.93053,-4.9305305,-5.04653,-4.642217,-5.146097,-4.5135045,-4.3939366,-3.2792983,-3.7978318,-3.7978318,-3.7972822,-3.8240178,-3.7911904,-2.944664,-3.9218278,-3.132113,-3.5370297,-3.53703,-3.5462835,-3.7304697,-3.5374572,-2.8090942,-4.7672977,-5.4328313,-4.6027718,-4.6027684,-4.537877,-5.0839396,-4.196873,-6.0228944,-3.9009106,-3.5814779,-3.2699788,-3.269977,-4.0971894,-3.8289573,-2.9320788,-4.0762863,-6.2903037,-3.5210793,-4.102682,-4.102682,-4.085491,-4.275854,-4.243985,-6.3263764,-5.2917137,-3.9838734,-4.921997,-4.921996,-4.9102745,-4.4128213,-4.909691,-4.4953494,-6.372105,-3.2423306,-4.5124073,-4.5124073,-4.487659,-4.2023206,-4.566673,-5.8017755,-5.1826286,-4.9499245,-5.024545,-5.024545,-4.98227,-4.97627,-5.178259,-5.2066345
c1cc(cc(c1)O)[N+](=O)[O-],-9.62,-7.7268195,-5.772211,-6.0738606,-6.0738606,-6.0664845,-6.294836,-6.0785284,-7.0601935,-9.511343,-4.6785355,-5.409928,-5.4099283,-5.4116917,-6.5980344,-5.407732,-8.402838,-8.935717,-4.1584144,-7.0593605,-7.0593605,-7.0888386,-7.6387963,-7.0888686,-8.443943,-7.738401,-8.499903,-7.4721355,-7.4721327,-7.475542,-8.163221,-7.1607533,-8.979204,-8.153037,-6.9181795,-8.773163,-8.773162,-9.145524,-9.693469,-7.122229,-10.346464,-5.691186,-3.9194992,-4.7685823,-4.7685823,-4.708164,-4.93749,-4.68209,-5.285839,-9.043034,-6.966956,-7.6397047,-7.6397047,-7.72003,-7.482794,-7.6965513,-8.4166,-8.523718,-4.6707416,-9.61005,-9.610051,-9.595526,-8.175707,-9.745318,-10.755019,-9.840639,-8.731299,-9.448131,-9.448131,-9.408859,-8.626038,-9.400455,-9.8031025
CN1CCCCC1,-3.88,-2.7818477,-3.6658711,-3.6703188,-3.6703186,-3.562206,-3.7030354,-3.4654005,-3.5860536,-2.776357,-3.773015,-4.400459,-4.4004583,-4.401044,-4.4577107,-4.396016,-2.2265608,-4.166262,-4.367896,-1.2039559,-1.2039555,-1.2161883,-1.3622831,-1.3708692,-2.2398326,-2.9908729,-1.1931721,-0.7126926,-0.7126908,-1.250891,-1.4567707,-1.3782929,-2.6047199,-2.7373996,-3.950012,-4.5000253,-4.5000257,-4.1063085,-4.398676,-3.8099706,-5.2848964,-0.9184567,-3.545691,-4.0299044,-4.029905,-3.993223,-4.1105804,-4.0028358,-3.5964093,-3.6448493,-3.3957424,-3.9132695,-3.9132698,-3.9649007,-3.4705486,-4.010861,-3.8603787,-2.7150366,-4.0769634,-1.288369,-1.288369,-1.4357814,-0.5903464,-1.5535421,-1.1990592,-3.928358,-5.2792206,-5.576238,-5.5762386,-5.3011017,-5.6331186,-5.79263,-5.837562
CC(C)C(=O)C(C)C,-2.74,-2.3119361,-3.9471443,-4.32938,-4.32938,-4.140468,-4.688213,-4.009232,-5.1144733,-3.3734405,-4.074741,-4.5454345,-4.545436,-4.5473433,-4.3048964,-4.5477867,-3.021924,-2.6656563,-4.6073236,-2.1067536,-2.106753,-2.1483607,-2.3986151,-1.8418138,-1.1248596,-1.8182989,-0.2882099,-0.99017423,-0.99017465,-0.8195591,-0.9987475,-0.7819,-2.4428742,-1.0479205,-1.0927931,-3.2316961,-3.231696,-2.4006457,-1.7715791,-1.9936197,-2.3178837,-1.4108326,-3.7296722,-4.426025,-4.426025,-4.3688946,-4.516139,-4.341899,-3.8863914,-3.8592515,-4.0908556,-4.6777735,-4.677773,-4.461666,-3.546823,-4.506644,-4.1278615,-4.0125012,-4.365618,-2.3021376,-2.3021374,-2.3148155,-1.709104,-2.3845088,-2.414134,-3.3394608,-3.3409648,-3.2681315,-3.2681317,-3.2025807,-3.3832185,-3.1745906,-2.7599516
c1cc(c(cc1Cl)Cl)Cl,-1.12,-3.4022813,-5.9453764,-6.1968055,-6.196805,-6.1877017,-6.419884,-6.1953535,-7.466551,-1.9397207,-4.4651217,-5.018844,-5.018844,-5.0187917,-5.3198247,-5.010973,-4.536349,-1.1639764,-3.3321073,-2.5794034,-2.5794032,-2.582847,-2.593507,-2.6003475,-1.9398421,-1.1690344,-3.3996792,-2.6210084,-2.621004,-2.5958662,-3.0720613,-2.550158,-3.623815,-6.347657,-6.411686,-7.5494995,-7.5494995,-7.3950458,-7.9985027,-6.5015416,-9.3768015,-5.4398837,-3.937378,-4.673074,-4.673074,-4.649518,-4.865986,-4.7962427,-4.7978287,-1.0286776,-1.155845,-0.28737482,-0.28737444,-0.24813287,-0.17363665,-0.33070925,-0.48522276,-1.2269759,-3.6771352,-3.1078289,-3.1078293,-3.1735141,-1.2494222,-3.1769571,-3.4324765,-1.2575654,-1.7154316,-1.7354417,-1.7354416,-1.7527437,-1.8751802,-1.7844328,-1.6851982
CCCCCCBr,0.18,-2.1642938,-3.3006716,-2.9441166,-2.9441166,-3.3049629,-2.737809,-3.8564491,-2.9179063,-1.0227733,-3.9992235,-4.4037576,-4.4037576,-4.4009767,-3.9969864,-4.391926,-2.917152,0.44469696,-4.4208097,-1.3585768,-1.3585765,-1.3579103,-1.5041683,-1.2137256,-0.86579067,0.5693475,0.29412907,0.15854988,0.1585516,0.46490905,-0.144803,0.51191497,-1.261068,0.55421054,-3.096136,-1.5690056,-1.5690056,0.20025846,0.033199664,-3.0352528,-1.2485933,-3.5252106,-4.341048,-4.4428315,-4.442832,-4.505206,-3.9502788,-4.6066217,-2.8806803,0.1258498,-0.48075595,0.44963256,0.44963256,0.35906368,1.0616353,0.2949238,-0.24819334,-0.4032909,-4.2339883,-0.9589519,-0.9589521,-1.0722005,0.4604953,-1.0582031,-1.8480501,0.0124550145,0.29159856,0.32517058,0.32517046,0.16833577,0.11981652,0.27618486,1.0081613
C=CCO,-5.03,-3.250543,-2.8994052,-2.6786914,-2.6786911,-2.8431125,-3.304457,-2.7399836,-2.9045203,-6.146495,-3.0925848,-3.5256863,-3.5256863,-3.5247104,-3.6966627,-3.5184474,-4.131109,-5.5310087,-3.7148361,-5.586042,-5.586042,-5.6075816,-5.7860656,-5.844772,-6.0417705,-5.756883,-7.4109855,-6.5396156,-6.539612,-6.44327,-6.7792234,-6.0397825,-8.201122,-4.8701353,-3.0612366,-3.5236397,-3.5236397,-2.5835254,-2.9917164,-3.100774,-3.4930904,-5.4111533,-3.0705664,-3.3324437,-3.3324437,-3.294935,-3.4151297,-3.3619843,-3.3653612,-5.055154,-5.3296394,-5.319653,-5.3196535,-5.224751,-3.9184759,-5.1887813,-5.1923275,-6.1726246,-4.438661,-6.295403,-6.2954035,-6.4349904,-5.191826,-6.6181264,-5.3339467,-4.929064,-5.017127,-4.947311,-4.9473104,-4.949415,-5.057788,-4.7961636,-4.7258477
c1cc(cc(c1)Cl)O,-6.62,-8.485174,-5.6112323,-5.9159207,-5.915921,-5.9057794,-6.145271,-5.921735,-6.816769,-5.115795,-4.137768,-4.7975345,-4.7975345,-4.797775,-5.3837647,-4.7910395,-5.6664057,-6.9349694,-3.679543,-4.6792717,-4.679271,-4.7061543,-5.1310177,-4.742357,-5.471396,-5.2776747,-7.3606763,-5.9951324,-5.995129,-5.950979,-6.5660987,-5.6487045,-7.187308,-5.4547276,-6.3472605,-7.4565163,-7.4565163,-6.975075,-7.4611053,-6.4978013,-9.171738,-4.9509006,-3.839812,-4.594501,-4.594501,-4.5673146,-4.7739334,-4.6478844,-6.310431,-7.418147,-4.804312,-5.9219055,-5.9219065,-5.8365536,-4.761348,-5.9165,-4.952745,-6.692025,-3.9695163,-6.765353,-6.7653527,-6.786574,-6.1670523,-6.892467,-6.053218,-6.9608283,-6.813337,-6.799096,-6.799096,-6.7647376,-6.749233,-6.7759542,-6.6614723
CCCCS,-0.99,-1.7709105,-2.3364363,-1.9209658,-1.9209658,-1.9133283,-1.8286474,-1.8408376,-1.8326529,0.4793179,-3.5472412,-3.991336,-3.991336,-3.9890413,-3.920893,-3.9814181,-2.7851243,-0.88677865,-3.3912327,-1.4673746,-1.4673746,-1.4707388,-1.3827622,-1.4611586,-0.7342894,-1.3469511,-1.2488238,-1.1957248,-1.1957239,-1.161394,-1.3494245,-0.84874463,-2.5033092,-1.0536339,-2.7794342,-2.2246192,-2.224619,-1.1600677,-1.6476051,-2.6009464,-2.0026417,-4.33698,-3.603441,-3.8356762,-3.8356762,-3.79058,-4.0762467,-4.2608767,-3.3902328,-1.4400452,-1.9765567,-2.360698,-2.360698,-2.0554144,-1.3790632,-2.253121,-1.1748279,-0.40918788,-4.0215535,-1.6484728,-1.648473,-1.808599,0.8481026,-1.9065139,-1.8467965,-0.9306099,-0.9090142,-1.0080562,-1.0080562,-0.95695347,-0.97033936,-0.912436,-1.5532404
CCCCOC(=O)c1ccc(cc1)O,-8.72,-9.031032,-4.663391,-4.5433674,-4.5433674,-4.6145716,-4.5248547,-4.5923553,-6.0329013,-9.025381,-6.3307037,-6.837417,-6.8374176,-6.827875,-7.653915,-6.8139644,-7.702401,-8.659574,-6.0221815,-7.1927238,-7.1927233,-7.1701674,-7.6632633,-7.891922,-10.473042,-8.615812,-12.705561,-11.671838,-11.671835,-11.420479,-11.735559,-11.007913,-14.39483,-8.856379,-5.0356584,-5.5139346,-5.513934,-4.7710176,-5.146905,-6.0846143,-6.6379986,-6.4327955,-5.8214555,-6.04726,-6.047259,-6.1060853,-5.773143,-6.242962,-5.8320403,-8.303734,-6.165902,-6.279627,-6.279626,-6.3323517,-5.3983536,-6.181921,-5.212001,-9.602418,-5.666448,-5.9286795,-5.9286804,-6.059412,-9.062658,-6.120199,-6.456534,-8.787313,-7.0677752,-6.772573,-6.772573,-6.588733,-6.3489704,-6.5489817,-8.013405
c1(c(c(c(c(c1Cl)Cl)Cl)Cl)Cl)Cl,-2.33,-3.323566,-7.4284334,-5.349173,-5.3491735,-5.571053,-5.296678,-5.6532774,-4.293264,-2.248174,-5.8393993,-6.0338593,-6.0338593,-6.034487,-6.026288,-6.0289054,-0.27880386,-1.9813935,-3.1156774,-1.4056282,-1.4056282,-1.3484675,-1.1827786,-1.2080736,0.30245206,-1.8792229,-0.9688299,-1.8043494,-1.8043512,-1.8221924,-1.6018701,-1.6268754,-1.2868001,-1.1903985,-2.8922808,-2.0402405,-2.0402393,-2.1453664,-1.0756856,-2.2789845,-1.6773657,-1.5924193,-4.093435,-4.9833136,-4.9833136,-4.949848,-5.1981764,-4.89118,-5.142551,-1.2258847,-1.7603136,-1.717385,-1.7173847,-1.6360849,-1.2107034,-1.7480073,-1.7275037,-2.3806448,-3.8625426,-2.2106736,-2.2106736,-2.2782414,-1.9347608,-2.2189727,-2.0504608,-2.0808918,-1.4180387,-1.4356656,-1.4356656,-1.4619801,-1.5379745,-1.6084388,-1.530296
CC#N,-3.88,-3.539352,-1.1659993,-0.99931324,-0.99931306,-1.1454664,-1.7647269,-1.356306,-2.3921769,-1.8660975,-2.251901,-2.0986948,-2.098695,-2.0979943,-1.9977868,-2.0965862,-2.4325535,-4.0555644,-2.2461848,-2.3364966,-2.3364966,-2.3341098,-2.3539999,-2.3542306,-3.3934612,-1.498521,-2.361671,-1.6994898,-1.6994896,-1.6699945,-2.0974915,-1.3079432,-3.404503,-4.2036653,-2.2510598,-2.203705,-2.203705,-1.9285995,-1.8346319,-2.3728542,-1.6348003,-3.8979316,-3.1492145,-3.4950624,-3.4950626,-3.5345316,-3.4820993,-3.336454,-3.3399174,-3.0365674,-2.670775,-3.490982,-3.4909825,-3.5143747,-3.051446,-3.6145797,-2.9076886,-4.0783873,-3.3960788,-3.4132092,-3.4132092,-3.4574468,-2.7298303,-3.536459,-2.6488779,-3.7111385,-4.2510214,-4.1560225,-4.1560225,-4.1979027,-4.2075825,-4.0960393,-3.8552403
CCOC(OCC)Oc1ccccc1,-5.23,-3.7712681,-5.2951736,-5.8728585,-5.872859,-5.8481426,-6.199919,-5.80224,-7.505268,-4.888483,-4.9543705,-5.715717,-5.7157164,-5.7193108,-5.2919946,-5.741001,-4.8093,-5.33755,-6.105939,-5.3071947,-5.3071938,-5.256812,-5.753137,-5.3629084,-7.117368,-5.346194,-8.563247,-7.7898135,-7.7898088,-7.706559,-8.39739,-8.150832,-9.573456,-9.450453,-7.403986,-8.015272,-8.015272,-6.9686174,-7.3317633,-7.4255466,-10.195819,-5.8469477,-5.1205406,-6.2563224,-6.256323,-6.2102733,-6.4096413,-6.1601267,-7.7794075,-3.7339065,-6.902134,-6.3270283,-6.327028,-6.3998795,-4.2342057,-6.6070848,-4.401621,-4.6738114,-5.6357064,-4.3266215,-4.326622,-4.6701684,-3.8185797,-4.9453425,-4.6427917,-5.3179464,-5.160651,-4.8501554,-4.8501554,-4.905104,-5.142275,-4.762786,-9.313258
c1ccc(c(c1)[N+](=O)[O-])O,-4.58,-5.5643435,-5.840595,-5.9909196,-5.9909196,-6.0077796,-6.168913,-6.0020046,-6.4903727,-9.355548,-4.712863,-5.489961,-5.4899607,-5.4912496,-6.955521,-5.4864655,-9.564352,-5.461269,-4.15281,-6.8193603,-6.81936,-6.826916,-7.4917355,-6.924463,-8.015892,-7.3072257,-9.634709,-8.789137,-8.789131,-8.795472,-9.592232,-7.8852396,-9.879336,-7.7367845,-6.515304,-7.777001,-7.777002,-6.7556353,-7.6242,-6.6609073,-8.641383,-3.5639377,-3.7412846,-4.4145885,-4.414588,-4.367456,-4.577643,-4.320286,-4.3076277,-8.414776,-7.4925866,-8.508061,-8.508061,-8.5683565,-7.413655,-8.541291,-8.828315,-6.572544,-5.991237,-9.678516,-9.678517,-10.286841,-5.722989,-10.479784,-9.906127,-4.69969,-4.26918,-4.446819,-4.446819,-4.4441032,-4.6429863,-4.387356,-4.522519
CC(C)(C)Cl,1.09,0.79909295,-2.897841,-3.050139,-3.0501387,-2.773804,-3.5775015,-2.6563425,-4.492053,-0.68177307,-3.3185863,-4.097934,-4.097934,-4.0969353,-4.2418284,-4.089477,-2.1664193,0.78085685,-3.2010086,-2.1123142,-2.1123142,-2.1139927,-2.187346,-2.154792,-1.2398463,0.5649855,0.08337045,0.07296685,0.07296797,0.2096959,-0.29389352,0.31994334,-1.5182967,0.90245116,-3.0402105,-2.308013,-2.3080127,-2.1076243,-1.9110203,-2.6248596,-3.2974234,-0.4785203,-2.8336127,-2.7861261,-2.7861264,-2.751126,-2.738168,-2.783314,-2.020275,0.23160465,0.43867368,-0.48555997,-0.48555985,-0.4019234,-0.56266,-0.31958282,-0.23246333,-0.34263563,-3.4805608,-1.0005729,-1.0005729,-1.0686204,1.9760779,-1.062074,-2.1292202,0.7603643,0.14971958,0.1129397,0.112939715,0.09469499,0.30785182,0.22503848,0.15620816
Cc1cccc(c1)C,-0.83,-1.9182686,-5.198522,-5.4438167,-5.4438167,-5.435899,-5.541398,-5.412592,-5.6197815,-1.7161907,-4.110284,-4.622224,-4.6222234,-4.6246624,-4.4505267,-4.6238065,-2.9900393,-1.0522094,-4.110136,-2.529842,-2.5298417,-2.5118244,-3.0332084,-2.5767615,-2.974119,-1.1689985,-2.2104166,-1.6560937,-1.6560924,-1.5657765,-2.6277525,-1.5513467,-3.341553,-0.63157946,-3.016486,-3.080293,-3.0802925,-1.9155442,-2.483601,-2.6711235,-2.0722325,-4.134903,-3.9025671,-4.6056333,-4.6056333,-4.5591693,-4.722594,-4.503227,-4.4386916,0.05188197,-0.12972957,0.105616204,0.10561631,0.010877776,0.49982774,-0.055620626,-0.21517538,-2.4873292,-4.090563,-2.653806,-2.6538067,-2.729942,-2.3251326,-2.8138716,-3.0733457,-0.6732854,-1.4444174,-1.4073154,-1.4073153,-1.3155006,-1.2320145,-1.0721756,-1.2935629
C=CCCC=C,1.01,-2.2470036,-3.0658777,-2.844989,-2.844989,-2.923669,-2.917814,-2.9581952,-2.9814556,-1.0038342,-3.7074108,-4.0992346,-4.0992346,-4.097275,-3.9595613,-4.0877323,-3.6355703,1.0725331,-4.1863585,-3.7283924,-3.7283924,-3.6488955,-4.0202847,-3.5817852,-3.9290407,1.7598864,-3.9796834,-3.5545335,-3.5545292,-3.3414602,-4.714252,-2.9292169,-3.9191163,-0.9050535,-1.6560103,-2.9414318,-2.9414313,-0.17914706,0.4662846,-2.1496353,-2.0160038,-4.5215893,-3.9095426,-4.5154147,-4.515414,-4.4843864,-4.633568,-4.678628,-4.1874156,-0.69458467,-0.66358936,-1.1714185,-1.1714182,-0.9560813,-0.8042039,-0.8785047,-0.82448536,0.42379674,-4.3502383,-2.6485884,-2.6485884,-2.5536904,1.6213264,-2.633671,-2.3407757,0.8988544,0.26745033,0.32689077,0.3268907,0.5487968,0.57442665,0.82767,1.0373026
CCNCC,-4.07,-1.8780677,-2.6461365,-2.3374517,-2.337452,-2.2956188,-2.4104896,-2.3940578,-2.1785514,-2.9440756,-3.5312364,-3.8975427,-3.8975425,-3.898524,-3.5835104,-3.8966022,-2.4431214,-4.3657594,-4.0848227,-2.8947682,-2.8947682,-2.8846262,-3.0691173,-2.9866226,-3.5385292,-3.4849288,-3.0264845,-2.6425755,-2.6425722,-2.8025956,-3.1752808,-2.669827,-4.094528,-2.1007304,-2.8623204,-2.5682187,-2.5682187,-1.4225427,-2.023948,-2.7490885,-2.2228618,-2.5229702,-3.651708,-4.049063,-4.0490637,-4.0145993,-4.1083126,-4.068022,-3.4401488,-4.485914,-4.172236,-4.493647,-4.4936476,-4.536468,-3.940925,-4.5279455,-4.0418544,-2.8939838,-3.945531,-1.6250006,-1.625001,-1.7609695,-0.41504538,-1.87998,-1.584404,-4.15335,-4.043091,-3.982722,-3.982722,-3.9469354,-3.9274685,-3.9489665,-3.9087827
CC(C)OC,-2.01,-2.674194,-3.6999996,-3.7237322,-3.723732,-3.5984275,-3.833838,-3.499506,-3.6362312,-2.921125,-3.5570679,-4.016292,-4.0162926,-4.016778,-4.161892,-4.0117545,-3.3302703,-2.2987697,-3.7766147,-3.1696534,-3.1696541,-3.1911829,-3.2394989,-3.3037047,-1.816541,-2.0177522,-3.095909,-2.3319218,-2.3319187,-2.2582111,-3.0743656,-2.1275413,-3.8644977,-2.6927752,-3.9449415,-4.392255,-4.3922563,-3.2824576,-3.7591152,-3.9322753,-4.4990773,-3.2203555,-3.2918832,-3.6178012,-3.617801,-3.580665,-3.7407649,-3.572643,-2.8887048,-1.89018,-3.4002953,-3.0992653,-3.0992656,-3.0677366,-2.0728188,-3.0931404,-2.208661,-3.085278,-3.8313508,-1.7421094,-1.7421105,-1.8723557,-2.145437,-1.9852247,-2.280008,-1.9329443,-2.2211328,-1.9924703,-1.9924701,-2.012928,-2.2247014,-2.157394,-1.2363548
c1ccc(cc1)C#N,-4.1,-5.7036085,-5.2729692,-5.5468106,-5.5468106,-5.5367146,-5.8002696,-5.5875964,-6.3143125,-3.5473258,-4.0320663,-4.642342,-4.642342,-4.642674,-5.0850425,-4.636309,-5.063096,-5.706065,-3.7419248,-5.5800214,-5.5800204,-5.6140385,-6.1665506,-5.544121,-5.780124,-3.5838585,-4.784513,-4.298805,-4.2988033,-4.2541547,-4.72308,-3.8994703,-5.555655,-5.5427847,-3.7722526,-5.246422,-5.2464223,-4.343968,-5.1235137,-3.6223073,-4.6136312,-3.1952438,-3.871212,-3.494639,-3.4946392,-3.5605888,-3.497235,-3.9457595,-2.2961469,-3.6162057,-2.8737545,-3.7523375,-3.7523372,-3.7080977,-2.8785508,-3.5196822,-2.5680597,-4.4155283,-4.0559697,-7.639914,-7.639914,-7.6594925,-4.0080075,-7.7874203,-7.3257985,-4.0176687,-3.633203,-3.5934968,-3.5934963,-3.595513,-3.524867,-3.6901581,-4.7609005
CC(=O)CO[N+](=O)[O-],-5.99,-5.640994,-3.8498628,-3.8127534,-3.8127532,-3.9867709,-4.135951,-4.1577396,-4.189173,-6.546369,-4.430475,-5.0467105,-5.0467105,-5.046856,-6.021024,-5.0407453,-8.82888,-5.896192,-3.5456624,-4.8578615,-4.857861,-4.830913,-4.903267,-4.843318,-5.227544,-6.7390795,-8.629775,-7.305399,-7.3053956,-6.9264655,-8.127816,-5.8401823,-11.390752,-7.0232406,-3.9921942,-5.0060115,-5.0060124,-4.2197394,-6.227878,-4.566218,-5.048794,-5.22721,-3.8646214,-3.7423291,-3.7423291,-3.7600873,-3.8495984,-4.1973877,-3.340713,-6.2640085,-8.684212,-6.672905,-6.6729035,-5.792679,-5.2651052,-5.7430706,-5.9930205,-7.429267,-5.5093584,-7.240844,-7.240844,-7.43257,-4.59543,-7.593253,-9.647385,-6.034845,-5.7045784,-4.65615,-4.65615,-4.5522184,-5.413211,-4.7184153,-8.383241
CN,-4.55,-4.6943645,-1.9852079,-1.9146055,-1.9146055,-1.8970793,-2.7235758,-1.9044913,-3.6539168,-4.050044,-2.1103191,-2.0561352,-2.0561354,-2.0555522,-1.9752527,-2.0539715,-3.1847584,-5.014709,-3.1390831,-4.472154,-4.4721537,-4.486525,-4.5840025,-4.6006923,-5.1136365,-4.7447386,-6.084845,-5.03072,-5.030716,-4.9095407,-5.3318186,-4.419167,-7.300306,-3.9107647,-1.5887884,-1.6245805,-1.6245801,-1.9176502,-2.4299555,-1.6384393,-2.3423433,-1.9650767,-2.447215,-1.963152,-1.9631522,-1.9598744,-2.0600636,-1.913287,-1.9855835,-4.9618134,-4.725338,-5.1379995,-5.1379995,-5.113355,-4.6497593,-5.006319,-3.9356592,-5.6474004,-3.1667519,-2.8325832,-2.8325832,-2.8349047,-2.9381404,-2.881113,-3.4919288,-4.5704575,-4.5325346,-4.58108,-4.5810804,-4.5592833,-4.625429,-4.580265,-4.4398375
CCCCC=O,-3.03,-2.3997676,-2.6479423,-2.2567747,-2.2567747,-2.261327,-2.2168252,-2.4299157,-2.1303217,-2.9355464,-3.7294073,-4.214849,-4.214849,-4.215221,-4.2490907,-4.2113132,-3.2100422,-3.7349296,-3.9015388,-2.4764566,-2.4764566,-2.484548,-2.6765404,-2.6432817,-1.8918612,-3.3074403,-3.261907,-2.9404175,-2.9404156,-2.470765,-2.8186507,-1.8202167,-4.3167453,-3.3089614,-3.0974739,-2.9990427,-2.9990427,-2.1355045,-2.9220314,-2.9599838,-2.3566532,-2.709514,-3.7830675,-3.6736033,-3.673603,-3.687292,-3.6233742,-4.170422,-2.4572523,-4.1899385,-3.5654342,-4.4204416,-4.4204416,-4.434221,-3.9528146,-4.481147,-4.014959,-3.3721833,-4.438237,-3.4506335,-3.450634,-3.6381624,-2.5699635,-3.876981,-3.3749988,-3.618792,-3.4901056,-3.6932406,-3.6932411,-3.6262054,-3.6405098,-3.3354068,-3.992972
c1ccc(cc1)Cl,-1.12,-4.5017915,-5.231666,-5.47695,-5.47695,-5.468417,-5.742591,-5.520614,-6.2402253,-1.8271335,-3.6935618,-4.2990665,-4.299066,-4.298669,-4.434034,-4.2915435,-3.532364,-1.578202,-3.405147,-3.2946486,-3.2946486,-3.312159,-3.4878526,-3.3273847,-2.5527608,-1.1288577,-3.6590505,-2.9254405,-2.9254382,-2.8363235,-3.6816323,-2.7290144,-4.187331,-1.380069,-3.7630734,-4.4554543,-4.455455,-3.3082063,-3.9313586,-3.3542027,-4.2000184,-6.3999443,-3.722769,-4.2864766,-4.286476,-4.272028,-4.463976,-4.476488,-5.8430367,-1.0885565,-0.22809632,-0.7523084,-0.75230867,-0.63842684,-0.7041556,-0.6216721,-0.625601,-1.2758061,-3.3448436,-3.870949,-3.8709493,-3.8827715,-1.9501865,-3.9471695,-4.808319,-1.0922337,-1.0682288,-1.0808761,-1.0808761,-1.0482893,-0.953524,-1.1049818,-0.9342578
c1ccc2c(c1)Oc3c(cc(c(c3O2)Cl)Cl)Cl,-4.05,-5.4217215,-7.273397,-6.2037616,-6.203762,-6.300392,-6.3540387,-6.2730565,-4.999106,-3.8359122,-5.27547,-5.7566714,-5.7566724,-5.764476,-5.115622,-5.7814355,-4.4868293,-4.1268506,-4.8145304,-3.9741514,-3.9741516,-3.9770253,-4.5726347,-3.9006057,-3.2723932,-3.5732543,-3.6065059,-3.1714382,-3.1714375,-3.1357772,-3.3887506,-2.9470966,-3.3319993,-4.382852,-7.473883,-7.596524,-7.5965242,-4.5120707,-5.4233723,-7.422555,-5.0668235,-5.9587636,-5.045441,-5.3636966,-5.363696,-5.4108205,-5.317025,-5.456974,-6.6535068,-4.8660016,-6.5701866,-6.0410833,-6.0410833,-6.0630836,-3.8142543,-6.1722736,-5.664976,-3.7767837,-4.6585503,-5.2906847,-5.2906847,-5.285048,-3.3835325,-5.284419,-4.8415937,-4.01048,-4.727851,-4.3319144,-4.3319144,-4.27318,-4.366523,-4.3338623,-3.5367858
CCCCNCCCC,-3.24,-2.1245255,-3.544883,-3.3895946,-3.3895946,-3.4129755,-3.27467,-3.5051112,-3.232673,-2.7711549,-4.7693787,-5.1767325,-5.176732,-5.1618023,-4.956455,-5.135033,-3.2524443,-3.5752587,-5.480175,-1.8755882,-1.875588,-1.9697766,-2.3853657,-1.8962679,-2.6990094,-2.9101124,-4.077163,-2.6399777,-2.6399739,-2.3797534,-3.7954056,-1.9683926,-3.6715488,-2.2980132,-3.1688645,-3.570791,-3.5707912,-2.7140338,-3.4908383,-3.4645913,-2.9504044,-3.5827546,-5.0755067,-5.280391,-5.280391,-5.286111,-4.7831163,-5.6846657,-3.3531735,-4.5781116,-5.344429,-7.50826,-7.508259,-6.3938665,-5.855466,-6.387186,-5.668141,-0.64401925,-4.8451867,-1.4335026,-1.4335027,-1.6641514,0.53787345,-1.8293685,-1.3986695,-3.287967,-3.2323833,-3.2984266,-3.298427,-3.2532644,-3.2171097,-3.2335606,-3.1128824
Cc1ccc(cc1C)O,-6.5,-3.9768798,-5.2914124,-5.6037583,-5.603758,-5.587919,-5.7449055,-5.5681067,-6.1517506,-5.193812,-4.3286533,-4.875075,-4.875075,-4.8779116,-5.153298,-4.8781486,-4.513332,-6.221556,-4.5779066,-3.9583335,-3.9583333,-3.9788318,-4.3575816,-4.179866,-5.733654,-6.6905417,-8.892589,-8.016678,-8.016676,-7.953965,-7.5742626,-7.514422,-10.368873,-5.612575,-6.406145,-7.579955,-7.579955,-6.566355,-7.6424303,-6.6178174,-8.274996,-6.1209097,-3.9248047,-4.755699,-4.755699,-4.705015,-4.9491224,-4.630663,-5.371786,-6.6103106,-4.0191984,-5.1753044,-5.175304,-5.116187,-4.2195535,-5.1953506,-3.7609825,-7.4203005,-4.7700653,-4.160251,-4.1602516,-4.41539,-5.080707,-4.7392282,-5.1118393,-6.6488953,-6.354904,-6.367726,-6.367725,-6.2742343,-6.134775,-6.283617,-6.2840457
C=O,-2.75,-2.9560406,-2.7614946,-3.3514788,-3.3514786,-3.428083,-4.4715295,-3.4355688,-2.7238257,-2.4693913,-1.937173,-1.2900027,-1.2900027,-1.289535,-1.5527924,-1.2901994,-1.3308506,-2.8456385,-2.4475625,-2.8851109,-2.8851109,-2.8865292,-2.8927119,-2.938534,-2.2402084,-2.2452767,-4.0685325,-3.3030465,-3.303042,-3.321467,-3.4611611,-2.7837758,-4.3835216,-2.2408974,-2.600942,-3.280038,-3.2800384,-2.6660435,-2.22828,-2.498983,-2.5682847,-2.3518722,-2.1261296,-1.2456616,-1.2456617,-1.2488226,-1.4425312,-1.240827,-2.1266592,-3.8589103,-6.4116178,-6.3727036,-6.3727036,-6.254406,-3.2832546,-5.958809,-3.9589524,-2.6116004,-1.6141165,-0.92120856,-0.9212087,-0.91939044,-1.4758514,-0.93305236,-5.6025996,-5.0762167,-2.9229765,-3.0938957,-3.0938957,-3.0775497,-3.3632762,-3.226453,-3.4409888
CCCC(C)(C)O,-3.92,-1.9366636,-3.0069802,-3.1039314,-3.1039314,-2.978809,-3.3971965,-2.9138188,-3.1597538,-2.6700752,-3.9336462,-4.4770045,-4.4770045,-4.479075,-4.3256984,-4.4777446,-2.5239904,-3.9327672,-4.6539044,-2.5354166,-2.5354161,-2.5558417,-2.858316,-2.8383734,-2.8767912,-2.9180996,-3.2206259,-2.4182322,-2.4182317,-2.9824276,-3.409075,-2.1948342,-3.3831167,-1.857444,-3.1249182,-3.4164107,-3.4164104,-2.8971663,-3.4170327,-3.0085437,-3.6649477,-3.3896136,-3.7505987,-3.7066755,-3.7066758,-3.7102153,-3.8068645,-4.0599155,-2.9759068,-4.56977,-4.2299404,-4.224164,-4.224164,-4.23939,-3.4828432,-4.2672577,-3.8170383,-5.394595,-4.6149597,-3.7003067,-3.7003064,-3.8186886,-3.6465263,-4.047667,-2.9870296,-3.9009964,-4.275468,-3.6935854,-3.6935852,-4.0015798,-3.7939079,-4.483581,-5.2136984
CCOC(=O)c1ccc(cc1)O,-9.2,-6.7199464,-4.6054296,-4.6616693,-4.6616693,-4.7457867,-4.8890557,-4.922741,-5.738112,-9.009105,-5.076739,-5.525622,-5.525622,-5.53092,-5.6238523,-5.545484,-6.7507014,-9.130651,-5.2692156,-8.268783,-8.268784,-8.279836,-9.08665,-8.371303,-8.943062,-9.818189,-11.550317,-10.568998,-10.568994,-10.511493,-11.419395,-10.174964,-13.689566,-7.9197807,-4.858618,-5.558264,-5.558264,-4.4601808,-5.4510646,-5.5114207,-5.2168727,-4.6167846,-5.0895095,-5.880139,-5.8801384,-5.8786006,-5.880263,-5.7220583,-5.8705707,-9.060635,-6.6793375,-7.107544,-7.107544,-7.1746187,-6.713603,-7.063284,-7.022738,-9.806162,-5.4936604,-6.300295,-6.3002944,-6.4921956,-8.688512,-6.6875587,-6.886016,-9.386533,-9.249482,-9.30898,-9.308981,-9.119665,-9.1915,-9.131406,-9.188024
CC(C)CO[N+](=O)[O-],-1.88,-2.7638495,-2.7068517,-2.5915163,-2.5915165,-2.748583,-2.7225497,-2.8923116,-2.5086455,-3.1456115,-4.1773453,-4.849145,-4.849145,-4.8506317,-5.282781,-4.8472776,-4.568343,-2.4460192,-4.1665072,-3.8871574,-3.8871574,-3.8927312,-4.072448,-3.9773557,-2.9125984,-1.0482129,-1.1668195,-1.1547207,-1.1547182,-1.0469186,-1.5621874,-0.7669365,-2.7012427,-2.2048008,-2.4859917,-2.6604645,-2.6604645,-1.7838404,-3.1354299,-1.9922186,-1.6028854,-2.9213958,-3.8608968,-3.4153228,-3.4153228,-3.4842818,-3.4748461,-3.967458,-1.9822711,-2.3271546,-5.2699184,-3.6309404,-3.6309395,-3.8119895,-2.9308317,-4.0001388,-4.004619,-3.252294,-5.2286544,-5.9435463,-5.943546,-6.08977,-3.3642035,-6.294775,-6.8034134,-1.8600391,-1.9011875,-2.0416389,-2.0416389,-2.0272624,-1.985026,-1.9456556,-1.5929656
c1cc(ccc1[N+](=O)[O-])O,-10.64,-10.5097275,-5.3067837,-5.4805303,-5.4805307,-5.4786963,-5.6894107,-5.5807323,-6.4379525,-12.173631,-4.70704,-5.4528813,-5.452882,-5.455217,-6.725451,-5.45318,-8.8728075,-9.77659,-4.1212435,-7.162814,-7.1628137,-7.2116737,-7.967617,-7.171096,-9.369208,-8.392598,-9.499579,-8.392,-8.391996,-8.444159,-8.830622,-8.146347,-9.692943,-9.235138,-6.0077143,-8.31077,-8.31077,-8.506454,-9.046288,-6.347812,-8.984066,-5.103032,-4.313771,-4.853385,-4.853385,-4.890549,-4.6014853,-4.5908694,-5.533812,-9.568637,-6.7536354,-7.6743264,-7.6743255,-7.779361,-8.051946,-7.73923,-8.7103615,-11.734019,-4.67803,-9.520339,-9.52034,-9.48693,-10.764034,-9.667934,-10.276378,-10.787714,-10.755084,-10.6666,-10.666601,-10.576543,-10.617731,-10.664343,-10.325942
C(CO[N+](=O)[O-])O[N+](=O)[O-],-5.73,-3.9095676,-4.1722274,-3.8548586,-3.8548584,-3.8840654,-3.789398,-4.120392,-4.3271646,-5.922045,-5.254135,-6.017844,-6.0178447,-6.020749,-7.7122483,-6.022826,-9.654188,-5.346977,-3.8449438,-5.542354,-5.5423536,-5.5714984,-5.4650817,-5.4530697,-6.1138635,-6.7086287,-8.414563,-7.670286,-7.6702833,-7.666187,-8.387751,-7.6425743,-8.392781,-5.241594,-2.2508583,-4.470274,-4.4702744,-4.2821383,-4.581005,-3.435989,-5.541036,-4.0605955,-4.594811,-4.6541576,-4.6541576,-4.6664324,-4.1056495,-4.5686617,-3.671018,-7.739478,-8.630759,-7.9054313,-7.9054313,-7.844468,-6.8531523,-8.108009,-7.3120956,-6.238472,-6.3746314,-7.0426025,-7.0426035,-7.0141034,-4.753573,-7.269768,-7.1155853,-5.8170223,-5.765185,-5.738134,-5.738133,-5.6833577,-5.763702,-5.6860266,-5.7680507
CCCO,-4.85,-3.2930107,-2.313123,-1.8908404,-1.8908405,-1.8302194,-1.9510845,-1.7854462,-2.2431118,-3.8759751,-3.099019,-3.6023414,-3.6023414,-3.6003807,-3.7557557,-3.5922601,-3.2422836,-4.6073966,-3.69507,-4.437801,-4.437801,-4.4606705,-4.6890182,-4.587983,-4.1713667,-4.087418,-4.739457,-3.9416983,-3.941697,-3.9954917,-3.8710191,-3.4439762,-5.1725326,-2.9124074,-2.949918,-3.0833724,-3.0833719,-2.283911,-2.7783532,-3.0590482,-3.4811563,-3.541469,-3.1157103,-3.1543784,-3.1543784,-3.1435802,-3.2321393,-3.1804433,-2.9729066,-4.8779745,-4.3146963,-4.787366,-4.787366,-4.698074,-3.9225605,-4.799757,-4.253624,-5.6247435,-4.057573,-3.8492253,-3.8492255,-3.7052531,-5.211346,-3.8897903,-3.5162394,-4.951112,-4.7318735,-4.773228,-4.773227,-4.816691,-4.7191215,-4.7484035,-5.334069
CCCCCOC(=O)C,-2.51,-2.8533013,-3.6876104,-3.5409288,-3.5409293,-3.5828679,-3.498202,-3.9531713,-3.463632,-3.044208,-4.440238,-4.838108,-4.8381076,-4.8416424,-4.4355235,-4.852423,-3.4295824,-2.6238415,-4.642844,-2.3441677,-2.3441675,-2.3283737,-2.753509,-2.2619371,-2.0372777,-2.8847046,-4.9545045,-4.1571045,-4.157103,-3.4211144,-4.591795,-3.0478592,-5.799853,-3.0115466,-3.6957138,-3.5921028,-3.5921032,-2.0851142,-3.1818373,-3.6852593,-3.0267358,-4.486862,-4.9722676,-4.9260583,-4.9260583,-5.011954,-4.523646,-4.785625,-4.739324,-5.021806,-5.4909205,-5.4243402,-5.4243417,-5.489691,-4.6292524,-5.415801,-4.887709,-3.0342674,-4.8966727,-2.6802418,-2.6802418,-2.663469,-1.4367088,-2.8330138,-3.2421741,-2.3372416,-2.4988942,-2.5970073,-2.5970073,-2.5719495,-2.4797182,-2.5017278,-2.50433
COC(c1ccccc1)(OC)OC,-4.04,-2.94126,-2.862245,-3.252987,-3.252987,-3.0782354,-3.6942112,-3.0516376,-4.580753,-5.1714845,-4.4111147,-4.858791,-4.8587914,-4.8646445,-4.535227,-4.8826404,-5.9026756,-4.138919,-6.6206527,-7.7137823,-7.713782,-7.618936,-7.604458,-7.818675,-4.9098926,-4.377659,-6.291308,-5.753267,-5.753263,-5.6381674,-6.2462177,-5.3724318,-6.6900353,-4.989106,-2.8975844,-3.442714,-3.442714,-4.0042653,-4.117412,-2.8139458,-4.0273404,-6.0128455,-4.232818,-5.2792845,-5.2792845,-5.19052,-5.561158,-5.2548723,-6.064255,-5.9452047,-6.675529,-6.372961,-6.372961,-6.3812847,-4.6123676,-6.1756315,-6.0139236,-5.2230387,-5.416414,-4.759866,-4.759867,-4.8974905,-3.964,-5.111469,-3.6602437,-3.988519,-4.0445604,-4.0960817,-4.0960817,-4.035852,-3.888767,-3.996671,-4.141547
CCCC[N+](=O)[O-],-3.09,-3.4043453,-2.7804506,-2.533955,-2.533955,-2.4584177,-2.5296743,-2.2024128,-2.7258275,-5.35835,-3.8983355,-4.4427075,-4.4427075,-4.439844,-4.7488537,-4.4310813,-4.128594,-3.2994742,-3.8530908,-2.7084548,-2.7084548,-2.7135358,-2.9147363,-2.7890968,-2.3550208,-3.147176,-4.1903157,-3.5202942,-3.5202918,-3.3486586,-3.6106365,-2.9653225,-5.2198825,-4.4629664,-3.29926,-3.9631665,-3.9631667,-4.243726,-5.321224,-3.2438812,-3.5310042,-2.5704715,-3.7392633,-3.6078155,-3.6078155,-3.6399982,-3.532407,-4.092445,-2.1557767,-4.3936815,-4.5302153,-4.5034285,-4.5034285,-3.4074972,-2.0395052,-3.7540572,-3.8323483,-4.184705,-4.935576,-4.513585,-4.513585,-4.763051,-3.2057157,-5.065722,-5.3854523,-3.114039,-2.894988,-2.8481698,-2.8481698,-2.8016453,-3.0322807,-2.8622391,-2.8564951
CCOC(=O)CCC(=O)OCC,-5.71,-5.2807627,-4.4005175,-4.53965,-4.539649,-5.051194,-5.205316,-5.4242806,-5.754658,-6.7943583,-5.9399047,-6.159881,-6.1598806,-6.1147804,-7.007232,-6.0343137,-6.9255986,-5.3674674,-5.2750154,-4.917382,-4.9173813,-4.866457,-5.3431683,-4.7970343,-5.2434607,-5.2323976,-8.596848,-7.8268037,-7.8268027,-7.8572354,-7.727546,-7.1707325,-9.307718,-8.03895,-3.0537326,-4.0398016,-4.0398016,-4.056049,-4.883677,-3.1773562,-6.248143,-5.661762,-5.5510383,-6.3784833,-6.378483,-6.3740535,-6.2776694,-5.549776,-6.567333,-9.484133,-7.795148,-9.472362,-9.4723625,-7.6443605,-5.7828627,-7.5681667,-8.040722,-5.703885,-5.5613728,-4.5223713,-4.522372,-4.578224,-5.5218067,-4.7594,-6.157573,-5.7646456,-5.7537184,-5.7198052,-5.7198043,-5.670789,-5.7070427,-5.6992292,-5.6771116
CC(=O)OCCOC(=O)C,-6.34,-4.324817,-3.9092474,-3.9455447,-3.9455445,-4.217683,-4.255921,-4.6112185,-4.2556353,-5.7119284,-4.621531,-4.929916,-4.929916,-4.925393,-4.704004,-4.900558,-4.7508316,-6.010954,-4.6010966,-4.854115,-4.854115,-4.7309165,-5.25153,-4.7886314,-4.028974,-5.3849254,-10.686711,-9.537764,-9.537761,-9.754489,-10.311384,-9.25995,-13.006536,-3.5820007,-2.6108272,-3.5462291,-3.546229,-1.565521,-1.5271848,-2.9017613,-4.160122,-4.3174434,-4.8195505,-5.0253854,-5.025386,-5.1042395,-4.6142707,-5.3473215,-1.2659811,-9.032723,-8.40285,-9.741193,-9.741194,-9.296768,-7.461373,-9.375914,-9.188314,-6.3598967,-5.295434,-3.205321,-3.2053216,-3.2333252,-4.174343,-3.6244469,-5.4875083,-6.388613,-3.7842102,-3.4798791,-3.479879,-3.6068296,-3.8079188,-3.89732,-5.3637667
c1ccc2c(c1)C(=O)NC2=O,-9.61,-6.2716393,-6.2355523,-5.923289,-5.923289,-5.9939723,-5.9489713,-6.0427356,-6.073045,-9.259703,-4.6505046,-5.344934,-5.344934,-5.3464537,-6.3690324,-5.3420196,-7.4178886,-9.614218,-4.1570187,-6.776691,-6.7766905,-6.8565726,-7.450372,-7.107766,-9.808801,-9.516157,-13.541339,-11.38196,-11.381956,-11.187438,-12.206081,-11.241113,-10.4258375,-10.03478,-4.703656,-5.469138,-5.469139,-5.738207,-6.0979753,-4.0855374,-6.3136735,-5.398875,-3.9006846,-4.615751,-4.615751,-4.5729012,-4.762212,-4.493211,-4.8896365,-8.24136,-7.074837,-6.8614855,-6.8614855,-6.7796574,-5.937434,-6.817528,-6.917679,-10.978392,-4.243959,-8.242701,-8.242702,-8.224025,-11.851567,-8.330851,-8.661537,-9.705032,-10.343614,-9.685749,-9.685746,-9.671907,-9.80005,-9.683134,-9.732254
c1cc(cc(c1)C(F)(F)F)C(F)(F)F,1.07,0.14073971,-5.3607883,-5.8445992,-5.8445997,-5.757477,-6.150323,-5.715185,-8.184978,1.7277368,-5.900409,-6.9132495,-6.913249,-6.91921,-9.491836,-6.923861,-11.166227,0.76425046,-4.837509,-9.439962,-9.439962,-8.57101,-11.014259,-7.885575,-9.20433,0.6503407,-0.61854595,1.1108423,1.1108423,1.107335,-0.048473008,1.2294105,0.6029119,-1.1431999,-3.0235755,-4.4483576,-4.4483576,-3.4185026,-3.719987,-2.8921804,-2.857993,-4.637491,-4.019041,-4.7490945,-4.7490945,-4.7034464,-4.8862143,-4.65477,-4.467272,-0.67331237,0.62444824,-0.88733846,-0.8873391,-0.83926135,-1.5775468,-0.83419305,0.08984258,1.4031167,-7.8033957,-9.605791,-9.605792,-9.691648,-7.904377,-9.879648,-11.334495,0.11760036,-1.4302258,-1.4984717,-1.4984717,-1.4844608,-1.4894656,-1.3827549,-1.2749531
C[C@H](C(F)(F)F)O,-4.2,-3.657123,-3.4586942,-3.43749,-3.43749,-3.283871,-3.8326764,-3.179811,-4.6046214,-3.8144174,-3.8298688,-4.7424455,-4.742446,-4.7408075,-5.9562016,-4.731313,-6.8783073,-4.481802,-3.731473,-5.891673,-5.8916726,-5.9253197,-6.31382,-6.098874,-7.803292,-3.9511065,-5.232205,-4.749248,-4.7492437,-4.674689,-5.3841267,-4.2182426,-5.9808187,-6.9307833,-3.4822452,-4.0046334,-4.004634,-3.603669,-3.7440708,-3.3811831,-5.020627,-2.8003745,-2.9795306,-3.0256655,-3.0256655,-2.9965844,-3.094714,-3.0142975,-2.1969664,-2.936806,-7.3848457,-4.7412105,-4.7412095,-4.7218704,-2.113556,-4.9476967,-5.3892007,-6.182629,-5.4949546,-7.209819,-7.209819,-7.3245606,-4.4096828,-7.5726256,-6.973069,-4.3985577,-4.6362047,-4.6260386,-4.6260386,-4.6504393,-4.6201735,-4.6613727,-4.427125
CC(C)(C)c1ccc(cc1)O,-5.91,-4.163533,-3.7227533,-3.8804326,-3.8804328,-3.7552872,-3.9913907,-3.7860684,-5.040007,-5.6665277,-4.4031053,-4.896492,-4.896492,-4.9013834,-4.690699,-4.910788,-3.7177515,-6.2364326,-5.428285,-4.6668315,-4.666831,-4.6979604,-5.2157316,-4.829568,-5.9815574,-5.726866,-6.928204,-5.8967495,-5.8967485,-5.652151,-5.303995,-5.515465,-6.865693,-3.7063708,-4.6855745,-4.5467973,-4.5467978,-2.8819416,-3.7135015,-4.355243,-3.5706296,-5.6434755,-4.213107,-3.9437003,-3.9437003,-3.9977503,-4.038959,-4.232715,-3.6800406,-6.2310133,-3.384622,-5.286949,-5.2869496,-5.199681,-4.9503026,-5.3330097,-4.1355658,-7.025965,-5.223644,-4.2254543,-4.2254543,-4.384037,-4.107654,-4.6598573,-4.117875,-6.049848,-5.8358774,-5.796432,-5.796432,-5.7620373,-5.842057,-5.778442,-5.8392754
CCCOC,-1.66,-2.2338383,-2.8196256,-2.5081944,-2.5081944,-2.5052822,-2.5925965,-2.6300154,-2.4143765,-1.952198,-3.5279963,-3.9187937,-3.9187934,-3.9179313,-3.6400075,-3.9133341,-3.0099359,-2.621632,-3.9348338,-3.0819588,-3.0819588,-3.0977309,-3.1356,-3.2763324,-2.350816,-1.8563305,-2.323819,-1.884043,-1.8840406,-1.8454406,-2.4709258,-1.6553025,-3.4188733,-2.0791354,-3.0414023,-2.8000975,-2.8000977,-1.4252982,-1.5886656,-3.0568461,-2.505311,-3.7980857,-3.6534107,-3.9417982,-3.9417984,-3.9272513,-4.025143,-4.0452566,-3.7877638,-2.058106,-3.4034176,-3.1916513,-3.191651,-3.1679738,-2.282112,-3.1980789,-2.4338627,-2.8215184,-3.9182215,-1.918539,-1.918539,-2.025363,-1.1499804,-2.1092765,-2.1059241,-2.267597,-1.7918032,-1.8919319,-1.8919318,-1.8532202,-1.9513346,-1.754378,-1.133735
c1ccc2c(c1)ccc3c2cccc3,-3.88,-3.4386864,-6.0635777,-6.2975974,-6.297598,-6.292489,-6.5146065,-6.294911,-7.4841623,-4.1451964,-4.69684,-5.1225123,-5.1225123,-5.12851,-4.8174605,-5.1421924,-4.8061604,-4.6319895,-5.6376777,-6.7342434,-6.7342424,-6.7671714,-7.0376005,-6.7728825,-5.0406933,-3.774582,-5.1171613,-4.7597084,-4.7597055,-4.730224,-5.3673306,-4.598322,-6.120715,-2.990245,-4.1292706,-4.213037,-4.2130384,-3.7176676,-3.9788532,-3.6833549,-3.608586,-4.3035364,-4.667542,-5.5994673,-5.5994673,-5.567771,-5.6772127,-5.378337,-5.267624,-2.5772824,-1.0427921,-1.4933643,-1.4933634,-1.477665,-1.4829123,-1.7537037,-0.44824892,-3.9068584,-4.187274,-5.585601,-5.585601,-5.5687447,-2.775692,-5.664805,-4.936278,-3.8089862,-4.030264,-4.1304893,-4.130489,-4.0951505,-4.006904,-3.9757197,-4.1994367
c1cc(c(c(c1)Cl)C#N)Cl,-4.71,-4.0148683,-6.298455,-6.1906643,-6.1906643,-6.2371416,-6.331833,-6.260856,-6.6048794,-5.867825,-4.809199,-5.4496427,-5.4496427,-5.45024,-6.382942,-5.443192,-7.073207,-4.834565,-3.6241493,-3.702213,-3.7022128,-3.701051,-3.9884083,-3.6888642,-3.0696545,-3.9154484,-3.9298816,-3.0907943,-3.0907912,-3.0716188,-3.5549657,-2.9949033,-4.569381,-3.7801158,-4.8411293,-4.997849,-4.9978495,-4.14636,-4.284111,-4.5418897,-5.7916737,-5.3509583,-3.902955,-3.7895708,-3.7895706,-3.8221595,-3.8924856,-4.1463537,-3.1816602,-3.3009171,-3.7251232,-4.3315682,-4.331568,-4.2345257,-3.1129491,-4.020712,-3.7970037,-4.922865,-4.531571,-8.131934,-8.131935,-8.144946,-4.3275146,-8.229264,-6.7868323,-4.687617,-4.739888,-4.757737,-4.7577367,-4.724285,-4.7282877,-4.7614903,-4.647266
c1ccc2c(c1)C(=O)c3cccc(c3C2=O)NCCO,-14.21,-8.415397,-6.335492,-6.2675905,-6.2675905,-6.309296,-6.56064,-6.2735796,-6.823056,-13.326391,-6.090643,-6.598011,-6.598011,-6.5984993,-7.0338054,-6.6036453,-9.31064,-14.063616,-8.5511875,-14.373627,-14.373625,-14.115239,-15.609301,-13.790385,-13.958705,-13.293902,-14.195786,-14.068306,-14.068303,-13.877191,-15.14928,-14.164567,-12.800069,-11.411487,-8.043062,-9.125597,-9.125597,-8.342486,-9.394537,-8.5434675,-11.025122,-6.4256997,-5.3816695,-6.8187785,-6.818779,-6.7441235,-7.270272,-6.935812,-8.057498,-11.76603,-7.040923,-9.573387,-9.573386,-9.710121,-9.947682,-10.517333,-7.635153,-14.595247,-7.053245,-10.081099,-10.081099,-10.218418,-12.725189,-10.431474,-9.0913725,-14.378662,-14.249188,-14.356618,-14.356619,-14.109566,-14.116304,-13.998095,-14.178424
Cc1cc(cc(c1)C)C,-0.9,-1.674763,-5.6520176,-5.04537,-5.04537,-5.181157,-4.785666,-5.274592,-4.425637,-1.7726421,-4.2850866,-4.7429876,-4.7429876,-4.746928,-4.4169993,-4.750748,-2.8341148,-0.8980564,-4.4470863,-1.7723229,-1.7723227,-1.7321202,-2.4304626,-1.8329202,-2.7557502,-0.46902314,-1.2895796,-0.65184766,-0.651845,-0.58651984,-1.9932013,-0.75300145,-2.3435035,-3.1543374,-7.7355013,-7.0525165,-7.0525155,-5.453935,-6.3808727,-7.749082,-4.8549733,-2.1787875,-4.190192,-5.326699,-5.326699,-5.269709,-5.5505576,-5.057497,-5.3325696,-0.31299096,-0.48732165,-0.33960074,-0.33960032,-0.26024806,0.007687472,-0.32580754,-0.48849872,-1.4241115,-3.997242,-2.2680118,-2.2680123,-2.280138,-1.7526084,-2.2969468,-2.8538482,-0.6732854,-1.4444174,-1.4073154,-1.4073153,-1.3155006,-1.2320145,-1.0721756,-1.2935629
CC(OC)(OC)OC,-4.42,-3.34029,-3.0616567,-2.800735,-2.8007352,-2.6886477,-2.8394396,-2.7495446,-3.6984777,-3.7448592,-4.021247,-4.4108896,-4.4108896,-4.414056,-4.26955,-4.4159617,-4.3851714,-4.8377824,-5.252099,-4.8029943,-4.8029947,-4.6602826,-4.685531,-5.0752683,-5.6054697,-5.434007,-6.2579503,-6.177523,-6.1775203,-5.132754,-6.9156814,-4.9183407,-6.285751,-6.331353,-4.2499523,-3.6418824,-3.6418824,-3.5875456,-3.5283656,-4.0711417,-3.877307,-4.6907854,-3.496949,-4.2074795,-4.207479,-4.1405115,-4.355588,-4.1710153,-3.3653407,-6.718545,-6.702958,-6.9541135,-6.954114,-6.89285,-5.254215,-6.8421893,-6.627451,-4.6432567,-4.3514743,-2.537088,-2.5370882,-2.7293272,-3.2063458,-2.9597757,-3.0572257,-2.9199345,-3.7569768,-3.7065032,-3.7065034,-3.627595,-3.5121343,-3.8440263,-3.850508
CN(C)C(=O)c1ccc(cc1)OC,-11.01,-10.2493305,-4.2109585,-4.4002113,-4.4002113,-4.3353453,-4.447435,-4.485566,-5.746303,-10.20062,-5.733253,-5.9824886,-5.9824886,-5.987247,-6.552218,-5.989364,-6.761024,-11.154532,-5.962947,-6.7382336,-6.738233,-6.6851373,-6.9528093,-7.0721364,-10.493045,-9.616663,-9.297137,-8.367281,-8.367276,-8.25425,-8.700891,-8.195088,-11.580474,-11.786084,-4.5723944,-5.567554,-5.5675554,-5.4398656,-6.2197795,-4.653392,-5.9027042,-5.819937,-5.1402044,-5.061409,-5.061409,-5.1590996,-4.706541,-5.3079324,-5.838526,-7.171199,-5.6742373,-5.4607787,-5.4607787,-5.569324,-5.177092,-5.651686,-4.783858,-10.177446,-5.5404477,-5.5154223,-5.515424,-5.668958,-8.5630455,-5.942619,-7.159137,-11.074137,-11.100413,-11.100033,-11.100034,-11.0397625,-11.128916,-11.058496,-11.026723
CF,-0.22,0.3634041,-0.40840453,-0.20491815,-0.20491819,-0.28946266,-0.96626264,-0.30231383,-2.2601051,-1.6216809,-1.8033133,-1.2654963,-1.2654963,-1.2649602,-1.3600422,-1.265148,-1.6317034,-0.40397716,-2.6877522,-3.3461468,-3.346147,-3.3486452,-3.2763145,-3.419789,-1.7103646,-0.5666464,-2.170365,-1.5612464,-1.5612441,-1.524903,-2.034666,-1.2649451,-2.9488306,0.16031751,-2.3927104,-3.2716653,-3.271665,-2.5454733,-2.535504,-2.49714,-3.3352025,-0.6332081,-2.081079,-1.1525341,-1.1525342,-1.1518521,-1.2749474,-1.1496967,-2.502978,-3.4474099,-4.4140954,-4.662736,-4.662736,-4.657189,-3.1548805,-4.505438,-3.2343845,-0.09473157,-2.4198732,-0.6158201,-0.61582005,-0.6311959,-0.64344627,-0.67887974,-0.14729305,0.38915786,0.01937462,0.10044524,0.10044525,0.074446276,0.3629461,0.19628236,-0.034559995
Cc1ccccc1[N+](=O)[O-],-3.58,-4.1974697,-5.509344,-5.763111,-5.763111,-5.7621393,-5.9303737,-5.7371597,-6.195864,-4.5580826,-4.54541,-5.197482,-5.197482,-5.1993637,-6.0809116,-5.1958256,-6.3882947,-3.5996041,-4.180908,-4.402881,-4.4028807,-4.405619,-4.8246746,-4.5116253,-4.615148,-4.425067,-6.013313,-5.358432,-5.358428,-5.3282914,-5.575501,-5.0798435,-7.6451755,-5.7167006,-6.4609485,-7.481794,-7.481795,-6.418919,-7.384681,-6.69363,-6.0054684,-4.8912377,-3.7037747,-4.4522443,-4.4522443,-4.4055843,-4.5980453,-4.2992334,-4.560045,-3.0840452,-4.7596636,-3.1427698,-3.1427703,-2.464626,-0.90747786,-2.725646,-3.7480767,-4.1757784,-5.447376,-5.3984547,-5.398453,-5.8227587,-4.8565893,-6.212178,-7.3590035,-3.5584838,-5.5878057,-5.081493,-5.0814934,-5.157614,-5.34319,-5.3564086,-4.007521
COCCN,-6.55,-2.6430984,-2.8294733,-2.4523335,-2.4523332,-2.5074537,-2.5346475,-2.7101173,-2.359094,-5.8501167,-3.5808654,-3.9885561,-3.9885564,-3.98946,-3.8547153,-3.986519,-3.3132803,-6.9214697,-4.3741107,-6.3060164,-6.3060164,-6.264778,-6.4224315,-6.4307394,-7.976696,-6.847024,-8.464422,-7.454216,-7.4542136,-7.3513293,-7.902316,-6.957562,-10.032523,-3.4939144,-3.0287774,-2.7178576,-2.7178571,-1.4152552,-1.4841354,-3.0343447,-2.2907662,-4.3173285,-3.618705,-3.9350443,-3.935044,-3.8920887,-4.037923,-4.032425,-3.7396593,-7.2701654,-5.273137,-5.6223326,-5.6223326,-5.646064,-5.7397585,-5.5693455,-5.457866,-6.738408,-4.0854845,-3.2175066,-3.2175071,-3.2503521,-4.7087274,-3.3721025,-3.193832,-6.5056686,-6.585561,-6.543789,-6.54379,-6.500768,-6.593371,-6.5288205,-6.5806065
Cc1cnccn1,-5.51,-4.0857267,-5.051203,-5.2506375,-5.250638,-5.2369776,-5.3904347,-5.221557,-5.482796,-6.422541,-3.7538176,-4.2427077,-4.2427077,-4.2435503,-4.2571325,-4.2393527,-3.5532434,-6.7980437,-3.265205,-3.9269757,-3.926976,-3.9395044,-4.111205,-3.9562666,-3.6138256,-6.598027,-6.4660654,-5.3572254,-5.3572226,-5.35757,-5.233034,-4.965868,-7.559254,-4.1200666,-4.697799,-5.863361,-5.8633623,-4.822801,-5.359515,-4.9250836,-5.8882217,-5.527995,-3.6434233,-4.2213607,-4.221361,-4.1935883,-4.3160048,-4.0576906,-4.5543866,-6.9519067,-5.0071807,-6.395007,-6.395007,-6.5987873,-6.1066704,-6.6170716,-6.287878,-6.133866,-4.257017,-3.856996,-3.8569958,-4.0230093,-4.3272934,-4.16898,-3.9229658,-5.5465,-7.0164022,-7.0708246,-7.0708246,-7.106165,-6.535268,-7.1549573,-6.044496
c1cc(c(c(c1c2cc(c(c(c2Cl)Cl)Cl)Cl)Cl)Cl)Cl,-4.4,-4.3151145,-5.640163,-5.1303477,-5.130348,-5.092654,-5.1794376,-5.1799855,-4.6808352,-4.1900797,-5.479237,-5.7832437,-5.7832446,-5.790824,-4.535336,-5.7967896,-1.7531867,-4.3473964,-4.318041,-3.4658453,-3.4658458,-3.3942442,-3.6801193,-3.2958794,-5.309909,-4.1275587,-3.1968932,-2.891816,-2.8918147,-2.911282,-2.7251885,-2.628034,-3.1263728,-4.333522,-4.3704634,-5.0435824,-5.0435834,-4.464929,-5.7467175,-4.1681113,-3.8595197,-3.3126578,-5.278571,-5.8375354,-5.837536,-5.90143,-5.423171,-5.5722713,-2.6915083,-4.1206684,-5.13974,-3.9320168,-3.9320176,-4.063137,-3.9884455,-4.2631497,-4.362725,-4.290759,-6.716842,-1.9586271,-1.9586275,-2.1662376,-4.4768114,-2.3241026,-2.2794201,-4.3297396,-3.617898,-3.7882926,-3.7882924,-3.7399044,-3.8203118,-3.7616823,-3.895866
c1ccc2c(c1)CCC2,-1.46,-3.3064227,-4.865203,-5.154962,-5.154962,-5.1179414,-5.2778563,-5.0828304,-5.524534,-2.5588589,-4.0781918,-4.637631,-4.637631,-4.6391907,-4.65918,-4.6357512,-2.6167824,-1.2695172,-4.053833,-1.5067317,-1.5067317,-1.4941782,-1.9022988,-1.6890028,-3.9142094,-1.2000548,-4.940936,-4.527115,-4.5271106,-4.4643044,-4.4933996,-4.301485,-4.70736,-2.57861,-3.5257094,-3.7533884,-3.7533882,-2.8039668,-3.1163225,-3.0449758,-3.9839048,-1.5093981,-3.765908,-3.7667196,-3.7667198,-3.7681859,-3.9094946,-3.867101,-3.2098806,-0.78123796,0.17025779,-0.5144905,-0.5144909,-0.4990458,-0.3965608,-0.48211434,-0.1193705,-2.512279,-4.0119567,-2.0466573,-2.0466576,-2.1641173,-1.8803436,-2.2523482,-2.2418425,-2.1082456,-2.0198545,-2.0715888,-2.0715888,-2.006395,-2.0704482,-2.1299174,-1.792999
Cn1cccc1,-2.89,-5.2454653,-4.737574,-4.9321585,-4.9321585,-4.9045115,-5.124666,-4.8878307,-5.137562,-4.311333,-3.5240278,-4.10517,-4.10517,-4.104971,-4.244644,-4.0985355,-2.9950793,-3.6376698,-3.2291412,-3.3872626,-3.3872623,-3.3967345,-3.5783424,-3.4787536,-4.142195,-2.6599698,-3.9480379,-2.5077574,-2.507755,-2.5851166,-3.3055294,-2.2622705,-4.94738,-2.178336,-2.8284435,-4.0987196,-4.0987206,-3.1841347,-3.3034039,-3.1473207,-3.542596,-4.1684527,-3.4103885,-3.7856886,-3.7856884,-3.7566044,-3.9096754,-3.6997957,-3.3990877,-3.621144,-3.863995,-3.7951093,-3.7951093,-3.7981656,-3.3766258,-3.815758,-3.607746,-4.0118265,-3.8820524,-2.7004418,-2.7004418,-2.8126533,-1.7608625,-2.9043138,-3.2354386,-2.1082456,-2.0198545,-2.0715888,-2.0715888,-2.006395,-2.0704482,-2.1299174,-1.792999
CC(=O)C1CC1,-4.61,-4.5808573,-3.1933253,-3.0860424,-3.0860424,-2.958238,-3.130382,-2.8948822,-3.2075555,-2.7860987,-3.5456164,-4.039126,-4.039126,-4.0390778,-4.2532954,-4.033501,-3.6797426,-5.163604,-3.6120396,-2.6914637,-2.6914637,-2.7285416,-2.8096855,-2.8236609,-3.2565825,-3.885125,-4.4644823,-3.291788,-3.2917855,-3.0837824,-3.2979095,-2.6125,-4.2529726,-5.788895,-3.5046637,-4.218781,-4.2187815,-3.8162549,-4.11397,-3.539664,-5.061267,-2.902638,-3.4252288,-3.8397741,-3.839774,-3.809848,-3.9176219,-3.8025968,-3.7255206,-4.143999,-3.6478317,-4.020312,-4.020311,-4.017942,-3.2744205,-4.031849,-3.745278,-5.530669,-4.083072,-2.6814497,-2.6814501,-2.8488672,-4.620228,-3.0245132,-2.998642,-3.576281,-3.4109945,-3.3471336,-3.3471336,-3.324375,-3.4539487,-3.5747,-2.9416559
CCCCI,-0.25,0.65048915,-1.9549763,-1.3309081,-1.3309085,-1.4313496,-1.2233741,-1.4221276,-1.2417752,0.28552252,-3.4932678,-3.8483827,-3.8483825,-3.8474674,-3.632769,-3.8406146,-2.9127285,-0.5844839,-3.510508,-1.5802567,-1.5802567,-1.5804259,-1.4226862,-1.5928183,-0.2527166,-0.38232386,-1.4427942,-1.2684329,-1.2684302,-1.0382783,-1.2714822,-0.73315877,-2.4547594,-0.3148661,-1.8799243,0.3160323,0.31603217,0.70977914,0.53971547,-1.7014824,-0.07998921,-3.2393565,-3.672886,-3.6208715,-3.6208718,-3.6412175,-3.5293725,-4.3074846,-2.2931118,0.25538749,0.64126325,0.42653927,0.4265399,0.475101,0.50437003,0.4423793,0.14280002,-0.4283863,-3.4710345,0.36780733,0.36780703,0.27321735,0.5235301,0.27956313,0.15936843,-0.33743912,-0.17901358,-0.26943165,-0.26943177,-0.13449386,-0.51342195,-0.24565446,0.93184894
COS(=O)(=O)OC,-5.1,-3.0468552,-4.1577616,-4.46722,-4.4672194,-4.2843637,-4.9637923,-4.1409626,-5.2360263,-3.6510067,-4.101328,-4.693072,-4.6930723,-4.694962,-5.133265,-4.692661,-8.097141,-5.264918,-4.4657254,-7.5659432,-7.5659423,-7.6078086,-8.016085,-7.9979277,-7.7099404,-6.525097,-8.577921,-6.8325715,-6.8325706,-6.448034,-6.1950026,-6.005996,-9.138891,-7.3287954,-3.4627273,-4.585033,-4.5850334,-4.9127326,-5.144724,-3.5887346,-5.507814,-4.8270583,-3.6828005,-4.4163766,-4.416377,-4.3698606,-4.486705,-4.3060493,-4.8373113,-2.7235734,-4.3483696,-3.319971,-3.3199704,-3.0150754,-1.1955374,-2.8776195,-2.9337313,-6.1684012,-4.9545197,-4.2435856,-4.243586,-4.396436,-4.4241447,-4.583329,-6.206768,-5.06718,-5.317738,-5.378334,-5.3783336,-5.359345,-5.5119905,-5.3258286,-4.766438
COCC(OC)(OC)OC,-5.73,-5.3903933,-3.1520512,-3.4722831,-3.4722831,-3.9322865,-4.6344137,-4.0874968,-4.798437,-4.247515,-4.2714314,-4.7082405,-4.708241,-4.713852,-4.673187,-4.7276206,-6.6867146,-5.6171646,-6.506109,-6.8129525,-6.812953,-6.7258625,-6.2560377,-6.7683344,-4.508265,-5.060864,-7.411822,-7.3160067,-7.3160048,-7.36312,-7.6688538,-7.0999546,-6.351532,-7.9133925,-3.8584335,-4.3048096,-4.30481,-4.804278,-4.954112,-3.829093,-5.3195024,-6.275485,-4.045097,-5.1412687,-5.1412683,-5.0742035,-5.3572493,-4.9655857,-5.6142626,-6.815278,-7.4096475,-7.7722435,-7.7722435,-7.6871123,-5.8762193,-7.7917666,-6.91175,-5.649578,-5.1006,-4.9754343,-4.975434,-5.1646686,-4.1004,-5.444301,-4.667719,-5.811969,-5.763903,-5.756693,-5.756693,-5.7178183,-5.7438703,-5.7344036,-5.8544097
c1cc[nH]c1,-4.78,-6.245137,-5.598338,-4.8708415,-4.8708415,-4.9724016,-4.633598,-5.056369,-4.4321904,-5.6296725,-2.8658879,-3.304898,-3.304898,-3.30406,-3.23511,-3.2989957,-2.1883588,-5.1269693,-2.6939502,-3.1932359,-3.1932359,-3.1975324,-3.5696173,-3.2168221,-3.761331,-5.496774,-5.9704547,-4.7350945,-4.7350903,-4.7176056,-4.8477736,-4.141327,-6.645357,-4.1719294,-4.10992,-4.9415336,-4.9415336,-4.6675305,-4.447064,-4.005401,-5.3539085,-4.7599535,-3.3296351,-3.8687577,-3.8687577,-3.8467424,-4.035325,-3.8949287,-5.6337156,-5.928863,-4.8888507,-5.1879168,-5.1879168,-5.161835,-4.8160744,-5.117062,-4.7375107,-6.270073,-2.907114,-4.0911145,-4.0911145,-4.026565,-4.517623,-4.091822,-6.514016,-4.7502804,-4.8110375,-4.6943126,-4.6943126,-4.6642156,-4.6922026,-4.725588,-4.300562
Cc1ccc(c2c1cccc2)C,-2.82,-3.5766792,-6.2013063,-5.4864907,-5.4864902,-5.6224775,-5.3484287,-5.7143035,-5.214711,-2.608054,-4.5622444,-5.021458,-5.021458,-5.0269146,-4.9668365,-5.03801,-5.1563063,-3.0983596,-5.175562,-3.8110762,-3.811076,-3.8146665,-4.2700963,-3.9654934,-2.9423168,-1.7465212,-3.6187031,-3.662873,-3.6628697,-3.5249593,-3.5551903,-3.4519062,-5.3699937,-2.3099086,-6.0073075,-4.279304,-4.2793045,-4.038036,-3.966424,-4.6015215,-4.277518,-5.111742,-4.2284775,-5.3587313,-5.3587313,-5.2887526,-5.6186523,-5.15926,-5.517304,-1.3337902,-0.86056745,-1.3962039,-1.3962038,-1.3387748,-1.254261,-1.4600871,-0.8060722,-2.5559464,-4.9690685,-4.9089956,-4.9089956,-5.1653986,-2.957739,-5.4821906,-4.643901,-2.805713,-2.9271216,-2.9159906,-2.9159906,-2.868419,-2.9258835,-2.941849,-3.008638
CCCCCc1ccccc1,-0.23,-1.3875809,-3.614418,-3.663306,-3.663306,-3.5978014,-3.5815423,-3.6589777,-4.061444,0.8028959,-4.648546,-5.090512,-5.0905123,-5.087988,-4.5661283,-5.082275,-3.3257914,-0.3140831,-4.94868,-1.2519951,-1.2519951,-1.2405525,-1.8012433,-1.0885029,-0.36932153,-0.13425319,-1.5334591,-1.0897905,-1.0897897,-0.8776827,-1.917579,-1.1901774,-2.4271839,-3.7394161,-3.1342554,-3.0488145,-3.048815,-0.4901705,-1.2573162,-2.9589672,-1.9359417,-3.961766,-5.1484265,-6.00829,-6.0082903,-5.9824934,-5.899062,-5.5000153,-4.433423,-1.0394475,-1.1287333,-0.9353024,-0.93530256,-0.5410145,0.2214874,-0.3932604,-0.36726275,-0.6092908,-4.929139,-2.1725814,-2.1725814,-2.3387034,-0.048006177,-2.4632304,-2.4277084,-0.11779801,-0.2319905,-0.2780419,-0.27804193,-0.2629406,-0.2574149,-0.29017285,-0.40054065
C=C(c1ccccc1)c2ccccc2,-2.78,-4.1840606,-4.2752414,-4.729465,-4.7294645,-4.5972576,-4.8827376,-4.60098,-6.529946,-3.5623646,-4.7049828,-5.1353784,-5.1353784,-5.141799,-4.556783,-5.16125,-4.983363,-3.1203847,-5.915304,-4.385743,-4.385743,-4.3767486,-4.80618,-4.4728603,-4.118227,-2.307486,-4.6910925,-4.330394,-4.330392,-4.2397356,-5.5818644,-4.4322953,-4.5065627,-2.088052,-2.4026158,-3.0720465,-3.0720465,-1.3851248,-1.4187424,-2.4727712,-2.0356581,-4.844036,-4.8651857,-5.7926936,-5.792693,-5.774975,-5.845379,-5.6473913,-5.8624325,-3.6253045,-2.3347507,-3.2113283,-3.2113273,-3.1436675,-3.1016428,-3.3413265,-1.642617,-2.6759877,-5.4568963,-4.281926,-4.281927,-4.5299296,-2.5294943,-4.8011065,-4.033545,-2.702644,-2.8879447,-2.9110503,-2.91105,-2.9006119,-2.8564746,-2.8665135,-3.0045395
c1ccc(cc1)O,-6.6,-5.766721,-5.537397,-5.7024174,-5.7024174,-5.708225,-5.8771834,-5.7170467,-6.0672884,-5.2994895,-3.7682276,-4.4019265,-4.4019265,-4.402018,-4.707668,-4.3957562,-3.8161097,-7.2720423,-3.7348013,-5.264734,-5.264734,-5.294127,-5.823393,-5.291064,-6.026617,-5.745008,-7.3370843,-6.321786,-6.32178,-6.2544503,-6.964634,-5.96419,-7.3154273,-3.342778,-6.2386513,-7.615371,-7.6153727,-7.2454357,-7.7161236,-6.51315,-8.21655,-6.0909986,-3.6888273,-4.2870364,-4.287036,-4.259266,-4.40661,-4.2704124,-5.089546,-7.284932,-4.778989,-5.8696995,-5.8696995,-5.7758017,-4.5429916,-5.8533063,-4.814904,-6.1349277,-3.7728436,-6.888474,-6.8884745,-6.860129,-6.3027,-6.969602,-6.896489,-6.470468,-6.179785,-6.027507,-6.0275064,-5.991881,-6.2131557,-6.048005,-6.1248074
COc1ccc(cc1)N,-7.48,-6.7469406,-4.919964,-5.072205,-5.0722055,-5.066036,-5.270413,-5.181386,-5.8964915,-6.862386,-4.263777,-4.682014,-4.682014,-4.6864004,-4.455942,-4.694834,-3.6427212,-7.2478952,-4.6274605,-6.168058,-6.1680574,-6.191895,-6.830714,-6.3022833,-7.429978,-7.3846307,-8.79829,-8.198955,-8.198954,-8.186468,-8.414037,-7.981727,-9.913366,-5.5761695,-5.355459,-6.5453935,-6.545394,-5.2239633,-5.7602277,-5.5997224,-5.4628487,-4.5670195,-4.395229,-4.416434,-4.4164343,-4.4510527,-4.376075,-4.5476856,-4.114138,-9.031267,-5.1773953,-5.5562725,-5.5562725,-5.599855,-6.0463414,-5.636684,-5.4419,-7.4481974,-4.8752704,-4.4902706,-4.49027,-4.735474,-7.132947,-4.9849477,-5.611378,-7.6206007,-7.587839,-7.604315,-7.6043153,-7.551327,-7.523962,-7.6112547,-7.431653
CN(C)CCC=C1c2ccccc2CCc3c1cccc3,-7.43,-7.331005,-5.4920683,-5.831068,-5.831068,-5.8320675,-6.412724,-5.9133186,-6.5543165,-7.590993,-6.4803944,-7.1120543,-7.112054,-7.110669,-7.6944757,-7.101081,-6.3173804,-7.059526,-9.292353,-7.704634,-7.704634,-7.47625,-9.331985,-7.5701942,-7.2921147,-7.240209,-8.265741,-7.5725884,-7.572585,-7.875714,-7.413219,-7.5888624,-8.782993,-7.333823,-7.661495,-8.195227,-8.195227,-6.598967,-6.6138334,-7.2892585,-6.25353,-5.8925905,-5.5270205,-7.2074265,-7.2074265,-7.1314297,-7.5521755,-7.1268315,-7.004331,-5.6253457,-5.280748,-6.7546453,-6.754645,-7.0904865,-6.8770313,-7.3387127,-6.542422,-7.384997,-6.7263875,-6.44868,-6.448681,-6.657159,-6.719907,-7.0304065,-5.1617823,-7.4778724,-7.4747467,-7.441929,-7.441929,-7.38995,-7.4915876,-7.3869667,-7.4463673
CCOCCO,-6.69,-2.969855,-3.018029,-2.7215347,-2.7215343,-2.8173225,-2.6824188,-3.0863032,-2.4847105,-6.0579386,-3.76986,-4.0940166,-4.094017,-4.093596,-3.8460224,-4.0905733,-3.4482238,-6.587134,-4.4979496,-5.74061,-5.74061,-5.7215443,-5.8446655,-5.8482027,-6.4765286,-6.194917,-7.7398663,-6.6894774,-6.6894736,-6.714093,-7.2436614,-6.335579,-9.256775,-3.4992862,-3.1333106,-2.8091936,-2.8091936,-1.2976078,-1.8305347,-3.0574086,-1.9415554,-3.2464726,-3.8262277,-4.154596,-4.1545963,-4.1017756,-4.205243,-4.2960577,-3.48028,-6.929971,-5.6892548,-5.925802,-5.9258018,-5.909919,-5.610194,-5.843706,-6.4255953,-6.523411,-4.588593,-4.5208435,-4.520844,-4.0338397,-5.9982452,-3.924532,-3.8770058,-6.78834,-6.7151957,-6.4833055,-6.483306,-6.5427957,-6.6564474,-6.599174,-6.375074
CCCOC(=O)c1ccc(cc1)O,-9.37,-9.986802,-4.346216,-4.358098,-4.358098,-4.3317795,-4.332539,-4.476756,-5.523528,-8.886943,-5.518629,-6.016163,-6.0161633,-6.012397,-6.2498207,-6.012847,-7.3135333,-9.497759,-5.70588,-7.800343,-7.8003416,-7.748772,-8.384635,-8.170565,-8.914782,-9.101983,-11.5818405,-10.776048,-10.776045,-10.746986,-10.514832,-10.513824,-13.57078,-9.650622,-4.5550375,-5.1413293,-5.1413293,-4.3896585,-5.3705425,-4.6606164,-5.1992235,-6.229944,-5.2954507,-5.466849,-5.466849,-5.5001235,-5.2888575,-5.7102847,-6.643362,-8.82381,-6.307069,-6.5895343,-6.5895333,-6.6616335,-5.9991236,-6.5324774,-5.994523,-10.006114,-5.6153293,-6.051049,-6.0510497,-6.218064,-8.223324,-6.3706307,-6.6553497,-9.543904,-8.906789,-8.588412,-8.588414,-8.341213,-9.231684,-9.998322,-9.619573
C(CCl)CCl,-1.89,-1.0714916,-2.689943,-2.3173463,-2.317346,-2.3369644,-2.0833447,-2.3480294,-2.6785533,-1.573593,-3.2984903,-3.8089342,-3.8089345,-3.8080034,-3.9566472,-3.801161,-3.7838063,-2.1864085,-2.778762,-2.424678,-2.4246778,-2.4086807,-2.3599288,-2.2312198,-1.9813312,-1.8360554,-2.4211235,-1.6301084,-1.6301057,-1.4621155,-1.8655274,-1.3594822,-3.3117666,-1.4514948,-1.8117342,-1.5928433,-1.592843,-0.025146995,0.09723405,-1.8166473,-1.3812405,-2.6055195,-3.1058965,-3.2940812,-3.2940812,-3.2589896,-3.4272058,-3.2692697,-2.3008225,-0.86714303,-0.9930532,-1.1446373,-1.1446373,-1.0846487,-0.942828,-1.1880065,-0.5119519,-1.9534355,-3.884685,-0.75640553,-0.7564058,-0.8278288,-1.2648855,-0.77164596,-2.122876,-0.29112846,0.095036305,-0.16373923,-0.16373932,-0.1921981,-0.17314848,-0.1904024,1.0333737
c1ccc2c(c1)C(=O)c3ccc(cc3C2=O)N,-11.53,-9.740076,-6.4133015,-6.390231,-6.390231,-6.394187,-6.5658383,-6.378769,-7.2772775,-12.282129,-5.44193,-5.948096,-5.948096,-5.9551964,-6.1572194,-5.971995,-8.05425,-11.531661,-6.4193544,-9.993098,-9.993097,-10.011905,-10.898645,-10.081243,-10.92078,-11.517366,-12.035074,-11.080011,-11.080008,-11.003274,-11.798853,-10.973205,-11.107156,-8.273363,-7.4705153,-8.422275,-8.422275,-7.548793,-8.25064,-7.5151935,-7.526046,-5.2184715,-5.2858157,-5.6257815,-5.625782,-5.695254,-5.3913345,-5.607138,-5.922653,-9.61266,-6.033777,-7.8881435,-7.888144,-8.227841,-8.141509,-8.487732,-6.8348765,-10.727101,-4.922802,-9.033702,-9.033703,-8.868186,-10.923934,-8.963849,-9.116491,-11.687389,-11.577439,-11.622779,-11.622777,-11.49811,-11.446432,-11.444624,-11.533523
c1cc(cc(c1)Cl)Cl,-0.98,-8.843817,-5.64285,-5.9513583,-5.951358,-5.937466,-6.1809387,-5.963236,-7.096174,-2.3973022,-4.1021094,-4.6930375,-4.6930375,-4.692765,-4.9987063,-4.684835,-4.610658,-0.97410595,-3.3544924,-2.7269955,-2.7269952,-2.7263854,-2.8391192,-2.7289429,-1.953507,-0.9756921,-3.6592853,-2.846051,-2.8460474,-2.7834063,-3.3853748,-2.7427819,-4.0976315,0.19728231,-3.3725004,-2.8314621,-2.831461,-2.771915,-2.3991766,-2.8696837,-2.2922847,-5.339938,-3.7985466,-4.424748,-4.424748,-4.4074693,-4.645052,-4.6241064,-5.6164165,-0.9409078,-0.7689912,-0.5197664,-0.5197662,-0.4636261,-0.5215425,-0.4515635,-0.24692543,-1.427639,-3.5289826,-3.4886518,-3.4886518,-3.5284274,-1.4065565,-3.5766327,-4.0680637,0.11760036,-1.4302258,-1.4984717,-1.4984717,-1.4844608,-1.4894656,-1.3827549,-1.2749531
CCCCCCCC(=O)OC,-2.04,-3.0468814,-3.9822814,-4.043364,-4.0433645,-4.019252,-4.008264,-3.9450736,-4.870732,-2.6026769,-5.2383356,-5.552611,-5.552611,-5.5281353,-5.759831,-5.4875755,-5.442938,-2.3478978,-5.2464094,-2.2148952,-2.2148948,-2.1574965,-2.6125147,-1.8256721,-2.112598,-2.5218968,-4.154965,-2.712964,-2.7129626,-2.8988328,-3.5891607,-2.6825335,-4.0785813,-6.121802,-4.2882223,-4.63114,-4.6311407,-3.2327752,-3.9131336,-4.26944,-4.9922023,-4.125045,-5.361029,-5.427016,-5.4270153,-5.228611,-5.062847,-5.7536917,-4.036452,-5.5721183,-5.020926,-5.30625,-5.3062506,-4.92588,-3.875274,-4.7773485,-4.5027733,-3.7463653,-5.3539033,-3.1667216,-3.1667225,-3.1760123,-2.5458202,-3.2993977,-3.4059613,-1.9324135,-2.0390892,-2.2176592,-2.2176595,-2.1892886,-2.0576563,-2.062765,-2.1484244
CCCCCCCCO,-4.09,-2.6731455,-3.4025428,-3.1260548,-3.1260548,-3.1691318,-2.9415112,-3.3183193,-2.7634194,-3.615575,-4.5624905,-4.9694676,-4.969468,-4.960787,-4.669454,-4.9454083,-3.4100978,-3.8328452,-5.3441505,-2.3926654,-2.392665,-2.414799,-2.8026946,-2.299536,-2.2441247,-3.523377,-3.6176815,-2.8081357,-2.8081343,-3.8717048,-4.4945083,-3.327315,-3.6308553,-2.5545592,-3.5238783,-2.9786623,-2.9786625,-1.5746173,-2.6695156,-3.390278,-2.5538054,-3.2705255,-5.037084,-4.921145,-4.9211454,-4.9476366,-4.4612722,-5.2901807,-2.4298575,-4.093392,-4.2961063,-5.7129993,-5.712999,-5.605505,-5.378196,-5.6448436,-5.9014425,-3.3917325,-5.0927205,-2.5417821,-2.5417829,-2.480324,-2.0002263,-2.540106,-2.2241852,-4.258359,-4.1139336,-4.179768,-4.1797676,-4.103422,-4.1199193,-4.071237,-4.1118813
C(C(F)(Cl)Cl)(F)(F)Cl,1.77,1.7019047,-2.8818414,-2.7952938,-2.7952933,-2.5644195,-3.0096996,-2.4790237,-4.106472,1.1703966,-3.5123339,-3.5464003,-3.5464005,-3.5461967,-2.1758628,-3.5425956,0.36505988,1.7301327,-3.306274,-5.536521,-5.5365214,-5.5542746,-5.6435413,-6.104945,-1.6393347,1.8201948,-5.448901,-3.3149812,-3.3149827,-2.930198,-3.2124193,-2.9811213,-3.8677516,0.8662572,-2.8404794,-2.2765317,-2.276532,-1.1728545,-1.2518089,-2.4746718,-2.3947349,-1.0488313,-2.9826353,-3.1685224,-3.1685224,-3.1354225,-3.2216122,-3.107126,-2.078805,-0.23312931,-0.7014703,-0.8500417,-0.85004294,-0.88645834,-0.25144702,-0.70879406,-0.2690901,1.6364496,-3.9582686,-0.5979822,-0.59798276,-0.60201406,2.0638494,-0.7637942,-0.014766336,0.2994097,-0.48184854,-0.52196366,-0.52196366,-0.5183628,-0.48242426,-0.45295155,-0.20485458
C[C@@H]1CC[C@H](C(=O)C1)C(C)C,-2.53,-2.7510917,-3.6300242,-3.95578,-3.95578,-3.9307864,-4.3170953,-3.7386398,-4.876694,-3.7369874,-4.2406616,-4.70898,-4.7089796,-4.7112966,-4.368304,-4.715489,-3.0819373,-2.8298573,-5.79337,-1.2998323,-1.2998321,-1.3085972,-1.741392,-1.7534738,-0.44929653,-2.886784,-3.0766506,-2.1652231,-2.165222,-0.69580984,-2.2980115,-0.52354765,-2.6996372,-6.848066,-4.0344687,-5.184685,-5.1846857,-6.102768,-6.527957,-4.1056123,-5.7202535,-2.9323838,-4.354917,-4.7242494,-4.72425,-4.69851,-4.458367,-4.6974387,-3.7724364,-3.6785874,-3.913574,-4.964116,-4.9641166,-4.8484774,-4.057371,-4.813205,-4.335171,-2.468882,-5.438402,-2.9011047,-2.901105,-3.0049717,-1.0947758,-3.1227334,-2.3723087,-3.6149063,-4.4131737,-4.288056,-4.2880554,-4.311432,-4.1430545,-4.3133183,-4.4393888
[C@@H](C(F)(F)F)(OC(F)F)Cl,0.1,1.6195291,-4.081196,-4.3912144,-4.391214,-4.23919,-4.6323533,-4.1382275,-5.6036315,0.05244159,-5.3193216,-6.068165,-6.0681643,-6.069794,-8.661331,-6.066776,-4.9029636,0.11995425,-4.221862,-9.346247,-9.346247,-8.018085,-9.7369375,-7.331024,-4.1685505,-0.38711023,-1.115512,0.5417833,0.5417849,0.843029,-0.5196219,0.87565684,-0.84668803,-1.0974464,-3.5799973,-4.606429,-4.606429,-3.1501553,-3.711816,-3.6849194,-4.205854,-4.0312614,-3.520034,-3.9349313,-3.9349315,-3.905164,-4.0698404,-3.8600376,-3.7916627,0.14194077,-2.8890252,-2.3089504,-2.3089511,-2.1530483,-0.4215452,-1.68197,-1.8705888,0.021074474,-7.068068,-4.4709883,-4.4709883,-4.8993464,-0.009109678,-5.37386,-1.2877843,0.2029889,-0.26450342,-0.4024977,-0.40249792,-0.5150922,-0.09453111,-0.20586777,-1.4041802
c1ccc(cc1)CBr,-2.38,-2.0687594,-4.280475,-4.251084,-4.2510834,-4.2218976,-4.4983554,-4.3782845,-4.84651,-2.493411,-4.098796,-4.5812535,-4.581253,-4.5822763,-4.602242,-4.577409,-3.9942207,-2.2663293,-4.142375,-4.8593173,-4.8593173,-4.8686767,-4.9761534,-4.7833757,-2.6679568,-2.8285105,-3.3174,-2.4015486,-2.4015472,-2.3631287,-3.1908243,-2.2231543,-3.5925643,-0.86345756,-2.736716,-2.673968,-2.673968,-1.5044311,-1.8024682,-2.6927233,-2.1238856,-3.1709564,-3.7488372,-4.364371,-4.364371,-4.321183,-4.5265994,-4.266185,-4.0955424,-1.0048721,-0.8139626,-1.5132766,-1.5132762,-1.4130967,-1.2324347,-1.514496,-1.1682981,-2.019926,-3.90606,-0.0068942513,-0.0068948,-0.1500652,-2.7670808,-0.19427603,-0.8634292,-1.4930891,-1.4398458,-1.3940138,-1.3940139,-1.3375998,-1.299559,-1.3640668,-1.5880207
CCCCCN,-4.09,-2.4732494,-2.865608,-2.5027478,-2.5027478,-2.5357366,-2.4235773,-2.5994766,-2.224865,-2.0903792,-3.8272696,-4.2575793,-4.25758,-4.258293,-4.026085,-4.257956,-2.6646016,-3.74613,-4.575388,-3.2245064,-3.2245064,-3.2258368,-3.604444,-3.5031118,-4.8921022,-3.6112854,-2.8564029,-2.6329002,-2.6328983,-2.1847253,-2.6676135,-1.9682919,-3.8540835,-1.720451,-3.298466,-2.8120897,-2.81209,-1.4514017,-1.7461187,-3.304327,-2.2186396,-3.8013515,-4.0182567,-4.4085007,-4.4085007,-4.402211,-4.4322906,-4.3910136,-3.7633312,-4.5109787,-3.9008632,-4.7553434,-4.7553434,-4.62775,-3.9550364,-4.712578,-4.3745937,-4.1188707,-4.286185,-2.5262892,-2.5262895,-2.4518275,-2.014022,-2.4556515,-2.3349037,-3.9951653,-4.094342,-4.100475,-4.100475,-4.0885243,-4.038258,-4.0882587,-3.9468486
c1(=O)[nH]c(=O)[nH]c(=O)[nH]1,-18.06,-11.138998,-6.1630316,-5.2496634,-5.2496634,-5.382159,-4.990875,-5.4915833,-4.9985323,-18.585178,-4.5032673,-5.436042,-5.4360423,-5.43574,-7.714556,-5.4284043,-13.108969,-17.899296,-4.599341,-15.780876,-15.780878,-16.018267,-17.65395,-16.533636,-16.19359,-19.271605,-19.292763,-18.6691,-18.669094,-18.5424,-18.99202,-18.032703,-17.03842,-17.469336,-6.874442,-6.854213,-6.8542137,-7.906461,-7.7329974,-6.791772,-7.927068,-4.7698526,-3.6167195,-4.3205166,-4.3205166,-4.2979636,-4.4984007,-4.3811507,-6.258949,-19.726488,-10.253532,-17.543364,-17.543362,-17.131369,-17.77854,-17.37391,-16.057299,-18.83776,-4.214689,-8.85253,-8.85253,-8.872306,-17.929459,-9.018784,-11.035992,-18.007229,-18.239988,-18.012486,-18.012486,-18.06752,-18.046377,-18.18254,-18.192226
c1cc(cnc1)Cl,-4.01,-3.9365394,-5.1919956,-5.4199185,-5.419919,-5.4129267,-5.6905727,-5.4713783,-6.168794,-4.1492906,-3.6196408,-4.1652308,-4.1652303,-4.16478,-4.253574,-4.1580567,-3.567092,-4.697669,-3.1487746,-3.1990314,-3.1990314,-3.2103589,-3.289643,-3.2507446,-2.8282952,-4.0534754,-5.257837,-4.2402077,-4.2402053,-4.206516,-4.650941,-3.9305658,-5.786104,-3.3052413,-5.5020027,-6.5282197,-6.528221,-5.870369,-6.56059,-5.503761,-6.8033943,-6.2655954,-3.6757212,-4.2209044,-4.2209044,-4.20523,-4.4106474,-4.4243565,-5.591266,-5.207538,-3.9759579,-4.9197907,-4.9197907,-5.0207915,-4.4842324,-5.0113935,-4.72816,-5.4860396,-3.4127789,-4.177417,-4.1774173,-4.186069,-3.652208,-4.2498546,-4.954306,-3.9054573,-4.3966575,-4.3422103,-4.34221,-4.3365417,-4.35087,-4.233379,-4.086745
c1ccc2c(c1)Oc3ccccc3O2,-3.15,-3.0507004,-5.688446,-5.841474,-5.8414736,-5.8307595,-6.006974,-5.8947754,-7.2731247,-4.546302,-4.747682,-5.2343936,-5.2343936,-5.241031,-4.783714,-5.258283,-4.464652,-3.0992782,-4.980438,-5.6266265,-5.626626,-5.657861,-6.233226,-5.5466504,-4.3279157,-3.3567772,-4.1366076,-3.7823634,-3.7823596,-3.7464466,-4.2495995,-3.5129228,-4.469895,-2.93803,-1.3992308,-4.181632,-4.181633,-3.5489175,-3.5912228,-2.1709278,-4.185461,-4.0966697,-4.923741,-5.6549554,-5.654956,-5.649617,-5.6552577,-5.5314746,-4.5163207,-4.9961357,-6.0315886,-5.322774,-5.322773,-5.3590403,-3.5323617,-5.3825226,-5.029089,-4.474596,-4.099027,-5.6129107,-5.6129107,-5.5915213,-3.290976,-5.6632514,-5.200978,-3.393396,-1.6546539,-2.1953826,-2.1953828,-2.1672149,-2.3123844,-1.8584496,-1.1626703
C1CCC(=O)CC1,-4.91,-3.205648,-3.5575516,-3.396408,-3.396408,-3.295285,-3.281397,-3.2285233,-3.2222521,-3.8782158,-3.595038,-4.305712,-4.305712,-4.30542,-4.6198945,-4.2983727,-2.720469,-4.4465947,-4.382695,-1.7374237,-1.7374239,-1.7677163,-1.9177358,-1.9845115,-1.5997488,-4.6325717,-4.3799634,-4.17338,-4.1733775,-4.0240483,-4.223255,-3.487536,-5.6863465,-3.8476386,-3.2534301,-5.2043824,-5.204383,-3.8288782,-4.743159,-3.7541337,-4.2626214,-2.106442,-3.4210975,-4.121304,-4.1213036,-4.0799165,-4.215597,-4.067258,-4.148326,-3.8430352,-3.4828832,-3.9113517,-3.9113522,-3.9263184,-3.2076256,-3.9379573,-3.5207388,-5.216357,-4.101674,-2.206831,-2.2068315,-2.3442862,-5.11429,-2.463525,-2.2781253,-3.239966,-2.3138266,-2.309983,-2.309983,-2.3070683,-2.4116182,-2.3922384,-2.417031
c1ccnc(c1)Cl,-4.39,-3.8657486,-5.195401,-5.4248743,-5.4248743,-5.4176674,-5.6957464,-5.4746084,-6.172568,-3.4693685,-3.655447,-4.2042484,-4.2042484,-4.2038126,-4.345682,-4.196972,-3.812878,-4.047265,-3.1161804,-3.0742826,-3.0742826,-3.084031,-3.1559017,-3.1031837,-2.5950632,-3.4198189,-4.9115176,-3.9980981,-3.998094,-3.931347,-4.402786,-3.70943,-5.3778925,-3.6625237,-5.4902134,-6.576219,-6.5762186,-5.9121394,-6.633252,-5.5222545,-7.0485635,-5.881291,-3.760238,-4.093918,-4.0939174,-4.113729,-4.175616,-4.2972355,-5.445748,-5.08619,-4.3345037,-5.0628467,-5.062847,-5.184904,-4.3451457,-5.098188,-4.9732676,-4.6781607,-3.4902918,-4.262808,-4.262808,-4.282906,-2.967891,-4.354563,-4.64024,-4.3721848,-4.430339,-4.4075665,-4.407567,-4.368079,-4.442319,-4.444648,-4.1629906
C[C@@H](CCO[N+](=O)[O-])O[N+](=O)[O-],-4.29,-4.1364307,-3.9157648,-4.0048385,-4.004838,-4.167116,-4.443572,-3.6315804,-5.585676,-4.33388,-4.784051,-5.165028,-5.1650276,-5.165105,-5.732267,-5.1489587,-7.008499,-4.247132,-4.6901217,-5.5950093,-5.59501,-5.464545,-5.7028437,-5.3717527,-5.6330357,-4.5481133,-7.4748793,-7.1824026,-7.1824007,-7.2209134,-7.366559,-6.571209,-8.008684,-6.7512865,-4.646357,-5.790176,-5.7901773,-3.884619,-5.6078057,-4.85715,-5.499119,-4.656478,-4.5577703,-4.755264,-4.7552633,-4.6890907,-4.2684846,-5.004616,-4.241422,-4.8975067,-6.9659305,-5.5956793,-5.59568,-4.691263,-3.1036232,-4.703009,-4.7813296,-4.049544,-7.223085,-5.847678,-5.847678,-6.2899795,-4.1881604,-6.902147,-4.544782,-4.3935866,-4.337974,-4.363381,-4.3633814,-4.296906,-4.3329506,-4.2556844,-4.3212023
CC(C)CCOC(=O)C,-2.21,-3.4889836,-3.812494,-3.8096168,-3.8096168,-3.7672422,-3.8303275,-3.9228024,-4.1814466,-2.623492,-4.195854,-4.652536,-4.6525354,-4.65456,-4.091534,-4.660585,-2.7370422,-2.8473155,-4.6580443,-2.5491333,-2.5491328,-2.5445263,-3.007706,-2.5729225,-2.9782953,-2.3086739,-4.480891,-3.1977136,-3.1977124,-3.3403168,-4.1072083,-2.887995,-4.6685557,-3.955789,-3.9671814,-4.2761664,-4.276167,-3.0328374,-4.037011,-3.9589007,-3.6565573,-4.608932,-4.710743,-4.2916107,-4.2916107,-4.390845,-4.0408015,-4.2444334,-3.82634,-4.551941,-5.3934646,-5.1564713,-5.156471,-5.158,-3.8896646,-5.038721,-4.530488,-2.9347434,-5.1265244,-3.2813957,-3.2813962,-3.4947298,-2.4443407,-3.808216,-3.3820548,-2.231203,-2.4011655,-2.3737824,-2.3737824,-2.4879603,-2.3986719,-2.5934415,-2.1281362
Cc1ccccc1Cl,-1.14,-3.9474804,-5.518564,-5.653867,-5.653867,-5.6677475,-5.751735,-5.667012,-5.9826255,-3.0366077,-4.1055565,-4.716488,-4.7164874,-4.717352,-4.9245343,-4.7119875,-4.025632,-1.3041255,-3.7744453,-2.8071504,-2.8071504,-2.8204134,-3.0840735,-2.88901,-2.1165998,-1.3379443,-3.4339974,-2.863269,-2.863265,-2.7153609,-3.298117,-2.6059597,-4.5915475,-3.3883297,-6.2940707,-6.59392,-6.5939207,-5.033825,-5.5427904,-6.3031077,-6.7578607,-4.424924,-3.6936538,-4.3154063,-4.315407,-4.280156,-4.41398,-4.157174,-4.4068146,-0.6501007,-0.3058854,-0.37071094,-0.3707109,-0.28606832,-0.1872819,-0.33226797,-0.012228931,-2.4373097,-4.378238,-3.4292471,-3.4292474,-3.5893703,-3.8432693,-3.708956,-4.0342345,-0.6549048,-1.3848361,-1.5193317,-1.5193317,-1.5696065,-1.5172657,-1.491383,-1.3514572
COC=O,-2.78,-1.2803524,-3.7249286,-3.6527305,-3.6527305,-3.6054046,-3.9048052,-3.6114056,-4.135417,-4.342486,-3.095162,-3.4526618,-3.4526622,-3.4518526,-3.9154131,-3.4465008,-6.8786335,-2.40138,-2.9447963,-3.8555586,-3.8555589,-3.863683,-3.8124554,-3.9238038,-2.4979444,-4.0135584,-4.6091075,-3.7179918,-3.7179902,-3.7014499,-4.0789948,-3.2656116,-5.964973,-2.7599964,-3.3025653,-3.6713648,-3.6713638,-2.928559,-3.3235552,-3.4092233,-3.1603847,-5.008002,-3.0616143,-3.0475492,-3.0475495,-3.033988,-3.1894224,-3.1752279,-3.1336539,-5.8925724,-8.515932,-8.905467,-8.905469,-8.774893,-6.8755302,-8.793684,-7.3510427,-4.59733,-4.147244,-4.441514,-4.441514,-4.5407677,-2.6617799,-4.681353,-4.158889,-3.239966,-2.3138266,-2.309983,-2.309983,-2.3070683,-2.4116182,-2.3922384,-2.417031
CCC(C)(C)O,-4.43,-4.0315447,-2.863078,-3.025618,-3.025618,-2.8162553,-3.5156937,-2.6818776,-3.8746808,-4.934163,-3.7321315,-4.415386,-4.415386,-4.415453,-4.7348285,-4.4088607,-2.929931,-4.3465443,-4.206809,-2.7912843,-2.7912846,-2.793386,-3.2586882,-2.8174684,-3.5382645,-4.0149517,-4.5535073,-3.361669,-3.361667,-3.4859066,-4.212742,-2.6602361,-3.9796557,-3.8597188,-2.8568995,-3.0873828,-3.0873826,-3.2339485,-3.2987704,-2.7189732,-5.0462484,-1.5544529,-3.3107607,-3.7263465,-3.7263465,-3.6852121,-3.7856448,-3.6628993,-3.0432265,-4.3574696,-4.112144,-4.097451,-4.097451,-4.053918,-3.0631597,-4.1046042,-3.6398082,-5.1805916,-4.370985,-3.3581321,-3.3581321,-3.4659035,-4.1164865,-3.7393732,-2.9518688,-4.4515657,-4.223174,-4.2433457,-4.243346,-4.182848,-4.2770953,-4.3429427,-4.134282
CCC=O,-3.43,-2.48424,-2.3029711,-1.8778794,-1.8778794,-1.8599297,-1.998384,-1.8796828,-2.2403557,-3.239407,-2.9084866,-3.3504345,-3.3504348,-3.3495336,-3.543838,-3.3439782,-3.7442698,-3.9210675,-3.1129649,-2.9307086,-2.9307086,-2.930988,-2.9056954,-3.0173802,-1.9320571,-3.040908,-3.8385537,-3.1812027,-3.1812,-3.0450451,-3.1689327,-2.6118455,-4.815863,-3.9525344,-3.077244,-3.6931994,-3.6931992,-2.7748168,-4.185194,-3.3826156,-3.5017154,-3.7353554,-2.9387152,-2.8955925,-2.8955925,-2.8773704,-3.0123456,-2.906346,-2.3516467,-4.5586977,-3.8742416,-4.4428473,-4.442847,-4.4353266,-3.8987143,-4.41875,-3.595403,-4.61255,-3.919327,-3.9187799,-3.91878,-3.9488363,-4.811821,-4.0801225,-4.3281155,-3.230206,-3.1535494,-3.214853,-3.2148528,-3.2071276,-3.186291,-3.169082,-3.087098
NN,-9.3,-8.663191,-1.7212731,-1.736876,-1.7368759,-1.7626128,-2.675096,-1.7968802,-3.9068475,-9.433809,-2.1748679,-2.0761502,-2.07615,-2.075666,-2.1357265,-2.0746605,-3.4274015,-9.585062,-3.5519426,-7.177624,-7.1776247,-7.2164135,-7.7775745,-7.3444033,-8.3625145,-8.304087,-8.512263,-7.455515,-7.455513,-7.3093467,-7.2168326,-6.618781,-8.746012,-6.950029,-0.63094926,-2.4250383,-2.425038,-3.6220946,-3.7318778,-1.2984918,-5.881231,-3.172636,-2.4797173,-2.0565174,-2.0565171,-2.0564191,-2.1836953,-2.0205684,-2.5848706,-9.576611,-8.84604,-10.781058,-10.78106,-10.65175,-8.207413,-11.065983,-8.77064,-9.730461,-3.6787004,-5.435776,-5.4357767,-5.4455876,-8.604453,-5.545321,-4.7705274,-9.370468,-9.457962,-9.431649,-9.431648,-9.449266,-9.6238985,-9.43107,-9.222892
c1cc(c(cc1c2cc(c(c(c2Cl)Cl)Cl)Cl)Cl)Cl,-3.04,-4.617437,-6.1636477,-5.2488027,-5.2488027,-5.2646112,-5.172407,-5.3416605,-4.6869307,-4.1873264,-5.3231764,-5.6044674,-5.604467,-5.6117773,-4.386086,-5.617865,-2.463221,-3.096613,-4.4030848,-2.3694718,-2.3694713,-2.351515,-2.7627985,-2.330885,-3.1610153,-2.9630277,-3.5467443,-3.4458451,-3.4458451,-3.4652953,-3.6347172,-3.1818235,-3.6761274,-3.7135825,-5.440903,-6.1969485,-6.196949,-4.6869597,-6.0933676,-5.32855,-3.7138336,-3.4004219,-5.2910924,-5.715963,-5.7159634,-5.794372,-5.256817,-5.4840603,-2.9641328,-4.356242,-5.0296464,-4.0155067,-4.015506,-3.9864807,-3.7147424,-4.112243,-4.409227,-3.4096096,-6.4129114,-1.7660037,-1.7660048,-1.9913566,-3.9233236,-2.2068424,-2.7259605,-3.043802,-3.0509853,-3.1045606,-3.1045606,-3.06417,-3.1062415,-3.0880482,-3.0405686
Cc1ccccc1C=O,-3.93,-5.186213,-5.6967793,-5.720485,-5.720485,-5.754241,-5.773572,-5.772586,-5.948281,-4.423801,-4.3184357,-4.9053884,-4.905389,-4.9070864,-5.385696,-4.9034576,-4.887907,-3.7187672,-4.3165293,-4.1432977,-4.143298,-4.15351,-4.578697,-4.2309504,-3.1556869,-3.9256177,-6.5871344,-5.899925,-5.8999233,-5.861842,-5.884113,-5.520647,-7.6920233,-5.0311017,-7.246346,-7.73609,-7.73609,-6.912248,-7.393825,-7.273956,-7.7703185,-4.607657,-3.7212157,-4.489322,-4.489322,-4.439878,-4.6322412,-4.331378,-4.555621,-5.413877,-4.170259,-5.214242,-5.214243,-5.340109,-4.5305033,-5.3367486,-4.9354315,-5.115102,-4.7525077,-4.860998,-4.8609986,-5.0998664,-5.3524876,-5.320227,-5.9592023,-4.076464,-3.938781,-3.9954937,-3.9954937,-3.8444428,-3.9209354,-3.7398863,-4.0868874
CCCCC[N+](=O)[O-],-2.82,-2.300202,-2.9304667,-2.6657906,-2.6657903,-2.6590703,-2.6188328,-2.4170613,-2.7058847,-5.4603915,-4.1005573,-4.5944185,-4.5944185,-4.582245,-4.673779,-4.558428,-3.9809966,-2.9670253,-4.183893,-2.1632433,-2.1632428,-2.1746428,-2.5669634,-2.1266255,-2.4395206,-3.3211093,-3.9050229,-3.3164904,-3.3164878,-3.3427637,-3.6618226,-2.8581543,-4.5743895,-4.213316,-3.3628526,-3.7327063,-3.7327065,-3.7989252,-5.111204,-3.265667,-3.1328392,-2.246509,-4.2400875,-4.3080244,-4.308024,-4.366708,-3.8591585,-4.323334,-2.7943676,-4.994832,-4.4084716,-4.707294,-4.707294,-3.7325559,-2.3921552,-4.307817,-4.447548,-3.4067104,-5.167179,-4.497419,-4.4974184,-4.5816646,-2.3025765,-4.803866,-5.509806,-2.7386985,-2.8085458,-2.8177035,-2.8177037,-2.8790827,-2.8481352,-2.7374575,-2.6850624
CC(C)SC(C)C,-1.21,-1.9430927,-3.7495587,-4.057133,-4.0571327,-4.0290446,-4.6859875,-4.06009,-4.473364,0.37996724,-3.9663055,-4.3436775,-4.3436775,-4.3434334,-3.8193073,-4.3427367,-2.318261,-0.8816287,-4.0278244,-0.45342165,-0.45342168,-0.46547714,-0.49741003,-0.40991157,-0.38006547,-0.7199791,1.3980348,1.6528584,1.6528594,1.8032833,0.39125723,1.6874855,-0.4980572,-4.009437,-1.8872099,-4.425815,-4.4258156,-3.3853817,-4.1835823,-3.4889648,-3.8473809,-1.3080457,-3.8145554,-4.5126023,-4.512603,-4.456439,-4.5782604,-4.4361696,-3.9256585,-0.503431,-1.558849,-1.9728694,-1.9728689,-1.904529,-1.5551136,-1.8509946,-1.4497283,-1.0510666,-4.0375323,-1.0159752,-1.0159752,-1.0734682,1.5446517,-1.1706725,-1.2213031,-0.5491376,0.018868433,0.013609871,0.013609828,-0.0004967619,0.08002604,0.114723414,0.42508432
CCc1cccnc1,-4.59,-3.2767792,-3.8590372,-4.043456,-4.043456,-3.9260614,-4.208608,-3.8856792,-4.3624964,-3.4699636,-3.9838195,-4.4330587,-4.4330587,-4.4354954,-4.369178,-4.4357224,-3.708884,-3.676522,-3.980097,-2.809803,-2.8098028,-2.816017,-3.1614954,-2.9057813,-2.591264,-3.48423,-3.2405405,-2.4290197,-2.4290156,-2.333167,-3.1055217,-2.2518086,-3.8034258,-4.2770677,-3.9288676,-4.7447047,-4.7447042,-3.8147473,-4.5079613,-3.9779253,-4.221354,-3.118923,-3.8598754,-4.31634,-4.31634,-4.285484,-4.4499583,-4.2746706,-4.272134,-4.6055465,-3.6238253,-4.6245117,-4.6245117,-4.7246428,-3.8116076,-4.7077684,-4.1471024,-4.6348505,-4.4891353,-3.0283415,-3.0283425,-3.2526615,-2.5746996,-3.4731252,-2.6714737,-4.561241,-4.432335,-4.207011,-4.207011,-4.174688,-4.2151475,-3.87695,-4.8042536
COC(CC#N)(OC)OC,-6.4,-5.677817,-2.0047133,-2.189081,-2.1890805,-1.8753734,-2.367439,-1.7082162,-2.980235,-6.916127,-4.295561,-4.6927285,-4.6927285,-4.696749,-4.753797,-4.7007623,-5.739854,-6.259404,-5.714303,-8.757244,-8.757243,-8.842128,-8.248965,-9.422844,-8.220369,-6.1189966,-7.1444287,-6.9267693,-6.926767,-7.0655766,-7.2228603,-6.7824097,-7.391605,-6.570632,-2.884648,-2.7379725,-2.7379725,-3.3281448,-2.9021657,-2.5959663,-2.8841228,-4.062773,-3.635637,-4.4897943,-4.4897947,-4.4148746,-4.691,-4.4158077,-3.2305777,-6.8366456,-7.3147426,-7.517397,-7.5173974,-7.503662,-5.412531,-7.5110254,-7.13649,-6.4727125,-5.331181,-6.45887,-6.4588714,-6.728433,-5.6700845,-6.982041,-6.7694173,-6.5825815,-6.359114,-6.3990846,-6.399084,-6.3874216,-6.320702,-6.246449,-6.3945203
CN(C)C(=O)c1ccccc1,-9.29,-7.1755476,-3.9754088,-4.3077073,-4.307708,-4.1776237,-4.4756436,-4.155389,-5.221342,-7.3755736,-4.401949,-4.8818083,-4.8818083,-4.8876233,-4.6413856,-4.9027376,-5.2467256,-8.501343,-5.0817957,-5.0250926,-5.025092,-5.0346093,-5.5218325,-5.323987,-6.791216,-8.388783,-7.6531744,-6.2564964,-6.256493,-6.322378,-6.5733356,-6.1363306,-9.426989,-9.167897,-4.226816,-5.2398543,-5.2398553,-5.2881007,-5.869853,-4.2593246,-5.2974277,-4.8358574,-4.3694572,-4.380642,-4.380642,-4.41191,-4.3637643,-4.49797,-4.3718123,-7.399347,-5.868284,-6.462056,-6.462056,-6.5953827,-5.139152,-6.5696535,-5.925796,-8.71745,-5.3563538,-5.7796497,-5.7796507,-5.984221,-6.579974,-6.2061906,-5.0400977,-9.23302,-8.063317,-8.437291,-8.437291,-8.445531,-8.418231,-8.664011,-9.060535
C(Cl)(Cl)Cl,-1.08,-0.23669747,-2.9118183,-1.9188343,-1.9188344,-1.9462194,-1.1491101,-2.0686848,-1.1307379,-1.4570818,-1.9729491,-1.0320104,-1.0320106,-1.0312455,-0.43859679,-1.0320104,1.7366215,-1.2042353,-1.6346899,-0.9412336,-0.9412335,-0.9341777,-0.673884,-0.9739331,-0.78503436,-0.70381093,-3.8303015,-2.2920012,-2.2919984,-2.190528,-2.7430422,-1.8949157,-3.21845,-1.2740908,-3.2380803,-2.6405706,-2.6405702,-1.5919193,-1.6207074,-3.1610188,-3.0587077,-0.53305304,-2.6531365,-2.3665888,-2.366589,-2.3505833,-2.465194,-2.3298113,-1.3975046,-1.2093127,-0.450063,-1.3117104,-1.3117096,-1.2711251,-1.2631284,-1.2604064,-0.80112416,-0.31047827,-2.127988,-0.09691874,-0.09691875,-0.107002996,-0.8939921,-0.10259612,0.8444852,-0.2083737,-0.68916047,-0.6370879,-0.6370879,-0.6425014,-0.4404379,-0.60141647,-1.9027874
C[C@@H](c1ccc2cc(ccc2c1)OC)C(=O)O,-10.21,-10.74443,-4.768486,-4.7840223,-4.7840223,-4.7448335,-4.7659736,-4.9515057,-7.518895,-10.404297,-6.2607603,-6.49888,-6.4988785,-6.5034094,-7.1918163,-6.504141,-9.992405,-10.10956,-7.2811546,-9.236141,-9.236141,-9.124912,-9.619476,-9.058716,-10.389229,-9.19351,-9.110958,-9.224478,-9.224474,-9.447281,-9.929525,-9.028729,-10.469527,-11.717588,-5.0454707,-6.0956273,-6.095628,-6.420568,-7.2869244,-5.016198,-8.474409,-7.4032593,-5.6245236,-5.878669,-5.8786683,-5.985368,-5.662051,-6.282084,-7.582612,-9.447772,-6.491969,-8.424651,-8.42465,-8.817226,-9.343444,-8.82648,-7.775355,-10.35895,-6.5178375,-8.995923,-8.995924,-9.182251,-9.17312,-9.491657,-9.560022,-10.799426,-10.309906,-10.279877,-10.279876,-10.146057,-10.23337,-10.176701,-10.313968
CCCC(=C)C,1.47,-1.8468683,-3.1544318,-3.1232781,-3.1232781,-3.0335748,-3.317518,-2.6560605,-3.3829472,1.4188433,-3.7765088,-4.243048,-4.2430477,-4.2411604,-3.981663,-4.2347584,-2.6754138,1.0918769,-4.053861,-2.6949286,-2.6949286,-2.7169898,-2.9989607,-2.787553,-1.5939958,1.4545887,-0.765842,0.10232387,0.10232623,0.21738377,-1.0982598,0.21566418,-1.5253432,-0.9737709,-3.5302436,-3.8995826,-3.899583,-2.844858,-3.5614095,-3.440209,-3.6233222,-3.635194,-3.7152572,-4.3567886,-4.3567886,-4.3149824,-4.4533987,-4.2304397,-4.4915805,0.5219814,-0.11189061,-0.08675081,-0.08675041,-0.0021603825,0.32985675,-0.046288446,-0.30536658,0.22168963,-4.1320224,-1.9439371,-1.9439373,-2.0874975,0.67116636,-2.2277172,-1.9414539,1.3960488,1.7144722,1.7256496,1.7256495,1.5353084,1.7721225,1.7233137,0.9900714
Cc1ccc(cc1)Br,-1.39,-1.2858741,-4.4485555,-4.140631,-4.1406317,-4.188639,-4.28137,-4.4615927,-4.5980425,-2.7404244,-4.1094966,-4.6667223,-4.6667223,-4.667903,-4.614222,-4.6631927,-3.6200004,-1.6703918,-3.9400306,-2.9074984,-2.9074988,-2.912823,-3.0434208,-3.0197282,-2.865388,-1.2842566,-2.5736904,-2.1210926,-2.1210892,-2.0162897,-3.0913672,-1.9409659,-3.9347496,-1.2328918,-2.5373108,-2.446715,-2.4467158,-1.5906411,-1.8002926,-2.7325459,-1.3883344,-2.6082,-4.1111703,-3.8101845,-3.8101845,-3.9068038,-3.3745992,-3.7119687,-2.7774646,-0.759138,-0.3525253,0.06460183,0.06460251,0.125378,0.19939563,0.13976227,-0.13975215,-2.6066358,-4.2328057,-2.7162237,-2.7162244,-2.8987195,-4.005729,-2.9776871,-3.2892249,-1.2795664,-1.4071132,-1.4146931,-1.4146931,-1.395797,-1.357712,-1.5097829,-1.5772499
CCCCCCCO,-4.21,-1.5569426,-3.296457,-3.0706758,-3.0706758,-3.1056972,-2.975479,-3.207594,-2.8910282,-2.1502006,-4.115526,-4.4994025,-4.499402,-4.498961,-3.9910598,-4.5004535,-2.6469634,-4.1925535,-5.098981,-2.6011028,-2.6011024,-2.5915563,-2.9207098,-2.8357146,-2.9557073,-3.1154335,-2.8944995,-2.1131587,-2.1131563,-2.1114354,-2.3755727,-1.8653575,-3.4315224,-2.3611941,-3.5362797,-3.2639565,-3.2639565,-1.7714238,-2.6149626,-3.4430442,-2.5623066,-3.8951035,-4.708072,-4.8442464,-4.844247,-4.7723355,-4.6883764,-5.1637897,-3.5175848,-4.396266,-4.2780495,-5.033806,-5.033806,-4.6812963,-4.0287223,-4.7063065,-4.983319,-3.6012764,-4.94934,-2.8617399,-2.8617394,-2.8774161,-3.4357843,-3.054898,-2.4444957,-4.171768,-4.227949,-4.283378,-4.283378,-4.2344055,-4.105753,-4.1834807,-4.1838226
CCSSCC,-1.64,-3.0066614,-3.718246,-3.9150188,-3.9150193,-3.8538592,-4.318685,-3.8749266,-4.093102,-1.9330276,-3.803512,-4.064081,-4.0640807,-4.058642,-3.402378,-4.049019,-3.4129887,-3.5194716,-3.5990877,-0.8667221,-0.8667221,-0.8617336,-0.7564053,-0.91947913,-1.6193159,-1.4311178,0.62766844,0.19728884,0.19729112,0.2596576,-0.46926516,0.22746184,-1.4964459,-2.9068446,-2.9155004,-4.0173984,-4.017399,-1.7983899,-1.9086138,-3.330421,-4.014195,-2.5459895,-4.15955,-4.3867407,-4.3867407,-4.3344736,-4.2952843,-4.473637,-2.111961,0.54572517,-0.5259983,0.35947114,0.35947162,0.08789329,0.79866,0.64137775,-0.022909489,-2.4976726,-4.1691337,-1.3883244,-1.3883249,-1.5309347,-0.5348925,-1.5700324,-1.5237377,1.4981811,-0.27372822,-0.019358553,-0.019358492,0.045934636,0.0023563756,-0.44793406,-0.5083494
CC/C=C\C,1.31,-1.7422373,-3.1075041,-3.043232,-3.043232,-2.8897326,-3.1783986,-2.8169477,-3.171929,0.9489032,-3.4338493,-3.7691455,-3.7691455,-3.7705035,-3.4327154,-3.7687013,-2.958698,1.2232744,-3.7660065,-1.7717396,-1.7717396,-1.7795504,-1.8531866,-1.9507198,-2.8389044,1.5473669,-0.31148815,-0.098260246,-0.09825753,0.009238989,-1.1474749,-0.0341787,-1.8492213,-1.3578756,-3.3820207,-3.7716546,-3.7716546,-2.6481164,-3.1845253,-3.3316298,-3.6591122,-4.383558,-3.530027,-4.1446557,-4.144656,-4.1035666,-4.225526,-4.171754,-4.7283216,0.8856332,0.504779,0.6456587,0.6456587,0.7156045,0.9779789,0.639602,0.0235293,0.11830666,-4.0052733,-1.630258,-1.6302578,-1.8054554,0.77350086,-1.9623221,-1.4672396,-0.32697493,0.12714007,-0.20926516,-0.20926528,-0.2677348,-0.19360824,-0.2238279,0.8314733
CSc1ccccc1,-2.73,-4.057554,-4.1238117,-4.4113173,-4.4113173,-4.2945414,-4.6977696,-4.277794,-4.801265,-1.7656574,-4.0542097,-4.4349875,-4.4349875,-4.4378204,-4.180886,-4.4394107,-4.0189943,-2.7845702,-3.7725654,-2.5476887,-2.5476887,-2.5668657,-2.8433595,-2.6497412,-1.8873236,-1.5801294,-2.2947624,-2.0345967,-2.0345945,-1.8809423,-2.8219178,-1.8596929,-3.591631,-1.481281,-2.5869296,-3.5195243,-3.5195248,-2.6136878,-3.0593352,-2.834167,-3.1433232,-4.5905085,-3.9369676,-4.560228,-4.5602283,-4.5214877,-4.694626,-4.5214396,-4.9986115,-1.44993,-1.3527267,-2.1301012,-2.130101,-2.074118,-1.8769536,-2.2178597,-1.392154,-2.2413473,-4.3372626,-1.680323,-1.680323,-1.9094934,-0.049217343,-2.0824375,-2.0082443,-2.6512845,-2.7200198,-2.4728527,-2.4728527,-2.53244,-2.86143,-3.0864382,-0.7141487
c1ccc(cc1)Oc2ccccc2,-2.87,-5.651821,-4.194682,-4.353632,-4.3536315,-4.2925754,-4.405062,-4.442152,-5.3641324,-3.77168,-4.627056,-5.098203,-5.098202,-5.104192,-4.378926,-5.1225815,-4.059992,-2.940375,-4.9141903,-3.578856,-3.5788555,-3.5542743,-4.233679,-3.3394995,-2.4032474,-2.9638903,-4.378762,-4.292658,-4.292655,-4.19325,-4.711584,-4.3102207,-4.8778763,-2.5999258,-2.0653784,-3.6002734,-3.6002727,-2.2462194,-2.3097823,-2.5861652,-2.1609306,-3.8470592,-4.9545856,-5.6795154,-5.679515,-5.6755695,-5.6532297,-5.579087,-4.2436376,-2.9648173,-4.4979715,-3.6970372,-3.6970382,-3.7762227,-2.4141505,-3.8117568,-3.2378936,-3.3137188,-5.22817,-4.5142736,-4.5142736,-4.7638087,-3.3415797,-4.959293,-3.6918733,-2.7398655,-2.7781212,-2.8046558,-2.8046553,-2.7737732,-2.7444327,-2.7712424,-2.637524
c1c2c(cc(c1Cl)Cl)Oc3c(c(c(c(c3Cl)Cl)Cl)Cl)O2,-3.71,-4.377875,-7.7112803,-4.390768,-4.3907676,-4.5146646,-3.99962,-4.5879955,-1.2996789,-3.8298347,-5.503545,-5.781173,-5.7811728,-5.787296,-4.2665706,-5.7846403,-1.5238471,-3.6972008,-4.4479923,-2.47491,-2.47491,-2.4585998,-3.2929962,-2.4640582,-3.269488,-3.5661235,-3.7689295,-3.8289683,-3.8289685,-3.8221211,-3.631694,-3.44415,-3.1924944,-3.3730998,-5.1153464,-4.511239,-4.511239,-2.7637787,-2.6113343,-4.5133805,-3.2640553,-3.2186646,-5.405368,-5.913462,-5.913462,-5.9615483,-5.714122,-6.036666,-2.0650592,-5.2742143,-6.8560276,-6.635581,-6.635582,-6.6815853,-4.377764,-6.8641396,-6.1476755,-3.801562,-5.1875315,-3.5348933,-3.5348938,-3.646901,-3.8848433,-3.824937,-3.028102,-3.9118114,-3.8915274,-3.9428265,-3.9428265,-3.8889349,-3.9545968,-3.9357378,-3.9098794
CCOP(=S)(OCC)Oc1ccc(cc1)[N+](=O)[O-],-6.74,-7.1917114,-5.2241664,-5.4897532,-5.4897532,-5.630539,-5.911528,-5.6243186,-8.562291,-6.483667,-6.8385596,-7.3323436,-7.332344,-7.3214006,-8.113652,-7.344588,-9.848002,-6.55374,-6.2688866,-8.174952,-8.174952,-7.876761,-8.846204,-7.8832693,-9.384009,-6.631251,-7.3987074,-6.9887123,-6.98871,-6.5775466,-6.930596,-6.4355,-8.707948,-6.654889,-6.7654066,-8.147654,-8.147655,-8.208138,-10.163795,-7.1470504,-7.380097,-6.4138174,-5.520985,-6.7845993,-6.7845993,-6.769136,-6.328736,-6.863311,-6.9780903,-6.999869,-8.108676,-9.0138445,-9.0138445,-9.128004,-7.0918746,-9.190001,-6.0523524,-6.42395,-7.0716157,-7.4686966,-7.4686975,-7.5284963,-7.7300563,-8.264996,-8.510514,-6.802844,-7.6311064,-6.5012317,-6.501232,-6.377618,-6.1487575,-6.36893,-9.947462
c1cc(c(cc1O)Cl)Cl,-7.29,-6.6156974,-6.0928106,-6.1892943,-6.1892943,-6.2102003,-6.37184,-6.220517,-6.861715,-7.219735,-4.4706197,-5.154546,-5.154546,-5.155061,-5.823884,-5.1483192,-6.4278393,-7.1599097,-3.7037385,-4.551728,-4.551728,-4.578748,-4.9330263,-4.583045,-6.473926,-5.800976,-7.75418,-5.8707504,-5.870749,-5.8995404,-6.357794,-5.4985976,-7.08343,-5.640128,-6.3692856,-7.70237,-7.7023706,-7.087827,-7.671794,-6.5839515,-9.512381,-6.037183,-4.183821,-4.8839574,-4.8839583,-4.9052935,-4.7267885,-4.6225853,-6.465666,-7.399653,-4.9251146,-5.9597726,-5.959773,-5.8789554,-4.7753663,-5.9460235,-5.105474,-7.657594,-4.080119,-6.5261116,-6.5261116,-6.563242,-5.9215975,-6.628403,-5.723729,-7.3663454,-7.2698135,-7.2794394,-7.2794394,-7.2204676,-7.2219796,-7.2889304,-7.226437
c1ccc(cc1)c2cc(ccc2Cl)Cl,-2.46,-4.113711,-5.3914437,-5.873009,-5.873009,-5.827553,-6.1577497,-5.766887,-7.589042,-2.6480222,-4.8444395,-5.2553735,-5.255374,-5.262126,-4.781837,-5.278108,-5.219854,-2.7665458,-4.803998,-3.0800173,-3.080017,-3.0890973,-3.8589585,-3.1204615,-3.382272,-2.53309,-4.4448533,-3.6982434,-3.6982408,-3.6263855,-4.611087,-3.692079,-4.9077263,-6.9312925,-5.3796177,-6.70746,-6.70746,-6.1991105,-7.1234055,-5.475375,-7.302534,-3.5650635,-4.760984,-5.5107584,-5.5107584,-5.503826,-5.4842234,-5.277504,-4.124692,-3.2840614,-1.4096448,-2.3374588,-2.337459,-2.330938,-2.3319638,-2.6218247,-1.0344813,-2.053357,-5.345603,-3.0485532,-3.048554,-3.3379834,-1.5856764,-3.5751584,-3.6615734,-2.333553,-2.3997421,-2.4335427,-2.433543,-2.4036503,-2.3644876,-2.4552267,-2.4496005
CCCOCCC,-1.16,-2.3458667,-3.0267608,-2.7870994,-2.7870994,-2.788024,-2.7702239,-2.8668551,-2.4688253,-1.6565685,-3.842244,-4.2043185,-4.204319,-4.206692,-3.5339746,-4.214618,-2.520586,-1.9471924,-4.6081734,-1.9129722,-1.9129725,-1.9067358,-2.1752188,-1.6895525,-1.659122,-1.1315072,-1.4184841,-1.3345873,-1.3345848,-1.3575393,-2.1851056,-1.3753401,-2.7357013,-1.0582823,-2.7541585,-2.471718,-2.4717183,-0.60072064,0.034616392,-2.5287104,-2.0288954,-3.9583564,-4.2448025,-4.950422,-4.9504213,-4.904768,-5.038068,-4.851272,-4.646876,-2.4687257,-4.1405106,-3.788291,-3.7882912,-3.6415217,-2.5198443,-3.6107848,-3.3607888,-0.44872317,-4.5277524,-2.062298,-2.0622983,-2.1552174,0.13520998,-2.0743992,-1.4649827,-1.10201,-1.1359307,-1.1806805,-1.1806804,-1.2075735,-1.1166459,-1.1902546,-1.5173157
CCCCCCCl,0.0,-2.0876892,-3.3238175,-3.0688653,-3.068865,-3.3748715,-2.8838432,-3.8472672,-2.8959587,0.18430373,-4.003944,-4.4259934,-4.4259934,-4.423044,-4.133187,-4.414492,-3.0264456,0.1924792,-4.0059347,-1.0368909,-1.0368907,-1.0433949,-1.3223686,-0.9554249,-0.8541465,0.51671827,0.22734873,0.15835825,0.15835848,0.43898073,-0.3362494,0.40896568,-1.5607527,-0.61342233,-3.4304948,-2.6815503,-2.6815503,-0.73813146,-1.15994,-3.3657396,-2.0017366,-3.487622,-4.3008423,-4.4245524,-4.424552,-4.4868627,-3.972962,-4.6456003,-2.7624273,-0.696943,-1.2486887,-0.4484545,-0.44845438,-0.51568526,0.2955621,-0.62172735,-0.67645055,0.39028516,-4.335399,-1.538667,-1.5386673,-1.5515246,1.19879,-1.4993904,-2.1654634,0.049434293,0.14401427,0.17635994,0.17635979,-0.13743548,0.016710486,-0.14890814,0.9569346
COC(OC)OC,-4.42,-2.3807957,-4.8466187,-4.374166,-4.374166,-4.458524,-4.1603017,-4.511798,-3.7109284,-2.6921396,-3.8969884,-4.267703,-4.267703,-4.27104,-4.0177217,-4.2737565,-4.6059384,-4.4281387,-5.1335087,-8.121687,-8.121687,-8.236991,-7.913329,-8.485546,-3.9934776,-4.015965,-7.0295005,-5.491664,-5.491661,-5.537503,-6.85264,-5.124794,-6.1573215,-5.3923044,-6.0107336,-5.3621993,-5.3621993,-3.8366263,-4.5160437,-6.0308743,-3.8407388,-5.7238326,-3.5844154,-4.25904,-4.25904,-4.2072425,-4.4542165,-4.1768284,-4.023682,-8.266487,-7.4200153,-8.21116,-8.21116,-8.127619,-6.438544,-8.180759,-7.8357363,-5.3531747,-4.1996374,-2.786931,-2.786931,-2.8714764,-3.5300891,-2.9846826,-3.3189812,-4.564262,-4.892294,-4.888284,-4.8882837,-4.910289,-4.998297,-4.6909447,-4.6022835
c1ccc2c(c1)Oc3cccc(c3O2)Cl,-3.52,-5.8081617,-6.398279,-6.4168653,-6.4168653,-6.4253864,-6.6204176,-6.4125338,-7.2988396,-3.8590248,-4.919318,-5.4148154,-5.4148154,-5.4218435,-4.9524417,-5.43944,-4.8108325,-3.5882,-4.953473,-4.9205747,-4.920575,-4.947657,-5.4897857,-4.8734016,-3.6740973,-3.2929673,-4.018559,-3.5661504,-3.5661495,-3.5149112,-4.0011463,-3.3525684,-4.1689944,-6.171684,-6.8704906,-7.546205,-7.5462046,-5.430371,-6.252347,-6.947017,-6.9783816,-4.15235,-4.929353,-5.682051,-5.6820517,-5.6752176,-5.692648,-5.553655,-4.539386,-4.78594,-6.2883983,-5.600052,-5.600053,-5.6175437,-3.5512125,-5.670512,-5.303972,-3.7282352,-4.3557553,-5.5699825,-5.5699825,-5.5781765,-2.9395695,-5.6362743,-5.042036,-3.4930692,-3.4901152,-3.5916865,-3.5916867,-3.5434244,-3.496637,-3.5271835,-3.4914122
c1cc(c(cc1Cl)c2cc(c(c(c2)Cl)Cl)Cl)Cl,-3.61,-4.3207006,-6.2371306,-6.007466,-6.0074663,-6.0026913,-6.2624507,-5.9726944,-5.7579975,-3.814062,-5.263015,-5.6714997,-5.6714997,-5.6794786,-4.7068667,-5.692287,-2.907381,-3.6200154,-4.4815664,-2.0610905,-2.06109,-2.0511901,-2.6230474,-2.068454,-2.147933,-3.1006982,-4.260726,-3.7575338,-3.7575321,-3.7675226,-4.1184487,-3.6199079,-4.397221,-4.758406,-5.4656653,-6.4808016,-6.4808016,-5.3962746,-6.7256517,-5.3436875,-3.6114926,-4.6907325,-4.9548383,-5.030262,-5.0302625,-5.099822,-4.8571553,-5.1224804,-4.9972024,-3.1282933,-3.505316,-2.8639205,-2.863921,-3.0405142,-2.5614471,-3.0771337,-2.9497688,-3.7276433,-6.180905,-1.7425973,-1.7425988,-2.0011592,-3.6734943,-2.280615,-3.1014838,-3.5281003,-3.5707936,-3.6884286,-3.6884282,-3.6318452,-3.6783133,-3.6682217,-3.5638986
Cc1cccc(c1)O,-5.49,-3.6497517,-5.4205422,-5.6240535,-5.624053,-5.627584,-5.738383,-5.6203184,-5.9219003,-5.657908,-4.1185875,-4.710674,-4.710674,-4.7122326,-4.922234,-4.708717,-3.9924521,-6.374626,-4.1051702,-4.8080077,-4.8080077,-4.8199267,-5.384711,-4.890338,-6.168341,-6.039205,-6.654507,-5.606924,-5.6069207,-5.5206065,-6.0580087,-5.246525,-7.2256527,-5.693489,-5.991896,-7.0363555,-7.0363555,-5.720207,-6.7833886,-6.187369,-6.316306,-4.032661,-3.8369257,-4.5723934,-4.5723934,-4.531937,-4.7501993,-4.3985987,-4.6481185,-7.0922613,-4.351963,-5.4457555,-5.4457555,-5.3654246,-4.292638,-5.4489546,-4.194676,-5.597042,-4.533468,-4.9325485,-4.9325495,-5.1209693,-5.2726493,-5.2940564,-5.3388853,-5.6419983,-6.168846,-6.1137033,-6.1137033,-6.0747776,-6.1432056,-6.075588,-5.747875
c1cnc[nH]1,-9.63,-7.100198,-5.575859,-4.858344,-4.8583446,-4.958002,-4.629723,-5.039697,-4.4194827,-8.802912,-2.7392812,-3.0473058,-3.0473058,-3.046516,-2.9543152,-3.0423796,-2.351423,-9.888233,-2.686558,-3.268172,-3.268172,-3.2734075,-3.511484,-3.3026495,-3.5859046,-8.963388,-6.242511,-5.5138235,-5.513819,-5.4619317,-5.590984,-4.89602,-7.562289,-8.332357,-5.6654134,-5.918721,-5.918721,-5.80241,-6.1167407,-5.6271534,-5.565421,-6.6289854,-3.2716367,-3.7242599,-3.7242599,-3.7134645,-3.9159596,-3.8477056,-6.5684757,-8.748396,-6.67431,-7.911146,-7.9111466,-7.9005785,-6.915285,-7.9221926,-7.177792,-10.087398,-3.0247269,-4.4748588,-4.4748588,-4.4102244,-6.0665445,-4.4803233,-6.303058,-9.66316,-10.034425,-9.67755,-9.677548,-9.713011,-9.748419,-9.743964,-9.646502
C(Br)Br,-1.96,-1.7553618,-1.6440963,-0.923136,-0.9231361,-1.0535669,-0.83105344,-1.3236067,-1.086033,-1.9152931,-1.7328391,-0.9257986,-0.92579854,-0.9248294,-0.2252583,-0.92591417,1.410981,-1.8978621,-2.8978417,-2.811575,-2.8115745,-2.8125522,-2.3852403,-2.809472,0.015216566,-1.7299513,-2.6721034,-1.539801,-1.5397997,-1.5080922,-1.8645083,-1.1669264,-2.7032998,-1.5827875,-1.041539,-0.39983094,-0.3998314,-0.35386214,0.74614924,-0.84307534,-1.3026855,-0.7262333,-2.690925,-2.4890034,-2.4890034,-2.4742458,-2.6097488,-2.4326508,-1.4683998,-0.57265705,-0.16177282,0.4232828,0.42328262,0.44590133,0.9819173,0.23756923,0.16738161,-1.8612225,-1.6740931,0.03801287,0.03801309,0.036947157,-0.8695133,0.060399022,1.4504607,-0.2083737,-0.68916047,-0.6370879,-0.6370879,-0.6425014,-0.4404379,-0.60141647,-1.9027874
CCC(C)(C)C,2.51,2.8510876,-1.7871705,-1.7953274,-1.7953275,-1.5323724,-1.8948925,-1.3676492,-2.049868,1.2373712,-3.79772,-4.5299487,-4.529948,-4.530072,-4.836491,-4.5231023,-2.6491442,2.828312,-4.07842,-0.86166346,-0.8616635,-0.875903,-1.011338,-1.00938,-0.116001025,2.8658214,0.68968093,1.7657593,1.7657626,1.8177905,0.4602074,1.6975827,-0.5085539,2.429909,-2.0848255,-1.5237386,-1.5237383,0.2941428,0.25138065,-1.8850923,-0.63450015,-0.40769085,-3.2812836,-3.6605148,-3.6605148,-3.6164396,-3.7269862,-3.6093857,-2.7145875,1.9324795,0.99891794,0.7529668,0.7529672,0.82777065,0.9966689,0.79029983,0.18012728,1.505375,-4.0001903,-1.1800798,-1.1800798,-1.3119409,2.9843163,-1.3992661,-1.5500103,0.5501488,0.15572755,0.32429075,0.32429075,0.37712997,0.45977163,0.88368344,0.6577537
CCCCCCN,-3.95,-1.6451803,-2.8851678,-2.624625,-2.6246252,-2.6005166,-2.5288115,-2.5586414,-2.3638391,-1.8241308,-3.9027781,-4.295716,-4.295716,-4.286642,-3.839752,-4.2693715,-2.5248907,-3.8849056,-4.9222703,-2.6181393,-2.6181393,-2.629103,-2.996342,-2.352958,-3.6906245,-3.587583,-4.3500385,-3.4386327,-3.4386299,-4.140675,-4.7854037,-3.8315487,-4.5639167,-1.5851322,-3.1916053,-2.8759873,-2.8759873,-1.6751888,-2.818113,-3.0396974,-2.328856,-2.4723783,-4.331658,-4.206881,-4.2068815,-4.218913,-3.9227548,-4.6166935,-2.248017,-4.4511156,-3.868115,-4.8184648,-4.8184648,-4.7394314,-3.72884,-4.8092413,-4.463563,-3.7425327,-4.6153703,-2.154783,-2.1547835,-2.1320078,-1.0900165,-2.1014931,-1.503093,-4.206709,-3.9789176,-4.043946,-4.0439463,-3.9990497,-3.9646513,-3.9455383,-3.9640446
C1[C@H]([C@@H]2[C@H]([C@H]1Cl)[C@]3(C(=C([C@@]2(C3(Cl)Cl)Cl)Cl)Cl)Cl)Cl,-3.44,-4.371797,-5.0132275,-4.715568,-4.7155685,-4.7729044,-5.4701176,-4.949798,-2.6271207,-2.7951221,-5.529685,-6.085812,-6.0858116,-6.0886908,-6.7397723,-6.087853,-4.330087,-3.3947654,-5.3595552,-4.495331,-4.495331,-4.4504366,-4.5436726,-4.82307,-3.7090425,-3.1552136,-1.3838803,-3.403027,-3.4030247,-3.1180692,-1.8251817,-2.8094273,-4.1532564,-4.165469,-2.3351126,-3.5819824,-3.5819824,-3.9948928,-3.7804904,-2.54978,-3.022756,-5.458328,-4.103111,-4.7954745,-4.7954745,-4.7561965,-4.986145,-4.7862625,-4.7272806,-2.5197127,-4.4061832,-4.7422714,-4.7422714,-4.7921066,-5.119506,-4.994109,-2.9136858,-3.4848278,-7.054015,-3.6012099,-3.60121,-3.7055247,-3.6204872,-3.8167264,-3.5745394,-3.3891835,-3.4759865,-3.5003989,-3.500399,-3.4913993,-3.4235475,-3.430909,-3.2618332
