SMILES,Y_TRUE,RDKitGEOM|MeanInstanceWrapperMLPNetworkRegressor,RDKitGEOM|MeanBagWrapperMLPNetworkRegressor,RDKitGEOM|MeanBagNetworkRegressor,RDKitGEOM|MeanInstanceNetworkRegressor,RDKitGEOM|AdditiveAttentionNetworkRegressor,RDKitGEOM|SelfAttentionNetworkRegressor,RDKitGEOM|HopfieldAttentionNetworkRegressor,RDKitGEOM|DynamicPoolingNetworkRegressor,RDKitAUTOCORR|MeanInstanceWrapperMLPNetworkRegressor,RDKitAUTOCORR|MeanBagWrapperMLPNetworkRegressor,RDKitAUTOCORR|MeanBagNetworkRegressor,RDKitAUTOCORR|MeanInstanceNetworkRegressor,RDKitAUTOCORR|AdditiveAttentionNetworkRegressor,RDKitAUTOCORR|SelfAttentionNetworkRegressor,RDKitAUTOCORR|HopfieldAttentionNetworkRegressor,RDKitAUTOCORR|DynamicPoolingNetworkRegressor,RDKitRDF|MeanInstanceWrapperMLPNetworkRegressor,RDKitRDF|MeanBagWrapperMLPNetworkRegressor,RDKitRDF|MeanBagNetworkRegressor,RDKitRDF|MeanInstanceNetworkRegressor,RDKitRDF|AdditiveAttentionNetworkRegressor,RDKitRDF|SelfAttentionNetworkRegressor,RDKitRDF|HopfieldAttentionNetworkRegressor,RDKitRDF|DynamicPoolingNetworkRegressor,RDKitMORSE|MeanInstanceWrapperMLPNetworkRegressor,RDKitMORSE|MeanBagWrapperMLPNetworkRegressor,RDKitMORSE|MeanBagNetworkRegressor,RDKitMORSE|MeanInstanceNetworkRegressor,RDKitMORSE|AdditiveAttentionNetworkRegressor,RDKitMORSE|SelfAttentionNetworkRegressor,RDKitMORSE|HopfieldAttentionNetworkRegressor,RDKitMORSE|DynamicPoolingNetworkRegressor,RDKitWHIM|MeanInstanceWrapperMLPNetworkRegressor,RDKitWHIM|MeanBagWrapperMLPNetworkRegressor,RDKitWHIM|MeanBagNetworkRegressor,RDKitWHIM|MeanInstanceNetworkRegressor,RDKitWHIM|AdditiveAttentionNetworkRegressor,RDKitWHIM|SelfAttentionNetworkRegressor,RDKitWHIM|HopfieldAttentionNetworkRegressor,RDKitWHIM|DynamicPoolingNetworkRegressor,MolFeatUSRD|MeanInstanceWrapperMLPNetworkRegressor,MolFeatUSRD|MeanBagWrapperMLPNetworkRegressor,MolFeatUSRD|MeanBagNetworkRegressor,MolFeatUSRD|MeanInstanceNetworkRegressor,MolFeatUSRD|AdditiveAttentionNetworkRegressor,MolFeatUSRD|SelfAttentionNetworkRegressor,MolFeatUSRD|HopfieldAttentionNetworkRegressor,MolFeatUSRD|DynamicPoolingNetworkRegressor,MolFeatElectroShape|MeanInstanceWrapperMLPNetworkRegressor,MolFeatElectroShape|MeanBagWrapperMLPNetworkRegressor,MolFeatElectroShape|MeanBagNetworkRegressor,MolFeatElectroShape|MeanInstanceNetworkRegressor,MolFeatElectroShape|AdditiveAttentionNetworkRegressor,MolFeatElectroShape|SelfAttentionNetworkRegressor,MolFeatElectroShape|HopfieldAttentionNetworkRegressor,MolFeatElectroShape|DynamicPoolingNetworkRegressor,RDKitGETAWAY|MeanInstanceWrapperMLPNetworkRegressor,RDKitGETAWAY|MeanBagWrapperMLPNetworkRegressor,RDKitGETAWAY|MeanBagNetworkRegressor,RDKitGETAWAY|MeanInstanceNetworkRegressor,RDKitGETAWAY|AdditiveAttentionNetworkRegressor,RDKitGETAWAY|SelfAttentionNetworkRegressor,RDKitGETAWAY|HopfieldAttentionNetworkRegressor,RDKitGETAWAY|DynamicPoolingNetworkRegressor,MolFeatPmapper|MeanInstanceWrapperMLPNetworkRegressor,MolFeatPmapper|MeanBagWrapperMLPNetworkRegressor,MolFeatPmapper|MeanBagNetworkRegressor,MolFeatPmapper|MeanInstanceNetworkRegressor,MolFeatPmapper|AdditiveAttentionNetworkRegressor,MolFeatPmapper|SelfAttentionNetworkRegressor,MolFeatPmapper|HopfieldAttentionNetworkRegressor,MolFeatPmapper|DynamicPoolingNetworkRegressor
CC(=O)OC3CCC4C2CCC1=CC(=O)CCC1(C)C2CCC34C ,-5.184,-4.387903,-4.791206,-4.4114184,-4.4114184,-4.4113855,-4.7747035,-4.4627914,-3.733097,-4.9786797,-4.5985045,-4.4395285,-4.439528,-4.386396,-4.870954,-4.455333,-4.3132224,-5.29618,-3.9992442,-4.2332983,-4.2332983,-4.142688,-4.198016,-5.0495243,-4.5442495,-4.994138,-5.3838387,-5.34683,-5.3468294,-4.517886,-5.0672874,-6.02078,-5.124689,-4.841143,-4.4209247,-4.3612766,-4.3612766,-4.377763,-4.5102158,-4.4419284,-4.1866775,-4.6262674,-4.9552836,-4.559475,-4.559475,-4.5088167,-4.3053746,-4.475505,-4.4291315,-5.031377,-4.9481816,-5.3575892,-5.3575897,-5.290917,-4.9089937,-4.8591647,-4.440456,-4.6354165,-5.5961485,-5.5040884,-5.5040884,-5.5021334,-3.9289575,-5.0855894,-5.0311685,-5.21752,-4.2124863,-4.1305685,-4.1305685,-4.0773726,-4.361803,-4.2772694,-5.250468
CCCCC(CC)CO,-2.11,-2.730726,-2.5914412,-2.0990434,-2.0990434,-2.0862246,-2.3009918,-2.0468824,-1.5415615,-1.8204321,-1.6732461,-2.4732177,-2.473218,-2.4664342,-2.3527038,-2.4451883,-2.2699103,-2.173877,-2.4515061,-2.262735,-2.262735,-2.2794745,-2.2332819,-1.6669449,-1.7360051,-1.9924408,-2.3617606,-2.9737537,-2.9737537,-2.5376847,-2.5909257,-3.529816,-2.677668,-2.0815835,-2.389199,-2.2887754,-2.2887757,-2.2869978,-2.386446,-2.1935568,-1.8828365,-2.0034313,-2.6246524,-2.6599886,-2.6599884,-2.5450447,-2.6711369,-2.5664508,-3.0357804,-2.0123177,-2.2591963,-2.5159264,-2.5159266,-2.4829948,-1.7654843,-2.1617572,-1.9016395,-1.6496134,-2.3244774,-2.0821168,-2.0821178,-2.0946903,-1.1975074,-1.5491462,-1.9358833,-1.9904668,-1.9256693,-1.9643906,-1.9643908,-1.9608711,-2.0526164,-2.1427038,-2.0425413
CNc1ccccc1,-1.28,-1.0581357,-2.08254,-1.7970111,-1.7970116,-1.8050753,-1.9660321,-1.8244766,-1.1625241,-1.3821843,-1.7980838,-1.6269118,-1.6269114,-1.6170944,-1.6482229,-1.621243,-1.8476475,-1.608465,-1.5405903,-1.6136574,-1.6136572,-1.617261,-1.5243412,-1.3532984,-1.2230814,-0.9376284,-1.6562634,-1.816678,-1.8166788,-2.0090454,-2.3241422,-2.7243137,-1.7605139,-1.2887833,-1.7615883,-1.8600293,-1.860029,-1.8783923,-1.8866992,-1.8935412,-1.3669455,-1.2931904,-2.3123355,-2.3437703,-2.3437705,-2.3398972,-2.3258677,-2.3419116,-1.8734267,-1.160052,-1.3047781,-1.5005053,-1.5005053,-1.4593644,-0.85246795,-1.1323746,-1.0048462,-1.1317786,-1.991885,-1.7238665,-1.7238667,-1.7265302,-1.2503107,-1.77409,-1.536969,-1.2462318,-1.1194898,-1.1623043,-1.162304,-1.1010047,-1.1367637,-1.2524287,-1.2098143
Clc1ccc2ccccc2c1,-4.14,-3.004553,-2.4890616,-2.4853704,-2.4853702,-2.494977,-2.846541,-2.5306315,-2.4703982,-3.607692,-3.8134787,-3.8973167,-3.8973165,-3.892656,-3.8467822,-3.8829308,-3.7533498,-4.6951146,-2.4397373,-2.5936854,-2.5936859,-2.6012897,-2.5132604,-3.556121,-3.333523,-3.9063115,-3.8192747,-4.206588,-4.2065864,-4.405762,-4.569528,-5.2021112,-3.7511759,-3.5122142,-1.9683148,-2.2045188,-2.2045183,-2.2014852,-2.2359104,-2.1851702,-3.2184181,-3.3442745,-2.4742236,-2.5775263,-2.5775266,-2.5558143,-2.5957434,-2.6050591,-2.6322916,-4.2580996,-4.975713,-5.2720222,-5.272022,-5.269032,-4.620308,-5.10386,-3.9969962,-3.9626718,-4.5134916,-4.232183,-4.232183,-4.2433076,-3.7521229,-4.1868186,-4.08262,-4.2272444,-4.1771398,-4.2711315,-4.2711306,-4.243728,-4.3120418,-4.208798,-4.3467956
CC34CCc1c(ccc2cc(O)ccc12)C3CCC4=O,-5.24,-3.6613517,-3.8037016,-3.594398,-3.5943978,-3.6024065,-3.9513595,-3.6613846,-3.289294,-4.909125,-4.3907237,-4.3544292,-4.354429,-4.2876334,-4.589259,-4.4093323,-4.670455,-5.2044024,-4.5718703,-4.4212837,-4.4212832,-4.396982,-4.589404,-4.3292966,-4.262793,-4.844651,-4.6054063,-4.6258426,-4.625842,-4.445734,-4.577329,-5.4278455,-4.2692714,-4.6301017,-3.3825996,-3.3078477,-3.3078473,-3.3397903,-3.4736023,-3.3575797,-3.4927194,-4.3205123,-3.7050977,-3.2641459,-3.2641454,-3.2204585,-3.2988827,-3.5647256,-3.595366,-5.22342,-3.5406427,-4.2158914,-4.2158904,-4.1797156,-4.0946507,-3.9148576,-4.2506213,-4.349429,-4.936753,-4.5880322,-4.5880327,-4.634446,-3.5098226,-4.2538147,-4.2195873,-5.380533,-5.213108,-5.3632417,-5.3632417,-5.2708316,-5.389355,-5.2334394,-5.2961535
CCCCCCCCCCCCCCCC,-8.4,-5.685914,-5.1876388,-4.9725685,-4.9725676,-4.9739428,-5.3717494,-5.0074763,-3.9248767,-8.05546,-4.717295,-7.3010883,-7.301088,-7.239677,-7.901093,-7.306609,-6.473466,-8.767155,-5.42167,-5.539725,-5.5397253,-5.5871882,-5.250435,-8.6650305,-7.973956,-7.9177117,-6.674664,-7.8732185,-7.8732195,-8.09526,-7.402706,-8.083109,-7.7564363,-6.3193445,-5.39959,-5.199581,-5.1995816,-5.262885,-5.474552,-5.4429364,-5.445332,-6.1572313,-5.9335704,-5.6592426,-5.659243,-5.639376,-5.5365496,-5.4813423,-5.4224453,-8.472591,-7.0521626,-8.323063,-8.323064,-8.572825,-9.029441,-8.902107,-8.334159,-8.071569,-6.384281,-6.994208,-6.994208,-6.999012,-5.4010053,-7.5134606,-6.796378,-8.437924,-8.3001995,-8.379457,-8.379457,-8.538998,-8.695295,-8.319706,-8.37133
N(=Nc1ccccc1)c2ccccc2,-4.45,-4.198611,-2.9837375,-3.1155212,-3.115521,-3.06389,-3.659378,-2.7660851,-3.446226,-3.6175923,-3.5905826,-3.3689203,-3.3689206,-3.1767957,-3.9758873,-3.2139328,-3.3429854,-4.0780497,-3.290637,-3.3656278,-3.365628,-3.40622,-3.241111,-3.843319,-3.875182,-3.152297,-3.3676322,-3.3393166,-3.3393154,-3.47462,-3.8486087,-4.4442863,-2.9506328,-3.85159,-5.1250377,-4.951252,-4.9512525,-5.2244415,-4.8852606,-5.137496,-5.0325494,-3.8842285,-3.990063,-4.2812405,-4.281241,-4.2849903,-4.2258034,-4.2113414,-4.7323933,-4.555432,-4.8584385,-5.4907985,-5.490798,-5.427815,-5.2622976,-5.183186,-4.647523,-3.823836,-4.838015,-4.4332304,-4.4332304,-4.493483,-3.4467762,-4.533613,-4.1862345,-4.4387236,-4.3561916,-4.5902185,-4.590217,-4.552789,-4.6033416,-4.301167,-4.575592
CNC(=O)ON=C(CSC)C(C)(C)C ,-1.62,-2.9300194,-3.6642232,-3.2985513,-3.298551,-3.2933302,-3.52593,-3.3012512,-2.5927694,-2.2318742,-2.2289267,-2.1452234,-2.145224,-2.1363568,-2.3020663,-2.1691887,-2.1242354,-1.7797337,-3.8473997,-3.5682626,-3.5682626,-3.5968473,-3.6057897,-2.7935324,-2.8928661,-1.8703234,-1.9177668,-2.3992836,-2.3992825,-2.3965247,-2.701443,-2.9206944,-2.0138469,-1.7905018,-3.4290931,-3.4517083,-3.4517083,-3.3304305,-3.529342,-3.2658386,-2.6773398,-2.7368574,-3.996667,-3.5136251,-3.513625,-2.9998777,-3.3977468,-2.987042,-2.6692936,-1.7660335,-3.3473089,-3.6893504,-3.6893497,-3.6523988,-3.0903316,-3.4145403,-2.8749075,-1.4840897,-2.8070307,-2.5356405,-2.5356407,-2.55097,-1.8641537,-2.082306,-2.5840957,-1.5483029,-1.6392115,-1.6851633,-1.6851637,-1.657173,-1.6928318,-1.7263583,-1.6616279
CCCCCCCCCCCCCC,-7.96,-5.151326,-4.47062,-4.338878,-4.3388777,-4.327196,-4.7910423,-4.3430247,-3.4680417,-7.4057474,-4.50958,-6.7208366,-6.7208376,-6.684011,-7.2904477,-6.7139163,-5.6037984,-7.9467597,-4.7062335,-4.7792726,-4.7792726,-5.2898507,-4.8396444,-7.34019,-6.6931725,-7.4099593,-5.97756,-7.2094173,-7.209418,-7.173306,-6.682946,-7.7022977,-7.1816998,-5.6898036,-4.490358,-4.380296,-4.3802967,-4.4402394,-4.666955,-4.556234,-4.782232,-5.0808,-5.468741,-5.222995,-5.222995,-4.849675,-5.3099966,-5.287652,-5.254793,-7.9968553,-6.218462,-7.494598,-7.4945974,-7.445571,-7.971799,-7.103318,-8.312548,-7.719758,-5.7668986,-6.2770343,-6.277035,-6.305478,-4.7131443,-7.503103,-6.1259165,-7.6585474,-8.04225,-8.094697,-8.094697,-8.304728,-8.267105,-8.081003,-7.925178
CCOP(=S)(OCC)SC(CCl)N1C(=O)c2ccccc2C1=O,-6.34,-5.2888136,-5.5495057,-5.34514,-5.3451395,-5.345545,-5.6544404,-5.3340616,-5.1364174,-6.022164,-4.653792,-5.1063147,-5.1063147,-4.9891844,-5.438254,-5.2107143,-4.9736094,-6.4154367,-5.55841,-5.1954155,-5.195415,-5.1770606,-5.68244,-5.153805,-4.946531,-5.7119613,-4.3395386,-4.796497,-4.7964973,-5.1540346,-5.212247,-5.630966,-4.809587,-5.590863,-5.0415177,-4.811034,-4.811034,-4.7678947,-4.982266,-4.672919,-4.5452023,-5.259929,-4.702159,-4.4427576,-4.442757,-4.438422,-4.393482,-4.4830675,-4.326129,-6.3191223,-6.2637706,-6.407468,-6.407468,-5.7707906,-6.269834,-5.171446,-6.04475,-5.690192,-5.5209618,-5.3100605,-5.310061,-5.2407904,-4.0206065,-5.7302957,-5.475154,-6.431352,-6.314681,-6.4566536,-6.4566536,-6.2441792,-6.6593294,-6.54009,-6.4385734
c1cc2ccc3cccc4ccc(c1)c2c34,-6.176,-3.5160747,-2.857242,-2.917525,-2.9175253,-2.9100363,-3.2459097,-2.9310403,-3.6498075,-6.436442,-5.00211,-6.241596,-6.241597,-6.193912,-6.4604926,-6.252473,-6.1849236,-6.7283616,-3.4815495,-3.7604907,-3.7604911,-3.7722256,-3.585033,-6.025793,-6.0328083,-6.5659227,-6.446461,-7.1504183,-7.1504164,-7.2189174,-7.1790586,-8.028075,-6.642068,-6.1602316,-4.743095,-5.124324,-5.124324,-5.2469215,-5.3428283,-5.2681184,-6.929021,-4.6425595,-3.053003,-3.4018707,-3.4018712,-3.3842652,-3.3836174,-3.339886,-3.9570978,-6.3630867,-5.651001,-6.060777,-6.0607767,-6.2524166,-6.277092,-6.2469997,-5.9561977,-6.4388595,-6.463469,-6.709179,-6.709178,-6.694417,-5.831395,-6.874935,-6.792181,-6.1523676,-6.4862576,-6.3034096,-6.30341,-6.3335023,-6.4141927,-6.406269,-6.29202
O=C2NC(=O)C1(CCCCCC1)C(=O)N2 ,-3.168,-2.1579678,-2.877128,-2.4690669,-2.4690666,-2.4629261,-2.7621636,-2.4688923,-2.0254955,-2.8480046,-2.0670147,-2.1948998,-2.1948996,-2.180667,-2.1761389,-2.1888072,-2.6588736,-3.1205235,-3.4494843,-3.176127,-3.1761272,-3.1875224,-3.2657573,-2.3708305,-2.1459727,-2.8626337,-2.0964959,-2.6178281,-2.617828,-2.3641536,-2.9759467,-3.3137295,-2.50791,-3.301379,-2.766825,-2.881508,-2.881508,-2.91082,-3.0517085,-2.9157715,-3.1130636,-3.5162697,-2.5427647,-2.0919473,-2.091947,-2.0351212,-2.1379516,-2.3161767,-2.641014,-2.6527858,-1.5162313,-2.0593417,-2.0593417,-2.0520012,-2.3116505,-1.7844846,-2.2245355,-2.4819627,-3.209887,-2.6546853,-2.654686,-2.6623724,-1.953466,-2.1953917,-2.34229,-3.1602619,-3.033667,-3.1841695,-3.1841702,-3.1274626,-3.2137105,-3.075621,-3.2051818
CC(=O)OC3(CCC4C2CCC1=CC(=O)CCC1C2CCC34C)C#C,-4.8,-4.4751177,-4.9694676,-4.5957932,-4.5957937,-4.5963545,-4.957221,-4.650818,-3.9840245,-5.374657,-4.730163,-4.4685354,-4.4685364,-4.424669,-4.9487295,-4.49277,-4.4063,-5.092762,-4.02889,-4.220191,-4.220191,-4.152866,-4.2785,-4.7763596,-4.4616556,-4.565744,-4.760104,-4.934577,-4.934577,-4.669804,-4.6083817,-5.11963,-4.505452,-4.9327307,-4.6466804,-4.5347075,-4.534708,-4.5626993,-4.6881924,-4.666991,-4.040326,-4.147908,-5.176701,-5.3261724,-5.3261724,-5.2361326,-5.1062098,-5.014045,-5.0449033,-4.9580894,-4.849883,-5.3720646,-5.372064,-5.2958226,-5.0766697,-4.876522,-5.1728325,-4.6884584,-5.341073,-5.1938944,-5.193895,-5.185171,-3.655869,-4.8644195,-5.2134247,-4.7052307,-3.8717809,-4.186076,-4.186076,-4.040567,-4.384275,-3.9171402,-4.5823207
CNN,1.34,-0.42833313,-1.028756,-0.3228153,-0.32281527,-0.33006212,-0.44226822,-0.32953665,0.1619164,1.2010396,0.2863255,1.0645533,1.0645536,1.0608432,0.8232756,1.083483,-0.081339724,1.2145652,-0.66006523,-0.4574514,-0.4574514,-0.4582812,-0.28617635,1.2995149,0.68971294,1.7706484,-0.059358854,0.42772323,0.42772323,0.0678879,0.0069961967,-0.4487909,-0.21130997,1.5183599,-1.3354322,-0.7662772,-0.7662772,-0.8021363,-0.6930842,-0.78342235,-0.4014202,1.1912823,-1.2514133,-0.8745364,-0.87453634,-0.91818404,-0.7808822,-0.9523333,-0.4591618,1.2953435,-0.35329142,-0.16606559,-0.1660656,-0.14803702,0.7335101,0.069094256,0.10550403,1.3029146,0.55254924,0.9301602,0.93016005,0.9640331,1.1679279,1.3147123,0.6242459,1.3690861,1.4330517,1.4246911,1.4246918,1.4079489,1.3693008,1.5048829,1.0064083
Clc1cc(Cl)c(c(Cl)c1)c2c(Cl)cc(Cl)cc2Cl ,-8.71,-6.996727,-4.7495832,-4.791002,-4.7910023,-4.7915254,-5.093467,-4.7876706,-5.883416,-8.454254,-7.0255175,-7.3403807,-7.34038,-7.2746444,-7.2338185,-7.395291,-7.8137107,-8.989031,-7.7232156,-8.543346,-8.543345,-8.575516,-8.720561,-8.304929,-8.116302,-8.327345,-7.0878425,-8.393746,-8.393747,-8.8268585,-8.572076,-9.105186,-8.046724,-8.961075,-6.511224,-7.657342,-7.657342,-7.9400434,-7.619736,-8.1293955,-9.630532,-8.711277,-3.669086,-4.1134324,-4.1134334,-4.104785,-4.029065,-4.059494,-5.106981,-8.023001,-5.337715,-6.1098666,-6.109867,-6.1031346,-8.419465,-5.777939,-7.8304353,-8.32784,-7.7741394,-7.338491,-7.338491,-7.3148127,-6.6319594,-8.220813,-7.9899993,-8.693293,-8.494265,-8.644322,-8.64432,-8.662911,-8.652333,-8.593213,-8.602606
Clc1cccc(c1)N(=O)=O,-2.77,-2.7929606,-2.4827414,-2.4311094,-2.4311094,-2.4353447,-2.733293,-2.464341,-2.4074528,-2.9593458,-1.5410273,-2.558115,-2.558115,-2.5704484,-2.4196272,-2.540294,-1.9421531,-2.972351,-1.9170897,-2.0539315,-2.0539317,-2.0626245,-2.0305905,-2.460802,-2.3873599,-2.4583733,-2.5178192,-2.8037913,-2.8037913,-3.0902817,-3.3797154,-3.8372295,-2.6171196,-3.1754088,-1.8813066,-1.8633671,-1.8633673,-1.8179609,-2.0331047,-1.7969635,-1.7522,-2.654619,-2.291276,-2.4206846,-2.4206843,-2.4034514,-2.4304156,-2.4730167,-2.2827728,-2.9330735,-1.6703639,-2.2828948,-2.2828948,-2.222226,-2.3818011,-1.865257,-2.381566,-2.6844018,-3.2392201,-2.4769125,-2.4769123,-2.4926288,-2.1990209,-2.859788,-2.3581147,-2.7265074,-2.771114,-2.8351848,-2.8351853,-2.7966058,-2.8424795,-2.8567894,-2.7931418
CN(C)C(=S)SSC(=S)N(C)C ,-3.9,-2.199699,-3.187962,-2.8842528,-2.884252,-2.823265,-3.1303568,-2.518629,-2.3108506,-4.1485724,-3.2680287,-3.9933703,-3.9933705,-4.075305,-4.058403,-4.10399,-3.668983,-3.8756206,-3.3455904,-3.10759,-3.1075902,-3.1182456,-3.18621,-3.0928125,-2.9347827,-2.8864422,-1.5576224,-1.8434522,-1.8434534,-2.3002532,-2.3268242,-3.0404122,-1.7524459,-3.6208756,-4.8407645,-5.2472644,-5.247264,-4.9131327,-5.2063007,-4.004233,-4.995232,-3.648674,-3.1211896,-3.4747686,-3.4747689,-3.3950496,-3.4528222,-3.6252956,-3.8482835,-3.3984752,-1.9030515,-2.1533453,-2.1533456,-2.3058705,-2.4706264,-2.1852772,-1.7297558,-3.5759838,-4.681878,-4.4006433,-4.4006443,-4.4236307,-3.300199,-4.4783688,-4.4582095,-3.9014115,-3.5931635,-3.591715,-3.5917149,-3.5068345,-3.796145,-3.2836525,-3.9136689
Clc1ccc(c(Cl)c1Cl)c2ccc(Cl)c(Cl)c2Cl ,-8.01,-5.606572,-4.666251,-4.5092654,-4.509266,-4.5163183,-4.87356,-4.5676527,-4.861789,-7.7606506,-7.557013,-7.637661,-7.6376634,-7.5936484,-7.5083857,-7.663948,-7.7012844,-8.366377,-7.246786,-7.967586,-7.9675856,-7.983092,-8.07139,-7.8730974,-7.8843384,-8.082425,-7.4893374,-8.465486,-8.465484,-8.450208,-8.700187,-9.205668,-7.973179,-8.032883,-5.607524,-6.472823,-6.472824,-6.636594,-6.531702,-6.6961904,-7.5829077,-8.74915,-4.2058883,-4.5061464,-4.5061464,-4.520896,-4.3671436,-4.5115156,-5.217131,-8.729088,-5.6755137,-6.5138526,-6.5138526,-6.505447,-9.127383,-6.163151,-8.597067,-7.7021437,-8.324353,-7.516911,-7.5169115,-7.5200605,-6.797901,-7.795503,-7.873242,-8.0520115,-8.351834,-8.453767,-8.453765,-8.455589,-8.657687,-8.321563,-8.325737
CCOc1ccccc1,-2.33,-1.8128614,-2.2891743,-2.0054915,-2.0054915,-2.0112035,-2.237597,-2.010454,-1.3825763,-1.5518453,-1.9849517,-1.9543384,-1.9543383,-1.9330652,-1.9707589,-1.9452085,-2.0500357,-1.6969992,-1.8736645,-1.9095267,-1.9095266,-1.9150561,-1.8040806,-1.8916038,-1.8035257,-1.2093138,-1.8429207,-1.850687,-1.8506874,-2.0851192,-2.36035,-2.8073988,-1.8507286,-1.2737586,-2.0244906,-2.0208626,-2.020862,-1.9817568,-2.0518744,-2.028574,-1.624519,-1.4934032,-2.5721803,-2.421927,-2.421927,-2.3865561,-2.451748,-2.434408,-2.3627584,-2.8454385,-0.7330722,-1.3504722,-1.3504725,-1.3140073,-2.2884545,-0.998105,-1.7278028,-2.112729,-3.0572627,-2.7632196,-2.7632198,-2.656915,-1.893207,-3.0113053,-2.2624505,-2.294473,-2.3759499,-2.440714,-2.440714,-2.3961642,-2.4662898,-2.3674939,-2.3371034
CCC(=O)OC3CCC4C2CCC1=CC(=O)CCC1(C)C2CCC34C ,-5.37,-4.5320396,-5.1949677,-4.7663093,-4.7663093,-4.7566743,-5.0972867,-4.7500744,-3.9375467,-5.0925612,-4.7304068,-4.6121616,-4.612161,-4.5563126,-5.036543,-4.625937,-4.446799,-5.683311,-4.0290136,-4.429408,-4.429408,-4.3170843,-4.286562,-5.2148476,-4.8860893,-5.386799,-5.769215,-5.8538675,-5.8538685,-5.536759,-5.4896994,-6.3499413,-5.4968104,-4.6738195,-4.968384,-4.860876,-4.8608756,-4.8262863,-4.9973874,-4.657291,-4.198994,-5.1249475,-4.653849,-4.337247,-4.337247,-3.8171701,-4.280404,-3.8470953,-4.4336414,-5.183857,-5.2313056,-5.446153,-5.4461536,-5.4089227,-4.9158406,-4.992734,-4.1821012,-4.88111,-5.8005304,-5.5589123,-5.558913,-5.5469193,-4.0675073,-5.128857,-5.328625,-5.289741,-3.7892487,-3.8997605,-3.8997607,-3.8108656,-4.194163,-4.108076,-4.7071
Cc1cccc(C)c1C,-3.2,-2.517098,-2.2981815,-1.9944971,-1.994497,-1.986202,-2.1118248,-1.9799346,-1.5850062,-2.4254642,-2.4203198,-2.484041,-2.4840415,-2.4818518,-2.6469207,-2.4706538,-2.4522567,-3.6335602,-2.0745163,-2.1395493,-2.139549,-2.1449199,-2.0930836,-2.3929849,-2.3375182,-1.6623528,-2.1814315,-2.3267968,-2.3267972,-2.4253466,-2.8115973,-3.2485294,-2.3716474,-2.963163,-3.0517128,-2.201221,-2.2012215,-2.2794185,-2.3682344,-2.176454,-3.456191,-2.6835017,-1.9918363,-2.0123057,-2.0123055,-1.9917426,-2.0791812,-2.0181344,-2.1468925,-3.1915498,-3.6509051,-3.514673,-3.5146732,-3.5113227,-3.7557926,-3.4400399,-3.2312539,-3.4733243,-3.414115,-3.1266644,-3.126665,-3.1307285,-2.4055834,-3.4922636,-3.2320278,-3.059725,-3.8385634,-3.6517382,-3.6517384,-3.6776025,-3.6854427,-3.7224936,-3.170608
CC(C)C,-2.55,-1.3952179,-1.474107,-0.8263518,-0.8263521,-0.81413615,-0.9644912,-0.76522726,-0.7633427,-2.8823237,-0.47692233,-0.9372244,-0.93722355,-0.9382437,-0.8320282,-0.9214508,-0.9721523,-2.9701874,-1.2288182,-1.3199404,-1.3199407,-1.3216075,-1.2532389,-1.6206039,-1.3952463,-1.3538595,-1.2283542,-1.2278037,-1.2278031,-1.4259346,-1.6699194,-2.2398255,-1.3091638,-1.9958677,-1.4129081,-1.0917712,-1.0917712,-1.0865437,-1.1892515,-1.0279896,-0.62943983,-2.2836566,-1.2841086,-1.0184616,-1.0184616,-1.0277905,-0.98663837,-1.039672,-1.5251521,-2.684141,-3.013839,-2.4249485,-2.4249485,-2.4443622,-2.6399615,-2.4829285,-2.191785,-2.742142,-1.2199185,-1.354314,-1.3543149,-1.3444273,-0.8825047,-2.144712,-1.1641048,-1.9183085,-1.4675025,-1.539308,-1.5393082,-1.4664589,-1.6305666,-1.3104426,-2.2925794
CCCCN(CC)C(=O)SCCC,-3.53,-2.9366336,-3.5314531,-3.1652937,-3.1652937,-3.151135,-3.3806558,-3.1084905,-2.2556307,-3.3003802,-3.1123767,-3.4049737,-3.4049747,-3.3782125,-3.726908,-3.420695,-3.150262,-3.2636414,-3.7119288,-3.4191902,-3.41919,-3.419812,-3.448493,-3.0437229,-2.9958766,-3.2367997,-3.3953054,-4.2230434,-4.223044,-3.4555333,-3.4818814,-4.375135,-3.7430348,-3.3444355,-3.2753816,-3.1894453,-3.189445,-3.1675851,-3.324054,-3.0995374,-2.658752,-3.7480614,-3.6573281,-4.0031376,-4.0031376,-3.5026488,-3.949492,-3.290743,-4.5082626,-3.9318268,-3.7829604,-4.0148034,-4.014804,-3.9839747,-3.063981,-3.6367953,-3.3116577,-2.8389556,-3.4791205,-3.2656553,-3.265656,-3.3109705,-2.3045993,-2.7936695,-3.3096433,-3.5458496,-3.4981217,-3.7540517,-3.7540517,-3.715585,-3.7217195,-3.571145,-3.7464247
CCOC(=O)NCCOc2ccc(Oc1ccccc1)cc2,-4.7,-5.6640387,-5.744924,-5.4647994,-5.4647994,-5.472806,-5.9163623,-5.544345,-4.3014207,-4.7837505,-5.295572,-4.3921413,-4.392141,-4.445953,-4.843953,-4.3546357,-4.6337705,-4.5820594,-5.551421,-5.142622,-5.1426225,-5.205407,-5.1590557,-4.9445925,-4.569341,-4.355197,-4.109002,-4.1495867,-4.149585,-4.360886,-4.4743457,-4.760531,-4.389654,-5.3042035,-5.691679,-5.4268913,-5.4268923,-5.4529324,-5.734858,-5.365846,-5.5710382,-5.226298,-6.860084,-6.4372816,-6.437281,-6.6033764,-6.1485167,-6.5641203,-6.158159,-4.3345213,-5.813534,-5.9499984,-5.949998,-5.919478,-4.1506166,-5.575298,-4.192113,-4.4101644,-5.5121675,-5.224694,-5.224695,-5.2274456,-4.15318,-4.6984806,-5.0570426,-4.726786,-4.6633887,-4.778647,-4.7786474,-4.816981,-4.9673514,-4.846681,-4.844324
CCCCCCC(=O)C,-2.05,-3.1127071,-2.7016706,-2.4896913,-2.4896913,-2.47796,-2.8207498,-2.43288,-1.9673069,-2.0899587,-2.098724,-2.4603364,-2.4603364,-2.459335,-2.456452,-2.487908,-2.2068558,-2.8031707,-2.5449815,-2.5572517,-2.5572515,-2.568657,-2.4895556,-3.380634,-3.289719,-1.3732157,-2.2041147,-2.7343378,-2.7343378,-2.6836014,-2.8700168,-3.462607,-2.4222534,-2.0436826,-2.5817473,-2.6255202,-2.6255207,-2.530166,-2.7276475,-2.3669586,-2.6040874,-2.4236302,-3.219551,-2.8628268,-2.8628266,-2.5095,-2.8978827,-2.5737252,-3.0782943,-1.7617232,-2.9761376,-3.0327933,-3.0327935,-3.1058314,-2.165977,-2.9127572,-2.1545506,-1.7906069,-2.8752403,-2.539596,-2.539597,-2.5480707,-1.7657892,-2.8938851,-2.5281909,-2.0461495,-2.0373266,-2.0664108,-2.066411,-2.03875,-2.0664983,-1.744573,-2.0750952
Brc1cccc(Br)c1,-3.54,-3.6170952,-2.6314888,-2.67118,-2.6711798,-2.6824112,-3.0934103,-2.7260463,-2.7626877,-4.2288294,-3.4885924,-3.6674027,-3.6674018,-3.66886,-3.5147405,-3.6649168,-4.113577,-3.7537694,-1.7541093,-1.7728435,-1.7728441,-1.7768338,-1.6757914,-2.914258,-2.8679607,-3.595338,-2.9816034,-3.3069143,-3.306914,-3.549313,-3.9166467,-4.3677745,-3.0764291,-3.8053272,-3.383806,-3.2080052,-3.2080052,-3.209849,-3.5174701,-3.1057816,-4.3893437,-3.2013326,-2.3987226,-2.60827,-2.6082692,-2.552916,-2.6108956,-2.7902896,-2.9771843,-3.7726555,-2.8993883,-2.879771,-2.8797712,-2.881964,-3.9528627,-2.758565,-3.3686528,-3.4306145,-4.400457,-3.823876,-3.8238766,-3.8214092,-3.6102133,-3.7416425,-3.9265273,-3.2898297,-3.5433354,-3.595467,-3.595468,-3.5679474,-3.6805751,-3.5194938,-3.6474798
COC(=O)c1ccc(O)cc1,-1.827,-2.6467404,-2.5057893,-2.492274,-2.492274,-2.5054703,-2.858871,-2.5464458,-2.3178966,-1.6008499,-1.7132244,-1.0553658,-1.0553653,-1.0360662,-1.1126864,-1.071003,-1.6517459,-1.5404514,-2.0121133,-1.959318,-1.9593179,-1.9679064,-1.9019624,-1.085796,-1.1786743,-1.1052386,-1.1383697,-0.927174,-0.9271718,-1.4678549,-1.5080729,-1.8595935,-1.2753237,-2.0704303,-2.14108,-2.1762834,-2.1762834,-2.2558403,-2.2428405,-2.3110633,-2.1018925,-1.5500113,-3.4596567,-3.7941082,-3.7941082,-3.7701807,-3.728599,-3.5664618,-2.933812,-1.8245232,-0.91707194,-1.9075323,-1.9075329,-1.8379016,-1.7226129,-1.477403,-1.5322036,-1.529819,-1.9438641,-1.671487,-1.6714876,-1.6500603,-1.0599416,-1.4679599,-1.7250162,-1.827948,-1.8034625,-1.8528985,-1.8528984,-1.8247459,-1.8414228,-1.9386641,-1.8877385
c1cc2ccc3ccc4ccc5cccc6c(c1)c2c3c4c56,-9.018,-5.497901,-3.7959747,-3.9631608,-3.963161,-3.9479632,-4.4402013,-3.960044,-6.6968584,-8.635379,-6.2848873,-8.004256,-8.004256,-7.970187,-8.306503,-7.985841,-7.543695,-9.449726,-5.5345626,-6.2414055,-6.2414055,-6.2302475,-5.982237,-8.592229,-8.710482,-8.741718,-7.8918333,-8.913262,-8.913263,-8.807815,-8.947164,-9.4109955,-8.289893,-8.463478,-4.9212413,-5.934971,-5.934971,-5.9028463,-6.31876,-5.7531433,-8.470102,-7.679867,-3.4747303,-3.880144,-3.8801436,-3.8732216,-3.9016502,-3.8201716,-4.5434456,-9.580402,-7.010565,-7.312277,-7.312278,-7.278813,-7.6441402,-7.1018724,-6.7396927,-8.601433,-7.6986313,-8.3871975,-8.3871975,-8.366141,-7.134844,-8.831106,-8.534966,-9.158978,-8.939718,-9.201678,-9.201676,-9.201243,-9.297659,-9.029816,-9.221789
ClCC(Cl)Cl,-1.48,-1.6990646,-1.4944007,-0.75263315,-0.75263333,-0.7396949,-1.0185597,-0.6884058,-1.2093139,-1.8524096,-1.5108294,-1.6770973,-1.677097,-1.6823773,-1.6932912,-1.6775818,-1.794687,-1.4227669,-0.97838694,-0.9401608,-0.94016093,-0.9412176,-0.9939538,-1.2319342,-1.4749082,-0.8293215,-1.4239407,-1.6434202,-1.64342,-1.8541032,-2.267505,-2.6412077,-1.3868295,-1.4392538,-1.9024869,-1.4238675,-1.4238676,-1.420834,-1.3897387,-1.7540898,-1.4806037,-1.3456563,-1.3629117,-1.1291908,-1.1291908,-1.1368793,-1.1347466,-1.164069,-1.2009033,-1.7412388,-2.4781523,-2.8103428,-2.8103423,-2.8518655,-2.5068583,-2.6186447,-2.217943,-1.3587055,-2.136449,-1.9166211,-1.9166206,-1.9002621,-1.6351923,-1.8508592,-1.7786673,-2.0686083,-2.1727915,-2.194926,-2.1949255,-2.1901343,-2.1855955,-2.2135367,-1.9834994
CN(C)C(=O)N(C)C ,0.94,-1.6457508,-2.048868,-1.4569023,-1.4569027,-1.4555738,-1.6144006,-1.4470279,-1.0336443,-0.2356189,-0.59151137,0.1739667,0.17396654,0.16886912,-0.05623017,0.18497483,-0.8394506,0.60737324,-1.7065369,-1.6921309,-1.6921307,-1.6966118,-1.6497804,-1.1200835,-1.3855152,0.28926235,-0.7698427,-0.49525744,-0.49525633,-0.7825233,-1.2507409,-1.4022503,-0.9859771,-0.32809195,-3.619325,-3.6952808,-3.6952806,-3.790751,-3.983713,-3.724196,-2.0534427,-0.2734744,-2.1337798,-2.1627512,-2.1627517,-2.157711,-2.0838492,-2.1749113,-1.5313882,0.6293347,-1.5596329,-1.7652117,-1.7652118,-1.7308558,-0.86712307,-1.4358455,-1.0740621,0.108027145,-0.80060554,-0.599431,-0.5994315,-0.6037485,-0.110263325,-0.16709593,-0.7661559,-0.20513634,-0.3347109,-0.15864424,-0.1586443,-0.14798777,-0.06885803,-0.31788385,-0.078432254
CCOP(=S)(OCC)Oc1ccc(cc1)S(C)=O ,-2.3,-3.8990188,-4.685158,-4.4282994,-4.4282994,-4.432785,-4.764706,-4.4657183,-3.735641,-4.6961927,-4.810562,-3.9687502,-3.96875,-3.966446,-4.393905,-3.983865,-4.5778546,-2.2836137,-4.6294837,-4.220091,-4.2200913,-4.197974,-4.299046,-3.9782164,-3.6054215,-3.443211,-4.9475527,-4.8283024,-4.8283024,-4.769373,-5.0161085,-5.3590207,-4.6804433,-3.6909015,-4.47263,-4.1835337,-4.1835337,-4.160028,-4.356323,-4.091492,-3.2627554,-4.2851434,-4.486342,-4.7465167,-4.746517,-4.6724834,-4.6883955,-4.618702,-4.659907,-3.8965359,-4.2579556,-4.547872,-4.5478716,-4.5122385,-3.9311514,-4.1755104,-3.795396,-3.3662846,-4.743326,-4.206768,-4.206769,-4.219015,-3.4357347,-3.7613833,-4.214115,-2.3550448,-2.3399425,-2.3516226,-2.3516228,-2.3407512,-2.5466502,-2.5451958,-2.6435225
Clc1ccc(cc1Cl)c2ccccc2 ,-6.39,-2.9741564,-3.4309857,-3.3069413,-3.3069408,-3.3184664,-3.67628,-3.3839498,-2.8597975,-5.8150682,-5.3085465,-5.320937,-5.320938,-5.289344,-5.2475495,-5.320409,-5.1311183,-6.6240716,-3.927933,-3.947764,-3.9477642,-3.9586694,-3.8427293,-5.556003,-5.667549,-5.5059752,-4.533883,-4.75838,-4.758378,-5.179456,-5.1961493,-5.819737,-5.057776,-5.575026,-2.777009,-2.7762654,-2.7762659,-2.8355646,-2.885626,-2.8683217,-3.9939308,-7.0821776,-3.338933,-3.1441185,-3.1441188,-3.1028767,-3.149046,-3.2995698,-3.7752912,-6.7961464,-5.866023,-6.6361117,-6.636112,-6.5914397,-7.528362,-6.2282214,-6.8792124,-5.830596,-5.3454413,-4.7465577,-4.746558,-4.7624307,-3.897058,-5.0379553,-5.1078095,-6.348695,-6.2410264,-6.321932,-6.3219304,-6.293198,-6.4233108,-6.1940765,-6.5149465
OC(CC(c1ccccc1)c3c(O)c2ccccc2oc3=O)c4ccc(cc4)c5ccc(Br)cc5 ,-4.445,-5.48993,-9.23016,-7.739364,-7.7393646,-7.744032,-7.977192,-7.720316,-5.1163116,-7.2669106,-5.9817653,-5.6613827,-5.6613827,-5.6673837,-6.2915034,-5.761245,-6.1557565,-4.4658957,-6.7941008,-6.6551213,-6.655121,-6.6075096,-6.84567,-5.0798106,-5.068481,-4.3819237,-6.5730753,-6.755447,-6.7554464,-6.3005905,-6.3724,-6.561239,-4.5703564,-4.5456476,-7.8823066,-7.540556,-7.5405564,-7.394019,-7.410387,-6.4752717,-5.4778256,-4.5560255,-6.5252576,-6.2871075,-6.287108,-6.275794,-5.993597,-6.3617945,-5.399658,-5.2006426,-5.5314045,-5.8683667,-5.868367,-5.892516,-5.497349,-5.581157,-5.3188634,-5.0049734,-7.325652,-6.8532968,-6.853297,-6.864563,-5.4034305,-6.3669744,-6.401886,-4.603725,-4.4084787,-4.4842834,-4.4842844,-4.354077,-4.6950126,-5.096292,-4.3708086
CC1(C)C(C=C(Cl)Cl)C1C(=O)OC(C#N)c2ccc(F)c(Oc3ccccc3)c2,-7.337000000000001,-5.221527,-7.448622,-6.6844907,-6.684491,-6.6964006,-6.944966,-6.738758,-5.371997,-6.956456,-5.186245,-4.8382072,-4.8382072,-4.852663,-5.216228,-4.859613,-5.1179757,-7.593711,-6.201384,-6.288272,-6.288272,-6.317653,-6.8366203,-6.7543306,-6.678125,-7.139104,-6.4439745,-6.6623974,-6.662398,-6.5666876,-6.7015595,-7.288988,-6.544797,-7.4435134,-6.7638345,-6.5876265,-6.587626,-6.5822067,-6.638946,-6.8161836,-6.409514,-6.720166,-5.4743404,-5.1525345,-5.152535,-5.1077814,-5.0737724,-5.3519173,-5.0414953,-6.861576,-5.322215,-5.536769,-5.5367684,-5.5164204,-5.495882,-5.160988,-5.170603,-6.5108247,-5.8953195,-5.494626,-5.494626,-5.5192804,-4.470401,-5.8920884,-5.907853,-7.368768,-7.293351,-7.4240274,-7.424028,-7.5325837,-7.899536,-7.592789,-7.3311887
COc1ccccc1Cl,-2.46,-2.0322824,-2.3836513,-2.3587992,-2.358799,-2.349421,-2.555139,-2.3466487,-1.9606875,-1.4560566,-2.181118,-1.4892564,-1.4892567,-1.4835578,-1.5907948,-1.4788291,-2.1049335,-2.455608,-1.8453171,-1.880852,-1.8808517,-1.886909,-1.8849987,-1.9417223,-1.6692716,-1.5382586,-1.957768,-2.05328,-2.0532796,-2.4031467,-2.5633495,-2.9915082,-1.993998,-2.5446262,-1.9317205,-2.3541968,-2.3541968,-2.3301482,-2.3781497,-2.3313243,-1.3946186,-0.84968567,-2.2670984,-2.2567239,-2.2567246,-2.2454648,-2.2692378,-2.281596,-2.0304227,-2.4637582,-0.33488867,-0.94189703,-0.9418972,-0.906417,-1.7578771,-0.60428476,-1.2410563,-1.9761244,-2.6374002,-2.3000777,-2.3000777,-2.3072214,-1.740096,-2.2729712,-2.203774,-2.396151,-2.367566,-2.402467,-2.4024665,-2.3223145,-2.4196007,-2.2639673,-2.5287187
C/C=C/C=O,0.32,-0.71726835,-1.4912463,-1.3151412,-1.3151413,-1.3303981,-1.5481135,-1.3404877,-0.5660671,-0.18747719,-0.6106008,0.056520462,0.05652067,0.050140552,0.0012835152,0.07388899,-0.7187377,0.4939232,-0.93513685,-0.8594574,-0.8594573,-0.8607555,-0.7934036,-0.09614872,-0.16708443,0.40129414,-0.5514802,-0.5375303,-0.5375304,-0.78207254,-1.1077689,-1.4663153,-0.81546813,0.46250266,-1.615538,-1.2668048,-1.2668048,-1.334338,-1.2828895,-1.3923658,-0.50282794,0.2955103,-1.5901325,-0.89778703,-0.8977871,-0.9531075,-0.9910515,-1.0320597,-0.5430596,0.23697944,-0.75870407,-0.75619,-0.7561899,-0.7272457,0.21459468,-0.4589761,-0.26310545,0.43604207,-0.34162512,-0.115302935,-0.11530274,-0.10662477,0.12918735,0.021978287,-0.1560909,0.21727017,0.07226831,0.22969744,0.22969747,0.2285973,0.17466307,0.119352244,0.13496834
CCC(C)CO,-0.47,-1.6532195,-1.8116509,-1.1714623,-1.171462,-1.1669371,-1.3334355,-1.1201929,-0.8400233,-0.055545915,-1.1125506,-1.0160598,-1.0160596,-1.0145464,-1.1060433,-0.99898326,-1.5422254,-0.39491132,-1.3868579,-1.3565534,-1.3565536,-1.3601911,-1.2656541,-0.49904576,-0.5894455,0.06712656,-1.0908062,-1.0546997,-1.0546986,-1.0848039,-1.4228997,-1.7776384,-1.2066915,-0.07741259,-1.6375476,-1.3158997,-1.3158997,-1.3244833,-1.3904706,-1.2613573,-1.0771707,-0.42691684,-1.7804469,-1.6912719,-1.691272,-1.6753222,-1.6702201,-1.6906676,-1.2701852,-0.28951043,-1.0560318,-1.283622,-1.283622,-1.2467675,-0.16675036,-0.9408419,-0.7152937,-0.45971125,-0.8865675,-0.71192575,-0.7119261,-0.7026817,-0.31800354,-0.48877105,-0.787564,-0.42127675,-0.7184918,-0.70420444,-0.7042044,-0.7398181,-0.5585993,-0.9724867,-0.7869693
C=CCC=C,-2.09,-1.5882126,-1.4940361,-0.86882794,-0.86882794,-0.87817615,-1.1281685,-0.88623315,-0.5807482,-1.0528696,-0.8716066,-0.29061842,-0.29061836,-0.28421548,-0.32840213,-0.27533028,-1.15645,-2.9205651,-1.0582235,-1.0158986,-1.0158986,-1.0177928,-0.9240881,-0.3225015,-0.32218096,-0.95234174,-0.46060017,-0.7141019,-0.7141026,-0.9975027,-1.0785606,-1.7435179,-0.7990273,-2.1032643,-2.9066563,-2.0468895,-2.0468895,-2.023498,-1.8796654,-1.7856011,-1.4182351,-1.4454217,-2.182672,-2.4228919,-2.4228916,-2.3987465,-2.364339,-2.5527594,-2.0805104,-2.4399874,-3.6261575,-3.5058978,-3.505898,-3.5057075,-2.9192567,-3.4653728,-2.8842459,-1.6918027,-0.7965766,-0.71750844,-0.7175087,-0.724272,-0.4031157,-1.1058431,-0.60460186,-1.9223547,-1.9293631,-1.9692935,-1.9692934,-2.0057003,-1.9909208,-2.0063205,-1.922218
CCOP(=S)(OCC)Oc1ccc(cc1)N(=O)=O,-4.66,-4.0662546,-4.4153457,-4.2173595,-4.21736,-4.2181053,-4.5367084,-4.211274,-3.8177161,-4.6023026,-3.454904,-3.3431804,-3.3431804,-3.3073144,-3.5276556,-3.3870492,-3.4710512,-4.3797855,-4.2900033,-3.9983118,-3.9983115,-3.998362,-4.0396137,-3.6853476,-3.407951,-4.6731324,-4.107485,-3.9334798,-3.9334798,-4.0997086,-4.4571357,-4.7635555,-4.158583,-4.354899,-4.1848674,-3.943147,-3.9431465,-3.9782343,-4.207188,-4.9625945,-3.4619534,-3.7170875,-4.121692,-4.478997,-4.478997,-4.344407,-4.4041376,-4.3602405,-4.7919173,-5.648051,-3.3417106,-3.7655728,-3.7655728,-3.7210114,-3.3232262,-3.3941047,-3.49655,-3.9773865,-3.816385,-3.6272795,-3.6272805,-3.5570328,-2.5491662,-3.5945902,-3.3754978,-4.6365643,-4.643921,-4.715622,-4.715622,-4.7646093,-4.947662,-4.8802924,-4.8915396
ClC(Cl)(Cl)C(NC=O)N1C=CN(C=C1)C(NC=O)C(Cl)(Cl)Cl ,-4.19,-5.6959023,-5.5333867,-5.1288285,-5.1288285,-5.1277275,-5.4652033,-5.152915,-4.9525123,-5.359659,-3.4231083,-4.147873,-4.147874,-4.130917,-4.831424,-4.014914,-4.142525,-4.2851706,-5.0713086,-4.5053587,-4.5053587,-4.509794,-5.1089454,-4.548853,-4.51143,-3.96539,-3.1489913,-3.887975,-3.8879752,-4.2398314,-4.342729,-4.7752233,-3.4106183,-4.48284,-6.5413795,-6.847115,-6.8471146,-6.7201457,-6.809531,-6.509644,-5.336553,-3.755864,-3.903287,-4.250986,-4.2509856,-4.2536173,-4.1534023,-4.156761,-5.103364,-4.4827313,-5.3669558,-5.4597993,-5.4597993,-5.4412045,-3.772925,-4.9775834,-3.7684007,-3.9745421,-5.2891445,-5.0794187,-5.0794177,-5.120488,-3.7980692,-4.8707886,-5.4364796,-4.1743917,-4.4318614,-4.237479,-4.237479,-4.195745,-4.3144774,-4.2837176,-4.215491
Clc1cccc(Cl)c1c2c(Cl)cccc2Cl ,-7.39,-4.5413833,-4.3318257,-4.9784274,-4.978427,-4.9672923,-5.1530013,-4.860843,-4.852242,-7.1352587,-5.97812,-6.449669,-6.44967,-6.398238,-6.060579,-6.4401255,-7.346836,-7.7053657,-5.6089454,-5.6775713,-5.6775713,-5.6978703,-5.80654,-6.505322,-6.4478,-7.0149794,-5.6452494,-6.3303967,-6.3303957,-7.0325956,-6.733413,-7.3657136,-6.187805,-7.2701507,-6.378312,-7.6887226,-7.688723,-7.9172707,-7.759266,-8.123214,-8.06928,-5.9256163,-3.172744,-3.4823058,-3.482306,-3.4698634,-3.457262,-3.4155242,-4.0351295,-7.0497246,-5.7672477,-6.247866,-6.247866,-6.221002,-6.7112923,-6.038933,-6.2032866,-6.9139185,-7.1533575,-6.908219,-6.9082184,-6.9013896,-6.0876503,-7.5450563,-7.1977053,-7.4075546,-6.5128183,-6.705288,-6.705287,-6.6162953,-6.575747,-6.5104146,-7.2771316
BrC(Br)(Br)Br,-3.14,-2.7911017,-2.013554,-3.796341,-3.796341,-3.7841535,-3.9464126,-3.6525273,-2.66609,-3.3462555,-2.9577389,-3.0448427,-3.044842,-3.036941,-2.9307735,-3.0656695,-2.9944286,-3.2161305,-2.2514625,-2.0696726,-2.0696726,-2.0731883,-1.8836097,-3.9991398,-3.6486707,-2.6306376,-2.1436262,-2.6805131,-2.680512,-2.9369555,-3.1206625,-3.8535707,-2.335005,-3.0365047,-2.0399454,-2.1245778,-2.1245775,-2.1126194,-2.2896051,-2.026368,-3.030107,-2.8571756,-1.3229947,-1.0866786,-1.0866786,-1.0790071,-1.1767958,-1.0820317,-2.6106322,-3.129855,-1.4368275,-1.919138,-1.919138,-1.8688661,-2.4704642,-1.6615174,-2.1398623,-2.8553271,-3.2082734,-2.87869,-2.8786902,-2.8812134,-2.7139568,-3.1589198,-3.3160067,-2.5017655,-2.527605,-2.6389587,-2.6389582,-2.6194398,-2.674556,-2.4476213,-2.4410312
CC1(C)CON(Cc2ccccc2Cl)C1=O,-2.338,-2.8596513,-3.4121513,-2.9729989,-2.9729989,-2.9619317,-3.2531977,-2.9443603,-2.2623122,-2.8952522,-3.2526255,-2.686879,-2.6868792,-2.659672,-2.9269524,-2.7199028,-2.8894064,-2.5190473,-4.1621795,-3.7195652,-3.7195652,-3.7404122,-3.8577507,-2.7667975,-2.4851053,-2.722651,-3.1804497,-3.2080898,-3.2080903,-2.9458866,-3.5164578,-4.1304,-2.951112,-2.2007182,-3.3924305,-3.4024062,-3.402406,-3.434558,-3.4938433,-3.4556632,-2.927388,-2.5651178,-3.0959675,-2.7739582,-2.773958,-2.7115443,-2.8048162,-2.832129,-2.7954688,-2.1892924,-3.4383745,-3.7124314,-3.7124314,-3.699453,-3.5384197,-3.3700128,-3.377146,-2.5298455,-3.5233884,-3.314798,-3.314799,-3.3369713,-2.3497136,-3.081134,-3.0210311,-2.3745584,-2.1873317,-2.3035939,-2.3035939,-2.281015,-2.2893217,-2.3960793,-2.3351874
O=C1CCCCC1,-0.6,-1.1950685,-1.7259164,-1.0216676,-1.0216677,-1.0163288,-1.150624,-1.0015652,-0.8931503,-0.6287857,-1.1937685,-1.3891894,-1.3891889,-1.386524,-1.4505386,-1.3848834,-1.4608635,-0.8968485,-1.9434577,-2.0538824,-2.0538826,-2.059054,-1.9971422,-2.809204,-3.0380807,-0.63470924,-1.5716778,-1.8883879,-1.8883865,-1.9903847,-2.3922613,-2.8034756,-1.8879262,-0.4242049,-2.2884915,-0.94068587,-0.94068563,-0.9788054,-0.91047686,-0.92497396,-1.0337174,-0.2628744,-1.8501999,-1.8612043,-1.8612044,-1.8568364,-1.8461674,-1.9503422,-1.4334126,-0.7270838,-1.0255388,-0.94428676,-0.94428647,-0.920443,-0.24771143,-0.65939945,-0.5762711,-0.4146019,-2.4669282,-2.1354473,-2.1354477,-2.1512046,-1.8251282,-1.554877,-2.0106063,-0.009674296,-0.7347963,-0.6556028,-0.6556029,-0.64558816,-0.71021944,-0.6073324,-0.60047984
CC(C)CCCO,-1.14,-2.2516103,-2.10847,-1.6842893,-1.684289,-1.6898705,-1.9241592,-1.6838706,-1.2487143,-1.1504112,-1.2196128,-1.727205,-1.7272053,-1.7195206,-1.5254569,-1.7214127,-1.716308,-1.125705,-1.7011988,-1.6799446,-1.6799446,-1.687571,-1.5918316,-1.0738541,-1.106961,-0.64603263,-1.4989872,-1.7685115,-1.7685118,-1.6397545,-1.8656718,-2.3546185,-1.6828765,-0.9825722,-1.9446628,-1.689236,-1.689236,-1.7292958,-1.7553548,-1.7050177,-1.5093901,-1.8408234,-2.0919142,-1.7716876,-1.7716877,-1.6851974,-1.7988235,-1.7283947,-1.6772752,-0.965625,-1.6312348,-1.919524,-1.919524,-1.8709099,-0.82397413,-1.5298748,-1.1844037,-0.91653836,-1.4518317,-1.2612339,-1.2612345,-1.1248941,-0.59598875,-0.78095126,-1.1868428,-1.1358058,-0.96415764,-0.99131006,-0.9913101,-0.94713104,-1.0560452,-0.8947991,-0.58813196
ClC1(C2(Cl)C3(Cl)C4(Cl)C5(Cl)C1(Cl)C3(Cl)Cl)C5(Cl)C(Cl)(Cl)C24Cl,-6.8,-6.01752,-5.5513225,-6.3742485,-6.374249,-6.35521,-6.6124854,-6.185239,-6.9596605,-7.2004366,-6.33512,-6.8569536,-6.8569536,-6.845899,-6.5994787,-6.777595,-6.560897,-6.9098268,-8.242783,-8.49843,-8.498431,-8.533888,-8.445037,-7.096854,-7.013365,-6.946055,-7.855082,-6.900215,-6.900216,-7.0798426,-7.2227473,-7.444929,-6.9217286,-6.956321,-6.3221183,-8.073612,-8.07361,-8.091667,-8.595852,-8.023442,-6.915006,-6.2388334,-2.4527178,-2.6953783,-2.695378,-2.6676402,-2.7189393,-2.6906693,-2.825871,-7.239764,-3.6258178,-4.149174,-4.1491747,-4.134349,-6.3160725,-3.9735057,-6.3329687,-6.5753493,-6.5149274,-6.131574,-6.131576,-6.151738,-5.5776834,-6.9566913,-6.6588445,-6.8323984,-6.7302313,-6.743553,-6.743556,-6.8212314,-6.7862096,-6.9029827,-6.65879
c1cc2ccc3ccc4ccc5ccc6ccc1c7c2c3c4c5c67,-9.332,-5.715333,-4.18959,-4.3266315,-4.326631,-4.3108287,-4.877072,-4.311131,-6.903593,-9.359663,-6.694343,-8.66031,-8.66031,-8.628264,-8.931031,-8.625112,-8.080522,-9.932805,-6.068056,-7.266444,-7.2664437,-7.2408495,-6.824804,-10.025815,-9.049404,-9.138723,-9.449695,-9.824555,-9.824554,-9.596264,-10.4438,-10.165375,-8.947343,-9.149259,-6.138388,-7.6125593,-7.612559,-7.621586,-7.7944574,-7.6044607,-8.774761,-9.043669,-3.6251209,-4.0737944,-4.0737944,-4.072474,-4.0739865,-3.9794412,-4.7907367,-9.70735,-6.041752,-6.7569385,-6.756938,-6.957461,-7.9272184,-7.055463,-7.152173,-9.095041,-8.017251,-8.751431,-8.7514305,-8.731915,-7.4848776,-9.218702,-8.943245,-9.158978,-8.939718,-9.201678,-9.201676,-9.201243,-9.297659,-9.029816,-9.221789
CCCC=O,-0.01,-1.184736,-1.4567587,-1.0153558,-1.0153556,-1.0170888,-1.2412134,-1.0017291,-0.7703714,-0.2771655,-0.6831171,-0.33440953,-0.3344093,-0.33392018,-0.41380388,-0.31566206,-0.965716,-0.11971927,-1.1190954,-1.1008674,-1.1008673,-1.1028324,-1.0530347,-0.75459653,-0.63881505,0.23781857,-0.85357934,-0.6885768,-0.6885752,-0.83452016,-1.2492849,-1.5508665,-1.0169026,0.06727344,-1.6187809,-1.274994,-1.2749941,-1.2518815,-1.255094,-1.1540548,-1.1173418,0.15755156,-1.7636114,-1.4699943,-1.4699942,-1.4265081,-1.4490039,-1.385139,-0.9372816,-0.039017297,-0.71445644,-0.6385354,-0.63853514,-0.6160681,0.2862183,-0.37384775,-0.21376887,0.022939611,-0.69656265,-0.4789088,-0.47890916,-0.4426887,-0.28953326,-0.28205594,-0.519715,0.1391975,0.16188566,0.2839351,0.28393513,0.2729281,0.2508199,0.17403024,0.24830292
CCCCCCCC=C,-5.05,-3.419389,-2.7685213,-2.5220697,-2.5220695,-2.5001655,-2.8644936,-2.4008412,-1.9800248,-4.7289705,-2.777359,-3.7853673,-3.7853675,-3.7343404,-3.786247,-3.7719262,-2.911553,-5.1141996,-2.644713,-2.5955884,-2.5955882,-2.6056788,-2.4997983,-3.3817353,-3.3310838,-4.477949,-2.7499392,-3.9228566,-3.9228566,-3.8978465,-3.697037,-4.9019227,-3.3443909,-4.808514,-2.5985336,-2.5332625,-2.5332625,-2.5602832,-2.6654384,-2.3922038,-2.3669393,-4.2785783,-3.3777714,-3.2466886,-3.2466888,-2.7608109,-3.2489464,-2.7409055,-3.6720302,-4.8728285,-4.320962,-4.890959,-4.8909583,-4.852286,-5.386673,-4.601845,-4.7722607,-5.025779,-3.78989,-3.6974168,-3.6974177,-3.7250729,-2.5675244,-4.1381364,-3.4015965,-5.3230443,-5.1358824,-5.2252173,-5.2252173,-5.2525597,-5.310486,-5.025328,-5.399339
CCOC(=O)N(C)C(=O)CSP(=S)(OCC)OCC,-2.518,-3.8227024,-4.886617,-4.672066,-4.6720667,-4.645838,-4.9371223,-4.4950266,-3.9765174,-4.0798154,-3.691946,-2.7010825,-2.7010825,-2.731245,-3.1484013,-2.648535,-3.4612377,-2.9472082,-4.8177247,-4.322856,-4.322856,-4.3321776,-4.5915284,-3.9501944,-3.5646896,-3.0244987,-2.5203168,-3.018534,-3.0185323,-2.8770366,-3.280751,-3.5808222,-2.6963344,-3.9636695,-4.9561167,-4.7455873,-4.745587,-4.6135516,-4.90707,-4.294739,-3.921432,-4.8470006,-4.488107,-4.8782425,-4.878243,-4.745642,-4.781129,-4.796556,-4.9128127,-3.5792842,-4.297591,-4.5951242,-4.5951242,-4.6680174,-4.5303354,-4.6609774,-4.39706,-2.834384,-3.6915958,-3.2041132,-3.204113,-3.063224,-2.5205033,-2.6050067,-3.2969458,-2.6452231,-4.1906214,-3.6399777,-3.6399784,-3.8704464,-4.6739283,-3.5530498,-5.585746
CCN2c1cc(Cl)ccc1NC(=O)c3cccnc23 ,-5.36,-3.623471,-3.971017,-3.6795542,-3.6795545,-3.6674185,-3.9986076,-3.659058,-3.2209241,-4.302358,-4.382417,-4.3769846,-4.376985,-4.346479,-4.4365673,-4.3611603,-4.1219487,-5.1258163,-4.9105744,-4.6635914,-4.663591,-4.6825314,-4.845559,-4.8277845,-4.816475,-3.994841,-4.3720016,-4.655677,-4.6556754,-4.8510213,-4.673231,-5.3155007,-4.498643,-5.147256,-3.9252875,-4.0028167,-4.0028167,-3.9770772,-4.0837584,-3.9514508,-3.7012777,-4.1398787,-3.3934464,-3.9799974,-3.979997,-3.9623609,-3.9487226,-3.9570367,-4.6259,-4.269169,-2.7075272,-2.9500878,-2.950088,-2.9221392,-2.6583362,-2.5856235,-2.5945911,-4.1472874,-5.277716,-4.5319047,-4.5319047,-4.5235496,-3.596685,-4.4729414,-4.380233,-5.377122,-5.3060274,-5.442961,-5.442962,-5.4412956,-5.7254834,-5.5657506,-5.365439
ClCCCl,-1.06,-1.3780506,-1.1761932,-0.528819,-0.5288192,-0.51408315,-0.77729607,-0.51291484,-0.8629256,-1.10816,-0.79078275,-1.0337522,-1.0337517,-1.0420278,-1.0920057,-1.0288985,-1.098072,-1.1042382,-0.92866755,-0.885209,-0.88520896,-0.88568217,-0.9038145,-0.984418,-1.1661669,-0.15328331,-1.0845164,-1.1351967,-1.1351954,-1.3286393,-1.7274607,-2.0849109,-1.0359335,-1.0323101,-3.3598192,-2.077645,-2.077645,-2.101688,-2.366295,-2.0563312,-1.5676478,-0.9234921,-1.2987362,-1.0060405,-1.0060406,-1.0243009,-1.0286405,-1.0604503,-0.96783394,-1.2570976,-1.4039139,-1.3364242,-1.3364241,-1.3302356,-2.1242604,-1.1073396,-1.5397869,-1.0109012,-1.3945115,-1.3734694,-1.3734696,-1.3578068,-1.0393826,-1.3945241,-1.092049,-1.3818924,-2.2393808,-2.1626499,-2.16265,-2.2739823,-2.1736555,-2.4072778,-1.8767638
Clc1cccc(Br)c1,-3.21,-2.8508954,-2.4431164,-2.3953497,-2.3953495,-2.4046638,-2.7369795,-2.4385967,-2.254952,-3.5201676,-2.8976068,-3.0649474,-3.0649476,-3.06802,-2.876503,-3.0589507,-3.2125325,-3.460052,-1.949715,-1.9870386,-1.9870384,-1.991445,-1.9358397,-3.1038241,-2.7726638,-2.8893657,-2.7411652,-2.9967282,-2.9967277,-3.259804,-3.645296,-4.015401,-2.85538,-2.9753168,-1.8928491,-2.1148536,-2.114854,-2.0541296,-2.1737678,-2.023127,-2.9092622,-2.9928203,-2.3649092,-2.5530486,-2.5530486,-2.4997926,-2.5524073,-2.7365563,-2.867973,-3.1443515,-2.6378038,-2.6461792,-2.6461794,-2.6451375,-3.4138699,-2.4989522,-2.9895754,-3.1987205,-3.826126,-3.335482,-3.3354821,-3.3342788,-3.0956726,-3.2977233,-3.2659745,-3.2898297,-3.5433354,-3.595467,-3.595468,-3.5679474,-3.6805751,-3.5194938,-3.6474798
O=c1[nH]cnc2nc[nH]c12 ,-2.296,-1.1229748,-2.1829038,-2.0629756,-2.0629754,-2.0589752,-2.2278647,-2.064272,-1.2997509,-1.2461312,-0.9674316,-0.5613494,-0.56134903,-0.5747035,-0.6571983,-0.5540237,-0.8717265,-2.7501817,-1.519201,-1.3946041,-1.3946042,-1.3973336,-1.3557185,-0.6063578,-0.86443704,-1.7094622,-0.34233367,-1.0058665,-1.0058657,-1.5011654,-1.2854556,-2.08403,-0.74845105,-1.7534764,-1.6974931,-1.9783745,-1.9783745,-1.9785997,-1.947361,-2.0093718,-1.0386257,-1.9195669,-2.1944711,-2.2443163,-2.244316,-2.2427206,-2.2222126,-2.2615035,-1.6841091,-2.5365162,-0.86777365,-0.8023093,-0.80230904,-0.7914578,-0.6379043,-0.6196428,-0.64201474,-1.9732542,-1.2165878,-1.0053215,-1.0053213,-0.99677455,-0.89166033,-0.9234197,-0.9252448,-2.2180197,-2.306416,-2.3683925,-2.3683927,-2.2809985,-2.3258257,-2.5010478,-2.3429828
O=C1NC(=O)NC(=O)C1(CC=C)c1ccccc1,-2.369,-2.873422,-3.5593202,-3.390669,-3.3906693,-3.3860288,-3.64974,-3.3562312,-2.8590126,-2.4508963,-2.7422652,-2.3758204,-2.3758206,-2.3450577,-2.3104117,-2.365372,-2.8182611,-2.6981041,-4.0600047,-3.5451765,-3.5451763,-3.557891,-3.8613749,-2.3306825,-1.9564438,-2.5797837,-2.0751097,-2.4450948,-2.4450932,-2.8797247,-2.958089,-3.397839,-2.321155,-2.1060953,-3.168413,-3.1561718,-3.1561718,-3.1253562,-3.2497218,-3.0366695,-2.7613726,-2.8889027,-3.1483412,-3.4457939,-3.4457939,-3.2104516,-3.4296896,-3.1290662,-4.1045866,-1.9832672,-2.027927,-2.512544,-2.512544,-2.5100791,-2.5395718,-2.259331,-2.6837015,-2.4261537,-2.8658428,-2.6505063,-2.6505065,-2.6150687,-1.6445891,-2.609219,-2.4081993,-2.3721566,-2.3852553,-2.4610403,-2.4610398,-2.4306111,-2.4952312,-2.4026315,-2.431056
Brc1ccc2ccccc2c1,-4.4,-3.5108967,-2.6125517,-2.6958277,-2.695828,-2.7087798,-3.1403809,-2.752912,-2.7583175,-4.359195,-4.4486365,-4.712557,-4.7125554,-4.7038875,-4.630414,-4.7025,-4.4177,-4.580809,-2.5048666,-2.630379,-2.6303792,-2.6382,-2.5024905,-4.106065,-4.2213244,-4.083922,-3.9098973,-4.274203,-4.2742023,-4.448313,-4.7137237,-5.2556596,-3.9626205,-4.289071,-2.07903,-2.4247148,-2.4247148,-2.428423,-2.378146,-2.415189,-4.2613816,-3.7441273,-2.5020933,-2.5844238,-2.5844238,-2.559812,-2.6097264,-2.6302142,-2.7329257,-4.605138,-5.0660677,-5.3423085,-5.342308,-5.3392816,-5.024959,-5.190895,-4.2442513,-4.348044,-5.0519266,-4.801284,-4.801285,-4.8287663,-4.3190203,-4.6840987,-4.7334657,-4.2272444,-4.1771398,-4.2711315,-4.2711306,-4.243728,-4.3120418,-4.208798,-4.3467956
Cc1ccc(N)cc1,-1.21,-1.1077743,-2.0791283,-1.7831643,-1.7831643,-1.7927552,-1.9594641,-1.813942,-1.1153754,-1.1595843,-1.5297614,-1.6254973,-1.6254969,-1.6212534,-1.644207,-1.6060756,-1.9969347,-1.0516446,-1.5492435,-1.6370786,-1.6370785,-1.6411396,-1.5373892,-1.1368177,-0.9953217,-0.6635791,-1.5188248,-1.5266714,-1.5266715,-1.6925318,-2.1418765,-2.394371,-1.5465987,-0.9998121,-2.2512295,-2.0941353,-2.0941355,-2.1940718,-2.1716013,-2.2836342,-2.5209305,-1.289613,-2.7086997,-2.0951626,-2.0951624,-2.1739194,-2.099638,-2.1775253,-1.6796107,-1.3655597,-1.222423,-1.5408953,-1.5408949,-1.4940192,-0.99453384,-1.1540062,-1.1041738,-1.0964308,-2.217095,-1.8927318,-1.8927319,-1.8825898,-1.2969297,-2.2629766,-1.6163033,-1.1243999,-1.7968115,-1.7030013,-1.7030013,-1.7060684,-1.4968599,-1.8445092,-1.578111
O=C1N(COC(=O)CCCCCC)C(=O)C(N1)(c2ccccc2)c3ccccc3,-6.301,-4.863243,-6.4920545,-5.9345,-5.9345007,-5.938068,-6.218691,-5.979488,-4.6043453,-5.625,-5.342996,-4.7942877,-4.7942877,-4.678012,-5.1817174,-4.825737,-5.390478,-6.399286,-5.5625367,-5.41269,-5.4126897,-5.531785,-6.025098,-6.286516,-5.7321234,-6.1967826,-4.926237,-5.63727,-5.637269,-6.234757,-5.416593,-6.648976,-5.832318,-6.1380005,-6.2575736,-5.90674,-5.9067407,-5.849854,-5.961404,-5.8640532,-4.5709,-6.506776,-5.970144,-5.9270773,-5.9270763,-5.887348,-5.637385,-5.693705,-5.552947,-6.180558,-4.687685,-4.703934,-4.703934,-4.707891,-4.8925414,-4.4135485,-5.5386705,-5.1211934,-6.209692,-5.812939,-5.81294,-5.7572155,-4.492917,-5.4627995,-6.3540096,-6.4035883,-6.1715517,-6.418467,-6.4184675,-6.3369336,-6.4429135,-6.429136,-6.339826
COCCCNc1nc(NC(C)C)nc(SC)n1,-2.928,-4.2644854,-5.043231,-4.635551,-4.6355515,-4.628891,-4.924066,-4.6072607,-3.3782692,-3.9327216,-3.890385,-3.5447066,-3.5447059,-3.5328224,-4.1445403,-3.6107476,-4.053639,-2.8205974,-4.547676,-4.2126245,-4.2126245,-4.1974025,-4.291403,-2.966799,-3.0341308,-3.0208504,-2.058334,-2.8530047,-2.8530035,-2.703831,-2.8185663,-3.5330405,-2.538753,-3.5691593,-4.9384446,-4.683897,-4.6838975,-4.662649,-4.805908,-4.6530256,-3.6163013,-3.7304294,-4.62261,-4.693168,-4.6931677,-4.4985013,-4.587521,-4.3806424,-4.4570665,-3.5521865,-3.6987092,-4.0932107,-4.093211,-4.048348,-4.6777534,-3.6762917,-4.437355,-3.6706588,-4.387224,-3.823056,-3.8230565,-3.871167,-3.0107124,-3.4212644,-3.512136,-3.0170174,-2.9785538,-3.0044022,-3.0044029,-2.8723786,-2.9880862,-3.2500665,-3.1043766
Fc1cccc(F)c1C(=O)NC(=O)Nc2cc(Cl)c(F)c(Cl)c2F ,-7.28,-4.929648,-5.912976,-5.629815,-5.6298156,-5.6451354,-6.059425,-5.735362,-4.882599,-8.368546,-3.2388563,-4.660033,-4.660033,-4.891664,-6.1627173,-4.302645,-2.1468258,-7.4882584,-5.7671747,-5.329502,-5.3295016,-5.3341155,-5.541565,-5.028057,-3.5835934,-6.8234634,-4.777094,-6.0814714,-6.081471,-6.6583247,-6.2772126,-6.513115,-5.278501,-6.3596663,-5.012337,-5.0466213,-5.046621,-5.100429,-5.336502,-5.246079,-6.383993,-7.37256,-5.2934346,-4.98534,-4.9853396,-5.0565386,-4.977949,-4.9148183,-3.9883642,-7.417218,-4.5068016,-4.2598577,-4.2598577,-4.32986,-3.3063722,-4.3165364,-3.4080548,-6.6240263,-2.1218653,-3.5108445,-3.5108445,-3.4532096,-1.8778738,-3.589779,-2.3383768,-7.4358063,-5.2051573,-5.9171534,-5.9171524,-5.436767,-4.379712,-5.783848,-4.4822116
CC(=O)N,1.58,0.11350437,-1.537581,-1.0341914,-1.0341913,-1.0307314,-1.036179,-1.0116304,-0.341281,1.4361398,0.0284073,0.91140383,0.911404,0.90931183,0.6006213,0.92622906,-0.18325892,0.916458,-0.94330424,-0.9045339,-0.904534,-0.9054921,-0.86464894,-0.16704188,-0.35562035,1.3147541,-0.2390891,0.09224119,0.09224044,-0.26566088,-0.4824681,-0.7580035,-0.42744046,1.79419,-1.3686876,-0.76037014,-0.76037014,-0.77799094,-0.694642,-0.7778226,0.0049399673,1.9204683,-1.2794411,-0.8991627,-0.89916265,-0.9366995,-0.83941424,-0.970279,-0.5509893,0.99393785,-0.049363572,0.13635056,0.13635054,0.16043842,0.6036888,0.34781048,0.2279656,1.5487252,0.13245726,0.41543955,0.4154392,0.43838608,0.59347135,0.7654472,0.38801605,1.5764425,-0.013871234,0.40545347,0.40545362,0.2917891,0.52997553,-0.080427654,0.25041145
CCN2c1ccccc1N(C)C(=S)c3cccnc23 ,-4.706,-3.2694478,-3.875623,-3.515718,-3.515718,-3.478962,-3.8696413,-3.4052413,-2.5419364,-4.795134,-4.513657,-5.1872416,-5.1872416,-5.156805,-5.46874,-5.180989,-4.6067257,-4.6376467,-4.825931,-4.502155,-4.502155,-4.5462627,-4.782577,-4.284811,-4.1186395,-4.111556,-4.6601624,-4.789912,-4.7899103,-5.0945334,-5.056693,-5.589004,-4.5524473,-4.099861,-4.110998,-4.234697,-4.234697,-4.1779504,-4.386362,-4.099957,-3.2647028,-3.911321,-3.2665784,-3.795416,-3.7954154,-3.7774339,-3.802838,-3.7733166,-4.30206,-4.3170404,-2.3922973,-2.5755417,-2.5755417,-2.5401604,-2.9251337,-2.1870615,-2.6882122,-4.4531956,-5.4804935,-5.154947,-5.1549463,-5.1535916,-3.9003043,-5.095654,-4.547101,-4.688348,-4.601101,-4.786338,-4.7863383,-4.7542996,-4.8692913,-4.7602534,-4.7069592
COc1ccc(cc1)N(=O)=O,-2.41,-2.638495,-2.482377,-2.4637845,-2.4637845,-2.4772162,-2.8254056,-2.517959,-2.282006,-1.8476353,-1.6360193,-1.2913901,-1.2913897,-1.2755579,-1.2493623,-1.3017362,-1.5478549,-2.4149442,-1.9797304,-2.0008497,-2.0008497,-2.0072348,-1.9273322,-1.6349424,-1.7666997,-2.0843265,-1.6371497,-1.8005998,-1.8005989,-2.2487009,-2.3351414,-2.7628734,-1.7320732,-2.6940014,-2.0662992,-2.1253185,-2.1253185,-2.1706533,-2.247423,-2.220177,-2.2166042,-1.9382404,-3.0924501,-3.3281295,-3.3281288,-3.273234,-3.2702188,-3.412766,-4.2050996,-2.8105443,-0.9883511,-1.7302684,-1.7302681,-1.6689479,-1.8319396,-1.3024243,-1.6284218,-2.0174756,-2.2011375,-1.905748,-1.9057491,-1.9222753,-1.2257934,-2.1129248,-2.129842,-2.3960109,-2.302132,-2.3868587,-2.3868597,-2.3443632,-2.4016032,-2.3079212,-2.448694
CCCCCCCCCCCCCCCO,-6.35,-5.5526276,-5.044698,-4.8781486,-4.878148,-4.880675,-5.323385,-4.936172,-3.950729,-6.786606,-4.568526,-6.678564,-6.6785636,-6.61906,-7.206948,-6.684517,-5.950849,-6.6880875,-4.8031573,-4.648364,-4.6483636,-4.9986753,-4.6998453,-5.8376284,-5.8834114,-6.0342627,-5.679289,-6.7927723,-6.792773,-6.283087,-5.892223,-6.8319383,-6.8575687,-6.1726236,-4.994795,-4.8671374,-4.8671374,-4.9347944,-5.2005544,-5.028246,-5.5763073,-5.803726,-5.8012733,-5.301605,-5.3016043,-5.2874985,-5.467835,-5.3245726,-5.331048,-6.5442705,-6.1586094,-6.552838,-6.5528374,-6.6724553,-5.776496,-6.2125216,-6.4103284,-6.025407,-5.5281096,-5.846473,-5.846474,-5.813679,-4.3495803,-6.3151383,-5.8855305,-6.3004394,-6.291456,-6.3901825,-6.3901825,-6.555956,-6.636337,-6.3668756,-6.406386
CCc1ccccn1,0.51,-1.8328574,-2.1103306,-1.5714935,-1.5714934,-1.5809823,-1.6974534,-1.5992229,-0.8628368,-1.498317,-1.8249784,-1.6784388,-1.6784384,-1.6657977,-1.6799877,-1.6771883,-1.8476043,-0.6626681,-1.6505892,-1.7415279,-1.7415279,-1.7447566,-1.6875681,-1.8287365,-1.6546267,0.4590692,-1.5841174,-1.5319684,-1.5319679,-1.568279,-2.020531,-2.3837016,-1.5011147,0.35776284,-1.8189455,-1.4910196,-1.4910194,-1.5319864,-1.524968,-1.530072,-0.8977735,-0.7063967,-2.2260666,-2.2103677,-2.2103677,-2.2055628,-2.2033696,-2.2294137,-1.8129842,-0.093338974,-2.0912888,-2.0489976,-2.0489974,-2.0194545,-1.2567238,-1.7352998,-1.406133,-0.7666522,-1.899252,-1.6506988,-1.6506994,-1.6666214,-1.2241575,-1.2268715,-1.3950099,0.5482768,0.6483495,0.5813035,0.5813032,0.6488473,0.54573447,0.8732411,0.30345443
COC(=O)c1cccnc1 ,-0.46,-1.9676712,-2.3311043,-2.1807997,-2.1808,-2.1911297,-2.4514053,-2.2225678,-1.807467,-1.0407703,-1.4293355,-0.45071444,-0.45071417,-0.4255322,-0.67121625,-0.44471756,-1.2994586,-0.8697809,-1.6188905,-1.6216248,-1.621625,-1.6269679,-1.5237156,-1.0077536,-1.0489154,0.047151573,-1.172275,-1.1245139,-1.1245134,-1.5149475,-1.6962029,-2.0600162,-1.3396832,-1.0815966,-2.0385962,-2.2492003,-2.2492003,-2.3020525,-2.2598584,-2.3786173,-1.7757716,-0.8675318,-3.230335,-3.500681,-3.5006804,-3.529492,-3.4015498,-3.2982032,-1.7372887,-1.2933594,-1.3079323,-1.9668695,-1.96687,-1.9139546,-1.7403404,-1.6042129,-1.6224489,-1.0437721,-1.6101327,-1.4363793,-1.4363797,-1.4296443,-0.75486743,-1.2371435,-1.4404122,-0.4422997,-0.3492155,-0.31342295,-0.3134229,-0.28798163,-0.35436565,-0.30263746,-0.30469218
CCCCCC=C,-3.73,-2.4825196,-2.2079263,-1.9126314,-1.9126314,-1.8984836,-2.2081544,-1.8257384,-1.4479932,-3.1418374,-1.7640495,-2.637717,-2.6377165,-2.6195078,-2.4226265,-2.6085567,-2.2452548,-3.8285904,-1.8799155,-1.942977,-1.9429772,-1.9490628,-1.8485233,-2.5000157,-2.2972057,-2.999946,-1.9878361,-2.711292,-2.7112927,-2.97297,-2.859893,-3.7339392,-2.2961586,-3.0334973,-2.1072636,-1.9897908,-1.9897906,-2.029076,-2.053075,-1.9090189,-1.8059304,-2.3544445,-2.7887697,-2.7533524,-2.7533522,-2.5716872,-2.762256,-2.6368802,-3.3104627,-3.632913,-3.7439923,-4.048654,-4.0486536,-4.063379,-3.8337893,-3.857096,-3.5006657,-3.5571942,-3.0418344,-2.890994,-2.8909943,-2.9203742,-1.9692565,-3.458973,-2.4637325,-3.8121479,-3.5445132,-3.5774062,-3.577406,-3.6816285,-3.752847,-3.8323607,-3.9195175
CCC(C)(O)CC,-0.36,-1.9192816,-2.0045197,-1.6442895,-1.6442894,-1.6318771,-1.8802956,-1.5515835,-0.98755693,-0.39987722,-1.5368527,-1.684672,-1.6846718,-1.6805679,-1.7925305,-1.6729009,-1.9723865,-0.8453597,-1.7502519,-1.7971064,-1.7971064,-1.8014917,-1.7187878,-1.4930478,-1.604107,-0.16210923,-1.3829715,-1.4207066,-1.420706,-1.4415276,-1.7632948,-2.0995295,-1.391034,-0.83969784,-1.9051441,-1.7447308,-1.7447307,-1.7064055,-1.836237,-1.5725983,-1.5172695,-1.4789877,-1.8579184,-1.8345656,-1.8345654,-1.8149469,-1.8194554,-1.8328955,-1.5101836,-0.6709588,-1.3695148,-1.5537156,-1.5537155,-1.5196815,-0.52300143,-1.2103884,-0.9611368,-0.615056,-1.5438994,-1.3348994,-1.3348999,-1.338014,-0.89467835,-0.88882154,-1.3941827,-0.34178203,-0.5720097,-0.6246034,-0.6246034,-0.512115,-0.7128834,-0.5029546,-0.8672628
CCCCCCCCC,-5.88,-3.5505257,-2.8379283,-2.6749651,-2.6749654,-2.6671872,-3.0521264,-2.6341307,-2.1292405,-5.3295035,-2.81153,-4.1206865,-4.1206865,-4.0785217,-4.2665,-4.1552463,-2.9729664,-5.7063575,-2.8932362,-2.8811548,-2.8811545,-2.9035554,-2.755656,-4.0744057,-4.0861573,-4.9775352,-3.695749,-4.602518,-4.602518,-4.1254945,-4.1007066,-5.273441,-4.1634674,-4.9191213,-2.8472664,-2.796502,-2.796502,-2.7180214,-2.8942394,-2.689984,-2.5829747,-4.2790837,-3.7852554,-3.946805,-3.9468052,-3.6583626,-3.9101067,-3.7212899,-4.9151716,-5.8777947,-4.5063057,-5.3444877,-5.344487,-5.37777,-5.5310135,-5.103552,-5.5228906,-5.9719577,-4.1960764,-4.362969,-4.3629694,-4.3884873,-3.0775838,-5.149874,-4.065887,-5.8652925,-5.195264,-5.5668745,-5.5668755,-5.857043,-6.3341594,-6.0666876,-5.8081255
c1c(Br)ccc2ccccc12 ,-4.4,-3.5108886,-2.6125526,-2.6958282,-2.6958282,-2.7087798,-3.1403804,-2.752912,-2.758315,-4.359195,-4.4486365,-4.712557,-4.7125554,-4.7038875,-4.630414,-4.7025,-4.4177,-4.580743,-2.5048566,-2.6303668,-2.6303666,-2.6381874,-2.50248,-4.1060357,-4.221286,-4.083922,-3.9098973,-4.274203,-4.274203,-4.448313,-4.7137237,-5.2556596,-3.9626205,-4.289071,-2.0790312,-2.4247162,-2.424716,-2.4284241,-2.3781466,-2.4151907,-4.261384,-3.7441278,-2.5020933,-2.584424,-2.5844243,-2.559812,-2.6097264,-2.6302145,-2.7329273,-4.605138,-5.0660667,-5.3423076,-5.3423076,-5.3392806,-5.0249586,-5.1908946,-4.2442517,-4.378109,-5.0386357,-4.7831883,-4.7831893,-4.8105154,-4.300519,-4.66863,-4.737429,-4.2272444,-4.1771398,-4.2711315,-4.2711306,-4.243728,-4.3120418,-4.208798,-4.3467956
OCC(NC(=O)C(Cl)Cl)C(O)c1ccc(cc1)N(=O)=O,-2.111,-4.2407017,-4.84031,-4.5274262,-4.527426,-4.4867525,-4.8600254,-4.4045944,-4.4733377,-3.051171,-3.043006,-3.525499,-3.5254986,-3.3798296,-3.76173,-3.3827164,-3.4024396,-1.8340505,-4.5301414,-3.7914755,-3.7914753,-3.8553972,-4.286213,-2.118677,-2.0425081,-2.0932136,-2.115498,-1.9055132,-1.9055111,-2.264867,-2.5163503,-3.160244,-2.523193,-2.6178854,-3.8923166,-3.9699073,-3.9699073,-3.9031248,-4.161585,-3.8482137,-4.3911185,-4.2373047,-4.1046934,-4.17593,-4.17593,-3.595058,-4.120071,-3.5754836,-4.80487,-1.613794,-2.3752556,-2.7887866,-2.7887866,-2.7453387,-2.5131881,-2.4158797,-2.490082,-2.5672998,-3.2346625,-3.4491062,-3.449107,-3.4081397,-1.9926118,-3.3932946,-3.1387901,-2.0503623,-2.2120013,-1.9122875,-1.9122881,-1.8172727,-1.9211051,-1.890906,-3.1993818
Clc1ccccc1N(=O)=O,-2.55,-1.9728127,-2.4880571,-2.4244807,-2.424481,-2.4162269,-2.626903,-2.4152055,-2.0647295,-2.3187695,-1.2823226,-2.0236278,-2.0236275,-2.0386808,-1.9210207,-2.0055435,-1.6084089,-2.8484359,-1.8988564,-2.0201006,-2.0201,-2.0270033,-2.0282366,-2.3473845,-2.3609853,-2.187229,-2.2176816,-2.529734,-2.5297337,-2.8507538,-3.1316674,-3.5729852,-2.371477,-2.2711487,-1.8355029,-1.5110654,-1.5110651,-1.5201244,-1.6504649,-1.4641107,-1.4288232,-2.0728302,-2.0654676,-2.0145714,-2.0145714,-2.0072608,-2.0244374,-2.0636032,-1.7189169,-2.6914284,-1.6013789,-2.4575322,-2.4575324,-2.5197814,-2.7894132,-2.2883346,-2.8184717,-2.3850994,-2.3744152,-2.7839556,-2.7839558,-2.8515074,-2.138071,-2.5083575,-2.5097075,-2.4984431,-2.2934394,-2.4248261,-2.424826,-2.3107996,-2.5555892,-2.125942,-2.6374743
COc1ccc(C=CC)cc1,-3.13,-2.5462337,-2.7283106,-2.6131647,-2.6131647,-2.620422,-2.973805,-2.6390548,-1.9970202,-3.0176344,-3.4972787,-2.925674,-2.925674,-2.7634506,-3.0775042,-2.9199808,-3.041345,-3.113511,-2.3054,-2.2534745,-2.2534745,-2.259646,-2.1755235,-1.8784962,-1.9978899,-2.5220935,-1.8483224,-2.0794716,-2.0794706,-2.3403842,-2.4875414,-2.9451435,-2.0491827,-2.5655866,-2.3622782,-2.2219472,-2.2219472,-2.292231,-2.3858829,-2.329125,-1.9421028,-3.0759568,-3.8738654,-3.836394,-3.836394,-3.3071384,-3.8556085,-3.097747,-4.0224924,-3.508532,-1.8449854,-2.4729836,-2.4729838,-2.4055345,-3.0996075,-2.0240772,-2.6739914,-2.6495926,-3.4846697,-3.0143588,-3.014359,-3.054545,-2.1259236,-3.2819514,-2.8283064,-3.1351752,-3.041347,-3.0568702,-3.0568707,-3.0227015,-3.1077316,-3.1654062,-3.1230776
O=C1NC(=O)NC(=O)C1(CC)CCC(C)C,-2.658,-2.577951,-3.6096005,-3.4423726,-3.4423728,-3.4380326,-3.7248006,-3.4167123,-2.7135954,-2.2282398,-1.8713892,-1.4517112,-1.4517113,-1.4300193,-1.535856,-1.4445751,-1.838724,-2.9628427,-4.1607957,-3.765351,-3.7653515,-3.782548,-3.9600165,-3.3886032,-3.0739217,-2.950131,-2.9107993,-3.1356814,-3.13568,-2.6244984,-3.4093463,-3.7093527,-3.0929935,-2.5444255,-3.453124,-3.3130217,-3.3130214,-3.2914498,-3.461876,-3.2159276,-2.5896773,-2.8822742,-3.1479373,-3.555781,-3.5557811,-3.5128837,-3.546606,-3.483415,-4.2898946,-2.499101,-2.124969,-2.6715586,-2.6715586,-2.65859,-2.8052354,-2.388046,-2.8506227,-1.9802201,-2.1388364,-1.9781742,-1.9781754,-1.946939,-1.1299406,-1.7655538,-1.8733677,-2.5506742,-2.4303417,-2.448768,-2.448768,-2.4157424,-2.4467099,-2.5559075,-2.4819636
OC(Cn1cncn1)(Cn2cncn2)c3ccc(F)cc3F ,-1.8,-3.8147247,-4.44005,-4.1015964,-4.101597,-4.0966144,-4.4230256,-4.0806026,-3.619229,-2.1052012,-2.3414927,-2.538334,-2.5383334,-2.5019224,-2.6558182,-2.4386213,-2.4401987,-1.905661,-4.437519,-3.7640114,-3.7640114,-3.7759128,-4.1598587,-2.52475,-2.1623476,-1.5053594,-2.6388366,-2.7381804,-2.7381787,-2.6690447,-3.183426,-3.161736,-1.9628149,-2.4289074,-3.7762094,-3.7818875,-3.7818875,-3.7462327,-3.939463,-3.7340865,-3.0858886,-3.8557987,-3.780849,-4.3699617,-4.369962,-4.1291523,-4.3127813,-3.9237761,-5.179169,-1.8715471,-2.3204796,-2.6439157,-2.6439154,-2.614535,-3.025922,-2.2813778,-3.044667,-2.0551004,-2.4282782,-2.7443526,-2.7443535,-2.7101371,-1.309291,-2.517568,-1.9332131,-1.832868,-1.8318855,-1.8057979,-1.8057991,-1.7265662,-2.002061,-2.0757847,-1.7061542
CC12CC2(C)C(=O)N(C1=O)c3cc(Cl)cc(Cl)c3,-4.8,-3.979196,-4.2687817,-3.971896,-3.971896,-3.9714143,-4.2602854,-4.003527,-3.5595818,-4.4113307,-3.9689043,-3.9841564,-3.9841564,-3.984162,-3.8913255,-4.0387273,-3.4674416,-5.039913,-4.670555,-4.382702,-4.382702,-4.386435,-4.5593367,-4.0951233,-3.7299838,-4.570071,-4.2667046,-4.8337107,-4.8337107,-4.9385457,-5.2313704,-5.43673,-4.4026413,-4.6730223,-3.8203454,-4.100443,-4.1004424,-4.149761,-4.218324,-4.268282,-5.4422507,-3.6472688,-3.0491219,-2.5942614,-2.5942616,-2.5798118,-2.7042413,-2.7813137,-2.5625918,-5.162221,-3.4237018,-3.75845,-3.75845,-3.7231662,-3.8747544,-3.3497593,-3.8668902,-4.044206,-3.9424877,-3.8557413,-3.8557422,-3.8425457,-2.8430824,-3.9951587,-3.7073731,-4.7682447,-5.2336674,-5.9704485,-5.970448,-5.991916,-6.0708075,-6.0498405,-5.6501346
CCc1cccc(CC)c1N(COC)C(=O)CCl ,-3.26,-3.115759,-4.1482387,-4.198482,-4.198482,-4.1848474,-4.587933,-4.210352,-3.5925953,-2.6671147,-2.850102,-2.7120368,-2.7120373,-2.7247083,-2.9258423,-2.692264,-2.2546606,-3.5270405,-4.269284,-3.708356,-3.7083564,-3.7253776,-4.0024147,-3.0001855,-2.9636366,-2.3659568,-2.9430773,-3.2057736,-3.2057724,-3.1094718,-3.2543352,-3.7870853,-2.9055243,-3.589252,-4.061655,-4.033113,-4.033113,-3.9306927,-4.305922,-3.7245014,-3.0915384,-3.9440522,-2.9962697,-3.4222412,-3.4222412,-3.39326,-3.4457479,-3.3896859,-4.0115495,-2.495753,-2.9426658,-3.185814,-3.1858137,-3.1424797,-2.989826,-2.7725928,-2.9237688,-2.6683803,-3.7516837,-3.5026078,-3.5026085,-3.4425898,-2.4658396,-3.3199868,-3.136255,-3.0096018,-3.4395308,-3.747883,-3.7478833,-3.625917,-3.9720652,-4.3346815,-4.305967
ClC1=C(Cl)C(Cl)(C(=C1Cl)Cl)C2(Cl)C(=C(Cl)C(=C2Cl)Cl)Cl,-7.278,-7.116618,-5.5756993,-5.8454576,-5.845458,-5.8544855,-6.262299,-5.8933268,-7.995284,-7.3787932,-8.769691,-7.395505,-7.3955054,-7.3989644,-7.0488787,-7.3232985,-7.2424073,-7.4313293,-7.773933,-8.307165,-8.307165,-8.319134,-7.913868,-7.6593204,-7.3574686,-7.533971,-6.083641,-7.8006816,-7.800685,-7.480476,-7.774173,-8.528976,-7.257965,-7.128016,-5.649417,-6.8028316,-6.802831,-6.821959,-7.488867,-6.665902,-7.5192466,-7.1291704,-3.2940063,-3.891696,-3.8916962,-3.8395274,-3.8297594,-3.9776947,-5.0052505,-7.989951,-4.2755136,-4.5909085,-4.5909085,-4.590888,-7.4104624,-4.4543896,-7.037222,-7.1491213,-8.406651,-7.933456,-7.9334555,-7.9202323,-6.9308004,-7.598941,-7.201183,-7.2929826,-7.194013,-7.2765226,-7.276522,-7.346969,-7.386907,-7.2407203,-7.1293817
Oc1cccc2ncccc12 ,-2.54,-1.831506,-2.3627567,-2.2932274,-2.2932277,-2.288867,-2.5085726,-2.300425,-1.8878893,-2.0485013,-2.3912032,-1.9687241,-1.9687245,-1.9692067,-2.049786,-1.9536804,-2.476133,-2.0136256,-1.7926941,-1.8911017,-1.8911016,-1.8963524,-1.7933285,-1.3203753,-1.3415498,-1.1040487,-2.4565692,-2.530952,-2.530952,-2.7765822,-3.079158,-3.3678613,-2.208438,-2.1520011,-1.8444489,-2.2082787,-2.2082787,-2.1616592,-2.2384322,-2.1301982,-2.0376408,-1.5805743,-2.2702572,-2.2937968,-2.2937965,-2.2774868,-2.3260598,-2.3123477,-2.2144744,-2.266872,-1.01118,-1.8950284,-1.8950284,-1.8361361,-1.8090069,-1.4829067,-1.6409991,-2.1394398,-2.1472638,-2.0711749,-2.071175,-2.07352,-1.8428725,-1.8040304,-1.7179813,-2.4505754,-2.0015078,-1.6721644,-1.6721647,-1.5732342,-1.6958967,-1.6220274,-2.2669134
c1(O)cc(O)ccc1CCCCCC,-2.59,-3.658828,-3.5873516,-3.4057834,-3.4057834,-3.3939538,-3.7797852,-3.3781743,-2.74119,-3.1338043,-3.3371859,-2.727396,-2.727396,-2.7615187,-3.160768,-2.7539375,-3.0702326,-2.7671208,-3.629961,-3.4137135,-3.413713,-3.4148846,-3.381639,-3.1292727,-3.1584086,-3.3516133,-3.2627594,-3.2391737,-3.2391725,-2.7389946,-3.242146,-4.0662737,-3.1434195,-3.1386898,-3.2747147,-3.1956334,-3.1956334,-3.2199097,-3.4457057,-3.0275548,-3.0861855,-3.374204,-4.3405914,-4.3157034,-4.315703,-3.9997168,-4.29332,-4.278282,-4.702431,-3.2021515,-2.2317631,-3.4560819,-3.456082,-3.3866482,-3.4287782,-2.9836042,-3.036109,-2.6580462,-3.3503404,-2.9586098,-2.9586105,-2.9193504,-2.087537,-2.6793504,-2.8222055,-2.7357152,-2.5907655,-2.666996,-2.6669967,-2.545617,-2.6848547,-2.720424,-2.7461934
c2ccc1NCCc1c2 ,-1.04,-1.1491257,-2.1063075,-1.7319138,-1.7319139,-1.7347257,-1.8460816,-1.7476413,-1.1497285,-1.5974195,-2.235839,-2.2241995,-2.224199,-2.227855,-2.3265078,-2.2235389,-2.0106118,-1.5193387,-1.5729964,-1.6263943,-1.6263943,-1.6298794,-1.559443,-1.5544823,-1.5692056,-0.7562078,-1.9792261,-2.149883,-2.149883,-2.244069,-2.697624,-3.104752,-2.1129708,-1.5736935,-1.7328949,-1.878415,-1.8784153,-1.8532689,-1.8938667,-1.8378847,-1.3122795,-0.8907033,-2.046036,-1.9335399,-1.9335397,-1.9293824,-1.9637642,-1.975706,-1.6551012,-1.0393848,-1.3760461,-1.545092,-1.545092,-1.5040324,-0.76630694,-1.1753876,-0.988011,-1.5432316,-3.1965842,-2.7408612,-2.740862,-2.7234876,-2.314661,-2.7667222,-2.1825159,-0.76015747,-0.9387201,-0.87695056,-0.87695074,-0.90572524,-0.8511832,-1.0107079,-0.33912534
Clc1ccccc1C2=NCC(=O)Nc3ccc(cc23)N(=O)=O,-3.499,-3.9120877,-5.155278,-4.7899747,-4.789975,-4.7708926,-5.0565467,-4.7137604,-3.7057674,-3.2992935,-3.2546325,-4.255129,-4.255129,-4.2422824,-4.1194005,-4.231229,-3.8757272,-3.6605988,-5.0759726,-4.863724,-4.8637247,-4.8704963,-5.142042,-4.3329434,-4.0103,-3.2501519,-4.031146,-4.2089863,-4.2089853,-4.574302,-4.6439557,-4.8053994,-3.9365335,-3.6288185,-4.192891,-4.139246,-4.1392455,-4.0667496,-4.3387117,-3.9916744,-3.316375,-3.5060318,-3.121156,-2.867424,-2.867424,-2.8669071,-2.9482505,-2.9929457,-3.0339115,-4.0464754,-3.337274,-3.801273,-3.8012733,-3.8908205,-4.1973133,-3.5725372,-3.9896958,-3.1743135,-4.4179115,-4.42306,-4.4230604,-4.4097133,-3.0636082,-4.200275,-4.105642,-3.5541313,-3.4728725,-3.5608304,-3.5608304,-3.5234382,-3.593115,-3.5902197,-3.7267623
Cc1cc(=O)n(c2ccccc2)n1C,0.715,-2.6508822,-2.9805913,-2.5715272,-2.571527,-2.5769231,-2.7849946,-2.6107423,-1.7780026,-2.5677612,-3.0550938,-2.7710845,-2.771084,-2.738087,-2.8847132,-2.7725046,-3.2277558,0.23037168,-3.0836782,-2.8754532,-2.8754532,-2.8785262,-2.919099,-2.3366475,-2.2114036,-0.2217124,-2.6204407,-2.5984495,-2.5984488,-2.5840333,-3.0687366,-3.220221,-2.1720858,-0.09918813,-2.668629,-2.7200017,-2.7200012,-2.7653942,-2.8409677,-2.804893,-2.4347687,-0.22146222,-2.9889045,-2.8040426,-2.8040426,-2.7820134,-2.8468413,-2.8981931,-3.0696716,-0.6756183,-3.0685794,-3.340749,-3.340749,-3.3169415,-2.745914,-2.9793527,-2.7100823,-1.9284971,-3.5173354,-3.1968846,-3.1968846,-3.1986825,-2.3385408,-2.823515,-2.9913373,0.71507555,0.2294628,0.48085633,0.48085612,0.4577667,0.59483033,0.16984585,0.18274945
Clc1ccc(c(Cl)c1)c2c(Cl)c(Cl)c(Cl)c(Cl)c2Cl,-7.92,-8.1868515,-4.825643,-4.702564,-4.702564,-4.7004604,-5.052255,-4.716856,-6.2040777,-8.679586,-7.9492702,-8.279778,-8.279778,-8.225254,-8.005238,-8.327739,-8.533484,-8.309996,-8.204088,-9.320659,-9.320658,-9.34733,-9.461298,-8.480196,-8.553007,-8.566719,-7.8377614,-8.776969,-8.776968,-9.08182,-9.1716795,-9.467728,-8.570453,-8.109098,-4.4345136,-4.816017,-4.8160176,-4.829097,-4.9121475,-5.204373,-7.8439393,-8.092334,-3.963736,-4.565051,-4.565051,-4.531786,-4.4471407,-4.5577703,-5.7854137,-8.805014,-5.349438,-6.1809154,-6.1809154,-6.186393,-8.908612,-5.847079,-8.15399,-7.9581337,-8.6337385,-7.9601703,-7.9601707,-7.9540486,-7.1742215,-8.457599,-8.2481985,-7.935219,-8.761953,-8.77082,-8.770816,-8.76688,-9.031082,-8.752932,-8.383823
CCOP(=S)(OCC)Oc2ccc1oc(=O)c(Cl)c(C)c1c2,-5.382000000000001,-4.486705,-5.430866,-5.1079717,-5.107972,-5.112115,-5.468451,-5.1303415,-4.477913,-5.512189,-4.8376327,-4.1476936,-4.147693,-4.1729503,-4.5355716,-4.1418796,-4.167264,-5.25557,-5.2478256,-5.0646315,-5.0646315,-5.013302,-5.2200756,-5.022587,-4.850495,-5.849471,-5.869639,-5.801269,-5.8012686,-5.7071834,-6.091236,-6.243775,-5.1504703,-4.776609,-5.0986047,-4.838402,-4.8384013,-4.8170233,-4.9896803,-4.7836623,-4.1533923,-4.5843315,-4.571361,-5.0313053,-5.031306,-5.060416,-4.9368906,-4.977929,-4.6185036,-5.53183,-4.2035437,-4.850882,-4.8508825,-4.804124,-4.575659,-4.4772096,-4.8117223,-4.742908,-4.844329,-4.3322167,-4.332217,-4.336256,-3.3071473,-4.300324,-4.3136506,-5.517829,-5.401105,-5.4542937,-5.4542947,-5.323112,-5.460114,-5.9330997,-5.417295
CCCCCC(C)O,-1.55,-2.8981113,-2.4567397,-2.1715806,-2.1715803,-2.1694038,-2.476445,-2.151338,-1.6409645,-1.6691185,-1.6318429,-2.173682,-2.1736827,-2.1630523,-2.0881631,-2.1761835,-1.9927019,-1.583944,-2.1133902,-2.1227038,-2.1227036,-2.1343277,-2.0160773,-2.0997849,-2.0093186,-1.1449373,-2.394168,-2.4895933,-2.4895933,-2.0923398,-2.5740323,-3.0946014,-2.2811985,-2.1896548,-2.3236663,-2.2387695,-2.2387698,-2.2952394,-2.3456655,-2.2665086,-2.0317245,-1.8958645,-2.768897,-2.380472,-2.3804717,-2.3010604,-2.4352314,-2.3753355,-2.4492447,-1.7612664,-2.2183468,-2.4943326,-2.4943326,-2.4558203,-1.6197878,-2.106206,-1.8090233,-1.3405861,-2.1272438,-1.9433688,-1.9433693,-1.8670042,-1.1127062,-1.7044978,-1.8169678,-1.4927472,-1.6840547,-1.712382,-1.7123823,-1.6539809,-1.8136196,-1.6011842,-1.6314863
CCCC(=O)CC,-0.83,-1.9092343,-2.1265354,-1.6947014,-1.6947016,-1.707007,-1.9047343,-1.7205523,-1.0640569,-0.634164,-1.1334312,-1.3044358,-1.3044356,-1.2983791,-1.2475064,-1.2857137,-1.5623372,-1.0522311,-1.8638461,-1.9017633,-1.9017633,-1.9060203,-1.8616961,-2.0669806,-2.1068754,-0.29541603,-1.0238719,-1.1028482,-1.1028476,-1.1608447,-1.4386716,-1.9241253,-1.1792282,-0.95941526,-2.1897175,-2.1955535,-2.1955533,-2.2643487,-2.3261664,-2.1813598,-1.6017643,-0.89689714,-2.489307,-2.5061278,-2.5061278,-2.4837565,-2.476207,-2.566183,-2.352058,-0.9579673,-1.6712643,-1.6321303,-1.63213,-1.6334752,-1.3165659,-1.4176152,-1.1973548,-0.89280355,-1.8298475,-1.5507605,-1.5507605,-1.5284371,-1.052195,-1.0214111,-1.5614574,-0.8053217,-0.6056147,-0.6753388,-0.67533875,-0.6082517,-0.64409065,-0.6915115,-0.9524097
CC34CCC1C(CCC2CC(O)CCC12C)C3CCC4=O,-4.16,-3.7637417,-4.0335383,-3.7218812,-3.7218807,-3.7155213,-4.090589,-3.7282064,-3.349875,-4.2335515,-3.7854276,-4.1993084,-4.199308,-4.1476235,-4.4776506,-4.2289686,-4.0512624,-4.3881097,-3.6923313,-3.680188,-3.6801884,-3.6509461,-3.7270174,-4.304554,-4.036668,-4.214499,-4.9630575,-5.1232643,-5.1232643,-4.4924455,-4.545228,-5.4707937,-4.5303903,-4.4524846,-3.946337,-3.8512588,-3.8512592,-3.8733485,-3.9964373,-3.9119968,-3.283913,-4.3432064,-3.499723,-3.626932,-3.6269317,-3.3671155,-3.5958595,-3.340275,-4.2914643,-4.472621,-3.5850964,-3.9127753,-3.9127755,-3.9026482,-4.1285677,-3.5343807,-3.6977825,-3.8604622,-5.3054028,-5.140557,-5.140558,-5.142003,-3.7366998,-4.5351562,-4.511806,-4.2203636,-4.215214,-4.235437,-4.235437,-4.2204213,-4.2630277,-4.1736054,-4.234708
CCCCC(C)CC,-5.16,-2.6846316,-2.4631524,-2.0664659,-2.0664659,-2.0638523,-2.2992196,-2.0495958,-1.5120367,-3.9475238,-1.7687528,-3.1223757,-3.1223752,-3.1253088,-2.9543386,-3.103267,-2.4014864,-5.60016,-2.583592,-2.615586,-2.6155858,-2.6211927,-2.5392945,-3.8484418,-3.645507,-4.5582786,-3.3455749,-4.060876,-4.0608764,-4.3520026,-4.1228,-4.8816752,-3.807941,-5.1530123,-2.2592118,-2.108302,-2.1083019,-2.1406074,-2.2036283,-2.1144848,-1.6450566,-2.7409582,-2.7516909,-2.763679,-2.763679,-2.597839,-2.7776806,-2.637006,-3.1250045,-5.262523,-4.0091176,-4.328908,-4.328908,-4.398004,-5.3986535,-4.1920853,-4.5737586,-4.518567,-3.693687,-3.7214339,-3.7214336,-3.7747443,-2.6385136,-4.131083,-3.3240597,-5.177949,-4.5853605,-4.623545,-4.6235456,-4.6105795,-4.641753,-4.7997417,-5.098991
CCCCCOC(=O)CC,-1.28,-3.340252,-2.9273794,-2.736039,-2.7360384,-2.7376933,-3.0910385,-2.745194,-2.0042248,-1.9176195,-2.553896,-2.3455575,-2.3455577,-2.3006015,-2.6419039,-2.347024,-2.3307197,-2.1092637,-2.6882792,-2.575791,-2.5757904,-2.5860415,-2.5284946,-2.6182253,-2.6018603,-1.672459,-2.0741785,-2.5245364,-2.5245361,-2.4331682,-2.8011444,-3.2327716,-2.306708,-2.574816,-2.7820048,-2.7314348,-2.7314346,-2.808539,-2.9164784,-2.8583913,-2.4412143,-2.1715302,-3.6547403,-3.2098508,-3.2098508,-3.0761228,-3.1770225,-3.2287004,-3.2060397,-2.5213673,-2.8590631,-3.4207356,-3.4207358,-3.3705947,-2.763699,-3.0137293,-2.6421916,-1.8927667,-2.9208088,-2.56123,-2.5612311,-2.5539458,-1.7870437,-2.3076751,-2.5785315,-1.7429365,-1.8266388,-1.9901751,-1.9901752,-1.9376453,-1.9962513,-1.5155245,-1.7691773
CCOC(=O)c1ccc(O)cc1,-2.35,-2.8673916,-2.8151994,-2.7458322,-2.745832,-2.75959,-3.1109521,-2.80718,-2.3568099,-2.0893264,-2.1985998,-1.3054336,-1.3054343,-1.2801749,-1.4404552,-1.3081875,-1.7857918,-2.2673979,-2.5190601,-2.4710903,-2.47109,-2.4798632,-2.4114351,-2.0314822,-2.0821395,-1.9078096,-1.4081016,-1.1493526,-1.1493512,-1.5850992,-1.7715102,-2.176683,-1.4229745,-2.1938903,-2.5311546,-2.6628804,-2.6628807,-2.6237235,-2.7283413,-2.8326137,-2.6148093,-2.298018,-3.6363876,-3.9648123,-3.9648118,-3.941099,-3.9293885,-3.901806,-4.6965384,-2.5059545,-1.4229943,-2.5268579,-2.526858,-2.4544725,-2.5035634,-2.0794344,-2.1887362,-1.875602,-2.3716993,-1.9584392,-1.9584396,-1.8830979,-1.2917372,-1.9629784,-1.9057057,-2.343696,-2.323759,-2.400295,-2.4002953,-2.3932548,-2.397874,-2.4728172,-2.4104679
CCC(C)(C)CC,-4.23,-1.8428875,-1.8753622,-1.507985,-1.5079854,-1.4909273,-1.8444588,-1.4169686,-1.0170802,-3.698571,-1.7902298,-2.5107338,-2.510734,-2.504196,-2.5319936,-2.4986908,-2.380765,-4.7686453,-2.0001268,-2.1049483,-2.1049485,-2.1093965,-2.0364463,-2.957623,-3.0240335,-3.4093354,-2.341077,-3.073413,-3.0734143,-3.1696928,-3.1214366,-3.8980005,-2.8335078,-4.174947,-2.4594557,-2.4730086,-2.4730089,-2.0397573,-2.8040447,-1.8252158,-1.9809816,-2.6863763,-1.805724,-1.752472,-1.7524719,-1.7413216,-1.755523,-1.771795,-1.5429921,-4.300397,-3.7340798,-3.447406,-3.4474056,-3.4777408,-3.8636944,-3.4602056,-3.2027621,-4.4201217,-3.225949,-3.1678097,-3.1678104,-3.1772416,-2.4541616,-3.2087283,-2.8783398,-4.1334953,-3.5070868,-3.4562328,-3.4562335,-3.492669,-3.5327554,-3.626078,-3.6170907
CC(C)CCO,-0.51,-1.5691826,-1.8154547,-1.249692,-1.2496916,-1.2524767,-1.4335407,-1.2396351,-0.8078974,-0.10506091,-1.0481843,-0.94534093,-0.9453408,-0.94098735,-0.9832279,-0.9267326,-1.4684286,-0.35704094,-1.3630285,-1.3451084,-1.3451084,-1.3483843,-1.24309,-0.5106718,-0.5775823,-0.033423346,-1.1102781,-1.0929096,-1.0929087,-1.2170179,-1.5239086,-1.9752043,-1.2091104,-0.29573077,-1.6616462,-1.3222696,-1.3222694,-1.3407468,-1.3814362,-1.2874286,-1.1407249,-1.2127097,-1.8858727,-1.7282224,-1.7282225,-1.7426316,-1.7326221,-1.8023442,-1.2533846,-0.3105712,-1.0651641,-1.2951826,-1.2951822,-1.2587737,-0.20310704,-0.9551628,-0.73108643,-0.563005,-0.88821673,-0.7261999,-0.72620046,-0.603988,-0.27924597,-0.4417221,-0.7468626,-0.5026854,-0.9104241,-0.8538792,-0.8538793,-0.81869185,-0.848534,-0.7473146,-0.4404396
CC34CC(O)C1(F)C(CCC2=CC(=O)CCC12C)C3CCC4(O)C(=O)CO ,-3.43,-4.446314,-5.0381665,-4.6718388,-4.671839,-4.6695595,-5.0420175,-4.728907,-4.1374383,-3.9862614,-3.783512,-2.9960964,-2.9960966,-2.9583516,-3.3262167,-3.0170012,-3.525352,-3.7324932,-3.2024844,-2.9119933,-2.9119933,-2.8709633,-3.0255926,-3.5652795,-3.366422,-3.7244039,-3.7456956,-3.8694754,-3.8694751,-3.441388,-3.7737973,-3.8419666,-3.8933818,-4.3058577,-4.492815,-4.4357376,-4.4357376,-4.461137,-4.559849,-4.5474014,-4.0909944,-4.4013047,-4.69283,-4.791602,-4.7916017,-4.496148,-4.5820074,-4.3626833,-4.9677777,-3.9478104,-3.053584,-3.5424955,-3.5424953,-3.5429032,-3.8380868,-3.1639364,-3.6498451,-3.2117627,-4.026741,-3.4729064,-3.472906,-3.4424818,-2.5093079,-2.8900132,-3.230906,-3.6711814,-3.4302704,-3.4071639,-3.407164,-3.3489692,-3.4613867,-3.7620008,-3.5022676
CCCCC(O)CC,-1.47,-2.5568132,-2.3868484,-1.9880497,-1.9880497,-1.9796529,-2.2295375,-1.9383348,-1.4693894,-1.4528872,-1.5589913,-2.178961,-2.1789613,-2.166086,-2.067729,-2.1621764,-2.0395896,-1.5927608,-2.169672,-2.1162608,-2.116261,-2.1286798,-2.0270474,-1.891073,-1.8736011,-1.3406485,-2.2131376,-2.4646199,-2.4646199,-2.3325188,-2.599305,-3.1088681,-2.2666078,-1.8062586,-2.2749016,-2.1913402,-2.19134,-2.2254007,-2.2939217,-2.107277,-1.8603992,-2.3360138,-2.8388848,-2.6720293,-2.6720293,-2.3554938,-2.6493664,-2.320583,-2.9117281,-1.583798,-2.0090427,-2.2588513,-2.2588515,-2.2216775,-1.4321185,-1.9012172,-1.6624503,-1.4782431,-2.229803,-2.0039792,-2.00398,-1.9861717,-1.1837254,-1.5496132,-1.8339657,-1.4206878,-1.4498137,-1.5253729,-1.525373,-1.4721588,-1.5081781,-1.542427,-1.6343514
Clc1ccccc1Br,-3.19,-1.8202692,-2.364438,-2.279689,-2.2796884,-2.2748785,-2.4948704,-2.2855535,-1.8088056,-3.0491526,-2.9189062,-2.7780325,-2.7780328,-2.7813895,-2.7015285,-2.7720773,-3.0534878,-3.1398427,-1.8501217,-1.9138343,-1.9138342,-1.9181112,-1.851199,-2.9290125,-2.7088733,-2.6726665,-2.460664,-2.657456,-2.657455,-2.938698,-3.264521,-3.7025614,-2.3321676,-2.9157796,-1.8918529,-2.1139424,-2.1139421,-2.0484633,-2.1730049,-2.0140147,-2.754944,-3.1541631,-2.2723007,-2.365329,-2.3653295,-2.3124614,-2.3583584,-2.5586975,-2.6636171,-3.1693227,-2.7543612,-2.757795,-2.7577949,-2.7558038,-3.5775044,-2.6147702,-3.0175061,-3.2630506,-3.71452,-3.383299,-3.3832994,-3.385486,-3.075705,-3.3341985,-3.141388,-3.3089917,-3.5982485,-3.5927417,-3.5927424,-3.616965,-3.5373924,-3.671857,-3.0744605
CN(C)C(=O)NC1CCCCCCC1,-2.218,-3.3045108,-3.3440435,-3.0430553,-3.0430553,-3.0485795,-3.3529205,-3.0795565,-2.348463,-3.0630097,-2.7732844,-3.0279496,-3.0279493,-3.0158346,-3.265632,-3.0403764,-2.7027771,-2.6997602,-3.556521,-3.2327106,-3.2327104,-3.255231,-3.2293754,-2.3453822,-2.321844,-2.7181244,-2.4994857,-4.0798216,-4.0798206,-3.5370224,-3.7295463,-4.409134,-3.639528,-2.9557827,-3.170944,-3.1053667,-3.105367,-3.1531625,-3.2367218,-3.1954966,-2.968868,-2.8773828,-3.302135,-2.8099418,-2.8099418,-2.7876945,-2.8751216,-2.9687045,-2.8253856,-3.3322399,-3.7230742,-4.0743604,-4.0743604,-4.062016,-3.464764,-3.7275703,-3.2677917,-2.8364067,-3.9095392,-3.914374,-3.9143746,-3.9093282,-2.9427762,-3.4328756,-3.9103215,-2.188541,-2.0953243,-2.0611572,-2.061157,-2.13986,-2.0735142,-1.9534633,-2.066285
CCCC(C)(C)CO,-1.52,-1.8807814,-2.0862448,-1.5901651,-1.5901651,-1.5844835,-1.8842379,-1.5651422,-1.1340575,-1.1769389,-1.3472447,-1.8506111,-1.8506113,-1.8435777,-1.6986338,-1.8394045,-1.8717164,-1.5126978,-2.0994823,-2.0523632,-2.052363,-2.0619636,-2.0146592,-1.4741274,-1.6071951,-0.9300686,-2.0896118,-2.3902807,-2.3902807,-2.415879,-2.6232653,-3.1903744,-2.501883,-1.9190449,-2.1154792,-2.0389733,-2.0389733,-2.050821,-2.1478379,-2.025504,-1.5502659,-2.3177876,-1.8936887,-1.4642584,-1.4642584,-1.4061993,-1.5169159,-1.5233926,-1.3092494,-1.2089214,-1.7368083,-1.9742197,-1.9742197,-1.9330515,-1.0639945,-1.5988877,-1.3688025,-1.1485736,-1.4823351,-1.2801751,-1.2801752,-1.2933583,-0.6177759,-1.083091,-1.2282261,-1.4348971,-1.4819247,-1.422067,-1.4220673,-1.3913512,-1.4840012,-1.494222,-1.5577658
CNC(=O)C=C(C)OP(=O)(OC)OC,0.6509999999999999,-2.9216638,-3.4883184,-3.2564528,-3.256453,-3.2609935,-3.5773644,-3.2877004,-2.5521758,0.012882481,-1.9845426,-0.66250205,-0.6625024,-0.6406709,-1.0338082,-0.5896519,-1.2613395,0.5205409,-3.176953,-2.6926734,-2.6926734,-2.717716,-2.7254379,-1.0096474,-1.0247083,-0.12491894,-0.96533054,-1.0188919,-1.0188905,-1.1358101,-1.4401466,-1.7478124,-1.156758,-1.3765361,-3.2475429,-3.071322,-3.0713222,-3.094865,-3.2172275,-3.078659,-2.565335,-2.2075884,-3.755897,-3.9283972,-3.9283974,-3.6993616,-3.9023757,-3.586776,-4.2381444,0.2966609,-2.321278,-2.6182067,-2.6182067,-2.6086771,-1.260168,-2.487591,-1.3128073,0.9278842,-1.7374083,-1.4435793,-1.4435799,-1.3583431,-0.8481666,-0.20632686,-1.4928275,0.43285686,0.6019248,0.62496895,0.6249693,0.6655293,0.5178489,0.636796,0.57918686
COc1ccc(cc1)C(c2ccc(OC)cc2)C(Cl)(Cl)Cl,-6.89,-4.5279546,-5.6294103,-5.1346164,-5.134617,-5.125325,-5.3967075,-5.102414,-3.7277308,-6.155196,-4.9898033,-4.055008,-4.055008,-4.007741,-4.4874616,-4.047856,-4.3348036,-6.977809,-4.6271315,-4.467766,-4.4677663,-4.4316983,-4.6561747,-4.167174,-3.9812813,-6.2506237,-4.2422843,-4.4868383,-4.4868364,-4.9148006,-4.7681375,-5.491573,-4.5621014,-6.229181,-5.1874423,-5.312608,-5.3126082,-5.2970214,-5.3975873,-5.4445767,-5.778967,-6.55972,-5.539188,-6.0277767,-6.0277767,-6.1233244,-5.7053075,-6.127789,-4.5150123,-6.4793463,-2.7432985,-3.626453,-3.626453,-3.5305755,-4.1736526,-3.0107522,-3.750278,-6.0704517,-5.875884,-5.1713357,-5.1713357,-5.2345886,-4.1694403,-4.8552547,-5.5480843,-6.8728385,-5.2538915,-4.923257,-4.923257,-4.9454427,-5.7524257,-4.7738214,-5.8819547
CC34CCC1C(CCC2=CC(=O)CCC12O)C3CCC4(O)C#C,-4.57,-4.1781354,-4.310539,-4.015585,-4.015585,-4.012881,-4.380275,-4.0476427,-3.7364988,-4.4432855,-4.1746573,-3.9515817,-3.9515824,-3.8947985,-4.3214765,-3.9847395,-4.241655,-4.5522647,-3.7704728,-3.6817443,-3.6817443,-3.693668,-3.8059561,-4.0863676,-3.9382381,-4.0651274,-4.0491114,-4.2792077,-4.279208,-4.170095,-4.164672,-4.6061907,-4.163545,-4.4710326,-3.9957294,-3.948454,-3.948454,-3.9655862,-4.0884047,-4.001303,-3.611587,-4.543462,-4.458454,-4.7505097,-4.7505097,-4.267993,-4.57121,-3.8698509,-5.058276,-4.693109,-3.2641208,-3.7589571,-3.7589574,-3.7945764,-4.357643,-3.4321299,-4.0200415,-3.568544,-4.8090115,-4.453813,-4.453813,-4.4572754,-3.2449422,-3.8474228,-4.235586,-4.6584344,-4.6225905,-4.651,-4.651,-4.5487432,-4.6644883,-4.776423,-4.6280913
CCCCCCc1ccccc1,-5.21,-3.7950134,-3.2654984,-3.0528395,-3.052839,-3.0415218,-3.4146934,-3.022798,-2.4068236,-6.2763405,-3.7021093,-4.345743,-4.345742,-4.288914,-4.684364,-4.4005265,-3.6677566,-6.025494,-3.5688047,-3.5180895,-3.5180898,-3.512954,-3.3785977,-4.9053917,-4.8008747,-4.5511556,-4.0747943,-4.56359,-4.56359,-4.763515,-4.635658,-5.4999976,-4.32071,-4.611773,-3.1957693,-3.1262383,-3.1262383,-3.1377437,-3.3163679,-3.4641342,-3.0629768,-3.8784325,-3.6894612,-3.7425902,-3.7425904,-3.494761,-3.7512963,-3.4220364,-4.135982,-5.6442146,-5.744859,-6.5908027,-6.5908027,-6.786746,-5.6722035,-6.708113,-6.3492103,-5.2306414,-4.6232514,-4.515075,-4.515075,-4.5490513,-3.3935897,-4.7664385,-4.1332254,-5.0629396,-4.9118147,-4.868532,-4.868532,-4.816534,-5.0046415,-5.021746,-5.2213845
CC(C)C(C)O,-0.18,-1.5427349,-1.77877,-1.2457902,-1.2457901,-1.229261,-1.4691292,-1.2134805,-0.72605866,-0.05156813,-1.170594,-1.1391693,-1.139169,-1.1388217,-1.2645587,-1.1258171,-1.6025413,-0.2786818,-1.4144833,-1.4261395,-1.4261395,-1.4297125,-1.3317665,-0.73855823,-0.7493702,0.12763874,-1.1551248,-0.9572196,-0.95721877,-1.00002,-1.4166119,-1.7173251,-1.2245519,-0.06750161,-1.66136,-1.4199312,-1.4199312,-1.4221871,-1.4977454,-1.3602421,-1.1623781,-1.2743969,-1.7057486,-1.5768212,-1.5768211,-1.5841823,-1.5497123,-1.6093941,-1.1455538,-0.09291041,-0.9766307,-1.1651798,-1.1651797,-1.1347075,-0.08874407,-0.8465359,-0.662737,-0.1817182,-1.0004288,-0.84428155,-0.8442818,-0.6962138,-0.3943656,-0.31854162,-0.8159803,-0.27634627,-0.09050718,-0.04046275,-0.04046269,-0.04145238,-0.02480759,-0.044815563,0.29192984
Oc1cccc2cccnc12 ,-2.42,-1.8051656,-2.3576784,-2.2893116,-2.289312,-2.2847757,-2.5028436,-2.2958136,-1.866559,-2.000462,-2.3956468,-1.9387248,-1.9387251,-1.9384567,-2.0276268,-1.9275926,-2.4169035,-2.198742,-1.8061923,-1.9296893,-1.9296894,-1.9345018,-1.8069803,-1.4776007,-1.4495438,-1.1074268,-2.427584,-2.4892952,-2.4892926,-2.708906,-3.0113692,-3.3237176,-2.087781,-2.2679467,-1.8823361,-2.2507305,-2.2507305,-2.2051253,-2.2789934,-2.176231,-2.0477173,-1.5594527,-2.3431225,-2.3969185,-2.3969183,-2.3822305,-2.4032278,-2.4045894,-2.2159631,-2.2455008,-0.9994666,-1.8940946,-1.8940947,-1.8364512,-1.862359,-1.4905521,-1.6730919,-1.6726501,-1.8078339,-1.7755804,-1.7755804,-1.7740796,-1.5357693,-1.4569604,-1.4622933,-2.3301947,-2.501532,-2.4667048,-2.466705,-2.366493,-2.5126445,-2.2029624,-2.4736624
CCCCCc1ccccc1,-4.64,-3.4541543,-2.9658113,-2.7605085,-2.7605083,-2.7554283,-3.1040964,-2.7023249,-2.1715987,-5.142145,-3.2528632,-3.755766,-3.755766,-3.7299013,-3.9279423,-3.789612,-3.1675136,-5.4166274,-3.164133,-3.1548493,-3.1548495,-3.1577463,-3.039292,-4.5566545,-4.4435315,-4.05114,-3.6288297,-3.9895527,-3.989553,-4.303244,-4.1815867,-5.049976,-3.7755826,-4.4728975,-3.0640528,-3.0508897,-3.0508895,-3.030626,-3.3111727,-3.6825814,-3.210453,-4.5626364,-3.8429656,-4.1794286,-4.179429,-4.0906982,-4.1137676,-4.082363,-5.232052,-5.033863,-5.1016045,-5.866141,-5.866141,-5.8772116,-5.204828,-5.6084456,-5.353842,-4.611351,-4.30934,-4.1516247,-4.1516247,-4.20075,-3.07384,-4.608559,-3.777938,-4.767802,-4.7461004,-4.8422813,-4.8422813,-4.8759313,-4.9970646,-4.6582084,-4.8420143
ClC(Cl)C(Cl)(Cl)Cl,-2.6,-2.1430082,-1.9381515,-1.8143909,-1.8143909,-1.7944165,-2.1968546,-1.7225034,-1.794445,-3.056951,-3.0863233,-2.817357,-2.817356,-2.8189127,-2.8089395,-2.8221307,-3.3931963,-3.0794683,-1.149613,-1.1260673,-1.1260673,-1.1284335,-1.267244,-1.6839987,-1.9776138,-2.530213,-2.2557352,-2.759563,-2.7595632,-2.8894975,-3.2522576,-3.7442575,-2.2801316,-2.6247005,-2.835029,-2.3980942,-2.398094,-2.4283085,-2.278004,-2.4911015,-2.4761276,-2.53404,-1.472291,-1.3149484,-1.3149483,-1.3133873,-1.3465757,-1.3320583,-1.7193891,-2.8282409,-1.8805069,-2.5888631,-2.5888638,-2.507064,-3.0666337,-2.2310905,-2.6027534,-2.4968536,-3.3027704,-2.8895173,-2.8895173,-2.881914,-2.7203562,-2.9008422,-3.0805843,-2.9509609,-2.2697425,-2.4326699,-2.4326706,-2.3158035,-2.5070841,-2.0942955,-2.59653
CCCCCCCCl,-4.0,-3.1017973,-2.6048763,-2.3531244,-2.3531244,-2.3420022,-2.6798487,-2.2891614,-2.0418177,-2.9709382,-2.2248878,-2.8272405,-2.8272405,-2.802391,-2.703774,-2.8175142,-2.3481174,-4.2319016,-2.3156395,-2.4261537,-2.426154,-2.4376972,-2.3127034,-4.005429,-3.9798036,-3.6271503,-3.2074935,-3.6187813,-3.6187809,-3.5601113,-3.6306021,-4.5739717,-3.1840863,-2.9795437,-2.467546,-2.4453475,-2.445348,-2.5040553,-2.5384061,-2.5059643,-2.572656,-3.7885368,-3.3070035,-3.205845,-3.2058449,-3.0119023,-3.1685839,-2.860049,-3.7031546,-3.8321662,-3.6785543,-3.9057496,-3.9057498,-4.004946,-4.72217,-3.7907183,-4.103036,-3.2941012,-3.8251307,-3.4113796,-3.41138,-3.4858882,-2.5124831,-4.0944734,-3.4157953,-4.2854414,-4.4446087,-4.424608,-4.424608,-4.416343,-4.5412188,-4.2125487,-4.4584594
CCCCC=C,-3.23,-1.9665678,-1.9177643,-1.5499024,-1.5499022,-1.5597084,-1.81555,-1.5561087,-1.1079869,-2.6287255,-1.350706,-2.0403469,-2.0403466,-2.0313118,-1.8340654,-2.030348,-1.8746003,-3.2940884,-1.5496092,-1.6097142,-1.6097143,-1.6140935,-1.5286674,-1.7493979,-1.5242094,-2.246304,-1.5200644,-2.0274699,-2.0274687,-2.3125145,-2.3071952,-3.1318488,-1.7673376,-2.5241847,-1.8971744,-1.7272267,-1.7272266,-1.7912232,-1.745041,-1.797405,-1.5628148,-2.0742772,-2.2203763,-1.872447,-1.872447,-1.8494138,-1.9061556,-1.9889963,-1.9213562,-3.3009803,-3.5786598,-3.6844132,-3.6844132,-3.772204,-3.7111385,-3.6311352,-2.982142,-3.0094883,-2.2560663,-2.1376472,-2.1376474,-2.1418755,-1.4887301,-2.4821095,-1.8386345,-2.9889102,-2.9463434,-3.0060594,-3.00606,-3.0441995,-3.1205478,-2.9793506,-2.874166
Clc2ccc(Oc1ccc(cc1)N(=O)=O)c(Cl)c2,-5.46,-3.9547772,-4.4200673,-4.3006606,-4.30066,-4.3165674,-4.6921606,-4.395506,-4.007275,-5.458297,-3.4372988,-4.555505,-4.5555053,-4.497798,-4.762154,-4.635937,-4.2957125,-5.4603114,-4.7597528,-4.7088017,-4.7088017,-4.7217684,-4.6165066,-5.7349844,-5.621434,-4.311901,-4.751264,-4.9805107,-4.9805107,-5.268229,-5.512892,-5.841333,-4.77542,-5.0449843,-3.643586,-3.6301873,-3.6301875,-3.7062936,-3.884753,-3.812647,-5.333608,-5.215799,-4.6413546,-4.8854046,-4.8854046,-4.9146338,-4.7095366,-4.916234,-5.1201673,-4.419543,-2.7281542,-3.250487,-3.2504876,-3.1786253,-3.1384864,-2.7633882,-3.1177692,-4.55354,-4.4222183,-4.127545,-4.127546,-4.1519337,-3.045829,-4.387604,-4.3704276,-5.457496,-5.4484053,-5.5327177,-5.5327177,-5.601254,-5.6461573,-5.537085,-5.479084
Clc1ccc(Cl)c(c1)c2ccc(Cl)c(Cl)c2,-7.25,-4.746846,-4.3614087,-4.177258,-4.1772585,-4.1842604,-4.502532,-4.232589,-4.0148377,-6.9463096,-6.7773066,-6.5191402,-6.5191374,-6.4858317,-6.4104133,-6.5140095,-6.4255686,-7.5076704,-4.8483176,-5.068136,-5.0681367,-5.0999546,-5.0313144,-6.90546,-7.1968417,-6.701661,-5.7817993,-6.252393,-6.252392,-6.5840178,-6.6070123,-7.140445,-6.231243,-6.9330854,-3.4178402,-3.582331,-3.5823312,-3.6329088,-3.7106206,-3.6980157,-5.6059456,-7.4003572,-3.331517,-3.232221,-3.2322211,-3.210626,-3.2526698,-3.3121903,-3.8000631,-6.918428,-5.575906,-6.341456,-6.3414564,-6.4168744,-7.0544786,-6.1979876,-6.9177737,-6.868814,-7.664728,-6.788235,-6.7882347,-6.8074102,-6.1205482,-7.0128083,-7.0771036,-7.2200394,-6.5895557,-6.8519306,-6.8519287,-6.900616,-7.349316,-7.090936,-7.171479
ClC(Cl)CC(=O)NC2=C(Cl)C(=O)c1ccccc1C2=O,-5.03,-6.15529,-4.5617576,-4.553679,-4.5536795,-4.5657787,-4.9825773,-4.6216464,-4.970441,-5.04599,-4.209151,-4.178397,-4.178397,-4.1291966,-4.6486487,-4.193867,-3.8072844,-5.2732,-5.206902,-5.0798936,-5.0798936,-5.122782,-5.219001,-5.101621,-5.109779,-4.5337687,-4.967452,-5.0709524,-5.070951,-5.1422873,-5.525145,-5.8706155,-4.670097,-4.574707,-3.6215649,-3.5886805,-3.5886807,-3.6174994,-3.7778654,-3.65757,-3.871331,-4.6658497,-4.051352,-4.1693916,-4.169392,-4.1342983,-4.134697,-4.1223984,-4.3821416,-4.9471006,-3.242079,-3.4773214,-3.4773211,-3.446623,-3.5335538,-3.0939686,-3.4967504,-4.6755624,-4.587234,-4.928841,-4.9288416,-4.892316,-3.7700527,-4.8022065,-4.435722,-5.0401382,-5.0984793,-5.1474643,-5.1474643,-5.14781,-5.246532,-5.157079,-5.045163
CCCCCCCCCC(=O)OC,-4.69,-4.5180597,-3.95123,-3.8786824,-3.8786826,-3.884646,-4.310421,-3.9507818,-3.1658804,-3.5079865,-3.7826347,-3.7637906,-3.7637913,-3.7525566,-4.208011,-3.803915,-3.5316186,-4.4023523,-3.7822866,-3.5949173,-3.5949178,-3.5839846,-3.4868069,-4.372684,-4.3526955,-3.505787,-3.5522785,-4.414143,-4.414143,-4.060289,-4.498293,-5.142366,-4.119006,-4.313248,-3.7451077,-3.6942,-3.6942005,-3.7617598,-3.9514582,-3.8550577,-4.1859565,-4.2797494,-5.058116,-4.777353,-4.7773523,-4.738087,-4.609894,-4.702671,-4.913393,-4.712046,-4.3142085,-4.929108,-4.9291077,-4.8572507,-4.441103,-4.450243,-4.276937,-3.148567,-3.9127686,-3.6708958,-3.6708965,-3.649171,-2.7484725,-3.342358,-3.6384172,-4.7084336,-4.540024,-4.6061497,-4.6061506,-4.6760798,-4.836908,-4.6944985,-4.823701
CN1CC(O)N(C1=O)c2nnc(s2)C(C)(C)C,-1.877,-3.2677684,-3.6995368,-3.4195573,-3.419557,-3.4282167,-3.7511637,-3.492259,-2.6202776,-2.2091374,-2.2020988,-1.3436388,-1.3436383,-1.3209178,-1.7904966,-1.3644149,-1.6574163,-1.7727299,-3.7777843,-3.4067113,-3.406711,-3.4760952,-3.5270278,-1.6585096,-1.8154179,-2.3926535,-1.7055805,-1.8959196,-1.8959188,-1.9886457,-2.5231774,-2.6597278,-1.9454902,-2.0912023,-3.7465405,-3.6302767,-3.630277,-3.7064278,-3.8433928,-3.7910786,-3.1565037,-2.3552387,-3.793025,-3.499778,-3.499778,-3.515894,-3.5650992,-3.6010296,-3.1783493,-2.1706314,-3.2131467,-3.3564308,-3.3564305,-3.358008,-3.2991133,-3.1007702,-3.047023,-2.2900014,-2.1160226,-1.8622199,-1.8622205,-1.8557314,-1.2596712,-1.4894478,-1.6357639,-1.8270441,-1.8809482,-1.9133657,-1.913366,-1.8477968,-1.9376823,-1.9647539,-2.041245
CCCCCCCCCCCCCCO,-5.84,-5.5123982,-4.777209,-4.6637683,-4.663768,-4.64795,-5.149966,-4.6522846,-3.8315763,-6.245491,-4.44148,-6.2559757,-6.2559757,-6.217608,-6.7813277,-6.2601066,-5.392898,-6.04708,-4.6553736,-4.405949,-4.4059496,-4.675433,-4.3613844,-5.6778035,-5.5240545,-5.617859,-5.3334475,-6.5355463,-6.535547,-5.9016232,-5.697399,-6.528708,-6.496823,-6.0333476,-4.621692,-4.5440717,-4.544071,-4.6110935,-4.902241,-4.7360606,-5.437433,-5.7070994,-5.962972,-5.616436,-5.616436,-5.499511,-5.702138,-5.6528788,-5.586712,-6.052349,-5.839002,-6.276149,-6.276149,-6.477777,-5.4730773,-5.9974303,-6.1668696,-5.750575,-5.1551347,-5.4658237,-5.4658237,-5.4494333,-4.0263233,-5.855311,-5.520157,-5.905752,-5.8282723,-5.9066887,-5.9066896,-6.0419555,-6.104646,-5.8434157,-5.9020886
COc1ccccc1OCC(O)COC(N)=O,-0.985,-3.4038627,-4.0305533,-3.8674092,-3.8674092,-3.8662539,-4.233182,-3.9004633,-3.3278322,-1.5719779,-3.1649704,-2.1938162,-2.1938167,-2.1810057,-2.6078496,-2.1854959,-2.5289183,-0.8337291,-3.1659923,-2.631362,-2.631362,-2.622859,-2.7407343,-0.7626095,-0.8191494,-0.6986737,-1.2992935,-1.0781146,-1.0781119,-1.4014814,-1.6934249,-1.7482051,-1.5271114,-1.2689998,-3.6297016,-3.4285414,-3.4285412,-3.4316869,-3.6150641,-3.3692956,-3.0394948,-3.599006,-4.1451335,-3.8493435,-3.849343,-3.80138,-3.8013473,-3.947035,-4.1012354,-0.9565573,-2.359174,-2.9524043,-2.9524047,-2.9004807,-1.932408,-2.6462667,-1.6734658,-1.3383722,-2.8424382,-2.3429608,-2.342961,-2.2438323,-1.5066216,-1.4566705,-2.1579852,-0.979455,-1.0449742,-1.0296828,-1.0296829,-0.9550687,-1.0724359,-1.0669681,-1.0727266
CC(=C)C,-2.33,-0.5430449,-1.585002,-1.0563071,-1.0563071,-1.0513088,-1.0793426,-1.0273991,-0.5038194,-2.3038948,-0.29058677,-0.2200313,-0.22003098,-0.22404914,-0.22658087,-0.19089748,-0.7458563,-2.072787,-1.0023377,-0.9903587,-0.99035865,-0.99135065,-0.92584467,-0.48098937,-0.51628906,-0.97286814,-0.6223348,-0.6807399,-0.6807416,-0.78277624,-1.0775787,-1.5563474,-0.8409511,-2.049984,-1.94328,-1.3405982,-1.3405983,-1.1665667,-1.6993908,-1.0100393,-0.36909556,-1.796341,-1.2608974,-0.97837573,-0.9783756,-0.98282236,-0.98629034,-0.99523187,-1.7593229,-2.2938328,-2.1900036,-1.8729796,-1.8729798,-1.8906958,-1.7285377,-1.8527153,-1.8296182,-2.312451,-0.774578,-0.7788543,-0.7788545,-0.75410444,-0.45867547,-1.8007692,-0.90927535,-1.1900222,-1.4600424,-1.5650513,-1.5650511,-1.5492066,-1.5636156,-1.4643238,-1.0549841
CCCCC1C(=O)N(N(C1=O)c2ccccc2)c3ccccc3 ,-3.81,-4.297858,-5.165439,-4.6972556,-4.697255,-4.690893,-4.958218,-4.699601,-3.3162603,-4.5003843,-4.099202,-4.026697,-4.0266976,-3.969286,-4.5625334,-4.0796256,-4.4650807,-3.8665042,-4.727183,-4.6445675,-4.6445675,-4.565347,-4.7734337,-4.04794,-3.8958375,-3.4565396,-5.0979834,-4.8935184,-4.893517,-4.33907,-4.941882,-5.4492025,-4.2653418,-4.1196203,-4.774239,-4.608282,-4.608282,-4.569665,-4.6716866,-4.584373,-3.537601,-4.582778,-5.0360737,-5.3388047,-5.3388047,-5.3857536,-5.1037846,-5.275495,-4.7660103,-3.9036713,-4.445468,-4.748009,-4.748009,-4.810189,-5.570566,-4.5419874,-5.1152453,-4.0510974,-5.014031,-4.767887,-4.7678876,-4.792836,-3.5096078,-4.4341326,-4.813244,-3.804381,-3.8262403,-3.8846428,-3.8846428,-3.8561156,-3.959473,-3.8990743,-4.1093597
Cc1c2ccccc2c(C)c3ccc4ccccc4c13,-7.02,-3.6981626,-3.7877424,-3.6204255,-3.6204257,-3.6226423,-3.953374,-3.6708708,-3.4871073,-7.2092338,-5.104329,-5.6938553,-5.693856,-5.664929,-6.207996,-5.702496,-5.3688283,-7.5615454,-5.001702,-5.2914534,-5.291454,-5.2684627,-5.2342405,-6.149689,-6.2373652,-6.6317763,-6.5249043,-6.9266925,-6.926692,-7.091869,-7.0909877,-7.932635,-6.8396173,-7.032962,-3.239371,-3.21488,-3.21488,-3.2102294,-3.3028986,-3.1716676,-3.589013,-6.4848924,-3.8119833,-4.2375994,-4.2375994,-4.2361073,-4.1752687,-4.2027397,-4.7394953,-7.2753057,-6.4861956,-7.176679,-7.176679,-7.2074027,-8.030385,-6.9653053,-7.903293,-6.312246,-5.525366,-5.591019,-5.5910196,-5.563125,-4.0204825,-6.0052366,-5.066367,-7.0755816,-7.4816985,-7.4322767,-7.4322762,-7.2428823,-7.676185,-6.927395,-7.2319922
CC(=O)OCC(=O)C3(O)C(CC4C2CCC1=CC(=O)C=CC1(C)C2(F)C(O)CC34C)OC(C)=O ,-4.13,-4.8980813,-7.3440948,-6.5478015,-6.5478005,-6.549021,-6.8324943,-6.521264,-4.934985,-4.4408836,-3.792211,-3.3384209,-3.3384213,-3.3757179,-3.7000997,-3.3383615,-3.4101634,-4.2907286,-4.2117286,-3.8338392,-3.833839,-3.7058334,-3.5333114,-4.535596,-4.468034,-4.3267803,-2.9201567,-3.6787868,-3.678786,-4.1195736,-3.936579,-4.9172196,-3.6394117,-4.6916056,-6.299956,-5.9871483,-5.9871492,-5.9097233,-6.0079374,-5.9262147,-3.829485,-4.0978255,-5.5434813,-5.765196,-5.765196,-5.6511316,-5.5181174,-5.14925,-4.902949,-4.1682997,-4.3680134,-4.811928,-4.8119273,-4.774692,-4.405405,-4.3816257,-4.427211,-4.157168,-4.863922,-4.3981676,-4.3981686,-4.3702145,-3.1237016,-3.9721293,-4.1591215,-4.351163,-4.1333303,-4.118281,-4.118281,-3.9452121,-4.434484,-4.3955455,-4.087555
CC1=C(CCCO1)C(=O)Nc2ccccc2 ,-2.56,-3.3952403,-3.5360332,-3.3518553,-3.351855,-3.3616037,-3.7119784,-3.4130843,-2.741476,-2.9864852,-3.3749804,-2.553243,-2.5532434,-2.5204494,-3.062749,-2.5762277,-3.0134022,-2.9525924,-3.7249413,-3.519636,-3.5196362,-3.5225892,-3.5612888,-2.9346445,-2.6943219,-3.1145647,-3.5211322,-3.477239,-3.4772384,-3.5265737,-3.8576677,-4.220878,-3.4128542,-2.4477522,-3.1997323,-3.0659404,-3.0659404,-3.1112497,-3.2150924,-3.1449203,-2.5304391,-2.4922924,-3.6054873,-3.2431028,-3.2431023,-3.2441537,-3.2973218,-3.4012702,-3.1815245,-3.4915729,-2.605876,-3.3712606,-3.3712604,-3.297537,-3.7311976,-2.8751614,-3.2308102,-2.3856409,-3.7626061,-3.4010584,-3.4010587,-3.4239762,-2.5351567,-3.060645,-3.1917145,-2.4802315,-2.486016,-2.544268,-2.544268,-2.50551,-2.5869725,-2.4992468,-2.6491
COC(=O)Nc1cccc(OC(=O)Nc2cccc(C)c2)c1,-4.805,-4.9877176,-5.3686786,-5.2175927,-5.217593,-5.2325516,-5.6802335,-5.3192115,-4.5313783,-4.580746,-4.578357,-3.3405423,-3.340543,-3.4475133,-3.9696686,-3.2767456,-3.5995784,-4.7123747,-4.9236283,-4.5108824,-4.5108824,-4.4516907,-4.5475273,-4.1798286,-3.8579776,-4.4882617,-3.3856575,-3.9462435,-3.9462419,-4.2594805,-4.269657,-4.6434274,-4.2285056,-4.6820016,-5.407947,-5.08556,-5.085561,-5.08635,-5.316703,-5.100059,-4.3775225,-5.5369864,-5.767142,-5.23648,-5.23648,-5.3011556,-5.2009993,-5.3268423,-5.0892353,-5.035258,-5.525885,-6.1029506,-6.102951,-6.02486,-5.041137,-5.7313566,-5.1939826,-3.7478328,-4.7892685,-4.0002775,-4.0002775,-3.949289,-3.3721812,-3.3715768,-3.7056558,-4.9561386,-4.762255,-4.8775997,-4.8776007,-4.833406,-4.9790783,-5.066804,-4.914692
Nc1ccccc1N(=O)=O,-1.96,-1.3776689,-2.3600388,-2.160615,-2.1606152,-2.1597478,-2.3255444,-2.1658092,-1.6056672,-1.9686537,-1.1208344,-1.2318097,-1.231809,-1.2529527,-1.2376876,-1.2167886,-1.3970531,-2.0448623,-1.7299379,-1.805542,-1.8055418,-1.810843,-1.7551976,-1.1424791,-1.2212076,-1.7449799,-1.8003443,-2.128838,-2.1288378,-2.3901255,-2.7069185,-2.9743605,-1.9358581,-2.180677,-1.7381178,-1.2946829,-1.2946827,-1.294808,-1.3814813,-1.2212963,-1.2012576,-1.7861134,-2.0873795,-2.132161,-2.132161,-2.1193695,-2.1462865,-2.1394892,-1.9343482,-1.9959126,-1.0437635,-1.3305247,-1.3305252,-1.2906481,-1.1341332,-1.0045707,-1.0436826,-1.84427,-2.414445,-2.3159173,-2.3159165,-2.402222,-1.6600007,-2.1570852,-2.2580047,-1.8806236,-1.9274243,-2.0285573,-2.0285575,-2.074897,-1.9378762,-2.261133,-1.9675292
C1CCCCCCC1,-4.15,-2.9542427,-2.011403,-1.3703848,-1.370385,-1.3541192,-1.5692856,-1.3104258,-1.2766914,-4.1356974,-2.009655,-3.192568,-3.1925676,-3.1781962,-3.0885346,-3.202806,-2.4213884,-4.491083,-2.0311942,-2.0474114,-2.0474114,-2.050947,-1.977043,-2.4406505,-2.6644616,-4.0197496,-2.1449244,-3.788798,-3.788798,-3.7329566,-3.4546697,-4.66334,-3.2691233,-4.3782325,-2.9949837,-2.993484,-2.9934843,-2.7744827,-3.3473504,-2.575271,-3.260005,-3.5979156,-2.4103787,-2.7459908,-2.7459908,-2.7043133,-2.6616993,-2.8983927,-2.6265805,-4.3292837,-3.2447875,-2.900181,-2.9001813,-2.925021,-4.3474054,-2.9077308,-3.2295375,-4.240313,-4.820162,-5.002896,-5.002897,-5.0087047,-4.173872,-4.718202,-4.585035,-1.9183085,-1.4675025,-1.539308,-1.5393082,-1.4664589,-1.6305666,-1.3104426,-2.2925794
CCCCC,-3.18,-1.5058209,-1.6658673,-1.2321428,-1.2321428,-1.2364565,-1.465704,-1.2036467,-0.81860024,-2.6107833,-1.1732181,-1.4622284,-1.4622284,-1.4606471,-1.3803289,-1.4701717,-1.4265788,-3.4205272,-1.4343245,-1.5471904,-1.5471905,-1.5505583,-1.4739869,-2.1195998,-1.7531914,-2.228045,-1.824021,-2.0657163,-2.0657163,-2.2466524,-2.450984,-3.0547357,-1.8633616,-2.201073,-2.3419244,-2.0380335,-2.0380337,-1.7524408,-2.061046,-1.7373686,-1.5126016,-2.0631866,-2.1574302,-2.1767616,-2.1767616,-2.1724923,-2.096385,-2.1485078,-1.2726912,-3.1559339,-3.286279,-3.2115705,-3.2115707,-3.2575595,-3.7880583,-3.2196743,-3.004606,-3.4445586,-2.1054153,-2.0235085,-2.023509,-2.0231273,-1.4867862,-2.4350774,-1.8829573,-2.4999309,-2.2794669,-2.3873513,-2.3873515,-2.4351375,-2.4247482,-2.4149072,-2.252728
Clc1cc(Cl)c(Cl)cc1Cl,-5.56,-3.9890454,-2.8871198,-2.9318187,-2.9318182,-2.928779,-3.2872343,-2.959957,-3.768557,-5.1444697,-3.7581024,-4.3746977,-4.374698,-4.3772736,-4.2941585,-4.3760657,-4.96386,-5.636779,-2.8225038,-2.9700906,-2.9700902,-2.9787583,-2.98543,-4.683177,-4.9477706,-4.2983923,-3.9891565,-4.4760275,-4.4760256,-4.8127127,-4.770751,-5.4491296,-3.9336927,-5.3531733,-4.349983,-4.0340185,-4.0340185,-4.133958,-4.1895523,-4.172112,-5.868215,-5.3116426,-2.66643,-3.0330813,-3.033081,-2.9850123,-3.0268574,-3.1675262,-3.476984,-5.4865465,-2.5271597,-2.7590444,-2.7590442,-2.768583,-5.3231215,-2.5837166,-4.7891207,-5.0780764,-5.2427206,-4.6287537,-4.6287546,-4.6304483,-4.304554,-4.85963,-5.058274,-5.57038,-5.566025,-5.6503525,-5.650352,-5.6353936,-5.627073,-5.615335,-5.8011155
CCCC#C,-1.64,-1.1341283,-1.5666519,-1.1217209,-1.1217208,-1.1114566,-1.3101695,-1.0836816,-0.6913003,-1.2219076,-0.95103854,-0.60210896,-0.6021093,-0.6005538,-0.5970578,-0.590117,-1.1475438,-2.2034764,-1.2192079,-1.2525003,-1.2525004,-1.2541466,-1.1822795,-1.1332957,-1.0445389,-0.2106256,-0.7362294,-0.56644523,-0.5664448,-0.72547805,-1.1186888,-1.4557384,-0.8457691,-1.4453312,-1.6652825,-1.6963915,-1.6963917,-1.6025364,-1.6907228,-1.4860289,-1.6059736,-1.7842853,-2.592207,-1.7429862,-1.7429861,-1.6729182,-1.723097,-1.4892371,-0.8897817,-1.8943377,-1.9776798,-2.0998433,-2.099843,-2.0953314,-2.1157475,-1.8574612,-1.9325768,-1.3067439,-0.4596759,-0.44222778,-0.44222793,-0.33786356,-0.095352404,-0.8969109,-0.29021063,-2.0295353,-2.0608582,-2.1754925,-2.1754928,-2.148106,-2.0690725,-2.044503,-2.039358
c1cncnc1,1.1,1.4554017,-1.7983253,-1.6575778,-1.6575781,-1.6556267,-1.7266945,-1.6478348,-0.32652134,0.06070838,-0.45254636,0.09162593,0.09162583,0.08866631,-0.022591311,0.10992205,-0.48169327,-0.07278577,-0.8945151,-0.82354695,-0.823547,-0.8242186,-0.7806472,-0.264103,-0.35627398,1.7989525,-0.6123434,-0.6026739,-0.602673,-0.8774121,-1.0889626,-1.4621798,-0.7444894,1.2804674,-1.7968129,-1.9300543,-1.930055,-1.8793509,-2.0468702,-1.9450777,-0.38946274,1.395649,-2.115551,-2.0725987,-2.072599,-2.0645876,-2.0760443,-2.2657654,-1.6472908,0.9098445,-0.7699206,-0.7110067,-0.71100634,-0.6901361,0.27149558,-0.4282302,-0.2545983,0.54636484,-0.45012274,-0.40922654,-0.4092266,-0.39572144,-0.2813717,-0.28273004,-0.39520618,1.0886924,0.77910197,1.0560986,1.0560986,0.98302937,1.1838,0.73480356,0.6170177
CCCCCCCCCCCCCCCCCCO,-8.4,-6.085715,-6.177364,-5.771691,-5.771691,-5.7616277,-6.1739173,-5.719875,-4.675037,-7.8158884,-4.777735,-7.430372,-7.4303727,-7.3322887,-7.990848,-7.444236,-7.137925,-8.516168,-5.840923,-5.9068737,-5.9068727,-6.1300583,-5.94158,-8.103104,-7.9898415,-7.517545,-7.127193,-8.133897,-8.133898,-7.846706,-7.546127,-8.674132,-7.8962407,-6.8231254,-6.479164,-6.206348,-6.2063475,-6.1695333,-6.52125,-5.9321055,-6.396761,-6.5336823,-6.427629,-5.953652,-5.9536524,-5.5170383,-6.3490176,-5.995,-5.8498883,-8.5623045,-7.000438,-7.286018,-7.2860184,-7.915578,-7.118885,-7.493143,-7.166321,-6.7735558,-6.4324555,-6.7380257,-6.7380266,-6.6908216,-5.2788544,-7.093748,-6.5291634,-8.107062,-8.312021,-8.506214,-8.506214,-8.613771,-8.788918,-8.3654375,-8.336595
CCOC(=O)CCN(SN(C)C(=O)Oc1cccc2CC(C)(C)Oc21)C(C)C,-4.71,-5.3555245,-6.641345,-6.005711,-6.005711,-6.0137568,-6.32237,-6.057828,-4.564096,-5.2980037,-5.0807123,-5.096653,-5.0966525,-5.070126,-5.515593,-5.1754727,-5.2041664,-5.1675477,-6.0339847,-6.148671,-6.148671,-6.1309757,-6.388028,-5.066215,-5.5884566,-4.910469,-5.693942,-5.787964,-5.7879634,-5.194674,-5.3374243,-6.057292,-5.1609216,-5.62506,-6.7756186,-6.372904,-6.372904,-6.3622303,-6.443553,-6.434805,-5.152221,-6.0052214,-6.032138,-5.577965,-5.577965,-5.5956774,-5.467512,-5.593235,-5.518183,-5.201502,-6.164817,-6.428432,-6.4284325,-6.3820744,-5.4432893,-5.955119,-5.0906777,-4.988921,-6.3722653,-5.901685,-5.901686,-5.8570595,-4.8559146,-5.237912,-6.377794,-4.6551948,-4.66396,-4.7489977,-4.7489986,-4.7645764,-4.82567,-4.896254,-4.9405084
CC12CCC3C(CCc4cc(O)ccc34)C2CCC1=O,-3.955,-3.7021484,-3.8547826,-3.5860806,-3.5860806,-3.58782,-3.925458,-3.6129024,-3.3022645,-4.69995,-4.275236,-4.507739,-4.507739,-4.425034,-4.765162,-4.554794,-4.5168223,-4.7676005,-4.281052,-4.0885177,-4.0885177,-4.0695667,-4.295984,-4.231913,-4.138758,-4.5991592,-4.2313504,-4.313242,-4.313241,-3.8693438,-4.157764,-4.886865,-4.3658805,-4.2949023,-3.5132957,-3.4946582,-3.494658,-3.5217724,-3.6450617,-3.5488033,-3.626005,-4.685022,-3.7358017,-3.1350176,-3.1350179,-3.109615,-3.133285,-3.3817527,-3.3719673,-4.8007593,-3.8491247,-4.4761796,-4.4761786,-4.5422406,-4.188468,-4.2253985,-3.8380897,-4.1923714,-5.211504,-4.976897,-4.9768972,-5.0092173,-3.6949964,-4.551261,-4.5831556,-4.1562295,-4.1444345,-4.079648,-4.0796485,-4.006584,-4.0417686,-3.9951155,-4.0837646
COc1ccccc1O ,-1.96,-1.3593261,-2.2376418,-2.0360732,-2.0360732,-2.0325184,-2.1866424,-2.0389566,-1.5287023,-0.5672542,-1.4528354,-0.52450883,-0.52450854,-0.51944005,-0.71867424,-0.5128526,-1.4665298,-1.1283289,-1.4346611,-1.4543997,-1.4543998,-1.4586914,-1.3386692,-0.4042276,-0.49187684,-0.50302875,-1.3077796,-1.1369613,-1.1369617,-1.5122621,-1.6883639,-1.9416823,-1.3117994,-1.9994819,-1.82301,-2.2364826,-2.236482,-2.2005658,-2.2734604,-2.185881,-1.4967201,-0.79136926,-2.269906,-2.3146312,-2.314632,-2.3010244,-2.3252923,-2.3252976,-2.1375198,-1.4323261,-0.13412555,-0.77633375,-0.7763338,-0.7281189,-0.68863064,-0.4407597,-0.59525174,-0.8904258,-0.91504425,-0.81665635,-0.8166561,-0.80579585,-0.36183396,-0.68360066,-1.0556518,-1.90324,-0.7687307,-0.4003832,-0.4003833,-0.4403161,-0.08659372,-0.5679671,-0.46664295
Oc1ccccc1O,0.62,-0.75405157,-2.0826566,-1.9446245,-1.9446245,-1.9410721,-2.0818436,-1.9433236,-1.0343608,0.09070104,-0.9966336,-0.07382724,-0.073827215,-0.08333642,-0.3779106,-0.05702451,-0.9995757,-0.043485276,-1.2946092,-1.3215744,-1.3215744,-1.3247836,-1.2094367,0.0064216945,-0.18467298,0.8319472,-1.0066749,-0.7790484,-0.7790481,-1.1835728,-1.3333125,-1.5668203,-1.0418239,0.4506542,-1.885909,-1.8363004,-1.8363001,-1.7064632,-1.9360621,-1.8030121,-1.0089101,-0.63755,-2.0367546,-2.0577438,-2.0577438,-2.0492373,-2.0615368,-2.0963027,-1.7199609,0.18231624,0.2549043,-0.16370387,-0.16370408,-0.1237691,0.12395153,0.11211987,-0.019564131,0.19047841,-0.31012523,-0.30761087,-0.30761105,-0.27821434,-0.14393884,-0.111328445,-0.4536061,0.64916265,1.0288424,0.9280621,0.9280623,0.9778739,0.87188214,1.0220182,0.82761055
COC=O,0.58,-0.00020413808,-1.3202779,-0.65646976,-0.65646976,-0.66645676,-0.6623333,-0.67661566,-0.07226145,0.44280696,0.41728047,0.8741848,0.87418425,0.8722113,0.849618,0.88672715,0.17517637,0.76445204,-0.72591627,-0.5392038,-0.5392037,-0.5399278,-0.46501705,0.56052345,0.19174051,1.6409416,-0.2010402,0.14991787,0.14991817,-0.2594505,-0.2916126,-0.79056644,-0.3887306,0.9412441,-1.5360096,-1.1998483,-1.1998479,-1.2731582,-1.0841933,-1.3562276,-0.27441478,0.936865,-1.3861005,-1.034102,-1.034102,-1.0650717,-0.9316203,-1.1398392,-0.49187765,0.6205697,0.36307314,0.39857107,0.398571,0.42178023,0.8497523,0.56402737,0.34605142,0.6194202,0.2633233,0.3685038,0.36850435,0.3761807,0.4468983,0.71341354,0.30789617,-0.009674296,-0.7347963,-0.6556028,-0.6556029,-0.64558816,-0.71021944,-0.6073324,-0.60047984
CC1=C(SCCO1)C(=O)Nc2ccccc2,-3.14,-3.310281,-3.6157403,-3.4447649,-3.444765,-3.454775,-3.8059766,-3.507559,-2.8488936,-3.2647777,-3.6662898,-2.8822134,-2.882213,-2.859781,-3.361584,-2.9206817,-3.2826228,-3.2147193,-3.8630745,-3.6673288,-3.6673286,-3.6673913,-3.6833496,-3.2417955,-2.9103627,-3.5199668,-4.1574335,-4.1490993,-4.1490984,-4.144424,-4.501275,-4.6743445,-4.2226267,-2.4053066,-3.2508109,-3.1125116,-3.1125116,-3.15416,-3.2737322,-3.173804,-2.86035,-3.774524,-3.7142599,-3.4341786,-3.4341786,-3.4384358,-3.4914033,-3.5369575,-3.378809,-3.3281605,-2.5621326,-3.3624213,-3.362421,-3.2931561,-3.7819521,-2.8985589,-3.231759,-2.7424247,-3.8258717,-3.4176443,-3.4176452,-3.4520555,-2.5546541,-3.2209215,-3.357712,-3.091751,-2.9019394,-3.1418664,-3.141867,-3.171657,-3.2610025,-3.4113326,-3.1512637
CCN(CC)C(=S)SCC(Cl)=C,-3.39,-2.413041,-3.4070964,-3.2755044,-3.2755044,-3.290412,-3.5812535,-3.348362,-2.5924497,-3.5551517,-3.5968652,-3.3915565,-3.3915577,-3.3634722,-3.5845933,-3.4033036,-3.8081093,-3.3703494,-3.5738854,-3.3836715,-3.3836715,-3.4098701,-3.3775632,-3.804552,-3.7323987,-2.840186,-2.840777,-3.0379417,-3.0379422,-3.1678522,-3.2879822,-3.964767,-2.792947,-3.1752367,-3.1534753,-3.156643,-3.1566432,-3.1620686,-3.3316867,-3.1550927,-3.789251,-3.0354152,-3.1784284,-3.103234,-3.103234,-2.9730942,-3.0514126,-2.9700077,-3.537539,-3.497012,-2.188313,-2.2647586,-2.2647583,-2.2349906,-2.4049516,-1.9277155,-2.1403635,-3.1970735,-4.324985,-3.9941442,-3.994145,-4.022986,-2.8842428,-3.759926,-3.9803371,-3.4892776,-4.543032,-4.285965,-4.2859654,-4.323081,-4.3212442,-4.2307796,-3.6726758
CC(=O)SC4CC1=CC(=O)CCC1(C)C5CCC2(C)C(CCC23CCC(=O)O3)C45,-4.173,-4.8916273,-6.297013,-5.6930676,-5.6930676,-5.687116,-5.9741755,-5.6493316,-4.4214516,-5.1505075,-4.176858,-4.2057486,-4.2057486,-4.1800056,-4.6333704,-4.270571,-4.509754,-4.548787,-4.0136595,-4.349018,-4.3490176,-4.2136045,-4.129487,-5.3481526,-4.8907585,-4.3581147,-5.4407396,-5.225932,-5.2259326,-4.4791956,-4.6325264,-5.0082707,-4.7901363,-4.232837,-5.2861595,-5.073677,-5.073677,-5.0140953,-5.220577,-5.034641,-3.401844,-4.4102654,-4.807241,-5.3463173,-5.346318,-5.329382,-5.1333737,-5.228384,-5.143429,-5.336563,-5.0806446,-5.360359,-5.3603597,-5.3265185,-5.013203,-4.9196005,-4.4996233,-3.9222965,-5.7497044,-5.029554,-5.029555,-5.044941,-3.7734632,-4.7227526,-4.5522914,-4.222455,-4.149417,-4.174384,-4.1743846,-4.135165,-4.255994,-4.2525163,-4.1962137
CCCC(C)(C)O,-0.49,-1.2016596,-2.050657,-1.7901045,-1.7901042,-1.802183,-2.0371802,-1.7883692,-0.9459309,-0.47900087,-1.2393577,-1.3759649,-1.3759654,-1.3720407,-1.3100979,-1.3712268,-1.5493224,-0.7672353,-1.8778546,-1.9812568,-1.9812567,-1.9859629,-1.8900007,-2.02657,-2.065768,-0.47147208,-1.6701491,-1.6649988,-1.6649984,-1.2338912,-1.9549053,-2.0207024,-1.6935738,-0.91692257,-1.9433342,-1.7853466,-1.7853467,-1.8210871,-1.8489507,-1.8204393,-1.6262048,-1.3591691,-1.8647931,-1.4447896,-1.4447896,-1.425716,-1.4860258,-1.5194412,-1.177822,-0.7993891,-1.463054,-1.6689806,-1.6689804,-1.6313888,-0.7001777,-1.3111358,-1.0741013,-0.4584487,-0.91447604,-0.7112561,-0.7112565,-0.7201362,-0.28000715,-0.44873992,-0.9168437,-0.42501163,-0.62174964,-0.6829155,-0.6829155,-0.6964066,-0.62279683,-0.677703,-0.80536306
CCOC(=O)CC(SP(=S)(OC)OC)C(=O)OCC,-3.37,-3.7896492,-4.83911,-4.4548965,-4.4548965,-4.453519,-4.7255034,-4.4350886,-3.3361595,-3.5210476,-3.0108092,-1.9455252,-1.9455249,-1.9285232,-2.4978156,-1.8919165,-2.5405521,-2.9713638,-4.389796,-3.668607,-3.668607,-3.6613944,-4.076496,-2.9061422,-2.1660821,-3.4167733,-2.120405,-2.6269276,-2.6269264,-2.9046044,-2.906797,-3.4398265,-2.6454566,-3.9001288,-4.496403,-4.3428802,-4.3428802,-4.282791,-4.44318,-4.1988263,-3.4119995,-4.4008,-4.0032573,-4.4243183,-4.4243183,-4.4138856,-4.3891106,-4.4211426,-4.509059,-3.4836617,-2.7363477,-3.3891962,-3.3891964,-3.345106,-3.299712,-3.0111036,-3.0594535,-2.392197,-3.5014477,-3.205251,-3.205251,-3.098574,-2.3750396,-2.74849,-3.4966412,-3.3936977,-3.0322268,-2.3930445,-2.3930447,-2.1547627,-2.4410365,-1.9767892,-4.1080213
CC13CCC(=O)C=C1CCC4C2CCC(C(=O)CO)C2(CC(O)C34)C=O ,-3.85,-4.510039,-5.052768,-4.725729,-4.725729,-4.7220964,-5.0741706,-4.7502003,-4.3133945,-4.5896544,-4.0792184,-3.4486372,-3.448637,-3.407343,-3.8051887,-3.4791696,-3.8659427,-3.6156762,-3.1226335,-2.8294952,-2.8294952,-2.8111525,-3.0761502,-3.4517875,-3.2020001,-3.6099324,-3.8495665,-4.2498937,-4.249893,-3.6062949,-3.9962542,-4.52859,-3.9000027,-3.536694,-4.581187,-4.5555506,-4.5555506,-4.5798907,-4.708378,-4.6844826,-4.5364776,-4.32863,-4.9147105,-4.9304686,-4.930468,-4.8767323,-4.672699,-4.6533985,-4.7799916,-4.0525475,-3.3220031,-3.8125954,-3.812596,-3.8351355,-4.4532557,-3.4956,-3.9368358,-3.784226,-4.3882623,-3.8617146,-3.861716,-3.8409069,-2.7439146,-3.5812528,-3.764483,-3.938972,-3.8813949,-3.869765,-3.8697655,-3.776163,-3.951692,-4.017327,-3.9623754
OCC(O)COC(=O)c1ccccc1Nc2ccnc3cc(Cl)ccc23,-4.571000000000001,-5.020263,-6.3599153,-5.9209895,-5.920989,-5.9026103,-6.164821,-5.794517,-5.2072654,-5.536796,-4.7498717,-4.316765,-4.316765,-4.2409854,-4.787663,-4.5326085,-4.759109,-4.61722,-4.5669847,-4.247389,-4.247389,-4.2073455,-4.7079105,-4.3149133,-3.7185104,-4.296285,-4.782968,-4.7042904,-4.704289,-4.304063,-4.4249353,-5.1013856,-4.8802876,-4.729819,-5.855639,-5.6536026,-5.6536016,-5.542892,-5.7706585,-5.424551,-4.431959,-5.059914,-4.6033397,-5.158205,-5.158205,-4.92138,-5.0923347,-4.6554766,-4.7288065,-4.234651,-3.1450052,-3.7248862,-3.7248864,-3.705066,-3.5634599,-3.4333332,-3.224003,-3.87013,-5.458418,-4.853397,-4.853397,-4.903439,-3.7687821,-4.2208805,-4.3928714,-4.5928144,-4.5650682,-4.663371,-4.6633725,-4.4836664,-4.732668,-4.880612,-4.6047688
COc1ccccc1N(=O)=O,-1.96,-2.2653122,-2.524167,-2.4908798,-2.4908803,-2.481021,-2.7059374,-2.4811947,-2.3206406,-1.5397643,-1.4283684,-0.8947519,-0.89475167,-0.9002697,-0.9459029,-0.89923507,-1.4660468,-2.1502957,-1.8352462,-1.8832253,-1.8832254,-1.8900856,-1.7948211,-1.2372115,-1.3107704,-2.1480052,-1.8395996,-2.04449,-2.044489,-2.4079883,-2.5309641,-3.003026,-1.8996096,-1.727409,-1.8933609,-1.5919658,-1.591966,-1.5837224,-1.6978486,-1.5049359,-1.1948543,-1.3190105,-2.324624,-2.4345646,-2.4345646,-2.4166327,-2.450024,-2.427543,-2.3903348,-1.5984852,-0.95711064,-1.682024,-1.6820244,-1.6306056,-1.7532436,-1.3164833,-1.54906,-1.7911386,-1.653476,-1.4599869,-1.4599869,-1.4613936,-0.7619319,-1.7341689,-1.3638188,-1.9234167,-1.8051734,-1.9258497,-1.9258497,-1.8756214,-1.8876864,-1.784997,-1.9678552
CC1=CC(=O)CC(C)(C)C1 ,-1.06,-1.6843998,-2.1878915,-1.7099011,-1.7099011,-1.6923472,-1.9440445,-1.64395,-1.7898116,-1.3837245,-1.6745677,-1.8975068,-1.8975079,-1.8961405,-1.8487667,-1.8816923,-2.03982,-1.4041815,-2.598587,-2.6811993,-2.6811993,-2.6871986,-2.622877,-3.364549,-3.3936174,-0.881629,-2.0056987,-2.3536,-2.3535984,-2.3418572,-2.719928,-3.1977518,-2.4278162,-1.0072539,-2.109176,-1.9635086,-1.9635086,-1.9512264,-2.090828,-1.8782406,-1.1272999,-1.2579505,-2.311277,-1.5137138,-1.5137136,-1.6028122,-1.5259333,-1.6620295,-1.0875585,-1.7401012,-1.9932668,-2.0392213,-2.039221,-2.0032747,-1.6183039,-1.6831006,-1.6434563,-1.35539,-2.7405088,-2.366091,-2.3660915,-2.3731325,-1.8064893,-2.0560842,-2.0752752,-1.0254267,-1.6246368,-1.7057363,-1.7057362,-1.6851836,-1.594003,-1.6950772,-1.3229431
Cc1ccc(O)cc1,-0.73,-1.1094764,-2.0654044,-1.7601837,-1.7601833,-1.7699655,-1.9325253,-1.7913074,-1.0972606,-0.80603945,-1.5019857,-1.2016748,-1.2016747,-1.1994139,-1.2628982,-1.1823925,-1.7486272,-0.67595494,-1.4628342,-1.5315598,-1.53156,-1.535208,-1.4377984,-0.9277591,-0.8851208,0.16171497,-1.2619016,-1.091944,-1.0919429,-1.2997782,-1.719321,-1.8503753,-1.2746207,-0.34131974,-1.6498593,-1.3196937,-1.3196937,-1.3553427,-1.3509561,-1.3407769,-1.0471926,-0.91238517,-2.4661212,-1.6812437,-1.6812435,-1.7659024,-1.6992855,-1.8154299,-1.2372675,-1.1599464,-0.7415273,-1.6705269,-1.6705271,-1.6138369,-1.3874978,-1.2582332,-1.2958261,-0.7156722,-1.6434228,-1.3567947,-1.3567946,-1.3550701,-0.8856884,-1.5997522,-1.207393,-0.6790201,-0.70688295,-0.73420876,-0.73420864,-0.6728991,-0.60124797,-0.76797146,-0.6337912
CC(C)=CCCC(C)=CC(=O),-2.06,-3.1009154,-2.9434414,-2.6751108,-2.6751108,-2.6536582,-2.976975,-2.5564754,-2.174107,-2.4770598,-2.541668,-2.2380536,-2.2380536,-2.2186632,-2.3765757,-2.2657492,-2.746767,-2.5833752,-2.774566,-2.5831463,-2.5831466,-2.5982597,-2.5786998,-2.0971255,-2.1971254,-2.4585342,-1.8484745,-2.6236107,-2.6236103,-2.3646748,-2.6489599,-3.1988094,-2.156846,-1.6741127,-2.682337,-2.5776787,-2.577679,-2.600315,-2.7062962,-2.5142393,-2.7575035,-3.0260708,-3.252798,-3.3184402,-3.3184402,-3.2066584,-3.298951,-3.3638766,-4.1904097,-2.2969203,-2.8981714,-3.2257237,-3.2257237,-3.3378296,-2.968367,-3.0494673,-2.639696,-1.9433104,-2.2944126,-2.1190019,-2.1190028,-2.117998,-1.1681076,-2.0872252,-2.0031667,-2.19877,-3.0183036,-3.088162,-3.0881615,-3.0468428,-3.083162,-2.9218645,-2.4485786
C1CC=CC1,-2.1,-0.9526377,-1.523024,-0.9271142,-0.9271139,-0.9177538,-0.99294037,-0.88132995,-0.6638156,-1.8279359,-0.79029244,-1.2866292,-1.2866288,-1.2893556,-1.3046978,-1.288894,-1.0384246,-2.3935056,-1.1201756,-1.1160876,-1.1160877,-1.1176931,-1.0816462,-0.99606526,-0.86972564,-0.16188166,-0.6984001,-1.0577899,-1.0577899,-1.173099,-1.4976476,-2.0746803,-0.9481895,-1.7468163,-2.2584465,-1.158619,-1.1586192,-1.0588536,-1.2925056,-0.9603523,-0.8114113,-1.8492895,-1.6016845,-1.4542413,-1.4542414,-1.4690973,-1.4689498,-1.5263618,-1.0297667,-2.1250463,-2.7401881,-2.3031476,-2.3031476,-2.3266108,-2.0485926,-2.3098843,-1.9253273,-2.0279622,-1.9249933,-1.9381027,-1.9381025,-1.916361,-1.4240555,-2.5780752,-1.4401664,-1.9183085,-1.4675025,-1.539308,-1.5393082,-1.4664589,-1.6305666,-1.3104426,-2.2925794
CC(C)CCOC(=O)C,-1.92,-2.7072222,-2.5379875,-2.2467349,-2.2467346,-2.252316,-2.5323598,-2.2425172,-1.6724093,-1.4645221,-1.7813255,-1.4613026,-1.4613026,-1.4347082,-1.5579095,-1.4828564,-2.0514302,-1.9648548,-2.260836,-2.1917865,-2.1917863,-2.2003927,-2.1368911,-2.0535655,-2.0522244,-0.8721355,-1.2382121,-1.5975206,-1.5975195,-1.4280425,-1.8276969,-2.2562563,-1.525695,-2.5482738,-2.3580163,-2.2764966,-2.2764966,-2.329836,-2.3947413,-2.3318863,-2.0752296,-2.8243394,-2.8603582,-2.1958153,-2.1958153,-2.1705537,-2.2483082,-2.350631,-2.2940578,-1.6831739,-1.9886321,-2.6283731,-2.6283734,-2.5770514,-1.8740848,-2.2375996,-1.9638023,-1.3027557,-2.1709428,-1.9695909,-1.9695919,-1.976121,-1.2639066,-1.8112873,-1.8677877,-1.8670887,-1.3314444,-1.305625,-1.305625,-1.3116912,-1.3949776,-1.1684004,-1.1927104
NC(=S)Nc1ccccc1,-1.77,-2.0938876,-2.6047258,-2.3741734,-2.3741736,-2.3895478,-2.6398063,-2.4247694,-1.6950138,-2.4827118,-2.9000845,-2.7150276,-2.7150269,-2.6840737,-2.6397777,-2.739568,-2.9639714,-1.8478644,-2.038447,-2.0961998,-2.0962,-2.1070437,-2.037512,-1.5074638,-1.3490411,-1.2053182,-1.6527305,-1.6625673,-1.6625671,-1.9559823,-2.2452073,-2.5757189,-1.8380115,-1.5771978,-2.108473,-1.9368454,-1.9368454,-1.985088,-2.0061872,-1.9862382,-2.07603,-1.5752296,-2.5130296,-2.3863118,-2.3863122,-2.287551,-2.4183073,-2.292271,-2.4609547,-1.4190013,-1.0457827,-1.392026,-1.3920258,-1.3542073,-1.3902279,-1.0347271,-1.220573,-1.7727785,-3.4318464,-3.0546699,-3.0546699,-2.7128754,-2.1492448,-2.5548325,-2.4852514,-1.744948,-1.6902586,-1.7332397,-1.7332395,-1.6725987,-1.6724046,-1.7657357,-1.738775
CCCC(=C)C,-3.03,-1.8057932,-1.9220443,-1.3867071,-1.3867072,-1.3863136,-1.5678017,-1.3329785,-0.8299175,-2.3032975,-1.2270675,-1.3217876,-1.3217872,-1.3187845,-1.2019646,-1.3180432,-1.5074261,-3.3007565,-1.5112659,-1.5874778,-1.5874779,-1.5898032,-1.4895077,-1.5624171,-1.4905564,-2.288778,-1.274931,-1.7137907,-1.7137905,-1.8950706,-1.9177258,-2.6639524,-1.4890668,-2.1385305,-1.790362,-1.4972831,-1.4972832,-1.5317924,-1.5263919,-1.499543,-1.0773042,-1.1384981,-2.090918,-2.0914018,-2.0914018,-2.0898123,-2.063901,-2.126849,-1.5893883,-2.928916,-3.9553294,-3.837365,-3.8373654,-3.8848145,-3.1633594,-3.8705857,-2.9266958,-2.797553,-1.7267444,-1.6022027,-1.602203,-1.6034024,-1.0893532,-1.8325279,-1.5122614,-3.1083312,-3.3709798,-3.2889042,-3.2889042,-3.1668503,-3.3895733,-3.1746218,-3.556056
O=C1NC(=O)NC(=O)C1(CC)C(C)CCC,-2.39,-2.4493108,-3.367536,-3.156244,-3.156244,-3.1522634,-3.464581,-3.117835,-2.5033758,-2.1272283,-2.055488,-1.6472521,-1.6472523,-1.6222287,-1.7598829,-1.6244006,-2.3583732,-2.542125,-4.0244074,-3.5557792,-3.555779,-3.5682821,-3.7924576,-2.5433116,-2.3390415,-2.8046522,-2.7088506,-3.1420562,-3.1420565,-2.5546763,-3.0292003,-3.421595,-3.0994337,-2.2310023,-3.1845412,-3.182789,-3.1827888,-3.1721268,-3.3722417,-3.1332746,-2.7660704,-3.3696709,-3.448843,-3.9354904,-3.9354904,-3.8146048,-3.855965,-3.6976907,-4.793458,-2.6381488,-1.9230944,-2.4748914,-2.4748914,-2.4801981,-2.7155738,-2.2263458,-2.694244,-1.98856,-2.4308448,-2.056046,-2.056047,-2.0290298,-1.2138,-1.770004,-2.0361197,-2.4134898,-2.434868,-2.3804107,-2.3804114,-2.3481326,-2.462063,-2.5561745,-2.4365425
Cc1cc(=O)[nH]c(=S)[nH]1,-2.436,-1.7546644,-2.3497465,-2.180289,-2.180289,-2.1740603,-2.3495276,-2.178844,-1.8693699,-2.1791155,-1.790446,-1.6337341,-1.6337335,-1.6455444,-1.5903946,-1.6121222,-1.9253054,-2.0809195,-1.5169394,-1.5154761,-1.515476,-1.5190187,-1.461811,-1.0736924,-1.0100256,-0.81382924,-0.64279217,-0.9706448,-0.97064435,-1.2785933,-1.322411,-1.9245449,-0.96644896,-2.45462,-1.8389337,-1.6331631,-1.6331632,-1.6369169,-1.7120229,-1.5968723,-1.245128,-2.1798413,-2.052113,-1.964933,-1.9649328,-1.9645563,-2.023469,-2.0206854,-1.7313426,-1.6590284,-1.1629409,-1.2355512,-1.2355508,-1.2036079,-0.81241775,-0.91576844,-0.7487543,-2.3854306,-2.5127912,-2.0991914,-2.099192,-2.1061711,-1.6819364,-2.4900174,-1.9031163,-2.4026926,-2.3930192,-2.498515,-2.4985142,-2.420235,-2.5192428,-2.4244611,-2.5462334
Cc1cccc2c(C)cccc12,-4.678999999999999,-2.1997256,-2.5639544,-2.4339302,-2.43393,-2.4279008,-2.6445296,-2.4390135,-2.3753672,-4.143534,-3.046774,-4.0425844,-4.0425825,-4.0210853,-4.1086273,-4.048948,-3.9169636,-4.8599305,-2.5537686,-2.7103243,-2.710324,-2.718491,-2.6312158,-3.6541624,-3.4740484,-4.29279,-4.3226376,-4.662834,-4.6628346,-4.695414,-4.827733,-5.624195,-4.3640594,-4.5502615,-4.475069,-4.544595,-4.544594,-4.6623936,-4.7772856,-4.681082,-5.448606,-4.5670333,-2.7050347,-2.9246318,-2.924632,-2.9090223,-2.9137886,-2.8766992,-3.0413644,-4.950707,-4.9907565,-5.2898545,-5.289854,-5.29182,-5.472003,-5.192342,-4.717153,-4.3541594,-4.4807544,-4.4348717,-4.4348726,-4.3814054,-3.334403,-4.7619786,-4.2180133,-4.639722,-4.114504,-4.273588,-4.2735868,-4.194908,-4.238295,-4.0255494,-4.675629
CCOC(=O)CC(=O)OCC,-0.82,-2.1828027,-2.9461646,-2.668981,-2.6689808,-2.6607742,-2.90692,-2.6332152,-1.807888,-0.7439116,-2.2234728,-0.8623877,-0.86238796,-0.823394,-1.1700573,-0.7818376,-1.8522007,-0.7563156,-2.252202,-2.1110508,-2.1110508,-2.1166534,-2.0483027,-1.1024551,-1.2510074,-0.7428395,-0.78678554,-0.74906915,-0.74906874,-0.750957,-1.1631128,-1.3647941,-0.8351605,-1.2934878,-3.0000014,-2.8640049,-2.8640046,-2.8278248,-2.9540083,-2.9330254,-2.4155571,-1.2278235,-3.4194431,-3.585289,-3.585289,-3.360944,-3.4677925,-3.5532155,-4.160496,-0.88614213,-1.16475,-1.8429044,-1.8429047,-1.817279,-1.9580667,-1.5647902,-1.6014478,-1.2706292,-1.8039911,-1.3478853,-1.3478857,-1.3570223,-0.72831523,-0.9279812,-1.4766105,-0.7683953,-0.80656916,-0.8505669,-0.85056686,-0.81865746,-0.7764374,-0.8833806,-0.95653325
O=C(C=CC=Cc2ccc1OCOc1c2)N3CCCCC3,-3.46,-4.5844755,-5.207687,-5.100977,-5.100977,-5.11578,-5.6010957,-5.201576,-4.0701747,-5.18102,-5.5729504,-4.7099733,-4.7099733,-4.778599,-5.2016935,-4.7091146,-4.378537,-3.5038834,-5.0553913,-4.658767,-4.658767,-4.6791735,-4.6712475,-3.8076286,-4.05741,-3.8479543,-4.214452,-4.5516815,-4.551681,-4.355848,-4.6217813,-4.9873166,-4.2395515,-4.312524,-4.931687,-4.7651644,-4.7651644,-4.8237715,-5.094769,-4.9216876,-5.1323047,-4.6276073,-5.483221,-4.785118,-4.7851176,-4.895279,-4.733527,-4.992733,-4.7394795,-4.0229044,-4.1509895,-4.9645486,-4.9645486,-4.916749,-4.7252417,-4.495064,-4.2818723,-3.910567,-5.815447,-5.434743,-5.4347434,-5.4434695,-4.463688,-4.591202,-4.9086967,-3.503963,-3.4596303,-3.548086,-3.5480866,-3.477804,-3.6254838,-3.5291085,-3.4937131
ClCBr,-0.89,-1.0219991,-0.85945785,-0.29868796,-0.29868764,-0.30951643,-0.4669642,-0.33950362,-0.49020356,-1.0020427,-0.2571483,-1.1585083,-1.1585082,-1.1562043,-1.2817571,-1.131079,-0.36497828,-1.1759951,-1.3787515,-1.3603028,-1.360303,-1.363155,-1.3566393,-2.260847,-2.0680714,0.21145001,-0.5057687,-0.47484717,-0.47484654,-0.8384054,-1.156601,-1.432248,-0.632876,-0.8344081,-1.811711,-1.995779,-1.995779,-1.9910495,-1.9927176,-2.0406778,-1.289535,-0.9092415,-1.1225314,-0.7713074,-0.7713074,-0.7899592,-0.83387256,-0.81164426,-1.6926147,-0.994727,-1.2827755,-1.3271585,-1.3271586,-1.3180338,-0.8262627,-1.1421881,-1.0237043,-0.78462875,-1.3255571,-1.0969257,-1.0969256,-1.0956361,-1.0033383,-1.1201029,-0.87834513,-1.9183085,-1.4675025,-1.539308,-1.5393082,-1.4664589,-1.6305666,-1.3104426,-2.2925794
CCCCN(CC)c1c(cc(cc1N(=O)=O)C(F)(F)F)N(=O)=O,-5.53,-4.416216,-4.8982043,-4.6063566,-4.606356,-4.585738,-4.912509,-4.508081,-4.1583743,-5.9557714,-2.2115257,-3.2658443,-3.2658443,-3.1974232,-3.0004225,-3.2620883,-3.093486,-5.8796334,-4.73494,-4.1616173,-4.161617,-4.167576,-4.7136497,-4.6345253,-4.819837,-5.386456,-5.5253,-5.430155,-5.4301558,-5.245825,-5.5494504,-6.1339145,-5.144142,-5.8979654,-4.6274114,-4.7124977,-4.7124968,-4.640225,-4.998795,-4.545652,-4.472218,-4.4790125,-3.8944864,-4.198723,-4.198723,-3.4805524,-4.1277566,-3.2031062,-4.6427984,-6.120094,-3.3727326,-4.044412,-4.044413,-3.9871635,-3.835818,-3.7236173,-4.4558864,-5.209979,-4.5861397,-5.1982527,-5.198253,-5.187238,-3.2732327,-5.383121,-5.0643415,-5.4198503,-5.4903283,-5.59427,-5.594271,-5.5706763,-5.7326317,-5.7421374,-5.6323996
CC1(C)C(C=C(Br)Br)C1C(=O)OC(C#N)c2cccc(Oc3ccccc3)c2,-8.402000000000001,-5.713178,-7.838614,-6.901173,-6.9011726,-6.9129734,-7.23574,-6.962184,-5.2119308,-7.837817,-5.995442,-5.4684286,-5.468429,-5.4475493,-5.8323135,-5.5635767,-6.065662,-8.602053,-7.097236,-7.1316476,-7.1316476,-7.3821197,-7.942105,-8.669898,-8.638166,-8.221777,-6.8172846,-7.0671797,-7.067179,-7.3640285,-7.217419,-8.545716,-7.0465765,-7.3549447,-6.6136293,-6.4243155,-6.4243155,-6.377141,-6.554251,-6.3110814,-6.1925793,-6.1641707,-5.800268,-5.5660295,-5.5660295,-5.1380024,-5.8040648,-5.551591,-5.4798594,-6.6767797,-5.4080305,-5.637956,-5.6379557,-5.6725698,-5.640065,-5.3518634,-5.140421,-7.712583,-7.342777,-6.909293,-6.909294,-6.952061,-6.9414787,-8.195412,-7.7020125,-8.378897,-8.369885,-8.492244,-8.492243,-8.673571,-8.848593,-8.454515,-8.308376
Clc1ccc(Cl)c(c1)c2cc(Cl)c(Cl)c(Cl)c2Cl,-7.68,-6.5915337,-5.0835457,-4.9531674,-4.953168,-4.955105,-5.235975,-4.9566226,-5.4735546,-7.6518884,-7.9096055,-7.963912,-7.963912,-7.920105,-7.71119,-8.007098,-7.780148,-8.168394,-6.377542,-6.7880664,-6.788066,-6.81155,-6.7461605,-8.051131,-8.14472,-7.858874,-7.3219566,-8.247723,-8.247724,-8.228773,-8.456948,-8.875135,-7.64995,-7.5737953,-4.0575876,-4.3604803,-4.3604803,-4.404526,-4.5003443,-4.530606,-7.21852,-9.199381,-3.2434688,-3.048519,-3.0485187,-3.0270472,-3.0993824,-3.1505406,-3.462691,-8.230043,-5.933424,-6.7283235,-6.7283235,-6.7535295,-8.388835,-6.5084066,-8.020396,-7.7589912,-9.015929,-8.020464,-8.020464,-8.020303,-7.3390145,-8.477545,-8.06489,-7.685548,-8.144943,-8.033731,-8.033731,-8.031221,-8.279213,-7.9369035,-7.6417155
ClC1C=CC2C1C3(Cl)C(=C(Cl)C2(Cl)C3(Cl)Cl)Cl,-6.317,-5.712066,-4.0461364,-4.516562,-4.5165625,-4.4940114,-4.950393,-4.4952817,-5.76374,-6.153794,-5.7259765,-5.787263,-5.787264,-5.7753797,-5.7379785,-5.768911,-6.2755933,-6.31339,-6.425055,-6.2501144,-6.250115,-6.354743,-6.499009,-5.590501,-5.94507,-6.1884313,-5.1051903,-5.989133,-5.9891334,-6.301343,-6.3885684,-6.8796806,-5.5594587,-6.00805,-3.255099,-3.5457256,-3.5457249,-3.512372,-3.8602207,-3.4514804,-4.715997,-6.7795234,-2.56215,-2.8496423,-2.8496425,-2.804378,-2.836523,-2.8583307,-3.0875978,-6.749791,-4.383439,-4.8187537,-4.8187537,-4.856736,-6.3322983,-4.686075,-6.563455,-6.2468634,-6.3736644,-5.931396,-5.9313965,-5.9586926,-5.4627686,-6.055915,-5.8791,-6.3315854,-6.301388,-6.365158,-6.365158,-6.385816,-6.675114,-6.3571095,-6.6392045
CN(=O)=O,0.26,0.49019462,-1.3176652,-0.6502743,-0.6502743,-0.6448552,-0.6766507,-0.61980426,-0.32209456,0.1801353,0.27306247,0.34303677,0.3430372,0.336348,0.17973211,0.33682132,0.03979656,0.17579535,-0.86203045,-0.78588504,-0.78588486,-0.7867029,-0.7723681,-0.39069462,-0.64710224,0.9123319,-0.2437486,-0.073478155,-0.073476374,-0.5043741,-0.5248423,-1.0853423,-0.41601565,0.4136755,-1.6305703,-0.9017032,-0.90170324,-0.9435858,-0.9644083,-0.97638667,-0.45626375,0.18179706,-1.2008388,-0.76666194,-0.766662,-0.817118,-0.82083565,-0.8567767,-0.5662926,0.05539794,-0.61174583,-0.3645885,-0.3645888,-0.3307445,0.5726357,-0.087969586,0.19247976,0.29320374,-0.3385143,0.018538805,0.01853929,-0.0117354235,0.05987481,0.110646695,0.09116939,-0.82560337,-0.8190655,-0.6811295,-0.68112946,-0.7177341,-0.7395713,-0.78175086,-0.8172459
Oc1c(I)cc(C#N)cc1I,-3.61,-6.127923,-3.6522837,-3.7557557,-3.755756,-3.7506924,-4.24665,-3.7983603,-5.9559746,-3.8505359,-5.785255,-5.3396673,-5.3396654,-5.3229184,-5.325278,-5.3210926,-4.3784814,-3.5808437,-4.883106,-4.9024134,-4.902414,-4.922817,-5.2540913,-5.318293,-4.7528877,-3.0938308,-0.63957983,-1.9273165,-1.9273157,-2.6800277,-1.790201,-3.2421725,-1.7124523,-3.6219704,-2.3512204,-2.697661,-2.6976612,-2.6148071,-2.9858048,-2.5533357,-3.7290914,-3.6662743,-3.0440462,-3.4219716,-3.4219718,-3.3755102,-3.4022317,-3.5517685,-4.2720485,-2.7969344,-0.57993686,-1.4027728,-1.402773,-1.346146,-1.4840139,-1.0067714,-1.2801025,-3.5524116,-4.391902,-4.278684,-4.2786837,-4.298219,-3.9374774,-3.986607,-3.5276687,-3.5345016,-3.4417267,-3.5091016,-3.5091014,-3.4367557,-3.4984431,-3.3530343,-3.677461
CCC1(C(=O)NC(=O)NC1=O)c2ccccc2 ,-2.322,-2.562807,-3.3434792,-3.3449972,-3.3449974,-3.3360212,-3.6814723,-3.286081,-2.7123392,-2.4716492,-2.5103025,-2.1561577,-2.1561587,-2.1293108,-2.155541,-2.1397402,-2.8025672,-2.4578001,-4.0176597,-3.5950732,-3.595073,-3.6070611,-3.8693717,-2.7749927,-2.3813446,-2.4262104,-2.1665108,-2.1092234,-2.1092222,-2.4610784,-2.4272,-2.9458766,-2.049529,-2.1894927,-3.1733754,-3.1417048,-3.141705,-3.1183822,-3.3265176,-3.0467567,-2.464973,-2.6993546,-2.907076,-3.3350146,-3.3350143,-3.2797797,-3.3243198,-3.290789,-3.9068758,-2.1812837,-1.7917889,-2.2853482,-2.2853484,-2.2912562,-2.4037418,-2.0575182,-2.4815323,-2.398172,-2.8744109,-2.3653862,-2.3653867,-2.3393087,-1.5870653,-2.1979609,-2.2174165,-2.2891145,-2.256736,-2.2987113,-2.2987118,-2.2343047,-2.408369,-2.3556273,-2.393713
Fc1ccccc1Br,-2.7,-1.5497825,-2.1943061,-1.9928355,-1.9928356,-1.9969326,-2.197692,-2.0151138,-1.3952596,-2.0172772,-1.8613149,-1.7739156,-1.773916,-1.7790655,-1.7002968,-1.7651979,-1.8368143,-2.4606462,-1.5894213,-1.6326079,-1.6326077,-1.6366067,-1.5712682,-2.1108747,-1.9415373,-1.0224038,-1.7130995,-1.8523126,-1.852314,-2.1771276,-2.556566,-2.7805874,-1.7569449,-2.6249557,-1.7133049,-1.6510617,-1.6510617,-1.5890354,-1.7173213,-1.5586647,-1.8496083,-2.4848921,-2.2534394,-2.3499095,-2.3499093,-2.3023925,-2.335193,-2.5407994,-2.539021,-2.676008,-1.5597913,-1.8708981,-1.8708982,-1.8571693,-0.98039347,-1.603252,-1.3637937,-2.7941587,-2.3022985,-2.032842,-2.0328424,-2.0329225,-1.8613323,-1.835028,-1.7332932,-2.4158149,-3.0535564,-3.013289,-3.0132887,-3.063643,-2.9042866,-3.2327387,-2.6701257
CCCCCCCCOC(=O)c1ccccc1C(=O)OCCCCCCCC ,-5.115,-6.222476,-8.093407,-7.0935626,-7.093563,-7.0780554,-7.424032,-6.9345436,-5.19345,-6.192711,-5.2468114,-6.7505445,-6.750544,-6.628475,-7.1099343,-6.7512975,-7.533455,-5.9109216,-6.877114,-7.520524,-7.5205245,-8.102261,-8.371953,-8.062638,-7.8808346,-5.9054346,-7.0035295,-7.5154057,-7.515405,-6.7258005,-7.128549,-7.4207587,-7.325916,-6.8278685,-8.807161,-8.18719,-8.187192,-7.7850437,-8.200804,-6.9210796,-6.563123,-6.3958926,-6.9537687,-6.786154,-6.7861543,-5.8775334,-7.722044,-7.509817,-6.0831857,-6.3872957,-6.766416,-6.7756557,-6.7756553,-6.482481,-5.724171,-5.8843975,-6.5588536,-5.9076347,-7.6664257,-7.762256,-7.7622557,-7.8009124,-6.242096,-8.339116,-6.939992,-5.5215735,-8.502756,-9.05068,-9.05068,-8.875759,-9.788697,-8.952167,-5.1437454
CNC(=O)Oc1cc(C)cc(C)c1,-2.5810000000000004,-2.4690425,-3.1331134,-2.9624016,-2.9624019,-2.9713454,-3.2679052,-3.021028,-2.5033584,-1.9065298,-2.2814388,-1.8566008,-1.8566004,-1.869402,-1.9798193,-1.8682319,-2.098541,-2.7921019,-3.009763,-2.943577,-2.9435768,-2.9463992,-2.9143312,-2.868084,-2.7863748,-2.7906044,-1.8043718,-2.1214135,-2.121412,-2.360459,-2.5560281,-3.046208,-2.2318077,-2.8159382,-2.7474306,-2.5692182,-2.569218,-2.5940216,-2.707642,-2.5853903,-2.230342,-1.8385891,-3.3062649,-2.9497025,-2.9497025,-2.9488406,-3.054457,-3.1210139,-2.8772855,-2.7932982,-2.7153182,-3.0326588,-3.032659,-3.0357077,-2.6577592,-2.850484,-2.880783,-2.0173314,-2.2000885,-1.9067526,-1.9067533,-1.8998892,-1.2707702,-1.5119709,-1.8662691,-2.547632,-2.647925,-2.6646168,-2.6646173,-2.6407006,-2.6805522,-2.7061248,-2.6075213
Cc2cnc1cncnc1n2,-0.8540000000000001,-1.8862091,-2.315581,-2.1174016,-2.1174016,-2.1245584,-2.348799,-2.1515837,-1.7183096,-1.4807017,-1.8589833,-1.4832335,-1.4832333,-1.467347,-1.6457897,-1.483689,-1.8964412,-0.9653904,-1.6342075,-1.6548475,-1.6548477,-1.6594224,-1.5658563,-1.4408125,-1.5667483,0.1820972,-0.87131673,-0.9798314,-0.9798296,-1.4048733,-1.5105965,-1.8114098,-0.8917567,-1.0723937,-2.0234458,-2.0232954,-2.0232956,-2.0783124,-2.007585,-2.1330442,-1.7434666,-0.9111885,-2.6311686,-2.6591446,-2.6591449,-2.6369967,-2.700992,-2.709654,-2.924578,-0.96900785,-2.0812194,-2.2596993,-2.2596993,-2.224788,-1.8521782,-1.8862478,-1.7484723,-0.7631707,-2.4947157,-2.1161063,-2.1161056,-2.0772326,-1.3997114,-1.7295245,-1.6880583,-0.84230757,-0.8173195,-0.85360676,-0.85360634,-0.75181496,-0.9115447,-0.6829671,-0.8521575
NC(=N)NS(=O)(=O)c1ccc(N)cc1 ,-1.99,-2.5383694,-3.26884,-2.8562796,-2.8562796,-2.855609,-3.0857935,-2.8648324,-2.0102031,-2.2541475,-2.0979993,-1.3823695,-1.3823696,-1.3579813,-1.429766,-1.3951051,-1.8419528,-1.8181013,-3.186932,-2.8188078,-2.8188078,-2.8262472,-2.8548167,-0.7887721,-0.7172011,-1.3530619,-1.4584639,-1.430411,-1.4304092,-1.6581601,-2.092455,-2.1648011,-1.5353436,-1.9043462,-3.0955186,-3.088722,-3.0887218,-3.1279387,-3.182769,-3.1685882,-2.7900333,-2.8215866,-3.6066027,-4.160864,-4.1608644,-4.1095457,-4.0700607,-4.0859537,-5.1525416,-1.5876998,-2.165407,-2.5910718,-2.5910716,-2.54308,-2.4341764,-2.1887572,-2.4909744,-1.9464155,-2.7154138,-2.3846729,-2.384674,-2.3767264,-1.5650783,-2.603586,-1.8723952,-1.9095109,-2.0023742,-2.004507,-2.0045068,-1.9994538,-2.0647688,-2.0744097,-1.9270934
CC=C(C)C,-2.56,-1.1685361,-1.7606328,-1.1476088,-1.147609,-1.1506981,-1.1881003,-1.1538907,-0.5947804,-2.8334928,-1.1620376,-0.8818691,-0.881869,-0.8833912,-0.97827595,-0.85968935,-1.5058604,-2.0104961,-1.3201724,-1.351934,-1.3519338,-1.3546455,-1.3205642,-1.2981625,-1.3667153,-1.4119588,-1.09886,-1.2795892,-1.2795893,-1.398458,-1.6652758,-2.1666646,-1.2834374,-2.0211663,-1.5779328,-1.6070796,-1.6070799,-1.5737455,-1.6242546,-1.5636923,-0.7340324,-0.7249915,-1.6653007,-1.4770356,-1.4770356,-1.4871022,-1.4730453,-1.5104208,-1.109152,-2.8388994,-2.9281914,-2.582579,-2.582579,-2.5845764,-2.570476,-2.5570848,-2.3043876,-2.8959634,-1.7611632,-1.5414282,-1.5414282,-1.5442402,-1.034774,-1.907064,-1.6660734,-2.2610643,-1.9111205,-1.8629029,-1.8629029,-1.8052486,-1.8074924,-1.8406363,-1.7602712
c1ccc2ncccc2c1,-1.3,-1.4107339,-2.1923523,-2.0153482,-2.0153484,-2.0178735,-2.211508,-2.0337965,-1.4354292,-2.076679,-2.6359286,-2.4680514,-2.4680521,-2.4641235,-2.4984565,-2.4601033,-2.5679936,-2.1100478,-1.6985519,-1.831491,-1.8314912,-1.8354454,-1.7255943,-1.9507804,-1.8123188,-0.98814595,-2.5854447,-2.725408,-2.7254074,-2.845326,-3.2382596,-3.5704527,-2.2376666,-1.6169088,-1.7770523,-1.9883244,-1.9883245,-1.9868686,-1.9917876,-1.9894198,-1.7311454,-0.8541791,-2.311688,-2.3609717,-2.3609717,-2.347487,-2.374743,-2.3766954,-2.1968482,-1.1830028,-2.476209,-2.5202212,-2.520221,-2.4798796,-1.5528077,-2.1623542,-1.631532,-1.9266618,-3.0775664,-2.9685493,-2.9685495,-2.959225,-2.6719174,-2.6865344,-2.5396023,-1.2556192,-1.2672299,-1.3805858,-1.3805858,-1.3561976,-1.3941884,-1.3480884,-1.2424885
COCC(=O)N(C(C)C(=O)OC)c1c(C)cccc1C ,-1.601,-3.092727,-4.15822,-3.898023,-3.8980236,-3.8605223,-4.2409043,-3.7585893,-3.0207539,-2.436421,-2.692235,-2.3167582,-2.316758,-2.2871654,-2.5120137,-2.2921073,-2.6424997,-1.7125845,-4.010344,-3.3002546,-3.3002543,-3.3059602,-3.7033355,-2.3991551,-2.0343657,-1.963393,-2.012234,-2.389176,-2.3891735,-2.2897353,-2.486741,-2.9592838,-2.2138374,-2.2509162,-4.299155,-4.265003,-4.265003,-4.1639023,-4.5298815,-4.004618,-2.5660625,-3.4274914,-3.4415727,-3.9743207,-3.9743202,-3.9113326,-3.959487,-3.913941,-4.545093,-2.9617927,-2.8507295,-3.4683926,-3.4683928,-3.4243338,-3.35944,-3.0783217,-3.1614685,-1.9096088,-2.9331975,-2.8165638,-2.816564,-2.780985,-1.909114,-2.4475899,-2.8835788,-1.7785094,-3.8488674,-4.03685,-4.036851,-4.079233,-4.4417596,-4.0445657,-5.6543984
Fc1cccc(F)c1,-2.0,-0.8818035,-2.0987866,-1.890733,-1.8907331,-1.8916781,-2.0455215,-1.9018643,-1.1429567,-1.4290025,-0.23874529,-0.57410437,-0.5741044,-0.58098924,-0.61799794,-0.5598742,-0.40425226,-1.205287,-1.2235541,-1.284174,-1.2841737,-1.2867442,-1.2273822,-1.0632384,-1.1157211,-0.5503276,-1.1271325,-1.2494708,-1.2494696,-1.6860352,-1.7908976,-2.1337261,-1.1458735,-1.5907989,-2.7049072,-1.731072,-1.7310718,-1.672778,-2.3034253,-1.5656335,-1.7783374,-1.4661621,-2.2044973,-2.3729472,-2.3729465,-2.3466563,-2.340776,-2.5145047,-2.098992,-1.986171,-1.4894964,-1.6234367,-1.6234367,-1.5914568,-1.1368672,-1.2722408,-1.1377364,-1.7698591,-1.1132768,-0.7932557,-0.7932556,-0.7859873,-0.8049334,-1.2154851,-0.6872985,-1.9630868,-2.8176422,-2.8969345,-2.8969347,-2.9173324,-2.7482352,-3.0971568,-2.591987
C=CC=C,-1.87,-0.7861664,-1.2574122,-1.0507092,-1.050709,-1.0664272,-1.2696209,-1.0594714,-0.036180917,-0.32919127,-0.57549846,0.3554197,0.35541987,0.35359958,0.18758433,0.373555,-0.70488703,-1.899163,-0.9063531,-0.80684656,-0.8068466,-0.80783397,-0.71719575,0.1999556,0.06584984,0.03656712,-0.28159142,-0.31552956,-0.3155287,-0.650371,-0.73825824,-1.2704519,-0.5644268,-1.6638279,-3.3136187,-2.0114143,-2.0114148,-2.325346,-2.2514317,-2.427629,-1.4506202,-1.0434207,-1.854866,-1.6339687,-1.6339687,-1.6689612,-1.6056356,-1.6788151,-0.73135114,-1.8521258,-2.911639,-2.9439795,-2.9439797,-2.9645844,-2.1572483,-2.9021103,-2.2471635,-1.7549694,-0.4879652,-0.4696184,-0.46961832,-0.45228598,-0.31636754,-0.62939036,-0.73007613,-1.932997,-2.130868,-2.158296,-2.1582963,-2.1152878,-2.2135103,-2.1134658,-2.1001704
Nc3cc2c1ccccc1ccc2c4ccccc34 ,-6.2,-5.0474057,-3.508534,-3.5698433,-3.5698438,-3.5721536,-4.0121117,-3.6256044,-4.616479,-6.001157,-5.123509,-5.367076,-5.3670774,-5.326932,-5.750571,-5.3914456,-5.4813166,-6.767423,-4.5142636,-4.661486,-4.6614866,-4.643671,-4.602505,-5.289957,-5.2090325,-5.6311255,-5.3718843,-6.162389,-6.162388,-6.3758264,-6.2107773,-7.006494,-5.7379313,-6.1867685,-2.9642773,-2.897036,-2.8970356,-2.9122605,-3.04144,-2.8925686,-3.1475077,-6.4698944,-3.865983,-4.150293,-4.150294,-4.1517553,-4.109766,-4.1324143,-4.5928664,-5.8820944,-4.2273283,-4.4061174,-4.406118,-4.31107,-4.0617323,-3.8352525,-3.8230872,-5.693227,-4.634127,-4.268948,-4.2689486,-4.250779,-3.1557531,-4.4066825,-3.7108948,-6.2308197,-5.821475,-6.1185284,-6.118529,-6.0558434,-6.655348,-5.716272,-6.120762
c1(O)c(C)ccc(C(C)C)c1,-2.08,-1.9686592,-2.5153217,-2.1913812,-2.1913812,-2.200283,-2.4038346,-2.2234807,-1.8397115,-2.0585217,-2.4721174,-2.3789282,-2.3789287,-2.3449218,-2.4815588,-2.3769524,-2.9335415,-2.1009302,-2.7204585,-2.6854746,-2.6854749,-2.694488,-2.6212165,-2.4141302,-2.439255,-2.2538555,-2.3238318,-2.5329921,-2.5329921,-2.5581415,-2.745426,-3.4433942,-2.3722122,-2.1844974,-2.5606625,-2.9871733,-2.987173,-3.0159636,-3.0097191,-3.0433254,-2.183988,-1.6945232,-2.6098115,-2.195585,-2.1955848,-2.2001138,-2.2785597,-2.3010912,-2.2031314,-2.8894765,-2.322926,-3.1635401,-3.1635401,-3.0864027,-2.4524577,-2.6706185,-2.1884816,-1.7969866,-2.0503988,-1.8400962,-1.8400967,-1.8541605,-1.0743771,-1.4986207,-1.7715294,-2.049444,-1.9303159,-1.8722636,-1.8722637,-1.8227748,-1.8442223,-1.8662739,-1.9036388
CCc1ccccc1,-2.77,-1.8722551,-2.1422367,-1.6134801,-1.6134802,-1.6227565,-1.7397053,-1.6410325,-0.89318883,-2.4922194,-2.05134,-2.2591674,-2.259167,-2.244786,-2.2037015,-2.2577507,-2.2296677,-2.902021,-1.820056,-1.9431071,-1.9431069,-1.9465878,-1.8745551,-2.3808703,-2.2123022,-1.4788045,-2.0809808,-2.1717918,-2.1717913,-2.261439,-2.6691341,-3.1523619,-1.9704492,-2.5978982,-2.3918684,-2.2320461,-2.2320461,-2.3123116,-2.2641342,-2.3972387,-2.6563418,-1.3686049,-2.214664,-2.219752,-2.2197523,-2.2136917,-2.2101173,-2.236013,-1.8386619,-3.1349173,-4.0806866,-4.1148877,-4.114888,-4.086216,-4.223284,-3.9917696,-3.5261753,-2.180209,-2.4690018,-2.2008438,-2.2008445,-2.2157195,-1.7022678,-1.8920296,-1.8818104,-2.78517,-2.5608342,-2.730635,-2.730636,-2.6471646,-2.690789,-2.5766802,-2.5358982
N#Cc1ccccc1,-1.0,-0.96918374,-2.0482142,-1.838879,-1.8388789,-1.8475915,-2.046186,-1.8649787,-1.1532267,-1.9396656,-1.6123892,-1.4281583,-1.4281582,-1.4339218,-1.3562989,-1.4090255,-1.698999,-1.2115078,-1.4154987,-1.4851131,-1.4851134,-1.4877167,-1.4066546,-1.4751832,-1.611633,-0.6061029,-1.5422897,-1.7768911,-1.7768905,-1.9730468,-2.2449973,-2.7213802,-1.5708561,-0.85673046,-2.1260333,-2.1201487,-2.120149,-2.1314254,-2.3738952,-2.2101583,-1.5441272,-1.3518345,-2.1384153,-1.5977224,-1.5977223,-1.5572839,-1.6616578,-1.8144832,-1.9907944,-1.5708822,-1.5804764,-1.7136055,-1.7136056,-1.6777054,-1.6824344,-1.387446,-1.5957876,-0.8286926,-0.78210264,-0.8255966,-0.8255974,-0.8332197,-0.68022966,-1.1775466,-0.7617275,-0.986905,-1.6423293,-1.7829217,-1.7829216,-1.7751281,-1.7997494,-1.7409867,-1.2237326
NC(=O)CCl ,-0.02,-0.4396119,-1.6186819,-1.1047043,-1.1047043,-1.1168908,-1.2085156,-1.1232586,-0.55136484,0.4447514,-0.27396134,0.3439387,0.34393924,0.34232372,0.122714415,0.35240185,-0.3026457,-0.09980296,-1.0193177,-0.9882857,-0.9882857,-0.98905957,-0.9329908,-0.38020283,-0.63539535,0.8313392,-0.37665448,-0.23328984,-0.23328812,-0.54594874,-0.83232427,-1.1023786,-0.5109022,-0.005535242,-1.5810924,-1.1204064,-1.1204067,-1.1519825,-1.0227354,-1.1456815,-0.88828593,-0.022611588,-1.4873648,-1.310341,-1.310341,-1.3300532,-1.2555373,-1.3396759,-0.9954482,0.08356763,-0.12552972,0.026415158,0.026415143,0.046786793,0.24063176,0.2188632,0.050667543,-0.26228505,-0.47435316,-0.64030194,-0.64030206,-0.623394,-0.32076925,-0.5525539,-0.16419661,0.043542944,-0.31371087,-0.3902384,-0.3902383,-0.21801658,-0.60578984,-0.085473835,-0.046963915
Nc1ccccc1Cl,-1.52,-1.1406602,-2.177344,-2.018262,-2.0182621,-2.0166445,-2.1866975,-2.0259864,-1.3315043,-1.2253611,-1.7330811,-1.1617459,-1.1617454,-1.1711912,-1.2783077,-1.1403413,-1.591096,-1.0563599,-1.6526737,-1.7234982,-1.7234981,-1.7272539,-1.6771272,-1.4359661,-1.1640828,-0.86689234,-1.8459146,-1.8549919,-1.8549916,-2.0869439,-2.47764,-2.7635193,-1.8151202,-1.3480881,-1.6779193,-1.7533385,-1.7533386,-1.7038752,-1.803315,-1.6731616,-1.1576668,-1.2237105,-2.1405144,-2.1702068,-2.1702065,-2.1774285,-2.1341999,-2.1696007,-1.4137021,-1.140702,-0.724523,-0.9804669,-0.98046684,-0.94663876,-0.5986825,-0.6515787,-0.7292646,-1.6065521,-1.9486341,-1.7505053,-1.7505052,-1.738047,-1.5736568,-1.6057323,-1.4715655,-1.4840004,-2.491409,-2.7223876,-2.7223885,-2.7125528,-2.6571758,-2.7199204,-1.993881
Oc1ccc(Cl)cc1C(=O)Nc2ccc(cc2Cl)N(=O)=O,-4.7,-4.9665146,-5.032711,-4.908024,-4.9080234,-4.919776,-5.3445086,-5.000498,-4.7674336,-5.278879,-3.5177073,-4.6464176,-4.6464176,-4.600535,-5.22943,-4.6783533,-4.185362,-4.648858,-5.272205,-4.9991517,-4.999152,-5.0162644,-5.23548,-4.1025405,-3.730893,-4.1797986,-4.575732,-4.918126,-4.9181247,-5.1293416,-5.061032,-5.46838,-4.892622,-4.6905236,-4.188639,-4.169224,-4.169224,-4.195202,-4.4996634,-4.2042265,-5.363283,-4.4123178,-4.471734,-4.22941,-4.2294106,-4.2292924,-4.228751,-4.3299227,-4.260809,-3.9099135,-2.8602467,-3.646706,-3.646706,-3.5766532,-3.7738194,-3.2042103,-3.6104157,-4.338096,-4.0848355,-4.3609,-4.3609,-4.421948,-3.508781,-4.6891103,-3.7031207,-4.7952256,-4.7445383,-4.8032455,-4.803245,-4.7638793,-4.899843,-4.930445,-4.7853155
NS(=O)(=O)c2cc1c(NCNS1(=O)=O)cc2Cl ,-2.63,-4.229457,-3.815022,-3.6148062,-3.6148064,-3.6151278,-3.9241948,-3.6432438,-3.5314364,-3.120185,-3.4003222,-3.6598852,-3.6598847,-3.6357005,-3.4418437,-3.7567866,-4.064105,-2.6759443,-4.74223,-4.4927797,-4.49278,-4.515797,-4.50511,-3.6377585,-3.1218174,-2.0755663,-3.660122,-3.8991215,-3.8991215,-3.883211,-4.2878146,-4.290212,-3.216825,-2.3813798,-3.0420072,-2.9416237,-2.9416242,-2.9555702,-3.0899065,-2.8958726,-3.019189,-2.2852912,-3.1844876,-3.0821786,-3.0821786,-2.8584855,-3.0592678,-2.8001356,-3.2895195,-2.5893264,-3.2263534,-3.5250013,-3.5250015,-3.4919143,-3.3596451,-3.1287444,-3.5843246,-2.4711473,-4.313827,-4.0388412,-4.0388412,-4.0056434,-3.035943,-4.2213826,-3.4255476,-2.640479,-2.2957053,-2.681354,-2.681354,-2.5915105,-2.6358702,-2.3841023,-2.7795048
CN(C)C(=O)Nc2ccc(Oc1ccc(Cl)cc1)cc2,-4.89,-4.9940295,-5.0927725,-4.9577775,-4.9577775,-4.9733143,-5.431614,-5.0778456,-3.9140947,-5.3226776,-5.464505,-4.3239155,-4.3239164,-4.36054,-4.8540344,-4.3026834,-4.3214674,-4.91306,-5.218979,-4.9295397,-4.9295397,-4.8763003,-4.8515024,-4.560482,-4.4420834,-4.556286,-4.9842234,-4.90114,-4.901139,-5.2179613,-5.3690276,-5.7122407,-4.8990192,-4.779186,-4.504216,-4.416627,-4.416627,-4.4964314,-4.6985717,-4.653517,-5.213567,-5.320389,-5.287732,-4.867508,-4.8675075,-4.9529076,-4.848545,-5.0027084,-4.577579,-5.2199607,-5.5634537,-5.6893477,-5.6893473,-5.623116,-4.9531264,-5.1374006,-5.069828,-4.092812,-4.7391586,-4.4622025,-4.4622035,-4.4103136,-3.479881,-4.1887116,-4.542489,-4.9557533,-4.827968,-4.9310465,-4.931045,-4.983189,-5.0747013,-5.0137806,-4.931228
CCc1cccc2ccccc12,-4.17,-2.5316782,-2.6813264,-2.3711774,-2.3711774,-2.3626246,-2.533772,-2.3592725,-2.0412812,-4.19068,-3.2113633,-4.0931683,-4.093169,-4.0561996,-4.1316175,-4.106978,-3.8974645,-4.902322,-2.6805763,-2.7775042,-2.777504,-2.7830913,-2.6979277,-3.6246207,-3.5087974,-3.6561484,-4.134031,-4.2629356,-4.262936,-4.2833924,-4.5084834,-5.2402945,-3.9188662,-3.9815285,-2.17537,-2.0438828,-2.0438824,-1.9951639,-2.1298943,-1.9202662,-1.5851845,-3.3639839,-2.5909028,-2.83876,-2.83876,-2.806693,-2.8459637,-2.8122067,-3.1066234,-4.1486382,-5.703143,-5.7931156,-5.7931156,-5.774612,-4.9465094,-5.6668873,-4.1255636,-4.074477,-4.121351,-3.8260763,-3.8260765,-3.8482785,-2.8476024,-4.329318,-3.2017488,-4.1333337,-3.785498,-3.8798907,-3.8798916,-3.7831495,-3.8736913,-3.8011134,-4.115631
CC(C)NC(=O)N1CC(=O)N(C1=O)c2cc(Cl)cc(Cl)c2,-4.376,-4.3191466,-5.2754273,-5.0136976,-5.013697,-5.0245724,-5.392607,-5.0923986,-4.333628,-4.687924,-4.704407,-3.5446444,-3.544644,-3.6328368,-4.024403,-3.546264,-2.7701476,-4.4571695,-5.310176,-5.0964518,-5.0964513,-5.093354,-5.35974,-4.6999636,-4.178887,-4.0651126,-3.9719594,-3.9629004,-3.9628994,-4.112779,-4.6774716,-4.447381,-3.7824156,-5.176901,-4.6729794,-4.774026,-4.774027,-4.8019495,-5.020567,-4.883336,-5.6397753,-4.6112247,-4.655063,-4.3022532,-4.302253,-4.326368,-4.255787,-4.3640594,-4.2791424,-4.495435,-3.8925252,-3.9571004,-3.9571006,-3.9431512,-3.576281,-3.7301528,-4.09296,-4.5646005,-4.482851,-4.146464,-4.146464,-4.131473,-3.2452106,-3.8788981,-4.686657,-4.381854,-5.261286,-4.694559,-4.69456,-4.6288505,-4.265562,-3.9656484,-6.096601
Nc1cc[nH]c(=O)n1 ,-1.155,-0.67234766,-2.0555,-1.8340838,-1.8340838,-1.8344109,-1.9707263,-1.8420115,-1.0091732,-0.74192876,-0.6167631,0.009822786,0.009823241,-0.0014628526,-0.18774763,0.017906664,-0.5766953,-0.8751074,-1.1718279,-1.1221746,-1.1221746,-1.1238245,-1.0396043,0.016327383,-0.17015372,0.24715045,-0.3872341,-0.4698348,-0.46983495,-0.8639312,-0.9063687,-1.351869,-0.6188045,-1.0743711,-1.5863459,-1.4659272,-1.4659274,-1.4383823,-1.5344214,-1.4360441,-0.6738995,-1.041257,-2.0002944,-1.8282702,-1.8282706,-1.8306831,-1.8345563,-1.914277,-1.4625077,-1.2058864,-1.1299305,-1.2187619,-1.2187618,-1.1901639,-0.6972303,-0.95900935,-0.8523767,-1.1280463,-0.55703044,-0.39283806,-0.39283827,-0.3915047,-0.26218548,-0.49487644,-0.40564668,-1.0425882,0.78291357,0.85463625,0.85463667,0.91074353,1.027042,0.964186,0.031743485
Cc1cccc2c1ccc3ccccc32,-5.85,-3.7815738,-2.8556283,-2.8528535,-2.8528535,-2.8546019,-3.1977303,-2.8915863,-3.3998525,-5.718978,-4.461731,-5.1655607,-5.1655617,-5.11719,-5.3931437,-5.1900573,-5.177444,-6.3127856,-3.5511782,-3.6559725,-3.6559722,-3.6637363,-3.5553832,-4.83232,-4.6179447,-5.551905,-5.1522064,-5.7152967,-5.7152967,-5.8391757,-5.800754,-6.6004786,-5.3307405,-5.572921,-2.537047,-3.1841593,-3.1841598,-3.1871634,-3.1536906,-3.1793892,-5.353038,-4.358795,-3.2027197,-3.4160511,-3.4160511,-3.395812,-3.4209192,-3.4126902,-3.9957495,-6.156556,-6.478588,-6.981446,-6.9814453,-6.9428954,-6.4461555,-6.7437253,-5.4021125,-5.8032928,-5.319854,-4.8244214,-4.824421,-4.8409615,-3.8289237,-5.861646,-4.9379897,-5.8850203,-5.6756277,-5.966507,-5.9665065,-5.9199557,-5.9876294,-5.869887,-5.852101
COP(=O)(OC)OC(=CCl)c1cc(Cl)c(Cl)cc1Cl,-4.522,-4.906466,-5.0208197,-4.791121,-4.7911215,-4.7691956,-5.0968018,-4.6333647,-4.7964764,-5.1365185,-4.1812334,-4.8890867,-4.8890867,-4.6652536,-5.1303773,-4.3957734,-4.8171563,-4.4726057,-5.735425,-5.3477583,-5.3477583,-5.4291153,-5.630864,-4.4822826,-4.641737,-4.4623256,-4.5334315,-5.1337786,-5.133777,-5.2710032,-4.9670973,-5.645492,-4.7509866,-4.3799663,-4.27137,-4.308241,-4.3082404,-4.2243967,-4.4888635,-3.9847713,-4.5848336,-4.342192,-3.7587848,-4.1246343,-4.124634,-3.9796584,-4.085824,-3.9025486,-4.6822352,-4.2517204,-2.9999528,-3.7273219,-3.727322,-3.7198577,-3.1238856,-3.5923965,-3.054831,-4.6235585,-5.096716,-5.116344,-5.1163435,-5.06673,-3.8556685,-5.1000566,-5.0918684,-4.6215506,-5.139227,-5.5838943,-5.5838947,-5.6182227,-5.8365316,-5.639115,-5.578995
Cc1c(C)c(C)c(C)c(C)c1C,-5.23,-3.5972905,-2.8905876,-2.6071389,-2.6071389,-2.590685,-2.7785108,-2.575339,-2.2967563,-4.038021,-2.5374463,-3.5937426,-3.593741,-3.5852735,-3.8469849,-3.5926654,-3.3202293,-5.6600175,-3.6529784,-3.506233,-3.5062332,-3.518732,-3.5565693,-3.9299083,-3.5659065,-5.0920677,-3.1826892,-4.6194067,-4.6194067,-4.4345794,-4.678903,-5.992249,-4.1752496,-5.263378,-4.971951,-5.4385586,-5.438558,-5.2818365,-5.7965016,-5.1887455,-6.516305,-4.631767,-2.6390543,-2.858156,-2.8581557,-2.84255,-2.893011,-2.7964811,-3.2174387,-5.412997,-4.8157206,-4.925785,-4.925785,-4.994639,-6.119894,-4.9755135,-4.8485837,-5.04726,-4.42681,-4.696775,-4.696776,-4.690647,-3.2708442,-5.674898,-4.7349157,-4.151646,-4.10728,-3.9781926,-3.9781928,-3.9761806,-3.989147,-3.9830394,-4.1174617
CCC(C)(C)O,0.15,-0.93604535,-1.7928157,-1.7476056,-1.7476057,-1.7496582,-2.0624573,-1.6773186,-0.4539109,-0.11818584,-1.1308868,-1.1745661,-1.174566,-1.1740801,-1.2581756,-1.1638596,-1.5768557,-0.5183774,-1.4631777,-1.541457,-1.5414572,-1.5450935,-1.4429574,-1.2190433,-1.2699134,0.25782862,-1.0465246,-0.8442888,-0.8442872,-0.5393662,-1.1671624,-1.2387899,-1.0202453,-0.08942753,-1.7530303,-1.6231655,-1.6231654,-1.6118127,-1.7237176,-1.7614108,-1.6564131,-0.92551565,-1.6350057,-1.4733498,-1.4733497,-1.4805821,-1.4575949,-1.5094022,-1.1242542,-0.108062066,-1.002695,-1.1734253,-1.1734253,-1.1427656,-0.0301513,-0.85160303,-0.62981534,-0.09156941,-0.8152282,-0.6749994,-0.6749998,-0.66012865,-0.29019424,-0.26706797,-0.6795054,0.2519943,0.6241602,0.567933,0.56793314,0.515676,0.5312869,0.640753,0.2740679
CCC(CC)C=O,-1.52,-1.943016,-1.994638,-1.376357,-1.376357,-1.3697644,-1.5201672,-1.3376338,-1.1491095,-0.3844,-1.3937689,-1.2061177,-1.2061174,-1.2046301,-1.2843451,-1.1874148,-1.736478,-1.5055058,-1.6596154,-1.675974,-1.6759739,-1.681229,-1.6403027,-1.6298167,-1.5923271,-0.828111,-1.4508989,-1.6831288,-1.6831276,-1.6275641,-2.114176,-2.604208,-1.7188792,-0.87794274,-2.2162151,-1.9459217,-1.9459215,-1.8439819,-2.0617692,-1.6382756,-1.4266825,-0.7214327,-2.046785,-2.0894861,-2.0894861,-2.0863812,-2.0434952,-2.0982635,-1.5342351,-0.9374708,-1.2184433,-1.2048286,-1.2048287,-1.1798416,-0.74432033,-0.9014538,-0.92668164,-1.1704508,-1.6429616,-1.2820097,-1.2820104,-1.2999036,-0.9235085,-1.2315505,-1.4393132,-1.371212,-1.5903889,-1.6609956,-1.6609958,-1.7314085,-1.6611764,-1.6791911,-1.6150675
Cc3nnc4CN=C(c1ccccc1Cl)c2cc(Cl)ccc2n34,-4.09,-4.254529,-5.419747,-4.986773,-4.986773,-4.964432,-5.267637,-4.8944182,-3.6723294,-4.858653,-5.192814,-5.3152885,-5.3152905,-5.281327,-5.6885953,-5.2876096,-5.030077,-4.597792,-5.618906,-5.5128903,-5.5128903,-5.510107,-5.645193,-5.577505,-5.4161887,-3.529462,-5.7061005,-5.653872,-5.653872,-5.6755037,-5.8190007,-5.77984,-4.008399,-4.212458,-4.6538005,-4.680439,-4.680439,-4.6279125,-4.8110743,-4.639066,-4.059356,-3.6338272,-3.4998925,-3.5985587,-3.598559,-3.5532994,-3.6152372,-3.643251,-3.8866515,-4.270278,-3.8696096,-4.1716194,-4.1716194,-4.1933618,-4.3327723,-3.839061,-4.0650234,-4.0070395,-6.0292253,-5.3801627,-5.380164,-5.395847,-4.194068,-5.152388,-4.962216,-4.270619,-4.0844946,-4.203665,-4.2036657,-4.1418996,-4.2948613,-4.185844,-4.217068
FC(F)(Cl)C(F)(Cl)Cl,-3.04,-2.0248232,-1.8048551,-1.6669046,-1.6669044,-1.6568817,-2.0612617,-1.6874772,-1.3327472,-3.0117078,-2.0143938,-2.3328788,-2.3328786,-2.3355951,-2.3441968,-2.326302,-2.9072802,-2.9332652,-1.5807209,-1.5568813,-1.5568812,-1.5711873,-1.7742878,-1.059426,-1.0963029,-2.3220308,-1.7911403,-2.0083387,-2.0083396,-2.4486957,-2.8340178,-3.126605,-1.6369344,-2.7079341,-1.8473771,-1.3151284,-1.3151287,-1.3144792,-1.3839589,-1.4233763,-1.0762633,-2.485996,-1.406737,-1.2074999,-1.2074997,-1.2112757,-1.2297955,-1.2314771,-1.5637647,-3.0913663,-1.1941458,-2.5004501,-2.5004504,-2.3573256,-2.27085,-2.014706,-2.451684,-2.7454562,-2.514948,-2.4479845,-2.4479842,-2.439817,-2.1246362,-2.7134442,-2.6549551,-2.9509609,-2.2697425,-2.4326699,-2.4326706,-2.3158035,-2.5070841,-2.0942955,-2.59653
Oc1ccc2ccccc2c1,-2.28,-2.3196604,-2.354845,-2.260774,-2.2607741,-2.2666917,-2.5395274,-2.2930117,-2.0055015,-2.5273488,-2.735659,-2.6475573,-2.6475568,-2.6368937,-2.6525798,-2.6425574,-3.0002294,-2.5595899,-2.0531487,-2.166939,-2.166939,-2.1727695,-2.0384116,-2.0335007,-1.9799187,-1.9914404,-2.7201324,-2.9489694,-2.9489675,-3.1297486,-3.354127,-3.828333,-2.5261288,-2.167255,-1.8961565,-2.05872,-2.05872,-2.0572855,-2.1364567,-2.0401185,-2.3892548,-2.8772564,-2.544679,-2.660067,-2.6600673,-2.6366632,-2.674883,-2.68482,-2.80805,-1.9473124,-1.3650932,-2.3656256,-2.3656259,-2.2952778,-1.9320801,-1.9040082,-1.7917622,-2.3909225,-2.9761972,-2.7668748,-2.7668748,-2.787634,-2.460112,-2.4836745,-2.286051,-2.25819,-2.2651706,-2.3634784,-2.3634782,-2.283099,-2.283603,-2.3764758,-2.3688388
CCOCCOCC,-0.77,-2.768011,-2.5039864,-2.2603219,-2.2603219,-2.2436123,-2.5923338,-2.2050052,-1.524933,-1.1998988,-2.050672,-1.6778839,-1.6778843,-1.6730675,-1.9695735,-1.6591449,-1.8830249,-0.5800687,-1.7363958,-1.5966276,-1.5966277,-1.6019018,-1.4519705,-0.5181369,-0.7230734,-0.6629397,-0.5155883,-0.5884214,-0.5884196,-0.6878965,-0.8488387,-1.2667385,-0.6643443,-1.9787239,-2.8623264,-2.6791196,-2.6791196,-2.2727287,-2.7426898,-2.0486388,-2.2396016,-1.3594036,-3.1727724,-3.2614686,-3.2614684,-3.1420586,-3.260507,-3.1174366,-3.7480924,-1.31625,-1.380745,-1.5494517,-1.5494517,-1.4944264,-1.6739664,-1.19164,-1.5137312,-0.9332279,-2.6450698,-2.3369825,-2.3369827,-2.3805876,-1.5122566,-2.1481187,-2.2255805,-0.7764183,-0.75011533,-0.6929463,-0.6929462,-0.7092489,-0.69099337,-0.8014532,-0.6993423
CN(C)C(=O)Nc1ccc(C)c(Cl)c1,-3.483,-2.8609662,-3.4824653,-3.338268,-3.3382678,-3.349453,-3.6960666,-3.4113328,-2.7338786,-3.1787133,-3.1241903,-1.7296393,-1.7296398,-1.6662325,-2.2417996,-1.7587308,-2.4128106,-3.2499237,-3.5530071,-3.3566768,-3.3566775,-3.35609,-3.319891,-2.9665694,-2.6359258,-3.4266727,-2.6494076,-2.784115,-2.7841144,-3.0821798,-3.3038237,-3.7540143,-2.764236,-3.0676932,-3.1016312,-3.0274096,-3.0274098,-3.106338,-3.2042959,-3.1873422,-3.118961,-3.4995494,-3.67592,-3.4153426,-3.4153419,-3.414314,-3.4786334,-3.4770465,-3.4327781,-3.9208674,-3.531743,-3.7721455,-3.7721457,-3.7576244,-3.273757,-3.4310477,-3.0937154,-2.6879585,-2.926142,-2.650297,-2.6502974,-2.6588066,-1.9840821,-2.6450386,-2.560206,-3.4919484,-2.4959888,-2.4896655,-2.4896657,-2.363176,-2.3243608,-2.2384546,-2.5094435
ClC1CC2C(C1Cl)C3(Cl)C(=C(Cl)C2(Cl)C3(Cl)Cl)Cl,-6.86,-6.6076746,-4.5593553,-4.8509097,-4.850909,-4.823283,-5.198232,-4.6965504,-6.4596705,-6.5125494,-6.427893,-6.289709,-6.289708,-6.273095,-6.0989413,-6.2514353,-6.630122,-6.89223,-7.140176,-7.266925,-7.2669244,-7.307453,-7.2017417,-6.96496,-7.037245,-6.931568,-6.840897,-7.0283675,-7.028369,-6.9495826,-7.3771687,-7.7845516,-6.8754783,-6.9703016,-3.478855,-3.7842283,-3.7842278,-3.7586775,-4.0743656,-3.728159,-5.151568,-6.619774,-2.6056557,-2.7082374,-2.7082372,-2.506998,-2.690857,-2.5896025,-3.329312,-7.1611595,-4.302452,-4.838466,-4.8384666,-4.8511634,-7.2094326,-4.5954304,-6.999042,-6.3253193,-7.393357,-6.6499166,-6.6499176,-6.6857862,-6.110107,-6.6715035,-6.608619,-6.876976,-6.638888,-6.9375887,-6.9375887,-6.971528,-7.0477204,-6.855736,-6.830267
CNC(=O)Oc1cccc2CC(C)(C)Oc12,-2.8,-2.7545934,-3.5414224,-3.2330916,-3.2330914,-3.226751,-3.4854069,-3.2322032,-2.6717103,-2.81685,-2.8630407,-2.0888312,-2.0888307,-2.095333,-2.373608,-2.0949543,-2.4171157,-2.657083,-3.5938084,-3.4093025,-3.409303,-3.4074364,-3.3775826,-3.0504353,-2.7954743,-2.7183576,-2.4528992,-2.5142164,-2.5142155,-2.604994,-2.9971695,-3.2536638,-2.3376658,-2.7778955,-3.3036964,-3.1245708,-3.1245718,-3.1105094,-3.2537615,-3.0085745,-2.4158218,-2.2399879,-3.6794736,-2.9670784,-2.9670787,-2.9986172,-2.9207206,-3.1889071,-2.58382,-2.9769793,-3.0526094,-3.6774473,-3.6774476,-3.6319666,-3.1584225,-3.346525,-2.9885862,-2.321199,-3.342062,-2.8289988,-2.8289993,-2.8470993,-2.1240408,-2.2934942,-2.6388962,-2.7307925,-2.8022857,-2.8945038,-2.8945029,-2.8739126,-2.9412398,-2.8988526,-2.8634639
CC2Cc1ccccc1N2NC(=O)c3ccc(Cl)c(c3)S(N)(=O)=O ,-3.5860000000000003,-4.69018,-5.6740527,-5.2803206,-5.2803216,-5.280221,-5.628408,-5.298625,-4.615727,-4.744899,-4.5860405,-4.33871,-4.3387094,-4.430391,-4.810844,-4.2869835,-3.8661218,-3.6878052,-5.104944,-4.8350973,-4.8350973,-4.7498865,-5.094204,-4.1081057,-3.630585,-3.4511628,-5.4344254,-5.356719,-5.3567176,-5.1804223,-5.728843,-5.8502545,-4.656462,-3.8428707,-5.4440827,-5.2222404,-5.2222414,-5.250876,-5.3638263,-5.4006243,-4.4683466,-4.007518,-4.567882,-4.2214575,-4.2214575,-4.08624,-4.192811,-4.2511115,-4.212993,-3.7216733,-4.333276,-4.7263236,-4.726324,-4.98201,-4.948592,-4.717596,-4.8933473,-3.7262363,-5.2364697,-4.589772,-4.589772,-4.6157227,-3.6767795,-4.3152966,-4.2228084,-3.6758518,-3.6083624,-3.6510022,-3.651003,-3.569082,-3.743666,-3.7650127,-3.7221467
CCCCO,0.0,-1.4629066,-1.5737402,-1.1328089,-1.1328089,-1.1382953,-1.3765973,-1.1263294,-0.81232655,0.04923338,-0.8115754,-0.40565825,-0.4056581,-0.40232792,-0.5109941,-0.39366114,-1.072784,-0.11451237,-1.1466666,-1.1054724,-1.1054724,-1.1078485,-0.9968142,-0.09718426,-0.13502924,0.45988113,-0.95917445,-0.6484965,-0.64849585,-0.7962775,-1.1726787,-1.5029334,-0.99410325,0.18940139,-1.6745539,-1.3713479,-1.371348,-1.4134147,-1.3583393,-1.3523664,-1.3068479,-0.29216236,-1.9237609,-1.8203892,-1.8203892,-1.8057463,-1.7734053,-1.7986711,-1.1403556,0.18133307,-0.7198574,-0.92330474,-0.92330474,-0.89147514,0.1671305,-0.6077031,-0.4435144,-0.04328277,-0.22724,-0.07374735,-0.07374753,-0.04273879,0.27224174,0.044662215,-0.2568003,0.016612167,0.0776605,-0.0998382,-0.09983818,-0.06445263,-0.060409866,0.026718913,-0.12472703
O=c1[nH]cnc2[nH]ncc12 ,-2.266,-1.1472648,-2.1890745,-2.0591638,-2.0591638,-2.0556602,-2.2261543,-2.0621626,-1.3279402,-1.2911689,-0.90881234,-0.65174866,-0.6517482,-0.66543597,-0.7492007,-0.6393519,-0.8771439,-2.402598,-1.539717,-1.4194173,-1.4194173,-1.4224083,-1.4638429,-0.6815887,-0.90984726,-1.0936966,-0.48769277,-0.9953667,-0.99536496,-1.3975222,-1.4350014,-1.9601299,-0.79877275,-2.1043515,-1.6414013,-1.6005915,-1.6005914,-1.5537677,-1.6150655,-1.5418411,-0.883226,-1.4267449,-2.0337155,-2.0614827,-2.0614827,-2.0575514,-2.0650222,-2.078861,-1.6356806,-2.6275518,-1.474331,-1.482483,-1.4824831,-1.4661645,-1.0505207,-1.2427075,-1.0943491,-1.3942467,-0.78599256,-0.6473727,-0.6473727,-0.63787967,-0.50060743,-0.55253565,-0.61649406,-2.155266,-2.234495,-2.353443,-2.3534434,-2.2638981,-2.2890234,-2.3962777,-2.3066995
Ic1ccccc1,-3.01,-1.1100509,-2.01334,-1.8639531,-1.8639532,-1.8798109,-2.1571703,-1.9004232,-1.1407044,-3.4008415,-3.243431,-3.2186747,-3.2186751,-3.2185323,-3.0691185,-3.2164404,-3.3765292,-3.0342479,-1.9960685,-2.0560195,-2.0560193,-2.0615373,-2.0643928,-3.1335306,-2.7768936,-1.3346727,-1.085744,-1.3941321,-1.394132,-1.6808624,-1.7791841,-2.383928,-1.275803,-2.851786,-2.448772,-3.0071852,-3.007185,-3.004428,-2.728346,-3.0854301,-3.165621,-2.6744237,-2.2468753,-2.2165885,-2.2165885,-2.1619565,-2.2186995,-2.431283,-2.5648072,-3.2087312,-3.1748443,-3.1171134,-3.1171138,-3.1337917,-3.4556565,-3.0796127,-3.1742368,-2.9478917,-4.114088,-3.7559838,-3.7559829,-3.7764137,-3.5295324,-3.5755332,-3.5032134,-2.6484332,-2.6832216,-2.7322662,-2.732267,-2.716875,-2.674053,-2.7044008,-2.4740803
Oc1cccc(Cl)c1Cl,-1.3,-1.9996599,-2.4187436,-2.4205801,-2.4205804,-2.413249,-2.6499681,-2.4201183,-1.981024,-1.9794099,-2.0230837,-2.012736,-2.0127358,-2.0232594,-2.0004478,-2.001534,-2.086521,-1.6365728,-1.9090496,-1.9709858,-1.970986,-1.9777545,-1.9908711,-1.9904625,-1.6627402,-0.7953026,-2.3399298,-2.3976545,-2.397653,-2.7312863,-3.0038226,-3.2778316,-2.2305949,-1.2932849,-1.8879066,-2.2313628,-2.231363,-2.1496694,-2.3227394,-2.1017976,-1.9655582,-1.4888493,-2.3148184,-2.505884,-2.5058842,-2.4143255,-2.52487,-2.3501933,-2.3981845,-2.0170743,-0.2964976,-1.0667471,-1.0667471,-1.0211134,-1.186919,-0.71244985,-0.9955904,-1.4761016,-1.783314,-1.7791274,-1.7791275,-1.7675598,-1.4886612,-1.9552658,-1.1703533,-1.2005842,-1.5851998,-1.5898919,-1.5898918,-1.5502394,-1.5744538,-1.5846153,-1.7395717
Clc1ccc(cc1)c2cc(Cl)ccc2Cl ,-6.25,-3.7133784,-3.948933,-3.700973,-3.700973,-3.7056298,-4.0211434,-3.7618284,-3.3381028,-6.8818383,-6.040483,-5.718231,-5.7182307,-5.682351,-5.6220894,-5.703818,-5.8464756,-6.499059,-4.314961,-4.429468,-4.429468,-4.4445086,-4.392288,-6.0966845,-6.1774554,-6.1828356,-5.00659,-5.3036857,-5.3036866,-5.712646,-5.7343297,-6.2803545,-5.3402104,-5.9712725,-3.1038482,-3.208136,-3.2081363,-3.2613206,-3.3161309,-3.3249714,-4.472019,-6.796907,-3.4658484,-3.6939723,-3.693972,-3.6780567,-3.6697202,-3.6929765,-4.5716357,-6.529424,-5.561271,-6.1746707,-6.17467,-6.123148,-6.7609973,-5.866935,-6.506502,-5.9613442,-7.016474,-6.1157646,-6.1157656,-6.1160517,-5.356459,-6.2430253,-6.9178925,-6.2305646,-5.407832,-5.7851725,-5.78517,-5.599415,-5.3822656,-5.7068505,-6.4367824
CCOP(=S)(OCC)N2C(=O)c1ccccc1C2=O,-3.35,-3.5115457,-4.349318,-4.1678724,-4.1678724,-4.171387,-4.437167,-4.1942606,-3.4831784,-3.9624782,-3.1879444,-3.3596282,-3.3596282,-3.3023288,-3.3224928,-3.4093275,-3.299471,-3.3215663,-4.5474067,-4.1081495,-4.1081495,-4.1012325,-4.3056707,-3.0141764,-2.5649116,-4.0210214,-3.8593931,-3.955925,-3.9559245,-3.988966,-4.4272084,-4.5457873,-3.8605206,-3.7037303,-4.1597295,-3.9757485,-3.9757485,-3.9489057,-4.082182,-3.9089234,-3.1164722,-3.6080718,-4.0447392,-4.587128,-4.5871286,-4.591502,-4.5325456,-4.5572996,-4.688599,-3.5547562,-3.4752984,-3.7350338,-3.735033,-3.7249873,-3.852934,-3.4207618,-3.9890547,-3.5694058,-3.6580536,-3.4797199,-3.4797199,-3.4573214,-2.5382,-3.7092361,-3.5627139,-3.2663314,-3.3829567,-3.4231446,-3.4231448,-3.3715892,-3.4312563,-3.4617622,-3.62381
CCCCCBr,-3.08,-2.5357845,-1.969871,-1.5651212,-1.565121,-1.5666124,-1.8386352,-1.569117,-1.4064913,-2.8610885,-2.1247487,-2.4688506,-2.4688506,-2.4603674,-2.2855806,-2.478333,-1.9801614,-3.2434554,-1.9971254,-2.0587883,-2.0587883,-2.0703068,-1.9197739,-3.5945525,-3.1902509,-2.5794787,-1.9989226,-2.2248356,-2.2248366,-2.0899827,-2.5953276,-3.0775666,-2.067398,-3.1151576,-2.0800698,-1.9687952,-1.9687952,-2.0198362,-1.8696381,-1.9701741,-2.2960572,-2.907897,-2.174027,-2.1254368,-2.1254365,-2.0548816,-2.1192627,-2.041512,-1.8232275,-3.1811872,-2.9756317,-2.918616,-2.9186158,-2.9121935,-3.8248348,-2.778729,-3.281457,-2.8175108,-3.475222,-2.9855824,-2.9855828,-3.052601,-2.4348066,-3.284154,-3.0489643,-2.989553,-3.0424976,-3.1334217,-3.1334224,-3.1764848,-3.2745535,-3.0530782,-3.1343892
c1ccc2ccccc2c1,-3.6,-1.4681504,-2.2081032,-2.0399306,-2.0399308,-2.0421584,-2.2395566,-2.0582845,-1.4841185,-2.684832,-2.8947697,-3.039438,-3.0394382,-3.0323794,-3.0496402,-3.0346553,-2.9400556,-3.7627788,-1.8438532,-2.010377,-2.010377,-2.014809,-1.8916934,-2.3926835,-2.154307,-2.9203122,-3.2913253,-3.577096,-3.5770938,-3.6627529,-3.9614103,-4.5325828,-3.0269182,-3.701593,-3.9116173,-3.4150045,-3.4150047,-3.584206,-3.6278698,-3.636958,-3.8759007,-3.1550398,-2.3695219,-2.4805279,-2.4805284,-2.46936,-2.4649127,-2.467562,-2.1798418,-3.8859832,-4.7794876,-4.850228,-4.8502274,-4.914324,-4.1690044,-4.8817444,-3.9716516,-3.5853162,-3.6028666,-3.533019,-3.5330193,-3.5164769,-3.1593158,-3.3313842,-3.339294,-4.0330057,-3.2065783,-3.3584802,-3.35848,-3.313681,-3.3441958,-3.2094648,-3.810601
c2ccc1[nH]nnc1c2,-0.78,-0.739215,-2.0518057,-1.8097743,-1.8097742,-1.8121376,-1.9552358,-1.8224081,-1.0148436,-0.9262686,-1.4110672,-0.9418132,-0.9418129,-0.9508423,-1.02698,-0.9174319,-1.2675472,-0.84755355,-1.577306,-1.5958856,-1.5958856,-1.598587,-1.5324925,-1.4130735,-1.5533249,0.4458545,-1.5788774,-1.9106847,-1.9106827,-2.0480022,-2.47039,-2.7695408,-1.5846715,-0.8498303,-1.5524888,-1.4140455,-1.4140457,-1.3730232,-1.4793421,-1.3538871,-0.871157,-0.38167933,-2.0252738,-1.9859967,-1.9859968,-1.9915274,-1.9759096,-2.0175893,-1.4210545,-0.82919466,-1.4122759,-1.8989241,-1.8989239,-1.8917363,-1.3272897,-1.6342077,-1.4914936,-0.49689826,-1.2871708,-1.1953231,-1.1953229,-1.1839938,-1.0456756,-0.9196789,-1.0315491,-0.7328334,-0.80666596,-0.8177388,-0.81773865,-0.7594421,-0.7712824,-0.85212845,-0.84877634
CC12CCC(=O)C=C1CCC3C2CCC4(C)C3CCC4(O)C#C ,-5.66,-4.079356,-4.361299,-4.039058,-4.039058,-4.0306654,-4.408839,-4.0429196,-3.6574104,-4.84399,-4.312776,-4.3378534,-4.3378534,-4.2810597,-4.762406,-4.3705297,-4.5164595,-5.1798983,-3.8212245,-3.9262724,-3.926272,-3.9078302,-3.9231937,-4.772143,-4.310246,-4.6884756,-4.8511677,-5.091881,-5.091881,-4.73072,-4.803971,-5.414751,-4.946088,-4.7600617,-4.2567897,-4.1856937,-4.1856933,-4.2022095,-4.337138,-4.249965,-3.4921947,-4.5264697,-4.182406,-4.300356,-4.300356,-3.7886133,-4.1653686,-3.487892,-4.7844872,-5.283446,-3.8863778,-4.306705,-4.3067055,-4.284267,-4.429969,-3.874761,-4.422256,-4.0311956,-5.147937,-4.816811,-4.8168125,-4.839408,-3.4396825,-4.3740983,-4.392659,-5.653144,-4.6502275,-4.6067367,-4.606737,-4.5969834,-4.202273,-3.8465948,-4.1567426
COC(C)(C)C,-0.24,-1.5259929,-1.726379,-1.7343247,-1.7343245,-1.7305225,-2.1404743,-1.6749964,-0.41727495,-1.1696603,-1.2261429,-1.1684463,-1.1684464,-1.1681483,-1.27301,-1.149748,-1.7083068,0.122450605,-1.4737269,-1.4959341,-1.4959342,-1.4993231,-1.4150006,-1.0645494,-1.2090946,-0.24739738,-0.8764403,-0.88757765,-0.8875774,-0.905366,-1.2607696,-1.5858904,-1.068193,-0.27941495,-1.6608453,-1.4404706,-1.4404706,-1.4400662,-1.5639979,-1.3887274,-1.4603819,-0.39142734,-1.513492,-1.3106937,-1.310694,-1.3101498,-1.3329651,-1.3523219,-1.3716127,-0.21315041,-0.49019215,-0.5036486,-0.50364846,-0.48670077,-0.62809384,-0.26546213,-0.4723864,-1.7125149,-1.7619588,-1.6536425,-1.6536424,-1.6634262,-1.1343486,-1.5289606,-1.5573323,-0.22530714,-1.8917174,-2.203944,-2.2039437,-2.1117935,-2.2594278,-1.9273468,-2.0491245
CC(OC(=O)Nc1cccc(Cl)c1)C#C,-2.617,-3.865769,-3.682133,-3.6878707,-3.6878712,-3.6989121,-4.123859,-3.7619495,-3.6081877,-3.9067218,-3.0607142,-3.1526582,-3.1526585,-3.117062,-3.4323106,-3.2009294,-3.1175902,-3.0824347,-3.4820895,-3.2728598,-3.2728596,-3.280806,-3.2115037,-3.043122,-2.9778967,-2.915911,-2.1714022,-2.4625933,-2.4625921,-2.791941,-2.947614,-3.4124317,-2.4368913,-3.0582547,-3.3042524,-3.1985276,-3.1985276,-3.2328317,-3.3753288,-3.2278714,-3.1711202,-3.624619,-3.9525645,-3.7917757,-3.7917755,-3.780494,-3.8125062,-3.846145,-4.0077205,-3.5222192,-2.744531,-3.1506765,-3.1506763,-3.1386342,-3.2369432,-2.958413,-3.6885943,-2.884869,-3.116074,-2.909949,-2.9099498,-2.764615,-2.033222,-3.021681,-2.758616,-2.7593896,-2.6244335,-2.6894896,-2.6894898,-2.6346862,-2.721869,-2.7123272,-2.7119944
NS(=O)(=O)c2cc1c(N=CNS1(=O)=O)cc2Cl ,-3.05,-4.6903815,-3.7701864,-3.6521022,-3.6521022,-3.6528587,-3.9816747,-3.682681,-3.8588033,-2.838549,-3.6346383,-3.9626598,-3.9626594,-3.9370759,-3.875333,-4.072314,-4.43277,-2.9306307,-4.7008843,-4.4402337,-4.440233,-4.4678917,-4.5251694,-3.903547,-3.2532048,-2.8078456,-3.5883322,-4.1221843,-4.1221843,-4.2293406,-4.274691,-4.5659423,-3.735791,-2.884094,-3.0105965,-3.1730614,-3.173061,-3.1362917,-3.2382429,-3.2970986,-3.7996767,-2.2680855,-3.1495209,-3.3023136,-3.302314,-3.0798805,-3.3424337,-3.0729988,-3.726683,-3.3306458,-5.762523,-6.232202,-6.2322016,-6.23307,-4.700386,-5.85619,-5.460062,-2.7048168,-4.672412,-4.442139,-4.442139,-4.319987,-3.4495897,-4.477847,-3.6260796,-3.0721812,-2.4418669,-2.7494066,-2.7494073,-2.627504,-2.8124893,-2.4770963,-5.106954
CC#C,-0.41,-0.8476032,-0.14355049,0.061480828,0.061480593,0.060945805,-0.36438587,0.055247355,0.70803446,-0.08045997,0.21510468,0.6393026,0.6393028,0.63699156,0.67199385,0.65136915,-0.06273697,-0.50949335,-0.81631476,-0.7110577,-0.7110578,-0.7112691,-0.6926799,-0.15124886,-0.33065432,1.0742867,-0.27209002,0.06513702,0.06513756,-0.20898093,-0.4765539,-0.8203894,-0.37589014,-0.22725603,-1.540806,-1.1756989,-1.1756994,-1.2804648,-1.122742,-1.436746,-0.4343089,-0.274403,-1.4297464,-0.5314103,-0.53141016,-0.5570472,-0.65785635,-0.6861072,-0.62299407,-0.433776,-1.4342091,-1.767753,-1.767753,-1.7665435,-0.7665481,-1.579872,-1.3611753,-0.24703784,0.10694636,0.27699864,0.27699876,0.29667738,0.5285232,0.014970427,0.17601067,-0.32399425,-0.93703437,-0.6139497,-0.6139498,-0.70333374,-0.6123812,-0.9958246,-0.52476084
COP(=O)(OC)OC(Br)C(Cl)(Cl)Br,-2.28,-4.1544538,-3.9953823,-3.8710964,-3.8710964,-3.8622894,-4.1447377,-3.832553,-3.7054775,-2.084128,-3.5525138,-2.6873071,-2.687307,-2.6487467,-2.6615844,-2.648735,-2.1510987,-2.211287,-5.2887754,-4.1395717,-4.1395717,-4.1977434,-4.966055,-2.848182,-2.3289206,-1.6311283,-1.5576365,-2.335561,-2.3355618,-2.5910232,-2.5328307,-3.2570095,-2.063496,-2.24719,-3.093522,-3.1200356,-3.1200354,-3.0767279,-3.1743252,-2.8804493,-3.8959057,-2.6095934,-2.922944,-3.2410018,-3.2410018,-3.1548486,-3.2673268,-3.1402771,-3.7966452,-2.1029413,-1.9986885,-2.8972244,-2.8972251,-2.8205051,-2.6213994,-2.546888,-2.4693086,-2.2451549,-3.4986262,-3.1212542,-3.1212544,-3.1107645,-2.4412537,-2.3843222,-2.608148,-2.1655064,-2.428885,-2.3931265,-2.3931267,-2.3345287,-2.4317143,-2.2600095,-2.3685458
Oc1cc(Cl)cc(Cl)c1,-1.34,-2.6308415,-2.607682,-2.6266603,-2.6266613,-2.6198564,-2.8992643,-2.6348004,-2.7325392,-2.3624456,-1.8931241,-2.355083,-2.3550828,-2.3658843,-2.2142,-2.3433878,-2.2092228,-1.6612298,-2.0775132,-2.128156,-2.128156,-2.1336193,-2.1055415,-2.4477663,-1.8519077,-0.89962465,-2.332545,-2.6127248,-2.6127267,-2.9436948,-3.0593219,-3.5044403,-2.2763364,-1.3851906,-1.9762701,-2.4287837,-2.428784,-2.3484411,-2.5323946,-2.307672,-2.2391348,-0.9364586,-2.6866972,-2.9959996,-2.9959998,-2.9649076,-2.9880962,-3.1367404,-3.2132766,-1.2933258,-0.2764439,-1.0328865,-1.0328865,-0.98531437,-0.995643,-0.66755265,-0.8816446,-1.5904245,-2.1519167,-1.9512421,-1.9512422,-1.9471359,-1.6918973,-2.1584098,-1.5036529,-1.2612298,-1.249354,-1.334143,-1.334143,-1.2773978,-1.3507451,-1.3653349,-1.4358951
Oc1ccc(cc1)c2ccccc2,-3.48,-2.718105,-2.9338949,-2.8168547,-2.8168547,-2.8322203,-3.1797974,-2.8899179,-2.1208777,-3.4679375,-3.591099,-3.3724086,-3.3724093,-3.3348856,-3.4183595,-3.3933659,-3.6137497,-3.5434785,-3.157212,-3.1382582,-3.1382582,-3.1490278,-3.1093855,-3.3628397,-3.3191836,-2.631512,-2.5057094,-2.5753424,-2.5753398,-2.9271505,-3.1705189,-3.483667,-2.780585,-2.9641595,-2.4033132,-2.276349,-2.2763495,-2.3452353,-2.4065745,-2.3690686,-2.7283096,-3.6947188,-3.257843,-3.0714357,-3.0714352,-3.0522265,-3.1021256,-3.1739063,-3.4175496,-3.8518207,-2.3838458,-3.530352,-3.530352,-3.4335122,-3.2843425,-3.0198445,-3.2282271,-2.8435571,-3.9112873,-3.476686,-3.476688,-3.4907541,-2.7849085,-3.1837087,-3.3137293,-3.4136024,-3.4907055,-3.5927966,-3.5927958,-3.5351653,-3.5677254,-3.477674,-3.5984778
C(c1ccccc1)c2ccccc2,-4.08,-3.0174859,-2.9255674,-2.556331,-2.5563307,-2.5630379,-2.8440719,-2.5931742,-1.8962504,-5.0839834,-3.8492618,-4.175667,-4.1756673,-4.128297,-4.221335,-4.176265,-3.952857,-4.392709,-3.334549,-3.2066607,-3.2066612,-3.2113981,-3.2030015,-3.5746665,-3.2469366,-3.653703,-3.122559,-3.6415255,-3.6415222,-3.7222912,-3.899169,-4.574669,-3.240201,-4.13088,-5.001525,-3.9578767,-3.957877,-4.2441254,-3.9863822,-4.3861423,-2.9335942,-3.715865,-3.9580922,-4.4054437,-4.4054437,-4.4334145,-4.2508507,-4.470977,-4.16141,-4.258573,-4.9990997,-5.418844,-5.4188437,-5.372297,-5.539338,-5.2022963,-4.7789474,-4.2760735,-4.680601,-4.3534493,-4.3534503,-4.367015,-3.2763643,-4.339439,-3.8547323,-4.5356812,-4.3279324,-4.4434233,-4.4434237,-4.365357,-4.443234,-4.268109,-4.358483
CCCC/C=C/C,-3.82,-2.5297673,-2.2767863,-2.000502,-2.000502,-1.9951029,-2.2935925,-1.9460591,-1.4523956,-2.9397159,-1.7920203,-2.4257228,-2.4257228,-2.4099896,-2.3407733,-2.4049044,-2.1883953,-3.9408023,-1.9605824,-2.014045,-2.0140452,-2.0213854,-1.9318992,-2.6084166,-2.425659,-2.9926727,-2.1433492,-2.7150507,-2.7150493,-3.00754,-2.978142,-3.7597775,-2.4791622,-2.8762968,-2.156057,-2.0324419,-2.0324419,-2.093823,-2.1091485,-2.03926,-1.7469044,-3.6080341,-3.4761446,-3.3579597,-3.3579597,-2.7734733,-3.3239179,-2.6649187,-3.6458638,-3.9647326,-4.967319,-5.2747493,-5.274749,-5.485879,-4.115661,-5.385289,-4.1953497,-3.6531913,-3.1468678,-2.9989855,-2.998986,-3.057952,-2.1057117,-3.4070513,-2.6774497,-3.777576,-3.482535,-3.5444396,-3.54444,-3.6179538,-3.4910328,-3.7790499,-3.4279006
Oc2ncc1nccnc1n2,-1.947,-2.09657,-2.2943993,-2.1724494,-2.17245,-2.1791892,-2.4389582,-2.2042096,-1.805349,-1.4101235,-1.6581761,-1.233937,-1.2339368,-1.2315983,-1.2509625,-1.2396806,-1.3858616,-0.9579012,-1.5072008,-1.4758782,-1.475878,-1.4787719,-1.38823,-0.67917615,-0.8353302,-0.75170135,-0.4074561,-0.61202973,-0.61202776,-1.3426098,-0.99986917,-1.6147898,-0.55412537,-1.8435383,-1.8362287,-1.9624252,-1.9624255,-2.001713,-2.0546525,-2.031487,-1.6669526,-1.2441696,-2.3746152,-2.00233,-2.00233,-1.974843,-2.071018,-2.1346724,-2.158253,-1.8876549,-0.59813035,-1.2950209,-1.2950208,-1.2551752,-1.5726072,-1.0026814,-1.3607864,-1.3072608,-1.1984041,-1.0813948,-1.0813949,-1.1075072,-0.90154576,-0.96256125,-0.85283154,-1.9039097,-1.9083606,-1.9729205,-1.9729202,-1.9085644,-1.9458721,-2.056124,-1.9726528
Brc1cc(Br)c(Br)cc1Br,-6.98,-6.4331,-3.8638475,-3.97056,-3.9705594,-3.9624767,-4.477644,-4.0064106,-6.586626,-7.2763166,-5.9379554,-6.3689995,-6.3689985,-6.3513703,-6.227241,-6.353499,-6.741754,-7.202221,-3.4041748,-3.1440163,-3.144016,-3.1531549,-3.1781185,-5.25289,-6.016019,-6.5632057,-4.673292,-6.578833,-6.578836,-6.6794696,-6.7761817,-7.594685,-5.7875676,-6.7538233,-4.706596,-4.8368635,-4.8368635,-4.9566317,-4.838243,-5.008549,-7.2355876,-7.085176,-2.7995143,-3.2130916,-3.2130916,-3.160131,-3.2156255,-3.3468907,-3.9054365,-7.0522623,-2.456703,-2.6885135,-2.6885135,-2.71228,-5.5290914,-2.570727,-4.327949,-6.8918314,-6.8432584,-6.4523444,-6.4523444,-6.475978,-6.180167,-7.034415,-6.737467,-5.57038,-5.566025,-5.6503525,-5.650352,-5.6353936,-5.627073,-5.615335,-5.8011155
CC12CC(O)C3C(CCC4=CC(=O)CCC34C)C2CCC1C(=O)CO,-3.24,-4.4385834,-4.868485,-4.4972863,-4.4972863,-4.49623,-4.87571,-4.5658097,-3.9329855,-4.5328064,-4.1872487,-3.7164605,-3.7164605,-3.6623158,-4.127573,-3.7426822,-3.9712305,-3.6472294,-3.2456846,-3.2036612,-3.203661,-3.1535811,-3.2734368,-4.023023,-3.677966,-3.7165642,-3.8455942,-4.286171,-4.2861705,-3.43488,-3.2428904,-3.8984036,-3.964429,-4.334796,-4.402062,-4.351941,-4.351941,-4.37201,-4.5348215,-4.4223223,-4.109834,-4.294091,-4.9532237,-4.9947166,-4.9947166,-4.894195,-4.7849245,-4.696534,-5.126547,-4.080204,-3.5871768,-4.2104173,-4.2104173,-4.1852407,-4.6095867,-3.7422318,-4.5913863,-3.3807075,-4.6843963,-4.2652373,-4.265238,-4.2019897,-3.0751498,-3.8216026,-3.8718903,-3.3186061,-3.3293748,-3.2817562,-3.281756,-3.2206762,-3.3411024,-3.3757222,-3.4060469
Nc2cccc3nc1ccccc1cc23 ,-4.22,-4.0195527,-2.8570335,-2.9000828,-2.9000826,-2.904098,-3.2863796,-2.9453912,-3.517724,-3.855531,-4.0075336,-3.9985402,-3.9985404,-3.977064,-4.1285195,-4.0245833,-4.181651,-4.142701,-3.2304382,-3.2720401,-3.27204,-3.2763243,-3.1541686,-3.5317917,-3.4184458,-3.3215306,-4.0173173,-4.147775,-4.1477757,-4.343785,-4.6211405,-4.9940133,-3.8657942,-4.0306253,-2.4213572,-2.3037949,-2.3037946,-2.339473,-2.407461,-2.3229318,-2.5173237,-4.041408,-3.376983,-2.738268,-2.7382674,-2.7987509,-2.733424,-2.8231533,-2.518518,-4.018024,-2.6485894,-2.9669383,-2.9669385,-2.896407,-2.8401017,-2.4769692,-2.6308627,-4.042292,-3.7464075,-3.4379535,-3.4379544,-3.4621627,-2.4720988,-3.767218,-2.7699685,-4.229969,-4.180852,-4.3194804,-4.3194804,-4.2562556,-4.280158,-4.228167,-4.2300043
Oc2ccc1ncccc1c2 ,-2.16,-2.269953,-2.3397412,-2.2396533,-2.2396538,-2.2459068,-2.5167093,-2.2720652,-1.956615,-2.2435246,-2.4762325,-2.1008792,-2.1008792,-2.0927024,-2.1295576,-2.0976865,-2.5275342,-2.101399,-1.9083912,-1.9925598,-1.99256,-1.997517,-1.8760041,-1.6360173,-1.6149222,-0.9677105,-2.1579225,-2.2891648,-2.289165,-2.5277371,-2.7565038,-3.0888638,-1.8746568,-2.0062635,-1.8761902,-2.0249243,-2.0249238,-2.0353236,-2.0913694,-2.031534,-2.1862051,-2.240666,-2.6172926,-2.8223903,-2.82239,-2.7979379,-2.8173451,-2.816112,-2.935768,-2.0275736,-1.0761669,-1.997322,-1.9973224,-1.9325641,-1.8283325,-1.5618916,-1.6945165,-2.0922885,-2.6921368,-2.4349687,-2.4349687,-2.457702,-2.1842284,-2.1552978,-1.9740747,-2.130756,-2.1440277,-2.2394965,-2.239496,-2.1445854,-2.1950953,-2.2162006,-2.1819236
CCCc1ccccc1,-3.37,-2.2044804,-2.3235993,-1.8906465,-1.8906463,-1.8921231,-2.093924,-1.8778359,-1.2335956,-3.4255435,-2.2089303,-2.9850998,-2.9851005,-2.9628804,-2.789851,-2.96894,-2.651262,-4.356803,-2.24303,-2.335367,-2.335367,-2.3407001,-2.25023,-3.0253353,-2.871213,-2.134317,-2.4225893,-2.5763738,-2.5763726,-2.680866,-2.93485,-3.5198889,-2.4515848,-2.8955913,-2.3280761,-2.1999826,-2.1999824,-2.1706538,-2.33322,-2.6748586,-2.0724313,-2.3309586,-2.3674886,-2.2037446,-2.2037444,-1.8406156,-2.2321317,-1.8111525,-1.7806659,-3.9166775,-4.0487385,-4.2333555,-4.2333565,-4.1817813,-4.253979,-3.9895043,-3.4730012,-3.710279,-3.6849113,-3.4892368,-3.4892373,-3.5249724,-2.5275865,-3.3921196,-2.8741581,-3.354173,-3.8698006,-3.8093212,-3.8093212,-3.7751992,-3.79471,-3.8935072,-3.9956796
Nc1ccc(cc1)S(N)(=O)=O,-1.34,-1.861549,-2.6133046,-2.3920257,-2.3920255,-2.407319,-2.6548383,-2.4397204,-1.7883183,-2.1971638,-1.9680326,-1.7698162,-1.7698158,-1.7563406,-1.7252257,-1.7948375,-2.2471974,-1.377364,-2.5051455,-2.4309587,-2.430959,-2.4391198,-2.3813946,-1.1027039,-1.1259786,-1.3530073,-2.0858362,-2.0994928,-2.0994928,-2.2133684,-2.703343,-2.950883,-2.2384162,-1.1442837,-2.602678,-2.4362917,-2.4362917,-2.4686446,-2.6084273,-2.9314432,-2.873576,-0.7982892,-2.6880395,-2.5532367,-2.5532365,-2.3809497,-2.5990367,-2.3713107,-2.5150228,-1.8707473,-1.6256808,-2.0779755,-2.077975,-2.0271263,-2.188689,-1.6706886,-2.1176348,-1.5890502,-2.3565726,-1.9527274,-1.952728,-1.9416103,-1.2029598,-2.286845,-1.6166183,-1.3167058,-1.3147992,-1.3485606,-1.3485605,-1.3190683,-1.3375933,-1.3572117,-1.3732105
Clc1ccc(c(Cl)c1)c2ccc(Cl)c(Cl)c2Cl ,-7.8,-5.073484,-4.326258,-4.1625314,-4.1625314,-4.170185,-4.520197,-4.222971,-4.3178215,-7.7170935,-6.8776126,-6.9957857,-6.9957876,-6.947706,-6.8420997,-7.0194306,-7.1572986,-7.9847703,-6.470325,-6.85497,-6.8549705,-6.8727784,-6.9280577,-7.241332,-7.284432,-7.5408373,-6.6144547,-7.450615,-7.4506135,-7.7083526,-7.672421,-8.31279,-7.192845,-7.24175,-3.5553336,-3.7030396,-3.7030404,-3.7629905,-3.8203614,-3.865363,-5.5865874,-8.094992,-4.108415,-4.5194697,-4.5194693,-4.51886,-4.3814883,-4.521139,-5.4748964,-8.012185,-5.4964647,-6.310632,-6.310632,-6.3087897,-8.660681,-5.987386,-8.128536,-7.3110685,-7.544054,-6.827128,-6.827128,-6.8578453,-6.0387135,-7.0963125,-7.203754,-7.7674704,-7.4130373,-7.4938316,-7.493829,-7.493016,-7.739715,-7.3870754,-7.349737
Nc1nc[nH]n1,0.522,-0.21782656,-1.7430876,-1.3514624,-1.3514624,-1.3575939,-1.4160317,-1.3611376,-0.33241954,0.9613329,-0.15473437,0.94468474,0.9446846,0.9425792,0.62206507,0.9497157,0.049039017,0.41778594,-0.94323075,-0.8363325,-0.8363323,-0.8372179,-0.7125209,0.33904034,0.06917839,0.9674255,-0.44383383,-0.44569528,-0.44569558,-0.714244,-1.0510991,-1.3074924,-0.6659312,0.6637564,-1.6083112,-1.5554671,-1.5554674,-1.6378425,-1.5007699,-1.73415,-0.4234693,0.7972987,-1.834554,-1.6378174,-1.6378176,-1.6604565,-1.6213275,-1.6933464,-0.90611964,0.34360525,-0.30356312,-0.3144434,-0.3144433,-0.30385697,-0.50803584,-0.14819138,-0.45212054,1.1081088,0.049023915,0.22325821,0.22325814,0.23135024,0.35387853,0.47212046,-0.07368651,0.5131483,0.57041895,0.5333697,0.53336984,0.6140815,0.6126069,0.69675636,0.83361644
CCN(CC)C(=O)C(C)Oc1cccc2ccccc12 ,-3.57,-3.8752167,-4.3672543,-4.0274906,-4.02749,-4.0254164,-4.3292584,-4.016205,-3.1162539,-4.471094,-4.264931,-3.6966872,-3.6966877,-3.6771855,-4.2730923,-3.7152832,-4.0842366,-3.6297078,-4.368173,-4.22832,-4.228321,-4.180125,-4.2843056,-3.7988918,-3.840071,-4.2359514,-5.3410535,-5.456691,-5.4566903,-4.5764956,-5.0262346,-5.5723586,-5.1148777,-3.5449421,-4.3259254,-4.1867733,-4.186773,-4.180969,-4.263743,-4.1406193,-3.6714332,-3.9700775,-3.9155898,-3.8043025,-3.8043022,-3.6140432,-3.8170147,-3.705662,-3.7436106,-4.131808,-3.6613188,-4.12045,-4.12045,-4.074721,-4.418051,-3.7044303,-3.8942568,-3.768409,-4.805789,-4.569445,-4.5694447,-4.563515,-3.4517221,-3.9234834,-4.48595,-3.522533,-3.5881805,-3.6194887,-3.6194885,-3.6283236,-3.7342393,-3.7925634,-3.7643542
C=Cc1ccccc1,-2.82,-1.0176576,-2.071845,-1.8613759,-1.8613756,-1.8685423,-2.0592475,-1.8853029,-1.1860762,-1.8196234,-2.0813193,-1.8614264,-1.8614266,-1.8527455,-1.854933,-1.8518186,-2.14706,-3.098533,-1.480962,-1.5348208,-1.5348209,-1.5381854,-1.4434971,-1.1845542,-0.9924394,-0.6655346,-1.5507039,-1.7371303,-1.7371304,-1.948537,-2.237212,-2.6701288,-1.7276872,-1.3363019,-1.7073363,-1.8140465,-1.8140465,-1.8290898,-1.8518859,-1.8398333,-1.4970516,-1.9374077,-2.2159386,-2.1103413,-2.1103415,-2.1030169,-2.1349678,-2.1652129,-1.8606176,-3.0956273,-4.555865,-4.6994867,-4.6994877,-4.702473,-3.5497181,-4.5842667,-3.3039448,-2.6509423,-2.4218657,-2.3154156,-2.3154156,-2.3089852,-2.0923958,-2.222101,-2.1936846,-2.78517,-2.5608342,-2.730635,-2.730636,-2.6471646,-2.690789,-2.5766802,-2.5358982
CSc1nc(nc(n1)N(C)C)N(C)C,-2.676,-3.8094075,-3.6535218,-3.410919,-3.4109192,-3.3926497,-3.6556513,-3.3741846,-3.047378,-2.8057652,-2.6907094,-1.8190308,-1.8190311,-1.8050731,-2.1318076,-1.8052807,-2.6490035,-2.5881,-4.00616,-3.9148803,-3.9148803,-3.9161415,-3.9212594,-3.554417,-3.3707545,-2.8094413,-1.8364742,-2.6777265,-2.6777236,-2.922838,-2.8257842,-3.7420983,-2.3656957,-2.48292,-4.4082046,-3.7117834,-3.7117836,-3.7122536,-3.5721714,-3.5922303,-4.1964197,-2.9272027,-3.2603831,-3.6189756,-3.6189759,-3.612581,-3.6923985,-3.590056,-4.0582104,-3.084497,-2.5844042,-2.9268947,-2.9268947,-2.8892534,-3.0979924,-2.5489287,-2.9069328,-2.5396996,-2.010105,-2.2344534,-2.2344542,-2.2745287,-1.2030586,-2.1415427,-1.8988137,-2.6122344,-1.6848465,-1.2122647,-1.2122649,-1.2084503,-1.617763,-1.3423659,-2.5697901
O=C(Cn1ccnc1N(=O)=O)NCc2ccccc2,-2.81,-3.4560895,-3.9623013,-3.7014983,-3.701498,-3.683312,-4.015522,-3.5708685,-3.1840682,-3.120932,-3.8808033,-2.4805014,-2.4805007,-2.2893856,-3.0037622,-2.511183,-3.1089165,-2.2054489,-4.1332765,-3.615795,-3.6157951,-3.6311953,-3.91898,-2.5743823,-1.918283,-2.0315933,-2.9318478,-3.2994616,-3.299461,-2.985758,-3.6159923,-3.6439488,-2.9788277,-3.1662014,-3.6996775,-3.6706462,-3.6706467,-3.7034435,-3.7852304,-3.6643896,-3.7417293,-3.2059662,-3.7290053,-4.15273,-4.1527295,-4.106149,-4.122974,-4.155915,-4.840935,-2.7220054,-2.1949308,-2.3775818,-2.377582,-2.4033186,-1.3070915,-2.1627638,-1.6752696,-2.3872871,-3.6615574,-3.2979853,-3.297985,-3.2955072,-2.2911842,-2.9750166,-2.8638873,-2.7629285,-2.7961583,-2.8495345,-2.849535,-2.824044,-2.9051073,-2.8825688,-2.8634512
CCC(=O)C,0.52,-1.2322809,-1.595294,-0.8802567,-0.88025695,-0.8828047,-0.999257,-0.8719526,-0.48795047,0.40700713,-0.8111653,-0.07349843,-0.07349835,-0.07535372,-0.27147493,-0.059060425,-0.9467173,-0.0899509,-1.1965474,-1.2151122,-1.2151123,-1.2169893,-1.1885872,-1.0652648,-1.0911659,0.7086319,-0.50396854,-0.19401065,-0.19401033,-0.3077669,-0.7107419,-0.96198416,-0.65095395,0.6916014,-1.7122821,-1.6773146,-1.6773148,-1.6293651,-1.6742891,-1.6655376,-0.6546729,0.16347738,-1.7683549,-1.5575066,-1.5575064,-1.5769857,-1.5066841,-1.5856428,-0.71592927,0.25864235,-0.85722655,-0.7338677,-0.73386765,-0.71296954,0.23613274,-0.4709532,-0.27937344,0.3901809,-0.8204465,-0.5462237,-0.5462243,-0.4991906,-0.38125148,-0.21683794,-0.57986915,0.4956003,0.51788366,0.65307087,0.6530708,0.7472122,0.7519074,0.64301926,0.085678115
O=C1NC(=O)NC(=O)C1(C(C)C)C(C)C,-2.766,-2.0325215,-3.0414476,-3.2127712,-3.2127712,-3.19682,-3.5487957,-3.119893,-2.14718,-2.4739704,-1.8647945,-1.5894829,-1.589483,-1.5869604,-1.7231628,-1.557761,-2.4339092,-2.6748734,-3.5819397,-3.1587462,-3.1587462,-3.1666486,-3.4009635,-2.054296,-1.6994894,-2.5364814,-2.3343198,-2.7065365,-2.706536,-2.976332,-3.207967,-3.643435,-2.753087,-2.7157292,-3.1718245,-3.6688867,-3.6688867,-3.2162442,-3.997162,-3.9486427,-3.0101774,-2.7675002,-2.2455878,-2.3927443,-2.3927443,-2.3617077,-2.4335217,-2.4013188,-2.6266165,-2.8166642,-1.6268071,-2.2003384,-2.2003388,-2.1961436,-2.602798,-1.9344475,-2.5893018,-2.0233657,-2.1676779,-1.7637929,-1.7637936,-1.7415946,-1.0267483,-1.6224065,-1.6559787,-2.7311995,-2.9083674,-2.9699993,-2.9699993,-3.0034668,-3.0094943,-3.0888517,-2.8329115
ClC1C(Cl)C(Cl)C(Cl)C(Cl)C1Cl,-4.64,-4.1375213,-3.164178,-3.2249079,-3.224908,-3.1986341,-3.6156807,-3.1829407,-4.1837654,-5.0550737,-3.8402767,-4.5154257,-4.515425,-4.51139,-4.4937797,-4.527347,-5.139796,-4.8380766,-3.179613,-3.194071,-3.1940708,-3.2176952,-3.2577167,-4.6874046,-5.095836,-4.415426,-5.33286,-5.367211,-5.3672113,-4.6529403,-4.8317156,-5.575737,-4.776553,-4.5623384,-3.8076606,-3.9951167,-3.9951165,-3.4130013,-4.401145,-3.0210931,-5.2255187,-4.4861917,-2.3763707,-2.6754034,-2.6754034,-2.573285,-2.6509964,-2.4684813,-2.6306632,-4.6123924,-2.2229307,-2.3537552,-2.353755,-2.3243978,-4.4081864,-2.0613973,-3.5096395,-4.4851995,-5.2052116,-4.9039817,-4.9039817,-4.881569,-4.735465,-4.895471,-5.247336,-4.6176615,-5.836918,-5.840061,-5.840061,-5.7553086,-5.80005,-5.276778,-4.901048
O=c2c(C3CCCc4ccccc43)c(O)c1ccccc1o2 ,-2.84,-3.6456108,-4.348277,-4.015627,-4.015627,-4.012758,-4.314969,-4.0195684,-3.1312423,-4.6105957,-4.5532107,-3.9702075,-3.9702084,-3.9174309,-4.4277167,-3.9943836,-4.4414907,-3.415783,-4.889974,-4.732623,-4.732623,-4.713028,-4.8721437,-4.352984,-4.4842925,-3.3057632,-4.5244904,-4.400511,-4.4005103,-4.004188,-4.6029496,-4.55734,-4.352396,-3.076028,-4.12541,-4.058462,-4.0584617,-4.0773525,-4.155176,-4.1585107,-3.2842302,-3.8303351,-4.029214,-4.0413647,-4.0413647,-3.7688594,-3.9828537,-3.8791232,-4.232523,-3.8676083,-3.349043,-4.102267,-4.102267,-4.037294,-3.9644177,-3.6489604,-3.6367793,-3.9257705,-4.9758363,-4.521687,-4.5216875,-4.5378046,-3.5123398,-4.115665,-4.349615,-2.9216008,-2.8416333,-2.9513626,-2.9513621,-2.8396492,-2.9503796,-3.0041015,-2.7994573
O=C1N(COC(=O)CCCCCCC)C(=O)C(N1)(c2ccccc2)c3ccccc3,-6.523,-5.066589,-6.845608,-6.2076716,-6.2076716,-6.1939406,-6.4655643,-6.0904894,-4.820544,-5.546167,-5.2801566,-5.044714,-5.044713,-4.9197145,-5.3863225,-5.0394807,-5.744341,-6.676314,-5.705481,-5.527965,-5.527964,-5.6946354,-6.120043,-6.8770065,-6.023444,-6.4220114,-5.244664,-5.9754057,-5.9754047,-5.981157,-5.400611,-6.4221807,-5.961548,-6.057596,-6.691927,-6.384655,-6.384654,-6.2857795,-6.4686193,-6.129206,-5.4064684,-6.569111,-6.286634,-6.3289695,-6.3289695,-5.8945165,-6.2040744,-6.2431803,-5.784708,-6.4345703,-5.010654,-4.975615,-4.975615,-4.894401,-5.001733,-4.547039,-5.8937516,-5.202302,-6.343459,-5.880669,-5.8806696,-5.872656,-4.535347,-5.4057555,-6.4410596,-6.646562,-6.483141,-6.6480722,-6.6480727,-6.5177274,-6.718737,-6.857798,-6.525126
CC12CCC3C(CCc4cc(O)ccc34)C2CCC1O,-5.03,-3.6987462,-3.9149516,-3.632644,-3.6326432,-3.63756,-3.9766092,-3.691347,-3.2358465,-4.629653,-4.2161756,-4.4663687,-4.4663687,-4.374566,-4.731791,-4.5036864,-4.3491774,-4.8326693,-3.9360402,-3.7485168,-3.7485168,-3.7357273,-3.924977,-3.9723053,-4.0346227,-5.049931,-5.130854,-4.968327,-4.968327,-5.0353656,-5.079263,-5.7239265,-5.2043505,-4.354958,-3.5679913,-3.5420225,-3.5420227,-3.5747464,-3.6899638,-3.618825,-3.6808524,-4.8301697,-3.84907,-3.2103393,-3.2103393,-3.1751637,-3.2122912,-3.4467986,-3.4002886,-4.6955233,-3.2356915,-4.3268504,-4.3268504,-4.2295547,-4.362224,-3.7642214,-3.8938208,-4.3112345,-5.295329,-5.1773095,-5.177311,-5.212558,-3.7718463,-4.8657985,-4.739994,-5.1095433,-4.8062534,-5.059291,-5.0592904,-5.027056,-5.1296563,-5.070338,-5.2004237
Sc2nc1ccccc1s2 ,-3.18,-1.8567436,-2.4563308,-2.2554772,-2.2554774,-2.2659478,-2.528112,-2.3029115,-1.7865655,-3.2076201,-3.9144323,-3.639313,-3.6393132,-3.6391447,-3.5307183,-3.6272206,-3.624352,-3.4853568,-2.305236,-2.4488118,-2.4488118,-2.455925,-2.4227123,-3.6718051,-4.0893416,-2.6324227,-2.7394602,-2.9501598,-2.95016,-3.2214503,-3.5735219,-3.9306164,-2.5797899,-2.744461,-1.8886641,-1.7630676,-1.7630675,-1.8095808,-1.8314683,-1.8172196,-1.7230295,-3.035315,-2.5473251,-1.9433575,-1.9433575,-1.8940827,-2.0558574,-2.174285,-2.497722,-3.1646352,-1.981054,-2.38682,-2.38682,-2.3848686,-1.8743237,-2.1174648,-1.9357655,-3.1584268,-2.2736068,-2.4502053,-2.4502056,-2.4474993,-1.8010911,-3.1760201,-2.2940664,-3.1126904,-3.1198232,-3.2332284,-3.2332292,-3.1848214,-3.218181,-3.195981,-3.2517202
N#Cc1ccccc1C#N,-2.38,-1.7978201,-2.3605008,-2.3292937,-2.3292935,-2.323383,-2.5418186,-2.3318336,-1.879013,-2.8486104,-1.9660753,-2.498735,-2.4987352,-2.5083132,-2.280991,-2.4882398,-2.4924874,-2.5113626,-1.6998132,-1.772115,-1.7721155,-1.7765303,-1.71033,-1.8688505,-2.1397383,-1.3816799,-1.553781,-1.9254915,-1.9254911,-2.253595,-2.2686267,-2.9382863,-1.7015947,-2.4470816,-2.671753,-3.1450696,-3.1450698,-3.1137977,-3.0941882,-3.2100406,-2.768376,-2.5071552,-2.222994,-2.2768435,-2.2768433,-2.2442286,-2.2863522,-2.3859417,-2.3592954,-2.4935493,-1.9618694,-2.0992024,-2.099202,-2.053879,-1.992113,-1.7086201,-1.6738987,-2.2586868,-1.7058469,-1.572954,-1.5729544,-1.5910511,-1.2670053,-2.2521195,-1.4340034,-2.385758,-2.601521,-2.5906732,-2.5906732,-2.6688254,-2.499894,-2.7952034,-2.3623624
O=N(=O)c1cc(cc(c1)N(=O)=O)N(=O)=O,-2.89,-4.1887765,-3.3779025,-3.5776012,-3.5776012,-3.5642107,-4.001641,-3.571475,-5.147255,-3.1587186,-1.8922495,-3.281909,-3.2819085,-3.2917876,-3.6650662,-3.218785,-3.1025343,-2.8596644,-3.1645122,-3.0696647,-3.069665,-3.0833972,-3.2080004,-2.6908588,-2.5500343,-2.5088658,-2.6321518,-3.2122462,-3.2122464,-3.631583,-3.6329532,-4.417382,-2.671315,-2.9260678,-2.681666,-3.6882353,-3.6882355,-3.5909111,-3.8972704,-3.5268185,-3.6596863,-2.832157,-2.8360853,-3.1960218,-3.196022,-3.1729963,-3.2143908,-3.1846302,-3.692571,-3.1805103,-4.5806665,-5.066152,-5.0661516,-4.98608,-3.3141704,-4.6276703,-3.3936267,-2.6364386,-4.091919,-3.0898883,-3.0898886,-3.0933475,-2.899537,-3.3978813,-3.1907985,-2.8189948,-2.9617958,-2.9472468,-2.9472468,-2.9877317,-2.9958234,-3.1323826,-2.950042
CCCCOC(=O)CCCCCCCCC(=O)OCCCC,-3.896,-6.26806,-6.735179,-6.1868076,-6.1868076,-6.1989846,-6.543909,-6.284832,-4.786013,-5.283126,-4.6855927,-6.300434,-6.3004336,-6.186661,-6.7474875,-6.3281984,-6.7861505,-4.188941,-6.1763206,-6.0806627,-6.0806627,-6.153098,-6.1561823,-7.0416985,-7.204314,-4.2817655,-5.1310263,-6.5858045,-6.585805,-6.0811973,-6.363237,-6.584904,-6.489962,-5.5932517,-7.115457,-6.794688,-6.794688,-6.779478,-6.9891515,-6.6937966,-6.833647,-5.393424,-6.8919806,-6.3065076,-6.3065076,-6.185561,-6.3802977,-6.487172,-6.2279396,-4.948271,-7.016055,-7.200996,-7.2009954,-7.2062354,-6.1644554,-6.7513595,-6.20136,-4.372211,-6.2892423,-6.292006,-6.292006,-6.28366,-5.2213216,-5.6780963,-6.340355,-4.0989814,-5.9630337,-5.469445,-5.469445,-5.540847,-5.3142943,-3.923247,-5.7950554
Cn1cnc2n(C)c(=O)[nH]c(=O)c12 ,-2.523,-2.2217221,-2.6074345,-2.4315631,-2.431563,-2.4260921,-2.642027,-2.439693,-2.3713913,-1.6220754,-1.307585,-1.1732757,-1.173275,-1.1650825,-1.2764151,-1.175743,-1.6932023,-2.205976,-2.6580544,-2.2701197,-2.2701197,-2.2777383,-2.375507,-1.0373123,-1.066973,-1.6473074,-0.78531617,-1.3281887,-1.3281882,-1.8129833,-1.8475298,-2.3029568,-1.0817561,-2.630767,-2.0791042,-1.9637598,-1.96376,-1.9825656,-2.0664628,-1.9586682,-1.6577541,-2.8574896,-2.6317759,-2.7867773,-2.7867775,-2.7743564,-2.7950647,-2.756097,-2.811172,-2.6246655,-1.851117,-2.1135638,-2.113564,-2.3343961,-1.4620736,-2.263767,-2.1983519,-1.8314928,-1.9250296,-1.589437,-1.5894368,-1.5421028,-1.0482978,-1.0982624,-1.6312735,-2.4780517,-0.8392284,-1.7239821,-1.7239819,-1.625889,-2.029358,-2.0867298,-1.138401
COP(=S)(OC)Oc1ccc(Sc2ccc(OP(=S)(OC)OC)cc2)cc1,-6.237,-5.972192,-7.90929,-6.872932,-6.8729315,-6.8843813,-7.0989437,-6.956455,-4.757064,-7.331968,-6.948833,-6.2563868,-6.2563877,-6.224203,-6.767774,-6.2183766,-6.46862,-6.5549064,-6.066317,-5.59988,-5.59988,-5.448324,-5.9174843,-6.094137,-5.775694,-6.519277,-6.547075,-6.5151443,-6.515143,-6.5233607,-6.746797,-7.076737,-5.47583,-6.0769014,-7.432961,-7.013024,-7.0130234,-7.000017,-7.024495,-7.1843915,-6.1784554,-6.9170637,-6.5656304,-6.427044,-6.427044,-6.4373097,-6.0916843,-6.2022233,-5.88676,-6.082765,-6.2626543,-6.623632,-6.623632,-6.682989,-5.628684,-6.3551893,-5.9420524,-5.837216,-6.5294027,-6.1398377,-6.1398377,-6.11489,-4.919666,-6.0508137,-6.616824,-6.401417,-6.186246,-6.407826,-6.4078264,-6.2851996,-6.7545843,-6.4175544,-6.200292
CCCCOC(=O)c1ccc(N)cc1,-3.082,-3.492262,-3.4973824,-3.4072661,-3.407266,-3.4155412,-3.811119,-3.465055,-2.731206,-3.1789327,-3.2927523,-2.4572833,-2.4572835,-2.405248,-2.9840322,-2.4926038,-3.1001618,-2.984468,-3.5186949,-3.293791,-3.2937913,-3.2917275,-3.2523382,-3.0383115,-3.0135162,-3.3260434,-2.6738818,-2.751971,-2.7519705,-2.7576623,-3.1449316,-3.6914525,-2.7787154,-2.918995,-3.3058932,-3.1921797,-3.1921797,-3.2767267,-3.4411454,-3.3787022,-2.96674,-3.0097823,-4.4100223,-4.1430607,-4.1430597,-4.099402,-4.1130323,-4.2437873,-4.239066,-3.7645466,-2.6754985,-3.394957,-3.394957,-3.3823116,-3.3975525,-3.1035566,-3.3128493,-2.766972,-3.7401083,-3.2819746,-3.2819748,-3.2998471,-2.5497975,-3.120361,-3.1239142,-3.1414113,-3.1247802,-3.175027,-3.1750274,-3.187696,-3.28074,-3.2169185,-3.2130456
C1CCCCCC1,-3.51,-2.5496564,-1.8245217,-1.1685872,-1.1685873,-1.1538491,-1.344704,-1.110487,-1.143699,-3.65467,-1.7352676,-2.774141,-2.774141,-2.7664273,-2.741333,-2.7915113,-2.0892098,-4.054841,-1.7715507,-1.8732133,-1.8732134,-1.8770044,-1.7964376,-2.7541914,-2.8424926,-2.17976,-1.6693596,-2.6391466,-2.639148,-2.5979414,-2.7122421,-3.4401345,-2.038229,-3.3131535,-2.3310351,-2.8960087,-2.896009,-2.7938404,-2.784715,-2.805857,-1.1325846,-3.062756,-2.2380402,-2.4970257,-2.497026,-2.467837,-2.413002,-2.6413991,-2.1213412,-3.8124034,-3.1204839,-2.680834,-2.680834,-2.6806946,-3.940876,-2.664352,-2.9476626,-3.605014,-4.427071,-4.4562387,-4.4562383,-4.4675117,-3.7437758,-4.282933,-3.9236662,-1.9183085,-1.4675025,-1.539308,-1.5393082,-1.4664589,-1.6305666,-1.3104426,-2.2925794
CCCOC(=O)CC,-0.82,-2.3192573,-2.3781059,-2.018936,-2.0189357,-2.0241494,-2.263668,-2.0315223,-1.3059398,-0.773296,-1.1798439,-0.72371435,-0.72371453,-0.7097689,-0.8588406,-0.7128579,-1.1973988,-1.1071724,-1.9114336,-1.9149522,-1.914952,-1.9209797,-1.8432058,-1.789097,-1.725483,-0.70012724,-1.2065483,-1.2056001,-1.2055997,-1.2651707,-1.6868987,-1.9966658,-1.3065313,-0.9246742,-2.3463724,-2.2500634,-2.2500634,-2.3235936,-2.384824,-2.3216038,-1.5688702,-1.3627886,-2.5980706,-2.5306022,-2.530602,-2.3286283,-2.5544424,-2.3110104,-2.2814553,-1.2181375,-1.5807831,-2.2233026,-2.2233024,-2.1767776,-1.7660939,-1.8537176,-1.7804703,-0.9044296,-1.8641036,-1.5720786,-1.5720788,-1.5677278,-0.9179684,-0.7775677,-1.5077875,-0.9554397,-0.743151,-0.74117744,-0.7411773,-0.81334364,-0.8166343,-0.76157886,-0.4920379
FC(F)(F)C(Cl)Br ,-1.71,-1.7565473,-1.6419508,-1.0232396,-1.0232399,-1.0099949,-1.318115,-0.9810855,-1.3638093,-2.3436148,-1.7701163,-1.9284672,-1.928467,-1.9293803,-1.9069118,-1.9238014,-2.181604,-1.8539175,-1.9700675,-1.8810116,-1.8810117,-1.8884225,-2.0247817,-2.3567357,-2.1450841,-1.782329,-1.2390412,-1.8575801,-1.8575795,-2.1830637,-2.6912014,-3.0111852,-1.5534004,-1.3469566,-1.6810936,-0.972387,-0.97238696,-0.98417157,-0.8798589,-0.9355587,-0.82514894,-1.612147,-1.2929058,-1.0409434,-1.0409434,-1.0455095,-1.0704,-1.0904129,-1.4649422,-1.7955306,-0.91332704,-2.2162123,-2.2162127,-2.0906537,-2.1960113,-1.7523304,-2.1705334,-1.6834176,-2.3008015,-2.15067,-2.1506705,-2.1535592,-1.8342503,-2.127697,-2.1632438,-2.9509609,-2.2697425,-2.4326699,-2.4326706,-2.3158035,-2.5070841,-2.0942955,-2.59653
CCOP(=S)(OCC)Oc1nc(Cl)n(n1)C(C)C,-3.658,-3.981615,-4.656442,-4.4379616,-4.4379616,-4.4419894,-4.720716,-4.453895,-3.7807605,-4.0953016,-3.8132467,-2.300745,-2.3007452,-2.30692,-2.9647973,-2.2564,-3.3374822,-3.3535953,-4.6252065,-4.244301,-4.244301,-4.24424,-4.374752,-3.580503,-3.186843,-4.2127786,-4.5044045,-4.7406774,-4.7406764,-4.364103,-4.3959765,-5.1416163,-4.054752,-3.9048028,-4.5566516,-4.2300663,-4.230067,-4.2277465,-4.404934,-4.271777,-3.483723,-3.8135743,-4.1898,-4.6035967,-4.603596,-4.5613413,-4.5448275,-4.526763,-4.6775436,-3.8217704,-3.346461,-3.5794542,-3.579454,-3.5813477,-3.6065617,-3.3978016,-4.132751,-3.6397195,-4.918697,-4.337325,-4.3373256,-4.360873,-3.5149941,-4.3148274,-4.1861205,-3.7458377,-3.7196784,-3.7808244,-3.780824,-3.7213564,-3.794435,-3.951499,-3.8234737
CCCCC=O,-0.85,-1.9464729,-1.796155,-1.4281816,-1.4281816,-1.4354028,-1.692943,-1.4345083,-1.1584674,-0.7894078,-1.1841878,-0.90762734,-0.9076269,-0.90341276,-0.8961604,-0.90014714,-1.3549244,-0.8180219,-1.3864625,-1.4028774,-1.4028773,-1.4063091,-1.3580922,-1.2848173,-1.0590079,-0.14988337,-1.149483,-1.1590493,-1.1590489,-1.3199267,-1.6892853,-2.0765867,-1.3017462,-0.31073758,-1.8066595,-1.5616728,-1.5616729,-1.6075401,-1.5838224,-1.547094,-1.5049609,-1.41904,-2.031632,-1.7182217,-1.7182217,-1.6564381,-1.7126033,-1.6711174,-1.4633168,-0.7805763,-1.1835612,-1.1740427,-1.174043,-1.141499,-0.37201482,-0.85831827,-0.6366444,-0.9687247,-1.1640306,-0.85938334,-0.8593837,-0.8796738,-0.57598615,-0.95800894,-0.9602577,-0.77822316,-0.34478682,-0.25686085,-0.2568608,-0.25182027,-0.3277695,-0.2820441,-0.4687224
c2ccc1ocnc1c2,-1.16,-0.72287667,-2.0477433,-1.8035133,-1.8035135,-1.8059047,-1.947638,-1.8160524,-1.003374,-1.1411189,-1.6781185,-1.0763985,-1.0763979,-1.0848081,-1.1276181,-1.0543908,-1.4762099,-1.5733489,-1.6203356,-1.6181165,-1.6181166,-1.6210382,-1.5108817,-1.6028715,-1.7266511,0.008094022,-1.4659603,-1.831912,-1.8319123,-1.9877495,-2.3712163,-2.7027018,-1.5587503,-1.1698544,-1.5544019,-1.6177922,-1.6177921,-1.6046258,-1.7005874,-1.6023693,-1.0075006,-0.92930347,-2.3587048,-2.4685738,-2.468574,-2.4312165,-2.4274812,-2.6070256,-2.5380297,-0.8703224,-0.38091487,-0.7649876,-0.76498765,-0.73327667,-0.9734013,-0.45784476,-0.84546113,-0.78070056,-1.7258873,-1.632839,-1.6328386,-1.6181562,-1.4443892,-1.3428321,-1.3988451,-1.2556192,-1.2672299,-1.3805858,-1.3805858,-1.3561976,-1.3941884,-1.3480884,-1.2424885
Oc1ccc(Cl)cc1Cc2cc(Cl)ccc2O,-3.953,-3.8736637,-4.137263,-3.7726862,-3.772686,-3.7620342,-4.0549903,-3.7663348,-3.4028018,-4.296981,-4.3700585,-3.7907827,-3.7907825,-3.7798712,-3.8544962,-3.7951202,-4.180657,-4.076865,-4.8701215,-4.5999937,-4.5999937,-4.6324053,-4.6469464,-4.0651455,-3.9972546,-3.422789,-3.699343,-3.5806086,-3.580608,-3.9233892,-4.1328754,-4.389443,-3.6829019,-4.375512,-3.8026352,-3.9058414,-3.905841,-3.8258328,-3.9511182,-3.9531763,-4.217724,-3.8105767,-3.8759077,-4.061038,-4.061038,-3.9992194,-3.9408827,-3.900352,-4.0198326,-3.6696544,-1.2540785,-2.2556405,-2.2556407,-2.1891835,-2.4280224,-1.8130788,-2.1812103,-3.5899558,-5.762151,-5.1742635,-5.174264,-5.1427298,-4.257925,-4.9724164,-4.7737784,-4.026072,-3.9702082,-4.0247135,-4.024714,-3.9405816,-4.1561074,-4.12355,-4.072163
Clc2ccc1oc(=O)[nH]c1c2,-2.8310000000000004,-2.9189315,-2.4589946,-2.4845104,-2.4845104,-2.496911,-2.8764234,-2.534158,-2.3861926,-2.717812,-2.5697026,-2.673341,-2.67334,-2.684283,-2.5132551,-2.6690924,-2.5074434,-2.7021222,-2.0411322,-2.0606556,-2.0606554,-2.065277,-2.005797,-2.4502475,-2.6321156,-1.7429708,-1.9102882,-2.456154,-2.4561534,-2.601247,-2.9034314,-3.42245,-2.029136,-2.6295686,-1.8006359,-1.7127949,-1.7127953,-1.7063848,-1.8626567,-1.697077,-1.8731375,-2.419105,-2.6872492,-3.0443287,-3.0443292,-3.0084786,-2.9783165,-3.1218657,-3.22257,-3.1037827,-0.55729663,-0.738988,-0.7389879,-0.76743615,-0.5784605,-0.5849715,-0.75225645,-3.0994794,-3.3788943,-2.7713616,-2.7713609,-2.7924688,-2.5371196,-2.9067984,-2.506108,-2.8187337,-2.8376331,-2.7212331,-2.721233,-2.7134488,-2.7215526,-2.836927,-3.6196346
CCCCCCCCCC(=O)OCC,-4.1,-4.5489035,-4.1301837,-3.9931655,-3.9931653,-3.9956737,-4.406553,-4.050153,-3.1749012,-3.9995522,-4.05059,-4.522784,-4.522784,-4.48997,-4.977219,-4.5662074,-4.2025843,-4.16054,-4.003035,-3.8221457,-3.8221455,-3.86409,-3.7761111,-4.5206547,-4.099308,-3.5798779,-3.629873,-4.876548,-4.8765464,-4.358316,-4.256889,-5.202552,-4.4110723,-4.5271163,-4.0211444,-3.9494486,-3.9494483,-4.007945,-4.20114,-4.0986347,-4.3356133,-4.1719584,-4.955791,-4.62892,-4.62892,-4.440722,-4.564825,-4.6297417,-4.7771435,-4.8554068,-4.744872,-5.144609,-5.144609,-5.0934424,-4.4075623,-4.701379,-4.1776466,-3.620587,-4.4868164,-4.339167,-4.339167,-4.3546257,-3.3045669,-3.863502,-4.298596,-4.2036467,-4.137626,-4.228751,-4.2287517,-4.2573876,-4.380195,-4.1138544,-4.273368
O=C(Nc1ccccc1)Nc2ccccc2,-3.15,-3.6361637,-3.573756,-3.6484635,-3.6484637,-3.66327,-4.143363,-3.7332647,-3.2067719,-3.8232265,-3.8980126,-3.121331,-3.1213295,-3.115813,-3.8150647,-3.157355,-3.615467,-2.991531,-3.340438,-3.2136161,-3.2136161,-3.2043047,-3.1585279,-3.2181618,-3.157982,-3.1613076,-3.177172,-3.4741485,-3.474147,-3.7841938,-4.038517,-4.5005264,-3.5258863,-3.2077713,-4.7096877,-4.2238584,-4.223859,-4.249343,-3.9315586,-4.1526647,-3.5252523,-3.515924,-4.537603,-4.840804,-4.840804,-4.8747144,-4.745983,-4.748396,-4.8436775,-3.566567,-3.6888824,-3.8995605,-3.899561,-3.9683692,-3.6971629,-3.719851,-3.4376788,-2.9420133,-4.5452137,-4.098665,-4.098665,-4.086007,-3.2612658,-3.8113852,-3.8661304,-3.155853,-3.0731285,-3.1249244,-3.1249244,-3.1202028,-3.219346,-3.1420743,-3.1749532
CCCC(C)(C)C,-4.36,-1.6495289,-1.9413016,-1.6328976,-1.6328977,-1.636225,-1.9835628,-1.6193877,-0.99104655,-3.5475647,-1.3735918,-2.1952693,-2.1952684,-2.1907063,-1.9391062,-2.1905835,-1.807119,-4.246185,-2.151043,-2.3043163,-2.3043156,-2.3152237,-2.2223794,-3.2451587,-3.3720293,-3.2522023,-2.5450037,-3.1698034,-3.169804,-3.3032162,-3.379917,-4.090383,-3.1008108,-4.228902,-2.1495583,-2.493844,-2.4938438,-2.380569,-2.4728105,-2.3061485,-1.9530995,-2.665854,-1.8878412,-1.4305024,-1.4305023,-1.4063636,-1.4795454,-1.5432465,-1.255168,-4.417367,-3.5611732,-3.457752,-3.4577522,-3.4117644,-4.427551,-3.2602847,-3.3524706,-4.5718637,-2.7719429,-2.782839,-2.78284,-2.7937436,-2.0066102,-3.201317,-2.5293481,-4.219561,-2.5183625,-2.6205754,-2.6205752,-2.578859,-2.769151,-2.4877586,-3.3083723
CCC(O)(CC)CC,-0.85,-2.0689373,-2.2002277,-1.7770543,-1.7770544,-1.7709508,-2.0027573,-1.7325184,-1.079533,-0.80075806,-1.7523878,-2.0526268,-2.052627,-2.045758,-2.1301107,-2.0457041,-2.118507,-1.3640003,-2.0561924,-2.0522852,-2.0522852,-2.0584183,-2.00651,-1.7196001,-1.8171604,-0.38166347,-1.6291955,-1.8158107,-1.8158104,-1.5911773,-2.074599,-2.330154,-1.6644607,-1.0555938,-1.9542251,-1.8706976,-1.8706976,-1.8600165,-1.9752139,-1.7884464,-1.6392872,-2.089934,-2.0003803,-2.0341222,-2.0341222,-2.0010576,-2.0235143,-2.0271754,-1.7417014,-1.1227887,-1.682645,-1.8639724,-1.8639723,-1.8249376,-1.0125034,-1.4952321,-1.2823737,-0.8077925,-2.1629033,-1.8722895,-1.8722904,-1.8551893,-1.3461556,-1.2443088,-1.9328085,-0.7260245,-0.92270124,-0.9306859,-0.930686,-0.8848828,-1.1775689,-0.79772395,-0.80110914
CC(=O)CC(c1ccc(Cl)cc1)c2c(O)c3ccccc3oc2=O,-5.839,-4.5088987,-5.487972,-5.027308,-5.027308,-5.0229864,-5.314605,-5.0281086,-3.9411094,-5.1653466,-4.2997603,-4.4581785,-4.4581795,-4.427919,-4.7466993,-4.504597,-4.621662,-5.6812763,-5.156901,-4.8927755,-4.892775,-4.8842273,-5.2104816,-4.4632497,-4.538552,-4.6486835,-4.18449,-4.264408,-4.264407,-4.6688848,-4.3142514,-5.089706,-4.4598293,-5.3964705,-4.9639926,-4.955716,-4.955716,-4.9035053,-4.999482,-4.9083633,-3.8313107,-4.551938,-4.563523,-5.236471,-5.2364707,-5.243411,-5.0765505,-5.2033696,-4.8120995,-4.0163984,-3.1854863,-3.9225333,-3.9225338,-3.8603525,-3.846734,-3.484441,-3.582964,-4.4464808,-4.9254646,-4.7827163,-4.7827163,-4.7910175,-3.5190272,-4.5664635,-4.9192567,-5.917223,-5.7397556,-5.9974957,-5.997496,-5.7517257,-5.93388,-6.142562,-5.738445
CCC(C(CC)c1ccc(O)cc1)c2ccc(O)cc2,-4.43,-4.3300524,-4.491942,-4.0152903,-4.0152903,-3.9957848,-4.317859,-3.9377434,-3.040754,-3.7569351,-3.7033653,-3.5931017,-3.593101,-3.5527306,-3.9868064,-3.599908,-3.6354666,-4.3143716,-4.3324075,-3.9915893,-3.9915886,-3.9905252,-4.308773,-3.3954914,-3.8030713,-4.601278,-3.5826724,-3.9250646,-3.9250634,-3.9780588,-3.8683748,-4.4841433,-3.9571974,-4.313106,-4.489324,-4.516752,-4.516752,-4.477794,-4.8283415,-4.3886676,-3.3378005,-4.2921953,-4.500097,-4.809624,-4.8096237,-4.795109,-4.6407466,-4.8283157,-3.8544745,-4.290998,-3.2203174,-4.418422,-4.4184227,-4.3425694,-4.31248,-3.9309936,-4.2127943,-3.2960572,-3.8932643,-3.6106503,-3.610651,-3.5720193,-2.5273764,-3.376974,-3.7581325,-4.4279275,-4.3831725,-4.5187626,-4.5187635,-4.5443225,-4.648243,-4.58575,-4.6632404
CCNc1nc(NC(C)(C)C)nc(OC)n1,-3.239,-3.2017932,-3.843965,-3.546742,-3.5467422,-3.539626,-3.8038826,-3.53427,-3.0622563,-3.0612254,-2.1507373,-2.413442,-2.4134426,-2.3665497,-2.8170853,-2.4242413,-2.5445735,-2.6566672,-3.7589867,-3.4466152,-3.4466152,-3.4526691,-3.4866168,-2.476748,-2.3865075,-3.1595433,-2.1185071,-2.5405493,-2.5405478,-2.337548,-2.6373608,-3.177647,-2.236756,-3.1900103,-3.8152025,-4.0529795,-4.0529795,-3.8625011,-4.0624475,-3.7535152,-3.1141925,-3.079104,-3.6330187,-3.6260312,-3.6260314,-3.5440848,-3.658659,-3.5910752,-3.7615716,-3.327474,-3.1135557,-3.723513,-3.7235131,-3.672269,-3.832503,-3.328563,-3.4773204,-2.7600622,-2.7846959,-2.483145,-2.4831457,-2.5198138,-1.8269204,-2.0118983,-2.229275,-3.1858218,-3.1187196,-3.2278864,-3.227887,-3.1058571,-3.195215,-3.3308566,-3.4354947
c1nccc(C(=O)NN)c1,0.009,-1.7590812,-2.4360366,-2.2039752,-2.2039752,-2.2154324,-2.4579964,-2.2503939,-1.596515,-0.98456824,-1.2338266,-0.5374225,-0.5374222,-0.5290943,-0.69293535,-0.53625506,-1.2384726,-0.22547667,-1.6375563,-1.5881376,-1.5881376,-1.5932645,-1.5114628,-0.33378375,-0.4491015,0.51910454,-0.92248946,-0.7714157,-0.77141416,-1.1834595,-1.3797435,-1.6656324,-1.1966014,0.0730505,-1.9071469,-1.6538199,-1.65382,-1.7038602,-1.7300763,-1.7038866,-1.4258529,-0.5646055,-2.6234484,-2.7519064,-2.7519066,-2.7377357,-2.764656,-2.7601118,-2.8534539,-0.23873803,-2.3464832,-2.5192187,-2.5192184,-2.4789107,-1.6886531,-2.1373372,-1.6126369,-0.26877585,-0.63162065,-0.5078107,-0.5078114,-0.46776965,0.02426418,-0.22899851,-0.44040346,-0.021271776,0.05071181,0.0025355183,0.0025355462,0.03957648,-0.020932673,0.05927389,0.024217542
CCC(C)c1cc(cc(N(=O)=O)c1O)N(=O)=O ,-3.38,-2.8545775,-3.7290802,-3.416549,-3.416549,-3.3831267,-3.6908858,-3.2872508,-3.4614081,-2.5519655,-1.8084944,-2.0184834,-2.0184832,-1.983646,-1.75679,-2.0074124,-1.8562748,-2.9138343,-4.1516175,-3.6932192,-3.6932194,-3.715504,-3.949834,-2.7563965,-2.5353248,-3.0091565,-2.952445,-3.0388901,-3.0388896,-3.2332532,-3.5346897,-3.8282433,-3.165574,-3.6073747,-3.5774033,-3.6913133,-3.6913133,-3.6654696,-3.9663355,-3.6237926,-3.2780516,-3.7977824,-2.750143,-2.7070587,-2.7070587,-2.4995298,-2.7761822,-2.5474124,-2.9415593,-2.502852,-2.0475297,-2.9152272,-2.9152272,-2.848408,-3.1612942,-2.49668,-3.3446162,-2.7766705,-2.448233,-2.4061277,-2.4061275,-2.362493,-1.4722399,-2.5834942,-1.8477064,-3.501751,-3.3685055,-3.4241354,-3.424136,-3.3607926,-3.4763772,-3.655199,-3.5978832
CCN2c1ncccc1N(C)C(=O)c3cccnc23 ,-2.62,-3.0049531,-3.6950479,-3.326352,-3.3263524,-3.2996917,-3.650679,-3.2460012,-2.4086916,-3.1630278,-3.5159812,-3.4214017,-3.421402,-3.3979285,-3.5746267,-3.410034,-3.1792,-3.0804439,-4.3893948,-4.025482,-4.025482,-4.0342207,-4.2952023,-3.669379,-3.5523787,-2.7684116,-3.9426348,-4.032635,-4.032634,-4.2636056,-4.443056,-4.6750264,-3.6199567,-3.636172,-3.9081647,-4.0228643,-4.0228643,-3.9726052,-4.146049,-3.9057753,-3.2900953,-3.8419642,-3.293576,-3.8377936,-3.8377934,-3.8193345,-3.8357544,-3.8147256,-4.3657346,-3.067145,-2.8498268,-3.080921,-3.0809212,-3.0493548,-2.8231974,-2.7072315,-2.7686205,-2.682747,-4.22719,-3.7436903,-3.7436905,-3.7410371,-2.8223205,-3.222427,-3.2728164,-2.5005136,-2.6221545,-2.6782508,-2.6782513,-2.6500256,-2.7315092,-2.7797287,-2.5219517
CC1OC(CC(O)C1O)OC2C(O)CC(OC2C)OC8C(O)CC(OC7CCC3(C)C(CCC4C3CC(O)C5(C)C(CCC45O)C6=CC(=O)OC6)C7)OC8C ,-4.081,-4.5899696,-14.997131,-10.209321,-10.209322,-10.1821575,-9.794439,-10.423677,-0.43402135,-5.3737154,-5.0795074,-6.5930567,-6.593057,-6.430445,-6.8934627,-6.5402694,-7.7137895,-3.8951278,-19.617865,-20.151632,-20.151632,-19.006973,-19.915152,-9.24558,0.91753936,-4.60106,-4.9926558,-6.3277764,-6.3277764,-6.58709,-5.691895,-6.348508,-2.0308704,-4.494396,-13.86781,-12.679397,-12.679396,-12.662063,-11.990148,-13.267705,-0.65850663,-5.0164733,-10.392704,-9.58036,-9.58036,-9.895561,-9.6713505,-9.510268,-5.6838875,-4.500388,-10.51386,-9.543321,-9.543321,-10.642055,-5.3552275,-9.996147,-1.7923506,-3.972253,-9.954869,-9.442872,-9.442874,-9.242912,-7.8861904,-8.628055,-0.44213334,-4.650663,-7.053886,-7.12794,-7.127941,-6.510777,-6.962269,-10.96164,0.7507289
c1ccc(Cl)cc1C(c2ccc(Cl)cc2)(O)C(=O)OC(C)C,-4.53,-4.8570724,-5.7305117,-5.313896,-5.313896,-5.3029404,-5.614035,-5.25328,-4.3002696,-4.5203605,-3.725313,-4.426468,-4.426467,-4.3716917,-4.622496,-4.446759,-4.5172033,-4.6947007,-5.210436,-4.925558,-4.925558,-4.9444737,-5.3302326,-4.485609,-4.7724805,-4.695716,-4.8042045,-4.6214914,-4.6214905,-4.712067,-4.9226785,-5.4714756,-4.8174057,-4.6006393,-4.890299,-4.887768,-4.887767,-4.7841225,-5.0107393,-4.693403,-3.8664243,-4.4029284,-3.9267144,-4.529929,-4.5299296,-4.5116563,-4.498523,-4.473355,-4.679733,-3.7730434,-3.4373908,-3.9571614,-3.9571617,-3.9190838,-3.8236754,-3.5997155,-3.6392508,-3.9352055,-4.4907246,-4.395495,-4.395495,-4.3832016,-3.1535747,-4.3122096,-4.345763,-4.593789,-4.4987535,-4.666408,-4.6664085,-4.557388,-4.6059356,-4.630098,-4.720184
CCC(C)CC,-3.68,-1.7804134,-1.8963746,-1.2907746,-1.2907746,-1.2931199,-1.4414221,-1.29006,-0.8598013,-3.102859,-1.5874006,-2.0763185,-2.0763183,-2.069864,-2.0750415,-2.0737667,-1.9415286,-4.0511465,-1.7273265,-1.8269324,-1.8269325,-1.8297026,-1.7592174,-2.509631,-2.4801693,-2.581232,-1.8966048,-2.4084053,-2.4084044,-2.5866897,-2.6634314,-3.3071127,-2.0836542,-3.7723107,-2.0480025,-1.6548849,-1.654885,-1.6322707,-1.6809908,-1.5229993,-1.4106061,-1.3593056,-1.9624777,-1.9122386,-1.9122385,-1.8925693,-1.8883789,-1.9073888,-1.4159254,-4.0248923,-3.880372,-3.7014687,-3.7014682,-3.6971982,-3.95031,-3.6486878,-3.1933053,-4.088104,-2.8276947,-2.6921356,-2.6921358,-2.7052367,-2.0892034,-2.840336,-2.5525181,-3.6443303,-3.645852,-3.5747602,-3.574761,-3.4998112,-3.5791256,-3.7972105,-3.4902072
Nc1nc(=O)[nH]cc1F,-0.972,-1.2010143,-2.16856,-1.9859145,-1.9859142,-1.9865465,-2.161734,-1.9989598,-1.3319435,-1.0684836,-0.31338334,-0.77814937,-0.7781491,-0.79682344,-0.80763024,-0.7608009,-0.33191207,-1.5385113,-1.2616156,-1.2119294,-1.2119294,-1.2142069,-1.1399032,-0.09194265,-0.2823775,-0.7394162,-0.33982304,-0.54089355,-0.5408932,-1.1722434,-0.91091025,-1.5725104,-0.6757817,-0.6418407,-1.5837212,-1.3276448,-1.3276447,-1.2877344,-1.4025048,-1.2742131,-0.6598044,-0.7084104,-1.9962487,-1.8507856,-1.8507856,-1.8518649,-1.8624406,-1.9245998,-1.4959314,-1.3576405,-0.97865725,-0.9919935,-0.9919936,-0.9793248,-0.69670326,-0.806473,-0.7823885,-1.3371168,-0.6601237,-0.40599164,-0.40599132,-0.40504867,-0.16106415,-0.7767914,-0.34210193,-0.8984787,-0.9829591,-0.9921453,-0.9921452,-0.90797406,-0.9336564,-1.0058048,-0.9878107
CCCCCC#C,-3.01,-2.4464808,-2.167832,-1.9321606,-1.9321606,-1.9355559,-2.2286868,-1.9444002,-1.5295522,-2.7591782,-1.971072,-2.5712965,-2.5712962,-2.5415466,-2.3475716,-2.5607636,-2.2634795,-3.3153176,-1.883372,-1.9559363,-1.9559364,-1.9630781,-1.8484141,-2.4755979,-2.4041896,-1.2756337,-1.5694114,-1.7667241,-1.766724,-1.8158009,-2.2170765,-2.7239087,-1.6572827,-2.7542303,-2.0857618,-2.1563363,-2.1563363,-2.137062,-2.1846807,-2.123404,-2.2083414,-3.0341918,-2.8629365,-2.1945934,-2.1945932,-2.1481438,-2.2448778,-2.4257255,-2.4020905,-3.1412435,-2.6463065,-2.9429524,-2.9429524,-2.9087722,-3.405539,-2.5945172,-2.8348315,-2.5031278,-2.255395,-2.0519521,-2.0519526,-2.0063634,-1.2723109,-2.6912503,-1.8421782,-3.1856685,-3.3821244,-3.4741788,-3.4741795,-3.5845082,-3.6504323,-3.5262575,-3.4576852
CN(C)C(=O)Nc1ccccc1,-1.6,-2.5219924,-2.8628573,-2.6614294,-2.661429,-2.6760721,-2.9672923,-2.7260427,-1.969234,-1.9060494,-2.2486095,-1.5816853,-1.5816852,-1.5784452,-1.807116,-1.5905641,-1.914194,-2.3259573,-2.7193804,-2.6894846,-2.6894841,-2.6959207,-2.603167,-2.1227415,-2.074367,-2.3284945,-2.0486963,-2.1831143,-2.1831136,-2.4486349,-2.74907,-3.124723,-2.198798,-1.943636,-2.6151788,-2.511931,-2.511931,-2.5878386,-2.6133473,-2.6358423,-2.4807642,-2.1341681,-3.061162,-2.785497,-2.7854962,-2.7730587,-2.866207,-2.877738,-2.8056962,-2.6712341,-2.8628292,-3.1618621,-3.161862,-3.1297839,-2.7049623,-2.8178024,-2.667457,-1.7876434,-2.3671074,-2.1583555,-2.1583567,-2.168294,-1.3939145,-1.8048613,-1.9339193,-1.5464962,-1.4967302,-1.567407,-1.5674075,-1.5747083,-1.5016401,-1.7579998,-1.8093594
CN(C)C(=O)OC1=CC(=O)CC(C)(C)C1 ,-0.85,-3.1715875,-3.473046,-3.1108525,-3.1108525,-3.1161609,-3.38438,-3.1579895,-2.2973478,-1.7016805,-1.8489115,-1.9371445,-1.9371437,-1.9298737,-1.8926795,-2.0035152,-1.7891651,-1.0555576,-3.859545,-3.7326329,-3.7326329,-3.7269952,-3.6742527,-3.3289204,-3.2245104,-1.6823698,-2.1258628,-2.4028366,-2.4028354,-2.5220292,-2.9440887,-3.2446642,-2.604664,-2.1471877,-3.4466088,-3.4066038,-3.4066043,-3.4642901,-3.5931127,-3.557015,-2.7923892,-1.9570233,-3.2091808,-2.7663898,-2.7663896,-2.7667232,-2.8581014,-2.9374597,-2.5837746,-1.4470521,-3.6749992,-3.9255402,-3.9255404,-4.148254,-3.1336513,-4.044188,-2.8607638,-1.227253,-2.3870676,-2.263429,-2.2634292,-2.2685573,-1.6214459,-1.8698903,-2.019231,-0.7898674,-2.9039366,-2.6217556,-2.6217563,-2.5405834,-2.3927908,-2.384772,-2.107705
ClC(Cl)C(Cl)(Cl)SN2C(=O)C1CC=CCC1C2=O ,-5.4,-4.334941,-4.292789,-4.087078,-4.087078,-4.0893183,-4.406489,-4.1019764,-3.7404306,-5.523015,-4.754743,-4.8035603,-4.80356,-4.7789016,-4.8078055,-4.7917867,-4.678484,-5.508361,-4.9179864,-4.652203,-4.652203,-4.7169623,-5.0264344,-4.420472,-4.0031977,-5.4006915,-4.7733665,-4.964182,-4.964183,-4.979236,-5.523534,-5.783468,-4.8321304,-5.360703,-3.719086,-3.9755754,-3.9755752,-4.0164943,-4.1531916,-4.9481215,-5.645985,-4.834385,-3.4319906,-3.033398,-3.0333974,-2.9509532,-3.0938773,-3.3199797,-3.5305786,-5.2763567,-3.406066,-3.8386486,-3.8386486,-3.7170408,-4.075093,-3.5270727,-5.566303,-5.14442,-5.322432,-5.1444154,-5.144416,-5.1487913,-3.7952166,-5.2315745,-5.754822,-5.3318586,-4.941231,-5.5496345,-5.549635,-5.5314355,-5.589787,-5.584245,-5.501578
OCCOc1ccccc1,-0.7,-2.0928006,-2.5221786,-2.3585737,-2.3585737,-2.360044,-2.6708236,-2.327294,-1.7943822,-1.410658,-1.9793998,-1.4545426,-1.4545424,-1.4346656,-1.5534838,-1.4689622,-1.8330584,-0.7197858,-1.7974483,-1.7163101,-1.7163103,-1.7233346,-1.5845189,-0.59963286,-0.6936531,-0.95090294,-1.3680518,-1.2628944,-1.2628933,-1.467727,-1.7166855,-2.0202377,-1.4034424,-0.41367692,-2.1409667,-1.9062954,-1.9062952,-1.9675565,-2.007434,-1.9816546,-1.6108732,-0.73364186,-2.78326,-2.6114442,-2.611444,-2.560307,-2.651844,-2.6298954,-2.734584,-1.7001435,-0.7860733,-1.4523367,-1.4523369,-1.4082916,-1.8092653,-1.108752,-1.6216837,-1.1204832,-1.595779,-1.3428541,-1.3428547,-1.0374153,-0.4289056,-0.69928753,-0.98515224,-0.60176885,-0.74380386,-0.8059181,-0.80591786,-0.94839144,-0.78825474,-1.221267,-0.9286574
COP(=S)(OC)SCC(=O)N(C(C)C)c1ccc(Cl)cc1,-4.432,-4.4340644,-5.2642617,-4.810507,-4.8105063,-4.781469,-5.121927,-4.6974,-3.9310734,-5.06989,-4.7647214,-3.101273,-3.1012733,-3.0486233,-3.9438372,-3.0894563,-3.899339,-4.7901053,-5.0828233,-4.6353846,-4.6353846,-4.654334,-5.050064,-4.5500917,-4.211947,-4.8550606,-4.400832,-4.77999,-4.7799897,-4.1145396,-4.640985,-4.6656013,-4.546669,-4.6134934,-4.7741866,-4.7629175,-4.7629175,-4.624419,-4.8957105,-4.419312,-3.8448756,-4.7975035,-4.4101834,-4.8796697,-4.8796697,-4.63276,-4.825568,-4.5047317,-4.538283,-3.8408065,-3.3868475,-3.695274,-3.6952739,-3.7076762,-3.6143434,-3.4682662,-3.4913108,-4.2881203,-5.116667,-4.712709,-4.712709,-4.6621504,-3.4868662,-4.550648,-5.13964,-4.3433924,-4.8230786,-4.4867277,-4.4867277,-4.67969,-4.4536676,-4.393163,-6.8557234
FC(F)(Cl)C(F)(F)Cl,-2.74,-2.0983262,-1.6903301,-1.5592093,-1.5592093,-1.5606874,-1.8942145,-1.544879,-1.0350654,-3.0415635,-1.5731212,-2.015232,-2.0152323,-2.0209596,-2.1141121,-2.0059,-2.4869664,-2.930263,-1.4174359,-1.4087849,-1.4087847,-1.4265137,-1.5572304,-0.83872586,-1.0371928,-2.425142,-1.6346884,-2.0459595,-2.04596,-2.5779922,-2.8235824,-3.2714982,-1.6491268,-2.5648391,-3.714139,-2.672229,-2.6722293,-2.5770774,-2.7579777,-2.7393017,-1.9230696,-2.1141975,-1.3721945,-1.1408596,-1.1408596,-1.149089,-1.1693556,-1.1709002,-1.4062335,-2.8640065,-0.936923,-2.3835986,-2.383599,-2.2421083,-2.1890686,-1.899931,-2.1177292,-2.6232724,-2.3394074,-2.2102325,-2.2102318,-2.210449,-1.8905007,-2.445127,-2.468494,-2.9509609,-2.2697425,-2.4326699,-2.4326706,-2.3158035,-2.5070841,-2.0942955,-2.59653
COc5cc4OCC3Oc2c1CC(Oc1ccc2C(=O)C3c4cc5OC)C(C)=C ,-4.42,-4.8195705,-6.102319,-5.6514115,-5.6514115,-5.6675787,-6.0433817,-5.8051276,-4.409809,-5.7681456,-5.0675573,-4.3330956,-4.333095,-4.3216777,-4.8190503,-4.332016,-4.6766143,-4.5891123,-5.8056235,-5.484499,-5.484499,-5.353626,-5.725938,-4.9426537,-4.386939,-4.3894987,-5.117708,-5.5511622,-5.5511613,-5.466383,-5.710522,-5.9739985,-4.5822625,-5.138337,-5.815009,-5.497795,-5.497795,-5.5275373,-5.655617,-5.645231,-4.808237,-5.1468024,-6.59602,-6.8035116,-6.8035116,-6.934925,-6.5477686,-6.8363843,-5.7782354,-4.596371,-3.5768754,-3.9633086,-3.9633083,-4.025155,-3.708949,-3.7084,-3.8180108,-4.3953485,-5.5754886,-5.1011386,-5.101139,-5.068898,-3.9394894,-4.741019,-5.35105,-4.5996184,-4.414574,-4.599348,-4.599349,-4.5032773,-4.6486635,-4.793239,-4.391019
c1cC2C(=O)NC(=O)C2cc1,-2.932,-2.3140752,-2.329396,-1.9215932,-1.9215931,-1.8988996,-2.068575,-1.8325752,-1.8283927,-2.4727225,-1.6238391,-1.6913831,-1.6913831,-1.7039574,-1.7028153,-1.6757405,-1.9224985,-2.8396559,-2.0527978,-2.0681477,-2.068148,-2.093122,-2.0207071,-1.7306656,-1.8701334,-1.7928123,-1.00241,-1.6550974,-1.6550968,-2.097305,-2.0950866,-2.8757026,-1.4397931,-2.7425148,-2.6553268,-3.133669,-3.133669,-2.9706647,-3.0572615,-2.999977,-3.0312862,-1.5649242,-2.2201781,-2.3772283,-2.3772283,-2.3596697,-2.358391,-2.4053886,-2.1022766,-2.9588547,-1.2789435,-1.8089159,-1.8089163,-1.7680401,-2.290885,-1.4487908,-2.067149,-2.1870656,-2.1131473,-1.6794623,-1.6794622,-1.6203254,-1.3941483,-1.7582896,-1.4636986,-2.875264,-2.2793977,-2.2368171,-2.236817,-2.1537302,-2.275888,-2.047313,-2.470656
CC(O)C(C)(C)C,-0.62,-1.2524292,-1.6884538,-1.3404043,-1.3404043,-1.3273298,-1.7273978,-1.2735485,-0.8244372,-0.5007866,-1.3305876,-1.6537541,-1.6537542,-1.6553503,-1.7250246,-1.6329238,-1.9693887,-0.6063882,-1.6985614,-1.7293304,-1.7293303,-1.7339125,-1.6396106,-1.2064178,-1.3566928,-0.028545488,-1.5249412,-1.5951604,-1.5951586,-1.6452284,-2.0234494,-2.4132254,-1.6827995,-0.941233,-1.7934164,-1.6442232,-1.644223,-1.637657,-1.7764179,-1.5651767,-1.4469522,-2.0691857,-1.6387601,-1.4893922,-1.4893922,-1.4915906,-1.488552,-1.5160522,-1.3149261,-0.6553438,-1.3296154,-1.524235,-1.5242352,-1.4874493,-0.43587118,-1.1729639,-0.91094863,-0.8110553,-1.714388,-1.5814227,-1.5814234,-1.5924866,-1.0881792,-1.3953996,-1.4506696,-0.53998774,-0.8985682,-0.87048006,-0.87048006,-0.8474835,-0.80711657,-0.80328983,-0.42591015
CC,-1.36,-0.90900123,-0.41954145,0.10725768,0.10725747,0.10475807,-0.37375036,0.09129837,0.45221913,-0.98651,0.047034476,-0.13776776,-0.13776731,-0.14847529,-0.27848178,-0.12931867,-0.6281051,-1.504995,-0.9170323,-0.8738658,-0.8738657,-0.8742187,-0.8713355,-0.77440655,-0.79561,-0.39996657,-0.64889246,-0.38510698,-0.3851059,-0.5960045,-0.95273155,-1.3144474,-0.66609854,-1.2699486,-2.9173987,-0.60459256,-0.60459363,-0.7048409,-0.6419335,-0.66640174,-0.96033704,-1.185165,-1.0597303,-0.6448372,-0.6448372,-0.67946553,-0.6535121,-0.69837546,-1.2103916,-1.5126193,-2.0197446,-1.3968896,-1.3968897,-1.417478,-1.571781,-1.4614565,-1.5506375,-1.2119521,-0.22919828,-0.35566467,-0.3556645,-0.34295583,0.054143205,-1.0337088,-0.24157244,-1.1900222,-1.4600424,-1.5650513,-1.5650511,-1.5492066,-1.5636156,-1.4643238,-1.0549841
Sc1nccc(=O)[nH]1 ,-2.273,-1.4799702,-2.1910481,-1.8216777,-1.8216776,-1.8270744,-1.9655408,-1.847791,-1.2038367,-1.4877995,-1.189046,-0.97883075,-0.9788307,-0.9879928,-0.9442065,-0.96598226,-1.1068612,-2.5651574,-1.5582504,-1.5695747,-1.5695746,-1.5727923,-1.5718712,-1.4845046,-1.4378048,-0.117743745,-0.8964896,-1.1872375,-1.1872367,-1.5376046,-1.6800091,-2.1664839,-1.0330544,-2.0792296,-1.5973245,-1.3096507,-1.3096511,-1.3260051,-1.3069943,-1.2943468,-1.1471062,-1.9113337,-2.0522354,-1.530335,-1.5303348,-1.4992789,-1.5852273,-1.7326849,-1.8155043,-2.49032,-1.3450545,-1.3709859,-1.3709862,-1.3499204,-0.8739187,-1.1005577,-0.90026146,-1.9003603,-0.36112344,-1.1203986,-1.1203992,-1.1246454,-0.54511607,-2.2675786,-0.3517081,-2.1426005,-2.2033596,-2.3016398,-2.3016393,-2.212471,-2.2406533,-2.2799275,-2.301107
CCC(=O)OC,-0.14,-1.4135547,-1.8572694,-1.2812744,-1.2812746,-1.2919375,-1.4055198,-1.304414,-0.63316506,0.11721806,-0.5774353,0.7534493,0.7534496,0.75296986,0.5143583,0.7513439,-0.6031925,0.23014109,-1.1478288,-1.1235325,-1.1235325,-1.1260204,-1.0639888,-0.4767046,-0.48173568,0.73005295,-0.6413524,-0.28066453,-0.2806618,-0.51778495,-0.8542652,-1.1281816,-0.694606,-0.13804737,-1.9384801,-1.8268002,-1.8268006,-1.9142756,-1.9271749,-1.9894707,-0.89251006,0.18154661,-1.7496996,-1.2300878,-1.2300878,-1.2513955,-1.299023,-1.3566668,-0.93261284,-0.19269262,-0.47243685,-1.0039989,-1.003999,-0.9664239,-0.81905377,-0.6907634,-0.81403756,-0.15813765,-0.3981264,-0.12127644,-0.12127706,-0.12807478,0.112438954,0.25535893,-0.39097974,-0.13908216,-0.122191355,-0.14696826,-0.14696825,-0.042451777,0.017330168,0.019584754,-0.3389211
FC(F)(F)c1ccccc1,-2.51,-1.553255,-2.3437235,-2.1861951,-2.1861954,-2.198682,-2.3707492,-2.2069058,-1.3309741,-2.7474787,-0.9049695,-1.5056688,-1.5056676,-1.5240979,-1.3829522,-1.4866375,-1.0428828,-2.5099041,-1.7553762,-1.8516793,-1.8516792,-1.8559606,-1.7875779,-1.5246636,-1.585663,-2.6455483,-2.6218631,-2.9830332,-2.9830341,-3.0656984,-3.649031,-4.0676517,-2.868032,-2.349033,-2.3253484,-1.8625941,-1.8625939,-1.9263906,-2.0050745,-1.9775943,-2.6067011,-2.1175973,-2.112977,-2.10596,-2.1059594,-2.1146212,-2.0762217,-2.1076667,-1.351958,-2.6004703,-2.0914626,-3.1432805,-3.1432805,-3.0028398,-2.9461787,-2.6106331,-2.391152,-2.4787025,-3.9159887,-2.8325408,-2.8325405,-2.9005177,-2.2646384,-2.5314941,-2.9823925,-2.6484332,-2.6832216,-2.7322662,-2.732267,-2.716875,-2.674053,-2.7044008,-2.4740803
c1cccc2c3c(C)cc4ccccc4c3ccc12,-6.59,-3.4427872,-3.5983932,-3.4565098,-3.4565094,-3.4617977,-3.8037782,-3.516286,-3.2599697,-7.452838,-5.2830505,-5.9125633,-5.912564,-5.859097,-6.34336,-5.9232893,-5.6797185,-7.1753783,-4.821982,-5.0505304,-5.050531,-5.041879,-4.9763536,-6.2461424,-6.177995,-6.616893,-5.718091,-6.328535,-6.3285356,-6.5643654,-6.3906856,-7.293815,-6.170533,-6.504138,-3.009156,-2.9565017,-2.9565015,-2.9673297,-3.0701096,-2.9455333,-3.2474291,-7.626441,-3.8962193,-4.3325653,-4.3325653,-4.3356338,-4.252015,-4.281415,-4.9185057,-7.3613586,-6.549685,-7.3207374,-7.3207383,-7.295223,-7.484026,-7.026072,-7.53282,-6.0807815,-5.564185,-5.5940623,-5.5940623,-5.565415,-4.0418177,-5.9313874,-4.966336,-6.6377783,-6.6232433,-6.743285,-6.743287,-6.6477933,-6.8619432,-6.7440505,-6.5952225
CCNc1nc(Cl)nc(NC(C)C)n1,-3.85,-3.2338963,-3.6324215,-3.2714002,-3.2714,-3.2650516,-3.5191565,-3.2478335,-2.602718,-3.0971365,-2.8302112,-2.220045,-2.220045,-2.182608,-2.5615315,-2.2047825,-2.6103864,-3.3845062,-3.5938048,-3.3494446,-3.3494449,-3.40506,-3.3640497,-2.9433408,-2.730956,-3.8516965,-2.1864312,-2.4020078,-2.4020069,-2.663428,-2.7610137,-3.3630838,-2.3386211,-3.989245,-3.507748,-3.5999596,-3.5999591,-3.4974055,-3.738066,-3.3252318,-2.997355,-3.2985394,-3.5635986,-3.3011832,-3.301183,-3.2813084,-3.3248408,-3.308274,-3.3240762,-3.4510453,-2.6906662,-3.1080468,-3.108047,-3.0666902,-3.541236,-2.7304914,-3.3283868,-3.7835476,-3.7586465,-3.2906244,-3.2906246,-3.3286293,-2.310135,-3.3614843,-3.1720622,-3.8121715,-4.0776215,-4.1404495,-4.1404495,-4.034368,-3.9860218,-4.0889425,-3.9404573
CC2(C)C1CCC(C)(C1)C2=O,-1.85,-1.904032,-2.235117,-1.9578534,-1.9578536,-1.9433895,-2.2888124,-1.8861015,-1.2386093,-1.3373576,-1.9362402,-2.555569,-2.5555685,-2.554742,-2.4917827,-2.5508482,-2.3332264,-2.1356678,-3.007403,-2.876984,-2.8769841,-2.8848212,-2.9872143,-2.787569,-2.4591777,-1.422261,-2.1947522,-2.8541343,-2.8541358,-2.5261948,-3.187293,-3.2493382,-2.7082832,-1.7258003,-2.2238045,-2.2413273,-2.2413275,-2.2360759,-2.3652132,-2.1764283,-1.9108309,-2.7774768,-2.0402217,-2.0715075,-2.071507,-2.0565774,-2.02184,-2.097532,-1.7185893,-1.5114722,-1.9625833,-1.9038892,-1.9038891,-1.875735,-1.6955141,-1.5793146,-1.6297698,-1.6844561,-3.5637767,-3.4679968,-3.4679966,-3.4713912,-2.7720056,-2.9331377,-3.066482,-1.820541,-2.0032094,-2.0360904,-2.0360909,-2.070596,-2.0962327,-1.9734505,-1.9534664
CC(=O)OCC(COC(=O)C)OC(=O)C,-0.6,-2.9090335,-3.7764065,-3.4459245,-3.4459248,-3.435107,-3.6830182,-3.3958378,-2.7459664,-0.4022779,-1.75786,-1.1911178,-1.191118,-1.1739985,-1.3515569,-1.1155367,-1.6440802,-0.29223204,-3.3022063,-2.8368595,-2.8368595,-2.858965,-2.9385703,-1.3563178,-1.2151916,-0.1338994,-0.33740494,-0.19827974,-0.19827798,-0.55506563,-0.63705885,-0.76401263,-0.6402385,-1.9204738,-3.392273,-3.3619063,-3.3619065,-3.3451426,-3.471604,-3.3006368,-2.9104192,-1.305575,-3.6947455,-4.072604,-4.0726047,-3.9357977,-4.087051,-3.8696277,-4.6177726,-0.41611594,-1.5090448,-2.1826568,-2.182657,-2.1356864,-1.946437,-1.8502492,-1.6655574,-0.5503395,-1.7936108,-1.6923299,-1.6923301,-1.6722412,-0.8683373,-0.8714127,-1.6752532,-0.7621358,-0.57294667,-0.5431412,-0.54314125,-0.6191071,-0.5497332,-0.9358757,-0.5663295
c1c(OC)c(OC)C2C(=O)OCC2c1,-1.899,-2.2839675,-2.9988637,-2.6338258,-2.6338258,-2.6268904,-2.8194177,-2.6204157,-2.1227043,-1.6819159,-1.8739438,-1.4857138,-1.4857135,-1.4636068,-1.5974839,-1.4725864,-1.9115127,-1.8019867,-2.947524,-2.5385664,-2.5385664,-2.5539656,-2.6324475,-1.2460884,-1.1824813,-1.4230162,-0.8345647,-1.310122,-1.3101207,-1.6424351,-1.5276198,-2.3640602,-1.1994759,-1.9175959,-2.4152286,-2.2423325,-2.2423327,-2.2246938,-2.3480456,-2.1333017,-1.8355228,-3.5135853,-2.6792502,-2.8931246,-2.893124,-2.8582165,-2.9178326,-2.9106,-3.3151324,-2.4185736,-0.6127217,-1.3178447,-1.3178447,-1.2622515,-1.17056,-0.9524402,-0.9374552,-1.2530583,-2.709072,-2.2019153,-2.201915,-2.1677148,-1.4419035,-1.595252,-2.0061173,-1.9100218,-1.8784665,-1.2574614,-1.2574615,-1.5183154,-1.5157988,-1.2553433,-1.3039443
Cc1cc(C)cc(O)c1,-1.4,-2.3212647,-2.3696945,-2.2428534,-2.2428536,-2.2324963,-2.4007306,-2.2246096,-1.8831499,-1.1102502,-1.598028,-0.9119961,-0.91199625,-0.9181799,-1.0817437,-0.9053653,-1.4947239,-1.339835,-1.9218032,-2.0222523,-2.022252,-2.0265942,-1.9478139,-1.8067411,-1.8997234,-0.6871574,-1.599616,-1.6431599,-1.6431592,-1.7878623,-2.157305,-2.5208302,-1.7642471,-0.96037704,-1.8810704,-1.6801909,-1.6801908,-1.6598598,-1.7448066,-1.5777898,-1.0309623,-1.329121,-2.4011917,-2.5882995,-2.5882993,-2.5637157,-2.6426356,-2.6010501,-2.8090901,-1.6631302,-1.3058348,-2.2552257,-2.2552257,-2.1894696,-1.7168446,-1.8063033,-1.619239,-0.9783751,-0.87273586,-0.6609464,-0.66094685,-0.6624125,-0.253319,-0.6450091,-0.9287092,-1.465646,-1.0874045,-1.140365,-1.1403649,-1.0466293,-1.1629283,-1.0958194,-1.2709717
Cc1ccncc1C,0.36,-1.5024381,-2.0783107,-1.7519932,-1.751993,-1.7469946,-1.843594,-1.7426349,-1.1996354,-1.1273749,-1.9016646,-1.536468,-1.5364677,-1.5427377,-1.7061847,-1.5048937,-2.0039358,-0.9230746,-1.5588537,-1.6245714,-1.6245716,-1.62831,-1.5729697,-1.6213684,-1.7125129,0.3906631,-1.4321859,-1.5145881,-1.5145853,-1.6810124,-2.0394373,-2.375133,-1.5475461,0.6112747,-1.6938058,-1.9060949,-1.9060948,-1.8655006,-1.8790857,-1.7862203,-1.2777026,0.36441097,-1.8385696,-1.7479827,-1.7479827,-1.741496,-1.7895815,-1.7814515,-1.5757574,-0.00895638,-1.8257456,-1.7718107,-1.7718108,-1.741343,-0.93328077,-1.458216,-1.1525935,-0.3082729,-2.5553179,-2.1437063,-2.1437063,-2.152195,-1.7102636,-2.2165554,-2.23623,0.37734452,-0.55652845,-0.45210925,-0.45210928,-0.39207387,-0.41686442,-0.49790698,-0.38029414
O=C1N(COC(=O)CCCC)C(=O)C(N1)(c2ccccc2)c3ccccc3,-4.678,-4.5189037,-5.769031,-5.328157,-5.3281574,-5.3106546,-5.5941825,-5.2770967,-4.1330385,-5.4790545,-5.074941,-4.122589,-4.122589,-4.0308356,-4.599009,-4.1504035,-4.792332,-4.969331,-4.563248,-4.2597075,-4.2597075,-4.1865253,-4.8903923,-4.853098,-4.837828,-4.72783,-3.740486,-4.337331,-4.337329,-4.1774545,-4.053858,-4.6596427,-4.368302,-4.7806063,-5.29412,-5.099874,-5.099874,-4.9857435,-5.150429,-4.8726077,-3.849164,-5.2386875,-4.725409,-4.888297,-4.888297,-4.4491425,-4.860032,-4.616631,-4.7534447,-4.877603,-3.8432558,-4.1239905,-4.1239905,-4.299625,-5.0271506,-4.191684,-4.8697968,-4.5921984,-5.259206,-4.902222,-4.9022226,-4.8676767,-3.7340922,-4.5213966,-5.5569086,-4.7429776,-4.601549,-4.7974863,-4.7974863,-4.692368,-4.9635754,-4.8368297,-4.640674
CCC(=C(CC)c1ccc(O)cc1)c2ccc(O)cc2 ,-4.07,-4.617124,-4.446647,-3.9933994,-3.9933991,-4.0044737,-4.3149834,-4.0017185,-3.1884856,-3.7477462,-3.7008643,-3.5739539,-3.5739532,-3.5237691,-4.029292,-3.5933757,-3.6567278,-4.612341,-4.464011,-4.2083297,-4.2083297,-4.1956677,-4.46878,-3.9669266,-4.2348948,-3.491502,-3.618258,-3.5981696,-3.598168,-3.9065392,-3.8385122,-3.8714418,-3.1137831,-4.177743,-4.5798254,-4.4918323,-4.4918323,-4.130395,-4.6621323,-3.9779553,-3.4946308,-4.151378,-4.5390177,-4.7617607,-4.76176,-4.642857,-4.6189504,-4.4643316,-4.1386137,-4.1511755,-3.2379704,-4.4629893,-4.4629893,-4.390389,-4.311742,-3.9625669,-4.2666802,-3.1097798,-3.7038438,-3.658394,-3.658395,-3.5972784,-2.4832945,-3.1721828,-3.769397,-4.095784,-4.045969,-4.1308727,-4.1308727,-4.1320553,-4.2629685,-4.426355,-4.4114723
CC12CC(O)C3C(CCC4=CC(=O)C=CC34C)C2CCC1(O)C(=O)CO,-3.18,-4.361971,-4.9330487,-4.552057,-4.552057,-4.5482435,-4.914228,-4.5937996,-4.049764,-4.3856435,-4.078955,-3.394071,-3.394071,-3.3509376,-3.7691355,-3.4197695,-3.873995,-3.3656495,-3.1555057,-3.0112822,-3.0112817,-2.9660344,-3.0417428,-3.6900911,-3.6158597,-3.4588954,-3.2932897,-3.7264283,-3.726427,-3.5646179,-3.8420446,-3.9601173,-3.8440356,-4.1950264,-4.469803,-4.4174423,-4.417442,-4.4204187,-4.5697174,-4.4377832,-4.10031,-4.1741004,-4.8940883,-5.138258,-5.1382585,-5.135872,-4.884604,-5.0404882,-4.8666577,-3.689735,-3.264152,-3.8868532,-3.8868537,-3.8680387,-4.3359222,-3.4658904,-4.114492,-3.3088443,-4.336399,-3.8249056,-3.824906,-3.7948859,-2.7394774,-3.3369708,-3.6503346,-3.2945495,-3.2016933,-3.117222,-3.1172223,-3.0543888,-3.1551707,-3.3122404,-3.244045
CC(C)CC(C)O,-0.8,-1.8941345,-2.0749893,-1.6008048,-1.6008046,-1.5946254,-1.82276,-1.5674238,-0.9978207,-0.4624464,-1.1882715,-1.2371302,-1.2371304,-1.2344072,-1.1778798,-1.2341316,-1.4897817,-0.9183607,-1.7426474,-1.7889513,-1.7889513,-1.793649,-1.6905783,-1.4356276,-1.4725672,-0.40043074,-1.5491602,-1.6490321,-1.649032,-1.3586774,-1.8763796,-2.0817857,-1.6440126,-1.2215322,-1.948576,-1.7162019,-1.7162021,-1.7449487,-1.764673,-1.6857817,-1.5583197,-0.9382369,-2.0740948,-2.0444472,-2.0444474,-2.0375786,-2.0078058,-2.083215,-1.5666384,-0.82268894,-1.4890971,-1.7192522,-1.7192522,-1.680472,-0.72437245,-1.3582411,-1.109346,-0.62509465,-1.0577942,-0.8592029,-0.85920346,-0.71783894,-0.33620128,-0.4456338,-0.98200125,-0.80248535,-0.62113285,-0.69299036,-0.6929903,-0.6995801,-0.64998484,-0.6759028,-0.2874752
CCN(CC)c1ccccc1,-3.03,-2.209086,-2.5816765,-2.1380215,-2.1380212,-2.1337862,-2.3604608,-2.0925403,-1.5742177,-3.263929,-2.5099473,-3.340354,-3.3403542,-3.3088696,-3.3375642,-3.3393838,-3.0284824,-3.0195394,-2.7459455,-2.7273743,-2.7273746,-2.7334867,-2.6415312,-2.8949893,-2.8808372,-2.5606554,-2.680095,-2.912356,-2.9123552,-2.4375732,-2.6434815,-3.6519055,-2.4038777,-3.167014,-3.146159,-4.0004797,-4.00048,-3.4708438,-3.9356284,-4.1709924,-3.598408,-2.746345,-2.586274,-2.9145083,-2.9145083,-2.8821845,-2.9165764,-2.9160793,-3.2237713,-3.047892,-2.201951,-2.2529776,-2.2529776,-2.1998591,-2.3290608,-1.8495347,-2.1600583,-3.2236774,-3.90304,-3.7504609,-3.7504609,-3.780753,-2.6374702,-3.524488,-3.2011564,-2.9590087,-4.587579,-4.233432,-4.233432,-4.150724,-4.2013984,-4.2798924,-4.438375
CN(C)C(=O)Nc1ccc(c(Cl)c1)n2nc(oc2=O)C(C)(C)C,-4.328,-4.316156,-5.3370576,-5.0621147,-5.0621147,-5.077264,-5.465261,-5.169693,-3.9661713,-4.946,-4.732755,-3.6573288,-3.6573288,-3.6492665,-4.142658,-3.669218,-4.2343054,-4.3258677,-6.139335,-5.7225885,-5.7225885,-5.61419,-5.807602,-4.929445,-4.494414,-4.0884485,-4.078545,-4.1752396,-4.175238,-3.8733652,-4.2610545,-4.5775046,-3.8185174,-4.0572104,-5.315117,-5.1448746,-5.1448736,-5.217897,-5.484695,-5.4212112,-5.270296,-4.4357786,-5.4963503,-4.847663,-4.8476634,-4.9906726,-4.828661,-5.0208917,-4.445614,-4.174467,-6.2879286,-5.946725,-5.946725,-5.947724,-3.8210425,-5.702833,-4.004866,-3.7492592,-4.3446603,-3.7944653,-3.7944655,-3.7483084,-2.8570647,-3.6246235,-3.7420247,-4.446271,-4.3234615,-4.3418093,-4.3418097,-4.4131265,-4.421861,-4.5182495,-4.3674464
Oc1ccccc1Cl,-1.06,-1.109074,-2.1685739,-2.0032558,-2.003256,-2.0018373,-2.169486,-2.0111494,-1.3046923,-1.1832949,-1.5467124,-1.0210568,-1.0210559,-1.0290424,-1.1339626,-1.0036151,-1.4538167,-0.998654,-1.5951568,-1.6424049,-1.6424049,-1.6469945,-1.623525,-1.3031253,-1.0951756,-0.041325767,-1.6019654,-1.5110859,-1.5110853,-1.8229736,-2.1422756,-2.3599238,-1.5698105,-0.90463257,-1.6593076,-1.7239507,-1.7239506,-1.6672269,-1.8007972,-1.6363027,-1.3069123,-0.73036754,-2.0587125,-2.0568216,-2.0568216,-2.04673,-2.0487814,-2.1253016,-1.7162561,-1.4494092,-0.2451291,-1.0080447,-1.0080444,-0.9647286,-1.07258,-0.65962774,-0.9234521,-0.5643018,-0.85640585,-0.88781595,-0.8878164,-0.87707406,-0.6794311,-0.75950545,-0.6446001,-1.0215399,-1.266428,-1.2846023,-1.2846023,-1.2670065,-1.2913709,-1.2078263,-1.1612641
CN(C(=O)COc1nc2ccccc2s1)c3ccccc3,-4.873,-3.9660995,-4.697052,-4.5018735,-4.5018725,-4.4424047,-4.9278197,-4.238311,-4.0395846,-5.2088175,-5.7817473,-4.5621967,-4.5621967,-4.323005,-5.0965896,-4.6972804,-4.384247,-4.806941,-5.084163,-4.847541,-4.847541,-4.8342094,-4.886199,-4.685481,-4.640763,-3.8785603,-4.4565477,-4.447379,-4.4473786,-4.544561,-4.6854167,-5.005785,-4.1440005,-3.8792176,-4.397677,-4.3684707,-4.3684707,-4.373954,-4.5532246,-4.34309,-4.7311134,-4.7349944,-4.9474854,-4.826513,-4.826513,-4.706299,-4.8662233,-4.504115,-4.972768,-4.6420145,-4.1530113,-4.5658,-4.5658007,-4.5087266,-4.488686,-4.204549,-4.4980397,-4.4857073,-5.2093096,-4.6234636,-4.6234636,-4.662674,-3.668417,-4.2547774,-4.4356804,-4.7818613,-4.858982,-4.910225,-4.9102254,-4.8173223,-4.7584324,-5.043852,-4.924782
c1ccsc1,-1.33,0.62001526,-1.7297603,-1.4340214,-1.4340215,-1.4338459,-1.4633843,-1.4269288,-0.20825796,-1.5795343,-0.8020497,-0.8377584,-0.83775747,-0.84310573,-0.742091,-0.8274698,-0.82765657,-1.3287697,-1.1177526,-1.1787773,-1.1787776,-1.180717,-1.161064,-1.4195408,-1.5201094,-0.26154435,-0.8032833,-0.95037544,-0.95037544,-1.2748507,-1.3768169,-2.0532303,-0.87685484,-1.0606426,-2.2772877,-1.041711,-1.0417111,-1.0506518,-1.082334,-1.006481,-0.67697895,-1.1003214,-1.8969476,-1.8743584,-1.8743584,-1.8823569,-1.8219552,-1.9954407,-1.1764463,-1.556625,-1.6041203,-1.7094495,-1.7094498,-1.7126461,-0.61006033,-1.5475196,-1.2190999,-0.88059855,-0.8971896,-0.88252836,-0.8825282,-0.8661775,-0.7751359,-1.0220451,-0.7866111,-1.3494289,-1.7888621,-1.8192173,-1.8192174,-1.7731892,-1.854769,-1.6888672,-1.4399259
CNC(=O)Oc1cccc(N=CN(C)C)c1,-2.34,-3.6922336,-3.901497,-3.912965,-3.9129646,-3.9198666,-4.37421,-3.967517,-3.6128118,-3.0921373,-3.4536183,-2.5492804,-2.549281,-2.5357828,-3.0718117,-2.5698228,-2.845027,-2.0603843,-3.6442955,-3.3405075,-3.3405075,-3.3232949,-3.208232,-2.0480947,-2.3079596,-2.2276614,-1.9499516,-2.1983516,-2.1983495,-2.3981347,-2.6649117,-3.031883,-2.217228,-2.3051543,-3.67299,-3.4765127,-3.476513,-3.5279596,-3.7497566,-3.567727,-3.1392787,-3.2116706,-4.5876164,-4.283413,-4.283413,-4.3068695,-4.290185,-4.3971562,-4.1590934,-2.3753688,-4.100093,-4.1428456,-4.142846,-4.2399507,-2.4519289,-3.9471304,-2.911275,-2.4614408,-2.9804335,-2.5299256,-2.5299265,-2.533953,-1.828329,-2.0458803,-2.3116677,-2.2834897,-2.3795173,-2.3633168,-2.3633175,-2.3857763,-2.4981952,-2.482779,-2.4140637
Clc1cccc2ccccc12,-3.93,-2.346973,-2.5143523,-2.4977472,-2.497747,-2.4919126,-2.7498899,-2.5058813,-2.3886209,-3.3544815,-3.5776057,-3.6077852,-3.6077855,-3.6081877,-3.6281786,-3.5869675,-3.658269,-4.1941957,-2.283883,-2.4345014,-2.4345014,-2.441691,-2.391542,-3.2306232,-2.8334732,-3.8462715,-3.752589,-4.1219525,-4.121953,-4.3230696,-4.4932485,-5.111278,-3.7391996,-3.2755673,-1.9721508,-2.3942316,-2.3942313,-2.3519497,-2.4099138,-2.3195932,-2.4016175,-3.1193035,-2.4017186,-2.5350373,-2.5350375,-2.5224192,-2.5154843,-2.514543,-2.2414382,-4.0052266,-5.372742,-5.388656,-5.388656,-5.379196,-4.158739,-5.300625,-3.4366252,-3.6644585,-4.3178115,-4.0368013,-4.0368013,-4.035904,-3.6194015,-3.877264,-3.755518,-4.186589,-4.1564484,-4.125868,-4.125869,-4.1203694,-4.1263914,-4.2553096,-4.091468
CC(C)COC=O,-1.01,-1.9941852,-1.9763877,-1.5067036,-1.5067036,-1.504007,-1.7211295,-1.4201342,-1.108302,-0.8981616,-0.87306505,-0.48984677,-0.48984727,-0.4895676,-0.49290133,-0.4804406,-1.090605,-1.144721,-1.4294682,-1.4314154,-1.4314153,-1.4348443,-1.3448529,-0.8745696,-0.87809294,0.0695019,-1.0236571,-0.8873936,-0.8873917,-1.0113885,-1.4363419,-1.7340323,-1.2183654,-0.82508886,-1.9035263,-1.7272335,-1.7272333,-1.7446967,-1.8486705,-2.158983,-1.7481911,-1.2861636,-2.069013,-1.4779981,-1.477998,-1.4130841,-1.5621359,-1.5653269,-1.7771212,-1.0377822,-0.6741433,-1.2456793,-1.2456793,-1.2031435,-0.9440059,-0.90067625,-1.0491126,-0.9990818,-0.8754283,-0.61035764,-0.6103583,-0.6236761,-0.18246716,-0.9222333,-0.6653813,-1.2261623,-1.3590229,-1.4310728,-1.431073,-1.368019,-1.5042987,-1.2174598,-1.6772336
CC(Cl)CCl,-1.6,-1.091345,-1.5343835,-0.8614684,-0.8614682,-0.8583477,-1.1032585,-0.8519654,-0.8084206,-0.9824432,-1.0095606,-0.9126847,-0.91268456,-0.91575336,-0.9571855,-0.90090066,-1.1952448,-1.5469062,-1.0591922,-1.0711662,-1.0711663,-1.0726278,-1.0663952,-1.3071783,-1.39638,-0.89931315,-1.5665293,-1.6716127,-1.671614,-1.8392164,-2.209497,-2.7421181,-1.438819,-1.5172201,-1.7761278,-1.565023,-1.5650228,-1.5759227,-1.5921348,-1.53551,-1.8491315,-1.1423333,-1.3351007,-1.0733641,-1.073364,-1.0792849,-1.0742664,-1.1230836,-1.255131,-1.8177954,-1.7371753,-1.5849024,-1.584902,-1.5965381,-2.6668634,-1.3980305,-1.8251106,-1.3177311,-1.53051,-1.5802106,-1.5802109,-1.5634089,-1.2750988,-1.4797019,-1.2692873,-2.2060769,-1.9897159,-1.9577664,-1.9577665,-1.9322802,-1.9209491,-1.9522393,-1.8245614
ClC(Cl)C(Cl)Cl,-1.74,-2.086758,-1.7342343,-1.4710578,-1.4710579,-1.4602569,-1.8238302,-1.4142818,-1.2565591,-2.4354892,-2.3130012,-2.2773733,-2.2773738,-2.2807517,-2.290443,-2.2805276,-2.7171156,-2.0017438,-1.0480597,-1.0146959,-1.0146959,-1.0162355,-1.0920526,-1.4261152,-1.6531372,-1.380578,-1.6988348,-2.006786,-2.0067856,-2.1892755,-2.5915136,-3.0101504,-1.5607872,-1.777035,-4.014708,-2.327172,-2.3271713,-2.5514479,-2.3394556,-2.67112,-2.5172436,-2.0277073,-1.4693398,-1.2810576,-1.2810576,-1.2894434,-1.3094568,-1.314843,-1.3473811,-1.9975258,-2.7256224,-3.3615534,-3.3615537,-3.3783169,-3.1516771,-3.2692277,-2.757498,-1.851029,-2.8087077,-2.4981797,-2.4981797,-2.488358,-2.280257,-2.4813137,-2.5603065,-2.9509609,-2.2697425,-2.4326699,-2.4326706,-2.3158035,-2.5070841,-2.0942955,-2.59653
CNC(=O)ON=C(SC)C(=O)N(C)C,0.106,-2.935525,-3.564364,-3.2689216,-3.2689214,-3.2735853,-3.542421,-3.3049355,-2.4908714,-0.35682064,-1.8443315,-0.945375,-0.9453746,-0.95031065,-1.2808533,-0.85924345,-1.5820477,0.122741476,-3.3235412,-2.9276156,-2.9276156,-2.9393437,-2.966511,-1.7942377,-1.8463222,-0.61526906,-0.7264932,-0.7583536,-0.75835216,-0.7699268,-1.1585578,-1.8132452,-0.8809666,-1.0883663,-3.2367196,-3.0682492,-3.0682492,-3.0586572,-3.2517254,-2.9794014,-2.4297872,-1.2685597,-3.718964,-3.106551,-3.106551,-3.1264591,-3.108342,-3.3060403,-2.8761857,-1.0703876,-2.9282613,-3.228394,-3.2283943,-3.2210324,-2.435207,-3.0719402,-2.5928237,-0.006293279,-2.007674,-1.852181,-1.8521808,-1.7900981,-1.1151922,-0.956284,-1.7618172,0.16497503,0.09138711,0.06437278,0.064372726,0.11692967,0.084859036,-0.0010756608,0.09165409
ClC2=C(Cl)C3(Cl)C1C=CCC1C2(Cl)C3(Cl)Cl ,-5.64,-4.695403,-3.651679,-4.2680073,-4.2680078,-4.2480307,-4.6060457,-4.1805034,-5.1917653,-5.5161147,-5.055445,-5.2378273,-5.237826,-5.234598,-5.2775397,-5.216518,-5.7160406,-5.796528,-5.656235,-5.268003,-5.2680035,-5.291686,-5.3644967,-4.9505353,-5.0522184,-5.5619435,-4.423926,-5.3635674,-5.363569,-5.4513936,-5.6428914,-6.253787,-4.919941,-5.85732,-3.2268336,-3.592308,-3.592308,-3.5573652,-3.9624665,-3.5048985,-5.08394,-5.7857113,-2.5174232,-2.7798998,-2.7799,-2.7386022,-2.7750497,-2.7762144,-2.915598,-6.104377,-4.1244907,-4.468502,-4.4685025,-4.5122466,-5.884373,-4.3989573,-5.4913106,-5.324041,-5.9123974,-5.4631324,-5.4631324,-5.4495554,-5.069939,-5.6077685,-5.6765065,-5.613944,-4.8558507,-5.0922747,-5.0922747,-5.014759,-5.033835,-4.849092,-5.4349885
c2cnc1ncncc1n2,0.02,-1.2590845,-2.1511126,-1.9506313,-1.9506314,-1.9539418,-2.137558,-1.9693042,-1.3107932,-1.150842,-1.769381,-1.0143886,-1.0143881,-1.0191097,-1.08746,-1.0054387,-1.3792777,-0.19602105,-1.3026423,-1.300713,-1.3007128,-1.3030989,-1.2337583,-0.859956,-1.0429755,0.22021618,-0.64991903,-0.93789387,-0.9378933,-1.4660766,-1.38203,-1.8829393,-0.75732744,-0.18575782,-1.7746284,-1.9682491,-1.968249,-2.00539,-1.9601077,-2.0544806,-1.3518338,-0.46905118,-2.319057,-2.36963,-2.3696299,-2.360729,-2.3727896,-2.3936894,-2.0685976,-0.6359214,-1.6170813,-1.7235258,-1.7235256,-1.6982243,-1.2888035,-1.3977227,-1.2640318,-0.519753,-1.6823685,-1.5363759,-1.5363756,-1.5392094,-1.3968098,-1.238622,-1.2561028,-0.06240327,-0.001296768,-0.07316919,-0.07316878,-0.08781678,0.024910228,-0.13297342,-0.08934174
O=C1NC(=O)NC(=O)C1(C)CC,-1.228,-1.8082955,-2.2903874,-1.9189057,-1.9189056,-1.9014237,-2.2743738,-1.8564327,-1.675158,-2.0297132,-1.2172518,-1.1836935,-1.1836936,-1.1975304,-1.2312176,-1.1686811,-1.8615398,-1.9063374,-2.5797749,-2.5443828,-2.544383,-2.553568,-2.5454547,-2.0213497,-1.9725451,-1.2522779,-1.4061105,-1.3420472,-1.3420464,-1.6170413,-2.081556,-2.289341,-1.4516736,-1.3617741,-2.474388,-2.6184344,-2.6184344,-2.59909,-2.7730415,-2.5857131,-2.3329601,-1.1627436,-1.9725177,-1.7570543,-1.7570543,-1.6068039,-1.8075445,-1.6096317,-1.5761416,-1.8627207,-1.3154478,-1.7797769,-1.7797769,-1.7955095,-1.7028915,-1.5627918,-1.9661096,-1.813912,-1.5366062,-1.3521641,-1.3521646,-1.3422993,-0.5958337,-1.6054492,-1.1066225,-1.1673673,-1.1185524,-1.2287276,-1.2287278,-1.2568005,-1.2833045,-1.2640973,-1.2308139
Clc1cc(c(Cl)c(Cl)c1Cl)c2cc(Cl)c(Cl)c(Cl)c2Cl,-9.16,-7.6365404,-5.819102,-5.636213,-5.636213,-5.642483,-5.945089,-5.6605244,-6.587552,-8.947664,-8.901523,-9.298999,-9.298997,-9.261069,-9.089382,-9.277804,-9.071025,-9.503261,-8.339949,-9.736376,-9.736376,-9.756626,-9.676768,-9.47081,-9.28223,-8.802974,-8.893484,-9.858462,-9.858463,-9.404555,-10.27106,-10.137042,-8.34699,-8.981384,-6.157643,-7.364914,-7.364914,-7.485798,-7.4775805,-7.5305896,-8.765425,-9.621912,-4.269543,-4.558756,-4.5587554,-4.572151,-4.4312854,-4.556145,-5.297811,-9.788216,-5.845422,-6.72786,-6.7278605,-6.7221,-9.887067,-6.3574686,-9.184246,-9.107897,-10.406264,-9.206044,-9.206044,-9.176028,-8.511231,-9.484299,-9.099828,-9.14044,-8.919179,-9.142314,-9.142313,-9.143769,-9.454657,-8.926115,-9.041494
c1ccc2c(c1)cc3ccc4cccc5ccc2c3c45,-8.699,-5.6971726,-3.3906019,-3.5357964,-3.535797,-3.5356438,-4.007142,-3.584718,-5.323641,-8.606333,-5.9490585,-6.935959,-6.93596,-6.85655,-7.2946653,-6.9501376,-6.7499537,-9.0520315,-4.911708,-5.3056736,-5.305674,-5.293646,-5.103632,-7.4830084,-7.46761,-8.014017,-7.1081834,-8.06256,-8.06256,-8.118433,-8.028671,-8.847621,-7.554477,-8.118853,-3.0309203,-3.8715138,-3.871514,-3.875839,-3.8363,-3.875535,-7.895175,-7.544763,-3.8623521,-4.2035065,-4.2035065,-4.2052264,-4.1491556,-4.165259,-4.736877,-8.388683,-7.262721,-8.07115,-8.07115,-8.027767,-8.430052,-7.753233,-7.5619955,-8.222766,-7.270282,-7.7375665,-7.737565,-7.726523,-6.6136255,-8.131644,-7.9816365,-8.7192745,-9.080662,-8.889599,-8.889597,-8.865999,-8.944741,-8.858274,-8.673782
CCOc2ccc1nc(sc1c2)S(N)(=O)=O ,-3.81,-3.3216825,-3.7303486,-3.6364837,-3.6364834,-3.6476812,-4.0635066,-3.7129626,-2.9514892,-4.122861,-3.5184987,-3.0060878,-3.0060885,-2.970957,-3.2658591,-3.041897,-3.018979,-3.6393158,-4.119704,-3.8675578,-3.8675575,-3.8745852,-3.8279753,-2.8689682,-2.799289,-3.2567966,-2.860068,-2.8014863,-2.801486,-3.0099537,-3.414376,-3.6758242,-2.7002106,-3.0020518,-3.3062515,-3.1134183,-3.1134183,-3.1764097,-3.4059558,-3.2215161,-2.9762313,-3.0730171,-4.1666894,-3.962333,-3.9623337,-3.7722425,-4.0263357,-3.8644383,-3.99381,-4.1333265,-3.1820045,-3.770034,-3.7700336,-3.6915991,-3.836752,-3.282655,-4.0504146,-3.4884849,-3.8385634,-3.0440881,-3.044088,-3.0150511,-2.2032819,-3.0227923,-3.084092,-3.724984,-3.936824,-3.907206,-3.9072068,-3.8951755,-4.0128984,-4.124935,-4.0460663
Cc1ccc(cc1)N(=O)=O,-2.49,-1.8822371,-2.322072,-2.1690288,-2.1690288,-2.1805363,-2.4444273,-2.2134514,-1.7689189,-2.1652675,-1.3492782,-1.5907204,-1.5907203,-1.5870439,-1.4999969,-1.5905318,-1.9305075,-2.7327998,-1.9101579,-2.039654,-2.0396543,-2.0472074,-1.9804698,-2.4522762,-2.4356759,-1.9061477,-2.0183332,-2.1233573,-2.1233563,-2.345427,-2.7792075,-3.0670152,-2.169464,-1.9643202,-1.8923137,-1.5640265,-1.5640265,-1.612452,-1.6983864,-1.5988746,-1.6941653,-2.5788445,-2.912352,-2.053652,-2.0536523,-2.117241,-2.0007415,-2.214493,-1.5473608,-2.3324554,-1.9052612,-2.5157008,-2.5157008,-2.4585435,-2.3459902,-2.1030395,-2.4506445,-2.288981,-2.4068174,-1.8909283,-1.8909285,-1.8782464,-1.300989,-2.3330042,-1.984432,-2.4141042,-2.331516,-2.4438365,-2.4438365,-2.4274378,-2.4441402,-2.4595006,-2.4874337
CCCCCCCC(C)O,-2.74,-3.5401497,-3.0334249,-2.8589263,-2.8589263,-2.8651488,-3.2137659,-2.9018211,-2.2958245,-3.3146057,-2.6636715,-3.29522,-3.2952206,-3.2505596,-3.4706497,-3.3122802,-2.69431,-2.894994,-2.8910122,-2.7455578,-2.7455573,-2.7517893,-2.63106,-2.9792528,-3.05589,-2.2836037,-3.146884,-3.7841222,-3.784122,-3.3214343,-3.6322274,-4.219643,-3.3295746,-4.2889547,-2.8433077,-2.7537234,-2.7537231,-2.818495,-2.9224312,-2.8549843,-2.7135515,-3.3623059,-3.608118,-3.4783676,-3.4783673,-3.2379596,-3.4739885,-3.2019196,-3.8714032,-3.0186174,-3.2722838,-3.542237,-3.5422375,-3.4846969,-2.8136654,-3.0931795,-2.7785723,-2.9847045,-3.3769193,-3.160991,-3.1609912,-2.9985611,-2.1340477,-2.9381099,-2.9663565,-2.7726138,-2.6542766,-2.7375162,-2.7375169,-2.7024395,-2.7354298,-2.8359454,-2.824043
CCOc1ccc(NC(N)=O)cc1,-2.17,-2.9824822,-3.1462593,-3.135164,-3.1351645,-3.1495652,-3.5637567,-3.2060137,-2.4890127,-2.2223158,-3.2147985,-1.7197078,-1.7197075,-1.6559879,-2.1836176,-1.7043979,-2.4757063,-2.148595,-2.8432722,-2.6487334,-2.6487336,-2.6553779,-2.6138618,-1.8866588,-1.9887755,-1.9829735,-1.6119201,-1.636466,-1.6364638,-2.076492,-2.2364419,-2.5710583,-1.7567234,-2.6665335,-2.696253,-2.5941792,-2.5941796,-2.6737986,-2.8467877,-2.7433913,-2.443517,-3.100901,-4.5153356,-3.9794385,-3.9794383,-3.9739392,-3.9110367,-4.061147,-4.0421724,-2.8999763,-2.4408891,-3.1255229,-3.1255229,-3.0539305,-2.7972302,-2.6701438,-2.9403565,-2.2163825,-3.1470742,-2.4099066,-2.4099069,-2.388128,-1.7515782,-2.2339725,-2.4909375,-2.150037,-2.179791,-2.2115743,-2.2115746,-2.1798277,-2.2680435,-2.2553208,-2.2457182
CCOC(C)OCC,-0.43,-2.5744603,-2.375413,-1.8296736,-1.8296738,-1.8284782,-1.9575955,-1.8241863,-1.1445177,-0.51638454,-1.4715149,-1.3116206,-1.3116206,-1.2864766,-1.4171846,-1.2805083,-1.8243163,-0.9675495,-1.7717977,-1.6891941,-1.6891941,-1.6930203,-1.5643574,-0.8568818,-1.0419786,-0.31776613,-0.55537456,-0.64381135,-0.6438097,-0.6819771,-1.0013213,-1.3407339,-0.6166701,-0.36829978,-1.9869025,-1.7992216,-1.799222,-1.7976567,-1.8802038,-1.7167952,-1.3374615,-1.0520089,-2.4503875,-2.5238452,-2.5238452,-2.3908627,-2.560949,-2.4098306,-2.5877378,-1.0203502,-1.0607017,-1.1137011,-1.1137013,-1.0875305,-0.7608852,-0.7996969,-0.77936167,-0.58545595,-2.2872746,-2.0290134,-2.0290134,-2.0865908,-1.1838969,-1.0500046,-1.7881132,-0.36770648,-0.51332635,-0.6328752,-0.6328753,-0.57425684,-0.5576344,-0.6965271,-0.7373986
CN(C)C(=O)Nc1cccc(c1)C(F)(F)F,-3.43,-3.187425,-3.6759143,-3.533165,-3.533165,-3.5400076,-3.872097,-3.5866528,-3.0760655,-3.0782456,-0.8839005,-1.9624932,-1.9624926,-1.8917068,-1.7520924,-1.9449708,-1.2217481,-3.4025865,-3.747715,-3.481924,-3.481924,-3.4815009,-3.5368292,-2.3792086,-2.304188,-3.133353,-3.131969,-3.6131961,-3.613195,-3.5767624,-4.020442,-4.43411,-3.5790737,-3.104902,-3.1992352,-2.9515386,-2.9515383,-2.998478,-3.1144135,-3.009988,-3.221592,-3.2174637,-3.6448169,-3.7978296,-3.7978299,-3.7472403,-3.79873,-3.7231958,-4.3333125,-3.179964,-2.9786527,-3.4094253,-3.409425,-3.360267,-2.9499555,-3.1264431,-3.2050254,-3.0728958,-2.8495724,-2.7760398,-2.7760396,-2.7333987,-1.6774247,-3.2484217,-2.4151917,-3.371779,-2.0755415,-1.9899248,-1.9899248,-1.9478991,-2.0517209,-2.1569486,-2.258312
Cc1c2ccccc2cc3ccccc13,-5.89,-3.0935533,-2.9397109,-2.8432665,-2.843267,-2.8463547,-3.160365,-2.8862987,-2.960283,-5.7606325,-4.42879,-5.267708,-5.2677083,-5.218557,-5.4792733,-5.286983,-5.068227,-6.2940063,-3.7589657,-3.8272195,-3.8272195,-3.829024,-3.7243059,-5.0448895,-4.987316,-5.7597933,-4.9396973,-5.167699,-5.167697,-5.330251,-5.410899,-6.226448,-5.3045025,-5.503987,-3.7390358,-3.0793934,-3.0793936,-3.2067845,-3.0584598,-3.1341183,-4.6521745,-5.853769,-3.3017077,-3.650829,-3.6508286,-3.6310859,-3.6294425,-3.6314378,-4.4396586,-6.0644403,-6.105811,-6.5915647,-6.591564,-6.557647,-6.5236607,-6.3646717,-5.605224,-5.6444426,-5.3741803,-5.176635,-5.1766367,-5.1669755,-3.927276,-5.784709,-5.0715246,-5.9416847,-6.0064306,-5.9773693,-5.97737,-5.96919,-5.9601283,-5.9948306,-5.970014
ClC(Cl)=C(c1ccc(Cl)cc1)c2ccc(Cl)cc2,-6.9,-4.5695534,-4.9512076,-4.4737387,-4.4737387,-4.4623075,-4.78602,-4.4697733,-3.9544528,-6.996291,-7.0950894,-6.82823,-6.828228,-6.799748,-7.00847,-6.81546,-6.4074183,-7.0376678,-5.0258765,-5.05199,-5.0519896,-5.072732,-5.257701,-5.8616657,-5.458603,-6.6670294,-5.8722906,-6.1862183,-6.186218,-6.554532,-6.6600714,-6.9983344,-5.820738,-6.6938767,-5.5795164,-6.5340037,-6.534003,-6.458088,-6.721704,-6.349562,-7.249093,-7.3513885,-4.1244936,-4.8441315,-4.8441315,-4.831926,-4.6930647,-4.9367533,-5.2355056,-7.316574,-4.199622,-4.7929573,-4.7929564,-4.7335377,-6.02584,-4.474321,-6.0864,-6.6699944,-6.964862,-6.333384,-6.333383,-6.341949,-5.3200817,-6.6282763,-6.4829974,-6.803363,-7.0787535,-7.2149014,-7.214902,-7.2182384,-7.1586623,-6.999495,-7.0124826
CC1CC2C3CCC4=CC(=O)C=CC4(C)C3(F)C(O)CC2(C)C1(O)C(=O)CO,-3.59,-4.490313,-5.2316203,-4.8568006,-4.8568006,-4.8492656,-5.201713,-4.865636,-4.3278904,-4.1761293,-3.8092494,-3.08973,-3.08973,-3.0625517,-3.4417796,-3.1098833,-3.5833983,-3.9351146,-3.054439,-2.857686,-2.8576858,-2.835384,-2.7901387,-3.8200233,-3.4478347,-3.6862068,-3.4550035,-3.6809185,-3.680917,-3.8612354,-3.7870066,-4.127171,-3.86482,-4.3609343,-4.7721815,-4.7238665,-4.723866,-4.7312403,-4.8322105,-4.8071,-4.173273,-4.213916,-4.527724,-4.550823,-4.5508237,-4.390378,-4.371648,-4.4159436,-4.838025,-4.0831633,-3.4311476,-3.967459,-3.9674592,-4.050347,-4.629076,-3.7535076,-4.2956276,-3.5714188,-4.0545897,-3.57525,-3.5752501,-3.5320604,-2.5373366,-3.1625829,-3.2960432,-3.767774,-3.59698,-3.5650268,-3.5650272,-3.4917767,-3.747731,-3.870087,-3.4452581
c1ccccc1n2ncc(N)c(Br)c2(=O),-3.127,-2.8277411,-3.4956117,-3.2652502,-3.2652507,-3.274065,-3.6000915,-3.3351114,-2.6426976,-3.76805,-4.008548,-3.3513253,-3.3513255,-3.3225157,-3.3574724,-3.3959863,-3.596473,-3.1714575,-3.9106097,-3.6972702,-3.6972702,-3.706317,-3.743953,-3.6279593,-3.242085,-2.9562974,-3.3939269,-3.6270072,-3.627007,-3.8434374,-4.3008885,-4.46425,-3.4512742,-3.1056876,-2.837423,-2.8185124,-2.8185122,-2.8903232,-2.975993,-2.953816,-3.0098953,-2.6480327,-3.3033404,-3.0425606,-3.0425606,-3.0301044,-3.1136198,-3.1216033,-3.201095,-2.4313693,-2.4846044,-3.0202816,-3.020282,-2.9613998,-2.9244528,-2.6058471,-2.826981,-3.2649784,-3.926806,-3.5468957,-3.5468965,-3.57895,-2.9222443,-3.6778736,-4.018106,-3.1538808,-1.9211103,-2.6369693,-2.6369698,-2.6036308,-2.707445,-2.9918082,-2.2235913
Cc1c(C)c2c3ccccc3ccc2c4ccccc14,-7.01,-3.6921806,-3.8023086,-3.6352196,-3.6352196,-3.6363554,-3.9660945,-3.6822362,-3.534523,-7.158006,-5.136083,-5.719597,-5.7195973,-5.6902413,-6.2292757,-5.725929,-5.484749,-7.4193907,-4.986322,-5.267831,-5.267832,-5.2496862,-5.2280083,-6.412789,-6.399774,-6.606202,-6.436662,-6.785234,-6.7852325,-6.9354043,-6.887725,-7.727979,-6.5342665,-6.721549,-3.2586105,-3.2374315,-3.2374318,-3.2297847,-3.328451,-3.186812,-3.6501555,-6.092546,-3.838119,-4.301154,-4.301154,-4.301672,-4.231738,-4.2555513,-4.7941117,-7.718272,-6.765007,-7.5128465,-7.5128465,-7.4773526,-8.009617,-7.201398,-7.7309246,-6.3143167,-5.6671085,-5.717919,-5.7179193,-5.6910744,-4.152422,-6.215861,-5.183537,-7.0475717,-6.653305,-7.1247044,-7.1247015,-6.9725575,-7.0611415,-6.826636,-7.006165
CC1(C)C(C(=O)OC(C#N)c2cccc(Oc3ccccc3)c2)C1(C)C,-6.025,-5.106564,-5.989123,-5.5180087,-5.518009,-5.523381,-5.798949,-5.544427,-4.350349,-5.4185176,-4.853171,-4.0955505,-4.0955496,-4.017561,-4.6164465,-4.105578,-5.1883655,-6.139032,-5.2514167,-5.3905334,-5.3905325,-5.653532,-5.8886204,-6.094138,-5.761559,-6.1085086,-5.423127,-5.686047,-5.6860466,-5.648207,-5.4184275,-6.149838,-6.0433145,-5.8126535,-6.075255,-5.9010067,-5.901007,-5.9257107,-5.996233,-6.117005,-5.3547363,-6.3786755,-5.3397775,-4.756482,-4.756481,-4.791895,-4.71752,-5.110468,-4.811356,-6.4337053,-5.224848,-5.5122657,-5.512265,-5.5577474,-5.6507645,-5.295398,-4.926778,-5.329335,-5.293598,-4.6652117,-4.665212,-4.630717,-3.5591488,-4.5937004,-4.622834,-6.197951,-5.965623,-6.118384,-6.118384,-6.1567636,-6.413006,-6.052107,-6.1199083
Clc1ccccc1,-2.38,-0.83460295,-2.0080771,-1.7678559,-1.767856,-1.7768115,-1.9595579,-1.7928386,-1.0235494,-1.5925434,-1.6717129,-1.4508111,-1.4508106,-1.4546949,-1.443309,-1.4335688,-1.6308877,-2.5932689,-1.5147729,-1.5988704,-1.5988703,-1.6017871,-1.5742904,-1.9826714,-1.7216076,-1.3611765,-2.0181115,-2.1180112,-2.1180096,-2.3480544,-2.6900802,-3.0996387,-1.97614,-2.4496586,-2.0775502,-2.0888438,-2.0888433,-2.0580065,-2.1634097,-2.110362,-1.6755611,-1.9607006,-2.2410827,-2.3619096,-2.3619096,-2.3226037,-2.3398368,-2.5434477,-2.3835561,-2.833324,-2.385992,-2.4275749,-2.4275749,-2.4152277,-3.119084,-2.3127477,-2.8934758,-2.2730699,-2.5498104,-2.343985,-2.343985,-2.334055,-2.112265,-2.3071735,-2.0820713,-2.6484332,-2.6832216,-2.7322662,-2.732267,-2.716875,-2.674053,-2.7044008,-2.4740803
CN(C)C(=O)C,1.11,-1.6215913,-1.8488495,-1.306793,-1.306793,-1.3022417,-1.3577954,-1.2910031,-0.8689078,0.76412743,-0.87240845,-0.14007822,-0.1400777,-0.14811894,-0.37764904,-0.11013168,-1.1427596,0.93302023,-1.3752854,-1.3711959,-1.3711958,-1.3744171,-1.3397325,-0.9008906,-1.0487025,0.7511202,-0.55486137,-0.15102407,-0.15102363,-0.42122495,-0.79533416,-0.95773625,-0.75649786,1.0384761,-1.6409663,-1.802724,-1.8027236,-1.7566401,-1.828796,-1.7448695,-0.6909931,-0.33463153,-1.6772192,-1.4729086,-1.4729087,-1.4854211,-1.4741879,-1.5138719,-1.0760316,0.56081414,-0.78152514,-0.79268926,-0.79268944,-0.7663759,0.30706972,-0.50283766,-0.30411085,0.53448766,-1.2804703,-0.975942,-0.9759418,-0.9781567,-0.6419434,-0.8453446,-1.224284,-0.20513634,-0.3347109,-0.15864424,-0.1586443,-0.14798777,-0.06885803,-0.31788385,-0.078432254
COc2ncc1nccnc1n2,-1.11,-2.5332768,-2.4834418,-2.381883,-2.3818831,-2.3905697,-2.6871324,-2.4250493,-2.19217,-1.2908871,-2.3133364,-1.0858252,-1.0858252,-1.0679964,-1.3437068,-1.0893458,-1.762631,-1.1085564,-1.8053423,-1.7362494,-1.7362493,-1.7395945,-1.6375699,-1.035572,-1.3511009,-0.52318794,-0.7407592,-0.9961374,-0.9961373,-1.5782194,-1.4318255,-1.9355472,-0.7730926,-1.4077284,-2.1418035,-2.4734008,-2.4734006,-2.5327616,-2.556867,-2.5599816,-2.1864007,-0.68008894,-3.1599965,-2.7670524,-2.7670522,-2.7317824,-2.7883248,-2.8323486,-2.9672198,-0.723905,-1.3546813,-2.0278618,-2.0278616,-1.981663,-2.2232795,-1.7063093,-1.894826,-1.158685,-2.290416,-1.9512898,-1.9512901,-1.9633754,-1.1831739,-1.881451,-1.9536306,-1.0616329,-1.1162304,-1.1675891,-1.1675886,-1.1008795,-1.1317236,-1.2924783,-1.1714854
c3ccc2c(O)c1ccccc1cc2c3 ,-4.73,-3.9765515,-2.8148751,-2.8579307,-2.8579307,-2.8595004,-3.2264714,-2.896054,-3.5348365,-4.216849,-4.0974813,-4.221179,-4.2211776,-4.1835504,-4.298081,-4.234768,-4.472342,-4.431155,-3.3239775,-3.4335513,-3.4335518,-3.4385376,-3.2856207,-4.108364,-4.1280546,-4.3751593,-4.6382656,-4.9629364,-4.9629354,-5.173307,-5.306323,-5.9637685,-4.839659,-4.262228,-2.4512968,-3.1822686,-3.1822689,-3.1967106,-3.1263235,-3.2114277,-5.0400767,-3.6065662,-3.3408704,-3.6598034,-3.6598039,-3.636128,-3.6340168,-3.6400719,-4.4373417,-3.3537288,-2.6038609,-3.4263566,-3.4263568,-3.348152,-2.908084,-2.9269137,-2.5570276,-5.03028,-5.000044,-4.945952,-4.9459534,-4.9610367,-4.21883,-4.9338746,-4.735656,-4.711475,-4.5229206,-4.7159557,-4.7159543,-4.661124,-4.668639,-4.631973,-4.839333
CCC(C)C,-3.18,-1.3796517,-1.6711005,-0.9854664,-0.9854665,-0.98652667,-1.1283216,-0.978385,-0.6101662,-3.1056519,-1.1769652,-1.5136352,-1.5136353,-1.5092117,-1.5041435,-1.5109563,-1.5995812,-3.664573,-1.426808,-1.5399655,-1.5399655,-1.5424619,-1.4649017,-2.089593,-1.9316065,-2.1163783,-1.5687023,-1.9276843,-1.9276835,-1.9315978,-2.219923,-2.7945058,-1.7110783,-2.994339,-1.6493939,-1.3943197,-1.3943193,-1.4054431,-1.4192892,-1.8411732,-1.0678921,-0.69834894,-1.6771588,-1.5168396,-1.5168397,-1.5279571,-1.4912727,-1.5608327,-1.0457855,-3.3211884,-3.4999049,-3.0995467,-3.099547,-3.1125062,-3.17917,-3.112945,-2.6356971,-3.4009113,-2.2912717,-2.2166924,-2.216693,-2.2252607,-1.6472745,-2.5484548,-1.9696848,-2.0411143,-2.2071178,-2.2423577,-2.2423575,-2.2336092,-2.2346156,-2.2629786,-2.0116315
CCOC=C,-0.85,-0.83025616,-1.5717597,-1.2802393,-1.2802396,-1.2949699,-1.4838773,-1.3094009,-0.5611195,-0.090086184,-0.8887432,0.16508158,0.16508138,0.16516918,0.0013215654,0.1663948,-0.8397201,-0.108924285,-1.0463872,-0.96047384,-0.96047384,-0.9629012,-0.87276185,0.083036415,-0.02142755,0.5590679,-0.31743944,-0.04926113,-0.04926014,-0.36439088,-0.47942513,-0.8937765,-0.5045955,-0.8157897,-1.7233822,-1.7072803,-1.7072805,-1.80519,-1.6983806,-1.8794417,-0.7955715,-0.35632157,-1.8269672,-1.1729757,-1.1729755,-1.2092117,-1.2771931,-1.3061901,-0.850756,-0.6141668,0.08827112,-0.39079675,-0.39079672,-0.36746097,-1.2637644,-0.12212728,-0.83042026,-0.5898673,-0.7126483,-0.5351372,-0.5351375,-0.52136457,-0.23122633,-0.66167116,-0.50538975,-0.5752253,-0.27049285,-0.32310516,-0.3231051,-0.26997122,-0.2737684,-0.29879922,-0.4749474
Cc1ccc2cc3ccccc3cc2c1,-6.96,-3.923439,-2.8983145,-2.9734576,-2.9734578,-2.9843583,-3.4092426,-3.036522,-3.275712,-6.0325923,-4.516771,-4.9835873,-4.983588,-4.9223695,-5.22679,-5.014999,-4.762384,-7.4163423,-3.6170197,-3.7841444,-3.784144,-3.7820213,-3.6036503,-5.5365,-5.5813,-5.705373,-4.758768,-5.268015,-5.268016,-5.490723,-5.416179,-6.387381,-4.9889684,-6.604585,-2.5807507,-2.558507,-2.558508,-2.6249788,-2.6392045,-2.6477532,-2.907123,-6.4013343,-3.8955235,-4.181058,-4.181058,-4.1726923,-4.126777,-4.096759,-4.8602953,-7.0022554,-6.4866586,-7.361775,-7.361776,-7.3150496,-7.335126,-7.059813,-6.2155347,-5.9102373,-4.887883,-4.4269648,-4.4269643,-4.4570503,-3.4601722,-5.4828143,-4.1035757,-7.00735,-7.3409085,-7.2139835,-7.2139826,-7.3088837,-7.743096,-7.442291,-6.8578796
O=N(=O)c1cccc(c1)N(=O)=O,-2.29,-3.296257,-2.6135097,-2.6082232,-2.6082234,-2.6118953,-2.942537,-2.6447473,-2.8561335,-2.7958384,-1.4085879,-2.5753717,-2.5753722,-2.5888503,-2.4944217,-2.557717,-1.8916351,-2.6338055,-2.2004478,-2.283354,-2.283354,-2.2915835,-2.2819784,-2.2044349,-2.2862113,-2.3618672,-2.2055252,-2.5010355,-2.501034,-2.8552592,-3.1054795,-3.5876298,-2.32379,-2.7566664,-2.6390443,-2.4474308,-2.447431,-2.2575169,-2.8203962,-2.105143,-2.7501638,-2.0927396,-2.4647608,-2.6681366,-2.6681364,-2.643894,-2.630501,-2.6825922,-2.5065746,-3.0465782,-2.0672812,-2.7287,-2.7287002,-2.648597,-2.9934146,-2.264654,-3.206193,-2.3782318,-2.8304324,-2.1794744,-2.1794744,-2.1940773,-1.9185407,-2.6918356,-2.1647687,-2.2317486,-3.0538979,-2.801512,-2.8015122,-2.83161,-2.9995048,-3.0031683,-2.5319004
C1CCCC1,-2.64,-1.8173935,-1.4632094,-0.72531587,-0.72531575,-0.7109315,-0.8888849,-0.662617,-0.80921245,-2.3596663,-0.845921,-1.7656143,-1.7656143,-1.7662643,-1.7074677,-1.7774417,-1.1414751,-2.843197,-1.3165035,-1.3535517,-1.353552,-1.356266,-1.3501666,-1.7153964,-1.6256298,-1.2699097,-1.6854538,-2.0855248,-2.085525,-2.145645,-2.325779,-3.194635,-1.7666752,-2.4345233,-1.4387592,-1.103753,-1.1037529,-1.0974978,-1.1811236,-1.0364125,-0.6756254,-2.3311408,-1.5591576,-1.4119278,-1.4119279,-1.4243612,-1.3927755,-1.4564153,-1.1206428,-2.8561606,-2.9488654,-2.3064754,-2.3064752,-2.3229783,-2.8665373,-2.361624,-2.2525473,-2.459766,-2.4547544,-2.5587006,-2.5587008,-2.5466928,-1.9559962,-3.052958,-2.0693502,-1.9183085,-1.4675025,-1.539308,-1.5393082,-1.4664589,-1.6305666,-1.3104426,-2.2925794
CC(C)c1ccc(NC(=O)N(C)C)cc1,-3.536,-4.2004952,-3.6461272,-3.4763343,-3.476334,-3.4886856,-3.8651495,-3.5611153,-2.5793736,-3.9868622,-4.3471637,-3.3768356,-3.3768373,-3.2600164,-3.7358797,-3.3866634,-3.4706154,-2.9741833,-3.8269482,-3.6171284,-3.6171284,-3.5947833,-3.5268788,-2.6213996,-2.4818993,-3.150002,-2.6206815,-3.00833,-3.00833,-3.1504996,-3.2705047,-3.8861084,-2.9487255,-3.9420166,-3.5818942,-3.440397,-3.4403973,-3.5320864,-3.6378822,-3.640729,-3.4773054,-3.815532,-3.9880059,-3.6365354,-3.636535,-3.6602328,-3.7079458,-3.755747,-3.4007308,-3.3468661,-4.233562,-4.470558,-4.4705586,-4.5112557,-4.1558,-4.2041683,-3.7934682,-2.9771218,-3.6705294,-3.4296212,-3.429622,-3.4514844,-2.5596623,-3.1327336,-3.23672,-3.0215237,-2.954876,-3.116975,-3.116976,-3.04654,-3.1124442,-3.0414135,-3.1249306
CC(=C)C(=C)C,-2.4,-2.2952592,-2.0063689,-1.371567,-1.371567,-1.3689059,-1.4230665,-1.3603511,-0.74426234,-1.6121733,-1.5230803,-1.1752205,-1.1752201,-1.1806618,-1.3787116,-1.1442971,-1.8666258,-2.097439,-1.494071,-1.5069625,-1.5069625,-1.5107208,-1.4607772,-1.1222111,-1.1802337,-1.3908705,-0.7682912,-1.0314977,-1.0314987,-1.2817166,-1.4791063,-1.949871,-1.1409864,-2.1462114,-3.5071995,-1.9195038,-1.9195044,-2.11212,-2.1914942,-2.2325077,-1.845869,-1.8932244,-1.8112192,-1.7049729,-1.704973,-1.7120861,-1.696903,-1.7115268,-1.3081975,-2.6236527,-3.6167219,-3.3268383,-3.3268383,-3.3308604,-3.034956,-3.3155866,-2.7342887,-2.2487235,-1.856472,-1.6180168,-1.6180174,-1.6216697,-1.1588699,-1.752292,-1.8039625,-2.460504,-3.137456,-3.303128,-3.3031278,-3.1834927,-3.3465478,-2.925188,-2.905603
c1ccccc1C(O)c2ccccc2,-2.55,-2.482778,-2.9947624,-2.702432,-2.7024322,-2.7039683,-3.0181155,-2.713838,-2.1219115,-3.18125,-3.6157682,-3.386336,-3.3863366,-3.3392167,-3.4781837,-3.3875945,-3.6118698,-2.779924,-3.1869316,-2.955035,-2.9550352,-2.9665432,-2.9543512,-2.5075412,-2.5037024,-2.3943515,-3.0801036,-2.9354675,-2.9354663,-3.1816518,-3.524106,-3.8126602,-2.9445963,-2.4444003,-3.0950134,-3.0903263,-3.0903258,-3.1252165,-3.105775,-3.1456628,-2.806093,-3.10474,-3.9362552,-4.31906,-4.31906,-4.346494,-4.1721797,-4.372576,-4.087885,-3.225409,-2.3004405,-2.6414316,-2.6414316,-2.613718,-2.655271,-2.3138888,-2.6038258,-2.9821942,-3.3954864,-2.9754155,-2.9754157,-2.9672318,-1.9580064,-2.6631029,-2.6180363,-2.4924436,-3.3956766,-3.7854693,-3.7854695,-3.7682564,-3.5897076,-4.081445,-4.4887986
Oc1cc(Cl)c(Cl)c(Cl)c1Cl,-3.15,-3.780601,-2.9857168,-3.0737858,-3.0737853,-3.0640657,-3.424719,-3.0830193,-4.064983,-3.7499413,-3.0659575,-3.9832895,-3.9832892,-3.9948733,-3.9737473,-3.955683,-4.232245,-3.0355966,-3.1868258,-3.1896884,-3.1896892,-3.2008686,-3.188915,-4.03557,-3.627074,-2.456248,-4.036686,-4.4514446,-4.451443,-4.7542353,-4.904196,-5.3009343,-3.9570694,-3.4408112,-2.2709758,-2.9289289,-2.9289286,-2.8536553,-3.0487347,-2.8187447,-3.3934956,-3.2045493,-2.946851,-3.0777376,-3.0777378,-3.0921564,-3.0830321,-3.1612701,-2.8316782,-2.8750482,-0.40579364,-1.1876229,-1.187623,-1.1373925,-1.4005338,-0.82259303,-1.1411946,-2.9545038,-3.849802,-3.473924,-3.4739234,-3.473118,-3.1213748,-3.8535824,-3.336407,-3.1340344,-3.3108392,-3.2877696,-3.2877698,-3.2657335,-3.3021443,-3.3748152,-3.2821484
OCc1ccccc1,-0.4,-1.294192,-2.1257558,-1.7100759,-1.7100757,-1.7205237,-1.8389457,-1.7352674,-0.9417202,-0.9437586,-1.5173919,-0.9884039,-0.98840314,-0.9890172,-1.0663911,-0.96809727,-1.6270486,-0.508132,-1.4218705,-1.3853012,-1.3853011,-1.3882763,-1.2798084,-0.18519725,-0.2733841,0.7065855,-1.2551475,-1.1655873,-1.1655877,-1.3784637,-1.7063496,-2.034827,-1.3018233,-0.027212601,-1.8050193,-1.4251766,-1.4251769,-1.4301229,-1.5042764,-1.8800145,-1.0769782,-1.4416825,-2.112578,-2.122516,-2.122516,-2.1244576,-2.1170554,-2.1340153,-1.5971789,-0.4274057,-1.081356,-1.3855497,-1.3855498,-1.345305,-0.6788116,-1.0293479,-0.96638376,-0.11690794,0.6587116,0.75196815,0.7519681,0.7360533,1.35722,0.19128762,0.45272583,-0.35311443,-0.8182237,-0.79830116,-0.79830116,-0.89754945,-0.6402872,-1.1609857,-0.62410176
C1c2ccccc2c3ccc4ccccc4c13,-6.68,-4.6939406,-3.0912778,-3.1933384,-3.1933389,-3.20154,-3.6463203,-3.256165,-3.8978,-7.3027062,-5.233367,-5.948395,-5.9483957,-5.895949,-6.234369,-5.977258,-5.677223,-7.077156,-3.859935,-3.818499,-3.818499,-3.8199487,-3.7724373,-5.246374,-5.1283135,-6.438611,-5.9749713,-6.1573596,-6.15736,-6.07093,-6.4925647,-6.912678,-6.0539937,-6.279327,-2.7927368,-3.462728,-3.4627278,-3.506817,-3.4357526,-3.5381675,-6.473112,-6.386233,-3.9063349,-4.3604546,-4.360455,-4.354395,-4.278351,-4.2653475,-5.1124644,-7.3660803,-6.8256607,-7.7048893,-7.704891,-7.665374,-8.122737,-7.418739,-6.69682,-6.733992,-6.571083,-6.1981153,-6.198117,-6.1810637,-5.0576057,-7.2983747,-6.4376354,-6.656274,-6.5046988,-6.6908107,-6.690811,-6.615295,-6.676828,-6.5435734,-6.7718334
CC34CCC1C(=CCc2cc(O)ccc12)C3CCC4=O,-5.282,-3.6739013,-3.8311214,-3.5734093,-3.5734093,-3.5783477,-3.9248424,-3.6264846,-3.294878,-4.7262354,-4.294944,-4.3552656,-4.355265,-4.283035,-4.6191754,-4.4022536,-4.5436335,-5.0756617,-4.382717,-4.2435,-4.2434998,-4.220113,-4.411522,-4.363223,-4.373672,-4.448356,-4.182866,-4.15301,-4.1530085,-3.5433526,-3.848816,-4.479606,-4.0961375,-4.3749123,-3.4884,-3.411035,-3.411035,-3.4409304,-3.576689,-3.4682298,-3.3174224,-4.681649,-4.021859,-3.205357,-3.205357,-3.2325213,-3.119062,-3.4370358,-3.015972,-5.1890903,-3.8238444,-4.5055456,-4.5055456,-4.5038958,-4.210984,-4.1582036,-4.0802326,-4.303817,-5.0460796,-4.83037,-4.83037,-4.8573866,-3.5982716,-4.3794255,-4.51295,-5.295782,-4.3369284,-4.4094257,-4.4094253,-4.158033,-4.350667,-4.068564,-4.7236924
CBr,-0.79,-0.6223606,0.052660614,0.7187453,0.71874535,0.727183,0.17494228,0.6639072,0.7261855,-0.42848545,0.30043975,-0.8071729,-0.80717325,-0.80687964,-0.75155,-0.781529,-0.0019543637,-0.60432345,-1.119686,-1.0860318,-1.0860319,-1.0867336,-1.0037903,-1.4366618,-1.3749012,0.35872784,-0.44918707,-0.22764438,-0.22764495,-0.5478525,-0.8116414,-1.1840912,-0.5144366,-0.633142,-1.5464885,-1.4783739,-1.4783736,-1.5226744,-1.1470053,-1.5250887,-1.3989252,-0.6674712,-0.9685399,-0.50579417,-0.50579417,-0.5446489,-0.5676281,-0.5761833,-1.1133691,-1.0641032,-1.2660748,-1.0900091,-1.090009,-1.0916566,-1.1142446,-0.9594576,-1.1732254,-0.6457773,-0.88257396,-0.75368667,-0.75368613,-0.7420774,-0.5438616,-1.0453364,-0.7425262,-1.1900222,-1.4600424,-1.5650513,-1.5650511,-1.5492066,-1.5636156,-1.4643238,-1.0549841
Clc1ccc(cc1Cl)c2cc(Cl)c(Cl)c(Cl)c2Cl ,-7.82,-5.435975,-5.0424433,-4.789927,-4.789927,-4.797386,-5.1534944,-4.8568735,-4.629801,-7.553777,-7.7533636,-7.7612534,-7.761252,-7.724217,-7.6626,-7.761415,-7.7015815,-8.088307,-6.4992633,-7.0934587,-7.0934587,-7.1167955,-7.063183,-8.428142,-8.1052265,-7.7983537,-7.4516683,-8.214259,-8.214259,-8.2008705,-8.51584,-8.799509,-7.570388,-7.4615545,-3.7789156,-4.025504,-4.0255046,-4.07362,-4.171835,-4.175957,-6.3462114,-8.004559,-4.1876445,-4.391235,-4.3912344,-4.399682,-4.2675457,-4.4301987,-5.12196,-8.433586,-5.527047,-6.3563323,-6.356333,-6.3560085,-9.221229,-6.0479774,-8.76652,-7.4696374,-8.296414,-7.515902,-7.515901,-7.5011806,-6.8529134,-7.615083,-7.6661606,-7.78654,-8.1244755,-8.103551,-8.103549,-8.090155,-8.2745285,-7.9663215,-7.9213834
COP(=S)(OC)Oc1cc(Cl)c(Cl)cc1Cl,-5.72,-4.398022,-4.2709403,-3.9638374,-3.9638374,-3.942486,-4.269236,-3.831627,-3.7250755,-5.298455,-4.4658027,-4.667614,-4.667613,-4.6498084,-4.6028047,-4.6540575,-4.519243,-5.6849165,-4.738436,-4.30704,-4.30704,-4.351309,-4.377684,-4.244154,-4.133533,-5.747303,-5.101468,-5.4261227,-5.4261217,-5.853272,-5.6984825,-6.2987924,-5.4297805,-4.902169,-3.5750792,-3.6397333,-3.6397338,-3.6347005,-3.7227857,-3.5812974,-4.4570622,-4.3503237,-3.3797696,-3.7756493,-3.7756493,-3.706389,-3.766174,-3.7350373,-4.4593444,-5.2064657,-2.5118515,-2.96642,-2.9664202,-2.9512336,-2.6167617,-2.7160194,-2.4883513,-5.242944,-5.124096,-5.018499,-5.018499,-5.0536957,-3.9509203,-5.4204054,-5.139415,-5.7910476,-5.6612263,-5.9327593,-5.9327593,-5.9802895,-6.1097345,-6.005824,-5.8482537
NC(=S)N,0.32,0.112699926,-1.7322433,-1.3839121,-1.3839121,-1.3853992,-1.4172641,-1.3821825,-0.24808027,0.38938928,-0.11777528,0.5190653,0.5190663,0.51684654,0.32815486,0.53431076,-0.21366203,0.9049503,-0.9004447,-0.8379814,-0.83798134,-0.83855796,-0.76847076,0.42376894,0.07305212,1.6551056,-0.2683223,0.14923796,0.14923912,-0.21315593,-0.37326613,-0.67366326,-0.42540815,0.49570853,-2.1307223,-1.2095819,-1.2095816,-1.194583,-1.1465706,-1.1681434,-0.29723457,0.39455432,-1.3543164,-1.0200158,-1.0200158,-1.0548011,-0.9585037,-1.0684783,-0.6672196,-0.03900029,0.20487489,0.38130885,0.38130865,0.40038228,0.5566582,0.54281896,0.2741331,0.4029587,-0.37072805,-0.25976416,-0.25976393,-0.24448279,-0.112163655,-0.36232087,-0.36655182,0.3179284,-0.07351769,0.078033045,0.07803308,0.030911809,0.12035519,-0.22079659,0.16239247
Cc1ccc(cc1N(=O)=O)N(=O)=O,-2.82,-2.9935899,-2.8207936,-2.7053435,-2.7053435,-2.7073908,-2.9819684,-2.7386422,-2.7928905,-3.0441718,-1.6256629,-2.6449802,-2.64498,-2.6437147,-2.446375,-2.6653345,-2.5580394,-2.8131263,-2.605443,-2.6611657,-2.6611657,-2.6742427,-2.652809,-2.7164986,-2.820276,-2.676532,-2.3290343,-2.6143415,-2.6143415,-2.9583275,-3.2540023,-3.6825395,-2.4663477,-2.8146663,-2.2031486,-2.043909,-2.043909,-2.062911,-2.2213926,-2.0204997,-2.4509275,-2.073629,-2.4709144,-2.4743216,-2.4743216,-2.340396,-2.5133739,-2.3237894,-2.5237656,-2.7934797,-2.267654,-2.9621696,-2.9621696,-2.880733,-3.3069568,-2.4857862,-3.6144881,-2.6315804,-3.5640092,-2.8993132,-2.8993132,-2.9081244,-2.3111546,-3.0793893,-3.0000448,-2.7954526,-2.8226945,-2.9173,-2.9173005,-2.9144156,-3.013314,-2.9337637,-2.9168918
Nc1nccs1 ,-0.36,-0.11125989,-1.861732,-1.5696586,-1.5696588,-1.5698477,-1.6380693,-1.5693059,-0.49821734,-0.26298714,-0.81560713,-0.029236794,-0.029236417,-0.032807566,-0.07171402,-0.01786572,-0.3566377,-0.03399248,-1.1182041,-1.1379775,-1.1379775,-1.1401645,-1.097058,-0.59421796,-0.77773786,0.56332296,-0.66421646,-0.70200574,-0.70200616,-1.0532401,-1.1851702,-1.7295891,-0.8077151,-0.13465583,-1.681138,-1.5973114,-1.5973114,-1.6638064,-1.6025294,-1.7595398,-0.3284602,-0.82777995,-2.0321593,-1.9288906,-1.9288905,-1.9517208,-1.9014069,-1.9526641,-1.0258646,-0.24849609,-0.25786832,-0.3494346,-0.34943464,-0.32710087,-0.3294654,-0.10511242,-0.3047558,-0.53957945,-0.6275275,-0.52124983,-0.52124983,-0.5142505,-0.46319506,-0.48914763,-0.52153677,-0.3404166,0.94884884,1.2976247,1.2976248,1.2247752,1.334826,0.9840521,0.9051357
CC12CCC(CC1)C(C)(C)O2 ,-1.64,-1.9059776,-2.1842813,-2.2873309,-2.2873306,-2.2672935,-2.759091,-2.1997323,-0.9993793,-2.4403594,-2.254366,-3.2455943,-3.245594,-3.2376935,-3.2122884,-3.2563155,-2.5249848,-2.1584735,-3.2749178,-3.2728999,-3.2729003,-3.2816548,-3.1989212,-3.727029,-3.4384856,-1.3938723,-3.0848339,-3.294376,-3.294376,-2.9795973,-3.6121042,-3.8566296,-2.887447,-1.7767042,-2.7284076,-2.948206,-2.9482057,-2.9254072,-3.1385586,-2.9837275,-1.4660884,-1.4407076,-2.2213287,-2.3397024,-2.3397021,-2.3270717,-2.3393188,-2.3464296,-2.1240547,-1.904246,-1.5123986,-1.4568605,-1.4568607,-1.4222081,-1.8761449,-1.1312478,-1.4230821,-2.3829865,-4.5572405,-4.638216,-4.638218,-4.6375003,-3.667624,-3.9863942,-3.9552116,-1.6611754,-1.3607568,-1.4136602,-1.4136603,-1.3763314,-1.3825719,-1.4629924,-1.5141131
CCOP(=S)(OCC)Oc1cc(C)nc(n1)C(C)C,-3.64,-3.724903,-4.710884,-4.436232,-4.4362326,-4.4318104,-4.702587,-4.413045,-3.6230605,-4.118303,-3.511002,-3.1041286,-3.1041286,-3.043907,-3.5109832,-3.1232626,-3.3861802,-3.3904762,-4.703613,-4.479096,-4.479096,-4.421878,-4.518835,-4.34095,-4.259443,-4.035438,-4.5750804,-4.550011,-4.5500097,-4.1690235,-4.64893,-5.0512214,-4.00375,-4.2036586,-4.8884673,-4.559871,-4.559872,-4.519922,-4.6785383,-4.4508195,-3.520747,-4.344155,-4.392155,-4.723406,-4.7234054,-4.623698,-4.6832213,-4.3880997,-4.578904,-3.6831207,-4.389349,-4.5175376,-4.517537,-4.513945,-4.125994,-4.208131,-4.013786,-3.414386,-4.571398,-4.1266026,-4.126603,-4.11265,-3.2902765,-3.6292338,-3.920541,-3.5802054,-3.6596813,-3.7031767,-3.7031772,-3.5730479,-3.7059424,-4.1981874,-3.8387346
Cc1ccc(C)c(C)c1,-3.31,-1.7482193,-2.2959874,-1.9278574,-1.927857,-1.9289268,-2.06015,-1.9438651,-1.4138993,-2.9999444,-2.1086905,-2.7111466,-2.711147,-2.7009676,-2.6776927,-2.6998653,-2.7445068,-3.610958,-2.1043837,-2.2067435,-2.2067437,-2.2127585,-2.144584,-2.655382,-2.6984618,-2.104837,-2.123307,-2.3732178,-2.373218,-2.5238154,-2.768319,-3.317893,-2.2095716,-3.0179317,-1.8909954,-1.6220821,-1.622082,-1.6387966,-1.6892058,-1.5969093,-1.2916176,-2.9846692,-2.1933131,-1.7823417,-1.7823416,-1.7915403,-1.8663323,-1.8896477,-1.6369486,-3.4953792,-4.5549984,-4.5457644,-4.545764,-4.5345206,-4.4883847,-4.440698,-3.727349,-3.0067294,-3.1539185,-3.0157888,-3.0157895,-3.0163357,-2.203144,-3.1914215,-2.94998,-4.151646,-4.10728,-3.9781926,-3.9781928,-3.9761806,-3.989147,-3.9830394,-4.1174617
COP(=O)(OC)C(O)C(Cl)(Cl)Cl,-0.22,-2.494843,-3.074923,-3.004206,-3.004206,-2.9976344,-3.2535641,-2.9479527,-2.334658,-0.71978486,-2.1914806,-1.3046933,-1.3046929,-1.3130502,-1.4827136,-1.3003426,-1.5405874,-0.3456853,-2.8006968,-2.2063081,-2.2063081,-2.2274897,-2.583821,-0.6851825,-0.28861272,-0.15187097,-1.7114165,-1.7821903,-1.7821901,-2.1489005,-2.368945,-2.4921198,-1.9572852,-0.65571856,-2.5428488,-2.4503448,-2.4503448,-2.4287388,-2.5230541,-2.3264277,-2.5446591,-0.5833021,-2.4266458,-2.7129114,-2.7129114,-2.6846485,-2.7004142,-2.696314,-2.7822049,-0.6336876,-1.4491876,-1.6413096,-1.6413097,-1.6175861,-1.490062,-1.4022403,-1.6208777,-0.18443008,-1.9475634,-1.7251505,-1.7251508,-1.6073711,-0.89871895,-1.9909549,-1.2610064,-0.20073214,-2.217377,-1.497969,-1.4979689,-1.4241635,-1.1830881,-1.4495772,-1.6852608
CCCOCC,-0.66,-1.6753292,-1.9654144,-1.5963782,-1.5963781,-1.6066324,-1.8536537,-1.6207039,-0.96361846,-1.221748,-0.9321739,-1.341867,-1.3418672,-1.3397728,-1.2226748,-1.322408,-1.3695647,-0.7044347,-1.4776502,-1.462172,-1.4621719,-1.4650288,-1.3709188,-1.0122676,-0.93635696,-0.3696766,-0.89633137,-0.9515244,-0.951523,-1.052104,-1.3235095,-1.7934903,-0.9763937,-0.7517045,-1.9047885,-1.6940607,-1.6940609,-1.7543873,-1.7114544,-1.7372932,-1.380826,-1.1877387,-2.4298372,-2.511658,-2.5116572,-2.47034,-2.4620357,-2.4374835,-2.0376227,-1.0227677,-0.68479246,-0.7535407,-0.7535407,-0.73767674,-1.1979753,-0.52494633,-0.88673913,-1.1330694,-2.0086045,-1.9038392,-1.9038391,-1.9022772,-1.2235274,-1.4872419,-1.601498,-0.6299397,-0.1848159,-0.12320775,-0.123207785,-0.04470752,0.15745938,-0.13048974,-0.3269652
Cc1ccc(O)c(C)c1,-1.19,-1.452651,-2.2624679,-1.941959,-1.9419591,-1.9432099,-2.0843134,-1.9582715,-1.4428719,-1.0126169,-1.7420893,-1.423577,-1.4235771,-1.4225621,-1.5000625,-1.4142649,-1.8917222,-1.2161751,-1.8437312,-1.9229027,-1.9229028,-1.9280748,-1.8451399,-1.4993999,-1.5386478,-0.8769851,-1.5106678,-1.46216,-1.4621594,-1.6331806,-1.9833448,-2.3009613,-1.6135569,-0.6860036,-1.813571,-1.4710723,-1.4710724,-1.485323,-1.5295458,-1.433339,-1.2431397,-1.8036499,-2.359314,-2.4696178,-2.4696183,-2.4489613,-2.4728453,-2.4668448,-2.3292851,-1.6207985,-1.294961,-2.225045,-2.2250447,-2.1602247,-1.6896423,-1.78004,-1.5994744,-1.2274678,-1.6368519,-1.4396634,-1.4396634,-1.4413012,-0.9409734,-1.4234521,-1.555853,-1.1997925,-1.2135669,-1.2810844,-1.2810844,-1.2039565,-1.2488374,-1.2914364,-1.313659
Cn1c(=O)n(C)c2nc[nH]c2c1=O,-1.39,-2.2801034,-2.6352494,-2.5091832,-2.5091832,-2.4991984,-2.7194726,-2.5018234,-2.4888902,-1.5012764,-1.3905864,-0.7886235,-0.7886236,-0.7977676,-1.0250213,-0.7918269,-1.3837869,-1.5475621,-2.5995064,-2.3325603,-2.3325605,-2.3373384,-2.3715093,-1.4437469,-1.6362957,-1.2970794,-1.318484,-1.8433852,-1.8433853,-2.0629852,-2.2924712,-2.6913738,-1.4857179,-1.2383087,-2.0333614,-1.9638159,-1.963816,-1.9493223,-2.0917497,-1.8739041,-1.587242,-1.2063258,-2.6894846,-2.9268656,-2.926865,-2.9099493,-2.966121,-2.9162228,-3.251625,-1.5091652,-1.8886104,-2.0296896,-2.0296896,-2.0061579,-1.8076447,-1.7742832,-1.9152373,-1.1664686,-1.4167608,-1.1750942,-1.1750948,-1.1548741,-0.58340263,-1.0163805,-1.1557446,-1.3405807,-1.3420368,-1.4352578,-1.435258,-1.3716023,-1.4510107,-1.5057824,-1.3070773
CC(C)CC(C)(C)C,-4.74,-1.7553135,-2.0990922,-1.6667633,-1.6667633,-1.6675001,-1.9503115,-1.6561244,-1.104345,-3.6201515,-1.3761549,-2.3505037,-2.3505037,-2.3470664,-2.066727,-2.3509998,-1.7812935,-4.8523703,-2.4231324,-2.5171819,-2.517182,-2.5314438,-2.4518793,-3.3086357,-3.5150254,-3.9281273,-2.6688116,-3.5834644,-3.5834641,-3.7101145,-3.696575,-4.3302293,-3.381074,-4.871381,-2.15926,-1.9972491,-1.9972492,-2.0173488,-2.0607135,-1.9717127,-1.8183285,-3.205691,-2.0801034,-2.088391,-2.0883913,-2.0724254,-2.0434718,-2.1293986,-1.7470528,-4.6699457,-4.257538,-4.1470156,-4.147016,-4.1394544,-4.5977325,-4.0783367,-3.5971093,-4.347167,-2.9486518,-3.087406,-3.0874066,-3.0976572,-2.0868225,-3.4582415,-2.6854312,-3.1846771,-1.9428777,-2.037292,-2.037292,-1.9579517,-2.1404712,-1.793208,-2.3930366
Ic1cccc2ccccc12,-4.55,-3.4145393,-2.6494136,-2.6031182,-2.6031182,-2.604893,-2.9322767,-2.6375384,-2.78943,-5.052411,-5.155723,-5.7148647,-5.7148633,-5.7055163,-5.755875,-5.7001824,-5.198716,-4.8499517,-3.0217738,-3.0875375,-3.087537,-3.0976126,-3.1342926,-4.505701,-3.9743187,-3.899346,-2.9512875,-3.5988266,-3.598826,-3.8063505,-3.8212113,-4.6199737,-2.904383,-4.3458757,-2.12618,-2.3892028,-2.3892028,-2.34136,-2.3994496,-2.2900102,-3.8906746,-4.419815,-2.3152251,-2.4140651,-2.414065,-2.3852649,-2.4696186,-2.4378574,-2.702686,-4.873874,-5.392296,-5.3873854,-5.387385,-5.379169,-4.731308,-5.314458,-3.870964,-4.485061,-5.7298784,-5.4762187,-5.4762177,-5.517027,-5.004256,-5.2906184,-5.456087,-4.186589,-4.1564484,-4.125868,-4.125869,-4.1203694,-4.1263914,-4.2553096,-4.091468
CC(C)I,-2.09,-1.070539,-1.271355,-0.37377936,-0.3737792,-0.37960315,-0.4999615,-0.40274656,-0.34942913,-2.6443007,-1.390444,-1.6696188,-1.6696188,-1.6669563,-1.5513291,-1.6692368,-1.7473513,-2.2560084,-1.5562799,-1.5960313,-1.5960312,-1.6003063,-1.6247195,-2.5797186,-2.2901943,-0.86402595,-0.7940066,-0.65938973,-0.6593891,-0.8932205,-1.3055886,-1.5677434,-1.0084245,-2.0551343,-2.401973,-1.2003738,-1.2003735,-1.2473005,-0.87212074,-1.2117388,-1.1126698,-1.7498814,-1.2187881,-0.99217695,-0.9921769,-0.98197937,-1.0303587,-1.0354763,-2.0526376,-2.0814788,-3.056868,-2.6016724,-2.6016722,-2.603772,-2.4985743,-2.5714028,-2.3670468,-2.0194962,-2.1728513,-2.1396792,-2.1396794,-2.1478846,-1.7287002,-2.085171,-2.2523932,-1.9183085,-1.4675025,-1.539308,-1.5393082,-1.4664589,-1.6305666,-1.3104426,-2.2925794
CCCCBr,-2.37,-1.9891529,-1.5483618,-1.1258608,-1.1258607,-1.1264998,-1.3946111,-1.1226425,-1.1463064,-2.2528274,-1.7111897,-1.8509626,-1.8509624,-1.8474663,-1.8214585,-1.8468212,-1.8088434,-2.7931876,-1.7042378,-1.7620822,-1.7620823,-1.7688859,-1.6364428,-2.958359,-2.5370483,-1.5761197,-1.5329007,-1.5599585,-1.5599576,-1.8262234,-2.1608517,-2.634871,-1.5804247,-2.1931765,-1.917392,-1.860583,-1.8605833,-1.8060131,-1.6461581,-1.7363195,-2.1342297,-1.5953104,-1.8974727,-1.6207633,-1.6207634,-1.496849,-1.6316153,-1.3285694,-1.3114814,-2.3574529,-2.446827,-2.2401545,-2.2401543,-2.236795,-3.3239193,-2.092313,-2.6515803,-2.2759657,-2.8420508,-2.499438,-2.499438,-2.5184972,-2.1078086,-2.6678317,-2.408834,-2.0295436,-2.3513255,-2.4677722,-2.4677722,-2.5261037,-2.4183033,-2.792342,-2.1038241
CCCCCC(C)(C)O,-1.72,-2.625733,-2.57045,-2.316906,-2.3169065,-2.3205647,-2.6202614,-2.302168,-1.7922957,-1.9530232,-1.7450904,-2.2889,-2.2889,-2.2810733,-2.1847737,-2.2851985,-2.1561084,-2.2771087,-2.63717,-2.6067104,-2.6067107,-2.6262672,-2.5293286,-2.6989863,-2.805166,-1.3948723,-2.505892,-2.9181035,-2.9181027,-1.9952797,-2.865969,-3.2375097,-2.5275648,-2.963871,-2.4726622,-2.3710957,-2.3710957,-2.4260502,-2.4614682,-2.430022,-2.2027926,-3.1191437,-2.6246831,-2.2204497,-2.2204497,-2.1754682,-2.2950797,-2.3282957,-2.3146167,-2.177006,-2.489806,-2.7069113,-2.7069113,-2.6650455,-1.8948053,-2.3114634,-2.0172036,-1.6609758,-2.1956768,-2.1575518,-2.1575525,-2.0528436,-1.2606972,-1.8164604,-1.9795605,-1.7315487,-1.663628,-1.5804569,-1.5804567,-1.552878,-1.7139158,-1.5410311,-1.6994916
NC(=O)N,0.96,1.7481368,-1.6708771,-1.4151016,-1.4151013,-1.4147018,-1.441104,-1.4053922,-0.11413415,1.393234,0.2327077,1.3078263,1.3078268,1.3068773,0.8599242,1.3171222,0.12444302,0.91409415,-0.88703936,-0.82218784,-0.8221878,-0.8227311,-0.7499336,0.48565668,0.13025166,1.3437113,-0.048956145,0.3479732,0.34797364,-0.1132243,-0.10122456,-0.5268886,-0.23213908,1.2197063,-2.0435681,-0.64178073,-0.6417806,-0.60615027,-0.6597841,-0.5839369,-0.056171015,0.29353744,-1.3478891,-0.97820425,-0.97820413,-1.0234001,-0.90890247,-1.0371138,-0.46290982,0.79191506,-0.11472978,0.26017684,0.26017684,0.25855696,0.597292,0.33580276,0.33858678,1.3961751,0.22446713,0.4699558,0.46995562,0.48392442,0.6073613,0.6111485,0.1328826,0.9341202,0.033188567,0.22876108,0.2287611,0.07189467,0.44631118,-0.3798439,0.17576791
O=C1c2ccccc2C(=O)c3ccccc13,-5.19,-4.2009025,-2.943983,-3.0086868,-3.0086865,-3.005868,-3.3772218,-3.0387897,-4.012045,-4.199725,-3.9326243,-3.6556242,-3.655624,-3.6192276,-3.5741105,-3.6800296,-4.1916533,-5.052801,-3.7393415,-4.0002494,-4.0002503,-4.0081706,-3.8581493,-6.144041,-6.3677278,-4.285824,-4.371031,-4.1834183,-4.1834173,-4.455542,-4.851044,-4.995417,-4.3286557,-5.0908537,-5.0360026,-5.511737,-5.511737,-5.784289,-5.473963,-5.957795,-5.448642,-5.082859,-3.4828062,-3.875539,-3.8755393,-3.8513494,-3.8243241,-3.8297558,-4.6686215,-4.7011046,-2.4872599,-2.8140311,-2.8140311,-2.7880676,-3.2888472,-2.4455948,-3.330401,-5.283128,-5.1098633,-4.9659038,-4.9659023,-4.97548,-4.3364487,-4.899952,-5.418311,-5.1663485,-4.6904902,-4.8227596,-4.82276,-4.851442,-4.821637,-4.834501,-5.2919507
CCC(C)C(=O)OC2CC(C)C=C3C=CC(C)C(CCC1CC(O)CC(=O)O1)C23 ,-6.005,-5.0889177,-7.0291147,-6.3329806,-6.332981,-6.32719,-6.6076384,-6.3173447,-4.4999228,-5.1583295,-3.739184,-4.045437,-4.045436,-4.068195,-4.617204,-4.1396775,-4.4309473,-6.114686,-3.6694987,-4.1772547,-4.1772547,-4.0324225,-3.675978,-5.2726884,-5.358892,-5.6714177,-6.060716,-6.1692657,-6.1692667,-5.7209916,-5.826845,-6.0069947,-6.187373,-5.963707,-6.560283,-6.3300467,-6.3300467,-6.1421437,-6.442262,-6.0548406,-4.3131275,-4.8965445,-4.674539,-5.121787,-5.1217866,-5.069039,-4.9862647,-4.9946346,-4.6542635,-5.0870066,-4.620968,-5.1384788,-5.138479,-5.1075106,-5.086054,-4.698432,-4.450326,-4.8935204,-5.8717194,-5.1870656,-5.187066,-5.2229853,-4.1920433,-4.280762,-5.088591,-5.7226496,-6.006222,-6.074651,-6.0746512,-6.091221,-6.199248,-6.208136,-6.038724
CC(=O)C(C)(C)C,-0.72,-1.0878918,-1.61386,-1.2708654,-1.2708653,-1.2576036,-1.672906,-1.2043586,-0.79917186,-0.04507172,-1.2352545,-1.2448802,-1.2448801,-1.2486601,-1.3528675,-1.2186139,-1.811105,-0.9690386,-1.7614892,-1.8570918,-1.8570917,-1.8612108,-1.8089972,-2.0304108,-2.2932189,-0.37352335,-1.4104593,-1.5703716,-1.5703704,-1.6096964,-2.1431804,-2.4194102,-1.5910348,-0.74462575,-1.8923486,-2.442276,-2.4422758,-2.3851194,-2.523361,-2.3431525,-0.993441,-0.59688175,-1.6047678,-1.4112196,-1.4112196,-1.4136496,-1.4350123,-1.4516628,-1.2711476,-0.65449035,-1.4420848,-1.3400344,-1.3400342,-1.3123059,-0.6021949,-1.0335613,-0.8270438,-0.57016426,-1.6717523,-1.5087208,-1.5087211,-1.5083562,-1.1158861,-1.2835686,-1.4112519,-0.20513634,-0.3347109,-0.15864424,-0.1586443,-0.14798777,-0.06885803,-0.31788385,-0.078432254
Nc1ccc(cc1)N(=O)=O,-2.37,-2.2126498,-2.2998652,-2.2356858,-2.2356856,-2.246483,-2.5547678,-2.2757583,-1.9211276,-2.2418365,-1.1425617,-1.5302733,-1.5302731,-1.5334541,-1.4159234,-1.5348899,-1.6091567,-1.9551922,-1.7918051,-1.8626671,-1.8626671,-1.868943,-1.8083818,-1.4043078,-1.3020676,-1.5564255,-1.646352,-1.7237418,-1.7237413,-2.0409257,-2.3529165,-2.6669168,-1.7188431,-2.11371,-1.841696,-1.7808911,-1.7808912,-1.8077029,-1.9181993,-1.8226032,-1.7243053,-2.4682717,-2.84481,-3.096846,-3.096846,-3.0420156,-3.0454247,-3.21253,-3.815042,-2.0955198,-1.189225,-1.5327746,-1.5327748,-1.4809724,-1.259177,-1.1383942,-1.1271671,-2.4066308,-2.2239275,-1.6968361,-1.6968365,-1.7076945,-1.475866,-1.99284,-1.753651,-2.2362435,-2.250441,-2.3282092,-2.3282087,-2.2919257,-2.3127024,-2.1504943,-2.3279529
Clc1ccc(cc1)c2ccccc2Cl ,-5.28,-2.8685594,-3.3861854,-3.1398952,-3.1398954,-3.1491585,-3.4527218,-3.2068322,-2.589793,-5.805142,-5.1399064,-5.029456,-5.029456,-4.9951005,-5.0447035,-5.033505,-5.0088296,-5.4066114,-3.791321,-3.840113,-3.8401132,-3.855089,-3.817538,-5.375435,-5.3006334,-5.511978,-4.399146,-4.5192766,-4.519278,-4.8841267,-5.0264263,-5.527217,-4.5674872,-5.140943,-2.8050358,-2.820391,-2.8203914,-2.8806474,-2.9109142,-2.9301047,-3.664813,-5.484002,-3.3312514,-3.5342798,-3.5342803,-3.5143447,-3.5212526,-3.5445893,-4.291006,-5.78783,-5.830904,-6.4432077,-6.443207,-6.3902965,-6.012171,-6.1643896,-5.4018903,-4.9549217,-5.635743,-5.0512342,-5.051235,-5.059227,-4.286908,-5.2421374,-5.508586,-5.2291956,-5.5447354,-5.535617,-5.5356174,-5.5033755,-5.4518633,-5.5640855,-5.389055
CCOC(=O)c1ccccc1C(=O)OCC,-2.35,-3.1382892,-3.7054014,-3.4763923,-3.4763923,-3.4593635,-3.724093,-3.4341128,-3.1441038,-2.3453877,-2.870081,-1.5293591,-1.529359,-1.4876894,-1.8820167,-1.5018469,-2.0138702,-2.1581883,-3.7807724,-3.4148726,-3.4148726,-3.4261408,-3.6058853,-2.5042965,-2.2759082,-2.648116,-2.781743,-3.1526878,-3.1526866,-2.8112733,-3.0428278,-3.997635,-2.754751,-2.7740417,-3.7359297,-4.042218,-4.042218,-3.4849157,-4.0554404,-3.2360485,-3.4238036,-2.5350585,-3.621681,-4.1422334,-4.1422334,-4.090702,-4.1374454,-4.0938616,-4.5936985,-3.2640595,-2.170457,-2.912697,-2.9126973,-2.8973598,-3.0760536,-2.6931493,-2.7748392,-2.0594063,-2.8742268,-2.4788725,-2.4788733,-2.477564,-1.6772074,-1.9901903,-2.3411217,-2.1447613,-2.323193,-2.4380279,-2.4380279,-2.4392922,-2.5352623,-2.3989205,-2.4235613
Clc1cc(Cl)c(Cl)c(Cl)c1Cl,-5.65,-4.2433844,-3.1965365,-3.3254344,-3.3254342,-3.3134727,-3.7130039,-3.3303022,-4.8182545,-6.0895066,-4.0838523,-4.9231873,-4.9231877,-4.9232154,-4.8119335,-4.8894763,-5.776161,-5.7323394,-3.5701377,-3.6823432,-3.6823432,-3.6932287,-3.6656728,-5.771008,-6.129796,-5.5139475,-5.2526617,-5.929551,-5.9295526,-6.117568,-6.16757,-6.7470717,-5.4396987,-5.3123,-3.738836,-3.9331858,-3.9331856,-3.9010286,-4.402914,-3.7830658,-5.1729965,-5.633894,-2.6618557,-3.0485947,-3.0485938,-3.0011878,-3.0322418,-3.1580415,-3.4549499,-5.7272406,-3.991302,-4.202482,-4.202482,-4.2022204,-6.8931975,-4.007598,-6.490593,-5.574229,-5.594532,-5.0213413,-5.0213413,-5.0139303,-4.7592764,-5.455936,-6.0358453,-5.083169,-5.74666,-5.787588,-5.7875896,-5.782925,-5.793055,-5.804148,-5.691661
c1c(Cl)cccc1c2ccccc2,-4.88,-2.5122848,-3.1517737,-2.971713,-2.9717128,-2.9827132,-3.2889977,-3.037528,-2.4248395,-4.7190013,-4.5180354,-4.86063,-4.8606296,-4.8220816,-4.8152685,-4.8798504,-4.6882,-5.405014,-3.4786084,-3.5363665,-3.5363667,-3.5461307,-3.4748738,-4.8277264,-4.7566767,-4.6959343,-3.8223813,-4.02699,-4.0269876,-4.365171,-4.486609,-5.0085998,-4.1977057,-4.778119,-2.5471494,-2.4504814,-2.4504812,-2.5063574,-2.5408714,-2.5196123,-3.0456052,-4.551126,-3.3337746,-3.6400888,-3.6400883,-3.626101,-3.6003876,-3.5651505,-4.252196,-5.6464195,-6.0053754,-6.4660454,-6.4660454,-6.4272695,-6.0073395,-6.2321153,-5.226343,-4.583174,-5.0777454,-4.543697,-4.543697,-4.57073,-3.706789,-4.7021475,-4.586764,-4.898853,-5.145442,-5.0561247,-5.0561247,-5.0421414,-5.1286693,-5.052339,-4.8129773
CCC(C)C(=O)C,-0.67,-1.480296,-2.0987396,-1.7311757,-1.7311758,-1.7289933,-1.9080251,-1.6758871,-0.91613114,-0.10592923,-1.4866414,-1.2253199,-1.2253201,-1.2218757,-1.362911,-1.2068849,-1.7871885,-0.9278245,-1.72383,-1.7758425,-1.7758429,-1.779667,-1.7404927,-1.7904342,-1.8981916,-0.39202714,-1.0588012,-1.2917428,-1.2917427,-1.2875311,-1.611352,-2.1753616,-1.301018,0.007887942,-1.7992816,-1.5807941,-1.5807939,-1.5768079,-1.6631225,-1.4808142,-1.3538395,-0.9616302,-1.9864385,-2.0151944,-2.0151944,-2.0067332,-1.9987781,-2.0287216,-1.6900645,-0.8039932,-1.5073016,-1.4338132,-1.4338135,-1.4090914,-0.80007637,-1.1338238,-0.95096105,-0.6211987,-1.6903421,-1.3425897,-1.3425903,-1.3574,-1.0210376,-0.92089903,-1.4868366,-0.62248504,-0.83832,-0.6922219,-0.69222194,-0.8103001,-0.5000334,-0.51146257,-0.35240257
CC(=O)C3CCC4C2CC=C1CC(O)CCC1(C)C2CCC34C ,-4.65,-4.220098,-4.5503154,-4.1892247,-4.1892242,-4.186837,-4.557185,-4.237567,-3.486353,-5.4000607,-4.3891587,-4.5326176,-4.5326166,-4.442113,-4.921022,-4.5632043,-4.2733846,-5.1061735,-3.4112978,-3.6094713,-3.6094716,-3.5516436,-3.5159738,-4.3089304,-3.9508538,-4.5854025,-5.018433,-5.4761457,-5.476146,-4.751102,-4.6963477,-5.3513417,-4.8968406,-4.572119,-4.3245997,-4.230646,-4.230646,-4.2524643,-4.3913937,-4.2940993,-3.8297899,-4.1097193,-4.7145476,-4.8121634,-4.8121634,-4.471842,-4.6133947,-4.1507993,-4.9919405,-5.187281,-4.250144,-4.6443114,-4.644311,-4.585946,-4.8355255,-4.135176,-4.5953913,-4.4285517,-5.4252067,-5.406822,-5.406822,-5.4284406,-3.785515,-4.9874306,-4.722953,-4.664468,-4.532341,-4.6288104,-4.6288114,-4.651687,-4.7424755,-4.759042,-4.625621
c1(C(=O)OCCCCCC(C)(C))c(C(=O)OCCCCCC(C)(C))cccc1,-6.6370000000000005,-6.1435504,-8.089441,-7.0953326,-7.095334,-7.096471,-7.371456,-7.0037727,-5.3616085,-5.940321,-5.3124967,-6.6018677,-6.6018667,-6.46479,-6.8460956,-6.590775,-7.322071,-6.863472,-7.163799,-7.832865,-7.8328643,-8.250122,-8.716727,-7.368767,-7.3930387,-6.276858,-6.8071113,-7.133961,-7.1339607,-6.97512,-6.8202825,-7.1942315,-7.1146293,-6.9218163,-8.798345,-8.192353,-8.192354,-8.156476,-8.082877,-8.1420965,-6.5872736,-6.93905,-6.719707,-6.4493947,-6.449395,-6.58461,-6.562295,-6.8860188,-5.7011595,-6.8264756,-7.219271,-7.135782,-7.135782,-6.777663,-6.6865516,-6.1629853,-6.7896323,-5.9338183,-7.5612845,-7.612831,-7.612832,-7.6304097,-6.1062326,-7.5040264,-6.8060966,-6.6173964,-6.552719,-6.7195783,-6.719578,-6.8564954,-6.919956,-6.685789,-6.730187
COc2cc1c(N)nc(nc1c(OC)c2OC)N3CCN(CC3)C(=O)OCC(C)(C)O ,-3.638,-5.484408,-7.2926936,-6.589185,-6.5891848,-6.610702,-6.976119,-6.7225056,-4.4536257,-4.1302853,-4.5107927,-3.8286026,-3.8286026,-3.8102028,-4.4112263,-3.8513014,-4.7157917,-3.8361638,-7.2736716,-6.415763,-6.4157624,-6.156658,-6.4327526,-3.5312605,-3.1039784,-3.7021375,-3.5706851,-3.5368292,-3.5368264,-3.7334416,-4.162333,-3.854371,-3.0935645,-4.6753135,-7.012549,-6.512865,-6.5128646,-6.5270195,-6.7111773,-6.7184978,-5.3421245,-4.996068,-6.9257145,-6.484567,-6.484567,-6.63673,-6.325136,-6.3224726,-5.715583,-3.8338828,-6.3477707,-6.480184,-6.480184,-6.4062657,-4.0740623,-5.9558544,-3.211879,-3.5687118,-5.122053,-4.894643,-4.8946443,-4.8058195,-3.6609392,-4.3312125,-5.012112,-3.7215095,-3.6860137,-3.5427394,-3.5427399,-3.5202506,-3.8993812,-4.316088,-3.5471914
Cn2cc(c1ccccc1)c(=O)c(c2)c3cccc(c3)C(F)(F)F,-4.445,-4.2389593,-5.309359,-5.000587,-5.0005875,-5.012048,-5.340363,-5.075966,-4.3056865,-5.573985,-3.1894367,-4.6283207,-4.62832,-4.604336,-4.885019,-4.712623,-4.192841,-4.50193,-5.1934333,-4.976388,-4.976388,-4.897789,-5.333582,-4.7098017,-4.457979,-4.043739,-5.1434345,-5.432412,-5.4324117,-5.1771255,-5.491615,-5.9170184,-5.1825523,-3.5922387,-4.833465,-4.50826,-4.50826,-4.5138907,-4.6784406,-4.5818124,-3.4496975,-4.290149,-4.5935693,-4.8424907,-4.84249,-4.7872195,-4.760757,-4.709506,-4.5528216,-4.669835,-4.627801,-5.013681,-5.013682,-4.95591,-4.4812307,-4.6601305,-4.815066,-4.199313,-4.6762943,-4.061422,-4.0614223,-4.0584354,-3.0383124,-4.5566697,-3.8626864,-4.4927497,-4.3851957,-4.5453405,-4.5453415,-4.4910603,-4.659361,-4.439835,-4.684635
CCCCC(=O)OC3(C(C)CC4C2CCC1=CC(=O)C=CC1(C)C2(F)C(O)CC34C)C(=O)CO,-4.71,-4.7599,-7.134388,-6.3832707,-6.383271,-6.3930464,-6.689508,-6.3796725,-4.801101,-4.8565245,-4.0559535,-3.33299,-3.33299,-3.3046095,-3.8711574,-3.3577824,-3.7824488,-4.9016385,-4.835606,-4.4524245,-4.4524255,-4.3475437,-3.9133286,-4.8404903,-4.528488,-4.6501327,-5.1061707,-5.2230597,-5.2230597,-5.1452403,-4.6111927,-4.9528866,-5.0215597,-5.038352,-6.414364,-6.168619,-6.168619,-6.1173067,-6.2129526,-5.9945183,-4.5310163,-4.7470827,-5.2245393,-4.9324255,-4.932425,-4.7814403,-4.8199024,-4.894614,-4.9690347,-6.2224393,-4.9668417,-5.2809644,-5.2809644,-5.399157,-5.8878355,-5.235661,-5.062637,-4.3949013,-5.5367665,-4.9383936,-4.9383955,-4.901451,-3.6536207,-4.9040565,-3.9591496,-4.909711,-4.7365913,-4.6773577,-4.6773577,-4.5662875,-4.738108,-5.1620326,-4.5825915
CCCC1COC(Cn2cncn2)(O1)c3ccc(Cl)cc3Cl,-3.4930000000000003,-4.6555433,-5.2220016,-4.911628,-4.9116273,-4.9151826,-5.256115,-4.9679627,-4.327346,-4.14068,-4.0248237,-3.7353299,-3.7353299,-3.727877,-4.192054,-3.7619421,-4.0320263,-3.692779,-5.1667233,-4.6449347,-4.6449347,-4.6570807,-4.990098,-4.3146124,-4.175082,-4.2862024,-4.709446,-4.7465057,-4.7465053,-5.0855613,-4.8923583,-5.829208,-4.6227055,-4.5822783,-4.556594,-4.5759077,-4.575907,-4.52403,-4.7198925,-4.4630094,-4.261981,-4.306603,-4.304793,-4.72548,-4.72548,-4.6691113,-4.5878706,-4.5156407,-4.722278,-3.542003,-2.8359084,-3.104336,-3.104336,-3.106406,-3.4175816,-2.7665489,-3.3356156,-3.598477,-4.7732472,-4.4307427,-4.430744,-4.4550714,-3.08592,-4.114209,-4.317621,-3.5599713,-4.41693,-4.570132,-4.5701323,-4.5823255,-4.601499,-4.9380355,-4.4385586
CCCCCC=O,-1.3,-2.4337063,-2.0954747,-1.7809831,-1.7809832,-1.7758483,-2.055564,-1.756617,-1.4851562,-1.4451493,-1.404257,-1.8076183,-1.8076184,-1.793489,-1.6182848,-1.8005444,-1.8101144,-1.6783571,-1.708636,-1.736931,-1.7369311,-1.7424945,-1.6844685,-1.9438264,-1.6820878,-0.92439973,-1.6847174,-1.9584441,-1.9584442,-2.0347574,-2.2926617,-2.8090372,-1.8337339,-0.7871033,-2.0257337,-1.8811594,-1.8811595,-1.907299,-1.9261627,-1.9099936,-1.7815598,-1.6803341,-2.548101,-2.4928942,-2.492894,-2.419734,-2.4664595,-2.451814,-2.495335,-1.2168598,-1.6914554,-1.7228954,-1.7228954,-1.6819252,-1.0168202,-1.3553733,-1.0450345,-1.3424098,-1.8534001,-1.5353885,-1.5353886,-1.4874583,-0.99531734,-1.4854245,-1.5684514,-1.2488749,-0.9643355,-1.0025065,-1.0025066,-1.0790912,-1.053867,-1.1514183,-1.2279488
COCOC,0.48,-1.0845754,-1.6112435,-1.1848254,-1.1848254,-1.2011477,-1.3928285,-1.2218822,-0.48727408,0.20324162,-0.0075567,1.2878321,1.287832,1.2938954,1.060553,1.2913558,-0.3075643,0.16679463,-0.7453641,-0.53904265,-0.5390427,-0.54022855,-0.3667188,0.989412,0.5233244,1.4985899,0.059648022,0.51282704,0.5128275,0.1313147,0.09384088,-0.46255392,-0.085064985,0.5823302,-2.2742236,-1.9414128,-1.9414127,-1.5528898,-1.8481811,-1.4119967,-0.9594014,0.008271581,-2.0490756,-1.9636023,-1.9636023,-1.9785968,-1.9396118,-1.9795341,-1.1713196,0.53004825,-0.046609946,0.1129918,0.112991825,0.12983775,0.4437446,0.3147399,0.16477124,0.88952935,-0.2678144,-0.07520063,-0.07520126,-0.05968147,0.3150384,0.04901982,-0.34640068,0.45831686,0.00343409,0.1807662,0.18076628,-0.106594995,0.35402974,-0.20471111,0.20083764
CC(=O)CC(c1ccccc1)c3c(O)c2ccccc2oc3=O ,-3.893,-3.883588,-4.829225,-4.4837146,-4.483715,-4.48088,-4.7609277,-4.486335,-3.4511523,-4.5574746,-3.9833136,-3.9375782,-3.9375787,-3.894722,-4.2403235,-3.9839032,-4.259835,-4.115998,-4.7472196,-4.3707504,-4.370751,-4.3533745,-4.7059627,-3.94692,-3.9325747,-3.8550363,-3.592467,-3.7369606,-3.73696,-3.981992,-3.9297407,-4.3489842,-3.6975658,-3.7643723,-4.6148868,-4.5089073,-4.508908,-4.475477,-4.576276,-4.4947276,-3.101887,-4.316519,-4.200793,-4.717061,-4.717061,-4.6452665,-4.6496964,-4.6682506,-4.7192683,-3.9972577,-3.168833,-3.9074786,-3.9074783,-3.8507688,-3.8642159,-3.4905508,-3.6051052,-3.7854023,-4.427145,-4.2137747,-4.2137756,-4.2219644,-3.089537,-4.0992312,-4.335261,-4.0309057,-3.9651258,-4.0430846,-4.0430856,-3.8651218,-4.031363,-4.157332,-3.7584143
OC4=C(C1CCC(CC1)c2ccc(Cl)cc2)C(=O)c3ccccc3C4=O,-5.931,-4.5397615,-5.769138,-5.541344,-5.5413446,-5.559313,-6.0260687,-5.662196,-4.4411707,-6.4136252,-5.8494244,-5.106965,-5.106965,-5.1662636,-5.5984406,-5.0934315,-4.647505,-6.142248,-6.1157646,-6.015965,-6.0159655,-5.9953203,-6.0800734,-6.058417,-6.132025,-5.646639,-5.830018,-5.4447813,-5.444781,-5.817087,-5.7140937,-6.532767,-5.2400618,-5.2960324,-4.8351755,-4.940026,-4.9400263,-4.9597416,-5.161379,-5.1670794,-5.5780277,-6.033805,-6.635671,-6.834601,-6.834601,-6.956488,-6.5666738,-6.736243,-5.424414,-5.2198186,-5.059127,-5.440006,-5.4400067,-5.347895,-5.28059,-4.8449306,-5.217974,-4.875647,-5.390132,-5.1320176,-5.1320176,-5.105465,-3.92761,-4.698611,-5.557575,-6.0200906,-5.883661,-5.9607763,-5.960776,-6.050045,-6.1804976,-6.053368,-5.9025235
Cc2c(N)c(=O)n(c1ccccc1)n2C,-0.624,-2.547832,-3.1380963,-2.77254,-2.77254,-2.7775316,-3.0053601,-2.815246,-2.0417352,-2.312821,-2.8766317,-2.3038871,-2.3038874,-2.2816954,-2.473927,-2.3034322,-2.806533,-0.42822164,-3.359343,-3.0349758,-3.0349755,-3.0360365,-3.1440828,-1.7728416,-1.5880967,-0.20908275,-2.8535306,-2.490702,-2.4906988,-2.5862546,-3.1530006,-3.071006,-2.1811004,-0.6285675,-2.7870033,-2.764357,-2.7643573,-2.7963367,-2.8682773,-2.810514,-2.550742,-2.1201406,-3.2518187,-3.5237038,-3.5237038,-3.5018976,-3.5317173,-3.51709,-4.192824,-1.7574351,-2.6299596,-3.0552227,-3.0552223,-3.0019634,-2.66535,-2.6471794,-2.5965176,-0.8128694,-2.8190565,-2.5484107,-2.548412,-2.5407002,-1.7638745,-2.0294676,-2.422973,-0.5812665,0.31325063,-0.604593,-0.6045933,-0.4770858,-0.46152335,-0.4780588,-0.2404129
Oc1ccc(cc1)C2(OC(=O)c3ccccc23)c4ccc(O)cc4 ,-2.9,-4.2930446,-5.4545183,-5.0834575,-5.083457,-5.061956,-5.3382564,-4.980689,-3.7412114,-4.6627097,-3.9003315,-4.681288,-4.681287,-4.633943,-4.616793,-4.7344327,-4.6403646,-3.0505176,-4.906509,-4.6956434,-4.695644,-4.6644754,-5.2111225,-4.2537107,-4.0596848,-2.3959727,-3.597586,-3.7614672,-3.7614663,-4.0707235,-4.245578,-4.3386993,-3.6281676,-3.5572782,-5.073273,-5.0914454,-5.0914454,-4.9882946,-5.3698435,-4.929032,-3.9214814,-3.909715,-4.421657,-5.23742,-5.2374206,-5.243498,-5.0972195,-5.319746,-4.766437,-3.1834884,-2.449351,-3.6370585,-3.6370587,-3.8047616,-4.2603264,-3.6171086,-3.6412508,-3.389089,-4.19066,-3.8710518,-3.8710525,-3.8516257,-2.7173944,-3.6643744,-3.683916,-2.939983,-2.9268818,-2.977802,-2.9778008,-2.9328377,-2.9416714,-3.0280445,-3.0771167
CCN(CC)C(=O)CSc1ccc(Cl)nn1,-1.716,-3.448705,-3.9052382,-3.6220677,-3.6220677,-3.542674,-3.942222,-3.2340674,-3.2688406,-3.4848163,-4.5430727,-2.7290528,-2.729053,-2.7746418,-3.4020844,-2.6856925,-3.3816528,-2.5421863,-4.584005,-4.2796903,-4.2796907,-4.316668,-4.377967,-3.7969284,-3.6359096,-2.900336,-3.3520882,-3.4277399,-3.4277387,-3.1088245,-3.9397194,-4.3261194,-3.1976762,-2.884445,-3.6190007,-3.6623755,-3.6623752,-3.6633353,-3.7947443,-3.5858283,-4.0672097,-3.5840447,-3.7491114,-3.485153,-3.4851532,-3.4126015,-3.4456778,-3.622595,-3.7012737,-3.424607,-3.0790339,-3.3564308,-3.3564308,-3.370207,-2.8119712,-3.115452,-2.9636304,-2.4813666,-4.333262,-3.6917264,-3.6917267,-3.6305273,-2.8699033,-2.9745748,-3.7400835,-1.9099452,-1.7809831,-1.7672871,-1.7672879,-1.7251911,-1.8744509,-1.977548,-1.7935879
CCOC(=O)c1ccc(N)cc1,-2.616,-2.6605198,-2.859338,-2.7312927,-2.7312927,-2.7462335,-3.0771093,-2.798966,-2.1140635,-1.9448967,-2.475083,-1.4333591,-1.4333594,-1.3841786,-1.6767925,-1.4264803,-2.0031314,-2.4811316,-2.6627078,-2.5803344,-2.5803351,-2.588348,-2.5238597,-2.2826235,-2.3254397,-2.5849347,-1.8126748,-1.765836,-1.7658371,-1.9928932,-2.3561924,-2.7049632,-1.8136204,-2.3215635,-2.5205956,-2.4146962,-2.4146965,-2.4569268,-2.5677316,-2.5600643,-1.9150063,-2.6559918,-3.6991887,-3.9714425,-3.9714432,-3.9312868,-3.931989,-3.83559,-4.5499935,-2.5963778,-2.0658007,-2.7945778,-2.7945774,-2.7364748,-2.4953406,-2.379968,-2.3817499,-2.0508938,-2.3453336,-1.8770239,-1.8770247,-1.8717113,-1.2308227,-1.9079041,-1.7823454,-2.5861254,-2.5409966,-2.5444667,-2.5444663,-2.5014322,-2.567561,-2.460014,-2.7064953
COc2c1occc1c(OC)c3c(=O)cc(C)oc23 ,-3.0210000000000004,-3.1846097,-3.8278413,-3.7004497,-3.7004495,-3.6845975,-4.0269446,-3.6843517,-4.1119328,-2.9711235,-3.0543075,-2.8401062,-2.8401065,-2.8254178,-2.630019,-2.8532417,-3.0349493,-2.7848055,-3.9953961,-3.5116236,-3.5116234,-3.5151064,-3.6899703,-2.5232308,-2.3695388,-2.642722,-2.6710947,-2.907346,-2.9073453,-3.2355738,-3.1442993,-3.6378694,-2.1550384,-3.1676762,-3.1615326,-3.2393105,-3.2393107,-3.14388,-3.3577826,-3.0609317,-2.8761103,-4.3693843,-3.4389467,-3.7895832,-3.7895837,-3.7691684,-3.8103287,-3.7530506,-4.3923655,-2.9940858,-0.7965953,-1.6163507,-1.6163509,-1.5510396,-2.173231,-1.1954437,-1.6398411,-2.262903,-2.5962174,-2.469035,-2.4690347,-2.442043,-1.5245348,-2.0921178,-2.4171753,-3.078978,-3.0331547,-3.0775208,-3.0775208,-3.101323,-3.170432,-3.170672,-2.9884856
CO,1.57,0.99647075,-0.1415009,0.53654957,0.5365497,0.5389438,0.104669124,0.51595193,0.7348356,0.6221477,0.62114453,0.5233556,0.52335584,0.51649684,0.57208127,0.5158062,0.14358783,1.6619666,-0.6299624,-0.3943376,-0.3943377,-0.39468113,-0.29637685,1.0565046,0.48936102,1.9884876,-0.111456886,0.43760365,0.43760633,0.067533895,-0.010559875,-0.4500584,-0.16983634,1.8192537,-1.2589703,-0.6411804,-0.6411808,-0.6524444,-0.5687327,-0.6894579,-0.33145326,1.5313966,-0.913514,-0.3851648,-0.3851648,-0.43944576,-0.37020004,-0.4561837,-0.84256935,1.5030221,0.54957676,1.0145184,1.0145187,1.0253147,1.8434079,1.1145666,0.68929344,1.7447903,0.82931906,1.3145074,1.3145075,1.3038042,1.6737748,1.4390827,0.94761246,0.8939212,0.3370808,0.66280454,0.6628046,0.5713705,0.7878992,0.40821204,0.47328785
CC4CC3C2CCC1=CC(=O)C=CC1(C)C2(F)C(O)CC3(C)C4(O)C(=O)COC(C)=O ,-4.9,-4.4843636,-6.165586,-5.6114006,-5.6114006,-5.60987,-5.9329987,-5.631652,-4.6315002,-4.3765907,-4.0359716,-3.2450848,-3.2450852,-3.2214158,-3.6693702,-3.2764194,-3.7821548,-4.8829126,-3.8022633,-3.5324366,-3.5324364,-3.4452944,-3.3823004,-4.332076,-4.206125,-4.5835447,-3.6341465,-4.0324774,-4.0324774,-4.354661,-4.270659,-5.156177,-4.4118123,-4.344466,-5.540935,-5.4349174,-5.4349174,-5.377203,-5.538239,-5.2876077,-4.450982,-4.3599286,-5.2130423,-5.202261,-5.2022605,-5.0930357,-4.945471,-5.017745,-4.9951606,-4.7151885,-3.9417884,-4.4175634,-4.4175634,-4.348285,-4.2569227,-3.9213517,-4.3182597,-4.03839,-4.7776365,-4.1825767,-4.182578,-4.1573076,-2.9946635,-3.9714532,-3.8495812,-4.9986563,-4.867996,-4.955373,-4.955373,-4.827275,-5.0610805,-5.2358503,-4.7897124
CCCCCCO,-1.24,-2.6406777,-2.2093227,-1.9649763,-1.9649763,-1.9742811,-2.275726,-1.9915354,-1.5930561,-1.3684248,-1.3228514,-1.9518169,-1.9518166,-1.9432106,-1.7864022,-1.9363647,-1.7929839,-1.125705,-1.7310998,-1.7069163,-1.7069162,-1.7121859,-1.6024071,-1.2415029,-1.1090318,-0.694777,-1.690413,-1.8290434,-1.8290427,-2.0135581,-2.19337,-2.7616138,-1.7396832,-0.8984536,-2.1077464,-1.9693274,-1.9693273,-2.0417612,-2.0419154,-2.0552633,-1.8693377,-1.9770895,-2.7971704,-2.7010858,-2.7010858,-2.5220084,-2.6892042,-2.5338967,-3.144444,-1.1886451,-1.8284603,-2.156412,-2.1564121,-2.0982456,-1.1045296,-1.7344172,-1.3906609,-1.1150516,-1.976932,-1.7136201,-1.7136205,-1.6415364,-0.9823133,-1.286408,-1.6070962,-1.1804895,-0.94050455,-0.8657518,-0.86575186,-0.8806518,-0.9899962,-1.2967005,-1.5438491
Oc1ccc(Br)cc1,-1.09,-1.7214377,-2.1867828,-2.1823127,-2.182313,-2.198509,-2.5606337,-2.2267017,-1.6779548,-2.0640006,-2.1697073,-1.8629043,-1.8629038,-1.8691881,-1.7943959,-1.8484008,-2.006064,-1.6750538,-1.6574419,-1.6742585,-1.6742586,-1.6782205,-1.5572033,-1.6010798,-1.4485124,-0.2913979,-1.623492,-1.6288643,-1.6288639,-1.9231591,-2.2906187,-2.4985251,-1.667563,-1.2172934,-1.7125205,-1.740126,-1.740126,-1.7326461,-1.8065572,-1.7175354,-2.2732084,-1.2501845,-2.9564085,-2.9712813,-2.971281,-3.0007045,-2.953109,-3.109698,-2.2549913,-0.79425406,-0.23951338,-1.0029097,-1.00291,-0.95731574,-0.91881496,-0.6421505,-0.83529323,-1.2994331,-1.9641875,-1.8546394,-1.8546402,-1.8680537,-1.5680231,-1.8457338,-1.3163803,-0.9813053,-1.1407658,-1.1921437,-1.192144,-1.1750172,-1.0911133,-1.2996238,-1.0404875
OCC(O)C(O)C(O)C(O)CO,1.09,-2.1243958,-2.784717,-2.417259,-2.4172597,-2.4148617,-2.6644263,-2.403166,-1.9090233,0.6987064,-0.79815865,-0.21900317,-0.21900311,-0.19431633,-0.2963766,-0.20899887,-1.1100217,0.63336337,-1.5070293,-1.0773778,-1.0773778,-1.0882822,-1.0390943,0.42967308,0.8591127,0.6522296,-0.13887249,1.123914,1.1239171,0.34851804,0.55897266,0.5514029,-0.30431825,-0.4717734,-2.4222293,-2.3700895,-2.3700893,-2.3998654,-2.484474,-2.3867478,-2.1801977,-1.8078215,-2.9546664,-3.2080271,-3.2080274,-3.0046525,-3.171039,-2.916193,-3.8860843,0.37207463,-0.77237284,-0.94309574,-0.9430957,-0.89511067,-0.47762173,-0.6011477,-0.43193325,0.6595683,-0.6224295,-0.456473,-0.45647344,-0.41295767,0.31473008,0.08712758,-0.62396896,0.45261416,0.077120215,0.068326056,0.06832619,0.07591777,-0.020847665,-0.0045910385,0.034462407
CCCCCCCl,-3.12,-2.6638064,-2.3111768,-2.052275,-2.0522752,-2.03379,-2.3628316,-2.011071,-1.797109,-2.8787053,-1.8499784,-2.78124,-2.78124,-2.773509,-2.5147262,-2.7643416,-2.1566536,-3.5430076,-1.8922154,-2.0199606,-2.0199609,-2.02922,-1.9427943,-3.133689,-2.8795426,-2.8156939,-2.8401783,-3.1224296,-3.1224303,-3.5643804,-3.545823,-4.356001,-2.854186,-2.803041,-2.2587318,-2.2835188,-2.2835188,-2.2353072,-2.280647,-2.2048473,-2.252145,-2.5565972,-2.6739314,-2.6008265,-2.600826,-2.5368924,-2.5912466,-2.579144,-2.7868187,-3.299933,-3.2600956,-3.3296182,-3.3296185,-3.2733915,-3.8708417,-3.0093253,-3.2762015,-3.2612157,-3.5280359,-3.2422688,-3.2422683,-3.247427,-2.3840497,-4.0058274,-3.1943486,-3.5099316,-3.7559714,-3.7279317,-3.727932,-3.8203797,-3.9532082,-3.8539047,-3.963641
CC1=CCC(CC1)C(C)=C,-4.26,-2.7278428,-2.4474807,-2.0446575,-2.0446575,-2.0541418,-2.3239083,-2.0815058,-1.5181164,-3.8898933,-2.7299514,-3.4486516,-3.448651,-3.398832,-3.415188,-3.4429572,-3.19172,-4.8058386,-2.6403203,-2.6117518,-2.611752,-2.6259398,-2.539958,-2.8053253,-2.8373303,-3.59136,-2.1097727,-3.125452,-3.1254523,-3.2767167,-2.9803898,-4.2143784,-2.7863536,-4.92298,-2.3338604,-2.2177696,-2.2177696,-2.268142,-2.2962468,-2.29458,-1.8510374,-4.2628455,-3.3640914,-3.573529,-3.5735283,-3.5202224,-3.4936137,-3.4950562,-4.4210706,-4.1225204,-5.0120373,-5.3778577,-5.3778577,-5.375694,-4.761568,-5.241044,-3.9674768,-4.153474,-3.7433422,-3.6282527,-3.6282532,-3.680451,-2.681983,-3.9605966,-3.2509928,-4.219016,-4.341173,-4.4357743,-4.4357734,-4.343097,-4.371698,-4.185221,-4.2881308
CC(C)O,0.43,-0.9434414,-1.4137652,-0.7237972,-0.7237972,-0.7123994,-0.849722,-0.6643999,-0.6370341,0.5068468,-0.31542364,-0.06527001,-0.065270364,-0.06718213,-0.20918825,-0.048556924,-0.69907993,0.47807115,-0.9762157,-0.93754274,-0.9375429,-0.93873316,-0.8342778,0.010351332,-0.08661339,1.0635797,-0.50716037,0.051210336,0.051212747,-0.09416306,-0.50305504,-0.6436533,-0.5145552,0.8046163,-1.4383371,-0.81925595,-0.81925595,-0.8360612,-0.8372485,-0.8056643,-0.49488565,-0.39364547,-1.2313957,-0.94561225,-0.9456123,-0.95562434,-0.93197334,-0.97945726,-1.4308249,0.5448419,-0.20689304,-0.24769749,-0.24769744,-0.22972876,0.8148473,-0.0092425775,-0.0017516816,0.780616,0.49721476,0.7653546,0.7653541,0.77955025,1.0023763,1.0953271,0.3926463,0.8939212,0.3370808,0.66280454,0.6628046,0.5713705,0.7878992,0.40821204,0.47328785
Fc1ccc(F)cc1,-1.97,-0.9846411,-2.037045,-1.827442,-1.8274419,-1.8374999,-2.0447598,-1.8556391,-1.1335398,-1.7713354,-0.45317727,-1.2520543,-1.2520542,-1.2586703,-1.0956099,-1.2383981,-0.5784189,-2.2419739,-1.4022024,-1.4204721,-1.420472,-1.4229088,-1.4013793,-1.3608426,-1.128824,-0.47922096,-1.0905179,-1.2282171,-1.2282177,-1.6422014,-1.7599248,-2.129373,-1.1162058,-1.8366848,-3.3521097,-1.541588,-1.5415881,-1.5820467,-2.2635245,-1.5731007,-1.9867102,-1.3247645,-2.2834632,-2.4849777,-2.4849775,-2.4602947,-2.446137,-2.62091,-2.1972709,-1.8508427,-1.2670518,-1.4148805,-1.4148805,-1.3818808,-1.3598235,-1.0655377,-1.2636373,-1.9437729,-1.8353851,-1.2982208,-1.2982208,-1.2936469,-1.1278375,-1.4296193,-1.2562041,-2.3914506,-3.021751,-3.0795758,-3.0795763,-3.0873334,-3.0405624,-3.0960271,-2.6780546
Cc1ccccc1N(=O)=O,-2.33,-1.4443998,-2.3574395,-2.0900025,-2.0900025,-2.0884385,-2.2377188,-2.0956197,-1.6042429,-2.0716312,-1.5904354,-1.4336994,-1.4336989,-1.4516722,-1.4352533,-1.4094406,-1.849075,-2.3176708,-1.8051564,-1.909401,-1.9094009,-1.9148988,-1.8651261,-1.8612388,-1.9540406,-1.4449419,-1.9635098,-2.132406,-2.1324058,-2.3403447,-2.7495248,-3.054437,-2.0787191,-2.01161,-1.7669789,-1.3234959,-1.3234956,-1.3228828,-1.3931137,-1.2439002,-1.1972795,-1.600353,-2.0537112,-2.0525758,-2.0525758,-2.0477278,-2.0829701,-2.060244,-1.742102,-2.6102812,-1.8171054,-2.385453,-2.385453,-2.3520443,-2.3839645,-2.0222516,-2.5275774,-2.1256511,-2.6478505,-1.9566855,-1.9566858,-1.9868896,-1.5266687,-2.187231,-2.3441288,-2.274773,-2.8737655,-3.2177927,-3.217792,-3.1461074,-3.1698072,-2.9830937,-3.6484358
CC(C)(C)CO,-0.4,-1.0814912,-1.4256155,-1.4506531,-1.4506533,-1.438291,-1.9937558,-1.3837937,-0.397409,-0.61702716,-0.6615851,-1.0091691,-1.0091693,-1.0129691,-1.0049251,-0.98462623,-1.2589694,-0.5382395,-1.436372,-1.4417952,-1.4417952,-1.4454422,-1.3423765,-0.61892694,-0.72000253,0.19165766,-1.072722,-0.7736821,-0.7736807,-0.9337244,-1.3123429,-1.626269,-1.2076342,-0.42673054,-1.6744334,-1.675623,-1.6756229,-1.5607723,-1.8908252,-1.4739759,-1.3284501,-0.70411384,-1.3897116,-1.1747116,-1.1747116,-1.1734568,-1.1906345,-1.202093,-1.7460967,-0.1990682,-0.9659237,-1.1669717,-1.1669719,-1.1338197,0.012541986,-0.83713174,-0.61543906,-0.62691236,-0.6641846,-0.63304424,-0.63304454,-0.6345729,-0.26769078,-0.69575334,-0.525244,-0.55603087,-0.1865442,-0.1115786,-0.11157851,-0.07651462,-0.1889829,-0.030741723,0.3065858
CCCOP(=S)(OCCC)SCC(=O)N1CCCCC1C,-4.15,-4.291526,-5.404484,-5.069951,-5.069951,-5.052532,-5.3669147,-5.0179005,-4.0129375,-5.2092376,-4.948335,-4.8964567,-4.896456,-4.884428,-5.3532324,-4.8781657,-4.762964,-4.527135,-4.7238593,-4.7055297,-4.705529,-4.6271763,-4.831576,-5.039641,-4.715148,-3.9907856,-5.3390856,-5.5271606,-5.5271597,-4.8696685,-5.4424405,-5.568976,-5.169255,-4.4611526,-5.404522,-5.0956926,-5.0956926,-5.013503,-5.25799,-4.9559035,-3.7011354,-5.224775,-4.5017834,-4.46635,-4.46635,-4.352785,-4.3832407,-4.745735,-4.478596,-4.9252295,-4.862426,-5.0703826,-5.070382,-5.051773,-4.7665687,-4.780724,-4.7670393,-4.461924,-6.1391587,-5.6736455,-5.673646,-5.7046313,-4.6599407,-4.9332643,-5.7044454,-4.0781946,-4.170369,-4.2683096,-4.2683096,-4.2141004,-4.424185,-4.3989406,-4.3560543
Cc1ccccc1O,-0.62,-1.0404592,-2.0825806,-1.8490593,-1.8490595,-1.8448249,-1.9594692,-1.8438011,-1.1568317,-0.4364493,-1.5463414,-0.89399076,-0.8939904,-0.9019039,-1.0744601,-0.8689874,-1.5977948,-0.61923754,-1.4948847,-1.5601422,-1.5601422,-1.5636773,-1.4747444,-0.8616708,-0.87614155,-0.010011773,-1.4433378,-1.4063098,-1.4063078,-1.5904708,-1.8954256,-2.2784271,-1.478939,-0.7369734,-1.6706035,-1.7953919,-1.7953918,-1.7344733,-1.8498102,-1.7031511,-0.93388546,-0.6024359,-2.026535,-1.9961417,-1.9961418,-1.997191,-2.0060406,-2.0037994,-1.5289174,-1.1753376,-0.68994254,-1.5548208,-1.5548207,-1.5029235,-1.2657046,-1.1606799,-1.2099391,-0.4033348,-1.4191923,-1.1348792,-1.1348796,-1.1236389,-0.85780776,-1.1038139,-1.1792619,-0.59629834,-0.6070448,-0.6744403,-0.6744402,-0.6589075,-0.5712785,-0.70280486,-0.783442
CCNc1nc(Cl)nc(NCC)n1 ,-4.55,-3.4064717,-3.4776788,-3.194804,-3.194804,-3.1815553,-3.4476202,-3.1568,-2.6826613,-2.5180624,-2.7546282,-1.951709,-1.9517094,-1.9318689,-2.2793,-1.9402263,-2.3131366,-3.101996,-3.1856236,-3.017943,-3.0179431,-3.0314672,-2.9914997,-2.7978861,-2.6757245,-3.173274,-1.5760114,-1.7379906,-1.7379891,-1.9146922,-2.1166303,-2.5666566,-1.8083775,-4.4276686,-3.9528923,-3.9297242,-3.9297245,-3.471731,-4.1663084,-3.2200842,-2.9829528,-4.086865,-3.7254345,-3.8684022,-3.8684025,-3.7174392,-3.8878658,-3.6958287,-4.1652064,-3.7731528,-2.5465827,-2.986405,-2.986405,-2.9508636,-3.4374838,-2.6318786,-3.1913092,-3.6012318,-3.7366378,-3.2063954,-3.2063954,-3.2447283,-2.158744,-4.002993,-3.1767812,-4.5658937,-4.4708557,-4.569408,-4.5694094,-4.4971585,-4.529635,-4.770413,-4.575297
c3ccc2nc1ccccc1cc2c3,-3.67,-3.604924,-2.6467867,-2.691428,-2.6914277,-2.7002473,-3.0871572,-2.7410197,-2.9503312,-4.447232,-4.216361,-4.5901823,-4.5901823,-4.559564,-4.6585627,-4.614761,-4.474738,-4.415976,-2.962883,-3.0927474,-3.0927472,-3.097961,-2.917371,-4.307975,-4.541596,-3.640883,-4.0786185,-4.2430077,-4.243005,-4.3675942,-4.703387,-5.155746,-3.5685248,-3.8431993,-3.7838697,-3.6119008,-3.611901,-3.7886453,-3.7230837,-3.7669034,-3.5228877,-4.059564,-3.3890007,-3.6802187,-3.6802185,-3.6565843,-3.6578202,-3.653297,-4.4413476,-3.6846828,-4.199151,-4.4161396,-4.416139,-4.379936,-3.4686875,-4.0482197,-3.2986484,-4.356926,-5.446065,-5.4680176,-5.4680176,-5.469179,-4.711336,-5.5040603,-5.281495,-3.577088,-3.6636682,-3.6634452,-3.663445,-3.6757576,-3.7208006,-3.777404,-3.6511185
Cc1cc(C)c(O)c(C)c1,-2.05,-2.2292805,-2.4599276,-2.2316353,-2.2316353,-2.2233667,-2.3880053,-2.2232895,-1.9782234,-1.4130685,-1.8357389,-1.5980477,-1.5980475,-1.6008531,-1.7467109,-1.6003679,-1.8262489,-1.763484,-2.2630117,-2.337076,-2.3370762,-2.343404,-2.2745297,-2.079545,-2.1444683,-1.8012167,-1.9371047,-2.1019075,-2.101906,-2.2497585,-2.466133,-3.0238104,-2.1653304,-1.6156155,-2.0088897,-1.8194175,-1.8194168,-1.8002253,-1.9531267,-1.7013663,-1.3599026,-1.8425382,-2.5316553,-2.642448,-2.6424477,-2.6305091,-2.6920066,-2.6381116,-2.8329556,-2.1711824,-1.8317049,-2.7043312,-2.7043312,-2.6341367,-2.0099993,-2.2356713,-1.8514977,-1.8284317,-2.0012922,-1.7902845,-1.7902851,-1.796173,-1.164452,-1.8036737,-1.8187221,-2.0408568,-1.3488867,-1.317611,-1.3176109,-1.2191384,-1.3685738,-1.2809503,-1.4957931
COC(=O)c1cc(O)c(O)c(O)c1 ,-1.24,-3.7141414,-2.8505864,-2.8383663,-2.8383663,-2.8409882,-3.1790648,-2.8790255,-3.3282328,-1.0331563,-1.242944,-1.077682,-1.0776814,-1.0510936,-1.075123,-1.042295,-1.1279426,-1.236257,-2.486491,-2.3252902,-2.325291,-2.3364356,-2.2472785,-0.58616674,-0.8581461,-0.81758976,-0.86577433,-0.6068238,-0.6068214,-1.4391766,-1.1120331,-1.5615895,-1.0625234,-1.6984165,-2.371882,-2.6110232,-2.6110234,-2.6253128,-2.6553254,-2.6337056,-2.8885815,-2.0624418,-2.890264,-2.613923,-2.6139228,-2.5695283,-2.7072272,-2.6947153,-2.7683275,-1.2985488,-0.49126777,-1.1268412,-1.1268411,-1.0645517,0.22864205,-0.7884358,0.17788194,-1.2279357,-1.1903316,-1.361384,-1.3613845,-1.3421984,-0.5894224,-1.3009589,-1.4752461,-1.1786025,-1.2596444,-1.2826811,-1.2826812,-1.1881478,-1.2974609,-1.3468964,-1.3332005
CCC(C)O,0.47,-1.2493212,-1.626898,-0.9067585,-0.9067585,-0.9091054,-1.0266422,-0.91606325,-0.5471635,0.23258361,-0.87943643,-0.56920534,-0.5692053,-0.5682011,-0.7166944,-0.56190574,-1.154629,0.038942285,-1.1867337,-1.1817207,-1.1817207,-1.1838034,-1.0842937,-0.37907696,-0.35092723,0.517738,-0.85856706,-0.4678419,-0.46784052,-0.57352996,-1.0050269,-1.2115698,-0.84037364,0.6151606,-1.5513347,-1.2464285,-1.2464287,-1.2572705,-1.2623268,-1.1676811,-0.75925213,-0.34728593,-1.7202232,-1.5426519,-1.5426519,-1.5615976,-1.5057342,-1.5845937,-0.8783215,0.3098955,-0.6292879,-0.77631694,-0.7763172,-0.7514382,0.29303902,-0.49015042,-0.38039157,0.34146112,-0.1833266,0.012154641,0.012154092,0.0154671995,0.295624,0.40282288,-0.18407437,0.23124775,0.41437638,0.38715383,0.38715386,-0.092480615,0.38231584,-0.060124032,0.15958948
CCC(C)(C)C,-3.55,-1.5714213,-1.6646726,-1.6305158,-1.6305157,-1.6223065,-2.1108165,-1.5731931,-0.45215195,-3.8921704,-1.3216987,-1.9991908,-1.9991903,-1.9958538,-1.914019,-1.9895072,-1.9409465,-4.40273,-1.7076805,-1.8619753,-1.8619753,-1.8654449,-1.7727858,-2.697075,-2.768589,-2.5833397,-1.9854734,-2.4755805,-2.4755797,-2.625799,-2.7624915,-3.4056692,-2.3123684,-3.3001323,-2.0640638,-2.4673152,-2.4673157,-2.463262,-2.3341134,-2.4477093,-1.6272064,-0.92239076,-1.5908535,-1.4062805,-1.4062803,-1.4110142,-1.4097565,-1.4450297,-1.2241073,-3.8153796,-3.58051,-3.1744783,-3.1744785,-3.1750982,-3.3756766,-3.1642835,-2.7838483,-4.2118235,-2.6388357,-2.6478593,-2.6478593,-2.6590245,-1.9979726,-3.04209,-2.2281892,-2.2610643,-1.9111205,-1.8629029,-1.8629029,-1.8052486,-1.8074924,-1.8406363,-1.7602712
CSc1nnc(c(=O)n1N)C(C)(C)C,-2.253,-2.6991718,-3.1123886,-2.7104645,-2.710465,-2.7151618,-2.9692402,-2.7498071,-2.0407808,-1.5491637,-2.3874753,-1.9809173,-1.9809167,-1.9660441,-2.016468,-1.9855798,-2.3591807,-2.3223698,-3.9897838,-3.7122562,-3.712257,-3.7130172,-3.8657272,-2.5579953,-2.2881124,-2.8789148,-2.0082805,-2.4191768,-2.419176,-2.4674766,-2.976832,-3.1882424,-2.3442318,-3.056533,-2.9461424,-2.8537252,-2.853726,-2.8986385,-2.9478967,-2.9373474,-2.3554265,-2.3595397,-3.0773282,-2.2231734,-2.2231731,-2.2930372,-2.2280834,-2.3909266,-1.7319852,-2.2019048,-2.5250974,-2.9832613,-2.9832616,-2.9660165,-3.3011916,-2.7139657,-3.2316837,-1.336687,-2.2717485,-2.0492985,-2.0493007,-2.0663815,-1.2824458,-1.7047513,-1.9482901,-2.2031417,-2.251505,-2.2927458,-2.2927454,-2.2327702,-2.2994664,-2.388593,-2.3781183
CC1CC2C3CC(F)C4=CC(=O)C=CC4(C)C3(F)C(O)CC2(C)C1(O)C(=O)CO,-5.613,-4.572596,-5.48729,-5.0923495,-5.0923495,-5.0815115,-5.4355545,-5.087968,-4.4876847,-3.96996,-3.4321108,-2.8705976,-2.8705974,-2.8537743,-3.061665,-2.8948905,-3.2732177,-5.5277815,-2.880585,-2.6198618,-2.6198618,-2.5872302,-2.531666,-3.8158665,-3.422765,-4.68667,-3.3317513,-3.6799653,-3.6799653,-3.9115915,-3.1720858,-3.5468807,-3.9538698,-4.2820916,-4.9738708,-4.94973,-4.9497304,-4.9520283,-5.067807,-5.0074534,-4.382439,-4.6561565,-4.260101,-4.2754,-4.2754,-3.9393964,-4.1683884,-3.8681781,-4.5762825,-3.9987419,-3.2927134,-3.7304199,-3.7304196,-3.666674,-3.901306,-3.2092147,-3.905054,-3.9694247,-3.913939,-3.455909,-3.4559093,-3.3959255,-2.3848927,-3.015454,-3.022523,-5.6375685,-4.030393,-3.971473,-3.971473,-3.9498308,-4.3266907,-4.8448625,-3.9649246
CN(C)C(=O)NC1CC2CC1C3CCCC23,-3.1710000000000003,-3.321652,-3.4227414,-3.1114547,-3.1114542,-3.089121,-3.4314852,-3.0233047,-2.484648,-3.6915054,-3.172986,-3.4013834,-3.4013832,-3.360235,-3.6026769,-3.389002,-3.0226078,-3.793164,-4.0932207,-3.7945757,-3.794576,-3.789494,-3.8502648,-3.174215,-3.16509,-3.6192195,-3.5455158,-4.428692,-4.428693,-3.461283,-4.4237685,-4.9195113,-3.8161268,-3.3635564,-3.2526371,-3.197781,-3.197781,-3.2107434,-3.34007,-3.1409607,-2.9858837,-3.3828983,-3.5494275,-3.0461323,-3.0461326,-2.9024296,-3.10078,-3.3051174,-3.3519223,-3.0819144,-3.7416537,-4.2091947,-4.209195,-4.162481,-3.4145243,-3.8103187,-3.8622582,-3.3453457,-4.5337977,-4.4980035,-4.498004,-4.518753,-3.4315503,-4.151358,-4.284833,-3.183212,-2.824935,-2.7758977,-2.775898,-2.6292565,-2.7544365,-2.5466864,-2.2867613
COP(=S)(OC)SCC(=O)N(C)C=O,-1.995,-2.4859345,-3.5162995,-3.3199823,-3.319983,-3.2962325,-3.588247,-3.0720365,-2.5773845,-2.7596533,-2.1162872,-1.9684868,-1.9684864,-1.9021207,-1.697835,-1.9077499,-2.1367145,-1.708334,-3.4169674,-2.7776701,-2.77767,-2.821,-2.988583,-1.3250208,-1.2013291,-1.5603005,-0.91947967,-1.2277923,-1.2277908,-1.5289166,-1.7841903,-2.0373187,-1.5873182,-2.0347567,-3.2407987,-3.0182247,-3.0182245,-3.018016,-3.1970255,-2.9427032,-2.7999442,-2.8606315,-3.3218713,-3.6754014,-3.6754012,-3.5222101,-3.6663256,-3.5608413,-4.359148,-2.1571774,-2.4621806,-2.7075102,-2.7075105,-2.7187202,-2.710081,-2.6197193,-2.3281484,-2.0374827,-2.0783765,-2.1546443,-2.154645,-1.802713,-1.1682675,-2.1773756,-1.799813,-2.0663326,-2.832654,-2.222954,-2.2229543,-2.3150718,-2.366655,-2.4610322,-2.381106
Clc1cccc(Cl)c1c2ccccc2 ,-5.21,-2.9520512,-3.2694192,-2.8741925,-2.8741922,-2.8586369,-3.0922933,-2.8418987,-2.4848177,-5.304353,-4.793677,-5.196129,-5.196128,-5.155742,-5.058199,-5.2040143,-5.4830456,-5.5944514,-4.2490315,-4.300784,-4.300785,-4.317565,-4.2951884,-5.6266875,-5.3574767,-5.284818,-4.0312843,-4.316696,-4.3166957,-4.6727242,-4.8281693,-5.3362684,-4.190212,-5.12297,-3.877299,-5.210476,-5.2104764,-5.2671556,-4.9128203,-5.4596634,-5.724588,-4.7192106,-3.1771033,-3.4224265,-3.4224262,-3.4103377,-3.4093833,-3.3762784,-4.0201445,-5.566901,-5.8346114,-6.3317018,-6.331702,-6.322662,-5.5626526,-6.1773806,-4.9637494,-4.7661123,-5.3505874,-4.9712887,-4.971291,-4.9808407,-4.1111145,-5.139121,-5.1696043,-5.25756,-5.756729,-5.80523,-5.8052297,-5.787004,-5.9042687,-5.7854943,-5.3020487
Clc1ccc(CN(C2CCCC2)C(=O)Nc3ccccc3)cc1,-5.915,-4.902976,-5.7517304,-5.2221556,-5.2221556,-5.2006187,-5.569352,-4.966629,-3.949681,-5.5596213,-4.2535224,-4.430794,-4.430794,-4.391048,-5.0682645,-4.53681,-4.9069905,-6.1201797,-4.713305,-4.6927843,-4.6927843,-4.7146044,-4.956972,-5.0211296,-5.0680056,-5.733351,-5.527235,-5.8168316,-5.81683,-5.816743,-5.845532,-6.761394,-5.342862,-5.1314154,-5.131167,-5.1764293,-5.176429,-5.1299834,-5.2782183,-5.1285605,-4.5720406,-4.8826437,-4.536403,-4.9736047,-4.973605,-4.823695,-4.823187,-4.673701,-4.708881,-5.887193,-4.1553288,-4.4840407,-4.4840403,-4.5490003,-4.9321814,-4.3049064,-4.1359873,-4.3252463,-5.5356627,-5.1123505,-5.11235,-5.1520667,-3.8993707,-4.4583063,-4.935479,-5.8790207,-5.9194174,-6.0583405,-6.0583405,-6.037705,-6.132412,-6.001818,-5.9855394
CC34CCC1C(CC=C2CC(O)CCC12C)C3CCC4=O,-4.12,-3.7387912,-3.9960527,-3.676785,-3.6767852,-3.6682744,-4.051583,-3.680294,-3.242524,-4.3108487,-3.9159951,-4.241873,-4.241873,-4.1773543,-4.535538,-4.2819877,-4.213545,-4.524817,-3.7571716,-3.6719906,-3.6719909,-3.6563168,-3.7203093,-4.038562,-3.926936,-4.5484467,-4.6293173,-5.0281644,-5.028165,-5.0154166,-4.7642236,-5.566091,-4.8523135,-4.527026,-3.9296613,-3.8093615,-3.8093617,-3.832225,-3.9653504,-3.8679214,-3.0711563,-4.086961,-3.448516,-3.4616864,-3.4616864,-3.3174746,-3.4393494,-3.388077,-3.923722,-4.4253488,-3.5205832,-3.9323235,-3.9323235,-3.8945577,-4.177177,-3.4796224,-3.8164687,-3.854782,-5.2612414,-5.0805564,-5.080556,-5.085313,-3.692523,-4.422928,-4.590481,-4.177935,-4.151642,-4.0144663,-4.014467,-3.99112,-4.133145,-4.169415,-4.41816
Cc1c(cc(cc1N(=O)=O)N(=O)=O)N(=O)=O,-3.22,-3.351602,-3.5725744,-3.5782027,-3.5782027,-3.5621939,-3.9137309,-3.5515778,-4.5198774,-3.3647232,-2.0344796,-3.3413963,-3.3413963,-3.3381436,-3.4466429,-3.3415987,-3.5905929,-3.303767,-3.7180798,-3.4304378,-3.4304378,-3.453932,-3.627288,-2.8968859,-2.605672,-3.1909988,-2.7722552,-3.4214091,-3.421409,-3.7106388,-3.7151315,-4.2905617,-3.0839214,-3.201157,-2.701111,-2.8673797,-2.8673794,-2.8469841,-3.151571,-2.785068,-2.993973,-3.3491032,-2.6983566,-2.3907435,-2.3907433,-2.3143787,-2.4405837,-2.2839367,-2.194159,-3.0814326,-2.7022285,-3.3175788,-3.3175788,-3.230889,-3.3012605,-2.854787,-3.6751106,-3.212666,-4.507,-3.7695284,-3.769528,-3.759002,-3.2842646,-3.5652585,-2.898637,-3.2035732,-3.1710327,-3.2495997,-3.2496002,-3.2067819,-3.2505517,-3.0968213,-3.289749
Clc1ccc(Cl)c(c1)c2c(Cl)c(Cl)cc(Cl)c2Cl ,-7.42,-7.851425,-4.861585,-4.998406,-4.9984064,-4.990663,-5.283136,-4.939581,-6.978075,-7.7889314,-7.8374896,-8.180367,-8.180366,-8.130063,-7.659416,-8.237724,-8.214188,-7.7886,-6.643631,-6.9902854,-6.9902864,-7.015704,-7.016555,-7.282837,-7.997542,-7.751809,-6.9144497,-7.4996777,-7.499677,-7.9177265,-7.877678,-8.329471,-7.1872315,-7.6707826,-4.248285,-4.463559,-4.4635587,-4.4308167,-4.6264644,-5.1921897,-6.0752773,-6.6088104,-3.2148185,-3.4299119,-3.429912,-3.4091656,-3.4611504,-3.4397426,-4.2464194,-8.144051,-5.8656416,-6.3677087,-6.367709,-6.4092183,-7.69558,-6.2324934,-7.7623267,-7.274968,-8.647105,-7.8287864,-7.828786,-7.820648,-7.221322,-8.831303,-8.049392,-7.4180384,-8.989426,-9.446754,-9.4467535,-9.303675,-8.908812,-9.076142,-8.335322
Clc1ccc(c(Cl)c1)c2c(Cl)ccc(Cl)c2Cl ,-7.43,-5.7435045,-4.2897944,-4.105143,-4.105143,-4.102529,-4.4042535,-4.1113653,-4.4613314,-7.6859207,-7.0174356,-6.8780985,-6.8780966,-6.83301,-6.654185,-6.905156,-7.346719,-7.6536636,-6.798259,-7.360221,-7.360221,-7.3811255,-7.5506024,-7.377614,-7.1294327,-7.201889,-5.9730372,-6.5725055,-6.5725036,-7.0900855,-6.937043,-7.5340476,-6.6416893,-7.0380783,-3.4866831,-3.5140057,-3.5140057,-3.5449903,-3.6713293,-3.6279325,-3.8142023,-7.0042443,-3.414851,-3.7090726,-3.7090726,-3.694365,-3.6911523,-3.6829298,-4.535017,-7.6241655,-5.4652634,-6.2079315,-6.2079315,-6.199701,-7.7305284,-5.9196987,-7.333881,-7.4761786,-7.847355,-7.1698747,-7.169875,-7.1902227,-6.4094567,-7.609445,-7.4207473,-7.401366,-7.4407835,-7.2967772,-7.296775,-7.2888546,-7.2840347,-7.3778377,-7.2278223
CCCCC(=O)OCC,-2.25,-2.7328374,-2.6522875,-2.3506162,-2.3506162,-2.3498163,-2.62699,-2.3431168,-1.635331,-1.1749091,-1.921243,-1.5267313,-1.5267315,-1.5274037,-1.712072,-1.5295651,-1.8282278,-1.6863346,-2.3005974,-2.2613776,-2.2613778,-2.2671824,-2.2002141,-2.2946177,-2.2121491,-1.1957072,-1.5210947,-1.7943518,-1.7943512,-1.9790714,-2.141771,-2.6751578,-1.6123124,-1.3014679,-2.5497608,-2.4970312,-2.4970317,-2.5641427,-2.6455674,-2.5623283,-2.0671287,-1.6784563,-3.1212568,-3.033892,-3.0338922,-2.9121656,-3.031197,-2.9566655,-3.3186526,-1.7607248,-2.1800158,-2.82388,-2.8238807,-2.7695162,-2.20476,-2.4173007,-2.161192,-1.3367084,-2.4833958,-2.1056805,-2.1056812,-2.1295598,-1.3974713,-1.6858728,-2.0849748,-2.2217824,-2.2994113,-2.326412,-2.3264124,-2.296862,-2.3763187,-2.3435857,-2.432983
CC(=O)Nc1ccc(Br)cc1,-3.083,-2.6362312,-2.9324431,-3.0053766,-3.005376,-3.022781,-3.4693618,-3.0841084,-2.5452194,-3.3664334,-3.5611362,-2.514169,-2.5141695,-2.4910765,-2.7391658,-2.545655,-2.6802087,-3.2128024,-2.7237656,-2.7432604,-2.7432604,-2.7536807,-2.657099,-3.721885,-3.974976,-2.3796718,-2.2463143,-2.4184914,-2.41849,-2.7387354,-3.152402,-3.3529205,-2.4699764,-2.9606597,-2.3586478,-2.319922,-2.319923,-2.3870914,-2.3514593,-2.4257581,-2.6457393,-3.2567837,-3.2506096,-3.5432076,-3.5432076,-3.5213966,-3.5218017,-3.5096138,-4.2197337,-2.6571367,-2.2180207,-2.4499018,-2.449902,-2.407613,-1.798611,-2.0534346,-1.804118,-2.8730495,-3.7765002,-3.1165683,-3.1165698,-3.0999992,-2.5112224,-3.2673316,-3.2793257,-3.0215237,-2.954876,-3.116975,-3.116976,-3.04654,-3.1124442,-3.0414135,-3.1249306
CCOCC,-0.09,-1.143785,-1.6640477,-1.2605169,-1.2605168,-1.2776178,-1.494968,-1.3020179,-0.6355423,-0.61818916,-1.0224631,-0.40247738,-0.40247726,-0.4002383,-0.52526087,-0.40597442,-1.0551224,-0.14963576,-1.192312,-1.1449083,-1.1449083,-1.1470293,-1.0523634,-0.42075807,-0.43440157,0.308853,-0.51140875,-0.29640388,-0.2964031,-0.46606907,-0.74648494,-1.1424576,-0.56916153,-0.48965484,-2.5703073,-2.008237,-2.0082366,-1.803703,-2.0074432,-1.8003614,-1.4272017,0.25379738,-2.0031762,-1.8404945,-1.8404949,-1.8544431,-1.7806711,-1.8732074,-0.9618446,-0.02650306,-0.4098908,-0.43924028,-0.43924028,-0.4242437,-0.6422122,-0.21927734,-0.5079767,-0.21520916,-1.1169066,-0.9136689,-0.9136692,-0.90647036,-0.5244637,-0.68199056,-0.949492,-0.22845364,-0.46400204,-0.4577353,-0.45773524,-0.397658,-0.449573,-0.40374756,-0.49633193
CCOP(=S)(OCC)Oc1nc(Cl)c(Cl)cc1Cl ,-5.67,-5.13633,-4.9267116,-4.724438,-4.7244387,-4.7184515,-5.0348773,-4.6931043,-4.670387,-5.479892,-3.994986,-4.8888197,-4.8888197,-4.831187,-5.039286,-4.8614736,-4.7145057,-5.6307626,-5.915182,-5.7745533,-5.7745543,-5.800402,-5.913356,-5.638234,-5.7947235,-5.2572045,-5.7774467,-5.874176,-5.874175,-5.843314,-6.5498815,-6.7979927,-5.276496,-5.1051774,-4.5071607,-4.4656734,-4.4656734,-4.4251056,-4.62037,-4.744724,-4.413411,-4.15662,-3.8422675,-4.354412,-4.354412,-4.318451,-4.313696,-4.2919946,-4.694476,-5.8092723,-3.027227,-3.3778741,-3.377874,-3.3520145,-3.2231247,-3.1056838,-3.2794955,-5.0045276,-5.284939,-5.1895638,-5.1895647,-5.2642145,-3.7758448,-5.6923285,-5.031906,-5.6838293,-5.6772676,-5.795108,-5.795108,-5.7451353,-5.8815484,-5.6569495,-5.7215786
O=N(=O)c1ccc(cc1)N(=O)=O,-3.39,-3.3937669,-2.5875325,-2.6747837,-2.6747832,-2.6872258,-3.105335,-2.7294862,-2.781335,-3.4232578,-0.81239,-2.9964905,-2.9964914,-2.991464,-2.8905518,-2.9931133,-1.9988923,-3.3429546,-2.310007,-2.4341245,-2.4341247,-2.4448524,-2.3572285,-3.1143613,-3.6503832,-2.3573854,-1.9760001,-2.2346933,-2.234694,-2.6436813,-2.8542426,-3.2898908,-2.2968986,-3.5494199,-3.7473948,-2.8327305,-2.8327308,-2.9111056,-3.184819,-2.8575287,-3.4180658,-3.2378628,-2.9991202,-3.3387105,-3.3387103,-3.2828689,-3.282192,-3.4337666,-4.204802,-2.9726195,-2.1508667,-2.833452,-2.8334522,-2.7450612,-2.989409,-2.3329177,-3.0647948,-3.2328076,-2.6858969,-2.031216,-2.0312157,-2.0280402,-1.7483472,-2.6793485,-2.4641237,-3.3266244,-3.3036976,-3.3617003,-3.3617,-3.3181903,-3.4156733,-3.0966375,-3.4613917
Cc1ncnc2nccnc12,-0.466,-1.6762693,-2.3330455,-2.160571,-2.160571,-2.156329,-2.335427,-2.1650317,-1.7794042,-1.4511644,-2.2543328,-1.5986488,-1.5986489,-1.5965313,-1.7515486,-1.581399,-2.147848,-0.98493403,-1.5671095,-1.6183668,-1.6183666,-1.6222017,-1.5430524,-1.3623389,-1.5199845,-0.386932,-1.109318,-1.372514,-1.3725144,-1.8308004,-1.8664403,-2.2981524,-1.1156143,-0.6705128,-1.9302937,-2.3429012,-2.3429012,-2.2989328,-2.3764017,-2.270287,-2.042344,-0.10440681,-2.3276231,-2.421583,-2.421583,-2.4046948,-2.4586663,-2.418164,-2.3996246,-0.39292127,-1.8956101,-2.075721,-2.0757213,-2.0512779,-1.7256489,-1.7291373,-1.6561327,-0.6084146,-2.032244,-1.7946349,-1.7946352,-1.7852869,-1.2471535,-1.6547849,-1.7813517,-0.5056963,-0.33586457,0.02547821,0.025478333,-0.014813045,-0.0011464823,-0.17257304,-0.5578695
c2ccc1nc(ccc1c2)c4ccc3ccccc3n4 ,-5.4,-6.2732015,-3.7477057,-4.0427713,-4.0427713,-4.0538535,-4.669325,-4.1293902,-4.7496867,-6.6386833,-5.679733,-5.4927206,-5.49272,-5.4827447,-6.0642886,-5.4935174,-5.391,-5.4353724,-4.7501287,-4.994271,-4.994271,-4.9926744,-4.809718,-6.2918816,-6.072596,-4.724887,-5.699356,-5.8572845,-5.857285,-6.013703,-6.2795963,-6.7582135,-5.2464347,-5.4992995,-5.5601444,-5.9167495,-5.9167495,-6.0981674,-5.8646135,-5.9429765,-6.5877657,-5.5035677,-4.997389,-5.202214,-5.202214,-5.2541156,-5.0506134,-5.114169,-4.842452,-5.6284323,-5.8759246,-6.5843797,-6.5843787,-6.600413,-5.4000597,-6.5792665,-5.1075478,-6.1680856,-6.6931186,-6.771711,-6.7717123,-6.7536874,-5.869075,-6.792237,-6.8702917,-5.40746,-5.32971,-5.4960394,-5.496039,-5.415768,-5.579462,-5.412937,-5.4465704
Clc1c(Cl)c(Cl)c(N(=O)=O)c(Cl)c1Cl,-5.82,-4.4422207,-3.7705173,-3.8362405,-3.83624,-3.8197374,-4.249597,-3.8142366,-5.5359755,-5.9300923,-2.9248624,-5.0191126,-5.019112,-5.026876,-5.0871463,-4.8653436,-5.5325704,-6.0208197,-4.7134094,-4.557745,-4.557745,-4.578044,-4.837741,-4.8556185,-4.418531,-5.3299723,-5.6930366,-6.786753,-6.7867546,-6.9281516,-7.2295117,-7.403835,-6.3540726,-5.6157866,-2.484722,-2.458345,-2.4583452,-2.4503534,-2.610637,-2.3738537,-2.9051151,-5.6432986,-2.5573456,-2.7101088,-2.7101083,-2.6998963,-2.7561052,-2.7103152,-2.7854502,-5.880899,-1.1458694,-1.6189228,-1.6189228,-1.6340212,-1.9467161,-1.4088258,-1.9190049,-5.4485245,-5.3528566,-5.30533,-5.3053308,-5.3138385,-4.5833015,-5.3122635,-4.905087,-5.7912226,-4.00985,-4.2401495,-4.2401476,-4.1897464,-4.5057497,-3.9262478,-3.927547
CCCCOC,-0.99,-1.8155295,-1.9258788,-1.6557604,-1.6557605,-1.6621763,-1.9403573,-1.657478,-1.1069775,-1.1535228,-0.9575569,-1.3349152,-1.334915,-1.3328115,-1.2462621,-1.3042845,-1.4932823,-1.0150892,-1.4334669,-1.3988632,-1.3988632,-1.4038911,-1.2836822,-0.85129184,-0.8370412,-0.43455535,-0.8735724,-0.85693926,-0.85693896,-1.0356027,-1.2574836,-1.7269825,-0.96666497,-1.1180928,-1.9773141,-2.0488038,-2.048804,-1.9394072,-2.003388,-1.8595617,-1.6894039,-1.5256988,-2.4254951,-1.9667163,-1.966716,-1.9193246,-2.0068421,-2.046038,-2.0838702,-0.94327486,-1.245792,-1.3056349,-1.3056347,-1.2762014,-1.1695502,-0.9938371,-0.9912759,-1.2196968,-2.1385202,-2.038656,-2.0386558,-1.925148,-1.3117783,-2.2974572,-1.8362432,-0.95869523,-0.85374904,-0.8816655,-0.8816654,-0.8551763,-0.87902814,-0.8276151,-0.9103563
Oc1ccncc1,1.02,-0.31164357,-1.9238298,-1.6315614,-1.6315613,-1.6341399,-1.7349156,-1.6398368,-0.6965087,0.101595506,-0.77763516,0.029646933,0.029647287,0.024472797,-0.20071833,0.049678236,-0.7373821,0.41613355,-1.0867712,-1.0702646,-1.0702647,-1.0719874,-0.9874318,-0.09814022,-0.23419419,1.5505669,-0.69098455,-0.4807328,-0.4807312,-0.82757384,-0.9939048,-1.2547764,-0.7797105,1.1309091,-1.4297738,-1.1830108,-1.1830108,-1.1219026,-1.3474516,-1.0882108,-0.4185476,1.1304601,-1.917567,-1.9281228,-1.9281228,-1.9244411,-1.9035175,-1.9825723,-1.4693737,0.8686303,0.03311373,-0.5024081,-0.5024076,-0.46335685,-0.40614688,-0.19925855,-0.4778313,1.1992216,-0.0302008,0.017504776,0.01750466,0.028535623,0.19556391,0.18844351,-0.12401607,1.0946807,1.0861701,1.0532714,1.0532714,1.083968,1.1191242,1.233287,0.8911915
c1ccc(cc1)c2ccccc2,-4.345,-2.4486158,-2.739488,-2.5061672,-2.5061677,-2.519852,-2.7927353,-2.5668378,-1.758557,-4.385858,-3.709066,-4.2468576,-4.246856,-4.2047553,-4.244825,-4.267077,-3.997844,-4.8235703,-2.9195144,-2.9962742,-2.9962745,-3.0054717,-2.9105551,-3.9532087,-3.958151,-3.9394221,-3.0683627,-3.2418892,-3.2418904,-3.4823296,-3.7563577,-4.191269,-3.3507965,-4.232273,-4.7085385,-4.406805,-4.406804,-4.729511,-4.3846455,-4.8598046,-4.6808085,-4.515529,-3.2593737,-3.5272043,-3.527204,-3.516389,-3.4950728,-3.4633462,-4.1241336,-4.852618,-5.7034407,-6.2666297,-6.2666297,-6.226211,-5.6281166,-6.0760717,-4.5470405,-3.582227,-4.4612346,-4.2492976,-4.2492986,-4.2525525,-3.3384757,-4.030666,-3.8339267,-4.5356812,-4.3279324,-4.4434233,-4.4434237,-4.365357,-4.443234,-4.268109,-4.358483
Cc1cccc(C)c1O,-1.29,-1.7491604,-2.2386944,-2.0308998,-2.0308995,-2.0235376,-2.1641667,-2.019513,-1.5678678,-0.82562053,-1.7786807,-1.2239704,-1.2239704,-1.2301506,-1.38784,-1.2088329,-1.7794685,-1.0778872,-1.7894781,-1.8647932,-1.8647931,-1.8695415,-1.7843307,-1.2180349,-1.2423298,-1.1067486,-1.9574159,-2.049102,-2.0491004,-2.2079062,-2.4882336,-2.9811797,-2.0886757,-1.2620342,-1.8603897,-2.2652683,-2.265268,-2.208912,-2.307165,-2.1754355,-1.4498707,-1.0781691,-2.19562,-2.2314875,-2.2314878,-2.2229362,-2.2153208,-2.2279146,-1.8959346,-1.4565402,-1.243223,-2.1299295,-2.1299298,-2.0699942,-1.6294171,-1.7005851,-1.5501959,-1.0074786,-1.8945626,-1.600948,-1.6009481,-1.5990752,-1.1464713,-1.6720666,-1.8316097,-1.3104848,-1.1295985,-1.221773,-1.2217729,-1.1863059,-1.1875236,-1.1972855,-1.1960335
O=c2[nH]c1CCCc1c(=O)n2C3CCCCC3,-4.593999999999999,-2.9965196,-3.3898392,-3.0721617,-3.0721612,-3.0785244,-3.3666112,-3.1243815,-2.496057,-2.9009824,-3.093463,-2.7186987,-2.7186985,-2.693226,-2.9931645,-2.7498279,-2.7622259,-4.3003263,-4.038055,-3.629188,-3.629188,-3.628287,-3.8387642,-3.1404808,-3.0006018,-3.8145764,-3.6444309,-4.6564846,-4.656486,-4.54194,-4.638041,-5.3769536,-4.496286,-3.498629,-3.3947756,-3.7039683,-3.7039685,-3.6028118,-3.7829447,-3.7340941,-2.9825003,-4.468011,-3.3491397,-3.0228167,-3.0228162,-3.0168312,-3.0965378,-3.136469,-2.9850652,-4.4986844,-3.604845,-4.0209093,-4.0209093,-4.0388966,-3.9795296,-3.7829568,-4.116411,-3.1484036,-4.229348,-3.9812522,-3.9812534,-3.9881651,-3.0876172,-3.4201992,-4.000712,-4.612439,-4.5789547,-4.6309676,-4.6309676,-4.5964255,-4.674801,-4.6798725,-4.7128677
Oc1cccc2ccccc12,-2.22,-1.8761768,-2.3757133,-2.313026,-2.3130262,-2.308494,-2.531525,-2.3201995,-1.9332893,-2.2787395,-2.6657643,-2.4278927,-2.427894,-2.4264438,-2.496923,-2.411785,-2.8118365,-2.4052796,-1.9370329,-2.0631685,-2.0631685,-2.0691366,-1.9516524,-1.6751229,-1.6063389,-2.234079,-2.9868457,-3.1552155,-3.1552143,-3.3403788,-3.6050715,-4.0315,-2.81736,-2.4811182,-1.8922179,-2.2688923,-2.2688923,-2.2146096,-2.30848,-2.173268,-2.2119951,-2.259634,-2.3376358,-2.4290555,-2.4290555,-2.4145346,-2.4321342,-2.4224615,-2.2534215,-1.8468481,-1.3065355,-2.2530165,-2.2530162,-2.188428,-1.8576434,-1.8095564,-1.7224905,-2.2341018,-2.5446858,-2.4735687,-2.4735684,-2.4727247,-2.1919608,-2.135205,-2.070282,-2.1517503,-2.724434,-2.778167,-2.7781672,-2.7537682,-2.755328,-2.660007,-3.762527
CCCC(C)CO,-1.11,-2.2038245,-2.1061115,-1.537879,-1.537879,-1.5285995,-1.701528,-1.4735878,-1.137815,-0.82738763,-1.2542183,-1.5323151,-1.532315,-1.5263559,-1.4243307,-1.5262558,-1.6614008,-0.98611736,-1.668004,-1.6514329,-1.651433,-1.6574844,-1.5617181,-0.9610932,-1.0223883,-0.45346776,-1.4976139,-1.662279,-1.6622788,-1.6369735,-1.9686483,-2.4198413,-1.6269708,-1.3726357,-1.8850262,-1.6705894,-1.6705897,-1.690581,-1.742061,-1.6582934,-1.1901116,-0.5889944,-2.30871,-2.4703095,-2.4703093,-2.4226055,-2.4324164,-2.4504735,-2.2271554,-0.83966064,-1.5168089,-1.7832583,-1.7832581,-1.7442933,-0.7565618,-1.4223115,-1.1646241,-0.8455142,-1.1972711,-1.0096718,-1.0096724,-0.9956055,-0.4226022,-0.69994146,-1.0675967,-1.0536005,-1.3118197,-1.3854419,-1.385442,-1.3276742,-1.2618082,-1.2847499,-1.5315696
CC(C)Cc1ccccc1,-4.12,-2.5910115,-2.4938457,-2.0703585,-2.0703583,-2.077863,-2.307443,-2.0943918,-1.4222674,-4.0061073,-2.2401755,-3.316151,-3.3161502,-3.2923057,-3.0272467,-3.3046768,-2.7738626,-5.257033,-2.7069926,-2.7492387,-2.7492385,-2.761132,-2.6629627,-3.5421631,-3.4823828,-2.6936135,-2.6537507,-2.9363744,-2.9363742,-3.0365286,-3.1966014,-3.9059925,-2.7726781,-4.16304,-2.347955,-2.2371273,-2.2371273,-2.2848165,-2.2948983,-2.9878812,-2.062638,-3.08735,-2.6764903,-2.317373,-2.317373,-2.2410185,-2.3306723,-2.4581945,-2.8013787,-4.598474,-4.0223765,-4.328371,-4.328371,-4.275925,-4.5516243,-4.0402765,-3.856987,-4.0073404,-3.9104767,-3.9290142,-3.929015,-3.964942,-2.7253206,-4.0911565,-3.2020395,-3.9974551,-3.3942637,-3.3873942,-3.3873944,-3.3070328,-3.338464,-3.193775,-3.3775976
Oc1cccc(O)c1,0.81,-0.87166965,-2.1029127,-1.9041482,-1.9041483,-1.9044756,-2.0575037,-1.9139702,-1.1531898,-0.7002181,-0.811117,-0.11017674,-0.11017603,-0.12062491,-0.3392255,-0.09957066,-0.89866436,-0.041282248,-1.2985461,-1.333429,-1.3334287,-1.3362759,-1.2135395,-0.031538337,-0.21618691,0.7571802,-0.9457064,-0.8290939,-0.82909316,-1.202124,-1.2929482,-1.5998391,-0.9874368,0.25095043,-2.011321,-1.7684263,-1.7684265,-1.6207803,-2.056685,-1.5123023,-1.2218314,-0.025813699,-2.3464184,-2.6196854,-2.6196854,-2.506229,-2.5841413,-2.3575466,-2.4874055,0.62246174,0.2050042,-0.26246375,-0.26246357,-0.2161333,0.03890855,0.045917585,-0.07170133,-0.022793222,-0.2715864,-0.2515179,-0.25151774,-0.24397181,-0.10812039,-0.34447855,-0.38979036,0.88729656,0.82502294,0.8216756,0.8216759,0.8640083,0.87236017,0.7671618,0.5811084
CCC(C)C1(CC(Br)=C)C(=O)NC(=O)NC1=O ,-2.647,-3.5812988,-3.7319062,-3.5205991,-3.520599,-3.508761,-3.9039128,-3.454044,-3.418897,-2.980268,-2.8273325,-2.6297462,-2.6297462,-2.599821,-2.555818,-2.6106799,-3.1901636,-2.682391,-4.821476,-4.1965694,-4.1965694,-4.239949,-4.5366735,-3.3098829,-2.8569834,-3.086081,-2.7274554,-3.1385744,-3.1385736,-2.9986842,-3.1184213,-3.8207667,-3.1110053,-3.3132637,-3.3890588,-3.3871613,-3.3871617,-3.3175638,-3.5119872,-3.1159115,-2.6433678,-2.2780473,-2.7533457,-3.085489,-3.085489,-3.0346375,-3.1002064,-3.064893,-3.5953724,-2.4171007,-1.8827605,-2.4196904,-2.4196906,-2.4155164,-2.6632886,-2.1512256,-2.7865648,-2.284272,-3.1220746,-2.8123405,-2.8123407,-2.8100078,-1.940029,-2.5242956,-2.6550863,-2.6379864,-2.6563752,-2.7007647,-2.7007647,-2.6480615,-2.7734447,-2.80567,-2.6311188
CCC#N,0.28,-0.48095092,-1.0983504,-0.5061612,-0.50616103,-0.5180625,-0.65725493,-0.5403859,-0.3190056,-0.0849874,-0.1553114,0.092946365,0.0929464,0.08801436,-0.029327225,0.10744837,-0.5238841,-0.42219776,-1.0002947,-0.96438646,-0.96438664,-0.96531355,-0.9297315,-0.69197613,-0.8692244,0.3912058,-0.57145596,-0.35440552,-0.35440573,-0.58123004,-0.8926395,-1.2538875,-0.6698757,0.40182915,-1.4792644,-1.1719804,-1.1719801,-1.1865287,-1.2636708,-1.2189109,-0.509218,0.20362905,-1.4035373,-0.51324135,-0.51324135,-0.53730196,-0.6380027,-0.68774647,-0.6413148,0.29800552,-0.8330424,-0.6526139,-0.6526138,-0.6345592,0.04671742,-0.41954985,-0.39159486,0.47857398,0.41164324,0.4095383,0.40953797,0.4198587,0.56676054,0.3554141,0.35451537,0.38458133,0.10190083,0.18312718,0.18312721,0.18093653,0.13018152,0.15574062,0.2107282
CCCCCCBr,-3.81,-2.9222693,-2.3678482,-2.1217377,-2.121738,-2.099044,-2.4676356,-2.069721,-1.8847446,-3.6581159,-2.2672415,-3.3748698,-3.3748696,-3.366855,-3.0625105,-3.343087,-2.4956079,-3.786778,-2.422042,-2.4730694,-2.4730692,-2.489411,-2.3374348,-4.445663,-4.2484603,-3.154332,-2.7068856,-2.977835,-2.9778345,-3.4358451,-3.4503012,-4.1497703,-2.818126,-3.8205936,-2.371477,-2.4575348,-2.4575348,-2.3719776,-2.3673482,-2.2918596,-2.7617614,-2.7449222,-2.7955086,-2.6953804,-2.6953804,-2.5927386,-2.6813734,-2.6058848,-2.9720583,-3.8488793,-3.487604,-3.6091025,-3.6091018,-3.5689635,-4.630021,-3.322637,-3.9000137,-3.4182658,-3.910791,-3.6608956,-3.6608956,-3.7114413,-2.7883515,-4.583653,-3.8609283,-3.6540406,-3.9097447,-3.906992,-3.9069924,-3.9779198,-4.0302343,-4.002635,-4.1659174
CON(C)C(=O)Nc1ccc(Br)c(Cl)c1,-3.924,-4.0557494,-4.018488,-3.8888843,-3.8888843,-3.8932667,-4.3220053,-3.9361343,-3.5097148,-4.0292425,-3.8524604,-2.9064558,-2.9064553,-2.90239,-3.2554293,-2.8703225,-3.2532473,-3.7700539,-4.0014777,-3.6674967,-3.667497,-3.6738524,-3.602345,-3.634883,-3.3475654,-3.472641,-2.5255353,-2.6716735,-2.6716723,-3.1835492,-3.1623304,-4.0273156,-2.5877354,-3.9455628,-3.4694405,-3.5601182,-3.5601182,-3.5986233,-3.5996568,-3.603324,-4.851399,-3.3883674,-3.691813,-3.6884573,-3.6884575,-3.4562454,-3.6861072,-3.4840353,-4.081986,-3.5755782,-2.6264067,-2.9394763,-2.9394765,-3.075693,-2.9505763,-2.9159067,-2.778178,-3.929355,-3.4897842,-3.3246038,-3.3246045,-3.3331318,-2.3489933,-3.2798743,-3.4671273,-4.029959,-3.7780266,-3.9077098,-3.9077098,-3.835365,-3.9064033,-3.946618,-4.0004497
C,-0.9,-0.97617483,0.059915487,-1.8831993,-1.8831995,-1.8575016,-2.1742136,-1.7347043,-0.6675024,-1.2292126,0.63407725,-0.12213044,-0.12213043,-0.12655674,0.10869981,-0.11393599,-0.24925393,-1.5890629,-0.81614476,-0.71475154,-0.71475166,-0.7146135,-0.75257033,-0.60841036,-0.92425495,0.2806949,-0.34687358,0.030932406,0.030932639,-0.22275469,-0.5308891,-0.8672807,-0.3570737,-0.5519628,-0.96716523,-0.32622692,-0.3262269,-0.3093229,-0.42199838,-0.30379343,-0.9019254,-0.69594204,-0.69445384,-0.16289921,-0.16289923,-0.19116497,-0.17657422,-0.19898626,-3.6255884,-1.1070482,-1.284252,-0.8695238,-0.8695238,-0.8889408,-0.9336973,-0.9024008,-1.3013048,-0.5317249,-0.49678144,-0.48224863,-0.4822484,-0.46913326,-0.32223105,-1.044865,-0.9266345,-1.9183085,-1.4675025,-1.539308,-1.5393082,-1.4664589,-1.6305666,-1.3104426,-2.2925794
CC(C)=CCC/C(C)=C\CO,-2.46,-2.9631765,-2.9436507,-2.57209,-2.5720901,-2.5567224,-2.8222697,-2.391727,-1.972469,-2.7432227,-2.75912,-2.6681144,-2.6681144,-2.6086886,-2.852665,-2.7408845,-2.9117124,-2.4295015,-2.7751286,-2.4481852,-2.4481852,-2.4577396,-2.450772,-1.2937826,-1.5139315,-2.11337,-1.7834506,-2.4708426,-2.4708416,-2.5236135,-2.4924645,-3.1280086,-2.0422294,-2.574552,-2.7802732,-2.6463015,-2.6463013,-2.6640036,-2.7569902,-2.5882273,-2.384641,-2.954598,-3.233464,-3.549167,-3.549167,-3.4695582,-3.51749,-3.5018542,-4.428896,-2.6198423,-2.6184192,-2.9105341,-2.9105344,-2.8561442,-2.1200218,-2.5192077,-2.299696,-1.9901485,-2.042036,-1.9065202,-1.9065208,-1.7487103,-0.93072104,-1.5011601,-1.6977806,-2.3218336,-2.4932957,-2.4127815,-2.412782,-2.4132693,-2.382745,-2.598507,-2.3820832
CC12CC(=O)C3C(CCC4=CC(=O)CCC34C)C2CCC1(O)C(=O)CO,-3.11,-4.418596,-4.946855,-4.572575,-4.572575,-4.569996,-4.932877,-4.6135535,-4.001851,-4.4681463,-4.043642,-3.3421185,-3.342118,-3.29306,-3.703568,-3.3734252,-3.8471458,-3.9723217,-3.3951037,-3.2755244,-3.2755237,-3.2230415,-3.3260453,-4.182379,-3.7995322,-3.5854402,-3.7200387,-3.9534943,-3.9534936,-3.8028772,-3.707936,-4.011971,-3.961116,-4.2339296,-4.470922,-4.412547,-4.412547,-4.434068,-4.574051,-4.4964375,-4.1899214,-4.2011557,-4.53725,-4.4617376,-4.4617376,-4.032331,-4.3031616,-4.005475,-4.7371106,-3.9360058,-3.3481631,-3.8759515,-3.8759522,-3.9538062,-4.496858,-3.7064507,-3.9936576,-3.2982974,-4.207405,-3.7079835,-3.7079842,-3.6931503,-2.652785,-3.175911,-3.5330894,-3.294352,-3.139076,-3.1008332,-3.1008334,-3.0118508,-3.1453311,-3.2565534,-3.1784465
c1ccc2c(c1)ccc3ccccc32,-5.26,-3.4280457,-2.6738698,-2.676889,-2.676889,-2.678308,-3.0091295,-2.7100394,-3.0465558,-5.389884,-4.3754907,-5.24397,-5.24397,-5.1959147,-5.349792,-5.2639413,-5.1274524,-5.897223,-3.0631104,-3.195688,-3.1956882,-3.20538,-3.0888753,-4.3464994,-4.1894727,-5.0583434,-4.4434404,-4.9867496,-4.9867506,-5.1932206,-5.174337,-5.890961,-4.7201037,-5.05736,-3.7077963,-3.733908,-3.7339082,-3.8215134,-3.9680364,-3.7364256,-4.6818542,-5.158284,-3.151349,-3.4906497,-3.4906497,-3.473892,-3.4574404,-3.433841,-4.082133,-5.5802193,-6.318839,-6.6970115,-6.69701,-6.6709113,-6.245593,-6.525882,-5.113839,-5.5956316,-5.7418075,-5.83098,-5.830979,-5.8308816,-5.0338335,-5.9125133,-5.656947,-5.2475824,-5.9030533,-5.836048,-5.8360476,-5.843598,-6.0800543,-5.875086,-6.2923794
Clc1cc(Cl)c(cc1Cl)c2cc(Cl)c(Cl)cc2Cl ,-8.56,-6.3853393,-5.0109696,-4.854294,-4.854294,-4.8601847,-5.184914,-4.8953276,-5.373285,-8.060228,-7.65402,-7.8320045,-7.8320036,-7.78047,-7.658585,-7.8634973,-7.8636436,-8.742964,-6.444682,-6.9174237,-6.917424,-6.9469013,-6.906998,-7.9058275,-7.9121428,-7.860007,-6.8826027,-7.8585787,-7.858577,-8.222287,-8.435434,-8.67942,-7.322696,-8.226901,-5.88388,-6.289359,-6.289359,-6.4386396,-6.3121166,-6.42668,-7.6903896,-8.703966,-4.1874423,-4.5013857,-4.5013847,-4.515289,-4.3633385,-4.504764,-5.229811,-8.279192,-5.424742,-6.2763095,-6.27631,-6.2824435,-8.960523,-5.9483204,-8.404728,-7.8644066,-8.836795,-8.072021,-8.0720215,-8.072582,-7.284734,-8.317584,-8.0691805,-8.558149,-8.510321,-8.748157,-8.748156,-8.719454,-8.923616,-8.561622,-8.485554
CCN(CC)C(=S)SSC(=S)N(CC)CC,-4.86,-3.3379235,-4.1932087,-3.9067473,-3.9067473,-3.91083,-4.201253,-3.9440265,-2.8769586,-4.8571715,-4.6773653,-4.1170683,-4.117068,-4.5649776,-4.88456,-3.9445412,-4.3459244,-4.861121,-5.0320544,-4.8035107,-4.803511,-4.7948217,-4.843251,-4.933179,-4.649754,-4.5631704,-3.640675,-4.320811,-4.3208094,-4.4081626,-3.858252,-5.029946,-3.8980513,-3.9909637,-4.7902613,-4.837181,-4.837181,-4.446491,-4.934558,-4.393581,-4.3511305,-4.5718193,-3.8013718,-4.1742144,-4.1742144,-4.008291,-4.139886,-4.0744295,-4.629125,-5.284606,-3.5040307,-3.6750414,-3.6750417,-3.756859,-4.386956,-3.532378,-3.6310303,-4.7140117,-5.4515204,-5.0442977,-5.0442986,-4.9305587,-4.2206187,-4.294105,-5.0625925,-4.930664,-4.7936,-4.7105713,-4.710571,-4.743132,-4.7488256,-4.5385394,-4.8991756
O=N(=O)c1cc(Cl)c(Cl)cc1,-3.2,-3.728642,-2.7309341,-2.7514489,-2.751449,-2.7542987,-3.1096516,-2.790205,-3.225443,-3.095261,-2.2982185,-3.2859085,-3.2859085,-3.2946784,-3.2484171,-3.276786,-2.7813478,-3.2783303,-2.3892908,-2.544353,-2.544353,-2.5556173,-2.525874,-3.362831,-3.528863,-2.9222188,-3.06106,-3.4607909,-3.4607902,-3.7565827,-4.0541897,-4.5376134,-3.318981,-3.0524058,-2.0430758,-2.1847186,-2.1847186,-2.1543171,-2.3561776,-2.144152,-2.7168777,-3.1242676,-2.9681447,-3.016147,-3.016147,-3.031444,-2.9978032,-3.1013668,-2.7675693,-2.7772717,-1.7882426,-2.3963382,-2.3963387,-2.3303335,-2.5150404,-1.9650879,-2.5308235,-3.125297,-4.0359697,-3.2339985,-3.233998,-3.255543,-2.902297,-3.712281,-3.1212668,-3.135717,-3.3604035,-3.2918239,-3.2918239,-3.3064845,-3.3385108,-3.4001722,-3.2759578
CC1CCCO1,0.11,-1.3038229,-1.6032443,-0.8381209,-0.83812076,-0.8360467,-0.9758815,-0.8236607,-0.57434094,-0.8573971,-1.1761584,-1.1995655,-1.1995652,-1.1986953,-1.3025788,-1.2043064,-1.2779595,-0.2818229,-1.1943717,-1.1564052,-1.1564054,-1.1590077,-1.0714561,-0.65332973,-0.6477142,0.28110096,-0.8381434,-0.868958,-0.86895704,-0.8964479,-1.2297215,-1.7384455,-1.0041116,0.33460072,-1.6263566,-1.3869499,-1.3869498,-1.418408,-1.4119262,-1.406213,-1.109918,0.20875819,-1.6751434,-1.5009165,-1.5009164,-1.5121752,-1.4663887,-1.5663431,-0.9850226,0.004873323,-0.31450686,-0.32211724,-0.3221173,-0.3075075,-0.34922445,-0.09757541,-0.37690824,-0.50264317,-2.2458947,-2.030791,-2.0307918,-2.0334926,-1.5886215,-1.7533227,-1.6384718,0.11371289,-0.6102461,-0.40573385,-0.40573382,-0.4562506,-0.4023494,-0.49760044,-0.13770418
CCCCCCCC,-5.24,-3.1394763,-2.5848045,-2.4328086,-2.4328086,-2.4336948,-2.7911887,-2.431973,-1.9036301,-4.7057657,-2.1357574,-3.3143878,-3.3143878,-3.3485963,-3.3232737,-3.3022788,-2.347723,-5.225566,-2.4986143,-2.550585,-2.5505848,-2.5642638,-2.4214952,-4.1157775,-4.0280232,-4.498967,-3.4717164,-4.1505246,-4.150525,-4.512468,-4.259107,-5.562308,-3.6692727,-4.2233076,-3.05207,-2.979351,-2.9793513,-2.6089253,-3.1041167,-2.69486,-2.4936824,-3.989463,-3.5131702,-3.4824867,-3.4824872,-3.2008233,-3.4634514,-2.9645424,-4.2264466,-5.457712,-4.3092475,-5.0708804,-5.07088,-5.1186357,-5.6418457,-4.7438545,-5.018712,-5.015109,-3.92557,-4.0609527,-4.0609536,-4.078597,-2.8600094,-5.1340804,-3.8080087,-5.174586,-4.6371174,-4.840322,-4.8403234,-4.815191,-5.0486703,-4.793254,-5.119373
CCSSCC,-2.42,-1.7276049,-2.2813766,-1.8430626,-1.8430628,-1.849173,-2.0315328,-1.8415041,-0.8204951,-1.945092,-1.5686407,-1.5830631,-1.5830629,-1.5906821,-1.495323,-1.5802953,-1.5008876,-2.3462129,-1.5801888,-1.6152018,-1.6152017,-1.6178257,-1.5833281,-2.57507,-2.8775628,-2.0388923,-1.6881117,-1.9848305,-1.9848297,-2.209809,-2.6081302,-3.1080375,-1.7325972,-2.041704,-2.6736164,-2.668371,-2.6683712,-2.4936008,-2.5547454,-2.4647312,-2.5724125,-1.2028118,-2.5649238,-2.5614603,-2.5614605,-2.4072356,-2.4997172,-2.398126,-2.0998209,-2.690286,-4.2911644,-4.4701114,-4.470112,-4.442569,-3.0863736,-4.349142,-3.008104,-2.2034092,-2.5381775,-2.427364,-2.4273646,-2.414062,-1.731995,-2.0411546,-2.418957,-3.3213983,-2.4018989,-2.3951523,-2.3951526,-2.4191544,-2.5836306,-2.3409095,-2.99641
Oc1c(Cl)cc(Cl)cc1Cl,-2.34,-3.2896056,-2.928537,-3.0740788,-3.074079,-3.062633,-3.4167295,-3.072035,-3.7123318,-2.948713,-2.5157316,-3.2099688,-3.209968,-3.2203405,-3.0814247,-3.2003052,-3.0296583,-2.5535545,-3.0655212,-2.9635348,-2.963535,-2.9735627,-3.0156484,-3.4449635,-2.7023866,-1.6296021,-2.8258812,-3.1671495,-3.167149,-3.6109734,-3.624821,-4.0610437,-2.899084,-2.3376248,-2.096366,-2.6572263,-2.6572266,-2.5874338,-2.8086293,-2.5552535,-2.5451124,-2.1584277,-2.596368,-2.9034927,-2.9034932,-2.8742495,-2.87473,-2.984718,-2.978185,-2.2997882,-0.34669456,-1.1179065,-1.1179063,-1.070475,-1.2714939,-0.7583155,-1.0558577,-2.5215454,-2.6961436,-2.382931,-2.382931,-2.377216,-2.0633483,-2.7078242,-2.0698364,-2.2861292,-2.2167263,-2.2969792,-2.2969797,-2.209763,-2.2355568,-2.225256,-2.385626
CCCCC1(CC)C(=O)NC(=O)NC1=O,-1.661,-2.1955895,-3.3865767,-3.2412086,-3.241209,-3.229426,-3.4952576,-3.1553202,-2.4881203,-1.8947325,-1.8303344,-1.3618083,-1.3618081,-1.3361646,-1.455802,-1.3512652,-2.0004556,-2.5156662,-3.7764661,-3.4374907,-3.437491,-3.4664493,-3.5874448,-2.5937464,-2.3617024,-2.5907593,-2.8481562,-2.9241474,-2.9241471,-2.2772381,-3.0808105,-3.2697241,-2.944638,-2.2063167,-3.1242115,-3.2096303,-3.2096303,-3.094876,-3.3204153,-2.9245234,-2.7786312,-2.1558764,-3.2408679,-3.6180618,-3.6180623,-3.4682183,-3.5586085,-3.4157186,-4.2558794,-2.398051,-1.8554087,-2.38547,-2.3854702,-2.388163,-2.5863419,-2.126778,-2.6323302,-1.930547,-2.2587361,-1.8900976,-1.890098,-1.869493,-1.0964888,-1.6568217,-1.8092518,-1.7895834,-1.6793121,-1.7740582,-1.7740589,-1.7620171,-1.7811366,-1.7252007,-1.7482272
Clc1ccc(cc1)c2c(Cl)cccc2Cl ,-6.14,-3.9111552,-3.557925,-3.2369025,-3.2369022,-3.2333653,-3.5198927,-3.2644603,-3.1691625,-6.556533,-5.6507754,-5.5281887,-5.5281878,-5.48807,-5.480764,-5.5252953,-5.652189,-6.5871263,-5.2325735,-5.4533052,-5.4533052,-5.474981,-5.5470824,-6.6439247,-6.2726846,-6.165015,-4.768516,-5.2477183,-5.247719,-5.7727194,-5.782609,-6.3173385,-5.233339,-6.062657,-4.0200124,-5.2035007,-5.203501,-5.2872977,-5.049618,-5.458901,-6.2111726,-5.1748176,-3.342052,-3.6247559,-3.6247559,-3.6071079,-3.6060154,-3.606756,-4.397941,-6.5418825,-5.6441865,-6.28395,-6.2839503,-6.2804136,-6.780189,-6.0644813,-6.3348866,-5.8022223,-5.968253,-5.3703413,-5.3703423,-5.358142,-4.6442914,-5.708262,-6.062276,-6.120106,-6.797903,-6.7217846,-6.7217817,-6.743385,-6.727244,-6.74588,-6.343871
Nc1ccc(cc1)c2ccc(N)cc2,-2.7,-2.9443283,-3.1551747,-3.141299,-3.1412988,-3.1576676,-3.5716822,-3.2245786,-2.4549685,-3.3689208,-3.758062,-3.2411492,-3.2411485,-3.1962001,-3.5091789,-3.2788973,-3.604384,-2.8637056,-3.409131,-3.2877688,-3.2877688,-3.2891884,-3.2802455,-2.9284153,-2.9543746,-3.0476713,-2.6233456,-2.770468,-2.7704663,-3.13774,-3.349738,-3.7916167,-2.8101106,-3.2218602,-5.1736803,-5.02441,-5.02441,-5.4209447,-4.9809027,-5.5877576,-5.2418013,-3.0822854,-4.6730995,-4.5316515,-4.531652,-4.552224,-4.426431,-4.478234,-5.0142894,-2.9882255,-2.571753,-3.1717331,-3.1717334,-3.073033,-3.2030845,-2.588222,-3.170389,-2.8830178,-4.248536,-3.9325323,-3.9325328,-3.95132,-3.171525,-3.922055,-3.7318144,-2.6658416,-2.708469,-2.7207932,-2.7207928,-2.6837995,-2.6663563,-2.832416,-2.7198048
OCC(O)C(O)C(O)C(O)CO ,0.06,-2.1243958,-2.784717,-2.417259,-2.4172597,-2.4148617,-2.6644263,-2.403166,-1.9090233,0.6987064,-0.79815865,-0.21900317,-0.21900311,-0.19431633,-0.2963766,-0.20899887,-1.1100217,0.63336337,-1.5070293,-1.0773778,-1.0773778,-1.0882822,-1.0390943,0.42967308,0.8591127,0.6522296,-0.13887249,1.123914,1.1239171,0.34851804,0.55897266,0.5514029,-0.30431825,-0.4717734,-2.4222293,-2.3700895,-2.3700893,-2.3998654,-2.484474,-2.3867478,-2.1801977,-1.8078215,-2.9546664,-3.2080271,-3.2080274,-3.0046525,-3.171039,-2.916193,-3.8860843,0.37207463,-0.77237284,-0.94309574,-0.9430957,-0.89511067,-0.47762173,-0.6011477,-0.43193325,0.6595683,-0.6224295,-0.456473,-0.45647344,-0.41295767,0.31473008,0.08712758,-0.62396896,0.45261416,0.077120215,0.068326056,0.06832619,0.07591777,-0.020847665,-0.0045910385,0.034462407
COP(=S)(OC)Oc1ccc(N(=O)=O)c(C)c1,-4.04,-3.7257736,-3.9250445,-3.7124445,-3.7124443,-3.713845,-4.06022,-3.7281084,-3.3121996,-3.6530712,-2.6324806,-2.7674453,-2.767445,-2.7137263,-2.7551725,-2.7816617,-2.7883883,-3.8308265,-3.8593354,-3.4490483,-3.4490485,-3.4622726,-3.4982588,-2.7553115,-2.5855098,-4.1137476,-3.1365545,-3.1385224,-3.1385217,-3.3946922,-3.4405675,-4.0034456,-3.3472629,-3.6160035,-3.5545154,-3.286035,-3.286035,-3.3205125,-3.464783,-3.3125334,-3.5156877,-3.941283,-3.5639243,-3.9423645,-3.9423645,-3.881135,-3.9285266,-3.8261044,-4.569603,-4.1045027,-3.1468244,-3.5816019,-3.5816016,-3.5340712,-3.042002,-3.2150295,-3.255308,-3.4208322,-3.0599792,-2.9222844,-2.922285,-2.8638904,-1.9808536,-3.005704,-2.697608,-4.064491,-4.0448666,-4.058572,-4.058573,-4.0780916,-4.1969357,-4.1065583,-4.324844
CN(C)c1nc(nc(n1)N(C)C)N(C)C,-3.364,-3.0796256,-3.5483031,-3.4944103,-3.4944108,-3.4775827,-3.8070128,-3.470628,-4.0589657,-3.2438686,-2.0376966,-1.1486574,-1.1486577,-1.1377825,-1.6835427,-1.1124243,-1.8371308,-3.0914388,-3.8561645,-3.6901076,-3.6901078,-3.677777,-3.610815,-1.9882601,-1.9125348,-3.217818,-1.3553928,-2.2560604,-2.256059,-2.4295151,-2.3638427,-3.314622,-2.082442,-3.5595188,-3.5941837,-4.6819353,-4.6819353,-4.5015516,-4.7890067,-4.3758197,-5.174333,-3.3558908,-3.484859,-3.9342668,-3.9342666,-3.9351695,-3.9435747,-3.8392074,-4.5260944,-3.1279876,-2.704596,-3.0646756,-3.0646753,-3.0202546,-3.1926517,-2.655267,-2.9563165,-3.1703167,-1.6386638,-2.0785737,-2.0785756,-2.0877197,-1.2872778,-2.0909226,-1.9766577,-3.3267646,-1.0590545,-0.7520566,-0.75205666,-0.7738924,-0.7605846,-0.8886654,-1.8176569
Cc1cc(C)c(C)c(C)c1C,-4.0,-3.2365327,-2.679421,-2.3528779,-2.3528779,-2.3425958,-2.505281,-2.340858,-2.0204191,-3.718198,-2.4631224,-3.3727844,-3.3727841,-3.3609445,-3.530068,-3.3732836,-3.1840243,-4.610415,-3.0664477,-2.9861214,-2.9861217,-2.994212,-2.996054,-3.3719823,-3.1642416,-3.3173366,-2.4826782,-3.3277862,-3.327785,-3.421383,-3.4436722,-4.2387943,-2.8657272,-3.7721143,-3.648865,-2.7823894,-2.7823892,-2.8573263,-2.8751776,-2.733007,-4.1872606,-3.5987434,-2.4778037,-2.6240137,-2.6240134,-2.604681,-2.6820545,-2.6065092,-2.8940594,-4.43124,-4.7418075,-4.763867,-4.7638674,-4.7650843,-5.3178635,-4.66413,-4.441856,-4.3907003,-4.0781612,-4.168977,-4.1689777,-4.1698093,-2.9078565,-4.962893,-4.213423,-3.919414,-4.136438,-3.9970124,-3.9970126,-4.0854287,-4.156239,-4.403353,-4.0613723
C1Cc2cccc3cccc1c23,-4.63,-2.1198637,-2.4659252,-2.3701956,-2.3701956,-2.3605683,-2.5619779,-2.3589811,-2.1633484,-3.4183228,-3.5149236,-4.11726,-4.11726,-4.1097417,-4.23928,-4.1228037,-3.4949656,-4.472585,-2.3377671,-2.418001,-2.418001,-2.4234924,-2.3753736,-3.4100893,-3.4806254,-3.2812455,-3.4306185,-3.6432803,-3.6432788,-3.6395686,-4.149459,-4.574778,-3.6127448,-4.4144125,-3.4861333,-3.7580771,-3.758077,-3.716569,-4.276577,-3.5642805,-4.887075,-3.6535192,-2.2473364,-2.3334224,-2.3334222,-2.31117,-2.3820088,-2.3240087,-2.4614582,-4.917115,-5.538574,-5.36991,-5.3699102,-5.3607726,-4.5905256,-5.2965245,-3.8717766,-3.7385774,-4.537053,-4.0732493,-4.0732493,-4.050019,-3.4683752,-4.2211337,-3.7088642,-4.0330057,-3.2065783,-3.3584802,-3.35848,-3.313681,-3.3441958,-3.2094648,-3.810601
CCCC(=O)OCC,-1.36,-2.1615057,-2.3761768,-2.0441997,-2.0441997,-2.0588322,-2.2861257,-2.0789564,-1.2594949,-0.7109051,-1.2008734,-0.61861175,-0.6186116,-0.5955895,-0.8088203,-0.60778654,-1.27241,-1.1461185,-1.9271755,-1.9173037,-1.917304,-1.925302,-1.8563341,-1.7194494,-1.6835787,-0.7251204,-1.1419847,-1.2010972,-1.2010958,-1.2894633,-1.6660216,-2.0604167,-1.2492234,-0.90516126,-2.3265226,-2.2610102,-2.2610104,-2.3362203,-2.3979857,-2.3020933,-1.6397625,-1.2375702,-2.5631638,-2.3420806,-2.3420804,-2.29913,-2.3767042,-2.402775,-2.2422183,-1.165608,-1.5347308,-2.1870909,-2.1870914,-2.1526918,-1.7705375,-1.860059,-1.7265058,-0.94811726,-2.061649,-1.6930423,-1.6930428,-1.7283494,-1.0511893,-0.96749365,-1.6345093,-1.2473778,-1.2585357,-1.1371583,-1.1371583,-1.191006,-1.1035851,-1.0164604,-0.747081
CCCCCCCCCCCCCCCCCCCC,-8.172,-6.458126,-6.61321,-6.1030536,-6.1030536,-6.1191974,-6.4259696,-6.1879845,-4.7265744,-8.9653225,-4.906141,-8.024223,-8.024223,-7.901014,-8.597179,-7.9792995,-7.9470983,-8.572857,-6.998936,-7.625414,-7.625415,-7.481346,-7.2049017,-8.626349,-8.613344,-8.540528,-7.961157,-9.043281,-9.043283,-9.165726,-8.141579,-9.008274,-8.0128145,-6.9272223,-7.302569,-6.907345,-6.907344,-6.931704,-7.073222,-6.9656734,-6.6476927,-6.799044,-6.8712497,-6.3729115,-6.372911,-6.360942,-6.2466516,-6.721637,-6.205728,-8.371508,-7.24041,-8.4417515,-8.4417515,-8.257075,-8.733191,-7.9189057,-7.7146344,-8.604761,-7.5981865,-8.386674,-8.386675,-8.358932,-6.5385838,-8.685863,-7.6400995,-8.128115,-8.221377,-8.193195,-8.193196,-8.40667,-8.411602,-8.294649,-8.116587
CC(C)C(=O)C(C)C,-1.3,-1.4529464,-2.304446,-1.9487677,-1.9487679,-1.9602793,-2.1157136,-1.9727552,-0.94526005,-0.765828,-1.2817136,-1.2181573,-1.2181565,-1.2196783,-1.2218673,-1.2231517,-1.492258,-1.7130579,-2.004239,-2.0656009,-2.0656009,-2.0716295,-2.066925,-2.057791,-1.982131,-0.7446177,-2.0102603,-2.1461556,-2.1461568,-2.1347945,-2.4865873,-2.9325576,-2.0118356,-1.6983659,-3.7967563,-2.5482411,-2.548241,-2.7091084,-2.6202643,-2.6646547,-2.3906507,-1.1774395,-2.0771618,-2.1038,-2.1038003,-2.0974798,-2.058134,-2.1016703,-1.6554791,-1.1086763,-1.6698195,-1.6193776,-1.6193775,-1.5979781,-1.3099622,-1.3239335,-1.3840344,-0.95273906,-1.8542725,-1.7260696,-1.7260706,-1.6843362,-1.1912376,-1.4586396,-1.8150502,-0.20513634,-0.3347109,-0.15864424,-0.1586443,-0.14798777,-0.06885803,-0.31788385,-0.078432254
CCC#CCC,-1.99,-1.9221796,-2.0575778,-1.7373013,-1.7373015,-1.7523054,-1.971721,-1.785142,-1.0954113,-1.5310975,-1.1362929,-1.3191743,-1.3191745,-1.328123,-1.2896568,-1.3110477,-1.2570438,-2.1345203,-1.4829662,-1.4954926,-1.4954925,-1.4967744,-1.3864179,-1.4171661,-1.5620528,-0.9331403,-0.73862153,-0.6993245,-0.6993243,-0.8381047,-1.2135949,-1.607993,-0.7728428,-1.5520502,-3.327269,-2.6009316,-2.6009321,-2.6583996,-2.4975994,-2.5580702,-1.4779438,-1.6042912,-2.4878426,-2.57362,-2.57362,-2.5734944,-2.5388532,-2.544677,-2.1354427,-2.0455327,-3.5382059,-3.6586635,-3.6586628,-3.6312675,-2.9978943,-3.5160468,-2.4912808,-1.6639755,-1.6468337,-1.6547507,-1.6547511,-1.6217077,-1.045651,-1.1005216,-1.4827327,-2.0443358,-3.1222076,-3.0905473,-3.090548,-2.9955614,-3.0134048,-2.9576857,-3.4878967
c1ccc2cc3cc4ccccc4cc3cc2c1,-8.6,-5.3396173,-3.2509608,-3.5019143,-3.5019143,-3.513875,-4.070992,-3.5787752,-4.1938553,-8.002489,-5.286423,-5.627507,-5.6275067,-5.5530095,-6.0399075,-5.6635165,-5.6019387,-9.191477,-4.325699,-4.59617,-4.59617,-4.584986,-4.3473797,-6.6703625,-6.73938,-7.8756104,-6.00658,-6.809822,-6.809823,-7.0351863,-6.728359,-7.939712,-6.613251,-8.051065,-5.46902,-5.597637,-5.597636,-5.9569435,-5.4801655,-6.118502,-6.33385,-8.402943,-4.3530517,-4.6448164,-4.6448164,-4.6500225,-4.568525,-4.56669,-4.96513,-8.710632,-6.827605,-7.9896374,-7.989637,-8.006478,-9.186801,-7.7322297,-7.367324,-7.5967474,-6.651745,-6.9043956,-6.904396,-6.8983746,-5.9535217,-7.2895703,-7.360663,-8.630766,-8.529089,-8.749471,-8.749468,-8.76251,-8.804438,-8.664273,-8.55065
CC(C)C1CCC(C)CC1O ,-2.53,-2.555337,-2.5868504,-2.0722644,-2.0722644,-2.0700502,-2.3008654,-2.0558915,-1.4798872,-2.2442853,-2.2410035,-3.057492,-3.0574918,-3.0216887,-2.9763188,-3.0464866,-2.8674846,-2.7812696,-3.0562863,-2.829954,-2.8299541,-2.8495622,-2.8698814,-2.3323073,-2.358033,-2.3582108,-3.0204203,-3.6301396,-3.6301398,-3.388108,-3.4591424,-3.7141418,-3.7579894,-3.1316772,-2.4460049,-2.4273553,-2.4273553,-2.4499497,-2.515741,-2.4415524,-1.9918793,-1.2461308,-2.8870497,-3.0483673,-3.0483675,-2.968086,-2.9969182,-2.8689022,-3.39401,-2.3883908,-2.5461988,-2.7223957,-2.7223954,-2.700018,-2.0624478,-2.3921103,-2.0817013,-2.4986043,-3.4260674,-3.4257848,-3.425785,-3.39275,-2.2747364,-3.5410228,-3.0292068,-2.4978778,-2.2911606,-2.3772597,-2.3772597,-2.3279035,-2.473609,-2.1658409,-2.208633
Cc1c(cccc1N(=O)=O)N(=O)=O,-3.0,-2.524929,-2.7744331,-2.589903,-2.589903,-2.5948186,-2.8252702,-2.620166,-2.3140368,-3.1189637,-1.8704708,-2.6245906,-2.6245906,-2.6418326,-2.482263,-2.6124449,-2.5387492,-2.8163433,-2.8008804,-2.689781,-2.6897812,-2.708309,-2.7623053,-2.4290469,-2.398168,-2.816112,-2.1945155,-2.6392283,-2.639227,-2.958238,-3.1129682,-3.6159549,-2.5556858,-2.7598777,-2.450612,-1.8539827,-1.8539826,-1.7861942,-2.0455372,-1.6006075,-1.8128726,-2.7249684,-2.254825,-2.3840065,-2.3840065,-2.3673215,-2.3854687,-2.3671687,-2.2341645,-3.0556567,-2.0858295,-2.7718217,-2.7718222,-2.7066674,-3.2868032,-2.334212,-3.6253796,-2.7685647,-3.5394862,-2.8075483,-2.807548,-2.8191388,-2.3239741,-3.0879154,-2.7430322,-2.9745967,-4.1358194,-4.327547,-4.3275466,-4.2785916,-4.3645673,-4.034639,-4.3813543
Clc1ccccc1c2ccccc2Cl ,-5.27,-1.9841226,-3.4300673,-3.3524687,-3.352469,-3.3518577,-3.559342,-3.3260083,-2.3111365,-5.3799143,-4.858739,-5.2831926,-5.283192,-5.2410083,-5.166491,-5.2945,-5.559079,-5.6902246,-4.198717,-4.228465,-4.228466,-4.241335,-4.2615423,-5.259781,-5.0793557,-5.3019323,-4.1680546,-4.413737,-4.4137383,-4.689832,-4.8038287,-5.3974175,-4.212214,-5.1247263,-4.801221,-5.3373356,-5.337336,-5.4634695,-5.455912,-5.268992,-4.858847,-5.1378956,-3.2048059,-3.4982264,-3.4982266,-3.4861612,-3.4707532,-3.433518,-4.0711794,-5.425991,-6.0117226,-6.5172987,-6.5172987,-6.4971266,-5.6776195,-6.346487,-4.8066936,-4.661971,-6.250997,-5.8068824,-5.80688,-5.8451586,-4.901861,-5.8807797,-5.8154974,-5.2970724,-5.894384,-5.8414807,-5.841481,-5.8392234,-5.8655167,-5.899153,-5.4016294
CC1CCCCC1NC(=O)Nc2ccccc2,-4.11,-4.0237074,-3.9402714,-3.7822685,-3.7822685,-3.7937164,-4.177586,-3.8694491,-3.0882304,-4.858699,-3.8075762,-3.409922,-3.4099216,-3.3136008,-4.034992,-3.480605,-3.6702116,-3.99396,-3.9585962,-3.7614834,-3.7614834,-3.7349405,-3.7414958,-3.3548336,-3.344753,-3.8354707,-3.962468,-4.425581,-4.42558,-4.0428195,-4.3513336,-5.1138444,-4.1519346,-3.5627666,-3.7446225,-3.6546211,-3.6546211,-3.7119136,-3.8069184,-3.8033197,-3.5413694,-3.6980102,-4.4869995,-3.721676,-3.7216763,-3.7615047,-3.6664438,-3.9400175,-3.642372,-4.525032,-3.9590917,-4.174861,-4.174861,-4.177115,-4.014778,-3.8586247,-3.6554606,-3.9143677,-5.1880345,-5.050833,-5.050833,-5.081854,-4.030648,-4.6773953,-4.6919403,-4.0705595,-4.0880194,-4.1785994,-4.1786,-4.133011,-4.2038,-3.9791493,-4.230585
CC1CC2C3CCC(O)(C(=O)C)C3(C)CC(O)C2(F)C4(C)C=CC(=O)C=C14,-4.099,-4.479871,-5.047707,-4.6811986,-4.681199,-4.677449,-5.0217323,-4.721016,-4.051589,-4.316409,-3.840615,-3.1820953,-3.1820953,-3.14206,-3.5557754,-3.2005172,-3.7633557,-4.452357,-3.3556464,-3.271319,-3.271319,-3.2405782,-3.3185523,-4.2061415,-3.9455347,-4.0767765,-3.8130386,-4.0370216,-4.0370216,-4.0923448,-4.0343575,-4.4494834,-4.2558117,-4.327791,-4.5366874,-4.441101,-4.4411006,-4.439145,-4.534281,-4.4812922,-3.747152,-4.617381,-4.4007754,-4.8312745,-4.831274,-4.348197,-4.6888256,-3.7079785,-5.155985,-4.9878497,-3.5193672,-3.8967123,-3.8967118,-3.8981118,-4.4962296,-3.547475,-4.109242,-3.6686592,-4.3899736,-3.899423,-3.899424,-3.887071,-2.8032436,-3.5278325,-3.6729712,-4.303739,-4.203927,-4.133462,-4.133463,-3.9916017,-4.3121696,-4.403115,-4.158519
CCC(C)C(C)C,-4.28,-2.0893354,-2.0160408,-1.5012116,-1.5012115,-1.4910403,-1.7604594,-1.4381793,-1.022104,-3.33737,-1.8011541,-2.4928358,-2.492836,-2.4861093,-2.4779456,-2.4875562,-2.233258,-4.477551,-2.0359702,-2.0975013,-2.0975013,-2.1052408,-2.0449946,-2.6962035,-2.773363,-3.3566978,-2.1309378,-2.8202994,-2.8202994,-2.9492416,-2.8535259,-3.7697477,-2.5663366,-4.150046,-1.9235182,-1.7661766,-1.7661765,-1.7601651,-1.8446456,-1.653527,-1.4724886,-2.5706596,-1.9709818,-1.942061,-1.9420608,-1.9234377,-1.9322411,-1.9618714,-1.6396369,-4.345772,-3.967939,-3.8056145,-3.805614,-3.8498561,-4.1477594,-3.8278234,-3.381268,-4.3071947,-3.2117665,-3.1222637,-3.1222641,-3.1089017,-2.375763,-3.4482772,-2.959635,-3.8614097,-3.4459062,-3.5010188,-3.5010192,-3.4567003,-3.5666673,-3.4390342,-3.661893
CC(=O)c1ccccc1,-1.28,-1.4225833,-2.1992652,-1.9551687,-1.955169,-1.9612521,-2.143099,-1.9824543,-1.4463568,-1.4594395,-1.9443378,-1.4067231,-1.4067229,-1.3996054,-1.4587047,-1.3936523,-2.0443566,-1.4969289,-1.7532196,-1.8822902,-1.8822905,-1.8868454,-1.8262563,-2.2345104,-2.1319208,-1.0395269,-2.146368,-2.2119915,-2.2119904,-2.3432775,-2.8387682,-3.0916553,-2.2264044,-1.6391189,-1.8360543,-2.0103903,-2.010391,-2.0227952,-2.016919,-2.040163,-1.5699394,-0.7319764,-2.3204923,-2.3491225,-2.3491225,-2.343189,-2.337615,-2.3493648,-1.9468108,-1.374901,-2.0218863,-2.1292555,-2.1292555,-2.0879703,-1.2536802,-1.7514883,-1.3285176,-1.4161208,-1.7300425,-1.4750923,-1.475092,-1.4716535,-1.0438019,-1.376976,-1.4300495,-1.2404859,-1.4383051,-1.3543012,-1.3543013,-1.3821278,-1.2974747,-1.4747027,-1.1857839
CN(C)C(=O)Oc1nc(nc(C)c1C)N(C)C,-1.95,-3.9349487,-3.786872,-3.6620407,-3.6620407,-3.6578445,-3.9946485,-3.6894712,-3.9641674,-2.4006805,-2.239356,-1.5491831,-1.5491832,-1.4998,-2.0009513,-1.5388093,-2.1401672,-1.7189595,-4.2581296,-3.9575124,-3.9575124,-3.9408758,-3.9220169,-2.8185732,-2.8795252,-1.9300449,-1.6789685,-1.7116354,-1.7116327,-1.8315277,-2.30812,-2.5433383,-1.7685481,-2.187283,-3.5853052,-3.5321083,-3.5321083,-3.5060768,-3.6109762,-3.443059,-3.484631,-2.484614,-3.6540956,-3.8300898,-3.8300896,-3.8068347,-3.8774605,-3.8099751,-4.037697,-2.3696876,-3.5531652,-3.6571326,-3.6571326,-3.7387033,-2.7857938,-3.5703497,-3.1557226,-1.6276062,-3.0937295,-2.938122,-2.9381223,-2.7944553,-2.185062,-2.616284,-2.9300716,-1.859593,-1.9125471,-2.0012507,-2.00125,-1.9413502,-1.9976655,-2.0926046,-2.0446506
CCCCCCCCC=C,-5.51,-3.8739352,-3.0711145,-2.8924682,-2.8924677,-2.897661,-3.2654848,-2.9352221,-2.3016152,-5.3672433,-3.3816357,-4.443346,-4.443345,-4.3883276,-4.664847,-4.452171,-3.4601018,-5.624245,-2.986364,-2.890519,-2.8905191,-2.8994546,-2.7805748,-3.7236657,-3.6762762,-4.991156,-3.2159507,-4.4524984,-4.4524984,-4.8492203,-4.2053227,-5.34094,-3.9464216,-5.1254187,-2.9129608,-2.8693264,-2.8693266,-2.9382234,-3.0269787,-2.9963255,-2.907185,-4.2966757,-3.7909827,-3.705002,-3.7050023,-3.442397,-3.702136,-3.4404988,-4.3010516,-5.457602,-4.687968,-5.493095,-5.4930944,-5.5604014,-6.120323,-5.45941,-5.445848,-5.5333495,-4.1361246,-4.1855683,-4.185569,-4.178374,-2.9865053,-4.7106175,-3.9197798,-5.560424,-5.375052,-5.458915,-5.4589157,-5.5114264,-5.5534825,-5.457047,-5.604127
CCc1ccccc1CC,-3.28,-3.5235927,-2.5250006,-2.0157163,-2.0157163,-2.0020607,-2.155254,-1.9733921,-1.5710094,-3.5359848,-2.3805642,-3.2893553,-3.2893543,-3.2647054,-3.2390933,-3.2969737,-3.0147889,-4.1762176,-2.6165795,-2.6475854,-2.6475854,-2.6548145,-2.5897892,-3.1108787,-3.038702,-3.1585658,-2.6829545,-3.0261865,-3.0261853,-2.9634318,-3.2040207,-3.8293762,-2.7732854,-3.3131115,-2.516793,-2.9169433,-2.916943,-2.5316312,-2.967547,-3.418925,-2.9660194,-2.7959445,-2.3382025,-2.5529726,-2.5529723,-2.5249956,-2.5644283,-2.555441,-2.7110305,-3.6743324,-4.6666923,-4.581985,-4.581985,-4.587828,-4.255301,-4.5093565,-3.7813678,-3.1866236,-3.4949956,-3.52202,-3.5220208,-3.5086117,-2.5462546,-2.9743557,-2.914022,-3.225483,-3.9286408,-3.9538908,-3.9538906,-3.8651493,-3.9852452,-3.6533527,-3.9047067
Clc1cccc(c1)c2cc(Cl)ccc2Cl ,-6.01,-3.86978,-3.988295,-3.779463,-3.7794623,-3.7849207,-4.06377,-3.8200016,-3.4809482,-6.7886467,-5.9939456,-6.2839317,-6.283931,-6.2352905,-6.02276,-6.28052,-6.232551,-6.3060064,-4.2550874,-4.4070954,-4.407096,-4.4322166,-4.375197,-6.2582603,-6.577928,-5.97746,-5.161392,-5.444691,-5.444689,-5.8018703,-5.850359,-6.348105,-5.350833,-5.8658586,-3.2220132,-3.3194776,-3.319477,-3.357846,-3.4307249,-3.346659,-4.748149,-5.7018485,-3.354414,-3.6085722,-3.6085725,-3.596191,-3.5896568,-3.553754,-4.3967166,-6.7220573,-5.7838993,-6.3121123,-6.312112,-6.3330274,-6.3107357,-6.164985,-6.46291,-6.127998,-6.8965974,-6.215263,-6.2152624,-6.2417374,-5.580278,-6.6979685,-6.624027,-6.04008,-6.1930237,-6.3905473,-6.3905478,-6.374492,-6.512176,-6.43643,-6.1850796
CC(=O)CCC1C(=O)N(N(C1=O)c2ccccc2)c3ccccc3,-3.27,-4.4968934,-5.345221,-4.864694,-4.8646936,-4.854942,-5.1267796,-4.830823,-3.381128,-4.9937134,-4.010429,-4.084181,-4.084181,-4.0445466,-4.492929,-4.16736,-4.545585,-3.7736943,-4.596349,-4.394374,-4.3943744,-4.338077,-4.6908255,-3.4775982,-3.331914,-3.09053,-3.495176,-3.7117603,-3.711759,-3.549393,-4.106543,-3.9785624,-3.1723442,-4.01018,-4.950926,-4.7967525,-4.7967525,-4.738568,-4.9031487,-4.700196,-3.5983388,-4.3018713,-4.4861393,-5.041079,-5.041079,-5.0216923,-4.899768,-4.952856,-4.8359466,-4.2556143,-4.1942353,-4.53842,-4.5384197,-4.617231,-5.095438,-4.2958136,-4.961365,-3.6056755,-4.717362,-4.3613048,-4.3613048,-4.388702,-3.3048928,-3.9554527,-4.325041,-3.2819486,-4.607259,-4.459069,-4.4590683,-4.3883786,-4.6490006,-4.336989,-6.5625396
CC(=O)Nc1ccc(Cl)cc1,-2.843,-2.3376787,-2.7783577,-2.777254,-2.7772536,-2.794233,-3.1795552,-2.8478088,-2.3066933,-2.55586,-2.854755,-2.0738783,-2.0738776,-2.0504894,-2.2088218,-2.0976007,-2.3407698,-2.8375723,-2.6877809,-2.6959612,-2.6959615,-2.7058485,-2.6497705,-3.0208325,-3.0384445,-2.2589667,-2.1547606,-2.3634446,-2.3634448,-2.6788442,-3.0063276,-3.3043642,-2.2882397,-2.7035127,-2.2513924,-2.156943,-2.1569433,-2.2244833,-2.2473474,-2.2584808,-2.2533133,-2.7751815,-3.2112732,-3.5073693,-3.5073693,-3.490973,-3.4803896,-3.444051,-3.9198937,-2.788447,-2.2143898,-2.4464781,-2.4464788,-2.4036129,-1.8184966,-2.047809,-1.8126204,-2.190537,-3.2298996,-2.6192238,-2.619224,-2.6115053,-1.9504772,-2.7410774,-2.6598659,-3.0215237,-2.954876,-3.116975,-3.116976,-3.04654,-3.1124442,-3.0414135,-3.1249306
O(c1ccccc1)c2ccccc2,-3.96,-3.0936694,-2.9617357,-2.7028072,-2.702807,-2.7162852,-3.0082593,-2.769082,-1.8893026,-3.138687,-3.644112,-3.3174121,-3.317412,-3.3140016,-3.5672715,-3.3305533,-3.1822174,-3.9951332,-2.9597843,-3.016053,-3.0160527,-3.0150657,-2.8679037,-3.4445617,-3.552406,-2.7769082,-3.6940389,-3.5706456,-3.5706449,-3.6271424,-4.203486,-4.3603153,-3.427595,-3.8769848,-4.135743,-3.9672585,-3.967259,-4.171582,-3.9161932,-4.1535845,-3.0770326,-4.309485,-3.5011563,-3.8674052,-3.8674045,-3.843238,-3.809715,-3.8204968,-4.6206207,-4.038781,-1.8004032,-2.2825696,-2.28257,-2.2215374,-2.9498672,-1.8228886,-2.5329006,-3.094994,-3.9611235,-3.7581918,-3.7581925,-3.7963731,-2.7223065,-3.3996778,-3.2079668,-3.975535,-3.8666,-3.868317,-3.8683162,-3.838048,-3.8841336,-3.7469952,-3.9551024
CN2C(=O)CN=C(c1ccccc1)c3cc(Cl)ccc23,-3.754,-4.414706,-4.713734,-4.248694,-4.248694,-4.221237,-4.534246,-4.1650505,-3.1683526,-4.276611,-4.511433,-4.440055,-4.440055,-4.4241543,-4.590665,-4.4384904,-4.5035024,-3.9598594,-5.0178657,-4.946208,-4.9462085,-4.936308,-5.180978,-4.5919623,-4.384086,-3.8610356,-5.242625,-5.4289365,-5.4289374,-5.5759926,-5.703116,-5.813137,-4.7949214,-3.8490968,-4.1756454,-4.290393,-4.290393,-4.243596,-4.3936367,-4.2433796,-3.8980372,-3.287252,-3.4765582,-3.7136781,-3.7136772,-3.7107317,-3.7252882,-3.7468662,-4.1575117,-3.3419597,-3.3803997,-3.651201,-3.6512008,-3.6156876,-3.2601573,-3.2385046,-3.1611629,-3.6736004,-5.0695333,-4.330975,-4.3309765,-4.344017,-3.3641553,-4.123245,-3.9907894,-3.6911817,-3.758398,-3.8232367,-3.823236,-3.830468,-3.8841765,-3.8098419,-3.7030218
c1ccc2c(c1)[nH]c3ccccc32,-5.27,-2.9610507,-2.5055158,-2.4669096,-2.46691,-2.4726667,-2.7896624,-2.5045507,-2.4811766,-4.0467286,-3.6900568,-4.3551044,-4.3551054,-4.325196,-4.337844,-4.369988,-4.1683693,-5.243408,-2.9332044,-2.9243689,-2.9243684,-2.93014,-2.835591,-3.1256018,-3.1067529,-3.6766083,-3.2967725,-3.4794648,-3.4794662,-3.4576771,-3.8455026,-4.1922975,-2.9772737,-4.4993095,-3.5277297,-3.3480206,-3.3480206,-3.4767327,-3.547799,-3.4250016,-3.5007803,-4.6401873,-3.0854712,-3.3419278,-3.3419273,-3.3273358,-3.3235395,-3.28683,-3.7983167,-3.6103644,-1.874741,-2.1025112,-2.102511,-2.0946252,-2.134529,-1.8671983,-2.1876836,-4.8441863,-4.9978185,-4.9860168,-4.9860168,-4.989071,-4.3409147,-4.914384,-4.7744665,-5.377908,-4.8625546,-4.494405,-4.4944043,-4.4822707,-4.7998233,-4.8105745,-4.590055
CCCCCC1CCCC1,-6.08,-3.2976723,-2.765133,-2.4850814,-2.4850812,-2.4866571,-2.805071,-2.4920154,-1.9487724,-5.4345427,-2.4630833,-3.7356021,-3.735602,-3.7694128,-3.7253041,-3.7421062,-2.643957,-6.322232,-3.1654565,-3.0568097,-3.05681,-3.0664682,-3.0130613,-4.0185413,-3.8705878,-4.995394,-3.9894397,-4.8454647,-4.8454657,-4.750897,-4.754233,-5.4878917,-4.6411753,-5.902629,-2.6447113,-2.5630908,-2.5630908,-2.6220407,-2.6702335,-2.604855,-2.448899,-3.775193,-3.0654275,-2.6602256,-2.660226,-2.5956001,-2.6933336,-2.710356,-2.8658183,-5.6038294,-4.554156,-5.0959487,-5.0959487,-5.014626,-6.064766,-4.795477,-5.114273,-5.555108,-4.372183,-4.672495,-4.672495,-4.713909,-3.3859472,-5.4585266,-4.242273,-5.8157854,-4.10607,-4.2901874,-4.290188,-4.3195376,-4.3485055,-3.9370327,-4.16094
O=C1NC(=O)NC(=O)C1(CC)CC,-2.4,-1.7925484,-2.670297,-2.5950062,-2.5950062,-2.5921202,-2.9920394,-2.628382,-1.9105811,-2.0812778,-1.5361063,-1.2666202,-1.2666204,-1.2728359,-1.3404052,-1.2461226,-2.1063335,-2.0946112,-2.9318924,-2.802689,-2.802689,-2.8223326,-2.8610127,-2.1157532,-1.9592938,-1.5959296,-1.5699284,-1.4614258,-1.4614239,-1.3094049,-2.075585,-2.1965594,-1.669549,-2.2202258,-2.8011892,-3.0105827,-3.0105827,-2.7217748,-3.236623,-3.2179813,-2.5634606,-1.9840062,-2.2800422,-2.477101,-2.4771008,-2.4495215,-2.5038567,-2.476032,-2.6284995,-2.2441976,-1.3967463,-1.9052031,-1.9052032,-1.9094753,-2.0825477,-1.6563828,-2.2174118,-2.008492,-1.8761961,-1.5363497,-1.5363497,-1.5174923,-0.804139,-1.5938942,-1.3935676,-2.3382173,-1.1555215,-1.2343738,-1.2343738,-1.3458177,-1.4681525,-2.314843,-1.0472829
CN(C)C=Nc1ccc(Cl)cc1C,-2.86,-3.1664758,-3.252984,-3.2082732,-3.2082734,-3.220361,-3.6146092,-3.2756479,-2.8899744,-3.4213936,-2.897237,-2.3299694,-2.329969,-2.3381965,-2.6557033,-2.3474436,-2.7595792,-3.1137376,-3.3492444,-3.1907365,-3.1907368,-3.1958299,-3.0768292,-2.8535287,-2.8587787,-2.8325453,-2.7174027,-2.8765972,-2.8765945,-3.0263338,-3.2577784,-3.8779545,-2.7825184,-3.0476372,-2.8230646,-2.7162414,-2.7162414,-2.7574167,-2.8170252,-2.7489057,-3.1161377,-4.502172,-3.4312575,-3.7063282,-3.706328,-3.67205,-3.6911664,-3.68073,-4.3673496,-3.374498,-2.8725376,-2.9888766,-2.9888766,-2.9260752,-2.946632,-2.523464,-2.5966172,-2.8312201,-2.7724168,-2.6371388,-2.6371398,-2.6551843,-1.7052063,-2.4971085,-2.1802645,-2.8569775,-2.8209648,-2.901678,-2.9016786,-2.8996904,-2.9634454,-2.9136457,-2.9428272
BrC(Cl)Cl,-1.54,-1.1727369,-1.3527784,-0.48587295,-0.48587307,-0.47591287,-0.70536286,-0.46448857,-0.9613803,-1.8234457,-1.0444664,-1.6277323,-1.6277316,-1.6214992,-1.6188252,-1.6206739,-1.3848938,-1.42042,-1.6847987,-1.6438358,-1.6438357,-1.6494555,-1.7584838,-2.6595383,-2.5762641,-0.608637,-0.64734,-0.8750729,-0.87507504,-1.2750006,-1.6842202,-1.8847302,-0.91158104,-1.4771305,-2.1439836,-2.0426376,-2.0426373,-2.1072674,-1.9632788,-2.139918,-1.3872844,-1.3308356,-1.1765054,-0.86188644,-0.8618863,-0.87018985,-0.92898196,-0.88468647,-2.040494,-1.5581654,-1.3719705,-1.8869622,-1.8869623,-1.893171,-1.8453809,-1.743051,-1.7930137,-1.3634462,-1.962806,-1.7049425,-1.7049425,-1.7092409,-1.4919564,-1.7098949,-1.6380948,-1.9183085,-1.4675025,-1.539308,-1.5393082,-1.4664589,-1.6305666,-1.3104426,-2.2925794
ClCCl,-0.63,-0.7893108,-0.8125025,-0.1779812,-0.17798099,-0.18696047,-0.34966043,-0.21850921,-0.40714166,-0.78108585,0.10311984,-0.99852794,-0.9985286,-0.9957201,-1.112503,-0.9670714,-0.026317058,-0.944578,-0.88832134,-0.81592923,-0.8159293,-0.8164632,-0.87342274,-0.986987,-1.3597864,0.15400872,-0.6985557,-0.8725813,-0.8725811,-1.1736224,-1.4356595,-1.8736234,-0.8370396,-0.43085915,-3.1256669,-2.5750427,-2.5750425,-2.6497917,-2.8011763,-2.640504,-1.4905611,-0.80063105,-1.0728891,-0.7008149,-0.700815,-0.7201761,-0.75277156,-0.73784816,-1.8671309,-0.97175294,-1.4798084,-1.6687769,-1.6687768,-1.6577442,-1.1600872,-1.4565846,-1.2241576,-0.6202766,-1.1730323,-0.939077,-0.939077,-0.94297844,-0.88150156,-1.0411325,-0.65083456,-1.9183085,-1.4675025,-1.539308,-1.5393082,-1.4664589,-1.6305666,-1.3104426,-2.2925794
Cc1ncc(N(=O)=O)n1CCO ,-1.26,-2.5628116,-2.6552825,-2.2655041,-2.2655044,-2.2526517,-2.44071,-2.2154717,-2.0541592,-1.8605444,-1.4925572,-0.9957342,-0.9957339,-0.9967767,-0.97394747,-0.99274975,-1.7044559,-1.2310908,-2.1959076,-1.9167038,-1.9167039,-1.9258626,-1.9748462,-0.5812095,-0.5567618,-0.6450299,-1.3744751,-1.2923415,-1.2923408,-1.5431209,-1.8838391,-2.3267539,-1.3589553,-1.0515485,-2.1500993,-2.0265567,-2.0265567,-2.0082617,-2.2287996,-1.8966383,-1.624559,-1.2227933,-2.2372117,-2.4250836,-2.4250839,-2.394594,-2.435402,-2.4221847,-2.497352,-1.2257868,-1.146565,-1.3908195,-1.3908198,-1.3541158,-1.1488596,-1.0973138,-1.0248103,-1.199391,-1.4723446,-1.3372496,-1.3372501,-1.2804677,-0.4405616,-1.5006447,-0.8612483,-1.2097348,-1.2296902,-1.2045906,-1.2045906,-1.1358345,-1.2939196,-1.1972332,-1.2769271
Cc1cccc(N)c1,-0.85,-1.0833317,-2.134181,-1.8437409,-1.843741,-1.8438606,-1.9682277,-1.8529142,-1.2103146,-0.8332151,-1.5644779,-1.0272918,-1.0272921,-1.0324374,-1.1321224,-1.0165772,-1.4988939,-1.1101311,-1.6426022,-1.7346052,-1.7346054,-1.7377228,-1.639083,-1.2473828,-1.2222595,-0.56869185,-1.6276686,-1.7006943,-1.7006938,-1.8374076,-2.285003,-2.6220214,-1.6951041,-0.6484966,-1.6772304,-1.3607899,-1.3607895,-1.3681624,-1.3955135,-1.3259444,-0.96732485,-0.84019125,-2.2084599,-2.2432904,-2.2432904,-2.2295034,-2.236289,-2.2689443,-1.9862317,-1.3328016,-1.199269,-1.5013964,-1.5013964,-1.4568802,-0.9378876,-1.1221223,-1.0747871,-1.0367191,-1.3793865,-1.1053795,-1.1053792,-1.0940858,-0.737967,-1.302592,-1.0967703,-0.80112666,-1.3121785,-1.3113594,-1.3113595,-1.3534939,-1.1793885,-1.6192323,-1.1341943
CCCCC(=O)C,-0.8,-2.2797916,-2.1556897,-1.7673721,-1.7673721,-1.7781425,-2.0179377,-1.801995,-1.2317384,-0.93043697,-1.2819343,-1.6282412,-1.6282415,-1.6199459,-1.5082004,-1.614596,-1.7419213,-1.381716,-1.7788326,-1.8485178,-1.8485177,-1.8538291,-1.7968194,-2.1784987,-2.1090713,-0.31964713,-1.1132302,-1.3049123,-1.304912,-1.3036342,-1.6666601,-2.1195784,-1.2818614,-1.1902962,-2.108961,-2.0731916,-2.0731916,-2.099431,-2.1145532,-2.0755,-1.8775133,-0.78399813,-2.4114006,-2.1052225,-2.1052222,-2.0386949,-2.1345956,-2.092989,-1.9808575,-1.0892982,-1.9073784,-1.874614,-1.874614,-1.8399926,-1.2368077,-1.5292479,-1.2256321,-0.94324225,-2.0919344,-1.7335812,-1.7335815,-1.714663,-1.2305346,-1.4773303,-1.7072667,-0.77097225,-1.1517729,-1.2844152,-1.2844154,-1.2189602,-1.3256814,-1.1514639,-1.3574524
CCN(CC)c1nc(Cl)nc(n1)N(CC)CC,-4.4110000000000005,-3.9451416,-4.223865,-3.7832992,-3.7832992,-3.7635274,-4.028728,-3.732564,-2.8047302,-3.9117744,-3.1772358,-3.1295826,-3.129583,-3.0156887,-3.624578,-3.1840484,-3.5005698,-4.409781,-4.7020054,-4.4106283,-4.410628,-4.4029274,-4.5545597,-3.838708,-3.539971,-3.8819737,-3.4310338,-3.7276947,-3.7276936,-3.5088594,-3.7351544,-4.32558,-3.207086,-4.35519,-4.5422373,-4.633605,-4.633605,-4.4361486,-4.671977,-4.406345,-4.68965,-4.366731,-3.5096676,-4.002442,-4.0024414,-3.9951098,-3.942369,-3.9251301,-4.4977703,-4.1576486,-3.3028646,-3.6386878,-3.6386883,-3.6029108,-3.806396,-3.2435997,-3.6073651,-3.758094,-4.3056493,-3.905826,-3.9058266,-3.9319148,-2.7930093,-3.7088861,-4.1680527,-4.3175497,-4.388316,-4.4819965,-4.481997,-4.4554763,-4.6139655,-4.553103,-4.4131184
CN(C=Nc1ccc(C)cc1C)C=Nc2ccc(C)cc2C,-5.47,-4.823583,-5.2994456,-5.0764203,-5.076421,-5.0793295,-5.519938,-5.101516,-4.236215,-5.666952,-5.8113337,-5.669859,-5.669859,-5.6550097,-6.013353,-5.6730814,-5.1897507,-5.53588,-5.380841,-5.172441,-5.1724405,-5.1859617,-5.2146244,-5.0960855,-4.508168,-5.2757845,-4.730296,-5.2571526,-5.257151,-5.3013263,-5.3419604,-5.7598224,-5.1134815,-5.217447,-5.451208,-5.1999607,-5.19996,-5.2138453,-5.414729,-5.2578053,-4.7459354,-5.768897,-6.049134,-5.9493146,-5.949314,-5.9677925,-5.772611,-6.0057554,-5.4989223,-5.7506113,-6.3531265,-6.3854656,-6.3854656,-6.4562345,-6.10972,-5.936756,-5.410351,-5.7568607,-5.71612,-5.543878,-5.543879,-5.565334,-4.120876,-5.597956,-5.0752926,-5.5856733,-5.421899,-5.671387,-5.6713877,-5.6160884,-5.835478,-5.792869,-5.471822
CCOc1ccc(cc1)C(C)(C)COCc3cccc(Oc2ccccc2)c3,-8.6,-6.4893293,-7.2563148,-6.476691,-6.4766912,-6.494566,-6.783489,-6.554411,-4.93686,-7.481566,-5.382391,-5.979477,-5.979476,-5.912108,-6.567784,-6.0415273,-6.286566,-8.825683,-6.264073,-6.54831,-6.5483093,-6.7158556,-6.6906357,-8.602312,-7.9012413,-8.4332905,-5.74277,-6.106168,-6.1061664,-6.3784585,-6.196215,-6.9909883,-6.6795783,-7.247772,-7.336884,-6.9272685,-6.9272676,-7.002409,-6.9795465,-7.43257,-6.053658,-7.599687,-7.1835523,-6.7686105,-6.768611,-6.697219,-6.820404,-7.324573,-6.284535,-8.904454,-5.923124,-5.67463,-5.6746306,-5.930617,-6.1941276,-5.645879,-7.0669518,-7.019554,-7.0159903,-7.014842,-7.014842,-7.013483,-5.4006753,-7.1735682,-6.749653,-8.46216,-8.485049,-8.745987,-8.745987,-9.1284275,-9.25387,-8.750671,-8.524499
CC(C)N(C(C)C)C(=O)SCC(=CCl)Cl,-4.2860000000000005,-3.1213973,-3.6790242,-3.446014,-3.4460137,-3.4349606,-3.8162618,-3.4549282,-2.973521,-3.3263726,-3.2495024,-2.593588,-2.593589,-2.5714438,-2.873954,-2.5928092,-3.241026,-3.9254584,-4.394921,-4.0001097,-4.0001097,-4.01672,-4.190254,-3.5146534,-3.2982287,-3.628917,-3.4421594,-4.116279,-4.116279,-4.2486115,-4.03719,-5.059308,-3.784356,-3.8200366,-3.5003395,-3.642323,-3.6423233,-3.6077352,-3.742794,-3.5106819,-3.8663025,-3.8617656,-3.056618,-2.9010947,-2.901095,-2.6281016,-2.8454933,-2.5461748,-2.9530776,-4.1617393,-3.1651034,-3.4107018,-3.4107018,-3.3892682,-2.655005,-3.0629175,-2.6958742,-3.2757962,-3.7303967,-3.5748937,-3.5748944,-3.500102,-2.504231,-3.5315704,-3.4300663,-4.071546,-3.9567688,-4.005263,-4.005263,-3.995518,-4.1086307,-4.2210965,-3.9657447
C/C1CCC(\C)CC1,-4.47,-2.083276,-2.0281537,-1.442654,-1.4426541,-1.4422537,-1.6600873,-1.4242362,-0.9671466,-4.3980026,-1.7783933,-3.259457,-3.2594573,-3.2531958,-3.023075,-3.2552762,-2.5976157,-4.707681,-2.4253812,-2.5394092,-2.5394092,-2.5575676,-2.444874,-3.8609822,-3.8196409,-3.8399854,-3.0938425,-3.6937842,-3.6937847,-3.9376924,-3.8992815,-4.6744533,-3.6283429,-3.9471326,-3.5117142,-3.1308446,-3.1308453,-2.9077811,-3.2536922,-2.7561355,-3.6035292,-3.6405835,-2.663155,-2.950196,-2.9501958,-2.889606,-2.8473027,-3.042363,-3.115447,-4.250209,-3.0945678,-3.0784862,-3.078486,-3.0797956,-4.451931,-2.985166,-3.5595982,-5.071023,-4.441512,-4.6257167,-4.625717,-4.624535,-3.597598,-5.0984483,-4.177208,-4.355892,-2.6931517,-2.9334018,-2.9334023,-2.8363361,-2.9614172,-2.630335,-3.0591078
C1c2ccccc2c3ccccc13,-5.0,-2.885532,-2.5632744,-2.4840798,-2.4840798,-2.4905553,-2.7901182,-2.5252984,-2.465515,-4.959445,-3.925784,-4.8992224,-4.8992233,-4.8659406,-4.903,-4.9158015,-4.56733,-5.5925508,-2.7970724,-2.8222673,-2.8222675,-2.8285933,-2.7531173,-3.8931942,-3.8836985,-4.456804,-4.4172792,-4.3491964,-4.3491964,-4.2328568,-4.904926,-5.046848,-4.3791885,-4.881459,-3.6286297,-3.5257416,-3.525742,-3.64893,-3.7094307,-3.5889666,-3.9552562,-4.9085784,-3.1117766,-3.4047105,-3.4047103,-3.3873785,-3.3731632,-3.3543642,-3.9241273,-5.2153573,-6.0414205,-6.447453,-6.4474525,-6.4207144,-6.0026393,-6.2751656,-4.75691,-4.3129077,-5.2380314,-4.6138153,-4.6138163,-4.6039133,-3.8160317,-5.2010674,-4.618607,-4.5356812,-4.3279324,-4.4434233,-4.4434237,-4.365357,-4.443234,-4.268109,-4.358483
NC(N)=NC#N ,-0.31,-0.6039218,-1.859025,-1.586969,-1.586969,-1.5979115,-1.7613984,-1.610143,-0.735906,-0.48651654,0.006588259,0.27563593,0.27563602,0.26360518,0.103946805,0.29028633,-0.07997594,0.14839365,-1.0346296,-0.99654216,-0.9965421,-0.99782366,-0.92030656,0.36133426,0.0032666621,1.7147515,-0.14344108,0.32309812,0.32309923,-0.11773819,-0.16867645,-0.44726276,-0.32130346,-0.14523473,-1.5602174,-1.4132098,-1.4132097,-1.4248289,-1.5316194,-1.4465108,-0.9871264,-0.28361765,-1.5170603,-0.79433686,-0.79433686,-0.84532124,-0.91907495,-0.94271135,-0.5875632,-0.694649,-0.086867206,-0.06675375,-0.06675346,-0.05391621,-0.22721598,0.09594233,-0.18387404,-0.31462884,0.27514267,0.23822102,0.23822093,0.22834451,0.49682918,-0.28689334,0.029231956,-0.30834466,-0.30743945,-0.28270236,-0.28270218,-0.32695678,-0.39484298,-0.32990626,-0.13322711
Oc1ccc(C=O)cc1,-0.96,-1.6452608,-2.1776862,-2.077843,-2.077843,-2.089734,-2.3737755,-2.1149826,-1.5960783,-2.0385547,-1.4408144,-1.3902084,-1.3902079,-1.3935333,-1.3083363,-1.3849685,-1.7610803,-0.9993061,-1.4629447,-1.4632272,-1.4632273,-1.4677982,-1.3819908,-0.53912103,-0.53358066,0.046534877,-1.1653271,-1.0510049,-1.0510032,-1.4333788,-1.6530132,-1.9067746,-1.2143314,-1.047428,-1.6876132,-1.5537504,-1.5537505,-1.5638479,-1.7136353,-1.5635958,-1.350423,-1.9291325,-3.071811,-3.0942223,-3.0942225,-3.1177568,-3.0478415,-3.1763415,-2.752464,-1.9341705,-0.4571127,-1.2458031,-1.2458029,-1.1919259,-1.2987088,-0.8617418,-1.1792015,-1.4836876,-1.2412264,-1.0947115,-1.0947117,-1.1005039,-0.93546057,-1.304939,-0.97495216,-0.88283217,-1.1523191,-1.1379001,-1.1379002,-1.145187,-1.1363196,-1.1538193,-1.0418553
CCCCC1C(=O)N(N(C1=O)c2ccc(O)cc2)c3ccccc3 ,-3.73,-4.601874,-5.5303435,-5.02101,-5.0210094,-5.013003,-5.2976055,-5.002001,-3.5705605,-4.7075915,-3.846727,-3.6670325,-3.6670327,-3.6501443,-4.1885114,-3.7075934,-4.1321073,-3.753104,-4.616802,-4.4696894,-4.4696894,-4.3818216,-4.735878,-3.6909752,-3.47955,-3.3254578,-4.3536167,-4.154372,-4.1543703,-3.5456364,-4.210013,-4.458591,-3.6752133,-4.3622866,-5.0476956,-4.8605905,-4.860591,-4.8090205,-4.930969,-4.807982,-3.7006469,-4.3948283,-4.9991593,-5.432336,-5.432335,-5.3963985,-5.253835,-5.196473,-4.8041253,-4.6423874,-3.5715382,-4.4590282,-4.459028,-4.419888,-5.2091923,-4.0946903,-4.399848,-3.6023548,-4.328038,-4.021816,-4.0218163,-4.0093145,-2.9095414,-3.5762303,-4.0784483,-3.8278553,-3.764583,-3.7783072,-3.7783074,-3.7645657,-3.9219503,-3.8874037,-3.897609
CCOP(=S)(OCC)SCSCC,-4.11,-2.8110483,-3.9194236,-3.7223296,-3.7223296,-3.7267823,-3.9674945,-3.7136135,-2.861686,-4.0787525,-3.4581964,-3.776014,-3.7760139,-3.7243617,-4.1045156,-3.8206444,-3.8431542,-4.1978364,-3.9321182,-3.5579922,-3.5579917,-3.5765698,-3.6377318,-3.8077905,-3.7097511,-3.6508172,-3.0163262,-3.7434857,-3.743486,-3.6358883,-3.8135355,-4.3802857,-3.4498115,-3.6102848,-3.707858,-3.490285,-3.4902847,-3.4697094,-3.660429,-3.4042864,-3.0289962,-3.1774049,-4.064358,-4.250007,-4.2500067,-4.07989,-4.185012,-3.952371,-4.5128336,-3.5006592,-3.5285857,-3.7306957,-3.7306962,-3.7321222,-3.5014327,-3.470446,-3.3116436,-3.7818809,-4.6103334,-4.252558,-4.2525578,-4.2914834,-3.2485538,-4.1079698,-4.2946897,-4.02335,-4.0226502,-4.0607777,-4.0607777,-4.071173,-4.270386,-4.209847,-4.1892643
CNC(=O)Oc1ccc(N(C)C)c(C)c1,-2.36,-3.3660843,-3.492837,-3.3349257,-3.3349254,-3.348117,-3.7031174,-3.415762,-2.625413,-3.226581,-3.5846786,-2.3832753,-2.3832755,-2.313213,-2.914266,-2.3667498,-2.7783854,-2.5361724,-3.5067759,-3.2187436,-3.218743,-3.2063124,-3.2290797,-2.2813265,-2.1540265,-2.3922088,-1.4392667,-1.6748245,-1.674823,-1.9512885,-1.9928179,-2.4179487,-1.7191377,-2.1375527,-3.2256467,-3.0725977,-3.072598,-3.1291308,-3.2813265,-3.1988683,-2.6160104,-2.7836115,-4.07961,-3.6537402,-3.6537404,-3.6335983,-3.70611,-3.9754286,-3.759485,-2.348503,-3.828918,-4.294312,-4.294312,-4.390469,-3.1412468,-4.1851854,-3.403485,-1.799791,-2.9350715,-2.5787947,-2.5787952,-2.5870326,-1.7650197,-2.0372667,-2.5986402,-2.3379653,-2.355688,-2.3917608,-2.3917603,-2.3116963,-2.3777685,-2.3707693,-2.4291627
CCCCCC(=O)OCC,-2.35,-3.041059,-2.9106064,-2.700874,-2.700874,-2.6976905,-3.021476,-2.6653771,-2.0235198,-2.143663,-2.6042988,-2.550195,-2.5501952,-2.499091,-2.7925582,-2.5622609,-2.4653382,-2.186232,-2.7352831,-2.6395726,-2.6395724,-2.6504602,-2.5598195,-2.865436,-2.731862,-1.7948034,-1.9900923,-2.5412421,-2.541242,-2.625817,-2.7419665,-3.3799796,-2.1508684,-2.3232923,-2.7481613,-2.6810942,-2.6810942,-2.7033448,-2.8502922,-2.47134,-2.4713833,-2.499842,-3.4736018,-3.268972,-3.2689717,-3.024745,-3.262137,-3.082129,-3.4651139,-2.4637055,-2.7192798,-3.3359756,-3.3359756,-3.283906,-2.6182368,-2.931998,-2.5455704,-1.9401329,-3.088091,-2.6745367,-2.6745372,-2.6996176,-1.8958756,-2.387743,-2.6732814,-2.1464293,-1.8527459,-1.8975743,-1.8975747,-1.9570571,-2.0994968,-2.3527405,-1.9597503
OC3N=C(c1ccccc1Cl)c2cc(Cl)ccc2NC3=O,-3.604,-3.7090588,-5.142246,-4.8477535,-4.8477535,-4.8263197,-5.1134515,-4.746279,-3.8212395,-3.7889366,-4.5491405,-4.72649,-4.72649,-4.718463,-4.667269,-4.700008,-4.062992,-4.043021,-5.156608,-4.7215576,-4.7215576,-4.7356734,-5.053467,-4.041877,-3.6975076,-3.168528,-3.9809463,-4.1597404,-4.159739,-4.607743,-4.500506,-4.6437697,-3.99255,-3.9009748,-4.0252132,-4.0382013,-4.0382013,-3.9734218,-4.1932607,-3.8992047,-3.7621193,-3.4048514,-3.0795708,-3.0424337,-3.0424335,-2.9667304,-3.1185842,-3.071909,-3.328148,-3.6600888,-2.1090462,-2.354111,-2.354111,-2.3668566,-2.5693126,-2.1125317,-2.3119183,-3.2803605,-5.133116,-4.856236,-4.856237,-4.815841,-3.6032684,-4.6600533,-4.512702,-3.772195,-3.5931058,-3.657098,-3.6570988,-3.6052408,-3.7672234,-3.815468,-3.6863153
O=c2[nH]c(=O)c1[nH]c(=O)[nH]c1[nH]2 ,-3.93,-2.4714475,-2.4559972,-2.378751,-2.378751,-2.3787804,-2.6411226,-2.401052,-2.2415733,-3.0646603,-0.93454427,-2.1592894,-2.1592886,-2.1768048,-2.0498123,-2.1339262,-1.2830288,-3.8004546,-1.7605882,-1.5935899,-1.5935898,-1.5968745,-1.5968019,-0.6233873,-0.8003377,-3.3531597,-0.25282797,-1.209274,-1.2092733,-1.7843329,-1.523889,-2.4433403,-0.70235586,-3.0421875,-1.8323091,-1.9980406,-1.9980406,-1.9656357,-2.1174552,-1.9569066,-1.7506273,-2.2166557,-2.266239,-2.352165,-2.3521647,-2.3449328,-2.337796,-2.3588336,-1.9224976,-4.1255465,-3.351266,-3.7676175,-3.7676177,-4.093737,-3.9503627,-4.1388717,-3.7091296,-3.3633952,-2.0086453,-1.5444167,-1.5444168,-1.5477197,-1.3340093,-2.064324,-1.3949525,-3.9561505,-3.928063,-3.984802,-3.9848027,-3.8532465,-3.8867733,-3.9620214,-3.9962869
Brc1ccccc1Br,-3.5,-2.4559143,-2.5576692,-2.638562,-2.6385617,-2.6292615,-2.9151163,-2.6331615,-2.2451353,-3.533083,-3.5351257,-3.2409308,-3.2409306,-3.2426445,-3.1836648,-3.2415614,-3.8376496,-3.549317,-2.0891678,-2.0466168,-2.0466168,-2.050747,-1.9361365,-3.3910475,-3.3091273,-2.7344403,-2.5382392,-3.0383513,-3.0383499,-3.350447,-3.7165694,-4.091071,-2.712296,-3.6977508,-2.7443693,-3.406736,-3.4067364,-3.357802,-3.2167265,-3.4299521,-4.611588,-3.557159,-2.286613,-2.3718102,-2.3718104,-2.3160448,-2.3702934,-2.568874,-2.7313206,-3.7191422,-3.4959157,-3.4457145,-3.4457145,-3.450197,-4.1542363,-3.348838,-3.4803944,-3.3849678,-3.987472,-3.633973,-3.6339734,-3.640933,-3.2755451,-3.5637305,-3.6456108,-3.3089917,-3.5982485,-3.5927417,-3.5927424,-3.616965,-3.5373924,-3.671857,-3.0744605
O=C1NC(=O)NC(=O)C1(C)C,-1.742,-1.7447917,-1.9867835,-1.4939014,-1.4939014,-1.4789275,-1.7573154,-1.4431686,-1.873876,-1.9452728,-0.75180346,-0.9438251,-0.9438249,-0.96330684,-1.0607338,-0.9357884,-1.3162293,-1.790486,-2.3891988,-2.3660786,-2.3660781,-2.374323,-2.3519075,-1.5534658,-1.6281374,-0.98689604,-0.96234167,-0.9770544,-0.97705203,-1.490627,-1.6499228,-2.0545068,-1.0950649,-1.8892711,-2.9297817,-3.981662,-3.9816613,-3.9542193,-3.791914,-4.033576,-2.23935,-1.5666621,-1.9983811,-1.9186307,-1.918631,-1.9214693,-1.9787655,-1.9657495,-1.5967861,-1.6486244,-1.4277155,-1.8710037,-1.8710035,-1.8953398,-1.3876952,-1.6810188,-1.8487693,-1.5933635,-1.1170547,-1.051404,-1.0514042,-1.0385675,-0.4875321,-1.4424417,-0.7563046,-1.6955135,-1.7843194,-1.8214059,-1.821406,-1.7980237,-1.8287187,-1.8429664,-1.783607
OC1CCCCC1,-0.44,-1.3473475,-1.7506838,-1.0781687,-1.0781686,-1.0765492,-1.2534976,-1.0908866,-0.886934,-0.5749507,-1.2737343,-1.6491959,-1.649196,-1.6451608,-1.6760144,-1.6510435,-1.5695717,-1.1424696,-1.7752717,-1.8277584,-1.8277584,-1.8366863,-1.7183934,-1.7517074,-1.7749428,-0.5764186,-1.5718119,-1.6454651,-1.6454645,-1.6556605,-2.0282948,-2.4685936,-1.7436544,-0.175857,-1.7095888,-1.4500836,-1.4500831,-1.4547932,-1.5616949,-1.7733911,-1.1980594,-1.048015,-2.0519226,-2.1338208,-2.133821,-2.0898504,-2.0872734,-2.0520265,-1.7852749,-0.46741876,-1.1151606,-1.3283101,-1.3283103,-1.2937088,-0.16830096,-0.9927692,-0.7289284,-0.573528,-1.9885911,-1.8182878,-1.8182878,-1.7469589,-1.3545587,-1.3280623,-1.5087026,-0.55603087,-0.1865442,-0.1115786,-0.11157851,-0.07651462,-0.1889829,-0.030741723,0.3065858
CC=CC=O,0.32,-0.6105534,-1.6064548,-1.2525463,-1.2525463,-1.2569971,-1.3901955,-1.2491868,-0.5589489,-0.070232004,-0.5383703,0.15261632,0.15261659,0.14628455,0.08814059,0.16071194,-0.72934556,-0.09375046,-0.9699158,-0.8967251,-0.8967252,-0.8984259,-0.8375783,-0.22689117,-0.29397675,0.4691832,-0.58301425,-0.5885347,-0.5885343,-0.8296763,-1.1744493,-1.5697331,-0.8417681,0.36983392,-1.521302,-1.1370195,-1.1370198,-1.1342573,-1.2111535,-1.1420158,-0.46485415,0.4118511,-1.8110294,-1.486014,-1.4860141,-1.4005333,-1.4815506,-1.188057,-0.9533815,0.29742223,-0.69925284,-0.6731574,-0.67315733,-0.6476095,0.32344735,-0.39526394,-0.2087788,0.32262054,-0.41193122,-0.18520904,-0.18520921,-0.18212096,0.07718215,-0.03120582,-0.15194142,0.26021358,0.18827726,0.33952072,0.33952075,0.32843393,0.3318671,0.18141666,0.22024953
ClC1=C(Cl)C2(Cl)C3C4CC(C=C4)C3C1(Cl)C2(Cl)Cl,-6.307,-4.9808683,-4.203675,-4.8724217,-4.872422,-4.8465996,-5.1961484,-4.756498,-5.613181,-7.021441,-5.8478646,-6.2581587,-6.2581587,-6.2432256,-6.1856265,-6.1934505,-6.153751,-6.4817724,-6.9511967,-6.827868,-6.827868,-6.870636,-6.7975416,-6.291623,-6.608783,-6.503625,-5.736172,-6.170987,-6.1709876,-5.960934,-6.242615,-6.847879,-6.0243826,-6.5187554,-3.8273737,-4.478603,-4.478603,-4.3626895,-4.754382,-4.7582765,-6.1383224,-6.1201415,-2.561795,-2.6609645,-2.6609645,-2.4411097,-2.6450934,-2.4312735,-3.2393517,-6.62922,-4.4671583,-4.7911897,-4.791189,-4.9755354,-6.079881,-4.897665,-5.8623934,-5.997548,-6.6618934,-6.3352723,-6.3352737,-6.338779,-5.3228517,-6.4970717,-6.081146,-6.3123984,-6.288269,-6.442359,-6.442359,-6.415316,-6.56908,-6.2665944,-6.3751235
CCN2c1cc(OC)cc(C)c1NC(=O)c3cccnc23 ,-5.153,-3.4886944,-4.343582,-3.9513485,-3.9513485,-3.9366364,-4.2302837,-3.9150374,-2.9596035,-3.6756325,-3.6502051,-3.3623075,-3.3623073,-3.353221,-3.6461182,-3.3777993,-3.4917116,-4.5984726,-4.5527983,-4.2188234,-4.2188234,-4.2084627,-4.542473,-3.8374705,-3.902518,-4.595281,-4.0557384,-4.3229733,-4.3229713,-4.646133,-4.472588,-4.9362555,-4.0970535,-4.744262,-4.521159,-4.4339743,-4.4339743,-4.3979263,-4.4775977,-4.354182,-3.414019,-4.8524528,-3.877827,-4.462578,-4.4625783,-4.4672546,-4.421367,-4.4410696,-4.5568905,-4.3999486,-2.9731212,-3.6644738,-3.6644745,-3.5945933,-4.0319023,-3.17572,-3.6520762,-3.075275,-3.7980273,-3.318975,-3.3189747,-3.3438904,-2.4609358,-2.9812012,-3.202441,-5.225177,-5.156234,-5.213971,-5.213971,-5.12781,-5.2979965,-5.589697,-5.1181917
Cn2c(=O)n(C)c1ncn(CC(O)CO)c1c2=O,-0.17,-2.8789182,-3.6884546,-3.3730223,-3.373022,-3.3737736,-3.640246,-3.4013104,-2.722483,-1.5131695,-1.7355056,-1.57675,-1.5767499,-1.5520158,-1.503967,-1.572934,-1.8165492,-0.4038628,-3.5659912,-2.6902483,-2.690248,-2.6956165,-3.0675414,-0.9276388,-0.4839165,-0.16911067,-1.1678448,-1.2324607,-1.2324587,-1.5460596,-1.6586496,-1.7616719,-1.2995827,-0.59201473,-3.1077096,-2.8664272,-2.8664272,-2.8733888,-3.017099,-2.8334322,-2.456608,-3.1971347,-3.4550345,-3.814395,-3.8143952,-3.683346,-3.7955098,-3.7035947,-4.5183806,-0.073030375,-2.496014,-2.832818,-2.8328185,-2.7938004,-2.4694993,-2.524985,-2.3798733,-0.34279263,-1.5623989,-1.385166,-1.3851666,-1.2155952,-0.6370127,-0.5735361,-1.3852968,-0.1918979,-1.3333634,-1.9024608,-1.902461,-1.8550276,-1.8535537,-2.4659884,-1.7268286
CN2C(=C(O)c1ccccc1S2(=O)=O)C(=O)Nc3ccccn3 ,-4.16,-4.27878,-4.729028,-4.5230575,-4.5230575,-4.5328407,-4.908017,-4.6009436,-3.9869437,-4.542694,-3.5791411,-3.2400725,-3.2400727,-3.2465727,-3.6934543,-3.2023408,-2.8749516,-4.080757,-5.2012095,-4.7911253,-4.791126,-4.745698,-5.0601254,-3.342341,-2.9224584,-3.5631013,-4.2081413,-4.398953,-4.398952,-4.523301,-4.816727,-5.0538745,-4.181025,-4.359482,-4.1826243,-4.160148,-4.1601477,-4.1927776,-4.287727,-4.282464,-3.9887538,-4.0265093,-5.121251,-4.525217,-4.5252166,-4.6105623,-4.35528,-4.7162995,-4.6188107,-4.0376606,-3.3854167,-4.0234985,-4.0234985,-3.9851985,-4.46343,-3.6855278,-4.144428,-3.7386315,-3.6416044,-3.504544,-3.5045447,-3.4665792,-2.4743145,-3.6058521,-3.3460052,-4.222182,-4.2128506,-4.168246,-4.1682467,-4.1735644,-4.3545938,-4.390168,-4.242467
Cc1cccc(C)c1NC(=O)c2cc(c(Cl)cc2O)S(N)(=O)=O,-3.79,-4.866563,-5.315601,-4.8377156,-4.837716,-4.836097,-5.176542,-4.8853817,-3.740729,-4.1448355,-3.6845152,-3.6932282,-3.6932285,-3.730667,-4.2409854,-3.6275456,-3.5508523,-3.8584895,-5.102494,-4.6452026,-4.6452017,-4.594698,-4.9241824,-3.5647106,-3.228561,-3.5022187,-4.5664,-4.4416275,-4.4416265,-4.5343337,-4.847722,-5.021025,-4.268824,-4.3618474,-5.034413,-4.893651,-4.893651,-4.923005,-4.966227,-5.0536437,-4.2343006,-4.458092,-4.17887,-3.974918,-3.9749177,-3.9703155,-3.9673874,-4.0655346,-3.9662232,-4.4298487,-3.041818,-3.7654607,-3.7654605,-3.7510903,-4.4446125,-3.5813272,-4.210126,-3.1753702,-3.9277966,-3.6390383,-3.6390388,-3.647524,-2.5930185,-3.601577,-3.2075393,-3.9503758,-3.8298817,-3.8381126,-3.8381138,-3.6975188,-3.9476068,-4.0596957,-3.7504241
N(Nc1ccccc1)c2ccccc2 ,-2.92,-3.5622087,-3.2781901,-3.2380528,-3.238053,-3.2297983,-3.674218,-3.1400833,-2.6181235,-3.9907277,-3.7642882,-3.273906,-3.2739048,-3.2371066,-3.8692942,-3.2705185,-3.35798,-3.2902656,-3.3059716,-3.293468,-3.293468,-3.2909157,-3.1881025,-3.1717887,-3.012571,-3.4754932,-3.2650292,-3.6146798,-3.6146789,-3.5587466,-4.011715,-4.3965344,-3.5097525,-3.0038521,-5.1471014,-4.428699,-4.428699,-4.7078476,-4.333529,-4.8037195,-3.4892542,-3.5716996,-4.1051416,-4.367137,-4.3671365,-4.368514,-4.313057,-4.2777214,-4.7971888,-3.2452304,-3.004469,-3.3133934,-3.313393,-3.3213995,-3.51701,-3.0401676,-3.34653,-3.3461375,-4.0725656,-3.757888,-3.7578893,-3.8252344,-2.8794594,-3.6744876,-3.3069873,-2.826901,-3.027937,-2.9808915,-2.9808908,-2.966633,-2.9742353,-3.0798948,-2.963349
CCCCC(C)(O)CC,-1.6,-2.6730883,-2.5247788,-2.141248,-2.1412482,-2.137837,-2.408509,-2.109616,-1.4740629,-1.7865973,-1.6517735,-2.5865881,-2.5865881,-2.5810344,-2.4440253,-2.566298,-2.2956038,-1.9155575,-2.5866709,-2.5049121,-2.5049121,-2.5189633,-2.467804,-2.390029,-2.4415216,-1.3261143,-2.491143,-2.9775946,-2.9775944,-2.216931,-2.9312794,-3.028247,-2.6845372,-2.736808,-2.3727694,-2.3027344,-2.3027344,-2.3185139,-2.3965013,-2.2262297,-2.0359948,-2.5108676,-2.7058945,-2.6648393,-2.6648393,-2.2874942,-2.6747527,-2.2291949,-2.6972904,-1.9924656,-2.2716415,-2.4776294,-2.4776292,-2.4416177,-1.7776314,-2.1055653,-1.8762045,-1.8014597,-2.8618639,-2.745782,-2.7457824,-2.6434941,-1.8228097,-2.3104277,-2.50683,-1.5389655,-1.5843514,-1.6487375,-1.6487379,-1.6937109,-1.7577556,-1.6655189,-1.5923412
CSc1nc(NC(C)C)nc(NC(C)C)n1,-4.1,-3.9945571,-4.25722,-3.824389,-3.8243892,-3.8081255,-4.0605216,-3.770386,-2.7029963,-4.151745,-2.6344523,-3.0709903,-3.0709908,-3.0409534,-3.5298462,-3.0940707,-3.2806401,-3.7957103,-4.4706244,-4.1849194,-4.18492,-4.188927,-4.2953763,-3.812006,-3.5990489,-3.9045174,-2.575709,-3.0190523,-3.0190504,-3.3071806,-3.150171,-4.1145434,-2.8570566,-3.9293869,-4.0638056,-3.836522,-3.8365219,-3.7963436,-3.959026,-3.7315025,-2.52508,-3.6361918,-3.666926,-4.034973,-4.034973,-3.9779098,-4.0793962,-3.9693933,-4.2927556,-3.685688,-2.9796631,-3.3345513,-3.3345516,-3.308666,-4.0416718,-3.0072699,-3.8606753,-3.4322782,-3.5890386,-3.1911728,-3.1911733,-3.2073553,-2.4003932,-2.7951488,-2.8129048,-4.072292,-4.1756,-4.2383413,-4.2383413,-4.1575866,-4.1558957,-4.234445,-4.1163573
CC(O)c1ccccc1,-0.92,-1.3337858,-2.176869,-1.7877371,-1.7877371,-1.7973188,-1.9717253,-1.7999107,-1.1702913,-1.1538591,-1.9065025,-1.7111449,-1.7111442,-1.6990005,-1.7349247,-1.7004017,-2.1555624,-1.0866075,-1.8228338,-1.8286828,-1.8286827,-1.83195,-1.7258898,-1.1075119,-1.2385299,0.2185458,-1.6973474,-1.5168753,-1.5168747,-1.6034899,-2.0579636,-2.3629265,-1.547184,-0.98872006,-1.9373575,-1.6289271,-1.628927,-1.6587471,-1.6745497,-1.6396887,-1.1921362,-1.1449277,-2.1729593,-2.137078,-2.1370778,-2.1277242,-2.151136,-2.1622455,-1.8708043,-1.0484834,-1.4747553,-1.7779434,-1.7779429,-1.7341927,-1.118158,-1.4014163,-1.3153244,-0.9661123,-0.53362316,-0.46952203,-0.46952242,-0.47121957,0.07516428,-0.36981148,-0.5567461,-0.8634941,-0.68891895,-0.6871479,-0.68714803,-0.6724321,-0.6690152,-0.8288196,-1.0058314
CN(C)c2c(C)n(C)n(c1ccccc1)c2=O ,-0.364,-2.8994732,-3.517795,-3.1602254,-3.1602254,-3.1644733,-3.423996,-3.2078981,-2.3921056,-2.6098607,-3.0631442,-2.5062525,-2.5062528,-2.4900534,-2.8327155,-2.504761,-2.7789156,-0.4568804,-3.848085,-3.4316823,-3.431682,-3.4232676,-3.6398563,-2.4379559,-2.1837626,-1.0779359,-3.3921218,-3.3711643,-3.371162,-3.1585295,-3.7006934,-3.852454,-2.8092897,-1.0118035,-3.2862518,-3.196307,-3.1963067,-3.2143965,-3.2750695,-3.2216177,-2.8032138,-2.6493762,-3.2813687,-3.0282154,-3.0282152,-2.986354,-3.1131632,-3.1258557,-3.0263448,-1.4382021,-3.5871296,-3.8582294,-3.8582299,-3.8117404,-3.358471,-3.4390337,-3.1271381,-1.8154011,-3.192929,-3.0441532,-3.0441537,-3.0310848,-2.0834773,-2.7168841,-2.9952936,-0.3497886,0.24162552,-0.15960413,-0.15960315,-0.020496706,-0.24181014,0.07050254,0.05859257
CCCCCl,-2.03,-1.8401158,-1.5732088,-1.1945161,-1.1945162,-1.1982743,-1.4560102,-1.1936698,-1.1552857,-1.5164971,-1.314038,-1.2796166,-1.279616,-1.2766527,-1.2966969,-1.2692575,-1.4562968,-2.5029218,-1.2504156,-1.3232826,-1.3232826,-1.3253036,-1.2835377,-1.757791,-1.4978175,-1.3110101,-1.6592338,-1.7617283,-1.7617292,-1.9998088,-2.281168,-2.839317,-1.6608752,-1.4640623,-1.8072149,-1.6979221,-1.6979223,-1.6379395,-1.5813354,-1.5717835,-1.8017503,-1.4933192,-1.9094028,-1.6822578,-1.6822577,-1.6168667,-1.6705716,-1.6177076,-1.4017518,-2.1152878,-2.140938,-1.976203,-1.9762027,-1.976835,-2.5160618,-1.7878455,-2.0586991,-1.9872553,-2.4178119,-2.0693781,-2.069378,-2.0586488,-1.6721262,-2.3427029,-1.8728076,-2.269848,-2.4668822,-2.5365345,-2.5365348,-2.5631392,-2.5741138,-2.7622452,-2.301971
CC1(C)C(C=C(Cl)C(F)(F)F)C1C(=O)OC(C#N)c2cccc(Oc3ccccc3)c2,-8.176,-5.1760254,-7.5147786,-6.700541,-6.7005415,-6.7092466,-6.9647536,-6.73159,-5.306443,-6.1678634,-4.8992343,-4.4583683,-4.458368,-4.46684,-4.868618,-4.496607,-5.142538,-7.7375817,-6.173018,-6.031846,-6.0318465,-5.9898157,-6.6296654,-8.189986,-7.1333723,-7.6068854,-7.0438137,-7.339578,-7.339579,-7.6786013,-7.3684816,-8.461727,-7.3553247,-5.901667,-6.998754,-6.667244,-6.667245,-6.6772375,-6.71895,-6.8595395,-6.0014477,-6.3839006,-5.72843,-5.2194347,-5.2194347,-5.1837983,-5.1160183,-5.399005,-5.240432,-7.7294297,-5.57691,-5.5399694,-5.5399694,-5.8730083,-5.7205954,-5.8262515,-6.479059,-6.6743784,-6.364913,-5.768481,-5.7684813,-5.7034693,-4.6375813,-6.4954643,-6.1900244,-8.124289,-8.134377,-8.262617,-8.262616,-8.391557,-8.599998,-8.3695,-8.192366
COc1ccc(Cl)cc1,-2.78,-1.9975945,-2.30715,-2.2615702,-2.2615697,-2.2768557,-2.603683,-2.3130746,-1.8934811,-1.7957942,-2.275218,-1.5555626,-1.555562,-1.544029,-1.6008117,-1.5481561,-2.0343962,-2.901645,-1.9373612,-1.9436693,-1.9436693,-1.9505992,-1.8627009,-1.9691901,-1.914934,-1.4482499,-1.7845044,-1.9219921,-1.9219911,-2.2714267,-2.4177804,-2.8700466,-1.8706331,-2.7689662,-1.9086688,-1.9056581,-1.9056578,-1.9313567,-1.952289,-1.9536699,-2.1683533,-2.9652958,-2.6308346,-2.8077939,-2.8077931,-2.7950478,-2.789089,-2.7980278,-2.6520963,-2.7559679,-0.29851416,-0.89114213,-0.8911419,-0.85549796,-1.7900251,-0.55302167,-1.2266432,-2.4186344,-2.672546,-2.315369,-2.3153691,-2.3194773,-1.6897266,-2.5037963,-2.1215754,-2.6952236,-2.9379373,-2.9308815,-2.9308817,-2.9090712,-2.8287735,-2.8856118,-2.6842976
ClC=C(Cl)Cl,-1.96,-0.92116815,-2.0800476,-1.8425934,-1.8425936,-1.8458878,-2.0032628,-1.8584592,-1.094306,-1.9665444,-1.5137513,-1.8498516,-1.8498514,-1.8502719,-1.8473189,-1.8398194,-1.7132324,-2.0885806,-0.97952586,-0.91764957,-0.91764957,-0.91906816,-1.0076917,-1.205919,-1.4574988,-1.1010263,-1.4339161,-1.8443401,-1.8443401,-2.0814312,-2.4760072,-2.87589,-1.6740873,-2.0501814,-1.6027815,-1.3935168,-1.3935169,-1.3386234,-1.4861642,-1.3379729,-0.75539804,-1.7519153,-1.495065,-1.2449851,-1.2449849,-1.2666488,-1.247476,-1.2925208,-0.9244741,-2.0341885,-3.375938,-3.697683,-3.6976838,-3.6819165,-2.195146,-3.6052184,-2.0252645,-1.7217753,-1.8755977,-1.5352399,-1.5352393,-1.5254116,-1.4433824,-1.824058,-1.7420243,-1.9861267,-2.2735038,-2.3372214,-2.337221,-2.3140738,-2.328272,-2.3592432,-2.0608714
Oc1cccc(Cl)c1,-0.7,-1.574315,-2.2066832,-2.0395854,-2.0395849,-2.0440717,-2.2562804,-2.0630105,-1.5138711,-1.6418089,-1.4808258,-1.2110639,-1.2110636,-1.2196407,-1.2360893,-1.1944999,-1.4925431,-0.84253997,-1.5558102,-1.618054,-1.618054,-1.6217897,-1.5666798,-1.3135415,-1.080221,-0.09845479,-1.7003012,-1.7312198,-1.731219,-2.031812,-2.2925208,-2.5992575,-1.6532009,-1.115072,-1.6728077,-1.6657902,-1.6657903,-1.6070815,-1.7536937,-1.568656,-1.4876755,-1.1462986,-2.4381893,-2.6795208,-2.679521,-2.6330533,-2.6804156,-2.791641,-2.694768,-0.9822202,-0.23212145,-0.98718685,-0.9871868,-0.94235396,-0.9470187,-0.6310589,-0.8496719,-0.7756856,-1.1905667,-1.1559695,-1.1559695,-1.1540312,-0.96750695,-1.2787824,-0.80191594,-0.6183952,-0.8597989,-0.9365968,-0.93659675,-0.87957966,-0.8844376,-0.8492654,-0.9244254
CCCCCCC(=O)OCC,-2.74,-3.3593106,-3.1602404,-2.920323,-2.920323,-2.9086277,-3.2525132,-2.908923,-2.239552,-2.6292396,-3.2242837,-3.074753,-3.0747535,-3.000578,-3.333113,-3.083785,-2.884553,-2.6191063,-3.0925782,-2.9075606,-2.9075606,-2.9252222,-2.8682883,-2.977965,-2.8366895,-2.3350208,-2.2558396,-3.1231372,-3.1231365,-2.8905776,-3.19404,-3.7651072,-2.651354,-2.5531259,-3.0214813,-2.9703116,-2.9703114,-2.9271505,-3.1688912,-2.522701,-2.8866231,-2.9046793,-3.5741498,-3.3539093,-3.3539093,-3.20065,-3.3803978,-3.2871768,-3.6637478,-3.0354607,-3.1402445,-3.7077196,-3.7077198,-3.65906,-2.8241112,-3.3029354,-2.8030488,-2.1231945,-3.4139266,-2.9807975,-2.9807982,-2.993804,-2.2098293,-2.2547338,-2.8901205,-2.6884282,-2.7466068,-2.8410044,-2.8410046,-2.8282816,-2.9339094,-2.9044936,-2.8585618
CCCC(C)C1(CC=C)C(=O)NC(=S)NC1=O ,-3.46,-2.897271,-3.8440862,-3.607576,-3.607576,-3.5998178,-3.8841379,-3.5666113,-3.112747,-3.0687058,-3.001545,-2.680969,-2.6809688,-2.65535,-2.8010395,-2.6771424,-2.9739554,-3.420594,-4.541797,-4.0428286,-4.042829,-4.050088,-4.3527327,-3.3325102,-3.1393385,-3.3113415,-2.3161933,-3.0539238,-3.0539236,-3.060991,-3.1642125,-3.9270902,-3.0446458,-3.299823,-3.4646573,-3.4880533,-3.4880538,-3.4456,-3.5974321,-3.343935,-2.9206085,-3.8752084,-3.554935,-4.1429915,-4.142991,-4.0454597,-4.057474,-4.0056295,-4.9266987,-3.6374803,-2.5544765,-3.0442512,-3.0442517,-3.074292,-3.5134907,-2.7703621,-3.4914734,-2.7170177,-3.6249747,-3.2523127,-3.2523131,-3.2402322,-2.110362,-3.3962355,-3.2328,-3.3848388,-3.2878385,-3.0894597,-3.0894601,-2.9662063,-3.0601864,-3.2753956,-3.3438425
Cc1cc(no1)C(=O)NNCc2ccccc2,-2.461,-3.527764,-3.9750123,-3.890653,-3.8906522,-3.8613076,-4.3592496,-3.8300312,-3.2836049,-3.646188,-4.1422114,-2.8071253,-2.807125,-2.7229831,-3.4987242,-2.8361576,-3.2280543,-2.4116528,-3.864038,-3.4484499,-3.44845,-3.4313986,-3.5809326,-2.4965215,-2.5179107,-1.7913603,-2.1878088,-2.5207088,-2.5207071,-2.4411216,-2.898084,-3.1414943,-2.4121885,-2.7612984,-3.611413,-3.608795,-3.6087947,-3.6473503,-3.8623483,-3.6143696,-3.9666026,-3.1903741,-4.672377,-4.465467,-4.4654665,-4.4411116,-4.479813,-4.7342935,-4.615348,-3.2080193,-3.746456,-3.9265096,-3.9265099,-3.819811,-3.7284389,-3.4334652,-3.769027,-2.278157,-3.6731386,-3.1576893,-3.1576896,-3.074302,-2.4048367,-2.592308,-2.9015987,-2.4637914,-2.5242887,-2.4696872,-2.4696877,-2.4528396,-2.5475535,-2.6235082,-2.4638567
O2c1ccc(N)cc1N(C)C(=O)c3cc(C)ccc23 ,-3.928,-3.24756,-3.95066,-3.5834925,-3.5834923,-3.5872736,-3.8483887,-3.629307,-2.5340617,-3.9017518,-3.9138122,-3.452302,-3.4523015,-3.414633,-3.6842532,-3.4867651,-3.7504625,-4.001843,-4.2377634,-4.0337644,-4.0337644,-4.025065,-4.142882,-3.411757,-3.1446805,-3.5278816,-3.144357,-3.4040225,-3.4040215,-3.7280133,-3.807029,-4.148468,-3.5183737,-3.6018384,-3.58766,-3.4588962,-3.458896,-3.4803507,-3.5752447,-3.5181565,-2.9451022,-4.7283416,-4.9416966,-5.3200088,-5.3200083,-5.3855395,-5.065472,-5.3386045,-4.7875323,-3.1444156,-1.7777172,-2.412618,-2.4126182,-2.421465,-3.1715193,-2.144058,-2.889543,-3.1983662,-3.8222613,-3.354397,-3.3543983,-3.3669734,-2.5255225,-2.9656668,-3.1183255,-3.9252896,-3.8640285,-3.9955251,-3.9955258,-3.9581933,-4.050673,-3.9705548,-4.050389
CC(=O)Nc1nnc(s1)S(N)(=O)=O ,-2.36,-2.6953006,-3.0979846,-2.9820135,-2.9820132,-2.9955962,-3.3477352,-3.0474446,-2.421874,-2.4674122,-1.543406,-2.128833,-2.1288326,-2.090669,-2.186428,-2.056266,-1.3513688,-2.3517852,-2.725072,-2.5745485,-2.5745487,-2.5921183,-2.5710924,-1.3866236,-1.5047182,-1.8253164,-0.9732273,-1.1383924,-1.1383914,-1.334696,-1.782592,-2.1093338,-1.3176388,-2.1056857,-2.9283981,-2.8481293,-2.8481293,-2.9538064,-3.105478,-3.0356884,-2.6785738,-2.021759,-3.3673487,-3.075589,-3.0755887,-3.025484,-3.1788812,-3.0989244,-3.0030441,-2.4694562,-4.703888,-4.854239,-4.8542395,-4.9558997,-3.3953905,-4.7568216,-4.3124456,-2.1595378,-1.9653373,-2.2701623,-2.2701628,-2.014685,-1.1063277,-2.740491,-1.5419048,-2.3487697,-1.0268857,-1.5604006,-1.560401,-1.5789841,-2.0460162,-1.8144678,-1.2295907
Cc1ccccc1Br,-2.23,-1.5233653,-2.1887946,-1.8990499,-1.89905,-1.9038359,-2.069594,-1.9240694,-1.3814294,-2.2319589,-2.5468383,-2.2432697,-2.2432694,-2.2489505,-2.2343535,-2.2253056,-2.456391,-2.3730567,-1.7525415,-1.8168918,-1.8168919,-1.8210088,-1.7130791,-2.500026,-2.3049185,-1.9442877,-2.2720125,-2.3898218,-2.389824,-2.5619054,-2.960417,-3.4106576,-2.3202815,-2.402289,-1.7838154,-1.772725,-1.7727244,-1.729179,-1.7835418,-1.6915188,-1.6086941,-2.0602634,-2.0567343,-2.0061147,-2.0061147,-2.0129428,-2.0082874,-2.0173733,-1.4302546,-2.8626618,-4.3130827,-4.0918913,-4.0918913,-4.084623,-3.063247,-4.036001,-2.4528906,-2.324765,-2.6627705,-2.2979543,-2.2979548,-2.281246,-1.9022771,-2.4118102,-1.9861414,-2.4158149,-3.0535564,-3.013289,-3.0132887,-3.063643,-2.9042866,-3.2327387,-2.6701257
Nc1cccc(c1)N(=O)=O,-2.19,-2.1176724,-2.3432312,-2.2347386,-2.2347383,-2.237527,-2.482689,-2.2594535,-1.9330356,-2.0360656,-1.1230385,-1.1820469,-1.1820464,-1.2001921,-1.1454675,-1.1823552,-1.1576228,-2.1477778,-1.7748494,-1.8861971,-1.8861965,-1.8910927,-1.7559968,-1.2323996,-1.29845,-1.641008,-1.7937748,-1.9709399,-1.9709394,-2.193252,-2.6092162,-2.9063005,-1.8765485,-1.9180743,-1.8081214,-1.7249266,-1.7249266,-1.6876632,-1.9063966,-1.6556416,-1.51877,-1.91553,-2.3506634,-2.4917848,-2.4917848,-2.471996,-2.4678028,-2.5130322,-2.2827272,-2.1009464,-1.1326548,-1.4563262,-1.4563262,-1.4082056,-1.2034184,-1.0812572,-1.0862733,-2.3226113,-1.90746,-1.4275318,-1.427532,-1.4352822,-1.1889633,-1.7387116,-1.5009717,-2.1328833,-2.0174088,-2.4939446,-2.4939442,-2.460881,-2.4351797,-2.2917862,-2.5562286
Oc1cc(Cl)ccc1Oc2ccc(Cl)cc2Cl,-4.46,-4.4117446,-4.1300807,-4.0019403,-4.0019407,-4.0133896,-4.3796625,-4.0772595,-4.0837064,-4.3882794,-5.223746,-4.8273525,-4.827352,-4.850652,-5.0973907,-4.8374724,-4.4925537,-4.4721575,-4.7298527,-4.5601177,-4.560118,-4.585086,-4.5166855,-4.7358875,-4.7123146,-4.2714405,-4.656848,-4.8361053,-4.8361044,-5.2509265,-5.3183036,-5.742247,-4.7350917,-4.2341495,-3.4425197,-3.463455,-3.4634552,-3.519586,-3.5652266,-3.6014066,-4.1688724,-4.4251733,-4.0748763,-4.709197,-4.709197,-4.668628,-4.5724573,-4.793046,-5.5834603,-3.715013,-1.2177867,-2.0762937,-2.0762935,-2.0579636,-2.4871771,-1.8976595,-2.0627732,-4.181847,-4.9020853,-4.756801,-4.7568007,-4.7486587,-3.4377122,-4.420526,-4.7573037,-4.4929743,-4.4725037,-4.508726,-4.508725,-4.4824314,-4.6101213,-4.6732726,-4.649983
CC34CCC1C(CCC2=CC(=O)CCC12C)C3CCC4=O,-3.69,-3.8414745,-3.946703,-3.5871685,-3.5871685,-3.5831618,-3.9443192,-3.6112356,-3.1919038,-4.3459597,-3.881249,-4.2414465,-4.2414465,-4.1975875,-4.5395193,-4.2832727,-4.3994412,-4.2425885,-4.1750793,-4.113084,-4.1130843,-4.119444,-4.255057,-4.431961,-4.2203903,-4.1307654,-4.4821672,-4.7424555,-4.7424555,-4.264772,-4.6062903,-4.7086625,-4.3311725,-3.862056,-3.7026904,-3.5925262,-3.5925267,-3.610569,-3.7535589,-3.6262558,-3.0630453,-3.7228935,-3.4125376,-3.4662793,-3.4662793,-3.3520358,-3.4422805,-3.4441202,-4.1954784,-3.889129,-3.6365514,-4.022304,-4.0223045,-3.9443579,-4.2803397,-3.4948366,-4.143881,-3.7790031,-5.3012757,-5.0436916,-5.0436926,-5.056282,-3.7126415,-4.4330783,-4.5280223,-3.6895535,-3.9646192,-4.214225,-4.214225,-4.2044005,-4.349258,-4.2776484,-4.837774
CN(C)C(=O)Oc1cc(C)nn1c2ccccc2,-2.09,-3.2705421,-4.0351853,-3.7509353,-3.7509353,-3.7206688,-4.0086465,-3.642713,-3.2133133,-3.0051548,-2.8240159,-2.8283603,-2.8283603,-2.7796724,-3.1182914,-2.8625333,-2.9291384,-1.8479534,-4.070376,-3.6507516,-3.6507516,-3.6408086,-3.7996874,-2.363892,-1.9631228,-1.8254206,-3.5633829,-3.4413774,-3.4413762,-3.044871,-3.6327217,-3.665335,-3.104727,-2.286254,-3.652971,-3.5517597,-3.5517597,-3.4928937,-3.668479,-3.401381,-2.73579,-2.896579,-3.8648028,-4.366375,-4.366376,-4.3616486,-4.333603,-4.348675,-4.638213,-2.3541474,-3.1033907,-3.351599,-3.3515992,-3.3649619,-3.1722958,-3.1952698,-3.4830513,-2.2752972,-3.3345227,-2.952266,-2.9522662,-2.9511507,-2.1872113,-2.575061,-2.6860614,-2.0014691,-2.0634518,-2.1480358,-2.1480358,-2.1383522,-2.1913867,-2.2216165,-2.2187252
CC(=O)N(S(=O)c1ccc(N)cc1)c2onc(C)c2C ,-3.59,-3.3281555,-4.4874287,-4.2564063,-4.256406,-4.2468405,-4.4915853,-4.1951485,-3.5137184,-3.6930091,-3.3537714,-2.661063,-2.661063,-2.6011128,-2.886495,-2.693364,-3.1561782,-3.1628785,-4.760136,-4.172858,-4.1728587,-4.1695642,-4.4906898,-2.8928456,-2.4766743,-2.9646018,-3.7334254,-3.655749,-3.6557484,-3.192422,-3.662382,-3.9124427,-3.542628,-3.9446824,-4.104643,-4.016206,-4.0162053,-3.9578512,-4.1132584,-3.8766203,-3.3870955,-4.084313,-4.5576987,-4.900796,-4.900796,-4.745951,-4.699508,-4.063329,-4.2178144,-3.777661,-3.0999913,-3.570264,-3.5702643,-3.5338557,-3.8558655,-3.1501787,-3.7320452,-2.6502786,-2.8103323,-2.708096,-2.708096,-2.673807,-1.6699756,-2.6087434,-2.4609084,-3.6636548,-3.5614634,-3.621738,-3.621738,-3.5865896,-3.7701747,-3.7898777,-3.79833
CCC(C)CCO,-0.71,-2.019315,-2.0616903,-1.5190943,-1.5190945,-1.5061675,-1.711719,-1.4558504,-1.1182696,-0.6020366,-1.4317422,-1.6778086,-1.6778088,-1.6708087,-1.6431696,-1.6658411,-1.9178234,-0.99599993,-1.6296942,-1.5911614,-1.5911614,-1.5965648,-1.5032696,-0.873042,-0.97408485,-0.4056076,-1.3672022,-1.542407,-1.5424063,-1.5693257,-1.8056731,-2.3297763,-1.5211889,-0.75995255,-1.8534822,-1.6043241,-1.6043241,-1.6124469,-1.6980392,-1.5229741,-1.3553368,-0.8587793,-2.238021,-2.3638957,-2.3638957,-2.2904186,-2.349795,-2.2438605,-2.0685952,-0.83833855,-1.5367887,-1.8007914,-1.8007914,-1.7574672,-0.7259733,-1.4309943,-1.1078401,-0.90582716,-1.4201386,-1.1991013,-1.1991017,-1.0762104,-0.5840502,-0.7546706,-1.1707108,-0.6186152,-1.0030555,-0.86325145,-0.8632514,-1.0435333,-0.70011777,-1.3910047,-0.7839448
CC(C)N(C(C)C)C(=O)SCC(Cl)=C(Cl)Cl,-4.88,-3.9257877,-4.0223756,-3.7205558,-3.7205555,-3.707111,-4.082392,-3.72694,-3.3445055,-4.2351313,-3.4028769,-3.056887,-3.0568867,-3.0196157,-3.3054876,-3.0141406,-3.5152423,-5.0045576,-4.7448726,-4.383175,-4.3831754,-4.4078674,-4.666832,-3.8793025,-3.7164874,-3.8685155,-4.327095,-4.7394357,-4.7394376,-5.018478,-5.18249,-5.6497865,-4.5044413,-5.095311,-3.819448,-4.03993,-4.0399294,-3.9999444,-4.0965276,-3.8743377,-4.4495215,-4.292245,-3.5501318,-3.4299793,-3.4299788,-3.3224988,-3.3292806,-3.2445817,-3.1821995,-4.464194,-3.2491708,-3.503452,-3.5034523,-3.4862335,-2.8685377,-3.1651046,-2.8434682,-4.297661,-4.054125,-4.1189055,-4.118906,-4.106946,-2.9419494,-4.300692,-4.0694275,-4.694171,-4.35092,-4.545246,-4.545245,-4.505131,-4.826918,-4.7380004,-5.0492964
OC(c1ccc(Cl)cc1)(c2cncnc2)c3ccccc3Cl,-4.38,-4.2675357,-5.065791,-4.712402,-4.7124023,-4.69685,-4.9953647,-4.6565137,-3.9736178,-4.5370307,-5.0540347,-4.9618998,-4.9618998,-4.9440074,-5.155965,-4.908504,-4.809356,-4.5950694,-5.421299,-5.1852484,-5.1852484,-5.2006226,-5.4424324,-5.040043,-5.272978,-3.981937,-4.086579,-4.2731047,-4.273103,-4.7073064,-4.685303,-4.9487224,-4.4449472,-4.443421,-4.1736917,-4.192392,-4.192392,-4.1079187,-4.3304644,-4.0226827,-3.1848571,-4.1685343,-3.9443917,-4.6877956,-4.687795,-4.635218,-4.6080523,-4.7470694,-4.941822,-4.3946595,-2.757502,-3.098025,-3.098025,-3.080675,-3.5304952,-2.7218776,-3.485679,-3.7140813,-5.532284,-5.114184,-5.1141844,-5.0932794,-3.861094,-5.1016827,-5.0691867,-4.50057,-4.354394,-4.4848003,-4.4848013,-4.4488673,-4.648538,-4.5440173,-4.536999
C1CCC=CCC1,-3.18,-2.5055747,-1.8133512,-1.2085254,-1.2085255,-1.1939495,-1.3621026,-1.1441337,-1.1708051,-3.086726,-1.6734223,-2.436655,-2.4366555,-2.4312518,-2.4145641,-2.4485147,-1.9801058,-3.6508987,-1.6957331,-1.7792624,-1.7792625,-1.7832432,-1.682746,-2.273549,-2.2144337,-1.7404732,-1.7635503,-2.4024987,-2.4024992,-2.4397306,-2.6458614,-3.4582043,-1.9690384,-3.0525558,-2.3562987,-1.3476923,-1.3476923,-1.2929896,-1.1628814,-1.4951737,-2.104657,-2.44266,-2.2481022,-2.4612033,-2.4612033,-2.4228644,-2.4290493,-2.620574,-2.2537813,-3.1936567,-2.9349318,-2.5748284,-2.5748286,-2.5716512,-3.1645129,-2.5271318,-2.6197104,-3.1681595,-3.7933445,-3.667972,-3.6679733,-3.676254,-3.0672805,-3.55716,-3.0888927,-1.9183085,-1.4675025,-1.539308,-1.5393082,-1.4664589,-1.6305666,-1.3104426,-2.2925794
CCC#C,-1.24,-0.54969037,-1.2813635,-0.77493304,-0.774933,-0.7897294,-0.91187215,-0.80759543,-0.2570572,-0.55045885,-0.5728583,0.070845306,0.07084549,0.068566225,-0.034379184,0.08634001,-0.7151633,-1.2014898,-1.0188378,-0.98638123,-0.98638123,-0.98734045,-0.936339,-0.5984184,-0.69841456,0.5318822,-0.5015745,-0.24137442,-0.24137309,-0.46488643,-0.8143029,-1.1465849,-0.604279,-1.0460824,-1.544428,-1.6127124,-1.6127121,-1.6889613,-1.6259971,-1.7490036,-0.9050952,-1.3190281,-2.0453212,-0.6867583,-0.6867579,-0.75684327,-0.8095202,-0.90296924,-0.41517428,-1.3780086,-1.6715273,-1.782601,-1.7826008,-1.7692572,-1.6332582,-1.5475368,-1.5514104,-1.0286171,-0.010502756,0.10648829,0.10648812,0.11681236,0.33308288,-0.12443055,0.16044971,-0.9774386,-1.8788066,-1.7524902,-1.7524898,-1.7639459,-1.7400768,-1.9413838,-1.7595704
N(c1ccccc1)c2ccccc2,-3.504,-2.9939647,-2.971971,-2.73204,-2.73204,-2.7457314,-3.0399437,-2.7983418,-1.970637,-3.800822,-3.745449,-3.6790168,-3.6790173,-3.6601846,-3.86966,-3.6890862,-3.4876502,-3.7240577,-3.0475729,-3.1081917,-3.108192,-3.1077032,-2.9883535,-3.411903,-3.259015,-3.3760593,-3.5485425,-3.7127273,-3.7127259,-3.7631247,-4.258411,-4.51948,-3.65403,-3.6445656,-4.186715,-4.036781,-4.0367804,-4.2278776,-4.073593,-4.2192154,-3.4697042,-3.4448211,-3.4830658,-3.8324845,-3.832484,-3.8019161,-3.789032,-3.8250146,-4.7012486,-4.364865,-1.9931802,-2.248854,-2.2488537,-2.2171037,-2.736893,-1.8806064,-2.687136,-3.5562649,-4.1991873,-4.0025563,-4.0025578,-4.04513,-2.9304101,-3.8547816,-3.3773093,-3.499436,-3.654529,-3.6101916,-3.6101918,-3.6034343,-3.6120598,-3.5593696,-3.5758693
CCCCOc1ccc(C(=O)OCC)c(c1)N(CC)CC ,-3.84,-4.567025,-5.148019,-4.7036204,-4.7036204,-4.70834,-4.9872885,-4.741785,-3.4128973,-4.489059,-4.1943283,-4.381281,-4.381281,-4.392616,-4.922809,-4.456589,-4.4442053,-3.9713974,-4.2679815,-4.151528,-4.151528,-4.080977,-4.269682,-3.6832144,-3.8913894,-3.9276237,-4.3904757,-4.916295,-4.916294,-4.3765116,-4.832931,-5.855512,-4.4068947,-4.4037833,-5.475962,-5.2182813,-5.2182813,-5.201787,-5.2793074,-5.2474313,-3.9810503,-4.7077513,-5.272576,-5.142373,-5.1423726,-4.808977,-4.969899,-4.3775506,-4.763539,-5.1863885,-4.695622,-5.1038623,-5.1038632,-5.0750303,-4.6855793,-4.693344,-4.1508594,-3.7989166,-4.8142114,-4.4462266,-4.446227,-4.462553,-3.3865128,-3.540113,-4.4454694,-3.9676285,-3.8948197,-3.9473598,-3.9473598,-3.9261687,-4.193426,-4.07813,-4.178579
CCI,-1.6,-0.55265784,-0.83280516,-0.09788798,-0.09788811,-0.10949919,-0.26229283,-0.1423561,-0.1254372,-2.012856,-1.1883297,-1.5075688,-1.5075687,-1.5146369,-1.4473357,-1.4987886,-1.6514308,-1.9052927,-1.2188988,-1.2158437,-1.2158436,-1.2177806,-1.221927,-1.8570455,-1.665335,-0.4159677,-0.6076148,-0.47297978,-0.47297996,-0.74531746,-1.0920982,-1.4056069,-0.7891674,-1.5495178,-1.7406447,-1.949539,-1.949539,-1.946587,-1.6178709,-1.9810307,-1.6059202,-1.3037956,-1.2725154,-0.5398645,-0.53986454,-0.56278414,-0.60844135,-0.7064072,-0.573487,-1.8712715,-1.7277365,-1.4192924,-1.4192924,-1.4212456,-2.1374254,-1.3021972,-1.6485007,-1.4467466,-1.7724292,-1.672573,-1.6725733,-1.6683095,-1.280218,-1.6941526,-1.4416645,-1.9183085,-1.4675025,-1.539308,-1.5393082,-1.4664589,-1.6305666,-1.3104426,-2.2925794
CCOP(=S)(OCC)SC(CCl)N2C(=O)c1ccccc1C2=O,-6.34,-5.290291,-5.549122,-5.344915,-5.344915,-5.3453345,-5.654302,-5.333869,-5.1368556,-6.021953,-4.6536756,-5.1060877,-5.1060877,-4.9889503,-5.4380393,-5.2104263,-4.973685,-6.417201,-5.5581546,-5.1956835,-5.195683,-5.1773043,-5.684255,-5.1535854,-4.943871,-5.7103896,-4.338192,-4.794098,-4.7940984,-5.1539936,-5.2115984,-5.6291776,-4.806862,-5.595493,-5.0409636,-4.810807,-4.810807,-4.7677364,-4.982314,-4.672954,-4.546725,-5.2592287,-4.7020583,-4.4424915,-4.442491,-4.4380875,-4.393244,-4.482706,-4.3258886,-6.31913,-6.2639246,-6.40768,-6.4076805,-5.7711773,-6.2698836,-5.1717687,-6.0448217,-5.6900053,-5.522208,-5.3121076,-5.3121085,-5.2427835,-4.022214,-5.735045,-5.4756093,-6.431352,-6.314681,-6.4566536,-6.4566536,-6.2441792,-6.6593294,-6.54009,-6.4385734
OC(c1ccc(Cl)cc1)(c2ccc(Cl)cc2)C(Cl)(Cl)Cl,-5.666,-4.710489,-5.443931,-4.9965577,-4.9965577,-4.9795184,-5.314036,-4.936162,-4.336216,-5.8522673,-6.942703,-6.3848104,-6.38481,-6.339082,-6.5167317,-6.385555,-6.0997033,-5.8863854,-5.8759766,-5.9166145,-5.9166145,-5.9378295,-6.166975,-5.980194,-6.003776,-6.053458,-5.5602045,-5.726687,-5.726687,-5.9085164,-6.071201,-6.5382266,-5.7712517,-5.7008376,-4.302433,-4.7714767,-4.7714767,-4.743816,-4.8381505,-4.8005614,-6.054261,-5.5388527,-4.291962,-4.8468175,-4.846817,-4.8826685,-4.663927,-4.9453135,-4.2375035,-5.32578,-2.609955,-3.1205995,-3.1205993,-3.0991924,-3.6669278,-2.7705102,-3.775592,-5.3280315,-6.8392696,-6.187796,-6.1877956,-6.1985264,-5.0946465,-6.128278,-6.3150597,-5.641979,-5.602743,-5.7150583,-5.715058,-5.706636,-5.676208,-5.6484528,-5.816446
CCCOC(=O)C,-0.72,-2.0109258,-2.1218333,-1.7282822,-1.7282823,-1.7395675,-1.9433249,-1.7610817,-1.0753355,-0.24946818,-0.94466215,-0.5918939,-0.5918943,-0.58037883,-0.64008504,-0.5729839,-1.1418561,-0.69570667,-1.5286865,-1.549357,-1.5493572,-1.5534168,-1.473292,-1.180389,-1.1389682,0.13556297,-0.6868236,-0.43343008,-0.43343005,-0.5923161,-0.95223314,-1.1762861,-0.8386705,-0.77402365,-2.0555131,-1.9287446,-1.9287447,-1.9957721,-2.0105536,-1.9742806,-1.4152726,-1.0578873,-2.420584,-2.0830925,-2.0830922,-2.0590937,-2.124816,-2.1324308,-2.1487765,-1.0908093,-1.0885395,-1.7124469,-1.7124469,-1.6655052,-1.3060575,-1.3525317,-1.3371975,-0.53306115,-1.491228,-1.1390015,-1.1390014,-1.1045737,-0.7004326,-0.57994324,-1.1382314,-0.70862806,-0.6868954,-0.71659094,-0.716591,-0.70977855,-0.78218764,-0.71856946,-0.74553186
c1ccccc1(OC(=O)NC),-1.803,-2.1056693,-2.6438384,-2.5381935,-2.5381935,-2.5545695,-2.8830483,-2.6009796,-1.8844044,-1.6497895,-2.0088043,-1.0134673,-1.0134671,-0.9985093,-1.2745204,-1.0129889,-1.5144948,-2.0459206,-2.0529037,-2.0825756,-2.0825753,-2.089389,-1.9742662,-1.7053012,-1.7536565,-1.997165,-1.5614908,-1.7334218,-1.7334204,-2.1186094,-2.2344844,-2.6858087,-1.7740228,-1.4298857,-2.239939,-2.053443,-2.053443,-2.127834,-2.1916742,-2.1711984,-1.5323403,-1.760067,-3.4136727,-2.7241366,-2.7241368,-2.7882938,-2.7194357,-2.823207,-2.398887,-2.318858,-2.2014074,-2.4296129,-2.4296126,-2.5124202,-1.4638151,-2.3993304,-2.020537,-1.3107647,-2.297164,-1.8814963,-1.8814967,-1.8873698,-1.233615,-1.413302,-1.5372589,-1.7652115,-1.7171004,-1.7311628,-1.7311623,-1.7095293,-1.7845016,-1.8521248,-1.7770113
CS(=O)(=O)c1ccc(cc1)C(O)C(CO)NC(=O)C(Cl)Cl ,-2.154,-4.5929694,-5.33656,-4.930839,-4.9308395,-4.893999,-5.2875457,-4.8537474,-4.3803387,-3.418162,-3.9699807,-3.286698,-3.286698,-3.1843202,-3.7313652,-3.215041,-3.3090408,-2.2849374,-4.691755,-3.9600954,-3.9600952,-3.980816,-4.4640007,-2.356394,-2.1822064,-2.2463498,-3.119734,-3.071151,-3.0711493,-3.2302713,-3.4781635,-3.647541,-3.2424636,-3.1059487,-4.3985596,-4.425111,-4.4251113,-4.337451,-4.5920486,-4.2916718,-4.755183,-4.13708,-4.5367,-4.5433645,-4.5433645,-3.9469526,-4.5457397,-4.058131,-4.785885,-2.1155982,-2.8551178,-3.2685378,-3.268538,-3.2082021,-3.0949621,-2.86563,-3.0873938,-2.6149747,-3.988317,-3.8390915,-3.8390927,-3.8050034,-2.6125352,-3.850617,-3.8143146,-2.1913066,-2.2777915,-2.1443584,-2.1443589,-2.0509696,-2.181944,-2.3666513,-2.2685552
C1OC(O)C(O)C(O)C1O,0.39,-1.6248884,-2.126892,-1.6322627,-1.6322628,-1.6197273,-1.8703884,-1.5784311,-1.3841082,0.53117496,-0.6840784,-0.085603654,-0.08560352,-0.09823803,-0.35154977,-0.07564968,-1.1062413,0.5170948,-1.198839,-0.99552363,-0.99552375,-1.0033332,-0.80507636,0.95040345,0.8208349,0.80812246,-0.09097144,0.9132457,0.91324794,0.22018571,0.5456442,0.39457387,-0.20102738,0.5299701,-1.8197026,-1.6608785,-1.6608785,-1.6536356,-1.8046077,-1.563664,-1.448045,-0.66446126,-2.1035886,-2.2602918,-2.2602916,-2.1608844,-2.2299528,-2.0732987,-1.8995656,0.4366336,-0.32391226,-0.30076426,-0.30076432,-0.27075756,0.079720564,-0.055918857,-0.007574469,0.44741637,-0.49578273,-0.31157726,-0.31157765,-0.29790562,0.3931375,-0.15267082,-0.37739924,0.35227042,0.36396652,0.33945808,0.3394582,0.3712587,0.27991697,0.4008539,0.44647726
CN(C)C(=O)Nc1ccc(Cl)cc1,-2.89,-3.0421154,-3.2382414,-3.2093198,-3.20932,-3.2248785,-3.624681,-3.29336,-2.7178667,-3.054605,-2.5861855,-2.055394,-2.0553932,-2.0553772,-2.294088,-2.0786955,-2.2520657,-2.9656653,-3.344583,-3.2638223,-3.263822,-3.2714267,-3.174452,-3.021439,-2.8625817,-3.1352928,-2.3555458,-2.5323496,-2.532349,-2.8998747,-3.0984285,-3.5372164,-2.5865445,-3.0865588,-2.8618224,-2.8399572,-2.8399568,-2.9186478,-2.9408648,-2.9797466,-3.4719617,-3.495811,-3.223322,-2.882592,-2.882592,-2.8719425,-2.9610193,-3.0184078,-2.925875,-2.9615045,-2.9470823,-3.247576,-3.2475765,-3.2105548,-2.7384953,-2.8872085,-2.7036302,-2.4465766,-2.7466507,-2.4791296,-2.4791298,-2.4749744,-1.7084523,-2.258223,-2.4881833,-3.0215237,-2.954876,-3.116975,-3.116976,-3.04654,-3.1124442,-3.0414135,-3.1249306
Cc2cccc3sc1nncn1c23 ,-2.07,-2.621498,-2.624492,-2.5481708,-2.5481708,-2.5423207,-2.7961593,-2.55791,-2.6635416,-3.217673,-3.8101325,-3.5235202,-3.523519,-3.5226803,-3.5931857,-3.5003169,-3.485023,-2.8231695,-2.496315,-2.5580237,-2.5580237,-2.5665677,-2.5179613,-3.5422149,-3.723286,-1.0638211,-3.0054927,-3.2860844,-3.2860844,-3.2707756,-3.9035711,-4.0916023,-2.7955441,-2.1901784,-2.1056209,-2.5467021,-2.5467021,-2.4870257,-2.6346643,-2.430678,-2.9907286,-1.937156,-2.3739052,-2.5297604,-2.5297601,-2.511581,-2.5199242,-2.5058959,-2.4315007,-2.0275695,-2.3151152,-2.842568,-2.842568,-2.8337936,-2.3419845,-2.5602207,-2.4212244,-2.1297283,-3.712045,-3.2034986,-3.2034984,-3.1873124,-2.6043687,-3.1551847,-2.9780703,-1.9770495,-2.0906448,-2.1193845,-2.1193833,-2.089145,-2.1608422,-2.1740685,-2.0990517
CC2=CC(=O)c1ccccc1C2=O ,-3.03,-2.623308,-2.683814,-2.6264617,-2.6264622,-2.6195855,-2.878211,-2.6340501,-2.8026955,-2.847176,-2.589393,-2.4034252,-2.4034247,-2.3841984,-2.3929873,-2.413224,-2.999843,-3.3371074,-2.7615347,-2.905946,-2.9059458,-2.915781,-2.8320317,-3.910314,-3.9003553,-2.8177948,-2.22276,-2.4954135,-2.4954145,-2.86924,-3.012846,-3.4906034,-2.5581007,-3.049088,-2.229071,-2.2543414,-2.2543416,-2.2848277,-2.3659973,-2.2924118,-1.6994454,-3.0169156,-2.9145205,-3.1351626,-3.1351624,-3.1188745,-3.1122794,-3.0929048,-3.2801797,-3.125232,-2.5697849,-2.8350554,-2.8350554,-2.7845478,-2.5221686,-2.3886251,-2.319866,-2.650316,-3.2594655,-2.823764,-2.823765,-2.823015,-2.088213,-2.9905038,-2.8939195,-3.02862,-3.1446118,-3.2394354,-3.2394357,-3.22765,-3.2691476,-3.1538427,-3.1493728
O=C1CCC(=O)N1,0.3,-0.7426859,-1.7472613,-1.1714354,-1.1714351,-1.1760097,-1.2321243,-1.187098,-0.76846397,-0.68946517,-0.2553544,-0.1841312,-0.18413076,-0.18691272,-0.369904,-0.17109725,-0.4752789,0.3875033,-1.1997662,-1.2252052,-1.2252052,-1.227344,-1.1870795,-1.0273039,-1.1685041,0.52771777,-0.5943001,-0.54234654,-0.54234654,-0.88012284,-1.1800157,-1.4655775,-0.76844037,0.51930285,-2.398565,-1.5733434,-1.5733434,-1.4605587,-1.9147617,-1.4349456,-0.18121089,0.5957759,-2.0221791,-2.1362035,-2.1362038,-2.1307755,-2.1240606,-2.2754328,-1.5862129,-0.12827422,-0.83976096,-0.80486363,-0.8048638,-0.77015835,-0.28800678,-0.4923847,-0.24146639,0.27519414,-0.78666854,-0.6091643,-0.6091651,-0.5875103,-0.45562986,-0.70929843,-0.45545378,0.26337045,-0.95825094,-0.9240863,-0.924086,-0.9952127,-0.84393436,-1.2013377,-0.38364547
Cc1cccnc1C,0.38,-1.4614131,-2.0772166,-1.754862,-1.7548621,-1.7500273,-1.8466152,-1.7459166,-1.1875695,-1.1314123,-1.913918,-1.466853,-1.4668529,-1.470638,-1.6239455,-1.4443396,-1.8919916,-0.9592164,-1.5413451,-1.609847,-1.6098465,-1.6138358,-1.5585972,-1.5884584,-1.6117815,0.376272,-1.4385359,-1.5342879,-1.534287,-1.718344,-2.054842,-2.3923798,-1.5624826,0.37878078,-1.7597804,-1.9783069,-1.9783075,-1.9214082,-2.0114543,-1.8867571,-1.2309082,-0.47533566,-2.0002992,-2.0293443,-2.0293446,-2.0169508,-2.0707214,-2.0388498,-1.9069178,0.04220958,-1.9290429,-1.8183483,-1.8183483,-1.787784,-1.120725,-1.5055948,-1.2034125,-0.37079343,-2.4835343,-2.0840285,-2.084028,-2.091313,-1.663117,-2.0658803,-2.0938032,0.41187525,-1.3763516,-1.1386863,-1.1386862,-1.056167,-1.1025984,-1.0897259,-0.89926535
Cn2c(=O)on(c1ccc(Cl)c(Cl)c1)c2=O,-2.82,-4.090992,-3.6786711,-3.6591198,-3.6591198,-3.6699758,-4.0996947,-3.7410064,-3.5818093,-3.0004003,-3.1327157,-3.252065,-3.2520645,-3.224098,-3.4031193,-3.269217,-2.862364,-2.8048701,-4.110759,-3.8599248,-3.859925,-3.873967,-3.9321678,-4.138231,-4.017575,-3.0088563,-2.9544706,-3.1090736,-3.1090732,-3.3303409,-3.9104316,-4.007837,-2.9410548,-3.168222,-2.9140723,-2.9762063,-2.9762065,-3.041246,-3.1778295,-3.1014986,-3.6298606,-3.078727,-3.4544408,-3.1832983,-3.183298,-3.174593,-3.2333932,-3.2638443,-3.452528,-3.0653641,-3.3525708,-4.263699,-4.263699,-4.10534,-3.4564266,-3.7756426,-3.1720119,-2.9631333,-2.8931603,-3.0954988,-3.0954993,-3.0575578,-2.062215,-3.4011745,-3.016041,-2.978454,-2.8679883,-2.9110768,-2.9110763,-2.8673432,-2.9277923,-2.9857848,-2.7659988
CC(C)COC(=O)C,-1.21,-2.2262616,-2.2503257,-1.828211,-1.8282108,-1.8305126,-2.0580742,-1.7775962,-1.1877015,-0.4542521,-0.94326085,-1.1837534,-1.1837531,-1.1779068,-1.1016214,-1.1603078,-1.3530579,-1.3902072,-1.860799,-1.8836797,-1.8836797,-1.8899004,-1.8137612,-1.6264486,-1.640296,-0.23431024,-0.9093073,-0.81142527,-0.81142366,-0.8419429,-1.2171234,-1.4635395,-1.0876331,-1.3466814,-2.0994349,-1.9715883,-1.9715881,-2.021913,-2.0577214,-2.029181,-1.640175,-1.2109375,-2.3977284,-1.9848893,-1.9848893,-1.8747766,-2.0239732,-1.9596688,-2.13151,-1.1054039,-1.3734156,-2.0063279,-2.006328,-1.9628057,-1.4242572,-1.6442702,-1.5283346,-0.89234364,-1.9697717,-1.7196823,-1.719683,-1.7067297,-1.0984904,-1.1396563,-1.5545214,-1.3295655,-1.046364,-1.0360495,-1.0360495,-0.97322834,-1.0650434,-0.8860064,-0.8038634
ClC(Cl)(Cl)C(Cl)(Cl)Cl,-3.67,-3.0611844,-2.18398,-3.0985258,-3.098526,-3.0790753,-3.5150213,-2.9712024,-1.8761275,-3.7014923,-3.7053957,-3.3658984,-3.3658967,-3.364662,-3.355319,-3.367122,-3.320743,-3.552587,-1.2790624,-1.267639,-1.2676393,-1.2707634,-1.4668264,-1.9027666,-2.179801,-3.3649495,-2.677856,-3.2103732,-3.2103744,-3.289087,-3.5852056,-4.1436977,-2.7683911,-3.6553867,-4.573175,-3.536633,-3.536633,-3.5265608,-3.490116,-3.4231315,-3.586093,-3.3242352,-1.5080156,-1.3705043,-1.3705043,-1.3621837,-1.4365733,-1.3757577,-2.0460181,-3.677421,-1.7319229,-2.5240047,-2.5240045,-2.4177644,-3.1332972,-2.0927854,-3.1009011,-3.4799647,-3.7376847,-3.2612598,-3.2612605,-3.25404,-3.1851685,-3.2714057,-3.4491193,-2.9509609,-2.2697425,-2.4326699,-2.4326706,-2.3158035,-2.5070841,-2.0942955,-2.59653
CC1OC(CC(O)C1O)OC2C(O)CC(OC2C)OC8C(O)CC(OC7CCC3(C)C(CCC4C3CCC5(C)C(CCC45O)C6=CC(=O)OC6)C7)OC8C ,-5.292999999999999,-4.7061014,-14.6772785,-10.086515,-10.086515,-10.055548,-9.71001,-10.253434,-0.56176364,-5.7087193,-5.0998473,-6.746316,-6.746315,-6.5811605,-7.0506268,-6.696422,-7.8472257,-4.4613914,-19.224981,-20.109823,-20.109821,-19.300358,-21.685406,-11.012685,1.1562964,-5.09871,-5.044848,-6.4511623,-6.4511604,-7.013951,-5.396134,-7.089967,-2.1052296,-4.8791056,-13.4897,-12.346557,-12.346559,-12.32828,-11.7740135,-12.827121,-0.8213082,-5.307813,-10.26707,-9.4665165,-9.466516,-9.694473,-9.6167755,-9.390328,-5.536506,-5.289597,-10.410839,-9.526234,-9.526234,-10.606877,-5.579866,-10.147436,-1.8785094,-4.458841,-9.840889,-9.396563,-9.3965645,-9.189849,-7.8929214,-8.83715,-0.71585464,-5.53133,-6.5483303,-6.7692313,-6.7692313,-6.223162,-6.414001,-9.458189,0.6072717
Brc1cc(Br)cc(Br)c1,-5.6,-5.31902,-3.9715304,-4.1287303,-4.128731,-4.1132355,-4.6563516,-4.114869,-6.5388136,-5.7058873,-4.411342,-4.6343584,-4.6343584,-4.6300654,-4.735743,-4.631576,-4.9622607,-5.703798,-1.9481831,-1.8991367,-1.8991363,-1.9042145,-1.8041764,-3.3676429,-3.5107856,-5.37278,-4.241223,-5.0925384,-5.092538,-5.266568,-5.374459,-6.131644,-4.635361,-5.3909755,-2.6356742,-3.5426292,-3.5426292,-3.437058,-3.6559517,-3.4080818,-4.381382,-5.2686625,-2.6264193,-2.8992355,-2.8992352,-2.8522902,-2.9342418,-3.059506,-3.2651978,-5.627641,-2.1650033,-2.3509007,-2.3509007,-2.3741071,-4.305311,-2.2446458,-3.3904521,-5.4497056,-5.4087605,-4.8205295,-4.8205285,-4.8100724,-4.7833824,-5.3190813,-5.5730176,-5.103881,-3.7555418,-3.8040404,-3.8040404,-3.7868354,-3.929759,-3.7717865,-3.94763
COC(=O)C1=C(C)NC(=C(C1c2ccccc2N(=O)=O)C(=O)OC)C ,-4.76,-3.8947296,-5.251245,-5.0750365,-5.0750365,-5.057596,-5.342598,-4.9949627,-4.1907005,-3.9003105,-2.2461123,-3.0187538,-3.0187545,-2.986765,-2.8236485,-3.0044818,-2.5524924,-4.764921,-4.635463,-3.9381707,-3.9381707,-3.9422896,-4.529107,-3.9171598,-3.7101455,-4.4556627,-3.7236822,-4.1730156,-4.173014,-4.6387634,-4.391626,-5.2489305,-4.3739424,-4.187518,-4.864653,-4.829883,-4.829883,-4.7185516,-5.090917,-4.5765204,-3.6746838,-5.135484,-3.7048368,-4.2313867,-4.231387,-4.201666,-4.220401,-4.154069,-4.63726,-3.647953,-2.8005702,-3.4288006,-3.428801,-3.3787835,-3.2454362,-3.026488,-3.2638874,-4.04619,-3.1135335,-3.5719004,-3.5719013,-3.4816623,-2.2147512,-4.1216564,-3.324187,-4.945463,-4.7523613,-4.7840757,-4.7840757,-4.7254963,-4.8289614,-5.0354915,-4.713237
Oc2cc(O)c1C(=O)CC(Oc1c2)c3ccc(O)c(O)c3,-3.62,-3.8777637,-4.5566144,-4.273168,-4.273168,-4.278798,-4.6115446,-4.3188095,-3.543126,-3.7255435,-2.7688785,-3.3981352,-3.398135,-3.3396347,-3.6247559,-3.4147599,-3.1145744,-3.669295,-4.312474,-3.9072812,-3.9072812,-3.8943667,-3.996731,-2.35818,-2.4802651,-3.2439742,-2.3143308,-2.3805046,-2.3805017,-3.1801536,-2.804974,-3.3190174,-2.4905791,-3.5403404,-4.0374513,-3.9192579,-3.9192576,-3.9603329,-4.124234,-4.047665,-3.7565196,-3.8008995,-4.409801,-4.4488173,-4.4488173,-4.208419,-4.4121146,-4.1823273,-4.604464,-3.4861865,-1.5172614,-2.508538,-2.5085387,-2.4242475,-1.539682,-2.039384,-1.1886214,-2.282835,-1.8276118,-1.8388504,-1.8388506,-1.7883915,-1.0426828,-1.766223,-1.5768132,-3.6997752,-3.6220212,-3.7205064,-3.7205071,-3.4989955,-3.5575464,-3.8912237,-3.797587
CCOC(=O)Nc2cccc(OC(=O)Nc1ccccc1)c2 ,-4.632,-4.691231,-5.517589,-5.2945523,-5.294553,-5.3117704,-5.7169633,-5.407606,-4.3384748,-4.542483,-4.388787,-3.4898055,-3.4898064,-3.57169,-4.0782866,-3.4477365,-3.8981974,-4.661722,-5.1397295,-4.789939,-4.789939,-4.737875,-4.786098,-4.4271183,-4.139382,-4.319888,-3.6263528,-4.086391,-4.0863895,-4.313311,-4.308,-4.808583,-4.1519003,-5.127583,-5.591645,-5.2289925,-5.2289925,-5.2409334,-5.445139,-5.2944207,-4.12351,-5.10685,-6.135486,-6.2360888,-6.2360888,-6.299943,-6.0370665,-6.089907,-5.146281,-4.8363595,-6.0757523,-6.2596364,-6.259635,-6.321128,-5.147117,-6.0526524,-5.3580384,-3.3975368,-5.0064263,-4.328179,-4.3281794,-4.3160367,-3.6183214,-3.413566,-3.8702948,-4.7739043,-4.6024704,-4.651977,-4.6519775,-4.624539,-4.649552,-4.837237,-4.7469997
O=N(=O)OCC(CON(=O)=O)ON(=O)=O ,-2.22,-3.2470717,-3.7015295,-3.4393952,-3.4393952,-3.4397018,-3.7175965,-3.4410856,-3.3555295,-2.1035914,-0.16410778,-2.946277,-2.9462767,-2.905144,-3.2642674,-2.8550065,-1.4264641,-2.1266751,-3.0074644,-2.6000454,-2.6000454,-2.613391,-2.693643,-1.4497424,-1.4363437,-1.8834003,-0.79254276,-1.1030183,-1.1030166,-1.8001342,-1.7049596,-2.161017,-1.5429276,-2.928281,-2.9365623,-3.0548515,-3.0548515,-3.0683494,-3.3078773,-3.0329604,-3.431888,-2.2286558,-3.5083947,-3.7189677,-3.7189674,-3.616406,-3.686025,-3.571488,-4.236879,-2.3903565,-2.3988638,-3.1058285,-3.1058288,-3.1929367,-2.235934,-3.0201268,-3.2046506,-2.1137426,-2.4834325,-3.113241,-3.113241,-3.0622923,-1.7219712,-2.3447084,-1.7998978,-2.1974807,-2.2639384,-2.2572443,-2.2572446,-2.281672,-2.344538,-2.2346396,-2.2732577
CCCCOC=O,-1.37,-2.1932902,-2.0590467,-1.645812,-1.6458123,-1.6544577,-1.8858149,-1.6614193,-1.1959941,-0.91075814,-1.053797,-0.946759,-0.94675887,-0.9307042,-0.87692016,-0.92533547,-1.4909806,-0.99098265,-1.41154,-1.3775922,-1.3775923,-1.3822191,-1.297937,-0.7935963,-0.7582851,-0.035461668,-1.049103,-1.0205235,-1.0205225,-1.1332009,-1.540823,-1.9324518,-1.2266833,-0.7045351,-1.9347092,-1.7593848,-1.7593848,-1.8007673,-1.8241328,-1.7250822,-1.7905061,-1.5470691,-2.1468976,-1.554064,-1.5540639,-1.5227616,-1.65166,-1.6948695,-1.7703502,-1.2067322,-0.73160195,-1.3315902,-1.3315902,-1.2905978,-1.05427,-0.994821,-1.1139433,-1.0812404,-1.1117849,-0.82919526,-0.8291958,-0.8461197,-0.2820652,-0.893118,-0.87397486,-1.3159776,-1.3434352,-1.2539208,-1.2539209,-1.1695421,-1.2664902,-1.1798245,-0.92319757
Clc1cccc(Cl)c1,-3.04,-2.279101,-2.3473468,-2.2457128,-2.2457128,-2.2513301,-2.5188832,-2.2770414,-1.9692763,-2.8592658,-2.2465754,-2.436562,-2.436562,-2.4412332,-2.2689323,-2.4265723,-2.387813,-3.4986732,-2.0352654,-2.1146853,-2.1146853,-2.119354,-2.1217816,-3.1075387,-2.6639862,-2.3927693,-2.562631,-2.826622,-2.8266213,-3.128954,-3.2924519,-3.8341131,-2.5540776,-2.2679572,-3.1009715,-2.6537993,-2.6537993,-2.6407633,-3.075255,-2.5339594,-3.3154857,-2.6887066,-2.3490105,-2.5585144,-2.5585144,-2.5105193,-2.5500937,-2.7309194,-2.7482564,-3.3662708,-2.507855,-2.5488336,-2.5488331,-2.5472076,-3.5813174,-2.3879664,-3.0887551,-3.0755672,-3.3714492,-2.9183109,-2.9183106,-2.9097717,-2.6679118,-3.0134335,-2.7947712,-3.2898297,-3.5433354,-3.595467,-3.595468,-3.5679474,-3.6805751,-3.5194938,-3.6474798
c2ccc1scnc1c2 ,-1.5,-1.1347355,-2.1375837,-1.930202,-1.9302021,-1.9322929,-2.1033416,-1.945534,-1.2456317,-2.1161094,-2.5467973,-2.1269798,-2.12698,-2.135816,-2.0479214,-2.1037695,-2.1695411,-1.8377407,-1.7383213,-1.8942784,-1.8942783,-1.8995637,-1.841529,-2.5975842,-2.6108434,-1.2575057,-1.9494313,-2.194341,-2.1943414,-2.454231,-2.710873,-3.2015936,-1.9404123,-1.5267026,-1.648593,-1.8051513,-1.8051512,-1.801968,-1.8668243,-1.8054659,-1.3948206,-1.6000893,-2.0772474,-1.6669388,-1.6669384,-1.6545954,-1.710569,-1.8252363,-1.6739718,-0.898962,-1.8442383,-1.9303263,-1.9303267,-1.896736,-1.0766562,-1.5991403,-1.2314565,-1.4256387,-2.4765084,-2.3182342,-2.318234,-2.3086607,-2.1281557,-2.141091,-1.854446,-1.2556192,-1.2672299,-1.3805858,-1.3805858,-1.3561976,-1.3941884,-1.3480884,-1.2424885
CC(=O)C3(C)CCC4C2C=C(C)C1=CC(=O)CCC1(C)C2CCC34C,-5.27,-4.2490125,-4.867989,-4.478304,-4.478305,-4.4725814,-4.818021,-4.487186,-3.791139,-5.503327,-4.273208,-4.218688,-4.218688,-4.1464167,-4.690861,-4.2658577,-4.324304,-5.5043683,-3.7969189,-4.169058,-4.169058,-4.0732827,-4.0453424,-5.305665,-4.6640897,-5.1686754,-5.8715296,-5.7074585,-5.7074594,-5.2649827,-5.1292205,-5.66529,-5.255569,-5.1095037,-4.6087604,-4.4033437,-4.4033437,-4.4047074,-4.55542,-4.4395237,-3.2330365,-5.292474,-4.2219973,-4.7065215,-4.706521,-4.6906633,-4.586325,-4.638271,-5.10937,-5.419852,-4.5100145,-4.919108,-4.9191084,-4.8880744,-5.281829,-4.458973,-5.1877093,-4.452594,-5.19306,-4.829122,-4.8291235,-4.85736,-3.4517918,-4.364569,-4.3070574,-5.3501005,-5.2472515,-5.330939,-5.330939,-5.3576045,-5.4036455,-5.3660827,-5.2119803
Nc1ccccc1,-0.41,-0.36154228,-1.9462513,-1.6691325,-1.6691326,-1.6713933,-1.7796438,-1.6775713,-0.75528884,-0.4343813,-1.2695075,-0.65501237,-0.65501267,-0.65995395,-0.80632824,-0.63749367,-1.2274185,-0.7543882,-1.3198783,-1.3796289,-1.3796289,-1.3817096,-1.2769898,-0.63900054,-0.5815212,0.044451833,-1.456068,-1.4892701,-1.489271,-1.6466726,-2.0762255,-2.3747678,-1.4606545,-0.2303116,-2.0270991,-2.0952253,-2.0952256,-2.0884771,-2.1444871,-2.1559224,-1.0597903,0.050978452,-2.0346913,-1.9643816,-1.9643815,-1.9700567,-1.951751,-2.0079021,-1.415388,-1.0517918,-0.6716137,-0.9245773,-0.92457706,-0.8923924,-0.47147313,-0.6013213,-0.66113365,-0.40896073,-1.3187455,-1.2860001,-1.2860003,-1.26877,-1.1339182,-1.1169852,-1.2058243,-0.76015747,-0.9387201,-0.87695056,-0.87695074,-0.90572524,-0.8511832,-1.0107079,-0.33912534
CC(Cl)Cl,-1.29,-0.49637374,-1.2801814,-0.3763793,-0.37637925,-0.37059492,-0.56442434,-0.3669085,-0.6579716,-1.1993037,-0.7671642,-1.0375739,-1.0375739,-1.0458231,-1.0733588,-1.0333765,-0.985853,-1.3644952,-0.96030134,-0.91766304,-0.9176631,-0.9187067,-0.9653602,-1.12419,-1.3057315,-0.69536185,-1.2712072,-1.4857717,-1.4857715,-1.7179306,-2.1315243,-2.5292869,-1.3839071,-1.2159947,-2.6481678,-2.0369642,-2.0369637,-2.0996022,-1.9687731,-2.217197,-1.7022687,-1.3584754,-1.1570103,-0.84222543,-0.84222543,-0.8541865,-0.84007746,-0.9087443,-1.2485776,-1.4139991,-1.5569739,-1.7132603,-1.7132607,-1.7414554,-1.9451874,-1.5766973,-1.9139544,-1.1789982,-1.6517655,-1.3268939,-1.3268939,-1.3237114,-1.0816299,-1.5035295,-1.2668889,-1.9183085,-1.4675025,-1.539308,-1.5393082,-1.4664589,-1.6305666,-1.3104426,-2.2925794
CC34CC(O)C1(F)C(CCC2=CC(=O)C=CC12C)C3CC(O)C4(O)C(=O)CO,-3.68,-4.858184,-5.1968927,-4.858943,-4.8589425,-4.8504868,-5.211288,-4.8605375,-4.535657,-3.8804684,-3.6610289,-2.9680755,-2.9680753,-2.93671,-3.171198,-2.996663,-3.5090747,-3.849706,-3.0628324,-2.6732695,-2.6732695,-2.6480522,-2.771001,-3.6579795,-3.161371,-3.7384048,-2.345725,-2.8452165,-2.8452148,-3.1754584,-2.5925686,-3.5767117,-3.15056,-4.255692,-4.6774573,-4.643276,-4.643276,-4.6446733,-4.7655606,-4.67873,-3.9616566,-4.3019905,-4.3245096,-4.5869675,-4.586968,-4.2697563,-4.440737,-4.1119804,-4.966767,-3.0244634,-2.8231587,-3.3607206,-3.360721,-3.4104922,-4.156471,-3.119848,-3.5319219,-3.5264125,-3.7046607,-3.2240636,-3.2240644,-3.1682532,-2.2707558,-2.8646798,-2.9200766,-3.8536134,-3.6973495,-3.6196406,-3.6196404,-3.5459116,-3.7078907,-4.043955,-3.719538
CCC1(CCC(C)C)C(=O)NC(=O)NC1=O,-2.468,-2.5123105,-3.610421,-3.4508398,-3.45084,-3.4451795,-3.7118855,-3.402487,-2.7013009,-2.2093794,-1.8761051,-1.4552042,-1.4552042,-1.4336253,-1.5380073,-1.4501932,-1.8630246,-2.833666,-4.1160254,-3.6764624,-3.6764627,-3.7010372,-3.9096951,-2.781911,-2.5694194,-2.9602184,-3.0346894,-3.361618,-3.361618,-2.6645305,-3.639458,-3.944588,-3.291925,-2.6806474,-3.4132583,-3.3967094,-3.39671,-3.3248403,-3.4888437,-3.2410908,-2.8499258,-2.4861267,-3.0794907,-3.4983096,-3.49831,-3.4553576,-3.486046,-3.4534457,-4.1816897,-2.4886804,-2.0896485,-2.6154163,-2.615417,-2.6158354,-2.7878342,-2.3496015,-2.8795385,-1.9985797,-2.135584,-1.9624662,-1.9624672,-1.9338658,-1.1165884,-1.7798064,-1.8754597,-2.4311078,-2.4906316,-2.3625796,-2.3625793,-2.2968013,-2.3525007,-2.4089825,-2.5440583
CC(C)SC(C)C,-2.24,-1.7570204,-2.316602,-1.9095552,-1.9095552,-1.9227393,-2.0809648,-1.9241132,-0.8518825,-2.4951968,-1.6750565,-1.9091237,-1.9091237,-1.9102901,-1.8418336,-1.9321892,-1.6408356,-3.099052,-1.8366454,-1.8906194,-1.8906196,-1.9012725,-1.8659564,-2.449138,-2.5201764,-2.2789223,-2.581105,-3.0092905,-3.0092907,-3.2548134,-3.3009708,-3.959129,-2.6269088,-1.8870691,-3.2250745,-2.180404,-2.180404,-1.9793404,-2.373161,-1.916096,-2.1871626,-1.2548343,-2.17905,-2.2565978,-2.2565982,-2.2467175,-2.1774182,-2.2613702,-1.7438877,-2.459379,-4.2591743,-4.0154386,-4.015439,-4.006386,-3.3224041,-3.9110222,-3.1267612,-2.4294355,-2.5729783,-2.4509137,-2.450914,-2.4231231,-1.7541939,-2.0793245,-2.2770648,-3.135489,-3.0504656,-3.2014625,-3.2014623,-3.1016824,-3.2735472,-2.8857176,-3.3986623
CNC(=O)Oc1cccc2ccccc12,-3.224,-2.6271832,-3.252107,-3.0501933,-3.0501933,-3.0497856,-3.322603,-3.0721538,-2.6060758,-2.9920316,-3.245259,-2.582888,-2.5828888,-2.5649986,-2.7727902,-2.6064465,-3.0034552,-3.686585,-3.1760652,-3.0809762,-3.080977,-3.084646,-3.028089,-2.9942546,-2.854135,-3.1473162,-3.0628066,-3.6120813,-3.612082,-3.8291805,-3.7875726,-4.418551,-3.14237,-2.6907172,-2.6667438,-2.4860368,-2.486037,-2.492145,-2.6234818,-2.4554975,-2.0903373,-2.619759,-3.4677045,-2.8518646,-2.8518646,-2.8671894,-2.8619738,-2.8751183,-2.4445531,-3.0842135,-2.5214047,-2.8336937,-2.8336937,-2.849369,-2.5434942,-2.6978943,-2.7920325,-2.729474,-3.1687696,-2.7461836,-2.7461836,-2.6852534,-1.9359603,-2.4256167,-2.5168133,-3.2031078,-3.2683191,-3.2597632,-3.259763,-3.2550993,-3.3476524,-3.2638016,-3.320105
CC(=O)OCC(=O)C3(O)CCC4C2CCC1=CC(=O)CCC1(C)C2C(=O)CC34C ,-4.21,-4.9011374,-5.852465,-5.348656,-5.348657,-5.353255,-5.701041,-5.426652,-4.376083,-4.7812304,-4.281859,-3.445693,-3.4456928,-3.409752,-3.893466,-3.4667375,-3.970221,-4.5300283,-4.104711,-3.9847002,-3.9847,-3.9165528,-3.9171307,-4.239984,-4.3823113,-4.4478426,-4.1865344,-4.2489653,-4.2489653,-4.0966926,-4.3662133,-4.488502,-4.212892,-4.7314196,-5.273083,-5.1537604,-5.15376,-5.1809273,-5.3000445,-5.2926164,-4.7512875,-4.3948183,-5.184444,-4.5944514,-4.594451,-4.350983,-4.5014095,-4.644231,-4.78398,-4.6282306,-4.10042,-4.5453296,-4.54533,-4.514034,-4.2786636,-4.1228447,-4.3851686,-3.896402,-4.9695873,-4.4306493,-4.4306498,-4.4059014,-3.2429454,-4.0981307,-4.2279286,-4.297016,-4.2429233,-4.2695665,-4.269568,-4.1685777,-4.2687917,-4.3720446,-4.534733
COc1cc(CC=C)ccc1O,-1.56,-2.377587,-2.8800492,-2.4488661,-2.4488657,-2.4486046,-2.6285925,-2.463091,-1.8181919,-1.7012821,-2.4121032,-1.9555237,-1.9555237,-1.9295834,-2.0389986,-1.9470342,-2.5945733,-1.8449309,-2.4990864,-2.3781168,-2.3781168,-2.3869967,-2.3202217,-1.7010889,-1.8046168,-2.2443295,-1.503366,-1.6156492,-1.6156495,-1.9091759,-2.0177038,-2.4579897,-1.6602892,-1.6851231,-2.5307891,-2.245621,-2.2456205,-2.2445464,-2.3330953,-2.1615317,-1.9208314,-2.1116617,-2.7983694,-3.131643,-3.1316428,-3.0662684,-3.1514635,-3.0681932,-3.608224,-2.6536672,-1.0423105,-1.9530739,-1.9530742,-1.8858756,-1.9049271,-1.5144134,-1.6670822,-1.2277257,-1.9905765,-1.6047314,-1.6047318,-1.607261,-0.87742925,-1.0485746,-1.4977735,-1.5193292,-1.5210985,-1.5809652,-1.5809652,-1.5006605,-1.5723666,-1.7288874,-1.5820398
O=C2NC(=O)C1(CC1)C(=O)N2 ,-1.886,-1.5870465,-2.314189,-1.9597297,-1.9597296,-1.9527407,-2.103788,-1.946024,-1.8482839,-1.9595371,-0.7368673,-1.1508534,-1.1508524,-1.169923,-1.185586,-1.1429317,-1.0539368,-1.6812649,-2.1251864,-2.0839539,-2.0839539,-2.090754,-2.07133,-1.4164132,-1.3654159,-1.4943204,-0.7760917,-1.0454605,-1.0454607,-1.6727821,-1.7149708,-2.2113643,-1.1364552,-1.8375857,-2.6843746,-3.1823635,-3.1823637,-3.1148207,-2.9946382,-3.1578622,-2.733921,-1.7597898,-2.0357215,-1.9630806,-1.9630806,-1.9662617,-2.009376,-1.9982911,-1.5872883,-2.008306,-3.3331509,-3.7223985,-3.7223983,-3.783025,-2.1743243,-3.6001112,-2.2806392,-1.6891317,-1.1815557,-1.0394604,-1.0394605,-1.0242376,-0.6514027,-1.4608397,-0.8112055,-1.7496799,-1.7080351,-1.7558261,-1.7558262,-1.6987997,-1.7496952,-1.8173758,-1.7289991
CCc1ccccc1C,-3.21,-2.5932958,-2.3176332,-1.7926133,-1.7926133,-1.7889918,-1.8959976,-1.7849567,-1.2356625,-2.7652597,-2.3393984,-2.6524081,-2.6524081,-2.6357014,-2.6697133,-2.6521509,-2.5631042,-3.5615067,-2.168243,-2.2451918,-2.245192,-2.2498004,-2.1830308,-2.5808594,-2.5131729,-2.0308852,-2.227859,-2.4055793,-2.4055789,-2.463463,-2.7126071,-3.3325124,-2.2445555,-2.999802,-1.885721,-1.6937736,-1.6937733,-1.6889158,-1.7767571,-1.62181,-1.3248622,-3.1940417,-2.1902714,-2.2815125,-2.281512,-2.2624044,-2.2812605,-2.2893746,-2.207438,-3.2611442,-4.434598,-4.3869653,-4.3869653,-4.393417,-3.661664,-4.3127413,-3.304739,-2.5682929,-2.8101819,-2.5856216,-2.5856216,-2.601031,-1.9949802,-2.2534251,-2.1926901,-3.1801016,-2.8702703,-2.9498901,-2.94989,-2.9380977,-2.8810627,-3.0669248,-2.69908
ClCC,-1.06,-0.39532116,-0.8518089,-0.102537245,-0.10253723,-0.11069687,-0.296204,-0.14030191,-0.18579717,-0.7241286,-0.2667467,-0.4894306,-0.4894305,-0.49970135,-0.5922248,-0.48102695,-0.6994688,-1.350766,-0.921346,-0.8789486,-0.8789485,-0.8794451,-0.8925673,-0.91149217,-1.0253391,-0.17107317,-0.8951531,-0.8442943,-0.84429395,-1.0669717,-1.4485924,-1.826275,-0.925332,-0.8015545,-1.4656662,-0.77571523,-0.7757157,-0.74722946,-0.63917,-0.7740108,-0.50888956,-0.88135433,-1.1224402,-0.7525371,-0.75253713,-0.77779263,-0.7472157,-0.82976323,-0.95000106,-0.9208069,-1.3175511,-1.0943274,-1.0943274,-1.0913748,-1.1594119,-0.9377221,-1.1623286,-0.8681408,-0.72712475,-0.69772756,-0.6977273,-0.6863269,-0.39148447,-0.99991584,-0.46434587,-1.9183085,-1.4675025,-1.539308,-1.5393082,-1.4664589,-1.6305666,-1.3104426,-2.2925794
CN(C)C(=O)SCCCCOc1ccccc1,-3.927,-4.366334,-4.381293,-4.107424,-4.107424,-4.0374002,-4.501504,-3.8180466,-3.4031968,-4.53843,-4.8455048,-4.455248,-4.4552484,-4.3563333,-5.000787,-4.4919434,-4.747314,-3.585801,-4.210974,-3.856699,-3.8566985,-3.8393683,-3.896689,-3.3916516,-3.4012713,-3.4623032,-3.7276952,-3.7253065,-3.725305,-3.953471,-4.0699277,-4.760151,-3.725224,-3.8506088,-4.2850814,-4.2377453,-4.2377453,-4.062969,-4.4475565,-3.633689,-4.701826,-4.0948544,-4.35674,-4.248913,-4.248913,-4.167235,-4.2821093,-4.366482,-4.6010633,-4.5032387,-3.9605024,-4.46123,-4.46123,-4.5014977,-3.9299345,-4.2799125,-3.9129932,-3.4893627,-4.4342785,-3.9851415,-3.9851422,-3.979716,-3.0726566,-3.7283983,-3.9301403,-4.018964,-3.9911551,-4.0418415,-4.0418415,-3.9809556,-4.138666,-3.9917371,-4.0931454
C#C,0.29,-0.21193114,-1.3804562,-1.0125962,-1.0125964,-1.0386554,-1.1496273,-1.0239222,0.04894239,0.6196281,0.81580454,0.7833281,0.7833286,0.7696827,0.7510717,0.7745212,0.7084304,0.053411804,-0.8095364,-0.7067629,-0.70676273,-0.7066191,-0.723171,-0.29773772,-0.60760045,1.2857722,-0.17502533,0.15029234,0.15029095,-0.21116312,-0.3650377,-0.7675571,-0.3310754,0.7450675,-3.2235544,-2.0043716,-2.004372,1.108203,-1.9189873,0.15851384,0.21991959,-0.021886226,-1.5656261,-0.33231887,-0.33231875,-0.5332951,-0.4376117,-0.46190292,0.47117776,0.17654295,-1.4474602,-2.043416,-2.043416,-2.0433266,-0.087113924,-1.9369614,-0.6342806,0.29217213,0.25776884,0.354276,0.35427594,0.3627938,0.3176055,0.27622303,-1.5730888,-1.1900222,-1.4600424,-1.5650513,-1.5650511,-1.5492066,-1.5636156,-1.4643238,-1.0549841
Cc1ccccc1C,-2.8,-1.522052,-2.1043775,-1.7973189,-1.7973192,-1.7923671,-1.8942218,-1.7888112,-1.2297322,-2.1912081,-2.155986,-2.0381434,-2.0381432,-2.0398786,-2.1752965,-2.0173407,-2.2365723,-2.692348,-1.7514887,-1.8465497,-1.8465497,-1.8507743,-1.7825836,-2.0401912,-2.0863645,-1.351477,-1.9822266,-2.1536984,-2.1536984,-2.3001137,-2.6255076,-3.109501,-2.0455751,-2.6445646,-2.3839903,-2.7648182,-2.764818,-2.7037046,-2.6502259,-2.7479014,-1.777968,-1.4808372,-2.03353,-2.072348,-2.072348,-2.0616112,-2.0974162,-2.0708568,-1.9064615,-2.8376584,-4.233815,-3.8468192,-3.8468184,-3.8416817,-3.6079187,-3.7895405,-2.9735918,-2.287011,-2.9998062,-2.5943506,-2.5943503,-2.599441,-2.1056712,-2.7456908,-2.6424487,-2.6770482,-3.4057586,-3.2044852,-3.2044854,-3.1951466,-3.1314447,-3.2312944,-3.3666859
CCCC(C)(COC(N)=O)COC(N)=O ,-1.807,-3.0878944,-3.646867,-3.259682,-3.2596822,-3.2367487,-3.5213966,-3.1453817,-2.768157,-1.6218224,-1.7240174,-1.3227789,-1.3227795,-1.307518,-1.3401574,-1.309138,-1.8291917,-1.9343294,-3.6442986,-3.1159937,-3.1159937,-3.137933,-3.3179784,-1.5058101,-1.5213585,-1.9331455,-1.1246076,-1.2418393,-1.2418379,-0.8535031,-1.7113206,-1.5128062,-1.7110587,-2.5252852,-3.4839761,-3.548709,-3.5487087,-3.5077243,-3.7588563,-3.3449264,-3.1199956,-3.4804978,-4.126762,-4.412259,-4.412259,-4.180689,-4.3064384,-3.74632,-4.0647283,-1.9936451,-2.1568546,-3.2076256,-3.2076263,-3.1444302,-3.0258589,-2.861744,-3.6736422,-1.5265038,-2.2822485,-1.935127,-1.9351279,-1.9037998,-1.04227,-1.3054701,-1.8815001,-1.8172156,-3.1849728,-2.5329978,-2.5329978,-2.3502576,-2.5117514,-2.4405205,-5.0634975
CC1(OC(=O)N(C1=O)c2cc(Cl)cc(Cl)c2)C=C,-4.925,-4.1137414,-4.275551,-3.9651468,-3.9651465,-3.9625964,-4.2507553,-3.9834435,-3.5851197,-4.6188316,-3.8737333,-3.995542,-3.9955418,-3.9660668,-3.864223,-4.052163,-4.032418,-4.8891354,-4.787929,-4.5099535,-4.5099535,-4.513652,-4.693996,-3.7302988,-3.375743,-4.4900517,-2.5396087,-3.0178986,-3.017897,-3.6321347,-3.6323376,-3.9093814,-2.6676488,-4.330924,-3.8743558,-4.1229196,-4.1229196,-4.1669397,-4.222724,-4.2805114,-5.121592,-4.0777993,-3.36133,-3.419734,-3.4197338,-3.1237664,-3.464601,-3.1494658,-3.7389758,-4.290747,-2.4412494,-2.8104784,-2.8104784,-2.7891889,-2.8146038,-2.6272962,-3.2201104,-4.4427314,-3.9106474,-4.0027018,-4.0027018,-4.012686,-2.6869397,-4.312409,-3.963175,-4.902266,-4.858857,-4.9130554,-4.9130554,-4.8791666,-5.10817,-5.001892,-4.956156
Cc1cccc(C)c1,-2.82,-1.5962886,-2.1574907,-1.7802069,-1.7802067,-1.7802039,-1.8844934,-1.7887948,-1.1866167,-2.131346,-1.8429761,-1.711643,-1.711642,-1.7119244,-1.697274,-1.7108433,-1.7766844,-2.8619776,-1.7628984,-1.8725466,-1.8725466,-1.876261,-1.8065609,-2.2298143,-2.1779625,-1.4996593,-2.0299428,-2.2631943,-2.263195,-2.425639,-2.7774105,-3.2392,-2.1454446,-2.7708313,-2.9262946,-1.9565374,-1.9565367,-1.9783038,-2.0294049,-1.9071492,-2.7573874,-1.5072695,-2.2543993,-2.318149,-2.318149,-2.3097749,-2.2852108,-2.3138266,-1.8890842,-2.8116126,-4.258581,-4.2330475,-4.2330475,-4.2401404,-4.0295997,-4.197654,-3.2441368,-1.8795363,-1.7798762,-1.6053733,-1.605374,-1.6024108,-1.1126466,-1.7955279,-1.5798653,-2.3914506,-3.021751,-3.0795758,-3.0795763,-3.0873334,-3.0405624,-3.0960271,-2.6780546
O=C2NC(=O)C1(CCC1)C(=O)N2,-1.655,-2.1188922,-2.2492483,-1.8620081,-1.8620079,-1.8575073,-2.0374112,-1.8528776,-1.9560329,-2.0552003,-1.1136944,-1.2153834,-1.2153825,-1.228964,-1.2191768,-1.2128563,-1.5223767,-1.6020508,-2.3556714,-2.3265018,-2.3265023,-2.3376513,-2.391136,-1.9229251,-1.7385205,-1.882868,-1.3925285,-1.6078455,-1.6078475,-2.021417,-2.2905107,-2.6933773,-1.670963,-1.8180187,-2.9593346,-4.0208426,-4.020843,-4.0496683,-3.8139215,-4.177922,-2.8698492,-1.8946708,-1.8803194,-1.3139619,-1.3139617,-1.3353553,-1.4325635,-1.4528172,-1.1363373,-1.4331883,-1.4295019,-1.8687909,-1.868791,-1.8778214,-1.5252608,-1.645202,-1.8397076,-1.9977411,-1.8514385,-1.5716918,-1.5716918,-1.5604793,-1.0115311,-1.7588248,-1.4560226,-1.7496799,-1.7080351,-1.7558261,-1.7558262,-1.6987997,-1.7496952,-1.8173758,-1.7289991
Nc1ccc(Cl)cc1,-1.66,-1.4910128,-2.139432,-2.0447345,-2.0447345,-2.0580454,-2.3501468,-2.082769,-1.513538,-1.5146616,-1.8757108,-1.389363,-1.3893625,-1.3966633,-1.4211056,-1.369664,-1.5976251,-1.5083239,-1.8278189,-1.873937,-1.8739372,-1.878351,-1.7992611,-1.6135001,-1.3548529,-0.8351876,-1.805798,-1.8407041,-1.840704,-2.0783954,-2.443612,-2.747006,-1.8084679,-1.565487,-2.2637534,-2.351973,-2.351973,-2.3923106,-2.4494271,-2.469542,-2.0518482,-1.7584283,-2.7957628,-2.7509305,-2.75093,-2.7789178,-2.7363656,-2.8536193,-2.2652793,-1.1485561,-0.73817694,-0.9834882,-0.98348844,-0.9467071,-0.52563673,-0.6438095,-0.6811999,-1.6094525,-2.3812556,-2.1210918,-2.1210916,-2.1169143,-1.891769,-2.1074128,-1.7862482,-1.5980282,-1.7278692,-1.6731845,-1.6731846,-1.6858057,-1.5474606,-1.821473,-1.5458257
c1ccccc1SC,-2.39,-1.6382122,-2.3092506,-1.9090098,-1.9090097,-1.92389,-2.077355,-1.9435987,-0.9400791,-2.3524911,-2.352661,-2.0306304,-2.0306304,-2.01804,-1.98562,-2.0250242,-2.313571,-3.4646652,-1.6895404,-1.7961366,-1.7961369,-1.7991674,-1.7526555,-2.3981469,-2.397857,-1.5172555,-2.299794,-2.4070418,-2.407041,-2.5788217,-3.0202558,-3.360454,-2.0806942,-2.2986693,-2.4108756,-2.2661653,-2.2661648,-2.3471375,-2.320183,-2.434476,-3.0534477,-1.4507661,-2.232492,-2.2576349,-2.2576349,-2.2422864,-2.2481322,-2.3056905,-2.031532,-2.707135,-4.4854984,-4.482084,-4.4820848,-4.461965,-3.4835467,-4.3738995,-3.2106245,-2.2186146,-3.1588213,-2.807173,-2.8071728,-2.8331535,-2.227152,-2.5334635,-2.7057662,-2.4461427,-2.4544213,-2.4140713,-2.4140718,-2.4887545,-2.3649755,-2.7598214,-2.3516424
C1Cc2ccccc2C1,-3.04,-1.4321283,-2.118351,-1.6826648,-1.6826649,-1.6852521,-1.786738,-1.6982399,-1.1397601,-2.555489,-2.4358797,-2.7526486,-2.752648,-2.7515023,-2.8022318,-2.7581968,-2.322779,-3.5048938,-1.6794056,-1.7533726,-1.7533724,-1.7576363,-1.7042755,-2.1979177,-2.1294165,-2.3173697,-2.5413995,-2.9561975,-2.9561973,-2.9812717,-3.3135455,-4.010552,-2.7320333,-2.7996066,-2.414118,-2.829436,-2.8294358,-2.835633,-2.6991692,-2.90732,-1.9493507,-2.9711602,-1.8310957,-1.3896116,-1.3896117,-1.401188,-1.4726704,-1.5048795,-1.1694272,-3.1367383,-4.256339,-4.156612,-4.1566114,-4.1423197,-3.3094292,-4.0580893,-2.8216949,-3.440781,-3.9912558,-3.6772192,-3.677219,-3.661967,-3.0849724,-3.9500594,-3.420904,-2.8136373,-2.5168488,-2.533816,-2.5338166,-2.5137815,-2.4496276,-2.5266714,-2.6241105
c1ccc2c3c(ccc2c1)c4cccc5cccc3c45,-8.0,-5.8080225,-3.4694417,-3.6192553,-3.6192558,-3.6166859,-4.086901,-3.6623163,-5.673463,-8.066893,-5.7656856,-6.867588,-6.867589,-6.8341265,-7.1448555,-6.8784266,-6.6235714,-8.523904,-4.488465,-4.3854017,-4.3854017,-4.3771334,-4.3307753,-6.019386,-6.1970057,-7.315665,-6.2887526,-6.409474,-6.409476,-6.403009,-6.757164,-7.106358,-6.483646,-7.6430016,-3.1370313,-4.005192,-4.005192,-3.9931872,-3.955069,-3.9764743,-8.072365,-7.1024704,-3.4626195,-3.2917852,-3.291785,-3.2853477,-3.3559637,-3.3807013,-3.429873,-8.226962,-7.593281,-8.355879,-8.35588,-8.298202,-8.374113,-7.995484,-7.4074163,-7.819506,-7.0523596,-7.4578505,-7.45785,-7.4398775,-6.3283577,-7.749506,-7.622778,-8.00274,-7.815366,-8.034378,-8.034379,-8.034602,-8.297938,-7.897042,-8.02704
Nc1ncnc2n(ccc12)C3OC(CO)C(O)C3O ,-1.95,-3.193956,-3.7902908,-3.5511823,-3.5511825,-3.5563128,-3.8701844,-3.5928934,-3.0064025,-1.7440526,-2.4125085,-1.8543608,-1.8543608,-1.8315951,-1.9501867,-1.8553562,-2.1838648,-1.0260578,-3.1064541,-2.339162,-2.3391619,-2.3426213,-2.6067631,-0.6612087,-0.38668334,-1.374284,-0.83494407,-0.7777655,-0.77776283,-1.3117663,-0.84271055,-1.6027505,-0.76578116,-2.2612934,-3.2494414,-3.1501923,-3.1501923,-3.1886563,-3.316282,-3.2153296,-3.0275412,-3.5364037,-3.8254933,-3.717149,-3.7171485,-3.6016877,-3.6916876,-3.8367717,-4.125253,-1.3254888,-1.9988362,-2.390521,-2.390521,-2.3604727,-2.1986587,-2.03081,-2.0573716,-1.222317,-2.343433,-2.0387452,-2.0387456,-1.9695021,-1.1562611,-1.4536489,-1.7861854,-1.8912052,-1.981957,-1.888426,-1.8884262,-1.8349026,-2.0275903,-2.192263,-2.1577156
CCOP(=S)(OCC)SCCSCC,-4.23,-3.3662639,-4.2651315,-4.0797,-4.0796995,-4.0870657,-4.3817296,-4.1246133,-3.316731,-4.2540483,-4.260922,-3.7062986,-3.7062988,-3.6712048,-4.12668,-3.739306,-3.9925034,-4.176615,-4.128734,-3.7782671,-3.778267,-3.7986317,-3.7975066,-4.0362,-4.159209,-4.054388,-3.8578198,-4.4262676,-4.4262676,-4.264227,-4.6875024,-5.371406,-4.1552863,-4.1533566,-4.2071924,-3.945458,-3.9454582,-3.9405107,-4.1451178,-3.9557319,-3.3850176,-3.693051,-4.2935576,-4.375103,-4.3751025,-4.180191,-4.3711476,-4.3619394,-4.387634,-4.4572706,-4.6796074,-4.9213033,-4.921303,-4.9103904,-4.3113217,-4.5462832,-4.4408236,-3.6159883,-4.8101263,-4.417881,-4.417881,-4.390565,-3.5541425,-3.961907,-4.3834443,-4.228446,-4.1831646,-4.3585477,-4.358548,-4.356071,-4.482736,-4.343038,-4.364245
Clc2c(Cl)c(Cl)c(c1ccccc1)c(Cl)c2Cl ,-7.92,-4.0502615,-4.2262096,-3.8723662,-3.8723667,-3.85883,-4.186837,-3.8654134,-3.8174303,-7.5822906,-6.905009,-7.2595673,-7.2595663,-7.2114034,-6.827754,-7.2788835,-7.599675,-8.187707,-5.7637634,-5.825814,-5.8258142,-5.8603516,-5.8346925,-7.279994,-7.566179,-7.440094,-6.833489,-7.512547,-7.5125475,-7.6273513,-7.486712,-8.369861,-7.245394,-7.763869,-4.5829635,-6.135134,-6.1351337,-6.190715,-5.846052,-6.4059234,-7.9749002,-7.9997306,-3.1138866,-2.8491623,-2.8491619,-2.826095,-2.9118707,-2.9780028,-3.1369016,-8.070592,-6.0191565,-6.7252464,-6.7252455,-6.733273,-8.261621,-6.4855843,-7.8065267,-7.544809,-6.603745,-6.0648146,-6.0648155,-6.052066,-5.2802143,-6.9830217,-6.883833,-7.8924017,-7.3024387,-7.385753,-7.385751,-7.3145833,-7.5154643,-7.271982,-7.7543783
O=C1NC(=O)C(N1)(c2ccccc2)c3ccccc3,-4.097,-3.2367566,-4.0021815,-3.6569874,-3.6569874,-3.6347857,-3.9036806,-3.5770202,-2.7408264,-3.8315213,-3.9399922,-3.7643433,-3.7643437,-3.7287016,-3.7021167,-3.7622423,-3.924817,-3.9126198,-4.628923,-4.1617002,-4.161701,-4.1703706,-4.5026226,-3.6270022,-3.4240346,-3.0599742,-2.6100912,-3.0267937,-3.026793,-3.2789645,-3.3876705,-3.9220366,-3.2176743,-3.832539,-3.6083457,-3.8063087,-3.8063092,-3.7519393,-3.9240048,-3.7091784,-3.291669,-3.6256473,-3.3564541,-3.8248734,-3.8248734,-3.8080513,-3.814293,-3.819811,-4.5454593,-4.126202,-2.2008054,-2.6125255,-2.6125257,-2.6174786,-2.7472758,-2.3951914,-2.9867024,-3.183789,-3.8398116,-3.3129315,-3.3129323,-3.3102763,-2.3865833,-3.3636768,-3.1841853,-4.1000257,-4.0652275,-4.1960373,-4.1960387,-4.1434045,-4.2535872,-4.0933723,-4.1776752
O=C2NC(=O)C1(CCCCC1)C(=O)N2,-3.06,-2.0389018,-2.6331415,-2.1504166,-2.1504169,-2.143084,-2.4501362,-2.1409063,-1.813725,-2.550801,-1.7728653,-1.8087776,-1.8087769,-1.8014933,-1.8075271,-1.8051736,-2.2975826,-2.8993776,-3.3223126,-3.1660435,-3.166043,-3.1778805,-3.2112603,-2.908463,-2.628117,-2.521288,-2.196685,-2.2267432,-2.2267442,-2.2270515,-2.815145,-2.989876,-2.2838058,-2.9538465,-2.6102655,-2.702931,-2.7029307,-2.737889,-2.8721101,-2.7575374,-2.6074114,-2.9057937,-2.155007,-1.675875,-1.675875,-1.6644553,-1.7669894,-1.8337591,-1.698223,-2.4924595,-1.3992258,-1.9070262,-1.9070265,-1.9044921,-2.077176,-1.6471589,-2.094273,-2.264751,-2.7880554,-2.2462113,-2.2462115,-2.2530086,-1.5966005,-1.9447981,-1.9488534,-3.024557,-2.9893062,-2.9212916,-2.921291,-2.881221,-2.9260032,-2.757196,-3.0625494
CC(Cl)(Cl)Cl,-2.0,-1.3683026,-1.4132481,-1.1813829,-1.181383,-1.1598996,-1.5885206,-1.0727997,-1.2052774,-2.0491486,-1.4593205,-1.6575191,-1.6575196,-1.662594,-1.6358718,-1.6600324,-1.5428051,-2.2375908,-1.0282707,-0.98240864,-0.9824085,-0.9843244,-1.0810245,-1.3638309,-1.610032,-1.5814869,-1.8146565,-2.320881,-2.3208807,-2.5185893,-2.977296,-3.3481991,-2.1252747,-1.8986152,-2.0274622,-1.4194021,-1.4194019,-1.4262067,-1.5243648,-1.3931999,-1.9445586,-1.8104484,-1.1632162,-0.8858958,-0.88589585,-0.88618314,-0.89497095,-0.9361191,-1.6975725,-2.2819715,-1.7674972,-2.237198,-2.237198,-2.1932373,-2.640107,-1.9833618,-2.3890088,-1.7798256,-2.6457138,-2.0607045,-2.060705,-2.0588372,-1.8204297,-2.1537662,-2.2983983,-2.5017655,-2.527605,-2.6389587,-2.6389582,-2.6194398,-2.674556,-2.4476213,-2.4410312
CCC(C)(C)Cl,-2.51,-0.9208559,-1.8424388,-1.5821319,-1.5821317,-1.6021672,-1.8300625,-1.5676025,-0.7797136,-1.2339802,-1.4378368,-1.529568,-1.5295681,-1.5275353,-1.5934248,-1.5256224,-1.7413565,-2.8050592,-1.4169548,-1.5031043,-1.5031044,-1.5056926,-1.468783,-1.9681932,-2.0363336,-1.771663,-2.15595,-2.3965461,-2.396546,-2.3492126,-2.6451266,-3.1944652,-2.2680202,-2.19062,-1.9560409,-1.8669041,-1.8669043,-1.8666153,-1.9342272,-2.087078,-1.9323152,-1.1786305,-1.6591543,-1.5212151,-1.5212152,-1.5282179,-1.4895219,-1.5534556,-1.1357379,-2.780084,-2.7551074,-2.5155754,-2.5155752,-2.5092113,-3.0652695,-2.4264858,-2.7572632,-2.3324807,-2.708782,-2.5131361,-2.5131364,-2.5220137,-2.032681,-2.4856842,-2.3371797,-2.1510894,-2.0652432,-2.0526304,-2.0526302,-2.0444639,-2.03043,-2.0596812,-1.8900199
CC(C)c1ccc(C)cc1O,-2.22,-1.794038,-2.5084476,-2.1227782,-2.1227782,-2.12971,-2.3122644,-2.1486301,-1.6690595,-1.8714225,-2.4920592,-2.1714008,-2.1714003,-2.1280577,-2.3165321,-2.1622088,-2.7966604,-2.1072614,-2.6970239,-2.67039,-2.6703901,-2.6949587,-2.6320345,-2.2915564,-2.37946,-1.8551266,-2.074843,-2.1509435,-2.1509428,-2.1994941,-2.4727662,-2.8473816,-2.1061833,-1.9603631,-2.3694422,-2.202574,-2.2025743,-2.2315195,-2.290067,-2.237017,-1.2479712,-2.1169047,-2.536226,-2.0675387,-2.0675387,-2.072521,-2.1564348,-2.191844,-2.0267706,-2.6869094,-2.2660508,-3.0723214,-3.072322,-3.0000803,-2.399405,-2.5906186,-2.1504993,-1.7063878,-2.0238328,-1.8128555,-1.812856,-1.7353699,-1.0337737,-1.5085108,-1.7617135,-2.2132142,-2.2526095,-2.1025727,-2.1025722,-2.0434299,-2.1185794,-1.9760993,-2.2640388
C2c1ccccc1N(CCF)C(=O)c3ccccc23 ,-4.799,-3.3337674,-3.9456494,-3.5276964,-3.5276966,-3.5074563,-3.7814667,-3.4654427,-2.6511521,-4.0658374,-3.6592352,-3.5810423,-3.581042,-3.5580468,-3.5922933,-3.5878012,-3.6956096,-4.836616,-4.121379,-3.717159,-3.7171588,-3.7263436,-3.8264556,-3.1066737,-3.098605,-3.5283856,-3.8083797,-3.8402946,-3.8402932,-4.1326847,-4.3503213,-4.509594,-4.0311756,-4.1377053,-3.5263903,-3.5149057,-3.514906,-3.4573684,-3.6407797,-3.356115,-2.7204678,-4.768844,-3.7218332,-4.0950556,-4.095056,-4.132947,-4.021549,-4.0293345,-4.2133946,-4.213065,-3.4148297,-3.7013195,-3.7013195,-3.6811395,-3.359652,-3.3140335,-3.2748117,-3.6585267,-4.3579974,-3.8989165,-3.8989174,-3.8804476,-2.9041302,-3.6278183,-3.8206048,-4.7448244,-4.761031,-4.8327084,-4.832708,-4.8012586,-4.9988523,-4.880173,-4.926456
COP(=S)(OC)Oc1ccc(SC)c(C)c1,-4.57,-3.4618702,-4.04921,-3.8271186,-3.8271184,-3.829841,-4.1753335,-3.8255308,-3.1504176,-4.2420287,-4.341683,-3.8112516,-3.8112526,-3.7742965,-4.281462,-3.8254876,-4.189577,-4.292754,-4.1063237,-3.704296,-3.7042966,-3.7084281,-3.6368613,-3.3832705,-3.4810276,-3.9935238,-3.5194964,-3.3348532,-3.3348527,-3.5828063,-3.5453913,-4.095989,-3.343782,-4.028575,-3.755786,-3.5070317,-3.5070317,-3.5430555,-3.6246572,-3.5603101,-3.3612785,-4.1625376,-3.90472,-4.289154,-4.289154,-4.012215,-4.2889524,-3.9764707,-4.600555,-3.7748165,-3.8126578,-4.2011533,-4.201153,-4.178518,-3.578962,-3.8772643,-3.4510581,-3.7067409,-4.270872,-3.7914603,-3.79146,-3.7248678,-2.9972792,-3.913167,-3.9150655,-4.625276,-4.5378456,-4.6299314,-4.6299324,-4.6202965,-4.7666936,-4.682405,-4.804403
CC(C)Cl,-1.41,-0.52042353,-1.3652706,-0.5069806,-0.5069806,-0.50283426,-0.6421631,-0.4926887,-0.5016841,-0.67143375,-0.61898524,-0.5788862,-0.5788862,-0.58146185,-0.65232974,-0.5679074,-0.92218804,-1.8667917,-1.0385259,-1.0482136,-1.0482137,-1.0492985,-1.0403544,-1.1891979,-1.1922752,-0.7731093,-1.3306619,-1.3576562,-1.357657,-1.5816301,-1.942128,-2.4125843,-1.362818,-1.2601722,-2.1288989,-0.42420408,-0.42420405,-0.46970436,-0.19859065,-0.41621056,-0.8766734,-0.9538091,-1.3076489,-0.99416095,-0.9941608,-1.023551,-0.91773194,-1.0414579,-0.7951599,-1.6696634,-1.9792001,-1.7035731,-1.703573,-1.6974905,-2.0540717,-1.5802536,-1.9912266,-1.0799454,-1.1875347,-1.0913037,-1.0913041,-1.0782604,-0.7732967,-1.1853669,-0.91592693,-1.9183085,-1.4675025,-1.539308,-1.5393082,-1.4664589,-1.6305666,-1.3104426,-2.2925794
CCCCCCCCCC(C)O,-2.94,-4.3370676,-3.6110072,-3.4721246,-3.4721246,-3.4695473,-3.8827534,-3.5077314,-2.7737143,-4.561202,-3.828114,-4.7866716,-4.7866716,-4.734653,-5.183418,-4.791757,-3.9722462,-3.6962261,-3.5146217,-3.3069532,-3.3069534,-3.3451467,-3.211548,-3.4875073,-3.4889455,-3.3966491,-4.096609,-4.925399,-4.925399,-4.110479,-4.354202,-5.1728888,-4.6504416,-4.1471186,-3.4351084,-3.3615685,-3.361568,-3.4152582,-3.6021042,-3.442811,-3.4508398,-4.098111,-4.314219,-4.0761037,-4.0761027,-3.820324,-4.036005,-3.9511917,-4.3092427,-3.866251,-4.111389,-4.329723,-4.3297234,-4.517503,-3.738339,-4.2953396,-3.6359363,-3.857635,-3.919384,-3.8817112,-3.8817112,-3.8457062,-2.733065,-3.7825046,-3.6502504,-3.0034788,-2.9611604,-3.0119827,-3.0119834,-3.0017054,-3.183714,-3.0186038,-3.0107296
Oc1ccccc1N(=O)=O,-1.74,-1.3892424,-2.3397486,-2.1487424,-2.1487424,-2.1477494,-2.3172393,-2.153914,-1.5967939,-2.0169818,-0.7754906,-1.2530894,-1.2530892,-1.2737231,-1.246639,-1.2375089,-1.1245692,-1.8183997,-1.6607046,-1.7191685,-1.7191684,-1.7247047,-1.6880933,-0.91523254,-1.0498172,-1.5799913,-1.506315,-1.7660248,-1.7660244,-2.2209435,-2.3273327,-2.716426,-1.6104506,-1.3572575,-1.7448088,-1.4339522,-1.4339523,-1.4179363,-1.5220608,-1.39607,-1.4374317,-1.8499683,-2.097583,-2.119217,-2.1192167,-2.1130714,-2.1065278,-2.1267247,-1.6382393,-1.7913971,-0.40273863,-1.149171,-1.149171,-1.1034564,-1.3687656,-0.81671476,-1.1928095,-2.0105586,-1.8971316,-2.086414,-2.0864143,-1.6078305,-1.6351739,-2.169288,-1.6838365,-1.6552153,-1.7987932,-1.755582,-1.7555819,-1.7274649,-1.8919964,-1.6654253,-1.8166796
CCNc1nc(NC(C)C)nc(SC)n1,-3.04,-3.6652775,-4.072597,-3.703991,-3.703991,-3.6920724,-3.9443545,-3.6634302,-2.768553,-3.4901319,-2.5913315,-2.9195826,-2.9195824,-2.854261,-3.3059742,-2.958388,-2.9520092,-3.521801,-4.1630526,-3.8883064,-3.8883061,-3.890151,-3.9195254,-3.6079094,-3.238332,-3.6981304,-2.2006345,-2.5932436,-2.5932422,-3.011153,-2.8013532,-3.725787,-2.427802,-3.0632064,-3.7978313,-3.5879512,-3.5879517,-3.566743,-3.718578,-3.5476127,-2.5086305,-2.8912156,-3.8417783,-4.0954533,-4.0954533,-3.967805,-4.124914,-3.960121,-4.296608,-3.495098,-2.947275,-3.3162534,-3.3162537,-3.3086889,-3.9085302,-3.0259383,-3.691146,-3.0144942,-3.3388584,-2.942135,-2.9421353,-2.9189456,-2.1305368,-2.5375261,-2.6109056,-3.1614804,-3.8624012,-4.030411,-4.0304112,-3.979777,-4.129905,-4.449151,-3.5976727
Oc1ccccn1,1.02,-0.3069488,-1.9188015,-1.6224983,-1.6224983,-1.625309,-1.7254025,-1.6311235,-0.6866708,-0.024101563,-0.8081718,0.083227366,0.08322767,0.07873627,-0.14225562,0.09873468,-0.71689236,0.31685954,-1.0875918,-1.0704273,-1.0704273,-1.0721278,-0.9911652,-0.116413146,-0.25461715,1.6255659,-0.7462583,-0.5556886,-0.55568796,-0.9053948,-1.0920763,-1.3484107,-0.816938,1.182729,-1.4626328,-1.2883552,-1.2883551,-1.2590152,-1.4275522,-1.2466848,-0.5513931,0.6551529,-2.238476,-2.178805,-2.178805,-2.1415546,-2.1570144,-2.3660796,-2.2539785,0.7020222,-0.08926089,-0.67428833,-0.6742884,-0.63687694,-0.80982536,-0.36801448,-0.7319773,1.0503258,0.06252663,0.077404015,0.07740401,0.081449404,0.25988024,0.15074903,-0.10635917,1.0489652,1.4345032,1.2771943,1.2771941,1.3118588,1.2532244,1.4947006,0.9999712
C/C1CCCCC1\C,-4.3,-2.6138804,-2.0355132,-1.4038299,-1.4038298,-1.3926675,-1.5868826,-1.3457904,-1.1434572,-3.7407908,-1.9999348,-3.0015292,-3.0015287,-2.9944038,-2.9727006,-3.0076342,-2.3973093,-4.318369,-2.4046373,-2.5016792,-2.501679,-2.51471,-2.427366,-3.6841373,-3.6193762,-3.4797993,-2.7836473,-3.4069002,-3.4069004,-3.6053183,-3.556927,-4.3150983,-3.2154558,-4.2719374,-2.0526,-2.18096,-2.1809602,-1.8802059,-2.187371,-2.4098845,-1.6510286,-2.9398537,-1.963695,-1.9767387,-1.9767386,-1.9678612,-1.949242,-2.0042496,-1.6142615,-4.4780803,-3.9364862,-3.6316924,-3.6316917,-3.6437306,-4.1393075,-3.629119,-3.2384467,-4.2031183,-4.350869,-4.4059443,-4.405945,-4.411594,-3.5966814,-4.4508395,-4.0187902,-3.135489,-3.0504656,-3.2014625,-3.2014623,-3.1016824,-3.2735472,-2.8857176,-3.3986623
CCNc1nc(Cl)nc(NC(C)(C)C#N)n1,-3.15,-3.4135132,-3.9376636,-3.6412833,-3.641283,-3.6390195,-3.9116545,-3.6447773,-3.1463907,-3.3462577,-2.753872,-2.047171,-2.047171,-2.0604792,-2.3955455,-2.0225928,-2.5915298,-3.385109,-4.106235,-3.8502114,-3.8502116,-3.8962324,-3.9272761,-3.185433,-3.0914412,-3.5272565,-2.3502934,-2.653403,-2.6534028,-2.777671,-3.044422,-3.7915425,-2.6015334,-3.5927556,-3.701567,-3.8340921,-3.834092,-3.7672186,-3.9614587,-4.1240387,-3.3181388,-2.9792657,-3.622312,-3.4380286,-3.4380288,-3.2676442,-3.4201176,-3.3872368,-3.422641,-3.7298818,-2.770689,-3.1653836,-3.1653838,-3.1369364,-3.7258663,-2.817523,-3.5203502,-3.2382503,-3.242125,-3.0090234,-3.0090241,-2.9733686,-2.064372,-3.2660444,-3.0943148,-3.2123585,-3.1939907,-3.21725,-3.21725,-3.104069,-3.2157872,-3.331078,-3.310737
CC(C)(C)CCO,-0.5,-1.4951975,-1.7421266,-1.4220035,-1.4220035,-1.4204236,-1.8272668,-1.4011861,-0.87748647,-0.31268,-1.1755128,-1.4071964,-1.4071964,-1.404035,-1.3779062,-1.3809363,-1.7879097,-0.94950515,-1.7328397,-1.7074674,-1.7074673,-1.7117455,-1.6384586,-0.9770769,-1.1256596,-0.35287523,-1.4756354,-1.7001213,-1.7001215,-1.8200285,-1.9750845,-2.5313902,-1.6981381,-0.54756266,-1.872081,-1.707234,-1.707234,-1.6742989,-1.8247137,-1.6245244,-1.5339476,-0.7883938,-1.8663814,-1.5426642,-1.5426642,-1.5580155,-1.5700662,-1.6260748,-1.2035948,-0.7352735,-1.4227581,-1.6611805,-1.6611809,-1.6178592,-0.528901,-1.2871277,-0.9838136,-1.0201372,-1.4120284,-1.2789779,-1.2789781,-1.2721975,-0.7676058,-1.2267182,-1.203132,-0.50573236,-0.92987823,-0.8846527,-0.88465273,-0.85916775,-0.87901706,-0.8080782,-0.4811559
BrCBr,-1.17,-1.472223,-0.9650661,-0.55533844,-0.5553383,-0.5671908,-0.75092304,-0.59413314,-0.7866417,-1.3316993,-0.75145704,-1.3316336,-1.3316334,-1.329286,-1.4517072,-1.3083847,-0.8705065,-1.2603803,-1.4765915,-1.4601471,-1.4601471,-1.4617877,-1.2993525,-2.5112844,-2.13587,0.030425552,-0.726255,-0.73342437,-0.7334246,-1.081648,-1.3227128,-1.75866,-0.83501905,-1.040266,-3.3978066,-3.1237109,-3.1237109,-3.2182865,-3.211016,-3.214003,-1.8530933,-1.169894,-1.1874235,-0.8628368,-0.86283684,-0.8808425,-0.9259918,-0.9013422,-1.5985568,-1.7946316,-1.6371804,-1.553774,-1.5537741,-1.5582734,-1.6038768,-1.4304831,-1.4999073,-0.9720332,-1.4821532,-1.2554488,-1.2554485,-1.2502772,-1.1414471,-1.2405596,-1.1912633,-1.9183085,-1.4675025,-1.539308,-1.5393082,-1.4664589,-1.6305666,-1.3104426,-2.2925794
O=N(=O)c1ccccc1N(=O)=O,-3.1,-2.1721272,-2.6392481,-2.6067135,-2.6067138,-2.5963356,-2.8213778,-2.5817513,-2.473256,-3.6044438,-0.77523685,-2.6394677,-2.639467,-2.6546736,-2.7524498,-2.5874093,-1.4856693,-2.921515,-2.072477,-2.1444871,-2.1444876,-2.1516356,-2.162608,-2.0353284,-2.173249,-2.65759,-2.4568386,-3.1097894,-3.1097894,-3.3205647,-3.4734416,-3.9511027,-2.7619689,-3.0480487,-2.4279566,-2.716318,-2.7163186,-2.2658453,-2.7042487,-3.0639534,-2.7533581,-1.855408,-2.1242096,-2.1820295,-2.1820295,-2.1666927,-2.2067895,-2.1912038,-2.0727038,-3.0702345,-1.3963561,-2.1359177,-2.135918,-2.0811179,-2.141779,-1.7696266,-2.4783595,-3.0047717,-3.0220542,-3.1635597,-3.1635597,-3.2152798,-2.5643394,-3.1471267,-2.703169,-3.0418782,-3.2291179,-3.186,-3.1860006,-3.2271192,-3.274748,-3.2083218,-3.1866724
Cc1ccc(Cl)cc1,-3.08,-1.4231348,-2.1455126,-1.9537411,-1.9537413,-1.9676746,-2.208581,-1.9972603,-1.4056545,-1.9466947,-2.3283129,-1.9708357,-1.9708364,-1.9742423,-1.9439738,-1.9522309,-2.0375543,-3.3623958,-1.9389546,-2.0151494,-2.0151496,-2.0204396,-1.9837745,-2.6191049,-2.4742012,-1.8086039,-2.2081807,-2.2917397,-2.2917407,-2.5381105,-2.8786113,-3.265894,-2.2103288,-2.7745392,-2.2904608,-2.1433334,-2.1433337,-2.225812,-2.1754508,-2.2881923,-2.8362315,-3.1772573,-2.416938,-2.0003846,-2.0003846,-2.0640771,-2.0537786,-2.0826511,-1.5311847,-3.0050826,-2.619368,-2.6739721,-2.6739721,-2.6636593,-3.2629938,-2.4934504,-2.6766925,-2.4717536,-2.5690827,-2.1376884,-2.1376884,-2.1416645,-1.6574544,-2.6122994,-1.8261837,-3.018396,-3.6921556,-3.608083,-3.6080832,-3.6157098,-3.585261,-3.6368668,-3.2229228
Nc3ccc2cc1ccccc1cc2c3 ,-5.17,-4.33943,-2.8566504,-2.9910796,-2.9910796,-3.0012906,-3.456743,-3.051145,-3.537634,-4.4747195,-4.227308,-4.360338,-4.3603377,-4.3177776,-4.523627,-4.3923197,-4.3764625,-5.3199973,-3.481565,-3.613251,-3.6132512,-3.613035,-3.441286,-4.5507107,-4.5328484,-4.968684,-4.3781395,-4.9644675,-4.9644666,-5.170214,-5.1018953,-6.070827,-4.5535593,-4.890643,-2.5694509,-3.0797808,-3.0797806,-3.1464672,-3.0968363,-3.1905894,-5.156245,-5.5290327,-3.6666512,-3.5382712,-3.5382714,-3.5229177,-3.5294209,-3.6253407,-3.9659238,-4.715869,-3.0908084,-3.533045,-3.5330455,-3.4327748,-3.3078985,-2.960932,-3.0262372,-5.399263,-5.4356337,-5.2840877,-5.284087,-5.2970586,-4.5478764,-5.511664,-5.17505,-5.132012,-5.005385,-5.206237,-5.2062373,-5.1309447,-5.233483,-5.003143,-5.213884
ClC(Cl)C(c1ccc(Cl)cc1)c2ccc(Cl)cc2,-7.2,-4.680194,-4.9023523,-4.4196916,-4.419691,-4.398049,-4.7423306,-4.3535337,-3.8474185,-6.829303,-6.814033,-6.321828,-6.3218274,-6.286507,-6.5094857,-6.3020434,-5.9447274,-7.3475533,-5.262178,-5.3057423,-5.3057423,-5.3386307,-5.3595047,-6.5637074,-7.181574,-6.388465,-4.911522,-5.2091713,-5.2091722,-5.457311,-5.485154,-6.1325445,-5.297846,-6.5803375,-4.3537173,-4.637094,-4.6370935,-4.5880265,-4.7133102,-4.6687045,-5.243222,-7.1022673,-4.3134813,-4.917818,-4.917817,-4.9483094,-4.7376223,-5.0110426,-4.4172764,-7.353962,-3.9556675,-4.503677,-4.503677,-4.4446473,-5.93229,-4.1589403,-5.6603713,-6.321363,-7.0724335,-6.3484445,-6.348445,-6.3478975,-5.3625193,-6.538566,-6.4496055,-7.1467657,-6.527129,-6.8060927,-6.8060927,-6.7987127,-6.735905,-6.648812,-6.8242416
CSSC,-1.44,-0.58377844,-1.8503246,-1.541019,-1.5410187,-1.5597059,-1.6997244,-1.5477843,-0.19777112,-1.4449171,-1.2779799,-0.19551751,-0.19551729,-0.20153773,-0.13362001,-0.17297012,-0.75581676,-1.7873943,-1.1857231,-1.1691359,-1.169136,-1.1704416,-1.1820378,-1.6096882,-1.932041,-0.8249429,-0.6749179,-0.6863431,-0.6863433,-0.97061086,-1.2795255,-1.6652541,-0.7467919,-1.2411655,-3.4278605,-2.7713661,-2.7713664,-2.970159,-2.918894,-3.0467565,-1.2239769,-1.2604253,-2.3069136,-2.4327912,-2.432791,-2.3996296,-2.2924182,-2.5974638,-2.0931787,-1.7120678,-3.0453305,-3.017807,-3.0178072,-3.0278537,-2.0315914,-2.9710183,-2.0855868,-1.3347051,-1.4150134,-1.4829901,-1.4829904,-1.5100396,-0.9019437,-1.5263399,-1.4651151,-3.1846771,-1.9428777,-2.037292,-2.037292,-1.9579517,-2.1404712,-1.793208,-2.3930366
CC(=O)OCC(=O)C1(O)CCC2C3CCC4=CC(=O)CCC4(C)C3C(O)CC21C,-4.88,-4.875943,-5.967492,-5.4374695,-5.4374695,-5.444891,-5.788273,-5.5286145,-4.4121494,-4.6109915,-4.257876,-3.4520762,-3.4520767,-3.4230196,-3.9265585,-3.4665098,-3.8804996,-4.798135,-4.0485954,-3.9354298,-3.9354298,-3.8688722,-3.7284904,-4.6147223,-4.3226805,-4.4595804,-3.6576223,-4.094818,-4.094817,-4.513613,-4.3624682,-5.1021323,-4.141382,-4.7238793,-5.390419,-5.2784243,-5.2784243,-5.313539,-5.4044766,-5.4644494,-4.756348,-4.717771,-5.3326283,-4.677019,-4.677019,-4.5508337,-4.5449057,-4.8436,-4.7814226,-4.4832287,-4.013015,-4.575579,-4.575579,-4.6113486,-4.501457,-4.2730103,-4.5719366,-3.8636749,-5.195293,-4.6629615,-4.6629615,-4.6429024,-3.411226,-4.395215,-4.214478,-4.9759665,-4.872217,-4.91719,-4.9171906,-4.784534,-5.1139402,-5.106795,-4.823582
CCO,1.1,-0.07330556,-0.9306426,-0.16552573,-0.16552563,-0.17346121,-0.33900633,-0.1912756,0.042383503,0.62735415,-0.0017487885,0.3677472,0.36774737,0.361551,0.14736734,0.37861598,-0.45158163,1.0133848,-0.78140736,-0.6403007,-0.6403008,-0.6409716,-0.5421616,0.60713774,0.28129688,1.648805,-0.3271726,0.24795064,0.24795249,-0.0080948295,-0.26870003,-0.5082198,-0.3556612,1.1464825,-1.329485,-0.7012171,-0.7012173,-0.6746467,-0.60665166,-0.6386653,-0.6775132,1.525801,-1.1370769,-0.7436531,-0.7436531,-0.77811724,-0.71760345,-0.8103869,-0.8153825,1.0422107,0.19976023,0.33620858,0.3362086,0.34805995,1.2142853,0.5122815,0.34071416,1.2665825,0.7945616,1.1840509,1.1840504,1.2046845,1.5136852,1.6648586,0.7349857,1.140012,1.8126546,2.1661406,2.166141,2.0678463,2.477989,1.7188143,0.98274404
CC(C)N(=O)=O,-0.62,-0.5723208,-1.6656781,-1.3822954,-1.3822954,-1.3857574,-1.6115881,-1.3476033,-0.4631832,0.07240062,-0.102731064,0.32548508,0.32548547,0.32037812,-0.00084713474,0.34984717,-0.4668747,-0.6439617,-1.2891207,-1.3262864,-1.3262863,-1.329135,-1.3085728,-1.1352128,-1.2752813,-0.041752513,-0.87513703,-0.75331163,-0.75331086,-0.9334018,-1.4043579,-1.6780878,-1.0368087,-0.47629374,-1.5171692,-0.9573824,-0.9573824,-0.9533597,-1.1281132,-0.88463145,-0.6557217,-0.60704345,-1.3200426,-1.0922151,-1.092215,-1.0909767,-1.1046377,-1.1268482,-1.6525056,-0.5850643,-0.7621201,-0.7293739,-0.729374,-0.70566374,0.1306161,-0.43082532,-0.20873325,-0.38219702,-0.6468551,-0.5466857,-0.5466862,-0.5471069,-0.3113843,-0.72805595,-0.39947587,-0.82560337,-0.8190655,-0.6811295,-0.68112946,-0.7177341,-0.7395713,-0.78175086,-0.8172459
CCCCOCCO,-0.42,-2.883489,-2.4564877,-2.2592447,-2.2592444,-2.2664285,-2.5927112,-2.2937956,-1.7427753,-0.6538512,-1.4424081,-1.2146697,-1.2146698,-1.2047505,-1.3117535,-1.210006,-1.5503005,-0.35514906,-1.7182201,-1.5622894,-1.5622897,-1.5678263,-1.4163176,-0.24908896,-0.44903317,-0.7933632,-0.84706616,-0.74223334,-0.7422322,-0.8646211,-1.1663166,-1.4339067,-0.95791113,-0.6080078,-2.2791665,-2.1307054,-2.1307056,-2.1900563,-2.2326,-2.1442556,-2.0431092,-1.4110738,-2.9835572,-2.708542,-2.7085414,-2.5207014,-2.704585,-2.4782166,-2.8472948,-0.3874391,-1.4744407,-1.7902342,-1.7902346,-1.7383941,-1.1461957,-1.4015067,-1.2784355,-0.8881766,-1.8062495,-1.5157906,-1.5157912,-1.340147,-0.689341,-0.6236852,-1.3751132,-0.37688226,-0.27389145,-0.26105857,-0.26105863,-0.15975477,-0.3621045,-0.3464446,-0.4968677
ClC(=C)Cl,-1.64,-0.20037398,-1.7963288,-1.4218667,-1.4218667,-1.4272937,-1.4948803,-1.4316952,-0.4203945,-1.367796,-0.6102378,-1.2069746,-1.206974,-1.2097361,-1.1030021,-1.2038907,-0.6183544,-1.7904313,-0.8973769,-0.7999564,-0.79995626,-0.8010605,-0.85089535,-0.7672009,-0.90008473,-0.481389,-0.8031333,-0.989728,-0.9897299,-1.2854657,-1.586654,-1.9821311,-1.0455476,-1.6456226,-2.6481912,-2.2808547,-2.2808554,-2.2466319,-2.2501988,-2.372767,-0.96356034,-1.4209236,-1.2034572,-0.8343056,-0.83430564,-0.8575522,-0.8266294,-0.9088247,-0.8678826,-1.6605209,-2.3858895,-2.3965228,-2.3965225,-2.3926685,-2.5317159,-2.3374078,-2.2460072,-1.7446642,-1.2452184,-0.8461147,-0.84611475,-0.84203845,-0.8288235,-1.200105,-1.35811,-1.1900222,-1.4600424,-1.5650513,-1.5650511,-1.5492066,-1.5636156,-1.4643238,-1.0549841
CN(C)C(=O)Nc1cccc(OC(=O)NC(C)(C)C)c1 ,-2.93,-4.0839515,-4.926237,-4.689952,-4.689952,-4.694832,-5.0624595,-4.7560196,-3.8478734,-3.5700002,-3.8031368,-2.7325878,-2.7325878,-2.706484,-3.3326225,-2.753596,-3.5819042,-2.9279847,-4.6927466,-4.3322973,-4.3322973,-4.331579,-4.307916,-2.773963,-2.7551844,-2.9648337,-3.1408427,-3.4281108,-3.4281082,-3.4294655,-3.7762828,-4.171636,-3.346625,-3.9324067,-4.9609632,-4.570927,-4.5709276,-4.5678883,-4.792719,-4.5379066,-3.2793767,-3.9125323,-5.0240216,-5.0382085,-5.038209,-5.0881634,-4.9445744,-5.0063734,-4.494952,-3.410839,-6.083906,-6.0299687,-6.029968,-5.538591,-5.1119766,-5.190612,-3.4574606,-2.7185187,-4.0018907,-3.5288286,-3.528829,-3.5706775,-2.9070973,-2.8469367,-3.1364703,-2.8975525,-2.9516366,-3.0068424,-3.006843,-2.9742663,-3.0505192,-3.056412,-3.0661812
CC(C)Oc1cc(c(Cl)cc1Cl)n2nc(oc2=O)C(C)(C)C,-5.696000000000001,-4.057746,-5.2039113,-4.8297343,-4.829735,-4.8356495,-5.1500907,-4.888666,-3.888042,-5.3059173,-4.867206,-4.1248674,-4.1248674,-4.13773,-4.6074543,-4.127412,-4.2310233,-5.829278,-5.5207705,-5.3044167,-5.304416,-5.230798,-5.489609,-5.237837,-5.267737,-5.2786355,-5.2630367,-4.972543,-4.972543,-4.9487696,-5.313102,-5.6230707,-4.2437696,-5.9002523,-4.83883,-4.6261854,-4.626186,-4.652967,-4.8093557,-4.7816253,-3.8276775,-6.1271,-4.5141044,-4.1997366,-4.1997366,-4.2489624,-4.1925845,-4.2821302,-3.9075468,-5.8205276,-5.336604,-5.741967,-5.741967,-5.6900067,-5.2549267,-5.3721743,-5.205636,-4.5662746,-4.845596,-4.3288035,-4.3288045,-4.3237233,-3.3277254,-3.9476397,-4.4430356,-5.748456,-3.4669237,-3.735709,-3.7357094,-3.72384,-3.4024558,-3.8226674,-4.8947477
CCCCCCCCCCO,-3.63,-4.2735896,-3.4796705,-3.4254591,-3.425459,-3.4254208,-3.8577976,-3.4704535,-2.8371294,-3.9217658,-3.424667,-4.0556145,-4.0556145,-4.0195003,-4.430416,-4.0827627,-3.361911,-3.3960805,-3.2373102,-3.0150192,-3.0150192,-3.0174146,-2.897364,-3.5399709,-3.5829105,-3.53274,-3.7684972,-4.6304035,-4.630404,-4.4494286,-4.5357256,-5.2131343,-4.278882,-3.7606692,-3.250695,-3.183784,-3.183784,-3.2551079,-3.4261296,-3.2933474,-3.3615072,-4.2994018,-4.3545194,-4.254495,-4.254495,-4.151244,-4.2301016,-4.189203,-4.725076,-3.8136055,-3.7153876,-4.1317616,-4.131761,-4.333036,-4.047659,-3.9135497,-3.7672248,-3.401919,-3.6481385,-3.518702,-3.5187023,-3.4337814,-2.4333494,-3.4193292,-3.285612,-3.6939597,-3.6279173,-3.6746657,-3.6746662,-3.6961095,-3.825111,-3.6629868,-3.7897341
CCOP(=S)(NC(C)C)Oc1ccccc1C(=O)OC(C)C,-4.194,-4.2948956,-5.492767,-5.080703,-5.0807033,-5.077793,-5.344519,-5.08484,-3.8115304,-4.875998,-4.093845,-4.2490664,-4.2490664,-4.1490855,-4.76529,-4.321129,-4.6937976,-4.1102457,-4.759068,-4.6749077,-4.6749077,-4.6018014,-4.877589,-4.6259,-4.7683764,-4.021982,-5.2442484,-5.2334404,-5.2334404,-4.700288,-5.212322,-5.8238454,-4.905827,-4.7477474,-5.600394,-5.260217,-5.260217,-5.109602,-5.3571844,-4.7522435,-3.7993577,-4.5574145,-4.46402,-4.746525,-4.746524,-4.6153135,-4.6727915,-4.5379915,-4.4109364,-4.621715,-4.0832195,-4.57799,-4.57799,-4.518589,-4.402255,-4.128344,-4.2083607,-4.1056004,-4.9510474,-4.51045,-4.5104504,-4.5485864,-3.4607239,-4.1934724,-4.4246593,-4.1935773,-3.2154174,-3.1098921,-3.1098917,-3.0741365,-3.7427304,-3.8009179,-4.4347477
O=C1N(COC(=O)C)C(=O)C(N1)(c2ccccc2)c3ccccc3,-4.47,-3.8619175,-4.9930167,-4.668647,-4.6686463,-4.6559525,-4.918278,-4.6241226,-3.8024387,-4.773167,-4.249509,-3.7457216,-3.7457213,-3.6944842,-4.0716243,-3.7855675,-4.0062137,-4.7253337,-4.778864,-4.145321,-4.1453204,-4.1177044,-4.8060637,-3.9975014,-3.497019,-3.827034,-2.5665035,-2.899039,-2.8990374,-3.3795035,-3.4986289,-3.5277114,-3.0381176,-4.266387,-4.3376594,-4.2349854,-4.234986,-4.1599474,-4.3255386,-4.0757213,-3.2946188,-4.7624817,-4.3583674,-4.784263,-4.7842636,-4.714093,-4.6375065,-4.6245794,-4.9035087,-4.7858553,-3.164486,-3.6471665,-3.6471665,-3.6125696,-3.8409903,-3.3267992,-4.0380993,-4.0058303,-4.0391927,-3.9374802,-3.9374814,-3.9439068,-2.826356,-3.8695016,-4.300189,-4.427301,-4.4249706,-4.52792,-4.5279207,-4.3979483,-4.5681705,-4.5463414,-4.5255857
O=C1NC(=O)C(=O)C(=O)N1 ,-1.25,-1.6498873,-2.31302,-2.281915,-2.2819152,-2.2755976,-2.483916,-2.2810707,-1.6699016,-1.3700837,0.11850085,-1.7166324,-1.7166321,-1.7239051,-1.9195127,-1.6653078,-0.21984461,-1.5663797,-1.5119202,-1.6116532,-1.6116533,-1.6162722,-1.5611014,-1.5046788,-1.5175782,-0.66694844,-0.29803288,-0.51275647,-0.5127542,-1.4588482,-0.7927667,-1.8509061,-0.6244639,-1.3276783,-2.3118107,-2.5105903,-2.5105903,-2.42376,-2.6015513,-2.4843245,-1.5441383,-1.3585118,-2.3069186,-2.5423195,-2.5423198,-2.5181394,-2.5008988,-2.66334,-2.2181935,-1.2827289,-2.2161195,-1.8938469,-1.8938469,-1.9498142,-0.82200414,-2.0365906,-1.5775588,-1.0603409,-0.79709893,-0.74927807,-0.7492784,-0.73924464,-0.52421486,-1.2556683,-0.6714335,-1.2382939,-1.1931928,-1.2497321,-1.2497321,-1.2471046,-1.3084986,-1.2076658,-1.2889805
CN(C)c1ccccc1,-1.92,-2.0181005,-2.3139875,-1.9062557,-1.9062557,-1.9125701,-2.053741,-1.9365281,-1.237705,-2.1264002,-2.0302186,-2.324177,-2.3241765,-2.308322,-2.2741694,-2.3193052,-2.3446105,-1.9195181,-1.9551771,-2.0479958,-2.0479958,-2.0526175,-1.9618571,-2.1498308,-2.2276025,-1.4369535,-2.0192516,-2.2534282,-2.2534297,-2.408131,-2.7414896,-3.2334404,-2.0405364,-2.1273737,-2.6553466,-3.118096,-3.118096,-3.1630173,-2.954869,-3.2370393,-2.7783947,-1.455291,-2.1452324,-1.9727707,-1.9727705,-1.9660624,-2.0310874,-2.0255206,-1.773176,-1.9680662,-1.5764452,-1.6712455,-1.6712456,-1.6239257,-1.667437,-1.293334,-1.5553635,-2.806512,-2.5921178,-2.3862803,-2.3862803,-2.392491,-1.7017589,-2.6935487,-2.2377908,-2.6484332,-2.6832216,-2.7322662,-2.732267,-2.716875,-2.674053,-2.7044008,-2.4740803
CCCN(CCC)c1c(cc(cc1N(=O)=O)S(N)(=O)=O)N(=O)=O,-5.16,-5.0325727,-5.11598,-4.8886685,-4.888669,-4.8736467,-5.1889834,-4.8219357,-4.5055027,-5.4713435,-2.8581805,-3.2620237,-3.2620244,-3.2203488,-3.2414794,-3.2808557,-3.2900183,-5.2425456,-4.6383557,-4.1427016,-4.142701,-4.118209,-4.5936384,-4.1040087,-3.8896446,-4.54827,-4.980545,-4.705652,-4.7056513,-4.455403,-5.217859,-4.914455,-4.275174,-5.2274427,-5.0573726,-5.2086973,-5.2086973,-5.180339,-5.4835386,-5.2682643,-4.748412,-4.214821,-3.926529,-4.235716,-4.235716,-4.088674,-4.187264,-4.1533966,-4.6294913,-4.753416,-3.4358861,-3.8210926,-3.821093,-3.809228,-4.085903,-3.477464,-4.3614955,-4.547379,-4.213852,-4.7019405,-4.7019405,-4.6668425,-2.9783115,-4.7870016,-4.6639514,-5.2780237,-5.1444445,-5.2335896,-5.233591,-5.2449718,-5.354491,-5.42818,-5.1856427
CC23Cc1cnoc1C=C2CCC4C3CCC5(C)C4CCC5(O)C#C,-5.507000000000001,-4.3512936,-4.715389,-4.349971,-4.3499713,-4.3479958,-4.7130427,-4.383666,-3.900888,-5.4646544,-4.7989135,-4.503811,-4.503811,-4.440384,-4.997582,-4.5215745,-4.608715,-5.7258377,-3.977418,-4.1144876,-4.1144876,-4.0563216,-4.142461,-4.887471,-4.47447,-5.5184793,-5.5246916,-5.526269,-5.526271,-5.64798,-5.398539,-6.2577715,-5.6046977,-4.8541956,-4.3661733,-4.327632,-4.3276315,-4.3565235,-4.4346642,-4.444999,-3.8738842,-4.8693447,-4.786567,-5.146762,-5.1467614,-4.3372707,-5.0409746,-3.612067,-5.2905335,-5.1358256,-4.2568293,-4.741941,-4.741941,-4.754172,-4.9148226,-4.359284,-4.932541,-4.354074,-5.4035797,-5.0065684,-5.006569,-5.0073776,-3.548152,-4.5655546,-4.5303674,-5.5615697,-5.4997225,-5.63861,-5.63861,-5.5643764,-5.845202,-5.6466007,-5.5627546
CCOC(=O)c1ccccc1,-2.32,-2.44782,-2.6594102,-2.4048116,-2.4048114,-2.4179573,-2.6749573,-2.459816,-1.7183702,-1.7642472,-2.1737146,-1.2668867,-1.2668868,-1.247739,-1.5027996,-1.2616436,-1.8068416,-2.31438,-2.330433,-2.3544595,-2.3544598,-2.361278,-2.25672,-2.5686507,-2.6480772,-1.7247127,-2.1476269,-2.135354,-2.1353557,-2.3067358,-2.6987693,-3.1129274,-2.066925,-1.6879323,-2.3470373,-2.2119398,-2.21194,-2.2424915,-2.305732,-2.3140943,-1.5159427,-2.5497823,-3.2887053,-3.584389,-3.5843892,-3.5721717,-3.5454812,-3.5068839,-4.040862,-2.1684084,-2.1956327,-2.900798,-2.9007983,-2.843255,-2.4997153,-2.5051837,-2.3753026,-1.9243357,-2.2657173,-1.8852347,-1.8852358,-1.8791705,-1.1768266,-1.8048086,-1.7540454,-2.291037,-2.0126982,-2.017856,-2.0178561,-1.9530969,-2.0881987,-1.8554949,-2.366398
Fc1cccc(Br)c1,-2.67,-2.0859199,-2.260663,-2.1373243,-2.1373246,-2.1472735,-2.426658,-2.1744628,-1.7088559,-2.3267555,-1.7127467,-1.9402266,-1.9402262,-1.9457312,-1.7743286,-1.9324565,-1.8609931,-2.4100502,-1.4833751,-1.5360839,-1.5360839,-1.5394003,-1.451653,-2.015919,-1.9132034,-1.3139819,-1.969796,-2.1448965,-2.144896,-2.43885,-2.8436482,-3.0734472,-2.025604,-2.7822483,-1.719058,-1.6320969,-1.632097,-1.5706767,-1.7153252,-1.5409484,-1.8232934,-2.8146684,-2.3043814,-2.4235709,-2.4235706,-2.3778055,-2.4147644,-2.6126888,-2.5987768,-2.2094789,-1.6578017,-1.7492422,-1.7492421,-1.7230626,-1.0723778,-1.4420214,-1.2210796,-2.735822,-2.5191007,-2.1487262,-2.1487267,-2.149278,-2.0213563,-2.1688118,-1.8526132,-2.601702,-3.3916142,-3.1946175,-3.194618,-3.2501924,-3.084521,-3.3905327,-2.883069
Clc1cccc(c1Cl)c2cccc(Cl)c2Cl,-7.28,-4.1402464,-3.9147377,-3.7497742,-3.7497745,-3.7546656,-4.0455937,-3.7777002,-3.5466871,-7.0280776,-6.4984536,-6.7838793,-6.783881,-6.734842,-6.439494,-6.7909203,-6.9365244,-7.225305,-5.0935016,-5.135573,-5.1355734,-5.150606,-5.1584067,-6.1950517,-6.4341836,-6.727848,-5.7401323,-6.311081,-6.311082,-6.6773906,-6.6332164,-7.326603,-6.459769,-7.203456,-5.335484,-6.109693,-6.1096926,-6.2556744,-6.498149,-6.294164,-6.697196,-7.900153,-3.2514677,-3.5106409,-3.5106416,-3.4938443,-3.5251997,-3.4966438,-4.387965,-7.5988855,-5.902514,-6.307716,-6.3077154,-6.2744174,-7.34075,-6.05794,-7.0677905,-6.9140882,-7.199074,-6.5101166,-6.5101156,-6.5356207,-5.8333387,-7.174333,-7.0582747,-7.3147364,-7.058653,-7.2737436,-7.2737417,-7.2121224,-7.123216,-7.164581,-7.1840353
CCC,-1.94,-0.18108448,-1.0462915,-0.32884282,-0.32884273,-0.33731037,-0.5019961,-0.3515082,-0.04540059,-1.7450386,-0.29624403,-0.4422406,-0.44224113,-0.44417825,-0.45477825,-0.42950737,-0.7914668,-2.242625,-1.053314,-1.0753634,-1.0753633,-1.0762786,-1.0411582,-1.1569172,-0.98218113,-0.94728965,-0.95597965,-0.81000876,-0.8100084,-1.0024261,-1.3341166,-1.7837843,-0.979888,-1.8273277,-2.4913561,-1.6247305,-1.6247308,-1.7288257,-1.7692028,-1.6805571,-1.166515,-0.8713787,-1.3114681,-0.9572832,-0.9572832,-0.9995722,-0.87269074,-1.0182109,-0.505191,-1.9715055,-2.5289555,-1.9998997,-1.9998996,-2.0118964,-2.3316524,-2.034458,-1.9206774,-1.44319,-0.60159206,-0.6099215,-0.6099216,-0.59313995,-0.25603923,-1.0045164,-0.5013165,-1.9183085,-1.4675025,-1.539308,-1.5393082,-1.4664589,-1.6305666,-1.3104426,-2.2925794
COc1cccc(Cl)c1,-2.78,-2.177129,-2.3751535,-2.216214,-2.216214,-2.2233245,-2.4643488,-2.2512093,-1.9692119,-1.5873207,-2.280196,-1.6144841,-1.6144841,-1.6071814,-1.6537069,-1.6045008,-2.092884,-2.6408362,-1.8615168,-1.8912976,-1.8912977,-1.8993828,-1.8668717,-1.9138616,-1.6335548,-1.6412026,-1.9267861,-2.1249807,-2.12498,-2.5022209,-2.6077986,-3.0845969,-1.9708428,-2.5067596,-1.9411862,-1.9989375,-1.9989378,-2.0125031,-2.0064874,-2.0534978,-2.0040026,-1.8215332,-2.4542034,-2.573556,-2.5735557,-2.535185,-2.5808215,-2.542798,-2.4861941,-2.7365754,-0.29780528,-0.8922998,-0.89229965,-0.8569766,-1.7910912,-0.55536306,-1.231667,-2.4313126,-2.6301389,-2.2947276,-2.2947278,-2.3025646,-1.715159,-2.4363282,-2.0722468,-2.7036602,-2.8373775,-2.8612194,-2.8612196,-2.8421328,-2.8189113,-2.813374,-2.8336444
CCSC(=O)N(CC(C)C)CC(C)C,-3.68,-3.1880794,-3.602533,-3.1997263,-3.199726,-3.187606,-3.4257553,-3.1596198,-2.2904637,-3.2642074,-2.521901,-2.7132487,-2.7132492,-2.7568738,-2.9409504,-2.7179585,-2.7751935,-3.7898746,-4.040959,-3.722839,-3.7228386,-3.725975,-3.8244421,-3.444781,-3.4854567,-3.098662,-3.3596935,-4.1701922,-4.170192,-4.1119704,-4.225832,-4.6155767,-3.877066,-3.665752,-3.3943,-3.408122,-3.4081223,-3.3619156,-3.5502121,-3.274014,-2.905324,-3.5346901,-3.2215486,-3.6067433,-3.6067433,-3.5281715,-3.602358,-3.6193147,-4.3294168,-4.0311155,-3.723632,-3.9304092,-3.93041,-3.9102426,-3.3966281,-3.5875375,-3.2524312,-3.026707,-2.9044642,-3.0187685,-3.0187688,-3.028249,-1.9946511,-2.7994266,-3.22452,-3.700863,-3.4003596,-3.374552,-3.3745522,-3.3069355,-3.5179074,-3.3891995,-3.5827787
CCCCCO,-0.6,-2.0378036,-1.8906808,-1.6218176,-1.6218178,-1.6254667,-1.9205531,-1.5882521,-1.259275,-0.6322113,-1.1163954,-1.2001975,-1.2001972,-1.1951596,-1.1321381,-1.1961169,-1.4091387,-0.57023853,-1.4166353,-1.4008108,-1.400811,-1.406625,-1.2917756,-0.6576226,-0.5300903,-0.0848895,-1.441512,-1.2213167,-1.221316,-1.3790421,-1.75144,-2.0314066,-1.4666092,-0.19708866,-1.906225,-1.7270261,-1.7270263,-1.7806395,-1.7417406,-1.6752125,-1.7866292,-0.6580707,-2.243334,-2.1018307,-2.101831,-2.0504785,-2.105061,-2.0837553,-1.6843455,-0.577438,-1.2935784,-1.592728,-1.592728,-1.55025,-0.5007854,-1.2258395,-0.91751695,-0.48050785,-1.0560818,-0.9102851,-0.9102856,-0.7351786,-0.34564465,-0.6076509,-0.94964045,-0.4582606,-0.6764616,-0.60452324,-0.6045231,-0.4851255,-0.6481723,-0.3932106,-0.6778792
O=C1NC(=O)C(=O)N1 ,-0.4,-0.6274992,-2.0461564,-1.821607,-1.8216069,-1.8216559,-1.953286,-1.8284441,-0.9735876,-0.45882925,0.18675262,-0.5256837,-0.5256833,-0.52828366,-0.6573531,-0.4920015,0.05716044,-0.5913711,-1.2188181,-1.1805693,-1.1805692,-1.1827295,-1.1952313,-0.4981987,-1.0042005,0.017975913,-0.08224118,-0.080710225,-0.08070962,-0.8746955,-0.5250774,-1.3120303,-0.27231568,-0.35511115,-2.0220847,-1.1637666,-1.1637667,-1.1013556,-1.4370168,-1.1380306,-0.34654838,0.21036783,-2.028876,-2.0784638,-2.078464,-2.0730472,-2.060917,-2.2112548,-1.5577816,-0.43848985,-2.5126865,-2.6301727,-2.6301723,-2.5941541,-0.83576924,-2.5945144,-0.7957294,-0.14826599,-0.0073617683,-0.049693406,-0.049693365,-0.035985764,0.12849867,-0.4182231,-0.08595427,-0.43279433,-0.19089623,-0.24226612,-0.24226615,-0.16496299,-0.2608099,-0.14445767,0.21340235
CCN(CC)c1c(cc(c(N)c1N(=O)=O)C(F)(F)F)N(=O)=O,-5.47,-4.1266594,-4.3198676,-3.9729595,-3.972959,-3.9512842,-4.277262,-3.8905754,-3.7865722,-5.4537086,-1.5415661,-2.8205795,-2.820579,-2.7637393,-2.3343189,-2.7614753,-2.558151,-5.598379,-4.4454517,-3.6234634,-3.6234634,-3.6395657,-4.218688,-3.3323684,-2.6880205,-4.834654,-3.9052367,-4.279517,-4.279517,-4.268409,-5.0626397,-4.863359,-4.2150373,-4.972445,-3.8897526,-3.9028997,-3.9029,-3.8890784,-4.114462,-3.88944,-3.5972106,-4.4364443,-2.9467316,-3.082945,-3.0829453,-2.7981849,-3.1312566,-2.7811713,-3.4733508,-5.043645,-2.113958,-2.3765333,-2.3765333,-2.381623,-1.8191022,-2.220008,-2.1026607,-4.942994,-3.360817,-4.0412593,-4.04126,-3.9867063,-2.4550362,-4.088925,-3.0878046,-5.2404575,-3.9583392,-3.9572432,-3.9572423,-3.8878412,-3.6513565,-3.960732,-4.8652253
ClC(=C(Cl)Cl)Cl,-2.54,-1.7442156,-2.3225203,-2.3307793,-2.3307796,-2.3236396,-2.5420008,-2.3265839,-1.6219391,-2.7049403,-2.3463082,-2.471431,-2.4714317,-2.4688413,-2.5185597,-2.4597564,-2.4127612,-2.971585,-1.199887,-1.1702627,-1.1702625,-1.1733062,-1.3714739,-1.7999734,-2.1634984,-1.7812542,-2.0808728,-2.6069615,-2.6069624,-2.8003273,-3.3410056,-3.6040938,-2.442029,-2.3604178,-4.211856,-2.7973273,-2.7973278,-2.851453,-2.9692276,-2.9028988,-2.726285,-2.145794,-1.5885644,-1.4022064,-1.4022064,-1.4130813,-1.4485431,-1.4285849,-1.2573904,-2.561819,-2.2762759,-2.6998062,-2.6998062,-2.6610239,-2.5946171,-2.5460718,-2.1515417,-2.4543173,-2.6895127,-2.1665668,-2.1665673,-2.1537285,-2.050568,-2.4714713,-2.8220727,-2.9509609,-2.2697425,-2.4326699,-2.4326706,-2.3158035,-2.5070841,-2.0942955,-2.59653
O=C1NC(=O)NC(=O)C1(CC)CC=C,-1.614,-1.9049301,-2.926311,-2.9337635,-2.9337635,-2.952795,-3.3871412,-3.085198,-2.2032185,-2.0312622,-1.64521,-1.4280719,-1.428071,-1.4153,-1.4460816,-1.4175823,-2.2365417,-2.0214024,-3.1064963,-2.8518915,-2.851892,-2.868846,-2.9458618,-1.733013,-1.6516006,-1.5994785,-1.1422656,-1.3248366,-1.324836,-1.5378591,-1.8636062,-2.1648784,-1.454614,-1.7789387,-2.6897867,-2.7551174,-2.7551174,-2.7355957,-3.0355651,-2.6531372,-2.2346609,-1.0976677,-2.5098948,-2.7799895,-2.7799897,-2.7471328,-2.791624,-2.768348,-3.0112543,-2.133125,-1.525683,-2.0103307,-2.0103304,-2.0145662,-2.1054637,-1.7692529,-2.264911,-1.6141083,-2.102487,-1.7233062,-1.7233067,-1.7146109,-0.8766466,-1.6897383,-1.4761943,-1.6718376,-1.6209928,-1.6511087,-1.6511087,-1.6493968,-1.7437274,-1.7761757,-1.6791905
CC2Nc1cc(Cl)c(cc1C(=O)N2c3ccccc3C)S(N)(=O)=O ,-3.78,-4.5633965,-5.169292,-4.756254,-4.7562532,-4.7582564,-5.1091704,-4.8170023,-4.150077,-5.530989,-3.9219697,-4.266226,-4.266226,-4.2515616,-4.5504107,-4.329918,-4.173493,-3.9293857,-5.279463,-5.132855,-5.1328554,-5.05861,-5.3182173,-4.2307367,-3.8780785,-3.6830506,-5.3667407,-5.331935,-5.331934,-5.2574086,-5.5546274,-6.014459,-4.61804,-4.2594895,-4.8907657,-4.7968817,-4.7968817,-4.8192406,-4.898194,-4.9109836,-4.4517674,-4.3247995,-4.564979,-4.6487637,-4.6487637,-4.545991,-4.558043,-4.694841,-4.743429,-4.2657976,-3.474753,-3.63053,-3.6305306,-3.638942,-3.625049,-3.3082135,-3.4314387,-3.8479333,-4.5653043,-4.2342386,-4.234239,-4.2484617,-3.1262476,-4.051618,-4.4335976,-3.9140315,-3.8102689,-3.8618643,-3.861864,-3.7358952,-3.9265084,-3.9599912,-3.7831204
CCCCC(CC)COC(=O)c1ccccc1C(=O)OCC(CC)CCCC,-6.96,-5.8401036,-7.5171523,-6.666338,-6.6663375,-6.66193,-6.8935103,-6.484603,-4.788959,-6.387252,-4.9425864,-5.932765,-5.9327645,-5.842298,-6.3793364,-5.9736333,-6.673391,-7.0224905,-6.0906615,-6.5793724,-6.5793724,-7.0885134,-7.332215,-6.8182306,-7.159398,-6.3500304,-6.989233,-7.1745815,-7.174581,-6.8719172,-6.521233,-6.9956546,-7.202958,-7.9244027,-7.8757715,-7.284429,-7.2844286,-7.1329765,-7.2358947,-6.947974,-5.096816,-6.626634,-5.980217,-6.0069237,-6.006923,-5.8669486,-6.037245,-5.9957824,-5.3399897,-6.6546097,-6.500746,-6.6099095,-6.609909,-6.626066,-6.620433,-6.1886625,-5.742946,-6.1698008,-7.066127,-6.9949994,-6.995,-7.0205483,-5.5683117,-6.5123262,-6.519603,-6.9802275,-6.8631334,-7.0641847,-7.0641837,-7.0731044,-7.525028,-7.2675014,-6.9499846
CCC(=C)C,-2.73,-1.2005727,-1.6952262,-1.0330639,-1.0330639,-1.0363789,-1.1412103,-1.0302806,-0.5190496,-2.3197217,-1.0976908,-0.9238441,-0.92384446,-0.92333764,-0.9850642,-0.90723497,-1.459026,-2.732549,-1.2801356,-1.3241882,-1.3241885,-1.3259974,-1.2362435,-1.072749,-1.0894636,-1.6183716,-0.8945589,-1.1091254,-1.1091249,-1.234852,-1.4579934,-2.0712812,-1.1166717,-2.2420726,-1.545375,-1.1305197,-1.13052,-1.1435803,-1.1450337,-1.1101929,-0.6795125,-2.062038,-1.6900235,-1.5386912,-1.5386914,-1.5544977,-1.4964465,-1.5654668,-0.9844012,-2.7049308,-3.4080698,-3.060945,-3.060945,-3.06793,-2.4206874,-3.0416157,-2.355585,-2.2590506,-1.340749,-1.1950396,-1.1950397,-1.1976902,-0.8215202,-1.3192569,-1.063635,-2.713916,-2.9867487,-3.0347493,-3.0347497,-2.9828942,-3.0260997,-2.879237,-3.0323505
Clc1cc(Cl)cc(Cl)c1,-4.48,-3.1851115,-2.8822927,-3.0551102,-3.0551105,-3.0440388,-3.3951287,-3.0510218,-3.4416468,-4.050368,-2.7473984,-3.3878064,-3.3878074,-3.3918903,-3.2100844,-3.3890202,-3.4854536,-4.536526,-2.7757306,-2.81576,-2.81576,-2.8226259,-2.8253405,-4.413543,-3.8556993,-3.3412995,-3.232805,-3.7686248,-3.7686257,-4.1104813,-4.0246787,-4.7549243,-3.3129382,-4.1719937,-2.2835371,-2.9402785,-2.9402783,-2.844946,-3.098805,-2.7981834,-2.6305995,-3.8826241,-2.5296087,-2.7900858,-2.7900863,-2.747465,-2.8106532,-2.946172,-3.0009584,-4.395549,-1.9855975,-2.1677144,-2.1677146,-2.165435,-3.7331963,-1.977349,-3.3605378,-4.157097,-4.226447,-3.6388586,-3.6388588,-3.6261516,-3.3956738,-3.9313731,-4.061541,-5.103881,-3.7555418,-3.8040404,-3.8040404,-3.7868354,-3.929759,-3.7717865,-3.94763
ClCCCCl,-1.62,-2.0152044,-1.5233103,-1.0634768,-1.0634769,-1.0282525,-1.363105,-0.93863744,-1.4109746,-1.9857514,-0.8918914,-1.2242123,-1.2242124,-1.2309297,-1.038424,-1.2126635,-1.1452043,-1.6293749,-1.1018188,-1.1205791,-1.1205791,-1.1253396,-1.114554,-1.3735957,-1.398259,-0.73849475,-1.3986417,-1.5106624,-1.5106636,-1.6992395,-2.0402358,-2.5572839,-1.3683045,-1.7474293,-2.6068833,-2.0851803,-2.0851805,-1.9366251,-2.1692173,-1.8692844,-2.41208,-0.8625226,-1.5820932,-1.4200271,-1.4200271,-1.4080921,-1.3950981,-1.4000475,-1.0577022,-1.6470457,-1.7161733,-1.6449044,-1.6449044,-1.6413707,-2.5028698,-1.4248911,-1.9483098,-1.6425892,-1.6560478,-1.5174149,-1.5174154,-1.4898005,-1.2101184,-1.7435248,-1.4511629,-1.8974102,-2.2127147,-2.2866263,-2.2866263,-2.3435743,-2.2667415,-2.4556425,-2.0301793
FC(F)(F)c1cccc(c1)N2CC(CCl)C(Cl)C2=O,-4.047,-5.439829,-4.5162024,-4.428636,-4.428636,-4.4377337,-4.799732,-4.4910183,-4.60822,-3.8382874,-1.6652995,-3.465706,-3.4657059,-3.3718,-3.3350847,-3.4349802,-2.6109502,-4.1090617,-4.6941347,-4.4440813,-4.444082,-4.5079594,-4.6227794,-3.9887803,-4.2077446,-3.8512406,-4.523581,-4.8198504,-4.819851,-4.5502763,-5.259109,-5.276098,-4.797634,-4.41899,-3.6390507,-3.5027306,-3.5027306,-3.5263023,-3.705701,-3.5044675,-4.7145147,-4.342116,-3.517893,-3.3618133,-3.3618133,-3.1423948,-3.373631,-3.1077998,-3.4859908,-4.3510346,-3.5699675,-4.3204355,-4.3204346,-4.2405524,-4.012226,-3.9157107,-4.2729197,-3.838466,-4.49654,-4.655514,-4.6555142,-4.5894675,-3.4585357,-4.806263,-4.3667564,-4.05795,-4.7529373,-4.7243953,-4.724395,-4.7356734,-4.9345794,-4.2803483,-5.28454
c1ccc2cnccc2c1,-1.45,-1.4259379,-2.1967723,-2.0220947,-2.0220947,-2.0245125,-2.2190285,-2.040461,-1.4481683,-2.0516276,-2.6382246,-2.4195633,-2.4195635,-2.4209397,-2.4692369,-2.4010112,-2.574401,-1.9020894,-1.6888331,-1.8155502,-1.815551,-1.8194455,-1.7117752,-1.9154696,-1.7563494,-1.2867264,-2.6111767,-2.8412812,-2.8412821,-2.9684837,-3.3082054,-3.7179468,-2.3363845,-1.4248203,-1.7165742,-1.876784,-1.8767841,-1.8474151,-1.9269845,-1.823462,-1.7160754,-1.2301586,-2.2534547,-2.3193312,-2.3193312,-2.3078036,-2.3169732,-2.3281057,-2.043553,-1.2141795,-2.2744372,-2.301955,-2.301955,-2.2569451,-1.4332637,-1.9246678,-1.4671568,-1.8146588,-3.021001,-2.8688328,-2.868833,-2.8597574,-2.5882838,-2.6008563,-2.5443535,-1.3956339,-1.368401,-1.4114295,-1.4114293,-1.3567151,-1.4262754,-1.2507528,-1.45778
Sc1ccccc1,-2.12,-1.4541953,-2.058594,-1.6648083,-1.6648083,-1.6743251,-1.8067786,-1.6960349,-0.9296449,-1.8387381,-1.9447842,-1.579082,-1.5790817,-1.5831456,-1.57937,-1.5631864,-1.8296198,-2.1111033,-1.4456227,-1.5421518,-1.5421522,-1.5447915,-1.5001229,-1.9306372,-1.7536408,-1.29375,-2.0867295,-2.234916,-2.2349148,-2.453216,-2.8395822,-3.230647,-1.9630867,-1.914396,-2.0455222,-1.8500701,-1.8500698,-1.9120055,-1.8685843,-1.975205,-2.3556747,-1.5634668,-2.0615554,-2.040098,-2.040098,-2.0224457,-2.0241776,-2.1500132,-1.8203624,-2.120749,-2.3205724,-2.653128,-2.6531284,-2.6164987,-2.2667565,-2.4325116,-1.9944545,-2.0353236,-0.78930926,-1.2200023,-1.2200024,-1.22208,-0.7772769,-2.2066128,-0.7275057,-2.0873835,-2.0610309,-2.115663,-2.1156633,-2.0814512,-2.0956495,-2.0779166,-1.887286
CON(C)C(=O)Nc1ccc(Cl)c(Cl)c1,-3.592,-3.7864976,-3.801432,-3.6595597,-3.65956,-3.6659563,-4.052395,-3.7133574,-3.2758298,-3.6913657,-3.2479806,-2.714124,-2.7141237,-2.7073293,-2.9752097,-2.6984298,-2.9266567,-3.1106632,-3.831297,-3.5514662,-3.551466,-3.56466,-3.5410364,-2.9930854,-2.7696166,-3.4850707,-2.563872,-2.7794604,-2.7794585,-3.3029962,-3.1919267,-4.1141725,-2.7222574,-3.706623,-3.3660238,-3.40871,-3.4087098,-3.4467316,-3.5116572,-3.4321866,-4.544672,-3.8157833,-3.654784,-3.769868,-3.7698677,-3.5568547,-3.7689052,-3.5704577,-4.2218924,-3.4733918,-2.6717536,-2.9845905,-2.9845908,-3.1147,-2.9374743,-2.9510798,-2.7786674,-2.948393,-2.983704,-2.8451307,-2.8451312,-2.8510308,-1.9415569,-2.8549,-2.7968764,-3.7105186,-3.7352846,-3.7554846,-3.7554855,-3.703353,-3.8276763,-3.9354382,-3.616866
Oc1ccc(Cl)cc1,-0.7,-1.4716579,-2.1345038,-2.0399497,-2.03995,-2.053411,-2.346155,-2.07803,-1.5021383,-1.6462784,-1.6034757,-1.3416284,-1.3416283,-1.3487597,-1.324063,-1.326702,-1.4821615,-1.2705259,-1.7259669,-1.7560469,-1.756047,-1.7603732,-1.684238,-1.4048272,-1.2665597,0.06274344,-1.5316397,-1.4928598,-1.4928616,-1.8100832,-2.0766773,-2.3546085,-1.5332712,-0.66702205,-1.6156645,-1.4902753,-1.4902753,-1.4734122,-1.64144,-1.4546103,-1.503063,-0.72268546,-2.8672554,-2.9473288,-2.9473288,-2.967651,-2.9301538,-3.0722878,-2.393662,-0.9047214,-0.23361105,-0.9890647,-0.9890642,-0.9436574,-0.92996687,-0.6304496,-0.8391544,-0.67579687,-1.4193417,-1.3257799,-1.3257798,-1.3304873,-1.0616435,-1.4152656,-0.9418663,-0.6183952,-0.8597989,-0.9365968,-0.93659675,-0.87957966,-0.8844376,-0.8492654,-0.9244254
CCCC(O)C=C,-0.59,-2.1355188,-2.0813618,-1.5452623,-1.5452626,-1.5379566,-1.7249327,-1.5033883,-1.0521379,-0.49383798,-1.2684045,-1.3684893,-1.3684891,-1.361647,-1.3119268,-1.3516837,-1.7384813,-0.6270558,-1.594399,-1.5383532,-1.5383532,-1.5443518,-1.4721345,-0.59337336,-0.64520735,-0.21406202,-0.9884415,-1.032918,-1.0329177,-1.1699541,-1.4374206,-1.7817161,-1.1939995,-0.72740006,-1.9616154,-1.8619314,-1.8619316,-1.8775705,-1.9161004,-1.7393198,-1.3913043,-1.4870744,-2.333293,-2.2343853,-2.2343853,-2.166563,-2.2357306,-2.3039305,-2.3137085,-0.60638195,-1.2643834,-1.5051094,-1.5051092,-1.4707761,-0.7467281,-1.1635326,-1.117154,-0.72731745,-0.91017693,-0.768221,-0.7682215,-0.709136,-0.22639707,-0.5464657,-0.8228817,-0.640343,-0.18259208,-0.43425396,-0.434254,-0.34093785,-0.41424963,-0.22182316,-0.85994506
CSCS(=O)CC(CO)NC(=O)C=Cc1c(C)[nH]c(=O)[nH]c1=O,-1.981,-5.0659266,-6.0899224,-5.6712456,-5.671246,-5.643867,-5.9556956,-5.212756,-4.9112487,-3.0043333,-4.206158,-2.661468,-2.6614683,-2.5816157,-3.2710276,-2.5856793,-2.7704477,-1.9766924,-4.671084,-3.8671484,-3.8671482,-3.9034715,-4.428402,-2.1846201,-1.8476695,-2.06662,-2.332023,-3.1229815,-3.1229799,-2.184876,-3.392028,-3.7192264,-2.7322462,-4.107211,-5.771543,-5.5014024,-5.5014024,-5.4084444,-5.6778345,-4.966909,-4.680134,-4.4979086,-5.3908143,-5.49557,-5.4955707,-4.204438,-5.540044,-4.8821507,-5.206259,-2.189829,-4.012826,-3.8982544,-3.8982544,-3.7405329,-2.9621763,-3.134837,-3.2940352,-2.107163,-3.6753871,-3.1851838,-3.185184,-3.1000626,-2.4615412,-2.4973226,-3.0689795,-1.9888483,-2.0519817,-1.9810733,-1.9810737,-1.9285567,-2.0379987,-2.2850938,-2.06026
CCCSCCC,-2.58,-2.3556697,-2.3969195,-2.0478828,-2.0478828,-2.0523028,-2.3068337,-2.0501952,-1.2910568,-2.9977748,-1.6832163,-2.2696033,-2.2696037,-2.2733233,-2.154112,-2.2871182,-1.820188,-3.6482055,-1.8870546,-1.9696077,-1.9696076,-1.9743686,-1.8859215,-2.8347876,-2.9308746,-2.7439075,-2.5301776,-2.9768496,-2.9768484,-3.1754858,-3.228106,-3.9944482,-2.4439278,-1.5512984,-2.3479552,-2.177309,-2.177309,-2.248486,-2.2909932,-2.212699,-1.9894432,-1.6114565,-2.8175647,-2.7264822,-2.7264824,-2.561296,-2.715074,-2.5950706,-2.739769,-2.9618578,-4.9045076,-5.162929,-5.1629295,-5.2670507,-3.4954724,-5.172163,-3.4427238,-3.0786548,-3.0974576,-3.0407124,-3.040713,-3.0800989,-2.0950797,-2.9837418,-2.6285145,-2.518314,-3.766735,-3.6754334,-3.675434,-3.7371109,-3.77264,-3.6342432,-3.1682482
CC(C)(C)C(=O)C(Oc1ccc(Cl)cc1)n2cncn2,-3.61,-4.1351995,-4.3990664,-4.0304275,-4.0304275,-4.0275006,-4.3495774,-4.053106,-3.4815216,-3.3611095,-3.4035559,-3.2988334,-3.2988331,-3.2704678,-3.6049078,-3.3158712,-3.355066,-3.782032,-4.844517,-4.381941,-4.381941,-4.388606,-4.5787373,-3.5841238,-3.4914162,-3.877177,-4.165985,-4.246497,-4.246497,-4.33477,-4.4280863,-4.970251,-4.158463,-3.227937,-3.9159458,-3.8980021,-3.8980021,-3.884202,-3.9640765,-3.8969326,-3.284795,-3.962017,-3.7946448,-3.772951,-3.7729506,-3.2889297,-3.719168,-3.232266,-3.884704,-3.7759335,-2.6092486,-3.1642,-3.1642,-3.165845,-3.8584762,-2.897298,-3.4669538,-3.237444,-3.5412064,-3.4930847,-3.4930851,-3.4669914,-2.2279308,-3.2337222,-3.3158267,-3.6440716,-4.1990614,-3.5441089,-3.5441093,-3.531012,-3.908159,-3.3536913,-5.476139
Cc1occc1C(=O)Nc2ccccc2,-3.3,-3.2510333,-3.2899256,-3.1847007,-3.1847005,-3.1967747,-3.566037,-3.252864,-2.6354105,-2.8177447,-3.263835,-2.4938788,-2.4938796,-2.4929645,-2.7762733,-2.5171976,-2.8265073,-2.8135998,-3.104248,-2.9412162,-2.941216,-2.947268,-3.017778,-2.6506462,-2.4398875,-2.382769,-3.3390152,-3.4358575,-3.4358563,-3.3492553,-3.9924219,-4.150658,-3.1673305,-3.6500435,-2.87641,-2.765998,-2.7659976,-2.82029,-2.8773427,-2.8290398,-2.9492793,-3.5553963,-3.8207068,-4.2461805,-4.246181,-4.2473006,-4.1880045,-4.1600876,-4.9337673,-3.142261,-2.1846085,-2.9074667,-2.907467,-2.8400166,-3.1409798,-2.4491067,-2.7996874,-2.2743242,-3.2108731,-2.9088995,-2.9088998,-2.9443023,-2.0541983,-2.8937721,-2.6455705,-3.3040147,-3.3721583,-3.42923,-3.4292302,-3.4386766,-3.4901981,-3.5105925,-3.3386364
CC5(C)OC4CC3C2CCC1=CC(=O)C=CC1(C)C2(F)C(O)CC3(C)C4(O5)C(=O)CO ,-4.31,-4.5286345,-5.8148108,-5.338285,-5.3382845,-5.3339415,-5.663296,-5.3528724,-4.508832,-4.6957693,-4.22631,-3.3534002,-3.3534,-3.320153,-3.8065124,-3.3610399,-3.6182966,-4.3883567,-3.4588304,-3.260822,-3.2608223,-3.191624,-2.9452295,-4.2531285,-4.1839623,-4.51155,-3.0860293,-4.0698247,-4.0698237,-4.121723,-3.7316375,-4.8952823,-4.2902465,-4.2648244,-5.0998526,-4.966061,-4.9660606,-4.9588127,-5.0614457,-5.037574,-3.96851,-4.4365373,-4.508764,-4.51964,-4.5196395,-4.2636285,-4.4564075,-4.108903,-4.7555885,-4.577524,-3.848135,-4.1942897,-4.1942897,-4.175417,-4.346099,-3.7673542,-4.3370047,-3.9536972,-4.839158,-4.3439007,-4.3439016,-4.2976704,-3.1957786,-3.943752,-3.8365946,-4.3763247,-4.3347945,-4.2609096,-4.26091,-4.1613545,-4.4516444,-4.626462,-4.2718143
CC(C)N(C(=O)CCl)c1ccccc1 ,-2.48,-2.35106,-3.1245484,-2.71518,-2.7151804,-2.701848,-3.0169737,-2.6482887,-2.3679872,-2.875098,-3.134972,-3.1561422,-3.1561415,-3.112934,-3.1753047,-3.1467762,-3.2263448,-2.7856395,-3.7237537,-3.4863155,-3.4863155,-3.4995213,-3.5418742,-3.2959304,-3.0717392,-2.3260608,-2.9118977,-3.2263026,-3.2263017,-2.8892438,-3.3624847,-3.9161572,-2.999978,-2.3500772,-3.0574508,-3.0512242,-3.0512242,-3.0193057,-3.161519,-2.9169009,-2.2996001,-2.562685,-2.6632907,-2.6152623,-2.615262,-2.2175493,-2.6534545,-2.1538103,-2.511102,-3.2580547,-2.7582486,-2.9999118,-2.999912,-2.970349,-2.3893619,-2.627661,-2.4101427,-2.0215735,-3.8545141,-3.3890655,-3.389066,-3.3767993,-2.3734865,-2.933485,-3.067168,-2.6611817,-2.7100246,-2.639815,-2.6398158,-2.6131423,-2.6974962,-2.7743993,-2.5260918
ClC(Cl)(Cl)Cl,-2.31,-2.0811453,-1.4743934,-3.1304476,-3.1304479,-3.1233957,-3.3398662,-2.9924545,-1.9402622,-2.442291,-1.4946651,-2.1421,-2.1421006,-2.1304305,-1.9648983,-2.1567886,-2.6230752,-2.2135532,-1.1157993,-1.06697,-1.0669702,-1.0698531,-1.2326144,-1.6945285,-2.0998862,-1.7489649,-1.5686941,-2.4466493,-2.44665,-2.668282,-3.0468779,-3.497089,-2.2738924,-2.5266013,-1.7651303,-1.7885598,-1.7885597,-1.7802396,-1.9499967,-1.7225373,-2.7550173,-2.498139,-1.1944551,-0.8997422,-0.89974225,-0.89846444,-0.9743201,-0.9036566,-2.6332414,-2.3723533,-1.0237315,-1.8283381,-1.8283383,-1.7362927,-2.5715353,-1.4163346,-2.2382379,-1.9930909,-2.39283,-2.2913208,-2.2913206,-2.2944071,-2.0298297,-2.366663,-2.1344898,-2.5017655,-2.527605,-2.6389587,-2.6389582,-2.6194398,-2.674556,-2.4476213,-2.4410312
CC34CCC1C(CCc2cc(O)ccc12)C3CCC4(O)C#C ,-4.3,-4.201692,-4.197333,-3.9438837,-3.9438844,-3.9465084,-4.3047137,-3.9897306,-3.7768655,-5.1721144,-4.672411,-4.5704327,-4.5704327,-4.481658,-4.9687223,-4.597847,-4.647204,-4.929433,-4.1014366,-3.9796898,-3.9796898,-3.9632971,-4.184655,-4.2813206,-4.0151615,-4.863372,-4.459735,-4.50121,-4.5012093,-3.8985088,-3.8885705,-5.005367,-4.6306233,-4.4531736,-3.9188845,-3.8917198,-3.8917198,-3.9240875,-4.0317707,-3.9946275,-3.8949678,-4.774466,-4.3233314,-3.5924273,-3.592427,-3.564066,-3.5074987,-3.7893584,-3.656199,-4.88844,-3.5295353,-4.581756,-4.5817556,-4.510799,-4.6871605,-4.051934,-4.240772,-4.4575667,-5.0534773,-4.8461413,-4.846142,-4.859419,-3.4216053,-4.6020613,-4.516853,-4.569224,-4.2811136,-4.4656677,-4.4656677,-4.3617597,-4.51438,-4.3523803,-4.411271
Oc1c(Br)cc(C#N)cc1Br ,-3.33,-4.8535223,-3.3198357,-3.4369264,-3.4369264,-3.4261994,-3.847683,-3.450604,-5.313945,-3.5757174,-3.9063442,-4.2082224,-4.208222,-4.205568,-4.141954,-4.2216477,-5.1103334,-3.2977757,-2.1428022,-2.0785086,-2.078508,-2.0850987,-1.9792894,-2.3933082,-2.4075863,-2.7574196,-2.6415484,-3.0388577,-3.0388563,-3.4597838,-3.6074793,-3.999331,-2.8222706,-3.076513,-2.1792338,-2.5230103,-2.5230103,-2.4691763,-2.7330039,-2.4213805,-2.8422892,-3.4136086,-2.9929223,-3.3431904,-3.3431911,-3.2970567,-3.3191297,-3.4798172,-4.1400695,-2.7825944,-0.5520763,-1.367926,-1.3679259,-1.3123754,-1.4626563,-0.97634584,-1.2598021,-3.1738153,-3.4770498,-3.203709,-3.2037091,-3.217332,-2.7662725,-3.362633,-3.0574849,-3.3800602,-2.571785,-2.6579325,-2.657933,-2.6796753,-2.796211,-2.841573,-2.7968538
CCCOC,-0.39,-1.1522088,-1.6497321,-1.2107731,-1.2107732,-1.2231747,-1.4284455,-1.2360926,-0.64585704,-0.75256336,-0.6730765,-0.11204526,-0.112045206,-0.106757276,-0.13492064,-0.104045644,-0.9120524,-0.28921464,-1.1562965,-1.0966376,-1.0966375,-1.0989485,-1.0027902,-0.30827546,-0.3505816,0.24681029,-0.5547189,-0.33206177,-0.3320612,-0.4948659,-0.7350914,-1.1616935,-0.6540837,-0.07683684,-1.7179606,-1.5247141,-1.5247142,-1.5298213,-1.4786148,-1.5198488,-1.2482767,-0.041307032,-1.9206905,-1.7000507,-1.7000507,-1.6591792,-1.6978986,-1.6557872,-1.254812,-0.142798,-0.42089018,-0.4739861,-0.47398615,-0.45482633,-0.54245955,-0.22793831,-0.44413975,-0.46929565,-0.95661724,-0.7794547,-0.77945477,-0.777558,-0.4050068,-0.7821854,-0.8542566,-0.41013908,-0.5944869,-0.48553053,-0.48553047,-0.48353827,-0.45082873,-0.5063646,-0.7034007
ClCC(C)C,-2.0,-1.0298073,-1.5692422,-0.98065007,-0.9806501,-0.9879022,-1.1875027,-1.0134853,-0.69819534,-1.790878,-0.7149047,-1.0861856,-1.0861853,-1.0888724,-1.0128272,-1.0666344,-1.1270014,-2.5068104,-1.2632014,-1.3530995,-1.3530996,-1.3553753,-1.298154,-1.7656473,-1.687792,-1.102183,-1.5029615,-1.5813713,-1.5813714,-1.7317846,-2.0153983,-2.6516516,-1.5045674,-1.9619467,-1.7864258,-1.4469821,-1.4469821,-1.4652911,-1.4223367,-1.6638789,-1.7812833,-1.4109617,-1.3398471,-1.1121783,-1.1121783,-1.1098193,-1.1312307,-1.1427082,-1.625054,-2.129314,-1.9600173,-1.7664982,-1.766498,-1.747172,-2.4397407,-1.6085533,-2.129026,-1.7920878,-1.5793872,-1.5883149,-1.5883151,-1.5851765,-1.1775727,-2.134445,-1.355263,-2.1235957,-2.1018567,-2.1000621,-2.1000621,-2.0957778,-2.0834377,-2.1119134,-1.922244
CCCCCCCCCCCCO,-4.8,-4.817461,-4.1319394,-4.0351834,-4.0351834,-4.027405,-4.482245,-4.067376,-3.299052,-5.2773676,-4.0928507,-5.3488026,-5.3488035,-5.3207116,-5.823197,-5.356531,-4.410157,-4.964483,-3.7950594,-3.5342968,-3.5342968,-3.543372,-3.4593432,-4.1504827,-4.278875,-4.431491,-4.8063793,-5.723321,-5.7233214,-5.0806384,-5.2124286,-5.883187,-5.6959977,-4.3799334,-3.9598022,-3.9134989,-3.913499,-4.0043135,-4.178425,-4.1317577,-4.6137342,-4.9462137,-5.122047,-5.135751,-5.135751,-5.091828,-5.0848837,-5.0883603,-5.2202334,-5.014253,-4.7567177,-5.185333,-5.185333,-5.3649116,-4.57809,-4.989286,-4.9963036,-4.6676345,-4.3823347,-4.4577813,-4.4577813,-4.396695,-3.1911874,-4.70955,-4.3266153,-4.772119,-4.8253407,-4.9141226,-4.914123,-4.889304,-5.034882,-4.9710355,-4.8499994
Cc1ccccc1n3c(C)nc2ccccc2c3=O,-2.925,-3.1933105,-3.5370138,-3.2163153,-3.2163155,-3.218248,-3.5317981,-3.2531178,-2.83036,-3.816066,-4.141781,-3.7330525,-3.7330518,-3.6980011,-4.104943,-3.7556903,-4.1214147,-2.8390052,-4.5529985,-4.3338737,-4.3338733,-4.3313093,-4.444975,-3.5800662,-3.5289297,-2.82055,-3.8066986,-3.7428215,-3.742822,-3.7779815,-4.135055,-4.365729,-3.2949903,-2.8280463,-3.4743521,-3.3527303,-3.3527305,-3.374354,-3.4384935,-3.424748,-2.2872987,-3.2126102,-3.5696902,-3.3359463,-3.3359458,-3.3301263,-3.349111,-3.4820414,-3.5697072,-3.2016723,-3.6794055,-3.9974577,-3.9974587,-3.9985242,-4.1418,-3.668718,-3.7108037,-2.9841285,-4.153578,-4.0047684,-4.0047693,-4.0172443,-2.8844237,-3.5783257,-3.7155888,-2.9667587,-2.919407,-3.0016968,-3.0016978,-2.9412348,-3.0679047,-3.0938838,-2.9380398
CCN(Cc1c(F)cccc1Cl)c2c(cc(cc2N(=O)=O)C(F)(F)F)N(=O)=O,-6.78,-6.1712313,-5.797495,-5.5843387,-5.5843387,-5.5768137,-5.8960123,-5.5652523,-5.7537417,-6.6354766,-2.7081904,-4.984563,-4.9845624,-4.9179864,-5.3111224,-5.0089397,-5.1539354,-6.6831107,-5.5802407,-5.1213803,-5.1213803,-5.1008987,-5.7460194,-5.871023,-6.2643085,-6.4216027,-6.5812826,-6.6359687,-6.63597,-6.588343,-6.859634,-7.047503,-5.932983,-6.1076355,-4.792714,-4.8258667,-4.8258667,-4.7666235,-5.072372,-4.682508,-4.3951116,-5.093388,-4.170234,-4.5938683,-4.5938683,-4.5093493,-4.470844,-4.338152,-4.769627,-5.9446,-3.4164684,-3.9638507,-3.9638507,-3.9167087,-3.6892335,-3.6963665,-4.2886605,-6.2910414,-5.534438,-6.591001,-6.591001,-6.58252,-5.7299423,-6.492871,-6.4725213,-6.740496,-6.675008,-6.8307543,-6.830756,-6.802563,-7.0508246,-7.054238,-6.7317147
Cc1cccc(c1)N(=O)=O,-2.44,-1.8884748,-2.3617494,-2.1556747,-2.1556747,-2.159191,-2.3645327,-2.1825595,-1.8226831,-1.9831909,-1.5577556,-1.1131102,-1.1131101,-1.1261128,-1.1404738,-1.1130888,-1.5047826,-2.622101,-1.8840556,-2.0259898,-2.02599,-2.0316296,-1.9440167,-2.292376,-2.347165,-1.7961233,-2.1004484,-2.2067282,-2.2067268,-2.382482,-2.8781657,-3.1434948,-2.2071967,-2.140903,-1.8270557,-1.4469877,-1.4469879,-1.4584204,-1.5333596,-1.4024947,-1.3588579,-2.008206,-2.2569518,-2.2789512,-2.2789512,-2.2607067,-2.2856677,-2.32107,-2.131319,-2.6322808,-1.9761227,-2.5935252,-2.5935254,-2.5348618,-2.4023552,-2.1769044,-2.5587125,-2.2764168,-1.8891163,-1.4516467,-1.4516468,-1.4544715,-0.91919607,-1.9430691,-1.4085691,-2.4078898,-2.424067,-2.5079858,-2.5079858,-2.4687078,-2.4658887,-2.5224745,-2.5096416
CCCO,0.62,-0.7671446,-1.2380105,-0.54523,-0.5452299,-0.54161745,-0.7388918,-0.5302861,-0.36179194,0.33682886,-0.3483234,0.07682833,0.076828435,0.07679888,-0.072765194,0.091704875,-0.6976557,0.32931072,-0.9678588,-0.8832867,-0.8832868,-0.88478726,-0.7853145,0.23414071,0.074987814,1.0585409,-0.59979236,-0.10971866,-0.109717585,-0.31853992,-0.6679473,-0.8834224,-0.6376091,1.123138,-1.4461554,-0.9721926,-0.9721926,-0.9698335,-0.92784494,-0.9252656,-0.7751674,-0.05053724,-1.4331541,-1.1085594,-1.1085595,-1.1413034,-1.0471344,-1.1775913,-0.6343395,0.53636503,-0.20862776,-0.2703684,-0.27036852,-0.2512649,0.7335401,-0.030061109,-0.023792172,0.46535507,0.38812685,0.64040136,0.64040136,0.67682743,0.91095436,1.0660764,0.3593114,0.6048957,0.45376346,0.5677666,0.5677668,0.5254599,0.48492435,0.5896532,0.3117267
OCC2OC(Oc1ccccc1CO)C(O)C(O)C2O,-0.85,-3.625829,-4.2791553,-3.967559,-3.9675586,-3.9639328,-4.2515817,-3.9919958,-3.3390088,-1.038901,-1.9828873,-1.7804713,-1.7804718,-1.7525959,-1.9232044,-1.7797849,-2.0201762,-0.7353201,-2.7561839,-2.0137932,-2.0137935,-2.0211859,-2.435167,-0.5239672,-0.06532863,-0.648606,-1.3256936,-0.70795274,-0.7079497,-1.4588068,-1.3649961,-1.6679058,-1.3986621,-1.5739743,-3.8747077,-3.8486807,-3.848681,-3.8237507,-3.9148622,-3.7584355,-3.7484562,-3.1127477,-3.381992,-3.3950155,-3.3950152,-3.0968754,-3.4386904,-3.153091,-3.51901,-1.1318138,-1.2551848,-1.8400413,-1.8400412,-1.8208584,-2.0023286,-1.5807784,-1.6982598,-0.7122071,-2.078297,-2.0815208,-2.0815213,-2.0008957,-1.1851634,-1.5223917,-1.8133047,-0.85486543,-0.8389179,-0.50994134,-0.50994027,-0.36328703,-1.1982573,-1.3356744,-2.9261932
CCCOC(C)C,-1.34,-2.213756,-2.2018604,-1.7519437,-1.7519433,-1.7587336,-1.9730452,-1.763643,-1.0726253,-1.5747633,-1.063896,-1.9654891,-1.9654891,-1.9804074,-1.8019998,-1.9379729,-1.5531569,-1.6846424,-1.8989224,-1.895924,-1.895924,-1.900954,-1.7913884,-1.8300878,-1.8204896,-0.928312,-1.1533184,-1.5014609,-1.5014601,-1.4463704,-1.6806332,-2.333093,-1.2915918,-1.6497164,-2.035533,-1.7990214,-1.7990215,-1.8507484,-1.8465031,-1.8347065,-1.3824735,-1.8538551,-2.23851,-1.9346226,-1.9346228,-1.913787,-1.9741344,-1.9949198,-1.7906271,-1.6410277,-1.2258455,-1.2664291,-1.2664292,-1.237879,-1.634701,-0.96271354,-1.2481031,-1.5227149,-2.5453892,-2.5425665,-2.5425668,-2.5346577,-1.6679622,-2.103765,-2.1598895,-1.2823713,-1.1019384,-1.0230893,-1.0230894,-1.1404663,-1.0807016,-1.1315053,-0.77524436
CCCCc1c(C)nc(nc1O)N(C)C ,-2.24,-3.1420734,-3.511099,-3.1722963,-3.1722963,-3.1704087,-3.4410362,-3.1646857,-2.317657,-3.097396,-3.5146434,-3.0385587,-3.0385587,-2.9748037,-3.3103256,-3.0183742,-2.9446685,-2.3706887,-3.8504972,-3.58879,-3.5887895,-3.5928502,-3.5747678,-2.6772807,-2.6944058,-3.0792563,-2.3780198,-2.478342,-2.4783416,-2.4593453,-2.7075808,-3.1605883,-2.4237154,-2.1216922,-3.3512123,-3.206509,-3.2065086,-3.2290013,-3.3519473,-3.224067,-2.4974978,-3.3610034,-4.0565925,-4.347665,-4.347665,-3.8633409,-4.338276,-3.4255488,-4.8261275,-3.730667,-3.0795164,-3.7705505,-3.7705505,-3.7529511,-3.88811,-3.4573562,-3.5397952,-1.9875469,-3.147403,-2.9506109,-2.950611,-2.8982894,-2.0342546,-2.4645352,-2.7441761,-2.2736516,-2.2221107,-2.3482425,-2.3482423,-2.207151,-2.3083258,-2.3312025,-2.4109015
Clc1ccc(Cl)c(c1)c2c(Cl)c(Cl)c(Cl)c(Cl)c2Cl,-8.94,-8.576395,-5.0601892,-5.132593,-5.132593,-5.129547,-5.4384646,-5.104096,-7.364579,-8.265656,-8.345808,-8.543345,-8.543344,-8.496079,-8.153268,-8.609014,-8.432971,-9.174126,-7.518972,-8.1627865,-8.162788,-8.189083,-8.184564,-8.052118,-8.560854,-8.575836,-7.853798,-8.772317,-8.772315,-9.059633,-9.077479,-9.47093,-8.494586,-8.579794,-4.4554343,-4.716979,-4.716979,-4.6789627,-4.892805,-5.4154353,-7.189513,-8.773079,-3.1929262,-2.9837544,-2.9837542,-2.963553,-3.044258,-3.089105,-3.3341577,-9.112204,-5.7047167,-6.498492,-6.498492,-6.4734178,-8.379433,-6.082909,-7.761597,-8.299541,-9.447443,-8.457215,-8.457216,-8.448904,-7.8047233,-9.173971,-8.583976,-9.026156,-9.650509,-9.666883,-9.666883,-9.642336,-9.6648855,-9.635858,-9.161581
OC1CCCCCC1,-0.88,-1.9445686,-1.9463899,-1.3079801,-1.3079803,-1.3067585,-1.5114466,-1.3168805,-1.0850227,-0.8400895,-1.6593504,-2.2750454,-2.2750456,-2.2704394,-2.3088002,-2.2738302,-2.0586622,-1.3791124,-1.8070176,-1.7908767,-1.7908766,-1.7959163,-1.7082573,-1.3680062,-1.4999583,-0.8982178,-1.201206,-1.7914226,-1.7914215,-1.5998017,-1.9152529,-2.3976915,-1.56639,-0.7298111,-1.7232797,-1.4685694,-1.4685694,-1.4621143,-1.5964383,-1.3778043,-1.0803208,-1.6081245,-2.2387152,-2.4573815,-2.4573815,-2.4017797,-2.396963,-2.426953,-2.2523398,-0.9032214,-1.4680756,-1.6916901,-1.6916901,-1.6521046,-0.5922362,-1.3316182,-1.017264,-0.7934722,-2.8112965,-2.5812666,-2.5812669,-2.5318396,-2.0596037,-1.8172665,-2.2134855,-0.544143,-0.3258072,-0.24772936,-0.24772926,-0.2513475,-0.3094001,-0.1677315,0.27038664
COC(=O)c1ccccc1OC2OC(COC3OCC(O)C(O)C3O)C(O)C(O)C2O,-0.742,-4.9599814,-7.0882225,-6.377247,-6.3772473,-6.38627,-6.684708,-6.433994,-5.115294,-1.373143,-3.3936565,-2.4402535,-2.4402537,-2.507118,-2.997107,-2.3914487,-2.8924725,-0.7628524,-3.4225054,-2.56651,-2.5665104,-2.5060604,-2.8832152,-1.0367143,-0.587498,-0.77087027,-1.2500658,-1.1574727,-1.157469,-2.0226862,-1.8555386,-1.9688327,-1.8025743,-3.796184,-6.481889,-6.160244,-6.160244,-6.059923,-6.26936,-5.963598,-5.0038176,-3.335214,-5.8699107,-5.8661737,-5.8661737,-5.9056644,-5.656605,-5.727672,-5.417976,-0.9628545,-3.2940214,-3.3557615,-3.355762,-3.446996,-1.9391893,-3.2156026,-1.634371,-0.5561081,-4.218733,-3.5558155,-3.5558162,-3.4858809,-2.8390784,-2.381133,-3.4712217,-0.76099646,-0.7314261,-0.670659,-0.67065877,-0.58482015,-0.76096183,-1.0000055,-0.7425144
CC(C)Nc1nc(Cl)nc(NC(C)C)n1,-4.43,-3.4904537,-3.9139807,-3.504868,-3.504868,-3.5029073,-3.7515278,-3.5156415,-2.6478746,-3.7533917,-2.8305802,-2.2425857,-2.2425864,-2.125858,-2.5897312,-2.2608,-2.6861696,-3.952504,-4.0924783,-3.8333375,-3.8333366,-3.8664832,-3.8327038,-3.3352547,-3.1240783,-4.135221,-2.5913105,-2.7973273,-2.7973256,-3.500797,-3.141694,-4.210273,-2.7739782,-4.0913324,-4.0824533,-3.973285,-3.973285,-3.8772469,-4.0766153,-3.9367878,-3.1192627,-4.6002374,-3.6649432,-3.7980406,-3.7980404,-3.6351962,-3.8095503,-3.6028259,-4.010697,-3.6450005,-3.0541365,-3.4561913,-3.4561913,-3.4143245,-3.8907058,-3.0658395,-3.6347067,-4.0557675,-4.1250668,-3.6540105,-3.6540103,-3.6865165,-2.7070327,-3.6975818,-3.6050901,-4.383395,-4.2383833,-4.32073,-4.320731,-4.219605,-4.4239078,-4.423164,-4.4151835
COc1nc(NC(C)C)nc(NC(C)C)n1,-2.478,-3.4173806,-3.9513512,-3.5837991,-3.583799,-3.5716805,-3.8223906,-3.5565095,-2.8319461,-3.194545,-2.1849806,-2.368869,-2.3688693,-2.3444812,-2.847037,-2.3727536,-2.672693,-2.5554152,-3.795966,-3.4212623,-3.4212623,-3.4207246,-3.491927,-2.3503458,-2.2055933,-3.005878,-1.7657808,-2.2184784,-2.2184768,-2.4575703,-2.277089,-3.2481117,-1.8890764,-3.1362417,-3.8920968,-3.7870307,-3.7870305,-3.705748,-3.8657777,-3.6836765,-2.364035,-3.347981,-3.7373095,-4.0662146,-4.0662146,-3.7983546,-4.1155977,-3.7641163,-4.274797,-3.1103878,-2.9732788,-3.5872986,-3.5872989,-3.560712,-3.845035,-3.2790978,-3.446545,-2.491016,-2.683648,-2.3627117,-2.3627121,-2.3963082,-1.7630328,-1.7487936,-2.1152892,-2.3737473,-2.6466436,-2.6516695,-2.6516693,-2.536636,-2.5437262,-2.7297797,-2.5525537
Clc1ccc(Cl)c(Cl)c1Cl,-4.57,-3.499796,-2.793728,-2.817251,-2.8172512,-2.8122663,-3.141933,-2.8370962,-3.3891842,-4.724502,-3.6016617,-4.1274977,-4.127498,-4.132897,-4.076941,-4.129671,-4.667611,-5.027591,-2.8740509,-2.9875264,-2.9875262,-2.9959307,-2.9974198,-4.714891,-4.6428456,-4.653356,-4.3019347,-4.790722,-4.7907243,-5.089744,-5.134718,-5.77592,-4.3583946,-4.5511947,-3.4717731,-3.528129,-3.528129,-3.499924,-4.012375,-3.38311,-4.603942,-4.107722,-2.5728605,-2.9174635,-2.9174633,-2.8684137,-2.8849454,-3.0467966,-3.2578948,-4.9739017,-2.9985747,-3.171065,-3.1710649,-3.165328,-5.5478973,-2.9691813,-4.949916,-4.4860153,-5.034657,-4.425411,-4.4254117,-4.4262075,-4.1254053,-4.675298,-4.9171295,-5.57038,-5.566025,-5.6503525,-5.6503525,-5.6353936,-5.627073,-5.615335,-5.8011155
CC(=O)Nc1ccc(cc1)N(=O)=O,-2.692,-2.6796284,-2.9526908,-2.979423,-2.9794228,-2.9955883,-3.4014473,-3.0535479,-2.622797,-2.3730474,-1.3763967,-1.9876417,-1.987642,-1.9649435,-1.7849941,-1.9911002,-1.5640286,-2.8125658,-2.7730165,-2.7472985,-2.7472987,-2.7567444,-2.7159336,-2.793976,-2.82039,-2.450706,-1.9801655,-2.2107575,-2.2107563,-2.6393697,-2.8572295,-3.1641831,-2.2763302,-2.349589,-2.428139,-2.3247921,-2.3247921,-2.4017677,-2.532354,-2.4520912,-2.6615171,-2.6251216,-3.789366,-4.114067,-4.114067,-4.1147118,-4.032109,-3.9009256,-3.0628567,-2.8870876,-2.6352868,-2.9082625,-2.9082625,-2.8622022,-2.4989688,-2.4765306,-2.4113014,-2.4935596,-2.6905198,-2.1987433,-2.1987443,-2.1950233,-1.4479054,-2.202147,-2.105676,-2.6758742,-2.67292,-2.7241702,-2.7241707,-2.736704,-2.777116,-2.7887952,-2.7511852
CCCC(O)CCC,-1.4,-2.7154648,-2.3973982,-1.9172046,-1.9172046,-1.8894933,-2.1350875,-1.8223537,-1.3280823,-1.2558514,-1.5258651,-2.0108643,-2.0108645,-1.9941067,-1.916669,-1.985115,-1.9884447,-1.4539794,-2.1283648,-2.0879393,-2.0879393,-2.1085773,-2.0207822,-1.6524354,-1.7415631,-1.1063144,-2.0429776,-2.3468688,-2.3468678,-2.0998952,-2.3738708,-2.8285859,-2.0890167,-1.6405201,-2.3382607,-2.2292414,-2.2292416,-2.2189033,-2.3008249,-2.1683645,-1.6685842,-1.4946349,-2.8067613,-2.7977445,-2.7977443,-2.4247768,-2.7918277,-2.1982167,-2.8807971,-1.5907505,-1.8435105,-2.0842736,-2.0842736,-2.0623214,-1.3953979,-1.7931603,-1.6378732,-1.4495087,-2.0962334,-1.8791481,-1.8791488,-1.8258519,-1.0079441,-1.7278981,-1.7303284,-1.3283195,-1.4864863,-1.4687896,-1.4687897,-1.4631351,-1.4022732,-1.589415,-1.6045375
CCOP(=S)(OCC)SCSP(=S)(OCC)OCC,-5.54,-4.4784617,-5.305948,-5.0198774,-5.0198774,-5.023026,-5.3275943,-5.018579,-4.29979,-5.600872,-5.161737,-5.0653257,-5.065326,-5.0479116,-5.552445,-5.074491,-5.4558854,-5.3230634,-5.3131404,-4.987134,-4.987134,-4.9127393,-5.2857113,-5.179434,-4.987334,-5.01905,-4.085644,-4.768667,-4.7686667,-4.4161954,-4.8450274,-5.64099,-4.279655,-5.7337027,-5.351251,-4.966056,-4.9660554,-4.894644,-5.1237507,-4.849091,-4.036854,-5.014644,-4.825937,-5.1561933,-5.156193,-5.0890713,-5.0557733,-5.1493616,-4.760394,-5.192655,-5.564004,-5.8298926,-5.829892,-5.8957114,-5.5235744,-5.7991657,-5.269813,-4.8780723,-5.712886,-5.324882,-5.3248816,-5.27417,-4.3473163,-4.9619565,-5.8594294,-5.6252375,-5.591969,-5.6673813,-5.667382,-5.746091,-5.892089,-5.6080723,-5.7648754
CC(C)CC(C)(C)O,-0.92,-2.0495064,-2.099937,-1.6413312,-1.641331,-1.6400766,-1.9268976,-1.6108567,-1.0046686,-0.86730874,-1.2496374,-1.5594871,-1.5594876,-1.5550724,-1.4375134,-1.5571928,-1.6073287,-1.17861,-2.155601,-2.1938386,-2.1938386,-2.20947,-2.1315656,-1.9603326,-2.1684916,-0.93743104,-1.6690874,-2.007427,-2.0074267,-1.7556952,-2.1987267,-2.5347655,-1.809123,-2.0630186,-2.0941691,-1.9319054,-1.9319052,-1.9581112,-1.9773988,-1.9243069,-1.8024635,-1.116736,-2.12582,-2.1836953,-2.1836953,-2.170573,-2.111749,-2.2037811,-1.6521568,-1.2208247,-1.8083602,-1.9997853,-1.9997857,-1.9585556,-1.0336841,-1.6257235,-1.3134767,-0.87525165,-1.8219258,-1.6755205,-1.6755209,-1.6098853,-1.0143297,-1.305298,-1.634492,-0.89391965,-0.5778467,-0.607112,-0.607112,-0.5869622,-0.7275739,-0.6411697,0.010592282
Oc1cc(Cl)c(Cl)cc1Cl,-2.21,-3.5218053,-2.7335842,-2.7422023,-2.742202,-2.7410023,-3.0719938,-2.7707152,-3.2179036,-2.9770186,-2.7019103,-3.3614917,-3.3614907,-3.371766,-3.2642522,-3.3544252,-3.2192838,-2.5803638,-2.6592093,-2.6746104,-2.6746106,-2.6839814,-2.6896093,-3.0879254,-2.7825065,-1.1659447,-2.849832,-3.0866716,-3.0866706,-3.4918115,-3.5882375,-3.991015,-2.745645,-2.924895,-2.0408008,-2.369604,-2.3696043,-2.3071156,-2.4676244,-2.2744763,-2.9771063,-2.2147255,-2.8771544,-3.0852017,-3.0852017,-3.0825214,-3.082498,-3.1893687,-2.9795935,-2.2763991,-0.3443779,-1.112496,-1.1124958,-1.0636169,-1.2073355,-0.7470339,-1.0145324,-2.2601948,-3.3109598,-2.9540317,-2.9540315,-2.9629471,-2.6040268,-3.2139068,-2.3160636,-2.170648,-3.8149881,-3.8808384,-3.880838,-3.87384,-3.669154,-3.8388526,-3.388361
CC12CCC(CC1)C(C)(C)O2,-1.74,-1.9059776,-2.1842813,-2.2873309,-2.2873304,-2.2672935,-2.759091,-2.1997323,-0.9993793,-2.4403594,-2.254366,-3.2455943,-3.2455945,-3.2376935,-3.2122884,-3.2563155,-2.5249848,-2.1584735,-3.2749178,-3.2728999,-3.2729,-3.281655,-3.1989212,-3.727029,-3.4384856,-1.3938723,-3.0848339,-3.294376,-3.294376,-2.9795976,-3.6121042,-3.8566296,-2.887447,-1.7767042,-2.7284076,-2.948206,-2.948206,-2.925407,-3.1385586,-2.9837275,-1.4660884,-1.4407076,-2.2213287,-2.3397024,-2.3397021,-2.3270717,-2.3393188,-2.3464296,-2.1240547,-1.904246,-1.5123986,-1.4568605,-1.4568605,-1.4222081,-1.8761449,-1.1312478,-1.4230821,-2.3829865,-4.5572405,-4.638216,-4.6382174,-4.6375003,-3.667624,-3.9863942,-3.9552116,-1.6611754,-1.3607568,-1.4136602,-1.4136603,-1.3763314,-1.3825719,-1.4629924,-1.5141131
Oc1c(Cl)cccc1Cl,-1.79,-2.3316855,-2.41289,-2.319771,-2.3197708,-2.3205638,-2.5742245,-2.3424115,-2.104631,-1.9861463,-2.0440223,-2.0483837,-2.048384,-2.0591831,-1.9911352,-2.0370479,-2.09432,-1.7293079,-2.2021756,-2.1891696,-2.1891701,-2.1960573,-2.255557,-2.2963448,-1.7314101,-1.1178275,-2.2705235,-2.361582,-2.3615823,-2.7417119,-2.973358,-3.2486165,-2.250771,-1.9818316,-1.8478603,-2.2138038,-2.2138038,-2.1385775,-2.2581213,-2.1009002,-1.9934026,-1.0313423,-2.0706553,-2.0819747,-2.0819747,-2.0682251,-2.0866714,-2.1433787,-1.8422819,-1.9910094,-0.29639682,-1.0667363,-1.0667366,-1.022592,-1.2358254,-0.71833795,-1.0254042,-1.574115,-1.5959567,-1.5035455,-1.5035455,-1.4930606,-1.2609528,-1.5699174,-1.1436951,-1.7156979,-1.9497881,-1.9888092,-1.9888093,-1.9333668,-2.0431128,-1.8791183,-1.8905933
CCCC1CCCC1,-4.74,-2.4404347,-2.1853142,-1.7314817,-1.7314818,-1.7369386,-1.9757782,-1.749233,-1.2461234,-4.2929873,-1.7041427,-3.3371184,-3.3371189,-3.3401337,-3.0155087,-3.338299,-2.2572207,-5.184727,-2.3540907,-2.3947928,-2.3947928,-2.4081347,-2.3566093,-3.3691044,-3.2862759,-3.5440648,-2.9894514,-3.694002,-3.6940029,-3.4825375,-3.5579386,-4.5295196,-3.2251854,-4.8064566,-2.0778239,-1.9388367,-1.9388367,-1.9887515,-1.9872204,-1.9837174,-1.7388513,-3.5251217,-2.291057,-1.7677077,-1.7677076,-1.7662839,-1.8256426,-1.8938646,-1.7389385,-4.820653,-3.8871474,-4.009287,-4.009287,-3.9488385,-4.696796,-3.7746449,-3.8171427,-4.8856487,-4.172727,-4.394877,-4.394878,-4.394817,-3.2768393,-4.8892493,-3.9754877,-4.3248696,-2.666862,-2.7733395,-2.7733397,-2.6726124,-2.8782485,-2.5410335,-3.690523
CCCN(=O)=O,-0.8,-1.2095131,-1.6131659,-1.0484483,-1.0484483,-1.0531147,-1.2564938,-1.0452771,-0.7601587,-0.38646898,-0.4262448,-0.038058788,-0.038058765,-0.045846857,-0.1358916,-0.035541862,-0.6515777,-0.7409152,-1.259084,-1.2999289,-1.2999289,-1.3026083,-1.2783955,-1.1828691,-1.1959054,0.15019816,-0.7912726,-0.6462763,-0.6462756,-0.7462288,-1.2537754,-1.4951872,-0.9246548,-0.6859124,-1.8148268,-1.5529789,-1.5529788,-1.4976668,-1.7089728,-1.2547803,-1.3511913,-0.4914232,-1.6808352,-1.4882505,-1.4882503,-1.5023197,-1.4742041,-1.568778,-1.0241536,-0.68194085,-0.75649995,-0.72111964,-0.72111964,-0.857835,-0.41269827,-0.73672277,-0.1872678,-0.63402987,-1.1028062,-0.6954601,-0.69546014,-0.71605414,-0.44703382,-0.61531514,-0.6902546,-0.80075073,-0.79400253,-0.72983605,-0.729836,-0.7231094,-0.8050286,-0.65879184,-0.57975835
CC(C)C(C)(C)C,-4.36,-1.3644234,-1.8016896,-1.4608505,-1.4608505,-1.4500712,-1.80074,-1.39724,-0.87736624,-3.9387767,-1.7946124,-2.5643342,-2.5643344,-2.560923,-2.647263,-2.5517962,-2.4560738,-5.0186696,-2.006826,-2.1250808,-2.1250808,-2.1292531,-2.0436969,-2.8942046,-3.04407,-3.3965518,-2.3247907,-3.074726,-3.0747275,-3.129938,-3.2350395,-3.8836856,-2.9539135,-4.400043,-2.4493046,-2.4375339,-2.437534,-2.4361916,-2.3783586,-2.5449412,-2.748071,-4.0116124,-1.7088971,-1.6041353,-1.6041352,-1.603434,-1.6020184,-1.6200688,-1.4356649,-4.372609,-3.752288,-3.38469,-3.38469,-3.3909595,-3.7498765,-3.383091,-2.9678137,-4.387429,-3.3343668,-3.3565602,-3.3565602,-3.372834,-2.5607157,-3.6213303,-2.9317567,-2.9509609,-2.2697425,-2.4326699,-2.4326704,-2.3158035,-2.5070841,-2.0942955,-2.59653
COP(=S)(OC)Oc1cc(Cl)c(Br)cc1Cl,-6.09,-4.808157,-4.480842,-4.135373,-4.135373,-4.1159234,-4.4839168,-4.047033,-3.9026885,-6.0251265,-5.0962605,-4.972389,-4.972389,-4.9566054,-5.070314,-4.941275,-4.9429893,-5.7915244,-4.887755,-4.321007,-4.3210073,-4.3824425,-4.3921146,-4.886791,-5.436515,-6.208133,-4.9735117,-5.4558597,-5.455859,-5.9668627,-5.862896,-6.3749046,-5.4252386,-5.279816,-3.6474955,-3.741643,-3.7416427,-3.7448921,-3.7625601,-3.716608,-4.4956837,-4.7372684,-3.4327903,-3.8176172,-3.8176174,-3.6879935,-3.803802,-3.7170703,-4.511254,-5.146875,-2.495419,-2.965975,-2.9659753,-2.945054,-2.6056504,-2.6988173,-2.4935968,-5.926259,-5.7186594,-5.5197177,-5.519718,-5.555455,-4.76005,-5.7319093,-5.581883,-6.114276,-5.916357,-6.050634,-6.0506344,-6.0746226,-6.2282434,-6.2118745,-6.142427
OCC1OC(O)C(O)C(O)C1O,0.74,-1.752669,-2.5327868,-2.1073964,-2.1073966,-2.101143,-2.3412304,-2.0776224,-1.7296182,0.044618588,-0.88318026,-0.5143723,-0.51437205,-0.517541,-0.5878907,-0.51791555,-1.344363,0.5561093,-1.5383599,-1.1728622,-1.1728623,-1.1827645,-1.1004027,0.46375108,0.74506557,0.6443882,-0.21950701,0.89854515,0.89854795,0.17967701,0.45375416,0.31442076,-0.33921254,0.15556362,-2.1055057,-2.0243893,-2.024389,-2.016543,-2.1605027,-1.9449176,-1.7471055,-0.9181989,-2.4047422,-2.6128383,-2.6128383,-2.560719,-2.5859067,-2.5605915,-2.5210083,0.26332983,-0.54701954,-0.62979186,-0.629792,-0.5966971,-0.22994685,-0.35729322,-0.23419969,0.4734742,-0.8777737,-0.58817947,-0.5881797,-0.5784734,0.15263805,-0.23015545,-0.5984821,0.70566297,-0.59421664,-0.11679627,-0.11679606,-0.05895386,0.08341826,-0.08545529,0.16776276
CCC(O)C(C)C,-0.7,-2.2357233,-1.9743488,-1.3582711,-1.3582714,-1.3469524,-1.5635886,-1.2802191,-1.0231717,-0.5133679,-1.301569,-1.3959732,-1.395973,-1.3929461,-1.3868114,-1.3879855,-1.7136967,-0.86151284,-1.6772398,-1.6766416,-1.6766417,-1.6859944,-1.5750515,-0.9789099,-1.1094922,-0.43559164,-1.3561692,-1.4420615,-1.4420607,-1.2162565,-1.620444,-2.216879,-1.4935943,-0.50242305,-1.8425903,-1.722304,-1.722304,-1.7274733,-1.8077384,-1.6733286,-1.2014792,-1.2048305,-2.002334,-2.0031412,-2.0031412,-1.9930398,-1.9602189,-2.029759,-1.5379022,-0.6870531,-1.3510277,-1.5596728,-1.559673,-1.5257375,-0.57857275,-1.2189714,-1.0157714,-0.6852801,-1.4525298,-1.2993456,-1.2993461,-1.1512967,-0.7662582,-0.82906526,-1.3294729,-0.3053057,0.2816952,0.07868372,0.07868375,0.0044093207,-0.12067511,0.008955477,-0.06480385
CCOC=O,0.15,-0.9707033,-1.5358901,-0.8913873,-0.89138734,-0.8900327,-1.009277,-0.8765891,-0.43736875,0.10879344,-0.3442297,0.4092725,0.40927273,0.40289983,0.32304338,0.4163357,-0.5003824,0.274419,-0.9027472,-0.79735845,-0.79735845,-0.7986148,-0.719587,0.09524285,-0.06832094,1.0586708,-0.44678634,-0.15760277,-0.1576021,-0.43839493,-0.66674507,-1.0350899,-0.5787363,0.45992732,-1.6063781,-1.3485407,-1.3485405,-1.3646132,-1.3449845,-1.3684688,-1.1763356,0.3783769,-1.6977828,-0.91283935,-0.9128393,-0.92291105,-1.0046256,-0.9908533,-0.86893535,0.6418544,0.0621193,-0.18159397,-0.18159397,-0.15274203,0.0022742217,0.06251587,-0.17194644,0.15598401,-0.06246401,0.18099119,0.18099089,0.18036161,0.36298814,0.3854927,0.115530506,0.31107706,-0.013262786,0.030826192,0.03082626,-0.016613161,-0.01823156,-0.12744842,0.1706176
Clc1cc(Cl)c(Cl)c(Cl)c1,-4.63,-3.6190917,-2.988326,-3.1018596,-3.1018596,-3.0909498,-3.4514601,-3.1057885,-4.0506353,-5.0137568,-3.5127342,-4.1818037,-4.181804,-4.1856,-4.103561,-4.1796803,-4.760014,-5.263527,-3.0273116,-3.1251316,-3.1251316,-3.133843,-3.1305788,-4.9300776,-4.8674707,-4.4242435,-4.1526127,-4.71327,-4.7132716,-5.022969,-4.9742208,-5.6665945,-4.225455,-4.5130563,-2.8235385,-3.6277063,-3.627706,-3.5573456,-3.597679,-3.6170547,-4.400445,-4.3733687,-2.662549,-3.0475504,-3.04755,-3.0038414,-3.0217512,-3.1644702,-3.3424196,-5.0150323,-2.5348196,-2.7740026,-2.7740023,-2.7755532,-5.1058373,-2.5832474,-4.773651,-4.6614943,-5.069607,-4.4492097,-4.4492097,-4.4494915,-4.174841,-4.751266,-4.975314,-5.083169,-5.74666,-5.787588,-5.7875886,-5.782925,-5.793055,-5.804148,-5.691661
CCCCS,-2.18,-1.9767017,-1.7071395,-1.272861,-1.2728609,-1.2713706,-1.5367321,-1.2411203,-1.042076,-2.367758,-1.4919107,-1.5591898,-1.5591899,-1.5550979,-1.5289512,-1.5595789,-1.5939524,-2.0277739,-1.3299147,-1.4229332,-1.4229332,-1.4253345,-1.3765218,-2.0037172,-1.7678639,-1.1396788,-1.7199328,-1.7226088,-1.7226083,-1.9616561,-2.2679613,-2.7870708,-1.6192657,-2.3356724,-1.7984568,-1.6123981,-1.6123984,-1.6502098,-1.566254,-1.5577734,-1.6317762,-1.328803,-1.9397576,-1.663547,-1.6635469,-1.5821489,-1.6768159,-1.577935,-1.3725845,-2.1342416,-1.8965615,-1.9422718,-1.9422718,-1.9477466,-1.5225657,-1.689261,-1.6035116,-2.7803137,-1.8675045,-1.747759,-1.7477591,-1.7292941,-1.3095651,-2.2728798,-1.5424877,-2.1276944,-2.0128672,-1.9493076,-1.9493077,-1.8840877,-1.9217528,-2.00202,-2.258363
Cc3ccnc4N(C1CC1)c2ncccc2C(=O)Nc34 ,-3.19,-2.8958082,-4.070338,-3.7494502,-3.7494502,-3.7330375,-3.99352,-3.6896806,-2.7660837,-3.4972885,-3.8571565,-3.7707243,-3.7707245,-3.7598577,-3.924741,-3.7699587,-3.6233473,-3.886528,-4.6002,-4.3011303,-4.3011303,-4.3071065,-4.5180893,-3.9844887,-4.0624547,-3.4603877,-4.573124,-4.806738,-4.806738,-4.5452785,-4.863723,-5.4120126,-4.540496,-3.5246234,-3.8752997,-3.8637543,-3.8637543,-3.8135948,-3.971563,-3.7491055,-3.187957,-4.28224,-3.4009576,-3.8759382,-3.875938,-3.864735,-3.888466,-3.8472967,-4.409188,-4.0412545,-3.0024862,-3.247944,-3.2479439,-3.2209337,-3.1400213,-2.88555,-3.056484,-3.175174,-4.3770213,-3.975207,-3.9752076,-3.9706643,-2.9656835,-3.6098387,-3.6567936,-3.2409577,-3.3143678,-3.223653,-3.2236524,-3.2062964,-3.3232865,-3.3305647,-3.251186
CCc1cccc(C)c1N(C(C)COC)C(=O)CCl ,-2.73,-3.0518494,-4.0965877,-4.0359907,-4.0359907,-4.011011,-4.3579717,-3.6501145,-3.6025755,-2.6741805,-3.1519706,-2.9855883,-2.985588,-2.9681234,-3.206996,-2.960645,-2.5427196,-3.278508,-4.3684688,-3.7906194,-3.7906194,-3.8026743,-4.1075764,-3.337552,-3.1225238,-3.115741,-3.2922747,-3.7399192,-3.739919,-3.4921882,-3.520908,-4.1041503,-3.3677337,-3.4347756,-4.243732,-4.34548,-4.34548,-4.241711,-4.6759696,-4.0021358,-2.9812481,-3.4108996,-3.100986,-3.5398345,-3.5398345,-3.447042,-3.5429513,-3.4501364,-4.212521,-2.7683537,-3.045235,-3.2983043,-3.2983048,-3.255749,-2.9986072,-2.882096,-2.9323287,-2.723529,-3.94836,-3.7450736,-3.7450738,-3.7089968,-2.6240947,-3.6004028,-3.656213,-2.6867554,-3.3218422,-3.75828,-3.7582793,-3.6721961,-3.8011384,-4.3331833,-4.260826
C1CCOC1,0.49,-1.1713681,-1.3684552,-0.59180707,-0.59180725,-0.5789962,-0.746021,-0.535119,-0.6898021,-0.6616841,-0.584869,-0.81924176,-0.81924164,-0.8225335,-0.8900235,-0.8149652,-0.880632,0.43734783,-0.9472428,-0.83888847,-0.83888847,-0.8406511,-0.7664442,-0.10181252,-0.2298601,0.7952962,-0.518081,-0.53063077,-0.53063095,-0.7616317,-0.9198658,-1.4379164,-0.7634637,0.7007456,-2.47561,-1.2717468,-1.2717469,-1.2327038,-1.2497716,-1.1884516,-0.726072,-0.14216974,-1.4668423,-1.2700714,-1.2700715,-1.288514,-1.2474403,-1.3292303,-0.9568231,0.3823554,-0.13021868,-0.10983,-0.109829746,-0.09890034,0.244813,0.0917023,-0.06863203,0.020359278,-1.182466,-1.1381246,-1.1381252,-1.1278397,-0.7644198,-1.0361506,-0.9124334,0.5087252,-0.7630501,-0.5103265,-0.5103264,-0.61900157,-0.38539216,-0.90054613,-0.11485296
CC1CCCCC1,-3.85,-1.8204315,-1.853032,-1.171277,-1.171277,-1.1678149,-1.3255936,-1.1504824,-0.8724783,-3.4985473,-1.650752,-2.5735905,-2.5735908,-2.5675056,-2.469695,-2.5859659,-1.969765,-4.0127196,-2.0921767,-2.245533,-2.245533,-2.2682552,-2.1546853,-3.4978237,-3.5804863,-3.0981488,-2.6364744,-3.1218743,-3.1218746,-3.3449361,-3.3601754,-4.104463,-2.9540076,-3.9050045,-1.9974687,-1.9204693,-1.920469,-1.920918,-1.9775821,-2.2667515,-1.9560565,-2.7939427,-1.9364706,-1.8557994,-1.8557994,-1.8572015,-1.8139309,-1.9218222,-1.327168,-3.9322171,-3.5668836,-3.25832,-3.2583199,-3.276935,-3.8756747,-3.2530909,-2.957484,-3.9351325,-3.9235778,-3.92198,-3.9219804,-3.9262981,-3.2196083,-4.088688,-3.5191796,-2.9509609,-2.2697425,-2.4326699,-2.4326704,-2.3158035,-2.5070841,-2.0942955,-2.59653
C1(=O)NC(=O)NC(=O)C1(O)C2(O)C(=O)NC(=O)NC2(=O),-1.99,-3.223926,-3.4746187,-3.4979165,-3.4979165,-3.4753284,-3.8104844,-3.3920455,-3.4431982,-1.6822186,-0.55142176,-2.5079203,-2.50792,-2.5020978,-2.6420863,-2.426607,-1.1465563,-2.0268433,-3.909942,-2.9939194,-2.9939196,-3.0185585,-3.4216793,-0.7809717,-0.19038814,-1.9591583,-0.16035466,-0.6695123,-0.66950977,-2.314111,-0.74685013,-2.6435635,-0.83744025,-1.9867109,-3.3827045,-3.8433535,-3.8433533,-3.3430152,-4.2552676,-3.179997,-4.0831456,-2.372929,-2.442461,-2.6446211,-2.6446211,-2.612127,-2.6624722,-2.6673932,-2.776782,-2.0949845,-1.0267427,-0.9592015,-0.95920163,-0.99393296,-1.0564792,-0.97104686,-0.68962145,-1.4844649,-0.8075069,-1.6784574,-1.6784579,-1.610702,-0.0267388,-1.6727786,-0.37383503,-2.0585365,-0.43028492,-0.6190291,-0.619029,-0.5520896,-0.50765014,-0.45102313,-0.8088676
ICI,-2.34,-1.8845215,-1.1666098,-0.90721476,-0.90721464,-0.9206428,-1.1375455,-0.9444109,-1.1000879,-2.4050484,-2.629791,-2.108931,-2.1089308,-2.1052575,-2.050694,-2.098598,-2.6777992,-2.4435318,-2.0780973,-1.8981744,-1.8981745,-1.898139,-1.8510512,-3.2433953,-2.6059806,-1.9916149,0.19143423,-0.7067714,-0.70677054,-1.5248468,-1.1612368,-2.2525802,-0.3341667,-2.078221,-3.6999562,-3.7096298,-3.7096303,-3.8186183,-3.691282,-3.8208518,-1.7897197,-2.0462666,-1.3437719,-1.0868306,-1.0868306,-1.102482,-1.1653917,-1.1263444,-1.4114985,-2.180428,-1.8276188,-1.7365104,-1.7365103,-1.7350239,-2.0860605,-1.5903237,-1.8197308,-2.0475388,-2.2920063,-1.9830159,-1.983016,-1.9858314,-1.8125745,-2.1825657,-2.2785323,-1.9183085,-1.4675025,-1.539308,-1.5393082,-1.4664589,-1.6305666,-1.3104426,-2.2925794
CCCCCC,-3.84,-2.0330324,-1.9845524,-1.6827184,-1.6827185,-1.6868198,-1.9542558,-1.6870648,-1.2132983,-3.3420665,-1.3196913,-2.482818,-2.4828181,-2.4874566,-2.2456307,-2.472879,-1.8619398,-4.0456443,-1.7733186,-1.9078977,-1.9078977,-1.9127179,-1.814236,-2.887034,-2.473734,-3.0932972,-2.4933279,-2.8775256,-2.8775258,-3.2261083,-3.1642876,-3.92985,-2.5640688,-2.9685414,-2.9614613,-2.6646144,-2.664615,-2.0334606,-2.758209,-1.8902278,-1.9908329,-2.6017878,-2.5854247,-2.5206864,-2.5206866,-2.4253721,-2.508863,-2.5135374,-2.4117863,-4.164647,-3.7863824,-4.024382,-4.0243826,-4.048327,-4.831934,-3.9679973,-3.6848204,-3.8542855,-2.9816785,-3.012677,-3.0126777,-2.9682624,-2.145378,-3.527285,-2.7638395,-3.4385781,-3.06459,-3.2380884,-3.2380886,-3.237365,-3.3834167,-3.0084898,-3.4548447
ClCC#N,-0.092,-0.632449,-1.1244247,-0.5993815,-0.59938157,-0.61258286,-0.7158045,-0.6342049,-0.4280446,-0.47157845,-0.074915625,-0.75156355,-0.75156385,-0.7552331,-0.65694845,-0.74897885,-0.28675324,0.15788056,-0.85935754,-0.77088505,-0.77088505,-0.77132064,-0.7749655,-0.53873557,-0.8283251,0.7524353,-0.48855364,-0.4523691,-0.45237008,-0.7783716,-0.963844,-1.3944911,-0.6620826,0.021285007,-1.6625024,-1.3863194,-1.3863199,-1.4019792,-1.5112513,-1.4696938,-0.50565135,-0.24409387,-1.447954,-1.1782697,-1.1782699,-1.2183493,-1.2263985,-1.2555048,-0.70707643,-0.16743565,-0.67324704,-0.61221373,-0.61221397,-0.5887662,0.43572384,-0.35203105,-0.206675,0.037654478,-0.067061074,-0.16812313,-0.16812311,-0.17121626,0.040250592,-0.087511584,0.16486944,-0.079402976,-0.5446929,-0.45039478,-0.4503948,-0.4377174,-0.43785354,-0.42983133,-0.33501986
c1ccccc1NC(=O)c2c(O)cccc2,-3.59,-3.7338765,-3.4768655,-3.334339,-3.3343391,-3.3432672,-3.7103505,-3.3904233,-2.8061364,-3.2101846,-3.3431792,-2.7931006,-2.7931008,-2.786506,-3.1385627,-2.8370264,-3.0002553,-2.911204,-3.46806,-3.3151882,-3.3151882,-3.312289,-3.335265,-2.5414367,-2.333361,-2.8244007,-3.3298898,-3.33768,-3.3376794,-3.5941422,-3.9880884,-4.100971,-3.3308709,-3.3467147,-3.149276,-3.045908,-3.0459077,-3.0992908,-3.2150943,-3.1155028,-2.5403888,-3.9373703,-3.9710016,-4.0336413,-4.033642,-4.0087748,-4.0151772,-4.003722,-4.3235674,-3.6681018,-2.5252118,-3.3739054,-3.3739057,-3.3068826,-3.669456,-2.9451177,-3.2540534,-2.6564097,-2.2136455,-2.1814873,-2.1814876,-2.1034608,-1.2783732,-2.5777783,-1.8279277,-3.509589,-3.2517736,-2.583682,-2.5836823,-2.4997828,-3.1240425,-2.515547,-2.707236
OC3N=C(c1ccccc1)c2cc(Cl)ccc2NC3=O ,-3.952,-4.132424,-4.7896686,-4.410197,-4.410197,-4.384622,-4.693238,-4.3223743,-3.3948736,-3.6897132,-4.17069,-4.136363,-4.1363626,-4.1275935,-4.1285315,-4.121452,-3.6832948,-3.6571248,-4.833715,-4.4400787,-4.440079,-4.4468493,-4.762438,-3.6745915,-3.3592196,-3.1077335,-3.6940508,-3.7166305,-3.7166297,-4.147915,-4.2802453,-4.2874475,-3.6812427,-3.8170006,-3.8542132,-3.9332335,-3.9332337,-3.87296,-4.024249,-3.7909725,-3.7618985,-3.3110843,-3.064538,-2.993882,-2.9938815,-2.9182987,-3.0700178,-3.0316415,-3.2528994,-3.766943,-2.0806332,-2.3250124,-2.3250124,-2.3505828,-2.64402,-2.1105714,-2.3413439,-3.110121,-4.34179,-3.9196765,-3.919677,-3.895874,-2.833734,-3.7438896,-3.5827174,-4.0919647,-3.646805,-3.6633375,-3.6633384,-3.5076635,-3.2355812,-3.404403,-3.1946943
O=C2NC(=O)C1(CCCC1)C(=O)N2,-2.349,-1.745054,-2.4127588,-1.8970888,-1.8970888,-1.891009,-2.1397405,-1.8896539,-1.8031526,-2.4473515,-1.4703752,-1.5880861,-1.5880859,-1.5968729,-1.6003766,-1.5826735,-1.960704,-2.3532948,-2.9289923,-2.831271,-2.8312707,-2.8482208,-2.92582,-2.5168748,-2.1755958,-2.258899,-1.8473843,-2.0422368,-2.042236,-2.3819468,-2.6082394,-3.183731,-2.0293167,-2.2665381,-2.5090096,-2.7540236,-2.7540238,-2.55865,-2.8724935,-2.9276752,-2.1907983,-2.0281053,-1.9788499,-1.4627576,-1.4627573,-1.4691848,-1.5820415,-1.6036724,-1.3533273,-2.2164836,-1.3586956,-1.8426507,-1.8426508,-1.8421782,-1.8391806,-1.590438,-1.9563581,-2.3202915,-2.2766619,-1.8909091,-1.8909098,-1.8802371,-1.3128489,-1.8267591,-1.7414539,-2.1422305,-2.3118591,-2.3372738,-2.3372738,-2.3053882,-2.3582356,-2.3138926,-2.4253612
C=CCS(=O)SCC=C,-0.83,-2.5982413,-2.613553,-2.1515987,-2.151599,-2.111329,-2.354755,-1.9922736,-1.4551985,-2.0412793,-2.509822,-1.8386574,-1.8386576,-1.8124692,-1.8716303,-1.7721834,-2.4462807,-0.9728576,-2.1556735,-2.0118198,-2.0118198,-2.0234356,-1.9649225,-1.7425636,-1.7723008,-2.1306386,-1.035627,-1.7499208,-1.7499212,-1.8139268,-1.9234126,-2.8327854,-1.3945652,-1.3349874,-2.5404656,-2.406311,-2.4063115,-2.2979534,-2.5487063,-1.72147,-1.8610206,-1.6813015,-2.9571805,-3.2844732,-3.2844734,-2.936843,-3.271371,-2.7871459,-3.6752763,-1.2355307,-2.6584692,-2.79412,-2.79412,-2.6457293,-2.0010128,-2.335058,-2.306122,-1.404659,-2.6983893,-2.4052467,-2.4052472,-2.3973086,-1.6066067,-2.2094872,-2.285505,-0.8063256,-1.3777908,-1.4892694,-1.4892695,-1.4372016,-1.5096138,-1.3141041,-1.4147109
CC1=C(C(=O)Nc2ccccc2)S(=O)(=O)CCO1,-2.281,-3.536981,-3.8430545,-3.5861642,-3.586164,-3.5913162,-3.9152498,-3.6280253,-3.019445,-3.384063,-2.852201,-2.2760837,-2.276084,-2.263706,-2.5285566,-2.2853625,-2.3915455,-2.1463065,-4.1691675,-3.8120372,-3.8120372,-3.8018887,-3.9593236,-2.3548403,-1.9276236,-2.9972522,-3.9223397,-3.7349699,-3.7349687,-3.656595,-4.1392407,-4.4180074,-3.7763715,-1.8926855,-3.5260592,-3.447176,-3.447176,-3.4683697,-3.6186652,-3.4379153,-2.666248,-3.1031919,-3.6790504,-3.3585427,-3.3585427,-3.3581233,-3.4134195,-3.5000513,-3.3018212,-3.5522125,-2.505344,-3.2761786,-3.2761788,-3.212966,-3.8122637,-2.8478966,-3.374611,-2.7748015,-3.1570158,-3.030652,-3.0306525,-3.009326,-2.12365,-3.0522375,-2.7550824,-2.1251037,-2.2532058,-2.3132432,-2.3132432,-2.2808611,-2.3318717,-2.3515084,-2.374202
Cl\C=C/Cl,-1.3,-0.45386714,-1.7444005,-1.3897223,-1.3897225,-1.401215,-1.517905,-1.4094715,-0.44545168,-1.0599506,-0.5463514,-1.1360508,-1.1360502,-1.1396205,-1.079279,-1.128716,-0.65791583,-1.1506824,-0.82770604,-0.73354137,-0.7335414,-0.73381054,-0.7393267,-0.55462915,-0.79981524,-0.5474397,-1.0666455,-1.4169145,-1.4169133,-1.665499,-1.9313884,-2.476173,-1.2286103,-1.2434157,-3.1562507,-1.7719494,-1.7719492,-1.7748284,-2.0697594,-1.7430071,-1.3448421,-1.4959542,-1.3400264,-0.9817213,-0.9817213,-1.015547,-1.0252182,-1.059772,-0.73540324,-1.3372178,-3.2587097,-3.5705793,-3.5705795,-3.5696237,-1.7779214,-3.4007466,-1.741798,-1.2119751,-1.1183215,-0.99032235,-0.99032223,-0.9778684,-0.90618896,-1.2971016,-0.9859394,-1.0505761,-2.0202825,-1.9190987,-1.9190986,-1.9556164,-1.8288534,-2.1855502,-1.7181007
Clc1ccc(c(Cl)c1)c2cc(Cl)c(Cl)c(Cl)c2Cl ,-7.39,-5.9008904,-4.826591,-4.573161,-4.573161,-4.576,-4.9025583,-4.6141047,-4.7245965,-8.053106,-7.538033,-7.772957,-7.772956,-7.72338,-7.511619,-7.80337,-7.8934364,-8.163378,-6.96357,-7.5020685,-7.5020685,-7.523344,-7.5365295,-7.8332944,-7.9949527,-8.010604,-7.3568153,-8.331096,-8.331095,-8.371679,-8.538094,-8.991088,-7.7674026,-7.609542,-3.7861757,-3.9643779,-3.9643779,-4.009264,-4.095525,-4.118389,-5.7453485,-7.8974295,-4.001322,-4.555175,-4.555175,-4.523162,-4.439993,-4.5682306,-5.776533,-8.538492,-5.5916796,-6.4385924,-6.4385924,-6.4303985,-9.084105,-6.085335,-8.544841,-7.3661027,-8.291012,-7.5937552,-7.5937552,-7.6011333,-6.7616315,-7.8234863,-7.835532,-7.336913,-7.571852,-7.543527,-7.5435266,-7.5460696,-7.7253046,-7.4646287,-7.417876
CCCC(=O)CCC,-1.3,-2.063973,-2.350768,-1.9359477,-1.9359478,-1.9443674,-2.1345274,-1.9587623,-1.2920859,-1.1669077,-1.4539601,-1.6022798,-1.6022797,-1.5767343,-1.5520576,-1.5940974,-1.8224411,-1.9895105,-2.1240366,-2.1783864,-2.1783862,-2.1822653,-2.1247895,-2.5563846,-2.504528,-1.0872815,-1.5068717,-1.9208953,-1.9208958,-1.8544776,-2.080907,-2.7137556,-1.6982151,-0.85846376,-2.4580436,-2.4108148,-2.4108152,-2.4276204,-2.5197046,-2.4190073,-1.9048078,-1.9135742,-2.6666791,-2.4339335,-2.433933,-2.308714,-2.4066026,-2.6036751,-2.8309476,-1.6003803,-1.6385707,-1.6467685,-1.6467686,-1.6190275,-1.608755,-1.3207672,-1.5893214,-1.3000418,-2.4082751,-2.1020496,-2.1020498,-2.160642,-1.3908944,-1.4923813,-1.964661,-1.2742622,-1.5469853,-1.5237877,-1.523788,-1.4343777,-1.508365,-1.41932,-1.4925424
OCC(O)CO,1.12,-1.2821941,-1.6238467,-0.9273658,-0.9273659,-0.9143947,-1.1274737,-0.85637665,-0.76821965,1.4933404,-0.24376178,0.7914202,0.7914206,0.7878123,0.40256247,0.80655676,-0.5553635,1.2532215,-0.765436,-0.5720383,-0.5720383,-0.574383,-0.3291413,1.5936894,0.91123575,0.9903641,-0.10981183,0.9321774,0.93217945,0.5088221,0.41594592,0.36613983,-0.2055673,0.7372004,-1.5530531,-1.1974025,-1.1974026,-1.2122461,-1.246405,-1.1734569,-0.8814608,-0.38309377,-1.5247581,-1.3164268,-1.3164266,-1.3211676,-1.2890437,-1.3470643,-0.9849637,1.2850616,0.10217476,0.28685403,0.2868541,0.3167448,0.72671056,0.48971292,0.31555566,1.0102514,0.50515443,0.66364324,0.66364294,0.6467485,1.0655919,0.5016468,0.37553617,1.0334582,1.1700802,1.2126082,1.2126083,1.153332,1.1617432,1.1347709,0.9734521
Clc1c(Cl)c(Cl)c(c(Cl)c1Cl)c2c(Cl)c(Cl)c(Cl)c(Cl)c2Cl ,-11.6,-8.458691,-6.406895,-6.349462,-6.3494616,-6.3499246,-6.618563,-6.3266916,-8.174643,-11.227079,-9.905719,-10.87152,-10.871519,-10.824601,-10.455124,-10.863021,-9.917286,-11.921324,-10.433744,-13.791294,-13.791292,-13.816679,-13.558642,-11.173587,-10.532891,-11.023289,-10.083209,-10.738446,-10.738445,-11.044767,-11.392402,-11.332229,-10.345595,-11.244921,-7.6050677,-9.264956,-9.264956,-9.51482,-9.205935,-9.6945,-10.323366,-12.115419,-3.895465,-4.319069,-4.3190684,-4.312535,-4.2416563,-4.263441,-5.342956,-11.021359,-5.809289,-6.64805,-6.64805,-6.6511497,-9.97676,-6.2989173,-9.056639,-10.665766,-11.617996,-10.289291,-10.289289,-10.254647,-9.565466,-11.123758,-9.896293,-11.58792,-10.368828,-10.856544,-10.856545,-10.823766,-11.172207,-10.539601,-10.096096
CC1(O)CCC2C3CCC4=CC(=O)CCC4(C)C3CCC21C,-3.999,-3.9393623,-4.193888,-3.845347,-3.845347,-3.8412597,-4.2058415,-3.869866,-3.3355632,-4.6454,-4.0189767,-4.2608423,-4.2608423,-4.2001667,-4.6366634,-4.2978406,-4.212752,-4.792076,-3.739957,-3.8418703,-3.84187,-3.804501,-3.846372,-4.478818,-4.1311326,-4.3640475,-5.1396523,-5.1898103,-5.1898108,-4.8079925,-4.964554,-5.4221897,-4.8978834,-4.78771,-3.9790654,-3.8695793,-3.8695793,-3.895019,-4.0148973,-3.948564,-3.3628309,-4.050234,-3.8725119,-3.9190013,-3.9190018,-3.7738643,-3.8444967,-3.8974056,-4.5598197,-4.753601,-4.1198416,-4.4167523,-4.4167523,-4.380667,-4.437497,-3.9646127,-4.1978903,-4.029647,-5.372654,-5.2064233,-5.2064233,-5.2272987,-3.764329,-4.6825113,-4.464923,-4.122258,-4.661701,-4.384818,-4.384818,-4.41987,-4.5513396,-4.2212586,-4.499639
OCC3OC(OCC2OC(OC(C#N)c1ccccc1)C(O)C(O)C2O)C(O)C(O)C3O ,-0.77,-4.8349357,-7.336985,-6.5766454,-6.576646,-6.554427,-6.848276,-6.244528,-5.2008557,-1.2121135,-3.536802,-2.3008034,-2.3008037,-2.325063,-2.8870995,-2.261471,-3.0161848,-0.70109767,-2.5848498,-2.0327303,-2.03273,-2.0061607,-1.9809283,-0.82589775,-0.6470119,-0.70011944,-1.6192014,-1.5086601,-1.5086565,-1.7100294,-1.6900045,-1.6523992,-1.9686149,-4.098148,-6.550922,-6.286342,-6.2863426,-6.0993643,-6.4069786,-5.686468,-4.9304304,-2.981411,-4.8324084,-4.7775526,-4.7775526,-4.773108,-4.7245126,-4.869915,-4.7776494,-1.3039905,-3.6621492,-3.9143422,-3.9143422,-4.041332,-3.4473996,-3.9899454,-2.967875,-0.85575724,-4.25609,-3.642474,-3.6424747,-3.6196523,-2.6957133,-2.796757,-3.2943964,-0.7615757,-0.7543743,-0.66774017,-0.66774017,-0.60147446,-0.7609747,-1.0994295,-0.7475893
CCCCC#C,-2.36,-1.8447441,-1.854447,-1.479955,-1.4799551,-1.4750888,-1.7183164,-1.4305241,-1.0965346,-2.0525603,-1.48135,-1.7920074,-1.7920074,-1.7843589,-1.6502593,-1.7793918,-1.8592192,-2.5581155,-1.4930619,-1.5526698,-1.5526698,-1.5581119,-1.4672487,-1.6508394,-1.541754,-0.7422224,-1.1022366,-1.1144379,-1.1144371,-1.2641687,-1.635856,-2.0891016,-1.2095802,-2.0081124,-1.8510463,-1.835694,-1.835694,-1.8023688,-1.8410194,-1.7528996,-1.796233,-2.5144525,-2.5020685,-1.4642154,-1.4642153,-1.4793975,-1.5439532,-1.6966691,-1.3094128,-2.5233603,-2.3173146,-2.4920886,-2.4920888,-2.4707363,-2.7672348,-2.199475,-2.3843079,-1.7843266,-1.2279487,-1.1708223,-1.1708229,-1.1165924,-0.5941174,-1.5222231,-0.9244796,-2.8377464,-3.1220627,-3.1710517,-3.1710517,-3.1836693,-3.255433,-3.091265,-3.0272536
CCCCSP(=O)(SCCCC)SCCCC,-5.14,-4.2841997,-5.4153056,-4.9954047,-4.9954042,-4.9834404,-5.2723794,-4.9139333,-3.5828533,-6.404847,-4.281939,-5.8575573,-5.8575563,-5.8198514,-6.5073624,-6.008729,-5.0705295,-5.4998584,-4.7994018,-4.8519106,-4.851911,-4.8496094,-4.977375,-5.3193903,-5.603503,-5.6587467,-5.198714,-6.347525,-6.347526,-5.6963477,-5.9693995,-6.4349427,-6.017183,-5.5381837,-5.689847,-5.4615464,-5.461546,-5.3797054,-5.5952888,-5.3115764,-4.135031,-5.2627783,-4.8409724,-5.372674,-5.372674,-5.427273,-5.237306,-5.331687,-4.4913597,-5.3643265,-5.5273066,-5.668642,-5.6686416,-5.6004047,-5.853944,-5.3173375,-6.024441,-5.116372,-6.0402737,-5.9256916,-5.925692,-5.909578,-4.8517733,-5.6190066,-5.841349,-5.186255,-5.1061506,-5.2256413,-5.225642,-5.234815,-5.281331,-5.244408,-5.0568557
Cc1ccnc(C)c1,0.38,-1.5252502,-2.128581,-1.7367903,-1.7367903,-1.7371316,-1.8362348,-1.7456684,-1.1414798,-1.1640642,-1.7432199,-1.2289228,-1.2289222,-1.2318084,-1.3266666,-1.2210555,-1.5890896,-0.8212614,-1.5330205,-1.6257174,-1.6257175,-1.6290839,-1.5503567,-1.5992031,-1.5203742,0.35855713,-1.556562,-1.5434194,-1.5434183,-1.662528,-2.0996373,-2.3961654,-1.5712034,0.81197757,-1.6975589,-1.3776109,-1.3776109,-1.3902854,-1.4126844,-1.3569958,-0.81727815,-0.27175125,-2.190692,-2.185743,-2.185743,-2.176762,-2.1810658,-2.2051666,-1.8517734,0.5801346,-1.9373778,-1.968949,-1.9689491,-1.9524183,-1.0157334,-1.6986793,-1.3444186,-0.1778572,-1.4218221,-1.2256275,-1.2256281,-1.2239485,-0.80829424,-1.2210732,-1.2802353,0.38667792,0.52032614,0.48975685,0.48975664,0.49573654,0.5978789,0.18768464,0.2116764
CC(C)c1ccccc1,-3.27,-1.7273985,-2.0509386,-1.7159152,-1.7159154,-1.7261006,-1.9285344,-1.7324202,-1.3257798,-3.1186326,-2.2472386,-2.9164934,-2.916494,-2.8960774,-2.7936146,-2.9179182,-2.6737542,-4.023556,-2.1425257,-2.2386782,-2.2386782,-2.2430897,-2.1437423,-2.5685158,-2.6904395,-1.8714192,-2.2907698,-2.4773703,-2.4773698,-2.5688298,-2.7851002,-3.4452748,-2.3167048,-3.3852227,-2.1653218,-2.4811447,-2.4811444,-2.4875596,-2.5070274,-2.494812,-1.5291375,-3.2109246,-1.9955114,-1.6328236,-1.6328236,-1.6318281,-1.7155216,-1.7417707,-1.452896,-3.555755,-4.3260746,-4.3972316,-4.397231,-4.3786473,-3.7835746,-4.2675514,-3.212945,-3.334105,-2.9461527,-2.7572849,-2.7572842,-2.7635791,-2.0444183,-2.5862858,-2.4468236,-2.6484332,-2.6832216,-2.7322662,-2.732266,-2.716875,-2.674053,-2.7044008,-2.4740803
CCc1ccc(C)cc1,-3.11,-2.2284207,-2.3559635,-1.9536414,-1.9536413,-1.9671837,-2.1592538,-2.000358,-1.1804976,-3.047842,-2.3919842,-2.7678635,-2.7678626,-2.7335033,-2.773826,-2.7590637,-2.8913357,-3.6301942,-2.1721973,-2.281195,-2.281195,-2.2878084,-2.2215102,-3.0305433,-2.835731,-2.3183122,-2.3217583,-2.5586672,-2.5586667,-2.7419794,-3.0414748,-3.5633907,-2.2839212,-2.9550838,-2.6854298,-2.6149623,-2.6149626,-2.7233386,-2.7162569,-2.834982,-3.2533007,-3.0773106,-3.2421672,-3.326412,-3.3264115,-3.3685935,-3.291891,-3.2113607,-3.3969562,-3.4637456,-4.5546446,-4.887963,-4.8879623,-4.8986583,-5.3245554,-4.7997756,-4.148668,-3.1192322,-3.134553,-2.8230517,-2.8230515,-2.870446,-2.1165862,-2.798964,-2.4789958,-3.0644317,-3.2715135,-3.357515,-3.3575149,-3.3608847,-3.318469,-3.373103,-2.956505
CN(C)C(=O)Nc1ccc(Cl)c(Cl)c1,-3.8,-3.244617,-3.5569692,-3.438368,-3.4383678,-3.4498596,-3.8107495,-3.5162828,-3.0542953,-3.8343399,-2.987601,-2.736187,-2.736187,-2.7396939,-2.955287,-2.7641518,-2.6504042,-3.7399757,-3.8495588,-3.7384765,-3.7384765,-3.746488,-3.65536,-3.7635226,-3.574016,-3.759954,-3.142989,-3.3920743,-3.3920739,-3.7713192,-3.9137337,-4.4781137,-3.3308692,-3.5629132,-3.141441,-3.1652117,-3.165212,-3.22921,-3.2877014,-3.2949102,-4.0452847,-4.3451986,-3.2843175,-2.9260817,-2.9260817,-2.9165595,-3.0017958,-3.067011,-2.996336,-3.0646396,-2.985076,-3.2478802,-3.2478802,-3.213267,-2.7591221,-2.8904674,-2.7188573,-3.4492736,-2.8950098,-2.879379,-2.8793793,-2.878843,-1.9884586,-2.9524775,-2.804774,-3.749368,-3.2748623,-3.2200687,-3.2200692,-3.154754,-3.1981707,-3.2671506,-3.1247375
ClC(Cl)(Cl)C#N,-2.168,-2.7416022,-1.8179685,-3.1491392,-3.1491392,-3.1432087,-3.3915448,-3.0038865,-2.0870392,-2.4394803,-1.6635793,-1.9789941,-1.9789937,-1.9761119,-1.8966905,-1.9877799,-2.260627,-1.7360241,-1.0528741,-1.0048287,-1.0048286,-1.0067241,-1.0844642,-1.3094463,-1.735518,-1.3113997,-1.2509706,-1.8297815,-1.8297837,-2.139387,-2.462196,-2.9201028,-1.7849402,-2.0936637,-1.8365536,-1.5706524,-1.5706519,-1.5811869,-1.7364997,-1.5640674,-1.9037142,-1.8504379,-1.4174759,-1.2129667,-1.2129668,-1.2224239,-1.2463504,-1.2312055,-1.4880221,-2.0949407,-1.4649708,-2.4290745,-2.4290745,-2.3164701,-2.6936252,-1.9907446,-3.0186021,-1.9518894,-1.6803467,-1.7700338,-1.7700336,-1.7814696,-1.5599896,-2.014503,-1.7958599,-1.9513756,-1.2922226,-1.3737073,-1.3737075,-1.2944375,-1.4451725,-1.1394767,-1.2682621
ClC(Cl)(Cl)N(=O)=O,-2.0,-2.078014,-1.9587762,-2.5798457,-2.5798454,-2.570201,-2.857783,-2.4557033,-1.6518488,-2.220215,-1.4072299,-1.8670877,-1.8670871,-1.867804,-1.8304567,-1.8562022,-1.9031172,-2.09276,-1.2623246,-1.2318085,-1.2318087,-1.2355282,-1.3898972,-1.5340677,-1.8924866,-1.6183016,-1.4869306,-2.3846855,-2.3846877,-2.634372,-2.9580367,-3.5246735,-2.0700054,-2.1453712,-1.9073236,-1.3473152,-1.3473151,-1.3612045,-1.5142437,-1.3194138,-1.6008877,-1.5306878,-1.3029463,-1.0531571,-1.0531569,-1.0552658,-1.086616,-1.0823078,-1.7460331,-1.906567,-0.80263925,-2.2455084,-2.2455091,-2.1074846,-1.8273711,-1.7423297,-1.9840038,-2.1052723,-2.224534,-2.0728238,-2.0728242,-2.0786407,-1.8264694,-2.2777832,-2.3659322,-0.82560337,-0.8190655,-0.6811295,-0.6811295,-0.7177341,-0.7395713,-0.78175086,-0.8172459
CCC=O,0.58,-0.6816001,-1.17099,-0.4787312,-0.47873116,-0.48048276,-0.65644145,-0.48456547,-0.2993274,0.25643057,-0.14011663,0.22684917,0.22684965,0.22358872,0.066125825,0.24446332,-0.517718,0.4555624,-0.9520216,-0.8754757,-0.87547576,-0.876808,-0.8487053,-0.3455146,-0.36974603,0.9440859,-0.55122834,-0.2501107,-0.2501101,-0.45023093,-0.82730174,-1.0899342,-0.67600876,0.6316789,-1.4119127,-0.8485915,-0.8485915,-0.8703456,-0.80525184,-0.8516332,-0.6785297,0.61917126,-1.2745867,-0.90710473,-0.9071048,-0.9397433,-0.8691141,-0.9838105,-0.6494213,0.73977935,-0.2809075,-0.10950021,-0.10950015,-0.09460666,0.96264774,0.108076766,0.15610225,0.652874,0.1772109,0.27060634,0.27060625,0.28650433,0.39978868,0.5132455,0.17132305,0.38458133,0.10190083,0.18312718,0.18312721,0.18093653,0.13018152,0.15574062,0.2107282
O=C2NC(=O)C1(CCCCCCC1)C(=O)N2,-2.982,-2.4819267,-3.1284862,-2.8214028,-2.8214028,-2.8165097,-3.1198056,-2.8184204,-2.3605886,-2.948724,-2.3275938,-2.3461163,-2.3461165,-2.3190117,-2.33111,-2.3449416,-2.821193,-3.1735713,-3.7196684,-3.3553402,-3.3553405,-3.3848948,-3.4729517,-2.3587546,-2.1421468,-2.7748265,-2.544171,-3.2433364,-3.2433362,-2.905172,-3.3394766,-3.9330254,-2.9635339,-3.0657609,-2.958516,-3.0368333,-3.0368335,-3.0559957,-3.2302506,-3.046232,-3.1716332,-3.0041852,-2.8064823,-2.4006748,-2.400675,-2.335651,-2.4246507,-2.6398537,-3.0311737,-2.8758316,-1.6713289,-2.2431426,-2.2431426,-2.2280016,-2.494989,-1.9480643,-2.3321776,-2.6132274,-3.4593372,-2.9104803,-2.9104807,-2.9126503,-2.1126308,-2.4450223,-2.6650107,-2.9816296,-3.0684075,-3.0342255,-3.0342252,-3.0019705,-3.1071427,-3.0563695,-2.9661176
ClCCC#N ,-0.29,-1.0692086,-1.4186406,-0.76804745,-0.7680475,-0.76136833,-0.9403195,-0.76506543,-0.8145867,-1.1837151,-0.40761673,-0.6557665,-0.6557666,-0.6602565,-0.5545978,-0.64829856,-0.6949124,-0.8412014,-1.0863848,-1.0584917,-1.0584916,-1.0599957,-1.0440631,-0.9363665,-1.1031611,-0.06449672,-0.8829821,-0.92090267,-0.92090434,-1.1631527,-1.453984,-1.8964473,-0.9704578,-0.29656863,-1.6851652,-1.4415416,-1.4415414,-1.465868,-1.4849917,-1.4394782,-1.6535009,-0.18285605,-1.6086891,-1.2870082,-1.287008,-1.2839664,-1.2818668,-1.4174329,-0.9464981,-0.025053259,-0.9337065,-0.8136818,-0.8136818,-0.79239684,-0.37112543,-0.5345916,-0.5368691,-0.22206037,-0.014558164,-0.44925007,-0.4492504,-0.43241373,-0.18989012,-0.7387704,0.05280749,-0.19336537,0.004689418,-0.013822641,-0.013822645,-0.0044543613,0.015088709,-0.09206448,0.3528774
c1ccccc1C(O)C(O)c2ccccc2,-1.93,-2.7645442,-3.3403363,-2.9992926,-2.9992929,-2.9255352,-3.2461314,-2.794818,-2.4378645,-2.9167013,-3.7258039,-2.9559934,-2.9559934,-2.8694608,-3.202138,-2.9152858,-3.506465,-1.8623762,-3.5518775,-3.0311143,-3.031114,-3.0745697,-3.2300248,-1.4319922,-1.5377427,-1.8481874,-2.753668,-2.418159,-2.4181573,-2.4164507,-2.9291544,-3.0394967,-2.5776815,-2.4576771,-3.5040135,-3.6761746,-3.6761749,-3.255331,-3.7124197,-3.0689783,-3.4739563,-3.2022052,-3.8535252,-4.250637,-4.2506375,-4.180511,-4.204699,-4.354269,-4.3276443,-2.4161465,-1.8175746,-2.2215607,-2.2215607,-2.1784651,-2.2544851,-1.8249555,-2.3808875,-1.9325407,-3.4300745,-3.1174295,-3.11743,-2.8450851,-2.0980475,-2.0427847,-2.85383,-1.9053555,-1.911161,-1.9576906,-1.9576906,-1.956516,-2.0272179,-2.0226593,-2.0415907
Oc1ccc(Cl)c(Cl)c1Cl,-2.67,-2.8489585,-2.6623902,-2.6747463,-2.674746,-2.6680064,-2.9619274,-2.6849859,-2.8778677,-2.6733425,-2.5607235,-3.0894506,-3.0894504,-3.1009672,-3.0239959,-3.0803442,-2.9418523,-2.4860759,-2.5978923,-2.6030643,-2.6030643,-2.6126738,-2.6085837,-3.0128589,-2.5664773,-1.4607021,-3.033547,-3.2388017,-3.2388015,-3.5888557,-3.7799335,-4.1298146,-2.9447606,-2.398777,-2.0858338,-2.5930934,-2.5930934,-2.5279129,-2.7371266,-2.49606,-2.6687438,-2.3462908,-2.6759248,-2.9195273,-2.919527,-2.8874097,-2.8881392,-3.0093935,-3.1039593,-2.494987,-0.35266107,-1.1302103,-1.1302105,-1.0818686,-1.2896293,-0.7686239,-1.0651708,-2.2553926,-2.822563,-2.5995333,-2.5995333,-2.5936458,-2.1977713,-2.9366093,-2.1241915,-2.5731878,-2.4583254,-2.5191796,-2.5191793,-2.468445,-2.504563,-2.5115297,-2.6224828
CCCCOCN(C(=O)CCl)c1c(CC)cccc1CC ,-4.19,-4.238334,-5.14321,-4.9237504,-4.923751,-4.907446,-5.1827745,-4.817175,-4.18469,-4.7603617,-4.2685976,-4.327302,-4.3273015,-4.286447,-4.747518,-4.388261,-4.2748237,-4.4154267,-4.0476356,-3.8699458,-3.8699455,-3.830674,-4.175291,-4.0906425,-4.038166,-3.865708,-4.341277,-5.002589,-5.0025883,-4.7806263,-4.741014,-6.130749,-4.689516,-4.6069894,-5.348269,-5.357071,-5.357071,-5.3025074,-5.5270004,-5.330115,-4.714927,-4.6068416,-4.153051,-3.9344676,-3.9344678,-3.8641977,-3.827612,-3.9159245,-4.0516424,-4.5319467,-4.163148,-4.327246,-4.327246,-4.291344,-4.374895,-3.9053657,-4.1613526,-4.0397925,-5.035144,-4.5581427,-4.5581427,-4.5451307,-3.4394524,-4.268255,-4.6475897,-4.3217363,-4.6886034,-4.9534197,-4.9534197,-4.7862144,-4.755667,-5.4193783,-4.53025
COC(=O)c1ccccc1,-1.85,-2.0174098,-2.3459816,-2.2034593,-2.2034593,-2.2134728,-2.476995,-2.244888,-1.8489665,-1.362094,-1.6887455,-0.91825414,-0.9182545,-0.89153415,-1.0944924,-0.91129285,-1.6791465,-1.6790918,-1.8021493,-1.8355834,-1.8355833,-1.8414285,-1.7263774,-1.4616042,-1.4721469,-0.9827701,-1.647541,-1.611155,-1.6111543,-1.9377005,-2.2064111,-2.5611339,-1.7493342,-1.3942593,-2.0357766,-2.071082,-2.0710824,-2.1366258,-2.0807612,-2.178308,-1.6959298,-1.7009175,-2.528648,-2.0737846,-2.0737846,-2.07269,-2.1833377,-2.1954367,-2.0272427,-1.9708208,-1.6280369,-2.3943844,-2.3943846,-2.3356888,-2.069398,-2.0000346,-1.9621189,-1.4803768,-2.1184402,-1.8887824,-1.8887827,-1.8769078,-1.1692342,-1.6507982,-1.7953391,-1.8264778,-1.9043244,-2.0343592,-2.0343592,-2.0168226,-1.9953778,-1.9394978,-1.7990627
Cc1ccc(C)c2ccccc12,-4.14,-2.4395835,-2.6132243,-2.5970256,-2.5970254,-2.5860214,-2.8244007,-2.5847983,-2.57196,-4.108066,-3.0467327,-4.019827,-4.019828,-3.997482,-4.0823145,-4.0260415,-3.9110472,-4.9026194,-2.5505686,-2.7133558,-2.713356,-2.7218468,-2.6312258,-3.6988728,-3.5217965,-4.3342013,-4.290333,-4.5921097,-4.5921097,-4.634765,-4.818698,-5.5589757,-4.315446,-4.1055174,-3.4975498,-3.3299885,-3.329989,-3.260417,-3.4265933,-3.098646,-4.489765,-3.7352028,-2.6036828,-2.854967,-2.854967,-2.8312678,-2.8871775,-2.8211467,-3.2271376,-4.6083574,-5.760133,-5.655625,-5.6556253,-5.642798,-5.6939445,-5.552603,-4.903677,-4.257028,-4.4040976,-4.3302083,-4.3302083,-4.2732153,-3.262117,-4.555103,-4.0047226,-4.1078596,-4.517439,-4.523778,-4.5237775,-4.508484,-4.590611,-4.455009,-4.21646
OCCCC=C,-0.15,-1.7884554,-1.7845852,-1.3356764,-1.3356764,-1.3151269,-1.5919732,-1.2188392,-0.98342866,-0.42167944,-0.967539,-0.64542764,-0.6454275,-0.6344221,-0.63129914,-0.6302961,-1.3238488,-0.3181935,-1.1658187,-1.0944525,-1.0944526,-1.0971286,-0.9649203,0.110925876,-0.02783403,0.4140839,-0.6449367,-0.5473907,-0.54738957,-0.7535736,-1.0024613,-1.4309363,-0.8552346,-0.3003648,-1.7563705,-1.492277,-1.492277,-1.530287,-1.5197823,-1.4839053,-1.3647827,-0.8836566,-2.2691052,-2.2880943,-2.2880943,-2.083952,-2.2713861,-1.767669,-2.0074677,-0.053322505,-0.8989577,-1.1503736,-1.1503735,-1.1174611,-0.24040781,-0.8273986,-0.7046898,-0.47106194,-0.5088892,-0.37490493,-0.37490517,-0.3581434,0.13756034,-0.28662902,-0.43645352,-0.116761506,-0.1481876,-0.2393145,-0.23931444,-0.248044,-0.2725196,-0.15066433,-0.49580795
O=C1NC(=O)NC(=O)C1(CC)C(C)CC,-2.39,-2.084087,-3.084681,-3.0664542,-3.0664542,-3.0458891,-3.4060016,-2.9576972,-2.3339405,-2.1790764,-1.8771812,-1.6498983,-1.6498982,-1.6339644,-1.7342924,-1.6260204,-2.467647,-2.4356785,-3.67306,-3.2300494,-3.2300491,-3.2538643,-3.472527,-1.9533716,-1.8031832,-2.4661942,-2.0692444,-2.498992,-2.4989922,-1.9299922,-2.629403,-3.12218,-2.5131617,-2.3562512,-2.9055536,-2.890412,-2.8904119,-2.8594325,-3.134518,-2.7537677,-2.3786352,-1.9148731,-2.6097038,-2.9338248,-2.933825,-2.8835225,-2.9380133,-2.9101431,-3.2714996,-2.6342406,-1.6683656,-2.2137725,-2.2137728,-2.218048,-2.5274916,-1.9660516,-2.5264947,-1.803739,-2.4112332,-1.8844057,-1.8844059,-1.8545625,-1.1135861,-1.5530306,-1.7126385,-2.3160741,-1.1351601,-1.376012,-1.3760124,-1.3123466,-1.6114827,-2.037285,-1.6931928
CCCCN(C)C(=O)Nc1ccc(Cl)c(Cl)c1,-4.77,-4.261383,-4.5574627,-4.3436007,-4.343601,-4.3495855,-4.7249684,-4.4101324,-3.784635,-4.4145403,-4.4039397,-3.4394674,-3.4394677,-3.4248989,-4.0508976,-3.4973288,-3.8137655,-4.1113825,-4.7250285,-4.4840612,-4.4840612,-4.475827,-4.462597,-4.168377,-3.9129603,-3.9133766,-4.3031588,-4.172948,-4.1729474,-4.163173,-4.5653496,-5.147902,-4.065418,-3.5852547,-4.265001,-4.2648363,-4.2648363,-4.2857275,-4.4171076,-4.3070955,-4.7476416,-4.1716785,-4.581693,-4.612218,-4.6122174,-4.325695,-4.515015,-4.4400396,-4.715035,-4.538625,-4.1008706,-4.3264213,-4.326421,-4.287172,-3.7146823,-3.9238117,-3.780143,-3.9565728,-4.433114,-3.9750364,-3.975037,-3.994003,-3.163673,-3.6604447,-4.1479454,-4.79643,-3.859075,-4.1844473,-4.184448,-4.2773404,-4.2722936,-4.593054,-3.796791
O=C(c1ccccc1)c2ccccc2,-3.12,-2.8689628,-3.084509,-2.7549946,-2.7549944,-2.7643948,-3.0158117,-2.811592,-1.9608643,-3.302482,-3.7180367,-3.2405484,-3.2405496,-3.218376,-3.364552,-3.260073,-3.45569,-3.1594896,-3.359231,-3.4398956,-3.4398956,-3.438933,-3.3717306,-3.998139,-3.861401,-3.3851688,-3.3575869,-3.512674,-3.5126736,-3.5984154,-4.1152983,-4.2460537,-3.6148252,-3.353199,-4.3207307,-4.518303,-4.5183024,-4.5433874,-4.613538,-4.345616,-3.433171,-3.2620685,-3.4818213,-3.8369784,-3.8369782,-3.808396,-3.7910094,-3.8263283,-4.6906304,-3.2800274,-2.4409804,-2.7837663,-2.7837667,-2.7879999,-3.1144428,-2.519408,-3.0573874,-3.0191011,-3.6386378,-3.3909528,-3.3909535,-3.4266098,-2.4755206,-3.1071959,-3.0470843,-3.1177135,-3.9264235,-3.767514,-3.7675138,-3.8328278,-3.7848063,-3.9300768,-3.3134897
ClC(Cl)C(c1ccc(Cl)cc1)c2ccccc2Cl ,-6.51,-4.298318,-4.6140037,-4.326755,-4.3267555,-4.308714,-4.631426,-4.251504,-3.939796,-7.3948874,-6.212049,-6.3682966,-6.3682966,-6.304339,-6.275478,-6.329786,-6.5602455,-6.3933487,-5.2866526,-5.2404385,-5.240439,-5.293231,-5.38416,-5.802973,-6.184456,-6.7531433,-5.0402374,-5.4018297,-5.4018297,-5.5770183,-5.733743,-6.5630593,-5.441701,-5.5093107,-3.9679332,-4.115243,-4.115243,-4.0958004,-4.2476683,-4.108904,-4.328133,-6.0585012,-3.8300152,-4.5050936,-4.5050936,-4.474101,-4.4076414,-4.6141057,-5.02664,-6.8951616,-5.3789763,-5.815576,-5.815576,-5.7669415,-6.655998,-5.5148892,-6.7225857,-6.394557,-7.523368,-6.7023635,-6.7023635,-6.719373,-5.571996,-6.5588818,-6.6977806,-6.490859,-6.264963,-6.3765616,-6.376561,-6.368573,-6.561732,-6.456543,-6.543441
CCC(C)C1(CC=C)C(=O)NC(=O)NC1=O,-2.016,-2.189479,-3.3650389,-3.3171184,-3.3171184,-3.306198,-3.635326,-3.2602625,-2.673946,-2.1850028,-2.0455956,-1.7401378,-1.7401378,-1.715914,-1.7833316,-1.7192227,-2.4866457,-2.3363616,-3.728809,-3.2142727,-3.214273,-3.2315493,-3.4871058,-2.0497198,-1.7995286,-2.4132447,-1.7380115,-2.2833023,-2.2833016,-2.0961807,-2.5745428,-3.3568234,-2.246177,-2.1212504,-3.1427562,-3.1310892,-3.1310894,-3.0707154,-3.3437793,-2.9090588,-2.314703,-2.4060273,-2.8039908,-3.2094736,-3.2094738,-3.1626189,-3.2095613,-3.1987438,-3.7122877,-2.5187025,-1.8358477,-2.3776062,-2.3776064,-2.3737822,-2.6252346,-2.1082606,-2.6557784,-1.9102681,-2.3856885,-2.0020967,-2.0020978,-1.9723206,-1.1946443,-1.8343563,-1.9087436,-2.1057363,-1.9655092,-1.9261538,-1.9261539,-1.8707857,-1.9481301,-2.0649016,-2.0580928
COc1cc(cc(OC)c1O)C6C2C(COC2=O)C(OC4OC3COC(C)OC3C(O)C4O)c7cc5OCOc5cc67,-3.571,-4.548108,-9.930508,-8.337133,-8.337133,-8.333023,-8.428704,-8.408076,-4.6901326,-5.565306,-4.378582,-3.962993,-3.962993,-4.029236,-4.431806,-3.9188104,-4.2308803,-3.585733,-7.497903,-6.5487766,-6.5487757,-6.369587,-6.961013,-6.2118244,-3.8273098,-3.3811717,-2.6722147,-4.074416,-4.074413,-4.603298,-4.717196,-4.6218014,-3.426265,-4.344615,-8.898268,-8.171809,-8.171809,-8.074107,-7.943517,-8.129234,-4.8875003,-3.8736897,-6.6082835,-6.3703833,-6.3703837,-6.1008058,-6.290721,-5.438531,-5.853609,-3.7842383,-3.867683,-4.4455304,-4.445531,-4.4017944,-3.1611319,-4.1263037,-2.4063406,-3.6910973,-6.3491125,-5.450626,-5.4506264,-5.3964014,-4.364643,-4.6461225,-4.8247805,-3.7790418,-5.8158236,-5.9564915,-5.9564924,-5.741585,-4.8078804,-9.758767,-0.546077
CCOP(=S)(OCC)SCn1c(=O)oc2cc(Cl)ccc12,-5.233,-4.739629,-5.2565084,-4.9339595,-4.93396,-4.8973184,-5.211222,-4.5935936,-4.5359144,-5.7591944,-4.500317,-4.3788366,-4.3788366,-4.2279224,-4.863321,-4.490963,-4.685628,-5.2166104,-5.389094,-5.039668,-5.039668,-5.032772,-5.297043,-5.0055223,-4.7803526,-4.867276,-4.501095,-4.976271,-4.9762697,-4.886692,-5.1757364,-5.709105,-4.1580415,-4.9501424,-4.9928293,-4.9065824,-4.906582,-4.791645,-5.0699396,-4.670215,-4.251063,-5.2565203,-4.474406,-5.0932918,-5.0932918,-5.070138,-4.9542823,-5.067136,-4.9235625,-4.1897993,-3.6008716,-3.751992,-3.751992,-4.009514,-3.5667925,-3.9059505,-3.8095963,-4.4009995,-5.2872896,-4.7779927,-4.777993,-4.7061324,-3.8413148,-4.563332,-4.8335257,-5.282288,-5.2228603,-5.302582,-5.3025813,-5.2174873,-5.179846,-5.226134,-5.4660683
COc1ccc(NC(=O)N(C)C)cc1Cl,-2.564,-3.1061258,-3.698488,-3.5700076,-3.5700073,-3.5815835,-3.9400797,-3.6492617,-3.0364277,-3.4380035,-3.8257651,-2.397609,-2.3976083,-2.3873663,-2.8620842,-2.3857994,-2.88725,-2.427219,-3.7321436,-3.4202316,-3.420232,-3.4089823,-3.4358852,-2.4999046,-2.1292145,-3.1129696,-2.477522,-2.631661,-2.63166,-3.0866327,-3.1065042,-3.6100154,-2.5816817,-2.8140473,-3.33384,-3.2816434,-3.281643,-3.3533323,-3.5081384,-3.4443476,-3.4005125,-2.5735412,-3.9482665,-3.6331532,-3.6331527,-3.6520956,-3.6874466,-3.7674985,-3.5483046,-3.909509,-3.0334597,-3.769778,-3.7697785,-3.6955307,-3.5831466,-3.2924454,-3.3055725,-2.151088,-2.865862,-2.5242617,-2.5242622,-2.5411298,-1.837986,-2.4006681,-2.4063554,-2.544827,-2.5044827,-2.6805835,-2.6805844,-2.6309159,-2.6895776,-2.7612574,-2.5849836
c1c(NC(=O)c2ccccc2(I))cccc1,-4.21,-4.0368786,-4.002682,-3.723421,-3.723421,-3.7089076,-4.06122,-3.6884193,-3.2093863,-5.0117373,-5.024051,-5.0481176,-5.048118,-4.997705,-5.4216285,-5.0454664,-5.013779,-4.3221035,-4.8384047,-4.676975,-4.676975,-4.7028265,-5.007038,-4.817603,-4.5457783,-3.8277402,-3.0787952,-3.4907496,-3.4907486,-3.7502592,-4.023608,-4.4284806,-3.3654768,-4.05277,-3.3948405,-3.3840063,-3.384006,-3.4096417,-3.5428574,-3.3971329,-3.4371517,-4.1430674,-4.1197743,-4.352193,-4.352193,-4.3184004,-4.304219,-4.224185,-4.679837,-4.0520463,-3.172044,-3.4556203,-3.4556203,-3.4824347,-3.7700243,-3.255792,-3.5268807,-3.9150982,-5.1375985,-4.914129,-4.9141297,-4.945651,-3.7260747,-4.9514627,-5.063147,-4.162669,-4.101059,-4.1800356,-4.180036,-4.078778,-4.193896,-4.057566,-4.271895
CC1=CCCCC1,-3.27,-1.6363598,-1.9109796,-1.2776742,-1.277674,-1.2776917,-1.3595829,-1.2761756,-0.8539895,-3.0191865,-1.6769084,-2.1605074,-2.1605077,-2.1575546,-2.1214507,-2.1644764,-1.8532621,-3.514478,-1.8859003,-2.0038512,-2.0038514,-2.0126605,-1.9125732,-2.6215858,-2.6564312,-2.5048146,-1.9243668,-2.4838953,-2.4838953,-2.5873768,-2.6829834,-3.4846082,-2.1981232,-2.8368611,-1.672301,-1.409837,-1.4098371,-1.4234582,-1.4543234,-1.3813989,-1.1105872,-2.7705503,-1.7111022,-1.2291853,-1.2291853,-1.2497836,-1.2615387,-1.3571962,-0.95776504,-3.1438987,-3.6286426,-3.3610713,-3.3610713,-3.354401,-3.172055,-3.3169043,-2.616906,-3.2179675,-3.1375084,-2.9494324,-2.9494328,-2.9526145,-2.3877668,-3.0880136,-2.5781355,-2.9509609,-2.2697425,-2.4326699,-2.4326704,-2.3158035,-2.5070841,-2.0942955,-2.59653
CCCCCCl,-2.73,-2.3202806,-1.9718361,-1.5834913,-1.5834913,-1.5854542,-1.8428938,-1.5781038,-1.3738555,-2.0585742,-1.7198048,-1.8487593,-1.8487594,-1.8430114,-1.7350307,-1.8541054,-1.658205,-2.9330556,-1.5335708,-1.6481472,-1.6481472,-1.6511744,-1.5856835,-2.424199,-2.0660956,-2.3411589,-2.2640622,-2.4771101,-2.4771092,-2.5153537,-2.8406909,-3.4960055,-2.230111,-2.1169562,-1.9881139,-1.8416659,-1.8416659,-1.8974983,-1.8219396,-1.8490995,-1.9512707,-2.3241549,-2.2852707,-2.3053477,-2.305348,-2.2928963,-2.241765,-2.233174,-1.3067622,-2.9313183,-2.8346019,-2.771357,-2.771357,-2.7871425,-3.2490067,-2.6090527,-2.8223107,-2.7066214,-2.989684,-2.485903,-2.4859033,-2.533944,-1.9802424,-2.8823533,-2.3927128,-2.989553,-3.0424976,-3.1334217,-3.1334224,-3.1764848,-3.2745535,-3.0530782,-3.1343892
CCCCCCCC(=O)OC,-3.17,-3.6684957,-3.2278996,-3.0745146,-3.0745146,-3.0434425,-3.4714735,-2.9408004,-2.5017858,-2.4359975,-3.0273926,-2.726326,-2.7263267,-2.7048736,-2.9961889,-2.7689142,-2.6073382,-3.0576885,-3.0188947,-2.8809016,-2.8809018,-2.894729,-2.7744036,-3.2956312,-3.2598376,-2.4122171,-2.5266144,-3.1243436,-3.1243434,-2.6090124,-3.217646,-3.7254775,-2.710263,-3.289767,-3.0165653,-2.9677353,-2.9677348,-2.9650397,-3.185216,-2.754733,-3.1267188,-3.327402,-3.9883382,-3.616279,-3.6162791,-3.1901522,-3.660112,-3.5832055,-4.0676293,-3.1398838,-3.1617603,-3.808017,-3.808017,-3.778999,-2.8900502,-3.449476,-2.8443623,-2.367572,-3.280304,-2.8882022,-2.8882024,-2.8976161,-2.0557935,-2.533352,-2.8605478,-3.141969,-2.8922868,-2.9712875,-2.971288,-3.1050942,-3.3615518,-3.1510146,-3.2320507
