SMILES,Y_TRUE,RDKitGEOM|MeanInstanceWrapperMLPNetworkRegressor,RDKitGEOM|MeanBagWrapperMLPNetworkRegressor,RDKitGEOM|MeanBagNetworkRegressor,RDKitGEOM|MeanInstanceNetworkRegressor,RDKitGEOM|AdditiveAttentionNetworkRegressor,RDKitGEOM|SelfAttentionNetworkRegressor,RDKitGEOM|HopfieldAttentionNetworkRegressor,RDKitGEOM|DynamicPoolingNetworkRegressor,RDKitAUTOCORR|MeanInstanceWrapperMLPNetworkRegressor,RDKitAUTOCORR|MeanBagWrapperMLPNetworkRegressor,RDKitAUTOCORR|MeanBagNetworkRegressor,RDKitAUTOCORR|MeanInstanceNetworkRegressor,RDKitAUTOCORR|AdditiveAttentionNetworkRegressor,RDKitAUTOCORR|SelfAttentionNetworkRegressor,RDKitAUTOCORR|HopfieldAttentionNetworkRegressor,RDKitAUTOCORR|DynamicPoolingNetworkRegressor,RDKitRDF|MeanInstanceWrapperMLPNetworkRegressor,RDKitRDF|MeanBagWrapperMLPNetworkRegressor,RDKitRDF|MeanBagNetworkRegressor,RDKitRDF|MeanInstanceNetworkRegressor,RDKitRDF|AdditiveAttentionNetworkRegressor,RDKitRDF|SelfAttentionNetworkRegressor,RDKitRDF|HopfieldAttentionNetworkRegressor,RDKitRDF|DynamicPoolingNetworkRegressor,RDKitMORSE|MeanInstanceWrapperMLPNetworkRegressor,RDKitMORSE|MeanBagWrapperMLPNetworkRegressor,RDKitMORSE|MeanBagNetworkRegressor,RDKitMORSE|MeanInstanceNetworkRegressor,RDKitMORSE|AdditiveAttentionNetworkRegressor,RDKitMORSE|SelfAttentionNetworkRegressor,RDKitMORSE|HopfieldAttentionNetworkRegressor,RDKitMORSE|DynamicPoolingNetworkRegressor,RDKitWHIM|MeanInstanceWrapperMLPNetworkRegressor,RDKitWHIM|MeanBagWrapperMLPNetworkRegressor,RDKitWHIM|MeanBagNetworkRegressor,RDKitWHIM|MeanInstanceNetworkRegressor,RDKitWHIM|AdditiveAttentionNetworkRegressor,RDKitWHIM|SelfAttentionNetworkRegressor,RDKitWHIM|HopfieldAttentionNetworkRegressor,RDKitWHIM|DynamicPoolingNetworkRegressor,MolFeatUSRD|MeanInstanceWrapperMLPNetworkRegressor,MolFeatUSRD|MeanBagWrapperMLPNetworkRegressor,MolFeatUSRD|MeanBagNetworkRegressor,MolFeatUSRD|MeanInstanceNetworkRegressor,MolFeatUSRD|AdditiveAttentionNetworkRegressor,MolFeatUSRD|SelfAttentionNetworkRegressor,MolFeatUSRD|HopfieldAttentionNetworkRegressor,MolFeatUSRD|DynamicPoolingNetworkRegressor,MolFeatElectroShape|MeanInstanceWrapperMLPNetworkRegressor,MolFeatElectroShape|MeanBagWrapperMLPNetworkRegressor,MolFeatElectroShape|MeanBagNetworkRegressor,MolFeatElectroShape|MeanInstanceNetworkRegressor,MolFeatElectroShape|AdditiveAttentionNetworkRegressor,MolFeatElectroShape|SelfAttentionNetworkRegressor,MolFeatElectroShape|HopfieldAttentionNetworkRegressor,MolFeatElectroShape|DynamicPoolingNetworkRegressor,RDKitGETAWAY|MeanInstanceWrapperMLPNetworkRegressor,RDKitGETAWAY|MeanBagWrapperMLPNetworkRegressor,RDKitGETAWAY|MeanBagNetworkRegressor,RDKitGETAWAY|MeanInstanceNetworkRegressor,RDKitGETAWAY|AdditiveAttentionNetworkRegressor,RDKitGETAWAY|SelfAttentionNetworkRegressor,RDKitGETAWAY|HopfieldAttentionNetworkRegressor,RDKitGETAWAY|DynamicPoolingNetworkRegressor,MolFeatPmapper|MeanInstanceWrapperMLPNetworkRegressor,MolFeatPmapper|MeanBagWrapperMLPNetworkRegressor,MolFeatPmapper|MeanBagNetworkRegressor,MolFeatPmapper|MeanInstanceNetworkRegressor,MolFeatPmapper|AdditiveAttentionNetworkRegressor,MolFeatPmapper|SelfAttentionNetworkRegressor,MolFeatPmapper|HopfieldAttentionNetworkRegressor,MolFeatPmapper|DynamicPoolingNetworkRegressor
CC(=O)OC3CCC4C2CCC1=CC(=O)CCC1(C)C2CCC34C ,-5.184,-4.6757073,-4.8044705,-4.4010158,-4.4010153,-4.4401336,-4.8538013,-4.471378,-3.8568997,-4.1354375,-4.5833726,-4.397032,-4.3970304,-4.340151,-4.857201,-4.3353047,-4.3349805,-5.1812463,-3.786012,-4.3457475,-4.345748,-4.269219,-4.297718,-4.473446,-4.640833,-4.9712334,-4.808924,-4.78781,-4.78781,-4.393801,-4.4620833,-5.1779866,-5.2820234,-4.537265,-4.4309363,-4.245852,-4.2458525,-4.276069,-4.1419554,-4.322664,-4.21569,-4.280131,-4.8879185,-4.5101666,-4.5101666,-4.4544263,-4.2724466,-4.496746,-4.403239,-5.3026133,-5.420346,-4.6903777,-4.690377,-5.330209,-4.9102025,-4.4782834,-4.1654234,-4.927306,-5.0326185,-5.880057,-5.880056,-5.8270574,-4.020033,-5.8976407,-5.5526567,-5.127758,-4.2111163,-4.1966076,-4.1966076,-4.1968775,-4.047478,-4.372779,-6.0269127
CCCCC(CC)CO,-2.11,-2.5154262,-2.5859957,-2.0911257,-2.0911257,-2.074029,-2.3228102,-2.0405173,-1.6221378,-1.5000811,-1.6671292,-2.4395719,-2.4395714,-2.4202027,-2.3154259,-2.3649714,-2.26645,-1.8892736,-2.3051748,-2.2549105,-2.2549102,-2.2577002,-2.226566,-2.2619622,-1.6985058,-2.7011385,-2.4590685,-3.0625489,-3.0625486,-3.0052164,-2.128583,-2.9829524,-2.9648244,-2.1581147,-2.4210048,-2.2091823,-2.2091823,-2.206241,-2.1678555,-2.1511412,-1.8971231,-2.0120778,-2.637815,-2.6647656,-2.6647658,-2.5969017,-2.6648967,-2.702715,-3.013671,-2.215655,-2.6263864,-1.5741465,-1.5741469,-2.4826725,-1.8468292,-1.6342525,-1.7293763,-1.7448328,-1.7574931,-2.3808677,-2.3808677,-2.3900065,-1.3209153,-2.3695598,-2.1851335,-2.0467465,-2.1040244,-2.0552819,-2.0552819,-2.075065,-2.0321944,-1.9775211,-2.0104263
CNc1ccccc1,-1.28,-1.3156621,-2.0903153,-1.7858776,-1.7858772,-1.803635,-1.9726377,-1.802333,-1.2546093,-1.0445197,-1.7866106,-1.6044979,-1.6044977,-1.5901943,-1.6164618,-1.5528164,-1.8470701,-1.462694,-1.4874927,-1.6114591,-1.611459,-1.612323,-1.520647,-1.6348721,-1.2700579,-1.2441636,-1.5809819,-2.261173,-2.2611742,-2.1666782,-1.5740454,-2.172386,-1.8669707,-1.5989827,-1.7166759,-1.9078954,-1.9078954,-1.9166243,-1.8014367,-1.9079121,-1.2837995,-1.4944742,-2.3411992,-2.3516514,-2.3516514,-2.3424947,-2.337325,-2.3078008,-1.871835,-0.80523014,-1.6236031,-0.6429936,-0.64299345,-1.457596,-0.8468099,-0.6395634,-0.7989433,-1.3832674,-1.4470451,-1.9122454,-1.9122455,-1.9244478,-1.2527312,-1.9320782,-1.5499241,-1.2427875,-1.1800079,-1.5200257,-1.5200257,-1.5310329,-1.0711402,-1.0776267,-1.2046137
Clc1ccc2ccccc2c1,-4.14,-3.5650287,-2.5074446,-2.4878538,-2.4878542,-2.507564,-2.8766344,-2.5109253,-2.624065,-3.3894334,-3.7936819,-3.8796914,-3.8796906,-3.8683949,-3.8171062,-3.8134854,-3.7561495,-3.9183502,-2.4325554,-2.599086,-2.5990863,-2.6018996,-2.520491,-2.618961,-3.3855674,-4.0173473,-3.7834723,-4.767399,-4.7673965,-4.628835,-3.5655482,-4.7440095,-3.9360566,-3.5154605,-2.0444088,-2.1743116,-2.1743119,-2.179773,-2.067141,-2.1872766,-3.196967,-3.0038571,-2.4916494,-2.581762,-2.5817618,-2.5504107,-2.6027424,-2.5624285,-2.5873435,-4.23782,-5.1553426,-3.912936,-3.912936,-5.258478,-4.3550954,-3.799317,-4.068349,-3.9754615,-4.122557,-4.2539454,-4.2539454,-4.2791176,-3.7247975,-4.2757673,-4.259984,-4.272895,-4.2703695,-4.170806,-4.170806,-4.1725874,-4.2203045,-4.2332277,-4.2770123
CC34CCc1c(ccc2cc(O)ccc12)C3CCC4=O,-5.24,-4.0717945,-3.8083668,-3.5968156,-3.5968158,-3.6278048,-4.02004,-3.6625547,-3.3932412,-4.28221,-4.35633,-4.2964745,-4.2964735,-4.227087,-4.554957,-4.217559,-4.64001,-4.690156,-4.426447,-4.4188757,-4.4188757,-4.3892736,-4.5855794,-4.4961247,-4.290319,-4.909954,-4.1616826,-4.880067,-4.8800664,-4.8138475,-3.7782516,-5.3352613,-4.6055756,-3.9570968,-3.2661998,-3.0820239,-3.0820236,-3.1169553,-3.0229392,-3.1134436,-3.4186487,-3.4246964,-3.639329,-3.2457018,-3.2457016,-3.1534371,-3.2499902,-3.425477,-3.281424,-4.616549,-4.0318036,-3.8137114,-3.8137107,-4.1077595,-3.7934375,-3.8448594,-3.8296978,-4.516095,-4.3313622,-4.8915815,-4.891581,-4.8729753,-3.5499988,-4.963099,-4.853717,-5.215632,-5.126376,-5.1470175,-5.147017,-5.1288786,-5.058923,-5.196947,-5.259802
CCCCCCCCCCCCCCCC,-8.4,-5.3801274,-5.2395296,-4.9731274,-4.973128,-4.981716,-5.3592806,-4.9751425,-3.9473023,-6.5168943,-4.6556573,-7.2169847,-7.216983,-7.155212,-7.8279963,-7.182851,-6.4462705,-8.236293,-5.3795958,-5.5655923,-5.5655923,-5.683881,-5.3785076,-5.643779,-8.083534,-7.8928604,-7.0357356,-7.585787,-7.5857863,-8.001122,-6.6840444,-7.9767485,-8.0447,-5.5202928,-5.6392446,-5.403629,-5.403629,-5.4545617,-5.408876,-5.4688954,-5.5446534,-5.179455,-5.7613697,-5.6141353,-5.6141357,-5.5705667,-5.4583797,-5.3697915,-5.253737,-8.483931,-7.1365876,-7.996787,-7.996787,-8.201322,-8.373661,-8.516308,-8.014109,-7.833008,-6.097708,-7.6460476,-7.6460466,-7.66147,-5.4118176,-7.7034006,-8.0183735,-8.55319,-8.519152,-8.420226,-8.420225,-8.45703,-8.287779,-8.540579,-8.354165
N(=Nc1ccccc1)c2ccccc2,-4.45,-4.8898945,-3.0074043,-3.133324,-3.1333237,-2.9604223,-3.414123,-2.6497383,-3.537612,-2.923863,-3.58511,-3.3340483,-3.334048,-3.198408,-4.0082083,-3.092923,-3.3846672,-3.7420623,-3.2394474,-3.3567646,-3.3567646,-3.3850172,-3.2242763,-3.1760712,-3.886988,-2.9481328,-3.1510499,-3.787785,-3.7877858,-3.613147,-3.0154476,-4.1358657,-3.0489557,-4.3799505,-4.991102,-4.767361,-4.7673607,-4.735866,-4.6263137,-4.46718,-4.6167517,-3.5711436,-4.031113,-4.3046794,-4.3046794,-4.2889223,-4.2551975,-4.189041,-4.768148,-4.6498666,-5.094853,-4.5176854,-4.5176864,-5.372558,-5.2144423,-4.70014,-4.536283,-3.3931117,-4.5123205,-4.588443,-4.588443,-4.8268666,-3.7274578,-4.7741094,-4.2415156,-4.4143553,-4.070695,-4.143219,-4.1432185,-4.10823,-4.4381704,-4.520539,-4.459792
CNC(=O)ON=C(CSC)C(C)(C)C ,-1.62,-2.950398,-3.6769345,-3.2976182,-3.2976189,-3.3008585,-3.5600991,-3.3316448,-2.6475933,-1.9559057,-2.216325,-2.1022387,-2.1022372,-2.0781322,-2.2880676,-2.0830963,-2.1089888,-1.5006548,-3.8367443,-3.7018783,-3.7018783,-3.6965065,-3.7029796,-3.7382097,-3.1892955,-1.6109431,-1.782805,-2.5585637,-2.558563,-2.5660012,-2.0230565,-2.4198287,-2.2104554,-2.2070384,-3.3404577,-3.0804055,-3.0804057,-3.0701652,-3.0295305,-3.0416465,-2.4532213,-2.9425302,-3.9024086,-3.3412013,-3.341201,-3.0226853,-3.189597,-2.9894247,-2.3592265,-2.76614,-3.9124584,-2.897667,-2.8976674,-3.6529498,-3.2204075,-2.9335175,-2.4898965,-1.3227167,-2.1472366,-2.6059494,-2.6059499,-2.6155238,-1.8843887,-2.6976514,-2.889807,-1.6013638,-1.628076,-1.6163859,-1.6163858,-1.6079412,-1.5604113,-1.6511462,-1.597032
CCCCCCCCCCCCCC,-7.96,-5.0918884,-4.479291,-4.356185,-4.356185,-4.379614,-4.8538756,-4.411836,-3.5301874,-6.0595374,-4.487428,-6.7115307,-6.71153,-6.672411,-7.3085027,-6.7067413,-5.645064,-7.530696,-4.612536,-4.757378,-4.7573776,-5.3444586,-4.9181175,-4.4557276,-6.505418,-7.4646406,-6.304135,-6.7842016,-6.7842016,-7.125576,-6.4949145,-7.2555723,-7.531341,-4.550628,-4.5548997,-4.385437,-4.385437,-4.4413586,-4.4477873,-4.485456,-4.697833,-4.995364,-5.48255,-5.1134486,-5.1134486,-5.0606437,-5.071397,-5.200688,-5.0824876,-7.912317,-6.1337523,-7.263106,-7.263106,-7.0213585,-7.8492565,-7.2002,-7.5905266,-7.509677,-5.391848,-7.0078506,-7.0078497,-7.05571,-4.681688,-7.0175223,-7.758694,-8.046593,-8.263894,-8.076593,-8.076593,-8.080585,-7.8129096,-8.110902,-7.9687295
CCOP(=S)(OCC)SC(CCl)N1C(=O)c2ccccc2C1=O,-6.34,-6.099328,-5.542635,-5.3183656,-5.3183656,-5.2816386,-5.6223207,-5.2716475,-5.315961,-5.3870444,-4.6381025,-5.0323057,-5.0323057,-4.941804,-5.465256,-5.0019693,-4.964165,-6.1517196,-5.607435,-5.23308,-5.23308,-5.195022,-5.750629,-5.423031,-4.9728017,-5.2150574,-4.3944726,-5.1738634,-5.1738634,-5.4284945,-4.326987,-5.226035,-5.1275964,-5.1132646,-5.2490005,-4.9673014,-4.9673014,-4.88867,-5.028366,-4.7846637,-4.8659472,-4.386218,-4.608945,-4.379222,-4.3792224,-4.382886,-4.3385983,-4.365535,-4.301957,-5.1817107,-6.4871736,-5.543941,-5.543941,-5.9902,-5.9346943,-5.7711043,-5.792438,-5.9904504,-4.9913907,-5.795642,-5.7956405,-5.923267,-4.0389185,-5.954532,-6.450048,-6.389861,-6.330863,-6.399192,-6.399192,-6.400926,-6.2229667,-6.517832,-6.2745395
c1cc2ccc3cccc4ccc(c1)c2c34,-6.176,-4.3815637,-2.874999,-2.9178312,-2.9178312,-2.9070492,-3.2697341,-2.9420369,-3.7453988,-5.6893816,-4.979379,-6.19429,-6.19429,-6.145504,-6.3992786,-6.137915,-6.185999,-5.902959,-3.4645052,-3.7894328,-3.7894325,-3.7946322,-3.6061618,-3.777264,-6.1625466,-6.5711603,-6.45444,-7.5905385,-7.590537,-7.478597,-5.9735336,-7.671025,-6.72712,-7.331243,-4.61339,-5.085642,-5.085642,-5.120651,-5.146826,-4.967131,-6.533155,-4.162612,-3.0957856,-3.4166098,-3.4166095,-3.3928287,-3.4121666,-3.3214996,-3.8542657,-6.47108,-5.673473,-6.1198015,-6.1198015,-5.9571047,-5.9451036,-5.627501,-6.529099,-6.403927,-6.30617,-6.9746523,-6.9746513,-6.9382763,-5.781545,-6.949033,-7.111281,-6.0955515,-6.680109,-6.49415,-6.494151,-6.4912877,-6.3891773,-6.331771,-6.2252555
O=C2NC(=O)C1(CCCCCC1)C(=O)N2 ,-3.168,-2.4532638,-2.8576934,-2.4155273,-2.4155269,-2.4207191,-2.7396083,-2.443514,-2.0887072,-2.9526334,-2.036784,-2.1599433,-2.1599438,-2.1464772,-2.1393118,-2.1093237,-2.6454408,-2.3867068,-3.3604383,-3.2169385,-3.2169385,-3.2112577,-3.286197,-3.2174377,-2.2550745,-2.6667964,-2.2014878,-2.8898113,-2.88981,-2.8382912,-2.2039611,-2.8605635,-2.788382,-3.2607822,-2.7713645,-2.7047694,-2.7047691,-2.7227411,-2.659563,-2.7363389,-2.9644678,-3.442133,-2.4671805,-2.0350208,-2.0350208,-1.9423659,-2.0369346,-2.1654494,-2.2444918,-2.489068,-1.9454244,-1.9975119,-1.9975119,-2.0516953,-2.2849436,-2.1354027,-2.0274336,-2.783588,-2.5374246,-2.8098705,-2.8098702,-2.791297,-1.9738723,-2.8465285,-2.4927137,-3.1121056,-3.0476687,-2.9609137,-2.960914,-2.9516714,-2.9747107,-3.124596,-3.162504
CC(=O)OC3(CCC4C2CCC1=CC(=O)CCC1C2CCC34C)C#C,-4.8,-4.773551,-4.9719143,-4.583738,-4.583738,-4.6298075,-5.053941,-4.6737247,-4.1291914,-4.4994926,-4.7230935,-4.4177914,-4.4177904,-4.37016,-4.9303603,-4.373145,-4.420912,-4.648297,-3.8589106,-4.350453,-4.350453,-4.341925,-4.4191117,-4.226855,-4.552189,-4.634638,-4.36468,-4.538033,-4.538033,-4.6598225,-4.0075383,-4.816487,-4.599669,-4.5063047,-4.6401286,-4.408825,-4.408825,-4.454863,-4.3539705,-4.4796443,-4.0782175,-4.4392877,-5.095091,-4.9093885,-4.9093885,-4.814709,-4.7171273,-4.8468866,-4.902626,-5.608828,-5.2845554,-5.037358,-5.037357,-5.3173494,-5.164293,-4.996947,-4.8846655,-5.318902,-4.775164,-5.557961,-5.5579605,-5.519563,-3.7304008,-5.577766,-5.7919135,-4.807521,-3.7558174,-4.0387535,-4.038753,-4.09002,-4.0198083,-4.155501,-4.8721356
CNN,1.34,-0.15399504,-1.0433311,-0.35826913,-0.3582687,-0.3601935,-0.4650417,-0.33474717,0.13587412,1.042392,0.29063314,1.0650852,1.0650852,1.0638392,0.83534795,1.0971437,-0.08538079,0.831164,-0.58274126,-0.43077677,-0.43077675,-0.4314292,-0.25131518,-0.4490287,0.69782573,1.1586374,0.32049754,0.0634149,0.06341492,0.13458763,0.5110537,0.15847069,-0.23652267,1.2678927,-1.3026152,-0.85041815,-0.8504181,-0.86918646,-0.7207604,-0.84073126,-0.3504166,0.5151381,-1.2616541,-0.8622711,-0.862271,-0.9053689,-0.764672,-0.91315275,-0.47707322,1.302202,-0.6060688,0.8931597,0.89315987,-0.13751955,0.72021127,0.9156533,0.35332522,1.2273737,0.68484515,1.050747,1.0507469,1.0270433,1.1820866,1.0094157,0.67554253,1.3767608,1.4803352,1.4787374,1.4787372,1.4836439,1.3162743,1.4519455,0.9923871
Clc1cc(Cl)c(c(Cl)c1)c2c(Cl)cc(Cl)cc2Cl ,-8.71,-7.1050787,-4.743181,-4.7639027,-4.7639027,-4.7706747,-5.1059766,-4.7643924,-5.89722,-8.233304,-6.984396,-7.278403,-7.278402,-7.2214775,-7.205096,-7.26431,-7.7987823,-8.454743,-7.9575443,-8.511768,-8.511767,-8.538773,-8.737227,-8.472938,-8.2438755,-8.557195,-7.3246675,-8.832237,-8.832235,-8.737034,-7.512012,-8.915306,-8.163448,-9.450158,-6.765254,-7.3788958,-7.378895,-7.4494953,-7.506511,-7.531526,-9.159138,-5.798402,-3.6980906,-4.1326814,-4.1326814,-4.107468,-4.066799,-4.038557,-5.042439,-7.933732,-5.56169,-7.7849593,-7.7849603,-6.0581827,-8.228035,-7.871544,-7.7920732,-8.693533,-7.4482446,-8.256766,-8.256765,-8.236488,-6.7035656,-8.335424,-8.646321,-8.6577425,-8.351343,-8.532733,-8.532733,-8.535406,-8.415432,-8.664801,-8.576814
Clc1cccc(c1)N(=O)=O,-2.77,-3.32739,-2.499489,-2.428924,-2.4289238,-2.4387941,-2.754057,-2.4523222,-2.5394688,-3.0853295,-1.5375389,-2.5528827,-2.5528827,-2.5617733,-2.4129238,-2.5279615,-1.9469099,-2.5201259,-1.8826107,-2.0317826,-2.0317829,-2.0359962,-2.0031564,-2.0486102,-2.41511,-2.6496418,-2.4876342,-3.3702908,-3.3702896,-3.2655246,-2.4330125,-3.3395665,-2.760969,-2.7598083,-2.0201452,-1.9796741,-1.9796741,-1.9674436,-1.9380888,-1.9726906,-1.654545,-1.6857035,-2.2931588,-2.4092767,-2.4092765,-2.3793926,-2.4294355,-2.4278765,-2.2240446,-2.6907132,-1.9761451,-2.2175207,-2.2175207,-2.2639198,-2.3602617,-2.3696184,-2.1809542,-2.5781713,-2.7969391,-2.6909518,-2.6909518,-2.703998,-2.2129695,-2.7135942,-2.7981853,-2.7871323,-2.8291888,-2.8407028,-2.8407028,-2.835626,-2.7511177,-2.7956543,-2.7799768
CN(C)C(=S)SSC(=S)N(C)C ,-3.9,-2.344213,-3.2937727,-2.9829223,-2.982922,-2.8556895,-3.0749967,-2.5520096,-2.294013,-3.5343792,-3.0745406,-3.8760283,-3.8760273,-3.923436,-3.9925704,-3.959355,-3.605706,-3.5834873,-3.2695558,-3.077647,-3.077647,-3.0806155,-3.128819,-3.0767212,-3.0132537,-3.3483403,-1.5931455,-2.390049,-2.390048,-2.5234838,-1.6318918,-2.4982889,-1.867984,-4.5940413,-4.960075,-5.079481,-5.0794806,-4.5727277,-5.076419,-4.2897735,-4.23613,-1.9108639,-3.3110151,-3.6208296,-3.6208298,-3.526535,-3.5956085,-3.6546478,-3.954635,-2.786319,-2.4129422,-2.0939453,-2.0939455,-2.4592936,-2.65868,-2.5257664,-1.8576638,-3.6506038,-4.125268,-4.782188,-4.7821894,-4.809093,-3.2747324,-4.777221,-4.472566,-4.02136,-3.4384751,-3.1296291,-3.1296291,-3.1561267,-3.5663779,-3.55905,-3.960108
Clc1ccc(c(Cl)c1Cl)c2ccc(Cl)c(Cl)c2Cl ,-8.01,-5.7968006,-4.6767516,-4.507772,-4.507772,-4.539071,-4.9555173,-4.5746408,-4.969694,-7.809308,-7.50459,-7.5889535,-7.5889525,-7.545536,-7.486232,-7.5249596,-7.692319,-7.7646055,-7.4842587,-7.9583573,-7.9583573,-7.966494,-8.072719,-8.026599,-7.7832127,-8.514456,-8.00446,-8.796957,-8.796956,-8.655144,-7.5157986,-8.789908,-8.154745,-8.2129345,-6.064053,-6.6228538,-6.6228547,-6.7153645,-6.598261,-6.7359834,-8.168863,-6.9164877,-4.1972733,-4.5238957,-4.5238957,-4.497317,-4.406131,-4.4890428,-5.2701063,-8.742801,-5.890921,-8.40834,-8.4083395,-6.46562,-8.867693,-8.456017,-8.499655,-7.838121,-7.815186,-8.20687,-8.206868,-8.160955,-6.852298,-8.208014,-8.241794,-7.9294424,-8.17666,-8.17543,-8.17543,-8.168026,-8.007568,-8.413127,-8.513333
CCOc1ccccc1,-2.33,-1.7051585,-2.2953777,-1.9970336,-1.9970337,-2.006153,-2.2305183,-1.9760537,-1.4731579,-1.3817046,-1.9782233,-1.9260124,-1.9260114,-1.8930808,-1.9374822,-1.8548882,-2.0560243,-1.7333677,-1.8134924,-1.9094317,-1.9094318,-1.9112215,-1.8016032,-1.9272057,-1.8326584,-1.2853167,-1.6849251,-2.23054,-2.230539,-2.20476,-1.6295521,-2.2606027,-1.97972,-1.99804,-2.00363,-2.0172346,-2.0172343,-1.9270478,-1.9473896,-1.9923997,-1.5348008,-1.7523772,-2.586546,-2.4444757,-2.4444757,-2.4043837,-2.4555762,-2.4158998,-2.366599,-2.2989707,-1.0154799,-1.8558702,-1.8558708,-1.3057457,-2.0137382,-1.932078,-1.8612374,-2.1283386,-2.25519,-2.9402494,-2.940249,-3.0136,-1.8840969,-3.196476,-2.3607087,-2.3144572,-2.402482,-2.303425,-2.3034253,-2.3348467,-2.3985753,-2.400375,-2.4038076
CCC(=O)OC3CCC4C2CCC1=CC(=O)CCC1(C)C2CCC34C ,-5.37,-4.789823,-5.2178164,-4.7670374,-4.767038,-4.8047733,-5.1945214,-4.8377304,-4.05679,-4.277359,-4.7310057,-4.582884,-4.5828824,-4.526306,-5.040779,-4.53494,-4.4579062,-5.4554586,-3.7809246,-4.5345383,-4.5345387,-4.4193497,-4.373404,-4.8954034,-5.0407505,-5.193536,-5.092199,-5.1737556,-5.1737556,-5.3675838,-4.666265,-5.3980756,-5.6597624,-4.8228583,-5.048415,-4.832035,-4.8320355,-4.852772,-4.7269897,-4.898861,-4.484763,-4.8553157,-5.075578,-4.8772907,-4.877291,-4.7439036,-4.6224747,-4.68956,-4.675838,-5.180524,-5.7944202,-4.6586676,-4.658668,-5.474354,-4.9569216,-4.6752605,-4.054264,-5.1354637,-5.235417,-5.866722,-5.8667216,-5.8213744,-4.1496067,-5.89311,-6.2070794,-5.2328005,-3.675311,-3.8731382,-3.8731384,-3.7956867,-3.8344872,-4.3536706,-5.1943507
Cc1cccc(C)c1C,-3.2,-1.9324894,-2.302064,-1.9902146,-1.9902147,-1.9846253,-2.1301732,-1.9978987,-1.613516,-2.000857,-2.4049242,-2.4500604,-2.4500606,-2.4423468,-2.5956774,-2.4004529,-2.4379864,-2.711491,-2.0352695,-2.1523774,-2.1523776,-2.152467,-2.1049955,-2.176999,-2.4369218,-2.1993861,-2.0152426,-2.6789813,-2.6789804,-2.672862,-2.1290126,-2.7556937,-2.5372872,-2.8602033,-2.7872436,-2.2302077,-2.2302082,-2.290054,-2.1750998,-2.2352746,-4.0007358,-2.1771827,-2.0171351,-2.0155582,-2.0155582,-1.9906298,-2.0902092,-1.9933219,-2.1268506,-3.6539302,-3.8669798,-3.493405,-3.4934056,-3.523528,-3.5736563,-3.3668342,-3.5127347,-2.8296409,-3.037432,-3.4653492,-3.4653492,-3.501012,-2.4634144,-3.4859924,-3.1902115,-3.104814,-4.0007763,-3.7984962,-3.7984967,-3.8007157,-3.7318456,-3.684863,-3.2379723
CC(C)C,-2.55,-1.3543577,-1.4650406,-0.8572418,-0.85724145,-0.8392769,-1.018623,-0.8128313,-0.8237608,-2.103516,-0.47813964,-0.9544262,-0.95442665,-0.9486148,-0.83245885,-0.9496908,-0.98535806,-2.2588122,-1.2123858,-1.322199,-1.322199,-1.3230793,-1.2528768,-1.3352872,-1.414296,-2.0479643,-0.8672003,-1.3977827,-1.3977838,-1.3989984,-0.96942043,-1.5136964,-1.4109777,-2.229233,-1.3394535,-1.0332488,-1.033249,-1.0398558,-1.0235732,-1.0188062,-0.678895,-1.500056,-1.3084515,-1.0118583,-1.0118583,-1.0212815,-0.98600227,-1.0158441,-1.5324149,-2.9115314,-3.2316396,-2.2350895,-2.2350895,-2.4398334,-2.2432065,-2.2262044,-2.498069,-2.6420548,-1.0733775,-1.7142795,-1.7142789,-1.7165747,-0.8948544,-1.7063411,-1.7033395,-1.9695027,-1.2620469,-1.1414776,-1.1414776,-1.1372709,-1.4749858,-1.4605795,-2.3979042
CCCCN(CC)C(=O)SCCC,-3.53,-2.8748667,-3.4941306,-3.0961814,-3.0961814,-3.0492256,-3.3074641,-3.0200782,-2.349239,-2.7731795,-3.0890837,-3.3615584,-3.3615575,-3.3088186,-3.6731312,-3.3454397,-3.181578,-2.8411012,-3.5896688,-3.4670515,-3.4670513,-3.4571197,-3.4969497,-3.485003,-3.1035304,-3.7451656,-3.4726987,-4.2113314,-4.2113314,-4.122319,-3.3929937,-4.2089305,-4.0896583,-2.010918,-3.3882215,-3.201444,-3.201444,-3.175653,-3.2255197,-3.044852,-2.7121341,-3.194528,-3.753931,-4.125225,-4.125225,-3.3347528,-4.0751247,-2.771666,-4.449164,-3.1857197,-4.210794,-3.1665127,-3.1665123,-3.9892921,-3.1662955,-3.0361655,-2.9655693,-2.7700527,-2.8620114,-3.4937403,-3.4937396,-3.483831,-2.406946,-3.535125,-3.8207493,-3.5547128,-3.4537506,-3.4575837,-3.4575837,-3.4670281,-3.3309274,-3.6405156,-3.6246018
CCOC(=O)NCCOc2ccc(Oc1ccccc1)cc2,-4.7,-5.8602633,-5.812747,-5.5419188,-5.5419183,-5.587425,-6.073152,-5.6208878,-4.4419737,-4.1205482,-5.298046,-4.380535,-4.380534,-4.370702,-4.8785167,-4.3802814,-4.6277905,-4.4830375,-5.587227,-5.0530443,-5.0530443,-5.08172,-5.1944814,-4.8219023,-4.883009,-4.429695,-4.1080914,-4.844637,-4.8446364,-4.845131,-3.9655845,-4.699227,-4.9029512,-5.7402062,-5.7442136,-5.4223194,-5.42232,-5.507315,-5.4527745,-5.545442,-5.44029,-6.318274,-6.8919973,-6.449593,-6.4495926,-6.5754075,-6.175877,-6.3346567,-6.037462,-4.2240763,-6.5142694,-4.1588798,-4.15888,-6.0143747,-4.4627595,-4.1843905,-4.458598,-4.563211,-5.03047,-5.5019593,-5.5019593,-5.381741,-4.279387,-5.393856,-5.4839463,-4.6394367,-4.7049227,-4.7704926,-4.770493,-4.757815,-4.561194,-4.6609335,-4.693599
CCCCCCC(=O)C,-2.05,-2.579004,-2.6499598,-2.328027,-2.3280272,-2.3174958,-2.6178315,-2.2911952,-1.8454816,-1.9373369,-2.05222,-2.4964137,-2.4964135,-2.4836333,-2.4421191,-2.4674563,-2.2821043,-2.2102926,-2.5125024,-2.5803344,-2.5803344,-2.581191,-2.5213895,-2.5951471,-3.1378646,-2.2520611,-1.8211039,-2.655009,-2.655008,-2.591355,-1.9765686,-2.721775,-2.4245017,-3.2782245,-2.6128623,-2.4039,-2.4039,-2.4059188,-2.3648162,-2.3629644,-2.2955842,-2.51466,-2.7882924,-2.6077917,-2.6077917,-2.3149676,-2.6199656,-2.4125834,-2.5193357,-2.3014777,-3.0659578,-1.7762578,-1.7762581,-2.7492309,-2.1405234,-1.7573857,-1.725776,-1.6487987,-2.0078945,-2.4255538,-2.4255538,-2.4704595,-1.6348326,-2.4503222,-2.4045384,-2.0143936,-1.8966429,-1.9567344,-1.9567343,-1.9125638,-1.5982398,-1.5014038,-1.8804804
Brc1cccc(Br)c1,-3.54,-4.2466235,-2.6538167,-2.6806006,-2.6806006,-2.7034824,-3.1360223,-2.70717,-2.9165413,-3.7509487,-3.4780462,-3.6608205,-3.6608205,-3.6646926,-3.5018365,-3.6481044,-4.1125736,-3.0117378,-1.7297869,-1.7708981,-1.7708982,-1.7729361,-1.6688132,-1.7941599,-2.9431462,-3.4735274,-3.2455149,-3.825361,-3.8253605,-3.7774563,-2.7995918,-3.7977667,-3.1897223,-4.1674623,-3.4843721,-3.2376704,-3.2376704,-3.2527242,-3.2636726,-3.1804965,-4.394745,-3.5242991,-2.354219,-2.5279348,-2.527935,-2.4494247,-2.5344665,-2.6705673,-2.6467597,-3.9298885,-3.1322525,-3.3600419,-3.360042,-2.878569,-3.520285,-3.4221954,-3.6190264,-3.3651512,-4.008147,-3.9014406,-3.9014404,-3.8897533,-3.6076424,-3.899838,-3.961039,-3.341161,-3.4852118,-3.4484255,-3.4484258,-3.4530368,-3.5529158,-3.5496547,-3.7688274
COC(=O)c1ccc(O)cc1,-1.827,-3.2265735,-2.523516,-2.4972684,-2.4972684,-2.524847,-2.896585,-2.5255105,-2.4517977,-1.4961098,-1.7042915,-1.0235794,-1.0235797,-0.9998565,-1.0748116,-1.0003798,-1.6396871,-1.6448195,-1.9238777,-1.9386513,-1.9386514,-1.9427676,-1.8839686,-1.9602814,-1.2254215,-0.9457895,-0.86395395,-1.3916968,-1.3916961,-1.3348814,-0.93586993,-1.3415471,-1.3897707,-2.5853477,-2.0623927,-2.1577365,-2.1577363,-2.1880817,-2.1483665,-2.2013245,-1.8150141,-2.2342906,-3.5132198,-3.808278,-3.8082778,-3.776102,-3.7560074,-3.539991,-2.8428295,-1.9092127,-1.3294011,-1.4420998,-1.4421008,-1.8802559,-1.7075725,-1.5529523,-1.5243218,-1.7193817,-1.471147,-1.9234443,-1.9234442,-1.9217594,-1.095201,-1.9439735,-1.672022,-1.845768,-1.926105,-1.8807943,-1.8807943,-1.8946047,-1.8088481,-1.8347229,-1.8179624
c1cc2ccc3ccc4ccc5cccc6c(c1)c2c3c4c56,-9.018,-6.8978605,-3.8214345,-3.9696972,-3.9696975,-3.940577,-4.4682126,-3.990213,-6.792363,-7.668344,-6.265272,-7.957019,-7.957016,-7.9146852,-8.25386,-7.9221888,-7.544161,-8.431752,-5.5754466,-6.2938437,-6.2938433,-6.301386,-6.009082,-6.1967793,-8.697074,-8.90761,-8.169161,-9.092976,-9.092977,-8.952908,-7.815594,-9.0973,-8.608289,-8.5513935,-4.7738743,-5.571548,-5.5715475,-5.5705724,-5.5953646,-5.474217,-8.635391,-4.794919,-3.5190468,-3.8990216,-3.8990219,-3.885272,-3.9330661,-3.8102803,-4.4741387,-7.99151,-7.0978703,-6.6389203,-6.638921,-7.2411213,-6.975543,-6.808925,-7.312406,-8.570451,-7.7550306,-8.964042,-8.964041,-8.886529,-7.1241884,-8.89996,-9.171611,-9.123179,-8.812388,-9.010011,-9.010012,-8.990277,-9.011935,-9.167846,-9.151914
ClCC(Cl)Cl,-1.48,-1.6971943,-1.4679875,-0.7563746,-0.75637436,-0.73446214,-1.0804174,-0.70397985,-1.26982,-1.6825409,-1.4999088,-1.6650217,-1.6650217,-1.6676888,-1.675089,-1.6669979,-1.7769657,-1.0261906,-0.97312856,-0.9398499,-0.93984985,-0.9414031,-0.99140406,-0.9502646,-1.4880166,-1.2682091,-1.2800033,-2.02722,-2.0272186,-1.9219767,-1.329093,-1.9923201,-1.4644551,-1.6311998,-2.1852295,-1.6507236,-1.6507237,-1.4446315,-1.5854305,-1.182564,-1.6085849,-1.6315625,-1.361625,-1.1090454,-1.1090456,-1.1128298,-1.1232637,-1.125979,-1.2387279,-1.7089726,-2.7652924,-2.153913,-2.1539128,-2.905323,-2.6372948,-1.9765706,-2.0644631,-1.3369305,-1.9176708,-2.139582,-2.1395814,-2.1257293,-1.6654316,-2.1447575,-1.7357175,-2.154695,-2.1476836,-2.1059892,-2.1059892,-2.1221485,-2.1314251,-2.153707,-2.0764465
CN(C)C(=O)N(C)C ,0.94,-1.5763032,-2.0371056,-1.4497507,-1.4497503,-1.4488344,-1.6330888,-1.4539971,-1.1109282,-0.2869611,-0.5921249,0.1750926,0.17509228,0.1775194,-0.031663835,0.21049945,-0.8439866,1.0807642,-1.6206934,-1.683245,-1.683245,-1.6834227,-1.6389312,-1.7149924,-1.4564846,0.01762031,-0.34487537,-0.77418786,-0.77418864,-0.79564214,-0.6769668,-0.8235298,-1.0991412,-1.1931468,-3.5695517,-3.6093056,-3.6093056,-3.661891,-3.6935964,-3.556421,-1.850207,-1.5095346,-2.159789,-2.1531935,-2.1531937,-2.145844,-2.0795634,-2.1281576,-1.5100366,-0.834682,-1.9636158,-0.38582656,-0.38582698,-1.7435316,-0.9668632,-0.35536978,-0.77905446,0.10996814,-0.36998537,-0.65103304,-0.6510329,-0.68314517,-0.12588021,-0.6770833,-0.58146626,0.07803579,-0.44220895,-0.47644562,-0.47644562,-0.46164113,-0.20423636,-0.22051501,-0.13314776
CCOP(=S)(OCC)Oc1ccc(cc1)S(C)=O ,-2.3,-4.2671223,-4.717218,-4.4501786,-4.450179,-4.4804277,-4.8449197,-4.486168,-3.9142077,-4.327935,-4.7981825,-3.9603941,-3.960394,-3.9469638,-4.413035,-3.9803517,-4.6097584,-3.0317965,-4.551327,-4.236899,-4.236899,-4.2091947,-4.341302,-4.319429,-3.662969,-4.6455355,-4.503879,-4.9502754,-4.9502745,-4.825773,-4.0106378,-4.963843,-4.8970404,-4.190209,-4.771423,-4.3782544,-4.378255,-4.4056025,-4.436161,-4.4260106,-3.5413098,-4.1549444,-4.469125,-4.711039,-4.7110395,-4.6357856,-4.6662707,-4.541604,-4.7053175,-3.6618428,-4.785443,-3.549667,-3.5496666,-4.512844,-3.9750805,-3.6181037,-3.6203039,-3.7441268,-4.2136087,-4.493479,-4.493479,-4.498354,-3.525218,-4.491155,-4.536038,-2.9471862,-2.3371544,-2.4522703,-2.4522703,-2.3995018,-2.1605365,-2.300714,-2.2942855
Clc1ccc(cc1Cl)c2ccccc2 ,-6.39,-3.5382473,-3.4494543,-3.3163497,-3.3163502,-3.3475866,-3.7467046,-3.388959,-2.9020896,-4.9524145,-5.2794867,-5.2804174,-5.2804155,-5.241952,-5.2134795,-5.236922,-5.1339397,-5.3668222,-3.9488351,-3.9663095,-3.9663098,-3.9714587,-3.867823,-3.9754484,-5.710449,-5.301545,-4.4745307,-5.45777,-5.4577703,-5.298055,-4.2773104,-5.3493304,-5.330553,-5.2116737,-2.8861172,-2.7688892,-2.7688894,-2.8085935,-2.658149,-2.8581069,-4.306721,-4.243235,-3.304114,-3.1368527,-3.136853,-3.0599656,-3.115053,-3.19913,-3.490087,-7.1248984,-5.9848294,-6.51432,-6.5143194,-6.5718126,-6.9519615,-6.728801,-6.7869873,-5.7564135,-4.712163,-5.1337943,-5.133794,-5.133146,-3.8751295,-5.132565,-5.6383247,-6.4039598,-6.201888,-6.245958,-6.245958,-6.243424,-6.160709,-6.1740007,-6.4137144
OC(CC(c1ccccc1)c3c(O)c2ccccc2oc3=O)c4ccc(cc4)c5ccc(Br)cc5 ,-4.445,-5.9861426,-9.391269,-7.8470936,-7.8470917,-7.8585515,-8.118576,-7.803738,-5.3009357,-6.2715073,-6.0080905,-5.692,-5.6919985,-5.6657896,-6.362209,-5.697673,-6.168119,-4.6786294,-7.089452,-6.5703864,-6.5703864,-6.4866705,-6.846875,-6.857464,-5.153862,-4.8030753,-6.1174345,-7.178213,-7.1782126,-6.6765194,-6.1719594,-6.7371254,-4.2589164,-4.462382,-8.145567,-7.72925,-7.7292504,-7.713649,-7.293651,-7.326272,-4.7736244,-5.1865983,-6.559573,-6.3921323,-6.3921328,-6.448412,-6.0367537,-6.372615,-5.335818,-5.643037,-6.130635,-5.2319303,-5.2319303,-5.879648,-5.4598293,-5.2485943,-5.529446,-6.313332,-6.817009,-7.054967,-7.054967,-7.0906405,-5.6590366,-6.887322,-6.0567174,-4.6025696,-4.4370327,-4.540999,-4.5409994,-4.536108,-4.2684255,-4.4757385,-4.295847
CC1(C)C(C=C(Cl)Cl)C1C(=O)OC(C#N)c2ccc(F)c(Oc3ccccc3)c2,-7.337000000000001,-5.7176623,-7.352207,-6.5951595,-6.595159,-6.6111183,-6.940516,-6.6502624,-5.57167,-6.09655,-5.182399,-4.836787,-4.836787,-4.8236723,-5.2665186,-4.848776,-5.069959,-7.301015,-6.4484053,-6.31928,-6.3192797,-6.3782268,-6.848549,-6.338479,-6.9785714,-7.2167234,-6.6867733,-7.1013775,-7.1013784,-7.2862473,-5.749867,-7.2631288,-6.8466797,-7.088066,-6.7083616,-6.4964705,-6.4964705,-6.5372696,-6.3795567,-6.592706,-6.994247,-6.003707,-5.551229,-5.2062125,-5.206213,-5.0833945,-5.182786,-5.420112,-5.083986,-5.341812,-5.8775916,-5.158179,-5.1581793,-5.6035404,-5.510826,-5.3015213,-5.28442,-6.8026705,-5.2816567,-6.001992,-6.0019913,-6.0775433,-4.1948504,-6.0690455,-6.9303856,-7.36754,-7.3235397,-7.3328342,-7.332834,-7.3627043,-7.186209,-7.245377,-7.3162513
COc1ccccc1Cl,-2.46,-2.22051,-2.394295,-2.3631344,-2.3631341,-2.3498182,-2.574613,-2.368298,-1.980273,-1.657641,-2.1734207,-1.4766847,-1.4766843,-1.468496,-1.5680891,-1.4433155,-2.1051927,-2.0885084,-1.8036964,-1.8785701,-1.87857,-1.8813964,-1.8883959,-1.9040009,-1.7408412,-1.6304386,-1.8667291,-2.5938454,-2.593846,-2.4806926,-1.7798893,-2.482445,-2.152614,-1.8585727,-1.9020044,-2.320044,-2.320044,-2.3041453,-2.2366982,-2.305045,-1.4200498,-1.5163996,-2.2886662,-2.2646184,-2.2646184,-2.246736,-2.2748177,-2.2416475,-2.0290244,-1.9515295,-0.59103256,-1.4602859,-1.4602867,-0.89417523,-1.5242195,-1.4913497,-1.227959,-2.0716572,-2.0278053,-2.4953547,-2.4953547,-2.519431,-1.7421099,-2.529932,-2.1010182,-2.4800155,-2.2415395,-2.0870955,-2.0870955,-2.1123939,-2.2006755,-2.3494158,-2.39187
C/C=C/C=O,0.32,-0.18425193,-1.4645278,-1.3144158,-1.3144157,-1.3524976,-1.5775956,-1.3058718,-0.69624317,-0.26746908,-0.6058117,0.054588456,0.05458845,0.05469707,0.016376795,0.08152652,-0.7200999,0.028581122,-0.89433783,-0.84836936,-0.8483693,-0.84928954,-0.77958906,-0.86585414,-0.17754848,-0.36096248,-0.34606698,-0.923764,-0.92376316,-0.8457254,-0.43662035,-0.8810556,-0.8742671,-0.19226058,-1.600401,-1.4700335,-1.4700339,-1.510254,-1.2985309,-1.5231255,-0.17953601,-0.19475529,-1.5840685,-0.91963583,-0.9196359,-0.95781857,-0.9648873,-0.99289685,-0.63430184,0.15625517,-1.0114658,0.42258355,0.42258328,-0.71544737,0.16348745,0.3956875,0.033307593,0.4457438,-0.095786646,-0.07497271,-0.07497243,-0.09154547,0.16086459,-0.100656874,0.04085239,0.26893547,-0.062554,-0.13969192,-0.13969193,-0.13079211,0.092501365,0.20099285,0.08522562
CCC(C)CO,-0.47,-1.3858539,-1.8048954,-1.1662986,-1.1662982,-1.1698068,-1.3586789,-1.1754218,-0.86321545,0.054302495,-1.1112547,-1.0149093,-1.0149095,-1.0079392,-1.0873011,-0.9622136,-1.5479366,-0.3148735,-1.3232254,-1.370733,-1.3707329,-1.3709474,-1.2860533,-1.3938752,-0.65266657,-0.5830463,-0.8315408,-1.2576534,-1.2576522,-1.0980867,-0.8184627,-1.1189644,-1.3306402,-0.7980273,-1.6236165,-1.2776004,-1.2776005,-1.2911948,-1.2101667,-1.265736,-1.0618179,-1.024184,-1.773311,-1.6407677,-1.6407677,-1.6246724,-1.6252152,-1.6143054,-1.2460676,-0.30612773,-1.3782995,0.018177096,0.018176962,-1.2464463,-0.26504433,0.04109545,-0.43413684,-0.32434124,-0.49530944,-0.791176,-0.7911762,-0.8208186,-0.31075877,-0.83297694,-0.6829424,-0.4413783,-0.77240515,-0.8955,-0.8955,-0.88356936,-0.6300028,-0.552566,-0.73371106
C=CCC=C,-2.09,-1.3292627,-1.4033661,-0.8217004,-0.8217002,-0.82672954,-1.175054,-0.8419768,-0.6724815,-0.61873835,-0.8596311,-0.2768242,-0.27682427,-0.2650417,-0.29679772,-0.22947922,-1.144784,-2.1382546,-1.0040535,-1.0064491,-1.0064491,-1.0072536,-0.9187281,-1.0250384,-0.38925773,-1.476114,-0.33047765,-1.1152359,-1.1152369,-1.0651572,-0.40597525,-1.0912943,-0.90032434,-2.463068,-2.9202092,-2.2694585,-2.2694583,-2.40265,-1.9959939,-2.2990382,-1.3370703,0.59447837,-2.1520753,-2.3500328,-2.350033,-2.3127494,-2.3082144,-2.4548314,-1.8817735,-2.393516,-3.8338132,-2.7261298,-2.7261295,-3.4950435,-3.0579736,-2.745897,-3.0796509,-1.5363957,-0.6025435,-1.0381533,-1.0381534,-1.0627145,-0.40851986,-1.0638771,-0.9475453,-2.044373,-1.9210402,-2.017747,-2.017747,-2.027586,-1.9824301,-1.9570669,-2.1060128
CCOP(=S)(OCC)Oc1ccc(cc1)N(=O)=O,-4.66,-4.3610287,-4.410333,-4.1614914,-4.1614914,-4.1660433,-4.5027804,-4.1559334,-3.7802482,-3.5108142,-3.459269,-3.3234513,-3.3234513,-3.2913792,-3.5493064,-3.3437135,-3.4892848,-3.8572528,-4.2014084,-4.067409,-4.0674086,-4.0794044,-4.1479726,-4.0266714,-3.65019,-4.37992,-3.7623594,-4.3365154,-4.336515,-4.143592,-3.5803797,-4.406373,-4.407322,-3.9625404,-4.368002,-3.998329,-3.9983287,-3.9957297,-4.070695,-4.089257,-3.5402734,-3.7153268,-4.1141343,-4.516119,-4.516118,-4.4554844,-4.4789515,-4.422654,-4.826269,-3.4339378,-3.9138386,-3.0055258,-3.005526,-3.78328,-3.433279,-3.0693676,-3.3722942,-4.243716,-3.1623921,-3.8788724,-3.878872,-3.882563,-2.522971,-3.9177916,-4.151267,-4.5158014,-4.6699567,-4.5808306,-4.580831,-4.6692705,-4.5364404,-4.638853,-4.681203
ClC(Cl)(Cl)C(NC=O)N1C=CN(C=C1)C(NC=O)C(Cl)(Cl)Cl ,-4.19,-6.602605,-5.5340433,-5.132722,-5.1327224,-5.1453123,-5.532797,-5.161265,-5.3248463,-4.0219016,-3.3719504,-4.1121936,-4.112193,-4.0893354,-4.834652,-4.0905905,-4.1259403,-4.1036506,-4.9280987,-4.4729137,-4.4729137,-4.4820256,-5.144071,-4.3535104,-4.412108,-4.335929,-3.3934903,-4.382677,-4.382676,-4.2202005,-3.3523252,-4.151032,-3.532695,-4.8403254,-6.506369,-6.4214997,-6.4214997,-6.084519,-6.5103073,-6.018789,-5.2092276,-6.225684,-3.949471,-4.3057685,-4.3057685,-4.282293,-4.217535,-4.138373,-5.134716,-3.2186425,-5.7967877,-3.8983526,-3.898353,-5.4334917,-3.8674512,-4.0537324,-3.4606612,-5.0910735,-4.7737803,-5.520218,-5.5202174,-5.469276,-3.8894165,-5.3559113,-5.270303,-4.163334,-4.291601,-4.337621,-4.337621,-4.333721,-4.1543913,-4.175867,-4.1617494
Clc1cccc(Cl)c1c2c(Cl)cccc2Cl ,-7.39,-5.3770494,-4.3162766,-4.9474654,-4.947465,-4.9074802,-5.0673804,-4.8135023,-5.021092,-6.769902,-5.942093,-6.403038,-6.4030366,-6.3514585,-6.012976,-6.2990103,-7.3449836,-7.143144,-5.7354107,-5.7121882,-5.712188,-5.7253375,-5.8751383,-5.6833744,-6.5935407,-6.934218,-5.80312,-7.0287423,-7.028743,-6.9396243,-5.6691504,-7.0200787,-6.3766713,-8.427617,-6.9009304,-7.759868,-7.7598677,-7.803554,-8.072754,-7.988068,-7.057082,-3.8462684,-3.214461,-3.5057411,-3.5057411,-3.485118,-3.490722,-3.3974524,-3.9694118,-6.0083914,-5.91264,-6.0037184,-6.0037193,-6.1806927,-6.615527,-6.3715186,-6.422856,-6.916854,-6.8289204,-7.727423,-7.7274237,-7.730718,-6.126077,-7.662495,-7.558466,-7.3870516,-6.391996,-6.510064,-6.510064,-6.4988503,-6.4433336,-6.596116,-7.163961
BrC(Br)(Br)Br,-3.14,-3.531758,-2.0058494,-3.8089268,-3.808927,-3.7666779,-3.8843145,-3.646477,-2.6011767,-3.3832633,-2.96402,-3.030201,-3.030201,-3.0275908,-2.9273102,-3.037329,-2.995494,-2.8764222,-2.2351682,-2.062668,-2.062668,-2.0649102,-1.8671149,-2.1054525,-3.5637531,-2.8200412,-2.268353,-2.9653263,-2.9653268,-2.9377117,-1.9362143,-2.986569,-2.2819266,-2.94276,-2.633703,-2.622348,-2.622348,-2.6337004,-2.683652,-2.3441672,-2.878053,-2.6318738,-1.3481095,-1.0845517,-1.0845517,-1.0753598,-1.182772,-1.0660547,-2.6213179,-2.3893485,-1.6054658,-1.9881978,-1.9881976,-1.8813424,-2.236851,-2.1498907,-2.1543102,-3.0384061,-3.0854554,-3.1809955,-3.1809955,-3.1778388,-2.7042015,-3.1818104,-3.096754,-2.582796,-2.2790515,-2.1944656,-2.1944654,-2.169077,-2.5821567,-2.605476,-2.4489179
CC1(C)CON(Cc2ccccc2Cl)C1=O,-2.338,-2.956136,-3.4067197,-2.9456308,-2.945631,-2.941295,-3.246214,-2.9321034,-2.3344104,-2.7502465,-3.2446232,-2.6619697,-2.661969,-2.6263165,-2.9226625,-2.6261113,-2.9082997,-2.283895,-4.0424643,-3.72399,-3.7239902,-3.7320306,-3.858588,-3.6752667,-2.3211355,-2.657957,-3.0979123,-3.6114492,-3.6114507,-3.1555364,-2.7041545,-3.4083579,-3.1683447,-3.4810855,-3.4115365,-3.278369,-3.2783692,-3.2886627,-3.1908083,-3.2919075,-2.8826911,-2.786113,-3.0531535,-2.7266378,-2.726638,-2.6838007,-2.7297246,-2.7717876,-2.6529763,-3.2732625,-3.911167,-3.3234508,-3.3234513,-3.777742,-3.5654786,-3.2588243,-3.3355923,-2.3781364,-2.932203,-3.5727744,-3.5727737,-3.5878396,-2.401555,-3.6314337,-3.3991024,-2.3404179,-2.3764117,-2.5968595,-2.5968595,-2.5843685,-2.1651652,-2.3020182,-2.3072643
O=C1CCCCC1,-0.6,-1.2297633,-1.7155318,-1.0255613,-1.025561,-1.0184639,-1.179838,-1.018743,-0.9525236,-0.60911024,-1.1938844,-1.39124,-1.3912395,-1.3841918,-1.4389654,-1.3636761,-1.4678277,-0.5132744,-1.9187797,-2.070327,-2.070327,-2.0705833,-2.0076594,-2.089597,-3.1504915,-1.3608291,-1.5330824,-2.153583,-2.1535823,-2.129968,-1.5600398,-2.1810672,-2.0928645,-0.66182387,-2.0467932,-1.0598888,-1.0598887,-1.0830851,-0.8732747,-1.1167165,-0.7757888,-1.0637419,-1.8504488,-1.8501362,-1.8501362,-1.8343123,-1.8421429,-1.9127653,-1.402949,-0.03868949,-1.2914808,0.15573719,0.15573724,-0.915253,-0.3028143,0.1724036,-0.31587505,-0.24271157,-1.9507233,-2.1584203,-2.1584203,-2.163148,-1.8155371,-2.162718,-1.8911417,0.050859123,-0.68083817,-0.5822068,-0.5822068,-0.5834558,-0.73363703,-0.6337117,-0.671611
CC(C)CCCO,-1.14,-1.8656557,-2.0838947,-1.6266092,-1.6266091,-1.6305568,-1.8650441,-1.6083394,-1.2837971,-1.0122824,-1.2025774,-1.6923307,-1.692331,-1.6772096,-1.483064,-1.6380341,-1.728051,-0.8750504,-1.570994,-1.646639,-1.6466389,-1.6483703,-1.5533066,-1.6647581,-1.1439238,-1.4750414,-1.3266745,-1.890186,-1.8901863,-1.820747,-1.2995529,-1.8769364,-1.8472767,-2.1302302,-1.9321367,-1.6416512,-1.6416512,-1.6653353,-1.5564365,-1.6461899,-1.4834287,-1.9634537,-2.027909,-1.6965199,-1.6965199,-1.6339359,-1.6905197,-1.6813389,-1.592291,-0.9675263,-1.9445696,-0.59231883,-0.5923187,-1.8515717,-0.88952667,-0.6358269,-0.89207405,-0.9838875,-1.1054009,-1.5768937,-1.5768934,-1.5829389,-0.82394946,-1.5985441,-1.4436449,-1.1055696,-0.77785426,-0.65955216,-0.6595521,-0.6256244,-0.963496,-0.84765494,-0.6056443
ClC1(C2(Cl)C3(Cl)C4(Cl)C5(Cl)C1(Cl)C3(Cl)Cl)C5(Cl)C(Cl)(Cl)C24Cl,-6.8,-7.3465934,-5.5265884,-6.3218255,-6.3218255,-6.234108,-6.445131,-6.041489,-6.7777686,-7.073926,-6.331578,-6.835085,-6.835084,-6.8168397,-6.58232,-6.731099,-6.566342,-6.5390635,-8.541567,-8.550341,-8.550341,-8.578122,-8.454065,-8.486813,-6.962981,-7.2485876,-6.73974,-6.8681345,-6.8681326,-6.724592,-7.415213,-6.9139137,-6.6570263,-7.2517586,-6.4105344,-7.5248656,-7.524865,-7.5092406,-7.931995,-7.456392,-6.8198695,-6.472182,-2.475349,-2.6909814,-2.6909814,-2.6549785,-2.7302916,-2.6605272,-2.7268987,-6.762597,-3.9233978,-6.0624332,-6.0624332,-4.1148615,-6.036133,-6.0216403,-6.7305064,-6.89536,-6.170478,-7.0070357,-7.0070353,-7.0087953,-5.660657,-7.2796416,-6.75259,-6.8136263,-6.870157,-6.9161882,-6.9161873,-6.913802,-6.79417,-7.0240955,-6.656451
c1cc2ccc3ccc4ccc5ccc6ccc1c7c2c3c4c5c67,-9.332,-7.3245254,-4.217532,-4.3332157,-4.333216,-4.2971516,-4.89401,-4.3438687,-6.948633,-8.270563,-6.6747437,-8.613172,-8.613172,-8.572332,-8.8833885,-8.574846,-8.081585,-9.352526,-6.1872644,-7.3655763,-7.3655763,-7.376058,-6.888151,-7.233862,-8.983962,-9.751366,-9.736151,-9.988184,-9.988182,-9.795726,-9.372539,-9.957361,-9.011583,-9.818439,-5.8014846,-6.941318,-6.9413185,-6.9255977,-6.820629,-6.958727,-9.035415,-5.7737327,-3.6767554,-4.0973077,-4.097308,-4.08999,-4.1096363,-3.9795303,-4.718112,-8.473358,-6.1868567,-6.9758267,-6.9758263,-6.8248544,-7.329669,-7.124746,-7.892932,-9.140691,-8.073152,-9.298212,-9.29821,-9.2129545,-7.425221,-9.252642,-9.412014,-9.123179,-8.812388,-9.010011,-9.010012,-8.990277,-9.011935,-9.167846,-9.151914
CCCC=O,-0.01,-0.8603792,-1.4276388,-0.9439851,-0.9439847,-0.93882585,-1.1740693,-0.92315805,-0.7926672,-0.42171803,-0.65331715,-0.30934533,-0.3093457,-0.30511725,-0.37551183,-0.26654476,-0.97078615,-0.26798624,-1.0826896,-1.0970323,-1.0970323,-1.0978731,-1.0420777,-1.114341,-0.7151028,-0.55751324,-0.51783645,-0.9335153,-0.933514,-0.8876343,-0.61443603,-0.9380283,-1.0947883,-0.013307804,-1.5579942,-1.1612676,-1.1612678,-1.1176387,-0.9671141,-1.098931,-0.8933452,-0.46661863,-1.7985932,-1.6109935,-1.6109934,-1.5709043,-1.5733889,-1.4790562,-1.1123517,0.39946085,-0.9038375,0.62687093,0.6268714,-0.545825,0.24942291,0.6246739,0.08364501,-0.1053957,-0.30084023,-0.4690525,-0.46905273,-0.47608915,-0.19982405,-0.48046765,-0.2907472,0.091095105,0.00960235,-0.011502592,-0.011502597,-0.011514392,0.15131387,0.17698088,0.3031119
CCCCCCCC=C,-5.05,-3.3095613,-2.8251133,-2.6410697,-2.64107,-2.6704822,-3.0530238,-2.6753135,-2.1806722,-3.9192429,-2.7830138,-3.7122622,-3.712262,-3.6607034,-3.7660408,-3.6513999,-2.8583639,-4.4339666,-2.5116692,-2.6007297,-2.6007295,-2.6021583,-2.4860108,-2.5956216,-3.527822,-4.6229033,-3.1048574,-4.1342335,-4.1342325,-4.1638722,-2.9205081,-4.262607,-3.7412586,-3.8294075,-2.7168248,-2.5776827,-2.5776827,-2.6190317,-2.549952,-2.6223242,-2.5348976,-4.2114706,-3.5522678,-3.5376263,-3.5376258,-3.0348568,-3.534427,-2.8698592,-3.8151684,-5.2339954,-4.564361,-4.565734,-4.565734,-5.0798016,-5.0738554,-4.8474603,-4.9527874,-4.5315995,-3.3916612,-4.382567,-4.382567,-4.399501,-2.6832414,-4.285794,-4.449844,-5.157579,-5.170011,-5.053071,-5.053071,-5.059675,-4.9183836,-5.0125933,-5.040299
CCOC(=O)N(C)C(=O)CSP(=S)(OCC)OCC,-2.518,-4.482212,-4.8638306,-4.6335773,-4.633577,-4.567355,-4.7615666,-4.395226,-3.919582,-2.9874911,-3.6838934,-2.6403508,-2.6403499,-2.6802852,-3.1029096,-2.6549337,-3.4587553,-3.1767197,-4.5784454,-4.2732368,-4.2732368,-4.290872,-4.5282454,-4.1043196,-3.4772708,-3.0708156,-2.528997,-3.2957919,-3.295791,-3.0707157,-2.4814293,-3.178291,-3.0644467,-4.2738814,-5.256219,-4.8815103,-4.8815103,-4.7842436,-4.859454,-4.518273,-3.6323578,-3.8126545,-4.2694263,-4.679442,-4.679442,-4.4692183,-4.669989,-4.723908,-4.8322616,-4.3617363,-4.80001,-3.77302,-3.7730203,-4.608667,-4.430993,-3.541163,-4.262867,-2.6277418,-2.9789531,-3.2161324,-3.2161317,-2.9573874,-2.6202266,-3.0157318,-3.1967423,-3.10709,-4.020815,-3.6054544,-3.6054547,-3.8800542,-4.0015163,-3.6060693,-5.1116967
CCN2c1cc(Cl)ccc1NC(=O)c3cccnc23 ,-5.36,-4.075031,-3.9526777,-3.624005,-3.6240056,-3.6274085,-3.9762833,-3.630971,-3.246961,-4.0918245,-4.3627834,-4.332884,-4.332883,-4.292871,-4.3970013,-4.2552524,-4.1228533,-4.1481414,-4.922345,-4.7519593,-4.75196,-4.7638726,-4.904085,-4.6728916,-4.979859,-4.350976,-4.2028127,-5.1115913,-5.111592,-4.945242,-3.90295,-4.9358706,-4.719846,-4.0539017,-3.980474,-3.8460827,-3.8460827,-3.8339484,-3.693894,-3.8325803,-3.8407621,-3.3907943,-3.4278708,-3.969117,-3.969117,-3.9433525,-3.9682965,-3.9299376,-4.4424157,-2.3997238,-3.1452348,-2.3929737,-2.3929741,-2.9314444,-2.7380724,-2.3888273,-2.408251,-4.1732397,-4.5844493,-4.8030796,-4.8030787,-4.795555,-3.5840342,-4.873568,-4.912483,-5.3852906,-5.2416463,-5.305088,-5.305089,-5.3171344,-5.2270703,-5.3210187,-5.338812
ClCCCl,-1.06,-1.4867313,-1.1393576,-0.6041785,-0.6041785,-0.56226754,-0.8572606,-0.5312529,-0.9960091,-0.90495455,-0.8036805,-1.0299944,-1.0299945,-1.0353247,-1.0839831,-1.0282784,-1.1111419,-0.82021034,-0.9238174,-0.8858184,-0.88581836,-0.8867893,-0.9069713,-0.8958727,-1.1915265,-0.7823477,-0.87717,-1.506332,-1.5063341,-1.4044105,-0.90057117,-1.460294,-1.1400092,-1.7332695,-3.312816,-1.9689773,-1.9689776,-1.9983145,-1.8255826,-2.0274317,-1.6312664,-1.1153543,-1.3388084,-1.0522412,-1.0522413,-1.0655303,-1.0645287,-1.0790089,-0.95156044,-1.7211237,-1.6369663,-1.7560835,-1.7560837,-1.3510222,-2.1717885,-1.865751,-1.5663399,-1.1021099,-1.2171606,-1.5605785,-1.5605783,-1.5447026,-1.0119694,-1.5501531,-1.2379564,-1.3441683,-2.5008082,-2.4981897,-2.49819,-2.535623,-2.4421172,-2.4517238,-2.1851351
Clc1cccc(Br)c1,-3.21,-3.3677793,-2.460617,-2.3957114,-2.3957112,-2.4152212,-2.7630503,-2.4171238,-2.4115953,-3.3284764,-2.8941224,-3.0558872,-3.0558867,-3.0592682,-2.861536,-3.035548,-3.2139199,-2.8570485,-1.9466875,-1.9891678,-1.9891678,-1.9917333,-1.9395959,-2.011545,-2.8192015,-2.965235,-2.830703,-3.4914098,-3.49141,-3.4076545,-2.602833,-3.4386628,-2.9858932,-3.4624488,-2.1327648,-2.203448,-2.203448,-2.1831186,-2.1271021,-2.168501,-3.1029744,-3.2930846,-2.3207998,-2.4758458,-2.4758458,-2.399478,-2.4775507,-2.6190596,-2.5493028,-3.4490516,-2.8832767,-2.8967135,-2.8967128,-2.6441798,-3.0949292,-2.9471788,-3.1160803,-3.2159894,-3.4985433,-3.4201093,-3.4201093,-3.4213333,-3.1016486,-3.4201398,-3.421802,-3.341161,-3.4852118,-3.4484255,-3.4484258,-3.4530368,-3.5529158,-3.5496547,-3.7688274
O=c1[nH]cnc2nc[nH]c12 ,-2.296,-1.5498898,-2.193131,-2.0564342,-2.0564342,-2.0529733,-2.23738,-2.0656638,-1.362646,-1.1361632,-0.96761286,-0.55465,-0.55464953,-0.5595337,-0.6391458,-0.5537339,-0.8742459,-2.3095443,-1.4711632,-1.4004179,-1.4004179,-1.4007477,-1.3623308,-1.4367026,-0.9183481,-1.9219189,-0.4158811,-1.6013763,-1.6013753,-1.4047669,-0.52945215,-1.4780566,-0.75138134,-1.171389,-1.7412444,-1.9991577,-1.9991577,-1.9880381,-1.8573791,-2.0251958,-0.85476804,-1.111908,-2.2153604,-2.2455275,-2.2455273,-2.2362678,-2.232292,-2.2273932,-1.6758132,-0.32589784,-1.2989911,-0.39859745,-0.39859772,-0.8066456,-0.60436225,-0.48895344,-0.4459301,-0.97186404,-0.869073,-1.0792307,-1.079231,-1.0786741,-0.89897156,-1.0962816,-1.010966,-2.281149,-2.2680354,-2.4511108,-2.451111,-2.4541106,-2.2749176,-2.2912076,-2.2284658
O=C1NC(=O)NC(=O)C1(CC=C)c1ccccc1,-2.369,-3.1547875,-3.5823689,-3.3583856,-3.3583856,-3.3558292,-3.6335592,-3.3456523,-2.8846395,-2.7188122,-2.703925,-2.326872,-2.3268723,-2.288196,-2.258387,-2.2651222,-2.7859867,-2.4260488,-3.9314353,-3.5555425,-3.5555425,-3.552634,-3.9134662,-3.5329885,-1.9933774,-3.2799964,-2.0971482,-2.9773073,-2.9773078,-3.3643258,-2.2651727,-3.129401,-2.459642,-2.4100938,-3.3250315,-3.0789974,-3.0789971,-3.075631,-3.107089,-3.0493386,-2.6378834,-3.3888288,-3.3037539,-3.8120651,-3.8120651,-3.7753046,-3.790943,-3.7353187,-4.423213,-2.6167762,-2.4403665,-2.3035102,-2.3035102,-2.4428701,-2.546803,-2.3463311,-2.3934536,-2.771173,-2.3153565,-2.9920282,-2.9920273,-2.9991338,-1.7553645,-3.0392222,-3.010377,-2.323032,-2.3893971,-2.462096,-2.4620965,-2.4507265,-2.3406284,-2.3857079,-2.3454423
Brc1ccc2ccccc2c1,-4.4,-4.184922,-2.6357505,-2.7075617,-2.707562,-2.7339253,-3.1871407,-2.7322485,-2.9064488,-3.9393075,-4.4273243,-4.694751,-4.694751,-4.678413,-4.595386,-4.625256,-4.4239388,-4.2599497,-2.4872382,-2.6458502,-2.6458502,-2.6493657,-2.508681,-2.6583424,-4.396104,-4.165219,-3.9824796,-4.7747374,-4.7747364,-4.69974,-3.6012657,-4.792611,-4.132956,-4.7579203,-2.2824445,-2.4445164,-2.4445164,-2.4567826,-2.3539443,-2.4661124,-4.3856845,-3.1981099,-2.5136127,-2.5882506,-2.5882506,-2.5519352,-2.6128056,-2.5823307,-2.6814978,-4.4408603,-5.232531,-4.246015,-4.246015,-5.32594,-4.667141,-4.2233753,-4.4028797,-4.1666617,-4.6196775,-4.83729,-4.8372893,-4.87011,-4.2992225,-4.8531055,-4.720786,-4.272895,-4.2703695,-4.170806,-4.170806,-4.1725874,-4.2203045,-4.2332277,-4.2770123
Cc1ccc(N)cc1,-1.21,-1.1568129,-2.0868607,-1.7713857,-1.7713856,-1.7927381,-1.9663334,-1.7893198,-1.2107153,-0.902458,-1.5189047,-1.6042827,-1.6042826,-1.5996069,-1.6216408,-1.5542881,-2.0056412,-1.0670254,-1.5074416,-1.6414093,-1.6414095,-1.6426796,-1.5438596,-1.6602148,-1.0287045,-0.9137908,-1.2551513,-1.8683535,-1.8683555,-1.7867085,-1.4542844,-1.874726,-1.6376587,-2.1082735,-1.9404734,-1.8760624,-1.8760624,-1.8906419,-1.9265659,-1.8936335,-2.2231624,-1.733371,-2.7002292,-2.2050772,-2.2050774,-2.2384145,-2.1714053,-2.2247548,-1.8840399,-1.0271684,-1.5447809,-0.8146545,-0.814655,-1.4970868,-0.9327161,-0.87574035,-0.85184324,-1.1272867,-1.855593,-2.2063997,-2.2063997,-2.2260962,-1.2974558,-2.2103786,-1.8688309,-1.1706111,-1.9480038,-1.9233052,-1.9233052,-1.9450829,-1.6381663,-1.6700407,-1.6310613
O=C1N(COC(=O)CCCCCC)C(=O)C(N1)(c2ccccc2)c3ccccc3,-6.301,-5.2709785,-6.4511228,-5.8756514,-5.8756514,-5.8910737,-6.2180047,-5.932842,-4.7252407,-4.8048067,-5.2580137,-4.7050323,-4.7050314,-4.6007504,-5.1253037,-4.620002,-5.3658338,-6.21576,-5.056609,-5.0103755,-5.010375,-4.88094,-5.4431376,-5.248252,-5.7214546,-6.0816107,-5.4096904,-6.027768,-6.027768,-6.2886724,-4.918648,-6.437225,-6.425829,-5.309855,-6.311826,-5.950666,-5.950666,-5.9651856,-5.855524,-6.060047,-5.349294,-5.605834,-5.9474998,-6.20392,-6.2039204,-6.246977,-5.924722,-6.134532,-5.368322,-5.4313836,-5.195227,-4.5998073,-4.5998077,-4.6207294,-4.561404,-4.5194135,-5.1989837,-5.348643,-5.612519,-5.842151,-5.8421507,-5.8234367,-4.5676494,-5.8380065,-6.677044,-6.238227,-6.291344,-6.375775,-6.3757753,-6.3882027,-6.1072545,-6.136074,-6.277453
COCCCNc1nc(NC(C)C)nc(SC)n1,-2.928,-4.411606,-5.065684,-4.654249,-4.654248,-4.6611395,-4.969893,-4.676083,-3.513521,-3.0913842,-3.864283,-3.520957,-3.520956,-3.507804,-4.1658044,-3.5897355,-4.0398335,-2.9004107,-4.437602,-4.2667174,-4.2667174,-4.2150197,-4.3300967,-4.4365005,-3.0631418,-3.6460145,-2.3224514,-3.2185845,-3.2185853,-3.1097991,-2.0920103,-3.184307,-2.905804,-3.8288713,-5.0415645,-4.6526356,-4.6526356,-4.657668,-4.6068187,-4.7297773,-3.516574,-3.9168942,-4.552827,-4.480678,-4.480678,-4.366112,-4.4112706,-4.275018,-4.2799206,-4.376533,-4.2330017,-4.3938727,-4.3938727,-4.141714,-4.6862087,-4.490171,-4.2362347,-3.7726388,-3.7877147,-3.9653544,-3.965355,-3.9683154,-3.1355283,-4.0302033,-4.00138,-2.9502616,-2.934359,-2.836314,-2.8363142,-2.856555,-2.8114133,-2.8488717,-3.047808
Fc1cccc(F)c1C(=O)NC(=O)Nc2cc(Cl)c(F)c(Cl)c2F ,-7.28,-6.0638413,-5.9247727,-5.6745863,-5.6745863,-5.706846,-6.2096534,-5.774504,-4.9651823,-6.958333,-3.3119466,-4.742222,-4.7422237,-4.944737,-6.2490497,-4.902268,-2.3410854,-7.0613647,-5.8631387,-5.3499656,-5.3499656,-5.383703,-5.682131,-5.2460537,-3.787606,-7.445469,-4.922089,-6.6477594,-6.64776,-6.665026,-5.3531966,-6.5499616,-5.3849373,-7.2165337,-5.121304,-5.1228533,-5.1228538,-5.172916,-5.2117696,-5.235226,-6.324316,-6.42077,-5.3488197,-5.062369,-5.0623693,-5.1121955,-5.029558,-4.878596,-4.1131268,-3.8814912,-5.1618657,-3.109625,-3.1096246,-4.4242935,-3.1698236,-3.596683,-3.3498137,-6.8890505,-1.9304557,-4.152564,-4.1525626,-4.0698395,-2.0059927,-4.112834,-3.096879,-7.161434,-5.384943,-5.6001377,-5.6001387,-5.685543,-4.7506957,-5.443305,-4.386321
CC(=O)N,1.58,0.17516623,-1.5359724,-1.0413215,-1.0413212,-1.0361931,-1.0580351,-1.0268416,-0.35676497,1.2950468,0.031056862,0.9198673,0.91986644,0.9216272,0.62092406,0.9556536,-0.18722773,0.5615511,-0.9198123,-0.8996871,-0.8996871,-0.9006068,-0.8602597,-0.9124705,-0.3731107,0.7198349,0.08661775,-0.2826936,-0.2826932,-0.20099239,0.09151035,-0.19126514,-0.46188855,1.5874714,-1.2880526,-0.8015738,-0.8015739,-0.8121773,-0.71506715,-0.8197168,0.009517596,0.44563302,-1.2925625,-0.89772713,-0.8977272,-0.9340034,-0.8296791,-0.940267,-0.58926713,0.9953252,-0.3059588,0.9016503,0.9016501,0.17625247,0.6236497,0.87167567,0.45041543,1.2473927,0.26799068,0.52603364,0.5260334,0.5017334,0.6041599,0.49620897,0.44095615,1.5489913,-0.33192337,-0.29161227,-0.29161227,-0.27983862,-0.048853733,0.21105796,0.15065499
CCN2c1ccccc1N(C)C(=S)c3cccnc23 ,-4.706,-3.290692,-3.8516598,-3.485799,-3.4857993,-3.4511337,-3.8168364,-3.4032776,-2.5875099,-4.1795535,-4.4905257,-5.1333036,-5.133303,-5.089996,-5.406622,-5.062532,-4.60442,-4.2159057,-4.847232,-4.6355557,-4.6355557,-4.6799483,-4.900262,-4.513017,-4.336059,-4.5359316,-4.2742333,-5.26826,-5.26826,-5.2999525,-4.292079,-5.3099003,-4.7301884,-3.4443958,-4.0834603,-3.8733785,-3.8733788,-3.827584,-3.7850552,-3.774731,-3.1103675,-2.8251734,-3.305172,-3.7857332,-3.7857335,-3.7620938,-3.8176377,-3.7451167,-4.125867,-3.4475608,-2.7573729,-2.6413865,-2.6413865,-2.5443892,-2.7767687,-2.5621333,-2.748023,-4.923142,-4.815432,-5.475336,-5.475337,-5.485204,-3.8931935,-5.555607,-5.265797,-4.7280474,-4.551648,-4.645225,-4.6452255,-4.6576576,-4.5562215,-4.6816516,-4.7010293
COc1ccc(cc1)N(=O)=O,-2.41,-3.2168992,-2.4995208,-2.4689643,-2.468964,-2.4968596,-2.863079,-2.49645,-2.415997,-1.9093777,-1.6320393,-1.2715288,-1.2715294,-1.2437072,-1.209169,-1.2438605,-1.538079,-2.4093354,-1.9207641,-2.0029206,-2.0029206,-2.0067742,-1.9290159,-2.0141652,-1.8571147,-1.9258274,-1.5510432,-2.4045775,-2.404578,-2.3410163,-1.571748,-2.3115466,-1.8684782,-2.459525,-2.0207968,-2.1452687,-2.1452687,-2.166365,-2.1300626,-2.168382,-1.852365,-2.3707366,-3.0795116,-3.298831,-3.2988307,-3.2192352,-3.2417161,-3.322972,-3.9441898,-2.2168396,-1.3637327,-1.5821102,-1.582111,-1.6921724,-1.7270247,-1.6184106,-1.5123957,-2.2616012,-1.7531794,-2.2181535,-2.2181532,-2.2261155,-1.2833344,-2.2583966,-2.4663076,-2.424984,-2.2888503,-2.208269,-2.2082694,-2.2105148,-2.279017,-2.3256242,-2.3834004
CCCCCCCCCCCCCCCO,-6.35,-5.2590075,-5.0077753,-4.8053465,-4.8053465,-4.8115683,-5.2423415,-4.836777,-3.9876916,-5.603934,-4.5003033,-6.614089,-6.614086,-6.5502524,-7.13349,-6.585296,-5.9783797,-6.0350127,-4.437747,-4.4650583,-4.4650583,-5.16919,-4.7356415,-4.450928,-5.6228967,-6.1787395,-5.80789,-6.251395,-6.2513957,-5.9391403,-5.7153373,-6.1474457,-6.9277477,-5.340537,-5.0923395,-4.9231477,-4.9231477,-5.0082183,-4.967988,-4.902546,-5.597535,-5.2245493,-5.738126,-5.3654537,-5.3654537,-5.1651435,-5.6857324,-5.3462114,-5.25426,-5.870303,-6.1362567,-5.5919967,-5.5919967,-6.3623123,-5.7405396,-5.6083317,-5.675632,-5.605998,-5.0942316,-6.319873,-6.319873,-6.938942,-4.369097,-6.7772536,-7.087395,-5.5797334,-6.2496347,-6.248779,-6.2487783,-6.2782774,-6.215925,-6.3856034,-6.330774
CCc1ccccn1,0.51,-1.2623955,-2.1055403,-1.5561393,-1.5561395,-1.5764265,-1.7096195,-1.5868015,-0.9213915,-1.1823225,-1.8150115,-1.6563723,-1.6563723,-1.6385589,-1.6488478,-1.6053796,-1.8458658,-1.0648649,-1.6156536,-1.7520218,-1.7520218,-1.7528193,-1.6972029,-1.7777065,-1.6761471,-0.771393,-1.2986647,-1.7802697,-1.7802702,-1.7106801,-1.3828918,-1.8086007,-1.5774143,-1.0600544,-1.7892458,-1.4550992,-1.4550992,-1.4809064,-1.3997213,-1.4632605,-0.9137265,-1.4976708,-2.2497053,-2.21899,-2.21899,-2.2077563,-2.212601,-2.194244,-1.8198189,-0.76155967,-2.3766239,-0.9121638,-0.91216326,-2.0071573,-1.2916774,-0.9172887,-1.1563188,-1.2777345,-1.2050239,-1.6686268,-1.6686274,-1.6783088,-1.2120601,-1.6903558,-1.5448437,0.5168842,0.7899518,0.7015373,0.70153725,0.73306453,0.59202814,0.6653631,0.23047398
COC(=O)c1cccnc1 ,-0.46,-2.4165192,-2.3437765,-2.1768675,-2.1768672,-2.1989098,-2.472386,-2.2012718,-1.9254146,-0.97258747,-1.4335954,-0.43392742,-0.43392769,-0.40571442,-0.638405,-0.41049492,-1.3044173,-1.1267209,-1.5531949,-1.6061441,-1.606144,-1.6089816,-1.5055326,-1.6276318,-1.0690941,-0.3332014,-0.9649528,-1.54829,-1.5482895,-1.4725317,-1.051019,-1.5074009,-1.4352438,-1.7665253,-1.9809331,-2.2017117,-2.2017117,-2.2079554,-2.1560073,-2.2191331,-1.520686,-1.3282073,-3.2935796,-3.5123003,-3.5123,-3.5380673,-3.4336522,-3.2847886,-1.7034731,-1.7203633,-1.7558044,-1.3964794,-1.39648,-1.9536016,-1.6606328,-1.4722583,-1.4550469,-1.0850735,-1.0706431,-1.6299224,-1.6299226,-1.6407647,-0.7443828,-1.6759977,-1.2941842,-0.42441922,-0.36759958,-0.52592355,-0.52592343,-0.52834177,-0.25459394,-0.31134713,-0.34661514
CCCCCC=C,-3.73,-2.3579128,-2.196801,-1.8667517,-1.8667517,-1.8134165,-2.121663,-1.7210763,-1.5270854,-2.6331706,-1.7598305,-2.6010165,-2.6010163,-2.5726874,-2.3854065,-2.5229454,-2.2560077,-3.07069,-1.8325976,-1.9729346,-1.9729345,-1.9732426,-1.8694762,-1.9940875,-2.4654891,-3.4652786,-1.9933785,-2.953898,-2.953898,-2.9684474,-2.1142585,-3.0466692,-2.5379338,-2.6952112,-2.136351,-1.9372633,-1.9372631,-1.9313159,-1.8632123,-1.8775104,-1.6735483,-2.3923175,-2.7647443,-2.8164258,-2.8164258,-2.6865878,-2.8075483,-2.6545074,-3.1530108,-3.6772583,-4.00133,-3.3829334,-3.3829331,-4.1611657,-3.8450518,-3.3700266,-3.648047,-3.3233733,-2.3475466,-3.153204,-3.153204,-3.2681165,-1.8572358,-3.2232418,-2.863305,-3.6214745,-3.6897533,-3.7003543,-3.700354,-3.6599257,-3.5112457,-3.8030891,-3.7925892
CCC(C)(O)CC,-0.36,-1.8240036,-1.9818552,-1.6389068,-1.6389065,-1.5992692,-1.8831992,-1.5383422,-1.0901078,-0.13704234,-1.5090714,-1.6449505,-1.6449503,-1.6380587,-1.7239666,-1.5946875,-1.9566276,-0.27929878,-1.6750747,-1.7952,-1.7952,-1.7948453,-1.7212093,-1.8174361,-1.6873991,-0.4492351,-1.160873,-1.4973055,-1.4973043,-1.5487193,-1.1841904,-1.6153888,-1.573579,-1.5486349,-2.050267,-1.7791001,-1.7791001,-1.7460061,-1.7462144,-1.6736919,-1.5477496,-1.3361499,-1.8597424,-1.7816685,-1.7816684,-1.7645779,-1.7783219,-1.7723737,-1.4466568,-0.7188554,-1.696537,-0.31603146,-0.31603175,-1.5180081,-0.5978064,-0.25773588,-0.7398402,-0.5106362,-1.1397188,-1.4704684,-1.4704684,-1.4681429,-0.9886239,-1.498657,-1.2934481,-0.36820132,-0.4746,-0.58833677,-0.58833677,-0.5402734,-0.5241699,-0.3549463,-0.838742
CCCCCCCCC,-5.88,-3.5653164,-2.91279,-2.8126464,-2.8126466,-2.8350005,-3.2410994,-2.8278868,-2.3762658,-4.298793,-2.8163025,-4.0210385,-4.021038,-3.988719,-4.238903,-4.0252857,-2.9037244,-5.18303,-2.8822725,-3.0058177,-3.005818,-3.0107334,-2.8566198,-3.0023468,-4.565645,-5.0561724,-4.1424556,-4.731614,-4.7316146,-5.2298985,-4.135568,-5.3286834,-4.9316516,-3.8250592,-3.117135,-2.9947972,-2.9947972,-2.8682902,-2.9280345,-2.9835556,-2.729502,-3.8748074,-3.8790388,-3.9352756,-3.935276,-3.6972494,-3.8970838,-3.8422549,-4.4609284,-5.866195,-4.9473825,-5.688332,-5.6883326,-5.659926,-5.819189,-5.7544217,-5.9730396,-5.5690036,-3.9759085,-5.2344894,-5.2344885,-5.278873,-3.272947,-5.1964207,-5.4585223,-5.708344,-5.373571,-5.4772015,-5.477201,-5.5234356,-5.8724136,-6.0703044,-5.881946
c1c(Br)ccc2ccccc12 ,-4.4,-4.1849146,-2.6357515,-2.7075617,-2.707562,-2.7339249,-3.1871405,-2.7322485,-2.9064457,-3.9393075,-4.4273243,-4.694751,-4.694751,-4.678413,-4.595386,-4.625256,-4.4239388,-4.259914,-2.4872265,-2.645838,-2.6458378,-2.649353,-2.5086718,-2.6583304,-4.3960757,-4.1652193,-3.9824796,-4.7747374,-4.7747364,-4.69974,-3.6012657,-4.7926116,-4.132956,-4.613269,-2.3289716,-2.548221,-2.548221,-2.565544,-2.4816132,-2.5093515,-4.515163,-3.1981087,-2.5136127,-2.5882502,-2.5882504,-2.5519352,-2.6128051,-2.5823307,-2.681497,-4.440861,-5.2325325,-4.246016,-4.2460165,-5.325941,-4.667142,-4.2233768,-4.40288,-4.1834,-4.594173,-4.801208,-4.8012075,-4.835036,-4.261424,-4.8179884,-4.7220674,-4.272895,-4.2703695,-4.170806,-4.170806,-4.1725874,-4.2203045,-4.2332277,-4.2770123
OCC(NC(=O)C(Cl)Cl)C(O)c1ccc(cc1)N(=O)=O,-2.111,-4.7211466,-4.8175597,-4.4267087,-4.426709,-4.337637,-4.6866994,-4.3079734,-4.1874614,-3.0724287,-2.9302256,-3.362219,-3.3622193,-3.282913,-3.7319875,-3.2293894,-3.2751982,-1.9902813,-4.446756,-3.877682,-3.8776817,-3.9347003,-4.435484,-3.590763,-2.0184355,-2.4681356,-2.005597,-2.4238565,-2.4238555,-2.2467973,-1.7541312,-2.2833424,-2.5384412,-3.8286939,-3.8806312,-3.7366374,-3.7366378,-3.6539137,-3.7181537,-3.6366003,-3.6605904,-4.3951907,-3.8030572,-3.974011,-3.9740112,-3.4155936,-3.9380536,-3.492594,-4.4159346,-2.1096165,-2.6703875,-2.311354,-2.3113542,-2.6656814,-2.5643964,-2.3427472,-2.2256966,-2.92452,-2.769131,-3.9536598,-3.9536595,-3.9565048,-2.0909219,-3.9354494,-3.8004897,-2.1619403,-1.6253606,-1.6769168,-1.6769171,-1.7087069,-1.494886,-1.9151858,-2.981182
Clc1ccccc1N(=O)=O,-2.55,-2.2380047,-2.4985456,-2.4202194,-2.4202192,-2.4097993,-2.6399374,-2.428501,-2.114883,-2.508099,-1.2767925,-2.0191758,-2.0191758,-2.029225,-1.9107715,-2.0023046,-1.6125199,-2.6772213,-1.8801467,-2.018583,-2.018583,-2.0226731,-2.0295832,-2.037051,-2.445781,-2.355204,-2.2220542,-3.0986013,-3.0986009,-2.982006,-2.206394,-3.028449,-2.5084765,-2.6334429,-2.0881608,-1.8784157,-1.8784158,-1.8851671,-2.0259252,-1.9189943,-1.5533965,-1.9389328,-2.07741,-2.0182643,-2.0182643,-2.002045,-2.0265203,-2.0259223,-1.7229918,-2.9950702,-2.0712223,-2.2604616,-2.2604618,-2.3895652,-3.0331805,-2.3531694,-2.6278367,-2.0412192,-2.1351948,-2.6171122,-2.6171129,-2.6290975,-2.120439,-2.6548734,-2.1844547,-2.4995875,-2.1955476,-2.1189063,-2.1189063,-2.1223187,-2.2282627,-2.2384195,-2.63099
COc1ccc(C=CC)cc1,-3.13,-2.4399211,-2.737063,-2.614632,-2.6146321,-2.6326284,-2.9864817,-2.6097438,-2.1183245,-2.4885275,-3.4763293,-2.8626947,-2.8626943,-2.736975,-3.022838,-2.7231565,-3.0112317,-2.5568385,-2.2055988,-2.2665584,-2.2665582,-2.2671692,-2.1855326,-2.2865071,-2.1341078,-1.9963745,-1.8267579,-2.640881,-2.6408818,-2.515046,-1.7719135,-2.4709597,-2.2354898,-2.8647692,-2.3037603,-2.116303,-2.116303,-2.1656373,-2.1513324,-2.1457283,-1.7940279,-3.417968,-3.9296796,-3.8789787,-3.8789787,-3.4579039,-3.880724,-3.548612,-3.6713812,-3.3637447,-2.1918552,-2.7256305,-2.7256308,-2.414042,-2.8651497,-2.7679367,-2.730547,-2.7718055,-2.8861287,-3.3390958,-3.3390956,-3.4323,-2.1560066,-3.3965333,-3.2262237,-3.1192312,-3.2917585,-3.1501284,-3.1501284,-3.1294246,-3.0041203,-3.0883029,-3.0497978
O=C1NC(=O)NC(=O)C1(CC)CCC(C)C,-2.658,-3.031388,-3.5902138,-3.3986108,-3.398611,-3.4048362,-3.7116637,-3.4011114,-2.8326013,-2.3364909,-1.8812155,-1.4100194,-1.4100201,-1.377999,-1.4996077,-1.3432355,-1.833371,-2.5910296,-4.011784,-3.7910578,-3.7910576,-3.8013525,-3.9342847,-3.7361104,-3.2534711,-2.4364607,-2.74594,-3.0838509,-3.0838501,-3.0482461,-2.789087,-3.7572052,-3.1614456,-3.2901196,-3.68268,-3.4213288,-3.4213288,-3.4221394,-3.4815369,-3.3956995,-3.096062,-3.9688697,-3.2635126,-3.6546187,-3.6546187,-3.5982518,-3.6500728,-3.5121877,-4.334377,-2.9022489,-2.5744736,-2.552654,-2.5526538,-2.6194854,-2.8311517,-2.6062367,-2.6628911,-2.0801194,-1.6291617,-2.336022,-2.3360214,-2.3336382,-1.2144524,-2.375809,-2.318745,-2.6088228,-2.63064,-2.3194818,-2.319482,-2.2810974,-2.092404,-2.1442227,-2.4827297
OC(Cn1cncn1)(Cn2cncn2)c3ccc(F)cc3F ,-1.8,-4.3380632,-4.4506874,-4.1164336,-4.1164336,-4.1053505,-4.4493747,-4.0613503,-3.795747,-2.252538,-2.3626544,-2.4343615,-2.4343617,-2.388812,-2.558857,-2.3422523,-2.416429,-2.1183639,-4.342652,-3.824922,-3.8249218,-3.8330193,-4.2570953,-3.7692444,-2.30924,-2.0198054,-2.4490213,-3.1417794,-3.141779,-3.0237815,-2.5089433,-3.0121224,-1.9821066,-2.9785898,-3.8880289,-3.7125213,-3.7125213,-3.7158031,-3.7491386,-3.6389544,-3.2226791,-4.242632,-3.6576371,-4.253856,-4.2538557,-4.016294,-4.241482,-3.7288494,-4.9305534,-2.6403322,-2.7268798,-2.820157,-2.820157,-2.5790856,-2.9057484,-2.8432684,-2.8956456,-2.5794086,-1.9927782,-3.2345114,-3.2345111,-3.229764,-1.5022696,-3.225163,-2.4206421,-2.1841846,-1.7136761,-1.7282935,-1.7282928,-1.748491,-1.7196927,-1.6253628,-1.8658032
CC12CC2(C)C(=O)N(C1=O)c3cc(Cl)cc(Cl)c3,-4.8,-4.685247,-4.276081,-3.9689374,-3.9689376,-3.9739275,-4.303057,-4.012507,-3.6594067,-4.4633656,-3.9734619,-3.9509704,-3.9509704,-3.9338396,-3.871485,-3.940775,-3.4965367,-4.661032,-4.671982,-4.4188237,-4.4188237,-4.4195337,-4.601157,-4.340049,-3.924209,-5.066725,-4.4789214,-5.453504,-5.4535036,-5.4315624,-4.2204094,-5.231233,-4.63503,-5.3779745,-3.9004552,-4.0538363,-4.0538363,-4.0779634,-3.9400313,-4.184473,-5.3178897,-2.7284293,-3.0259447,-2.6252115,-2.6252117,-2.582541,-2.6875029,-2.7020497,-2.4737606,-4.1070433,-3.8268054,-3.6074173,-3.6074169,-3.7208908,-3.860928,-3.576105,-3.7399623,-4.3399825,-3.7868466,-4.521264,-4.521264,-4.4614687,-3.03876,-4.4540186,-4.661211,-4.803872,-5.5911465,-6.50078,-6.5007796,-6.4049664,-6.0396037,-6.1014304,-5.868705
CCc1cccc(CC)c1N(COC)C(=O)CCl ,-3.26,-4.01838,-4.1420693,-4.2791395,-4.2791395,-4.2666674,-4.604557,-4.286266,-3.8504517,-2.2515113,-2.857715,-2.681458,-2.681457,-2.6675386,-2.9093115,-2.6213915,-2.2342374,-2.7258992,-3.9476464,-3.6416516,-3.6416516,-3.6334362,-3.9580595,-3.6131883,-2.7924938,-2.329843,-2.9494996,-3.4550688,-3.455069,-3.2846086,-2.4416697,-3.4939413,-3.0331528,-3.1627793,-4.2237153,-3.9492805,-3.9492805,-3.894595,-4.066797,-3.8153536,-3.3104792,-3.493174,-3.05163,-3.433797,-3.4337966,-3.4014163,-3.4800506,-3.379932,-3.8676317,-3.079252,-3.3653524,-2.8049338,-2.8049335,-3.1540678,-2.990758,-2.77267,-2.8550384,-3.1286755,-3.0612392,-3.797255,-3.7972546,-3.8439538,-2.4687893,-3.859816,-3.3078663,-3.2913697,-3.7129698,-3.8718655,-3.8718655,-3.9128933,-3.8223042,-3.6458402,-4.4332294
ClC1=C(Cl)C(Cl)(C(=C1Cl)Cl)C2(Cl)C(=C(Cl)C(=C2Cl)Cl)Cl,-7.278,-8.485842,-5.5461273,-5.742917,-5.742917,-5.769389,-6.1706443,-5.7882514,-8.023093,-7.0885096,-8.773546,-7.3794804,-7.37948,-7.3741045,-7.0471463,-7.247175,-7.2474556,-7.2219925,-7.9953966,-8.247857,-8.247857,-8.262092,-7.891152,-8.220375,-7.283864,-7.7736254,-6.720898,-7.9398994,-7.9398985,-7.815681,-6.501803,-8.118673,-7.2868757,-7.808587,-5.98352,-6.9954343,-6.9954348,-7.01699,-7.621241,-6.6629586,-7.641631,-5.6930714,-3.2968316,-3.8522549,-3.8522549,-3.7755265,-3.817447,-3.905814,-4.7719274,-7.2940483,-4.4629126,-6.9290695,-6.9290695,-4.539379,-7.07168,-7.0431485,-7.1734695,-7.3506722,-7.8789926,-8.521909,-8.521908,-8.409889,-6.952628,-8.220612,-7.216069,-7.317958,-7.112836,-7.376584,-7.376584,-7.3944373,-7.0309935,-7.3998632,-7.14129
Oc1cccc2ncccc12 ,-2.54,-2.3417385,-2.3747158,-2.2871873,-2.287187,-2.2830234,-2.520891,-2.301904,-1.966779,-2.2287424,-2.3802779,-1.9565161,-1.9565159,-1.9538031,-2.029757,-1.9158092,-2.474679,-1.5134792,-1.736132,-1.894331,-1.894331,-1.8959693,-1.7956847,-1.9205008,-1.3779484,-1.7484186,-2.2880573,-3.015956,-3.0159576,-2.9171445,-2.262184,-2.959568,-2.3088362,-1.9554545,-1.8099285,-2.0811734,-2.0811734,-2.0601318,-1.9715772,-2.0592163,-1.9163889,-2.4029815,-2.2922294,-2.294743,-2.294743,-2.2715154,-2.3278418,-2.271954,-2.1971648,-1.8508079,-1.4071981,-1.5605378,-1.5605378,-1.8683593,-1.6824107,-1.5638316,-1.5047112,-1.8268627,-1.6774734,-2.0384586,-2.0384579,-2.0389245,-1.8587426,-2.0578213,-1.7422843,-2.513386,-1.8491756,-1.4984785,-1.4984784,-1.481797,-1.4484941,-1.5355458,-2.0835018
c1(O)cc(O)ccc1CCCCCC,-2.59,-3.7451844,-3.6587453,-3.5008295,-3.5008292,-3.5234876,-3.9154172,-3.5171814,-2.8931718,-2.5712247,-3.288808,-2.6203244,-2.6203241,-2.5785952,-3.0943947,-2.6041358,-3.0018327,-2.4005392,-3.4853497,-3.4343853,-3.4343853,-3.428953,-3.3823726,-3.4402535,-3.3024616,-2.8208544,-3.0088863,-3.326476,-3.3264766,-3.31409,-2.7380238,-3.7019331,-3.3485472,-3.7839622,-3.3676078,-3.1692069,-3.169207,-3.2357833,-3.2770004,-3.21454,-3.0676408,-4.0641646,-4.5751495,-4.570164,-4.5701647,-4.459925,-4.483837,-4.50512,-4.7796245,-3.934604,-2.736987,-3.1492527,-3.149253,-3.5206413,-3.5361323,-3.2313106,-2.97809,-2.8033774,-2.8575246,-3.2820868,-3.2820866,-3.2334242,-2.156269,-3.2288208,-3.440092,-2.590821,-2.552422,-2.517793,-2.5177925,-2.5360847,-2.4417782,-2.5622847,-2.7432168
c2ccc1NCCc1c2 ,-1.04,-1.2176839,-2.1106224,-1.7210526,-1.7210524,-1.7299888,-1.8545898,-1.7385674,-1.2051337,-1.3339663,-2.2322958,-2.2116919,-2.2116919,-2.20874,-2.2989168,-2.1678243,-2.0110784,-1.0109618,-1.5235611,-1.6280997,-1.6280997,-1.6287422,-1.5562822,-1.6485499,-1.6532212,-1.3259995,-2.0176096,-2.5463674,-2.5463672,-2.4837062,-1.8464592,-2.4724917,-2.219228,-1.7080549,-1.6891652,-1.8219141,-1.8219141,-1.8111807,-1.6822832,-1.806262,-1.3169333,-1.9406242,-2.0637093,-1.9459829,-1.9459827,-1.9346248,-1.969516,-1.9424404,-1.6869419,-0.6729508,-1.6959608,-0.52085763,-0.5208573,-1.5020243,-0.7814232,-0.5182721,-0.76854014,-1.76927,-2.6440394,-2.901567,-2.9015675,-2.9073248,-2.3132052,-2.9073021,-2.383,-0.66614103,-0.98406714,-1.0402503,-1.0402503,-1.0474675,-0.9882765,-0.92333543,-0.37785095
Clc1ccccc1C2=NCC(=O)Nc3ccc(cc23)N(=O)=O,-3.499,-4.570138,-5.149451,-4.766517,-4.7665167,-4.7232194,-5.0180793,-4.692195,-3.793835,-3.9604073,-3.2401414,-4.2216063,-4.2216053,-4.196424,-4.085402,-4.169541,-3.8793888,-4.1962204,-5.017561,-4.8967767,-4.8967767,-4.9035916,-5.1672106,-4.79803,-4.1598487,-4.6298933,-3.770541,-4.833147,-4.8331466,-4.7556763,-3.825529,-4.6778803,-3.9332943,-3.3486812,-4.270082,-3.963026,-3.963026,-3.9273517,-4.00061,-3.9551182,-3.4013302,-3.252936,-3.1173518,-2.914805,-2.9148052,-2.890401,-2.9647157,-2.9524906,-3.0412672,-3.823011,-3.7693691,-3.758454,-3.758454,-3.9325094,-4.3433647,-3.7890933,-3.8685908,-4.0835905,-4.130087,-4.908669,-4.908669,-4.8979015,-3.1994114,-4.807803,-4.87213,-3.542642,-3.4611197,-3.5109832,-3.5109825,-3.4980168,-3.3456333,-3.4028888,-3.6198664
Cc1cc(=O)n(c2ccccc2)n1C,0.715,-2.2934422,-2.9812443,-2.556632,-2.556632,-2.5782168,-2.812931,-2.6092072,-1.8242629,-2.179733,-3.0420792,-2.7344124,-2.7344122,-2.6987357,-2.846089,-2.6728778,-3.2226322,0.13234046,-2.9953635,-2.9023495,-2.90235,-2.897949,-2.9440873,-2.9321656,-2.254402,-0.5177978,-2.3916628,-2.955933,-2.955934,-2.9352605,-2.3492095,-2.9331257,-2.151259,-1.7571024,-2.6958785,-2.597044,-2.5970438,-2.6259534,-2.5853856,-2.669513,-2.163687,-3.5633073,-2.9879818,-2.8311791,-2.831179,-2.7874994,-2.8451226,-2.8369572,-3.0015037,-2.2203796,-3.5020335,-2.4569592,-2.4569592,-3.3148541,-2.8579497,-2.4535513,-2.473762,-1.8289516,-2.8350468,-3.4587255,-3.4587257,-3.448579,-2.3809175,-3.4237947,-3.188247,0.7358246,0.12258005,0.090987034,0.090986885,0.10608512,0.4206844,0.3186316,0.18518242
Clc1ccc(c(Cl)c1)c2c(Cl)c(Cl)c(Cl)c(Cl)c2Cl,-7.92,-8.470016,-4.833689,-4.70722,-4.7072206,-4.696637,-5.096413,-4.7126245,-6.4756136,-9.0570345,-7.8974257,-8.223188,-8.223188,-8.172428,-7.976147,-8.188162,-8.528347,-8.039429,-8.4831295,-9.302427,-9.302427,-9.324227,-9.466737,-9.3097,-8.6661825,-8.935312,-8.079263,-9.116831,-9.116831,-9.035646,-8.137344,-9.21517,-8.78375,-8.546376,-4.3427453,-4.3797164,-4.379716,-4.3629146,-4.374256,-4.4144816,-8.086277,-6.124135,-3.9673924,-4.529653,-4.529653,-4.473146,-4.440633,-4.486838,-5.6698737,-8.960557,-5.6002073,-8.377525,-8.377525,-6.145516,-8.700262,-8.417838,-8.179566,-8.390704,-8.198849,-8.780418,-8.780417,-8.729064,-7.227701,-8.786628,-8.746189,-7.6461296,-8.662211,-8.762146,-8.762146,-8.755039,-8.67396,-8.702432,-8.506335
CCOP(=S)(OCC)Oc2ccc1oc(=O)c(Cl)c(C)c1c2,-5.382000000000001,-5.437997,-5.4279666,-5.0837812,-5.083782,-5.0971117,-5.4699125,-5.0742326,-4.6569633,-4.5226965,-4.855953,-4.114877,-4.1148767,-4.1325684,-4.5461974,-4.167264,-4.135795,-4.91529,-5.258375,-5.064206,-5.064206,-5.0235324,-5.264949,-5.2277555,-4.7475915,-5.6065607,-5.621141,-5.962371,-5.9623694,-5.984276,-5.372091,-6.0848584,-5.3449497,-4.651156,-5.1788697,-4.8223658,-4.8223658,-4.819507,-4.7652345,-4.7937517,-3.8268023,-4.2560415,-4.606042,-5.0023518,-5.0023518,-5.001243,-4.938089,-4.9189634,-4.6493707,-4.2461195,-4.6980968,-4.1124024,-4.112403,-4.7280636,-4.4110036,-4.0522275,-4.5228972,-5.050889,-4.2113795,-4.6126995,-4.612699,-4.6292276,-3.4185216,-4.8273387,-5.011967,-5.4027066,-5.398917,-5.2946553,-5.2946563,-5.3238654,-5.221149,-5.3529944,-5.343567
CCCCCC(C)O,-1.55,-2.614747,-2.4675417,-2.1816304,-2.1816304,-2.2115047,-2.5328183,-2.2101798,-1.7826054,-1.3753805,-1.6115888,-2.1272912,-2.1272912,-2.109496,-2.0251787,-2.0610077,-1.9923531,-1.6196563,-1.9969314,-2.0935662,-2.093566,-2.0984228,-1.9835743,-2.092054,-2.061302,-1.4479454,-1.9350485,-2.4209008,-2.4209006,-2.4234202,-1.9334308,-2.529336,-2.3344889,-3.0476632,-2.3655713,-2.1794827,-2.1794827,-2.2178528,-2.1018033,-2.202449,-2.068185,-2.0319314,-2.6547387,-2.3222394,-2.3222394,-2.2491348,-2.3424797,-2.2876322,-2.2999308,-1.8918442,-2.6644084,-1.4248992,-1.4248995,-2.5207002,-1.6858048,-1.4365411,-1.5370138,-1.4127297,-1.5992732,-2.222082,-2.2220814,-2.169455,-1.1337495,-2.1633203,-1.937856,-1.54829,-1.8588203,-1.6589512,-1.658951,-1.6881497,-1.8692433,-1.6774787,-1.6368378
CCCC(=O)CC,-0.83,-1.5570757,-2.1090112,-1.6610303,-1.6610304,-1.6825571,-1.8964936,-1.6847488,-1.1441312,-0.44902945,-1.1268263,-1.2836267,-1.2836267,-1.267289,-1.2222595,-1.2249465,-1.5580895,-0.8570841,-1.8111842,-1.9007884,-1.9007883,-1.9014223,-1.858646,-1.9233745,-2.0898314,-0.84358186,-0.7380581,-1.2777343,-1.2777345,-1.2462267,-0.83897406,-1.3966155,-1.3072414,-0.8241102,-2.2340605,-2.1361015,-2.1361012,-2.1805556,-2.16856,-2.2127607,-1.3522502,-1.6838615,-2.4801526,-2.4727192,-2.4727192,-2.4360025,-2.4375956,-2.4827647,-2.2492461,-1.1769841,-1.9576701,-0.79546815,-0.7954682,-1.6209363,-1.2796496,-0.827824,-1.0049962,-0.69914806,-1.3002485,-1.6132594,-1.6132596,-1.5888064,-1.0845646,-1.6330771,-1.4118167,-0.7974904,-0.49592462,-0.5621162,-0.56211615,-0.52075547,-0.54305905,-0.69166756,-0.6686525
CC34CCC1C(CCC2CC(O)CCC12C)C3CCC4=O,-4.16,-4.0706816,-4.0231047,-3.679132,-3.679132,-3.698689,-4.085108,-3.7041638,-3.3310869,-3.6735578,-3.7579453,-4.1856327,-4.1856318,-4.130205,-4.467833,-4.116629,-4.0634823,-3.9256775,-3.402682,-3.7516248,-3.7516246,-3.71741,-3.7768502,-3.719014,-4.164891,-4.717251,-4.351902,-4.637842,-4.6378427,-4.448161,-4.5511727,-4.8549724,-4.6347713,-4.136136,-3.997258,-3.7714105,-3.7714105,-3.7944038,-3.6873324,-3.7904685,-3.5290365,-6.117736,-3.4917417,-3.7654202,-3.7654202,-3.5327072,-3.7428327,-3.5414438,-4.395953,-4.40458,-3.897245,-3.414791,-3.4147916,-3.7138326,-3.6807373,-3.4949036,-3.345555,-4.4507065,-4.556127,-5.3309946,-5.3309937,-5.2902427,-3.690394,-5.4195123,-5.107183,-4.1880336,-4.2710614,-4.274443,-4.274443,-4.2519274,-4.127193,-4.1559377,-4.1140475
CCCCC(C)CC,-5.16,-2.3787618,-2.4607058,-2.0776503,-2.0776505,-2.0584073,-2.3073044,-2.0125465,-1.6330041,-3.2277045,-1.771048,-3.0871124,-3.0871117,-3.0760891,-2.92672,-3.0406187,-2.4000793,-4.8906574,-2.5192113,-2.6368206,-2.6368206,-2.6365235,-2.5497243,-2.646944,-3.6264565,-4.8264527,-3.3094633,-4.0442505,-4.0442505,-4.3125687,-3.2781832,-4.3327374,-4.0919695,-2.443689,-2.2834806,-2.0618415,-2.0618415,-2.084373,-2.0491261,-2.0683925,-1.6433331,-1.7536981,-2.8639464,-2.9174986,-2.9174986,-2.8475735,-2.907273,-2.9503613,-3.423069,-4.96845,-3.9617527,-4.366928,-4.366929,-4.327984,-4.879203,-4.6929507,-4.6968007,-4.361598,-3.175042,-4.218263,-4.2182627,-4.35887,-2.6441486,-4.2800756,-4.0794744,-5.088128,-4.599644,-4.431264,-4.431264,-4.409588,-4.4383593,-5.1605225,-4.9899526
CCCCCOC(=O)CC,-1.28,-3.1145082,-2.931368,-2.7456706,-2.7456706,-2.7518806,-3.1246598,-2.7229855,-2.1302867,-1.7397797,-2.5494518,-2.3090615,-2.3090618,-2.2720802,-2.626768,-2.3043392,-2.329168,-1.7464482,-2.5937686,-2.6037052,-2.6037052,-2.6072977,-2.5466926,-2.614297,-2.683659,-1.9109011,-2.0211935,-2.6680088,-2.6680083,-2.6580403,-2.168021,-2.8065178,-2.6177614,-3.3387172,-2.829612,-2.6888995,-2.6888995,-2.7414138,-2.749292,-2.7409406,-2.1925015,-3.0461705,-3.7542615,-3.3114333,-3.3114333,-3.21331,-3.2474673,-3.3759973,-3.191313,-2.6197515,-3.3669279,-2.618255,-2.6182547,-3.4367425,-2.7933104,-2.636526,-2.5338652,-2.000978,-2.4768677,-2.9690185,-2.9690182,-3.0059667,-1.9333568,-2.9907584,-2.8879075,-1.2686594,-1.8982064,-2.112526,-2.112526,-2.0608552,-1.6768212,-1.3461314,-1.4862286
CCOC(=O)c1ccc(O)cc1,-2.35,-2.677847,-2.8532627,-2.7237818,-2.723782,-2.7601264,-3.1187382,-2.7739115,-2.2674499,-1.9294211,-2.2024198,-1.2682422,-1.2682421,-1.2362826,-1.4104114,-1.2380757,-1.7898549,-2.2328954,-2.4707215,-2.4886494,-2.4886494,-2.4915407,-2.4404056,-2.5171988,-2.2365456,-1.5311596,-1.2838917,-1.6981558,-1.6981564,-1.6518518,-1.2602534,-1.6889321,-1.636683,-3.0202515,-2.4329724,-2.3309968,-2.3309968,-2.3152583,-2.3324232,-2.3505132,-1.944718,-3.2871857,-3.612833,-3.9019213,-3.901921,-3.865894,-3.8810256,-3.7941532,-4.54679,-2.6938834,-1.838339,-2.1544588,-2.1544592,-2.4759939,-2.4546752,-2.269214,-2.1938906,-1.6966889,-1.510466,-1.9314082,-1.9314085,-1.9369948,-1.1973221,-2.0826902,-2.0131476,-2.3068612,-2.4578247,-2.378075,-2.378075,-2.3683863,-2.3230684,-2.4603672,-2.2859223
CCC(C)(C)CC,-4.23,-1.9775378,-1.8587326,-1.5068073,-1.506807,-1.4851252,-1.8549874,-1.4537098,-1.1674505,-2.9807644,-1.7741929,-2.4797468,-2.4797466,-2.4673474,-2.4823132,-2.4402153,-2.3853858,-4.0084114,-1.968264,-2.1352868,-2.1352866,-2.1338062,-2.0623665,-2.1566029,-3.1409764,-4.006877,-2.3359365,-3.23067,-3.2306702,-3.0721662,-2.210486,-3.196634,-3.1485698,-2.304915,-2.4626133,-2.4139628,-2.413963,-2.1413715,-2.596672,-2.2045467,-1.9781543,-1.5803019,-1.7961347,-1.7130307,-1.7130306,-1.7008798,-1.7276974,-1.7118726,-1.5479099,-4.095012,-3.8289666,-3.3311636,-3.3311634,-3.344164,-3.4745455,-3.3704739,-3.5000892,-3.6311753,-2.7364626,-3.3416228,-3.3416226,-3.3467069,-2.4759312,-3.3359869,-3.017969,-4.1621404,-3.6012244,-3.5439806,-3.5439808,-3.5441284,-3.4867141,-3.645247,-3.637366
CC(C)CCO,-0.51,-1.2900416,-1.8143969,-1.2586449,-1.2586447,-1.2724625,-1.4793359,-1.2885108,-0.92767227,0.005455694,-1.0508149,-0.93109685,-0.9310969,-0.92255473,-0.9587377,-0.87415653,-1.4672228,-0.3924294,-1.2875577,-1.3499943,-1.3499943,-1.350093,-1.2465403,-1.3759472,-0.62420934,-0.5626373,-0.8063689,-1.2187576,-1.2187568,-1.1309373,-0.8699945,-1.2487947,-1.332063,-1.028599,-1.6606058,-1.3049363,-1.3049362,-1.3245673,-1.2194412,-1.2953953,-1.0956116,-0.7326846,-1.9186816,-1.744001,-1.744001,-1.7482448,-1.7515537,-1.7760289,-1.3286331,-0.3566608,-1.3966498,-0.027543928,-0.027543968,-1.2838908,-0.30411732,-0.01959567,-0.45987824,-0.51730204,-0.46764863,-0.8156072,-0.81560725,-0.7671741,-0.23345733,-0.8019219,-0.650441,-0.51343364,-0.84162366,-0.77408093,-0.7740809,-0.75000274,-0.91457295,-0.89181423,-0.5708396
CC34CC(O)C1(F)C(CCC2=CC(=O)CCC12C)C3CCC4(O)C(=O)CO ,-3.43,-5.037334,-5.0060287,-4.600238,-4.600238,-4.6282067,-5.0259023,-4.6525893,-4.2047405,-3.4042945,-3.769047,-2.9674566,-2.9674563,-2.9294577,-3.3200011,-2.9315188,-3.5618827,-3.3816967,-2.704254,-2.9041555,-2.9041555,-2.8605344,-3.0126953,-2.9470599,-3.4636974,-4.246331,-3.1739209,-3.723551,-3.7235513,-3.499328,-3.149718,-3.581907,-3.9615552,-4.5051436,-4.566109,-4.361405,-4.3614054,-4.381575,-4.2542195,-4.403645,-4.1167555,-4.262744,-4.548717,-4.858717,-4.8587165,-4.3080764,-4.726457,-4.071944,-5.119988,-3.9152236,-3.4446752,-3.292493,-3.2924933,-3.4641953,-3.7150803,-3.400517,-3.3673592,-3.3596702,-3.2433543,-3.6492586,-3.6492584,-3.6347442,-2.5564728,-3.699193,-3.8615277,-3.403421,-3.4686728,-3.3477519,-3.3477523,-3.3363433,-3.250836,-3.1074739,-3.2825365
CCCCC(O)CC,-1.47,-2.3293924,-2.3672147,-1.9357246,-1.9357246,-1.9130785,-2.183486,-1.8756163,-1.5259424,-1.1078601,-1.5443685,-2.1392736,-2.1392732,-2.1169631,-2.0163035,-2.0665276,-2.0538812,-1.5534899,-2.0552304,-2.1121075,-2.1121075,-2.1189756,-2.022051,-2.1022673,-1.8801732,-1.8417685,-1.9591283,-2.445911,-2.4459107,-2.3318841,-1.8552392,-2.4774013,-2.3843653,-2.588284,-2.2981396,-2.1186278,-2.118628,-2.1135404,-2.0800958,-2.0500262,-1.8436222,-2.5577142,-2.727293,-2.5840468,-2.5840468,-2.2924423,-2.5513587,-2.5788555,-2.5823376,-1.8180811,-2.3376832,-1.2401642,-1.2401645,-2.1868236,-1.3799142,-1.150207,-1.436361,-1.5295122,-1.6787332,-2.2882001,-2.2882001,-2.2439709,-1.3121514,-2.2532024,-2.0024016,-1.4951499,-1.6385162,-1.5571376,-1.5571377,-1.5296853,-1.6163052,-1.6103747,-1.408698
Clc1ccccc1Br,-3.19,-2.3633661,-2.3765092,-2.2733366,-2.273337,-2.2684736,-2.5062785,-2.2868564,-1.8872286,-2.8687654,-2.9156067,-2.7674816,-2.7674813,-2.7707965,-2.6868558,-2.745466,-3.0576088,-2.6191058,-1.8436433,-1.9162308,-1.9162308,-1.9185014,-1.8555615,-1.9415885,-2.7525637,-2.6088343,-2.4304166,-3.1667318,-3.1667318,-3.0429459,-2.289976,-3.1329896,-2.465556,-3.3387618,-2.0607302,-2.1022735,-2.1022735,-2.0788937,-1.9902303,-2.0764828,-2.8843722,-3.4181113,-2.2259555,-2.2949119,-2.2949119,-2.2183468,-2.2824848,-2.4419582,-2.3537366,-3.5228772,-3.000624,-2.9633462,-2.963346,-2.7528028,-3.2574775,-3.0438256,-3.1441784,-3.3420157,-3.2951565,-3.4971762,-3.4971752,-3.4900608,-3.0753465,-3.4843392,-3.2405467,-3.375623,-3.616234,-3.6023633,-3.602363,-3.6145284,-3.5370085,-3.629922,-3.1724644
CN(C)C(=O)NC1CCCCCCC1,-2.218,-3.0950646,-3.3321002,-3.0159984,-3.0159984,-3.0391293,-3.376161,-3.0410597,-2.4255378,-2.5695834,-2.7779274,-3.037519,-3.037519,-3.0181925,-3.277092,-3.0361426,-2.7518027,-2.3919566,-3.328283,-3.2197897,-3.21979,-3.2355046,-3.226456,-3.15195,-2.3388457,-3.494722,-2.9891582,-3.9727428,-3.9727416,-3.6831481,-2.7824516,-3.7619314,-3.830141,-3.147535,-3.2449028,-3.061535,-3.061535,-3.0980618,-3.03507,-3.0943482,-2.7729514,-2.70829,-3.2144916,-2.77675,-2.77675,-2.730545,-2.7982128,-2.863341,-2.621808,-2.8174064,-4.126082,-3.0026639,-3.0026634,-4.013119,-3.4343073,-3.0086908,-2.8102763,-2.6165302,-3.3133304,-4.1382427,-4.1382422,-4.0988975,-2.941709,-4.126678,-4.5189395,-2.190667,-1.7979323,-1.5605439,-1.560544,-1.6060638,-1.6958984,-1.8989719,-1.7288986
CCCC(C)(C)CO,-1.52,-1.740855,-2.0564837,-1.5717361,-1.5717357,-1.5666945,-1.8709471,-1.5669129,-1.2805283,-0.93467635,-1.334681,-1.822682,-1.8226814,-1.8111157,-1.6593071,-1.7725918,-1.8609735,-1.080868,-2.0134516,-2.0895293,-2.0895293,-2.0880558,-2.0538712,-2.1188061,-1.682167,-1.5573843,-1.7636681,-2.3934104,-2.39341,-2.4130232,-1.793296,-2.470083,-2.6520524,-1.9062649,-2.1157072,-1.9134516,-1.9134518,-1.9278501,-1.9179317,-1.8971944,-1.6178493,-1.905949,-1.8353306,-1.3642607,-1.3642607,-1.3458829,-1.3883129,-1.4374219,-1.2515692,-1.4057803,-2.0794091,-0.85462123,-0.8546214,-1.9290429,-1.1545863,-0.8563784,-1.1589167,-1.2448559,-0.99457717,-1.4453534,-1.4453534,-1.4641808,-0.67497027,-1.4753182,-1.39631,-1.5155525,-1.3399411,-1.1680299,-1.16803,-1.144625,-1.3027768,-1.4351784,-1.4775714
CNC(=O)C=C(C)OP(=O)(OC)OC,0.6509999999999999,-2.979484,-3.4674377,-3.193749,-3.193749,-3.2113898,-3.5436058,-3.232107,-2.5950618,-0.7250654,-2.0230982,-0.6528425,-0.6528419,-0.6424358,-1.0192491,-0.6798015,-1.2520546,0.52532995,-2.9794338,-2.6875703,-2.6875703,-2.6946545,-2.7288153,-2.6581688,-1.0613741,-0.19376951,-0.6975719,-1.3457757,-1.345776,-1.2739593,-0.86217314,-1.2704682,-1.2979872,-2.4485123,-3.2831385,-2.9985764,-2.9985766,-3.0223515,-2.9827778,-2.9767416,-2.4672716,-2.7077665,-3.7919822,-4.05207,-4.0520697,-3.8964686,-4.040102,-3.8676045,-4.419648,-1.962259,-2.9840686,-1.4558547,-1.455855,-2.5997047,-1.273906,-1.5984704,-1.1080993,0.85445297,-1.0833693,-1.3469461,-1.3469455,-1.2898428,-0.93505555,-1.3567255,-1.2492697,0.3153649,0.57704663,0.41005874,0.41005892,0.5206889,0.7929584,0.57916844,0.6232042
COc1ccc(cc1)C(c2ccc(OC)cc2)C(Cl)(Cl)Cl,-6.89,-4.9742002,-5.6190224,-5.1093965,-5.1093965,-5.0866094,-5.3824167,-5.0812874,-3.8781602,-5.2280493,-4.9366026,-3.9795022,-3.9795022,-3.9342625,-4.436251,-3.9261134,-4.2169595,-6.1311216,-4.465577,-4.485105,-4.4851046,-4.461127,-4.67527,-4.59401,-4.096072,-6.094694,-4.24917,-4.9519987,-4.951998,-4.8765516,-3.8683598,-4.905152,-4.7417083,-6.6940627,-5.228639,-5.1740103,-5.1740103,-5.1647825,-5.0286245,-5.3035855,-5.890993,-5.2942653,-5.5489864,-5.9892497,-5.9892497,-6.044578,-5.69872,-6.019701,-4.6876016,-4.67093,-3.119317,-3.7249944,-3.7249942,-3.529508,-4.026209,-3.7442503,-3.7543356,-6.251314,-5.3360295,-5.4791374,-5.479137,-5.4470625,-4.2930737,-5.4108,-5.598513,-7.0446243,-5.1644664,-4.901537,-4.901536,-4.9066486,-5.4106917,-4.748411,-5.5668025
CC34CCC1C(CCC2=CC(=O)CCC12O)C3CCC4(O)C#C,-4.57,-4.3685,-4.2839184,-3.9440308,-3.9440312,-3.974059,-4.376903,-3.9966931,-3.6804297,-3.7054856,-4.1719584,-3.9321427,-3.9321418,-3.8680465,-4.3225384,-3.8495371,-4.259312,-3.7074668,-3.533028,-3.7675984,-3.767598,-3.7942252,-3.885659,-3.6272874,-4.01417,-4.359586,-3.5346005,-4.0042453,-4.004245,-4.0215907,-3.7248864,-4.244267,-4.4449596,-4.124494,-3.9905136,-3.8245738,-3.824574,-3.8557527,-3.7370152,-3.852324,-3.7152486,-4.5917563,-4.761794,-5.1792555,-5.1792555,-5.165925,-4.9600697,-5.219765,-5.0927606,-4.4446177,-3.6136568,-3.4917321,-3.4917321,-3.6139061,-3.8862472,-3.452365,-3.6110811,-3.9636242,-4.1749473,-4.7274327,-4.7274323,-4.7236114,-3.370255,-4.8096595,-4.7294555,-4.523689,-4.695309,-4.627309,-4.627309,-4.6171436,-4.3846517,-4.512795,-4.462926
CCCCCCc1ccccc1,-5.21,-3.7538536,-3.3245811,-3.1420698,-3.14207,-3.1298447,-3.494764,-3.0701368,-2.6443763,-4.9304476,-3.685105,-4.2565713,-4.256572,-4.190509,-4.6383166,-4.2714047,-3.6385734,-5.4982767,-3.5049233,-3.5881612,-3.588161,-3.5765207,-3.4234931,-3.627891,-5.1585007,-4.426202,-4.000959,-4.7380133,-4.738013,-4.79548,-3.834139,-4.966556,-4.595082,-4.2472,-3.372208,-3.2013264,-3.201326,-3.1843996,-3.2277663,-3.1973531,-3.4050941,-4.711956,-3.9164274,-4.039023,-4.0390234,-3.931644,-4.025045,-3.9182477,-4.48817,-6.295051,-6.0337744,-6.140825,-6.1408243,-7.0357113,-5.570384,-5.0440583,-6.5185523,-4.821762,-4.205486,-5.0381775,-5.0381775,-5.012632,-3.454242,-4.9870524,-5.1471853,-5.0942564,-5.096797,-4.8551054,-4.8551054,-4.836872,-4.7862563,-5.2428737,-5.134866
CC(C)C(C)O,-0.18,-1.2982037,-1.7667434,-1.308927,-1.3089266,-1.2907872,-1.5783939,-1.2821532,-0.75535405,0.14126195,-1.1653087,-1.141843,-1.1418431,-1.1359711,-1.2458717,-1.0968308,-1.608522,-0.055209477,-1.3599532,-1.4342941,-1.4342941,-1.4348365,-1.3495905,-1.4555064,-0.88405323,-0.2287339,-0.76489234,-1.1040539,-1.1040528,-1.034666,-0.8535252,-1.1254795,-1.3225228,-1.06867,-1.6857554,-1.4000292,-1.4000292,-1.4093047,-1.3732038,-1.3679491,-1.2290101,-1.30557,-1.7387823,-1.5941147,-1.5941148,-1.5976377,-1.5718142,-1.5997659,-1.167079,-0.25285506,-1.3060011,0.055917297,0.055917352,-1.1514412,-0.17433207,0.1137919,-0.41239095,0.25410098,-0.48231533,-0.71092683,-0.7109272,-0.63894403,-0.31005728,-0.70673424,-0.48534074,-0.35473484,-0.04717149,-0.058922537,-0.05892253,-0.061167352,0.10211754,0.023873828,0.3638796
Oc1cccc2cccnc12 ,-2.42,-2.312262,-2.3698883,-2.2839072,-2.283907,-2.2794065,-2.5156903,-2.2982767,-1.9446937,-2.1483095,-2.3860922,-1.9268342,-1.9268347,-1.9239082,-2.0071113,-1.889091,-2.4181967,-1.6809871,-1.7556962,-1.9321666,-1.9321665,-1.9333907,-1.8108981,-1.9588181,-1.4689566,-1.7543361,-2.2039385,-2.9334483,-2.933448,-2.8484256,-2.1973279,-2.891781,-2.2008028,-2.134262,-1.9181818,-2.1424615,-2.1424615,-2.1237328,-2.0476763,-2.119642,-1.8681624,-2.3559537,-2.368227,-2.4023623,-2.4023623,-2.38176,-2.4107533,-2.3668296,-2.1973517,-1.778834,-1.3958337,-1.6069489,-1.6069489,-1.8664097,-1.7217331,-1.6299853,-1.516271,-1.4013541,-1.3286039,-1.7249004,-1.7249005,-1.7287871,-1.5559864,-1.749352,-1.4204448,-2.4119387,-2.4369652,-2.0553608,-2.0553606,-2.0233898,-2.353479,-2.3364763,-2.333492
CCCCCc1ccccc1,-4.64,-3.209109,-2.9908488,-2.734145,-2.7341447,-2.733769,-3.073883,-2.6970685,-2.2060664,-4.2334213,-3.240154,-3.7486365,-3.7486358,-3.710636,-3.91639,-3.7454917,-3.1823566,-4.8049073,-3.1311762,-3.220763,-3.2207627,-3.2172592,-3.0878851,-3.2309248,-4.59956,-3.9233603,-3.5191453,-4.239619,-4.2396197,-4.3313766,-3.447287,-4.485086,-4.0038652,-4.1210504,-3.1086915,-2.9346507,-2.934651,-2.8520508,-2.9673724,-2.9175284,-3.4387462,-4.9261384,-3.898707,-4.3014674,-4.301467,-4.2599797,-4.246435,-4.122893,-5.2098436,-5.2304735,-5.370646,-4.89873,-4.8987293,-5.9623766,-5.2515316,-4.6413603,-5.1596417,-4.1788573,-3.7641206,-4.486044,-4.4860444,-4.562057,-3.038524,-4.5305,-4.554793,-4.598096,-4.6977496,-4.659445,-4.6594453,-4.6428394,-4.5318875,-4.6819906,-4.6631484
ClC(Cl)C(Cl)(Cl)Cl,-2.6,-2.220014,-1.9203421,-1.8334639,-1.8334634,-1.7920225,-2.2139702,-1.7476281,-1.9814931,-3.0341823,-3.0722492,-2.808454,-2.808454,-2.811545,-2.79837,-2.8116016,-3.390266,-2.5743895,-1.1508974,-1.1345012,-1.1345011,-1.1373675,-1.2776625,-1.1471094,-2.0517468,-2.7397845,-2.1839333,-3.1398761,-3.1398752,-2.9932396,-2.2046988,-3.1139524,-2.3313482,-2.333603,-2.8453193,-2.1476111,-2.1476114,-2.1201591,-1.9857212,-2.2783115,-2.4676588,-2.53063,-1.494348,-1.3108492,-1.3108493,-1.3063564,-1.3528349,-1.3113887,-1.7141366,-2.9689186,-2.051775,-2.5196726,-2.5196722,-2.537512,-2.9224942,-2.5163028,-2.4397948,-2.4990668,-3.0368068,-3.1131167,-3.1131163,-3.1157637,-2.7148612,-3.1420007,-2.8191159,-2.912796,-2.002365,-1.843812,-1.8438118,-1.8339846,-2.2798905,-2.3088918,-2.6584902
CCCCCCCCl,-4.0,-2.9338357,-2.5848963,-2.2773626,-2.2773626,-2.2285566,-2.54181,-2.1417766,-2.0415318,-2.7034755,-2.2120812,-2.8046718,-2.8046713,-2.769413,-2.6638148,-2.7486985,-2.366954,-3.5653763,-2.262894,-2.4300559,-2.430056,-2.4352338,-2.3114717,-2.428663,-3.9899166,-3.802093,-2.966401,-3.5476685,-3.547668,-3.641064,-2.7935271,-3.7876503,-3.312231,-3.7911918,-2.5060232,-2.402181,-2.4021811,-2.429217,-2.30904,-2.4282131,-2.5901158,-2.7839634,-3.278335,-3.1751957,-3.1751957,-3.0402648,-3.1154525,-3.078534,-3.3520267,-4.0677557,-3.8124464,-3.8109791,-3.8109791,-3.884457,-4.3309526,-3.924491,-4.0271244,-3.3334763,-3.2890344,-3.8182158,-3.8182156,-4.0223465,-2.4870017,-3.9597251,-3.9337564,-3.947467,-4.6315355,-4.4808793,-4.48088,-4.45105,-4.1444564,-3.8969908,-4.266767
CCCCC=C,-3.23,-1.6680593,-1.9251819,-1.5686579,-1.5686581,-1.6007483,-1.8652151,-1.5973551,-1.2209657,-2.0302901,-1.3440409,-2.019733,-2.0197327,-2.0002174,-1.8082426,-1.9697304,-1.865826,-2.3739376,-1.5041627,-1.6159126,-1.6159124,-1.6166009,-1.5334142,-1.6375722,-1.5696015,-2.7819376,-1.428894,-2.295123,-2.2951236,-2.2616334,-1.5014768,-2.4046328,-1.9338416,-1.9420913,-1.8958316,-1.7089456,-1.7089456,-1.74913,-1.5957246,-1.7384334,-1.5282081,-1.6303375,-2.2257133,-1.8737401,-1.87374,-1.8305316,-1.8707967,-1.9233264,-1.8496374,-3.2307014,-3.771711,-2.9242523,-2.924252,-3.7742958,-3.512667,-3.170274,-3.0416048,-2.5344715,-1.8760811,-2.5035174,-2.5035162,-2.5105684,-1.5737411,-2.4920366,-2.297916,-2.9365807,-3.0506353,-3.0726707,-3.072671,-3.0445838,-3.0669532,-3.0642672,-2.9415538
Clc2ccc(Oc1ccc(cc1)N(=O)=O)c(Cl)c2,-5.46,-4.563089,-4.4417844,-4.317942,-4.317942,-4.3593674,-4.79269,-4.40922,-4.0890074,-4.8615723,-3.4106922,-4.530967,-4.5309668,-4.4815297,-4.7638583,-4.5405245,-4.237792,-5.3386803,-4.7953153,-4.759884,-4.759884,-4.7715106,-4.695509,-4.7515783,-5.68846,-4.6586494,-4.5395284,-5.577853,-5.577854,-5.339279,-4.342172,-5.4083104,-4.91707,-5.79408,-3.8850636,-3.827142,-3.827142,-3.8789556,-3.8679845,-3.948802,-5.847808,-4.8386073,-4.619727,-4.869228,-4.869228,-4.8576417,-4.715197,-4.852026,-5.1651645,-3.4038014,-3.204329,-2.9132578,-2.913258,-3.2031565,-3.0853364,-2.9381723,-2.9433906,-4.913692,-3.9044335,-4.5720906,-4.5720906,-4.5761533,-3.1003804,-4.589645,-5.323557,-5.444477,-5.4455614,-5.5591373,-5.559138,-5.548749,-5.368978,-5.490154,-5.436564
Clc1ccc(Cl)c(c1)c2ccc(Cl)c(Cl)c2,-7.25,-5.261378,-4.3537116,-4.1767197,-4.1767197,-4.1938763,-4.566394,-4.238251,-4.0887594,-6.7681055,-6.7378263,-6.4675903,-6.4675903,-6.4295073,-6.381309,-6.417284,-6.415547,-6.7392592,-4.890769,-5.02859,-5.02859,-5.0490394,-4.9701447,-4.953455,-7.3282022,-6.5827646,-5.870216,-6.771271,-6.7712708,-6.596618,-5.481281,-6.67382,-6.3946023,-6.3143907,-3.7211158,-3.7872221,-3.7872224,-3.8192174,-3.7247872,-3.9047368,-6.0195937,-5.351716,-3.3277779,-3.2570705,-3.2570705,-3.2081132,-3.2575548,-3.252904,-3.6810086,-7.1406226,-5.704041,-6.5720325,-6.5720315,-6.371106,-6.837471,-6.3133006,-7.1485877,-6.860771,-7.177067,-7.4018097,-7.4018106,-7.388575,-6.1583548,-7.435826,-7.1705394,-7.183558,-7.127827,-7.0844297,-7.0844307,-7.1120024,-6.946257,-7.1345625,-7.078602
ClC(Cl)CC(=O)NC2=C(Cl)C(=O)c1ccccc1C2=O,-5.03,-6.8502655,-4.588354,-4.580858,-4.5808578,-4.594121,-5.0694623,-4.6447396,-4.9284515,-5.057528,-4.1902313,-4.178933,-4.178932,-4.140329,-4.662351,-4.1813726,-3.783675,-4.9475527,-5.1965237,-5.0600343,-5.0600343,-5.1124296,-5.203859,-4.907463,-5.1049194,-4.777945,-4.8257575,-5.293048,-5.2930474,-5.2702656,-4.423043,-5.3992248,-4.7807198,-4.2627373,-3.7655637,-3.7001245,-3.7001243,-3.721769,-3.7888527,-3.7673826,-3.884689,-3.9534779,-4.0847874,-4.202624,-4.202624,-4.162927,-4.1721315,-4.1453958,-4.460452,-3.1864529,-3.734076,-3.3441556,-3.3441558,-3.4638073,-3.5305977,-3.3935657,-3.2244587,-5.032756,-4.2406836,-5.295618,-5.2956176,-5.298229,-3.6744509,-5.3848724,-5.456013,-5.0404034,-5.1080456,-5.199152,-5.1991515,-5.19813,-4.98671,-5.0817575,-4.9647856
CCCCCCCCCC(=O)OC,-4.69,-4.53579,-4.069076,-4.032978,-4.032978,-4.078945,-4.5751925,-4.122188,-3.364886,-2.8715,-3.7325363,-3.625248,-3.6252468,-3.616196,-4.122392,-3.6490996,-3.4392421,-4.0246096,-3.7060764,-3.6729002,-3.6729004,-3.65385,-3.5367124,-3.7006032,-4.8738613,-3.7807775,-3.832765,-4.347071,-4.347071,-4.489938,-3.8214562,-4.6368284,-4.5303407,-4.4276247,-3.9403787,-3.8213847,-3.8213844,-3.8808203,-3.8757532,-3.89593,-4.487995,-4.505742,-5.1416407,-4.771584,-4.771584,-4.7610326,-4.6195292,-4.7681904,-4.8256097,-4.7842245,-4.874115,-4.5029755,-4.5029755,-5.0116425,-4.6746755,-4.572505,-4.368439,-3.128028,-3.5297945,-4.149111,-4.149111,-4.136721,-2.892154,-4.0944552,-4.274667,-4.7508082,-4.510136,-4.3670444,-4.3670435,-4.430049,-4.6810064,-4.742878,-4.6615624
CN1CC(O)N(C1=O)c2nnc(s2)C(C)(C)C,-1.877,-3.2173603,-3.7106185,-3.4049842,-3.404984,-3.4404583,-3.8031893,-3.4871557,-2.6725342,-1.8035691,-2.216626,-1.3336761,-1.3336756,-1.3269736,-1.7972841,-1.3317196,-1.6723354,-1.9368088,-3.4354315,-3.2648547,-3.264855,-3.299431,-3.360164,-3.216833,-1.7890072,-1.707071,-1.731203,-2.0429049,-2.0429049,-2.0651824,-1.7018548,-2.0069911,-2.0230837,-3.1286213,-3.745127,-3.5712929,-3.5712934,-3.6211615,-3.534741,-3.6925557,-2.824438,-2.2463393,-3.8056529,-3.5484786,-3.5484786,-3.547771,-3.5804799,-3.5398636,-3.2554626,-3.7679493,-3.8353798,-3.118293,-3.118293,-3.3291538,-3.190961,-3.0557196,-2.6795,-2.11204,-1.629853,-2.1175032,-2.117503,-2.0883038,-1.3412633,-2.081864,-1.9333788,-1.9085573,-1.9144039,-1.7671213,-1.7671216,-1.7817018,-1.8160936,-1.8786455,-1.8659494
CCCCCCCCCCCCCCO,-5.84,-5.49944,-4.8345623,-4.7093973,-4.7093973,-4.720658,-5.2055235,-4.73902,-3.9700153,-5.1359534,-4.3953977,-6.1769614,-6.176961,-6.142276,-6.7299256,-6.18188,-5.3745165,-5.5428557,-4.557662,-4.430193,-4.4301925,-4.7171702,-4.4585314,-4.4043093,-5.757824,-6.09367,-5.7105317,-6.1737623,-6.1737623,-6.1193576,-5.5744405,-6.481409,-6.7757163,-5.1672077,-4.7804255,-4.634012,-4.6340127,-4.686758,-4.7304254,-4.6876473,-5.4425497,-5.57264,-6.0350018,-5.712163,-5.712163,-5.566252,-5.642339,-5.7738514,-5.510367,-5.8275657,-6.110064,-5.5851007,-5.5851007,-6.2146006,-5.527734,-5.4593463,-5.5263143,-5.5273547,-4.9546237,-6.203826,-6.2038245,-6.416936,-4.2482796,-6.326691,-7.027174,-5.7503786,-5.8366785,-5.8287277,-5.8287287,-5.8230705,-5.7938046,-5.909611,-5.8195934
COc1ccccc1OCC(O)COC(N)=O,-0.985,-4.0618505,-4.122283,-3.992907,-3.9929073,-4.0171957,-4.4419775,-4.067309,-3.4304035,-1.437897,-3.119077,-2.2301352,-2.230135,-2.257549,-2.6515625,-2.3057635,-2.469231,-1.0101535,-2.7797444,-2.551533,-2.5515332,-2.5355446,-2.6385677,-2.6419585,-1.0208101,-1.6068243,-1.1937256,-1.5895966,-1.5895965,-1.3033513,-1.262083,-1.4862199,-1.7462429,-3.157553,-3.7262616,-3.4551084,-3.4551082,-3.4913175,-3.487572,-3.4859598,-3.2339516,-3.688289,-4.2755413,-3.8012881,-3.8012886,-3.7364771,-3.7452028,-3.7626672,-3.729811,-1.9933186,-3.1603057,-1.7159394,-1.7159402,-3.0797062,-2.023834,-1.7987734,-1.9209799,-1.4167305,-2.2943602,-2.5982666,-2.5982661,-2.4799032,-1.7383665,-2.4948764,-2.44181,-1.4123038,-0.969109,-0.8712033,-0.87120324,-0.8693011,-0.9199859,-1.0115544,-0.96134967
CC(=C)C,-2.33,-0.38243043,-1.5819783,-1.0665101,-1.0665097,-1.0593352,-1.107085,-1.048934,-0.5253029,-1.614085,-0.29125607,-0.23072268,-0.23072286,-0.22909671,-0.22292112,-0.19776964,-0.7606301,-1.4996185,-0.97405195,-0.9814037,-0.98140365,-0.98205084,-0.914543,-0.99626136,-0.51183397,-1.3690937,-0.30864346,-0.926488,-0.9264868,-0.8450023,-0.44872785,-0.9292352,-0.89279836,-1.9806436,-1.8588448,-1.6032015,-1.6032015,-1.5476211,-1.7147923,-1.4549296,-0.32998422,-1.7823689,-1.2846684,-0.97534955,-0.97534955,-0.9797475,-0.98670024,-0.97419775,-1.7840439,-2.1144729,-2.4589431,-1.4195722,-1.4195722,-1.8931074,-1.5220433,-1.3546063,-1.8783499,-2.3597767,-0.79924595,-1.1744518,-1.1744516,-1.186666,-0.4732675,-1.1768043,-1.3810225,-1.3977565,-1.3351012,-1.3312446,-1.3312446,-1.3307505,-1.5162218,-1.5310351,-1.1113682
CCCCC1C(=O)N(N(C1=O)c2ccccc2)c3ccccc3 ,-3.81,-4.2027655,-5.163184,-4.673622,-4.673622,-4.663117,-4.965557,-4.6899595,-3.4323068,-3.8461392,-4.0927134,-3.9684777,-3.9684772,-3.9134638,-4.536542,-3.9350893,-4.4721103,-3.6554856,-4.5356994,-4.634433,-4.634433,-4.57673,-4.7630405,-4.808165,-3.8935034,-3.715978,-4.493978,-4.9216967,-4.9216967,-4.903578,-4.22579,-5.178239,-4.238485,-3.9436793,-4.7880588,-4.4730706,-4.4730706,-4.465044,-4.357094,-4.522737,-3.6392624,-4.90241,-5.0379105,-5.3155427,-5.315543,-5.340592,-5.1022778,-5.130024,-4.8276005,-5.2361298,-4.9270844,-4.8155584,-4.8155584,-4.7409544,-5.232969,-4.947034,-4.929864,-4.653,-4.4647493,-5.0225945,-5.0225935,-4.9733763,-3.6052954,-5.0070276,-5.4796634,-3.8500848,-3.7517033,-3.7823818,-3.7823818,-3.7901802,-3.7092366,-3.8648663,-3.7263365
Cc1c2ccccc2c(C)c3ccc4ccccc4c13,-7.02,-4.327655,-3.80538,-3.6259882,-3.625988,-3.6344838,-4.0062704,-3.6857755,-3.4969828,-6.058936,-5.094939,-5.6487083,-5.648706,-5.6034193,-6.1702943,-5.617902,-5.3901863,-6.9249244,-4.950692,-5.334402,-5.3344016,-5.325209,-5.253512,-5.3187065,-6.2917385,-7.442262,-6.383421,-7.3265257,-7.326525,-7.403296,-6.144589,-7.460931,-7.0222793,-5.9224,-3.1415622,-3.0010598,-3.00106,-3.0117147,-2.8892365,-3.0384243,-3.7525163,-4.2992315,-3.850481,-4.252757,-4.252757,-4.241704,-4.2056303,-4.1768327,-4.740595,-7.885962,-6.6447244,-7.42891,-7.4289103,-7.2123957,-7.594148,-7.367121,-8.014061,-6.464906,-5.148388,-6.317313,-6.317313,-6.2700105,-4.100712,-6.3072224,-6.376706,-6.940866,-7.56376,-7.0880184,-7.088018,-7.1043363,-7.1629863,-6.972517,-7.1956887
CC(=O)OCC(=O)C3(O)C(CC4C2CCC1=CC(=O)C=CC1(C)C2(F)C(O)CC34C)OC(C)=O ,-4.13,-6.0586233,-7.2825437,-6.4965954,-6.496596,-6.47661,-6.7868867,-6.454833,-4.995041,-3.4444206,-3.791806,-3.2928214,-3.2928207,-3.3240306,-3.6908786,-3.3583844,-3.438396,-4.147023,-3.6744585,-3.8732011,-3.873201,-3.770489,-3.56717,-4.2984514,-4.538962,-4.6263676,-3.183505,-3.9625845,-3.9625847,-3.9021866,-3.2118018,-3.942576,-4.17325,-4.512785,-6.311581,-5.8659573,-5.8659563,-5.78393,-5.7491055,-5.7766747,-3.9506292,-4.7501707,-5.409899,-5.5705614,-5.5705614,-5.406778,-5.3330245,-5.088378,-4.918655,-4.3039665,-4.7612157,-4.134112,-4.1341124,-4.680688,-4.4335546,-4.174395,-4.2612715,-4.4223013,-4.1646647,-4.8372364,-4.8372355,-4.788192,-3.1862857,-4.7544312,-5.153432,-4.2299204,-4.1105227,-4.126769,-4.126769,-4.1178336,-4.045195,-4.1065884,-3.9718
CC1=C(CCCO1)C(=O)Nc2ccccc2 ,-2.56,-3.521521,-3.5635548,-3.3142788,-3.314279,-3.354601,-3.734942,-3.3864524,-2.754486,-2.6067464,-3.366632,-2.5298789,-2.529878,-2.4909916,-3.05649,-2.4959834,-3.0296426,-2.9936779,-3.608551,-3.5747755,-3.5747752,-3.571459,-3.5788536,-3.5853732,-3.058381,-3.343177,-3.2715516,-3.713594,-3.7135944,-3.741391,-3.095128,-3.8710647,-3.554374,-3.0001614,-3.2798433,-3.0077708,-3.007771,-3.0560448,-3.031234,-3.051174,-2.3223414,-2.6644826,-3.597711,-3.2862453,-3.2862453,-3.2592902,-3.3057957,-3.3279247,-3.1469061,-3.7343655,-3.0895498,-3.366389,-3.3663898,-3.3462062,-3.5545325,-3.3565683,-3.2126102,-2.3975842,-3.0486627,-3.4894898,-3.4894898,-3.4717872,-2.5633554,-3.4967499,-3.5088375,-2.5303752,-2.633987,-2.5765076,-2.5765078,-2.569745,-2.4678373,-2.4617248,-2.5471299
COC(=O)Nc1cccc(OC(=O)Nc2cccc(C)c2)c1,-4.805,-5.657996,-5.3918304,-5.27458,-5.27458,-5.3084006,-5.81288,-5.3722587,-4.4584327,-3.6089408,-4.5876236,-3.3533375,-3.353337,-3.4390585,-4.010078,-3.464302,-3.5700498,-4.5144887,-4.87971,-4.472891,-4.472891,-4.4394803,-4.599981,-4.556405,-3.7485962,-4.683741,-3.5552545,-4.511368,-4.5113673,-4.4234533,-3.3919919,-4.3062053,-4.4576964,-4.961149,-5.3331447,-4.9983974,-4.998398,-5.0758944,-5.005086,-5.048466,-4.3652406,-5.4695325,-5.876339,-5.385988,-5.3859887,-5.39455,-5.3777723,-5.3677564,-5.165081,-4.7233496,-6.0909486,-5.3966765,-5.3966775,-6.1084156,-5.4162045,-5.4794707,-5.4635954,-3.8791034,-4.197761,-4.107518,-4.1075172,-4.086105,-3.463274,-4.055648,-4.0294456,-4.7608323,-4.782121,-4.834811,-4.8348107,-4.817326,-4.697961,-4.7707653,-4.834169
Nc1ccccc1N(=O)=O,-1.96,-1.8111126,-2.3680677,-2.1520927,-2.1520925,-2.153285,-2.3369403,-2.16494,-1.6793287,-1.9635016,-1.1137502,-1.2306049,-1.2306048,-1.2430278,-1.2281905,-1.2267587,-1.3984249,-1.7184732,-1.6922572,-1.8139741,-1.8139741,-1.8160257,-1.7699822,-1.8372291,-1.2756113,-1.8470294,-1.7786688,-2.6390033,-2.6390014,-2.5152352,-1.8253276,-2.495269,-2.0321486,-1.9366324,-1.9050084,-1.566327,-1.5663271,-1.5741435,-1.6259248,-1.5751876,-1.4732215,-2.270802,-2.1151342,-2.1373644,-2.137364,-2.1202097,-2.1575963,-2.1134744,-1.8824279,-1.1597883,-1.4233395,-0.7703595,-0.77035964,-1.3048627,-1.0384939,-0.85892546,-0.7871327,-2.0161521,-1.896705,-2.1998143,-2.1998143,-2.2143338,-1.6653341,-2.2453213,-1.887638,-1.9097168,-2.2297065,-2.3258646,-2.325864,-2.3224328,-2.0581613,-2.1324291,-1.9348158
C1CCCCCCC1,-4.15,-2.9535794,-1.9974232,-1.3793855,-1.3793852,-1.3642738,-1.6071467,-1.3495321,-1.402762,-3.5142815,-1.9999511,-3.1671274,-3.1671274,-3.1461112,-3.0451999,-3.147813,-2.4201574,-4.001352,-1.9441928,-2.0582845,-2.0582845,-2.0542343,-1.9664551,-2.0765994,-2.7082958,-4.589246,-2.7791166,-3.8980722,-3.8980725,-3.9146016,-2.5799313,-4.0173116,-3.5906816,-3.5568447,-2.7968175,-2.761924,-2.7619243,-2.7875354,-2.912179,-2.6402268,-3.4161882,-3.5088544,-2.3806682,-2.6748557,-2.6748555,-2.6133068,-2.6091056,-2.8027241,-2.3763332,-4.2718596,-3.4168303,-3.3590748,-3.3590744,-2.8897853,-3.6130447,-3.4507666,-3.7187107,-4.0872283,-4.3242755,-5.248666,-5.248666,-5.201692,-4.1810274,-5.212709,-4.6421843,-1.9695027,-1.2620469,-1.1414776,-1.1414776,-1.1372709,-1.4749858,-1.4605795,-2.3979042
CCCCC,-3.18,-1.1690037,-1.6416352,-1.1531174,-1.1531172,-1.1570568,-1.4114846,-1.1308367,-0.8171901,-1.8332436,-1.1303172,-1.4153446,-1.4153445,-1.4013295,-1.3077949,-1.3839512,-1.4441878,-2.6886685,-1.3955748,-1.5305187,-1.5305187,-1.5309662,-1.4571522,-1.5482215,-1.8338549,-2.8784251,-1.5626453,-2.1707087,-2.1707082,-2.168022,-1.5721729,-2.2783391,-1.9216422,-1.3603469,-2.1516063,-1.9350847,-1.9350847,-1.8259693,-1.8492073,-1.9653845,-1.4533304,-1.0868949,-2.1534657,-2.214181,-2.214181,-2.200494,-2.1279068,-2.1879995,-1.3716763,-3.603754,-3.3132088,-2.905831,-2.905831,-2.9672823,-3.3060021,-3.0966175,-3.248071,-2.9816048,-1.6272844,-2.153328,-2.1533277,-2.1816463,-1.4584525,-2.1685562,-2.009859,-2.1862736,-2.0827653,-2.2735376,-2.2735379,-2.2477622,-2.0764117,-1.9889271,-2.1977885
Clc1cc(Cl)c(Cl)cc1Cl,-5.56,-4.785495,-2.9064407,-2.9339013,-2.9339008,-2.930582,-3.3173168,-2.9643586,-3.8762205,-4.6670485,-3.75092,-4.3610945,-4.3610935,-4.3651643,-4.279141,-4.333261,-4.9662538,-4.2630506,-2.881623,-2.9866412,-2.9866414,-2.9925601,-3.0189824,-3.011318,-5.0365515,-4.320382,-3.9715018,-4.9990783,-4.999078,-4.8355904,-3.7599418,-4.9537787,-4.1703773,-5.5816107,-4.77168,-4.435386,-4.435386,-4.494883,-4.817215,-3.9945543,-5.725096,-4.704834,-2.6360552,-2.9656901,-2.9656904,-2.8947356,-2.9750617,-3.071051,-3.1852632,-5.5583963,-2.7565327,-4.8544393,-4.854439,-2.7157164,-4.9686203,-4.832084,-5.1768446,-4.6587663,-5.021688,-4.8998504,-4.8998504,-4.8980846,-4.300253,-4.8654275,-5.0478554,-5.702916,-5.448574,-5.513116,-5.513116,-5.511696,-5.5316644,-5.658497,-5.8777595
CCCC#C,-1.64,-0.7976404,-1.5706568,-1.0871984,-1.0871985,-1.0733371,-1.2537026,-1.0425344,-0.74630016,-1.0138372,-0.9436849,-0.5980503,-0.5980506,-0.5906066,-0.5788071,-0.5569717,-1.1521387,-1.4170481,-1.1950848,-1.2533528,-1.2533528,-1.254015,-1.1809763,-1.2718776,-1.0735334,-0.8825,-0.41377622,-0.7964287,-0.79642826,-0.74677694,-0.48012638,-0.8062047,-0.91742265,-1.3902119,-1.6024567,-1.5465492,-1.5465492,-1.4271594,-1.411394,-1.3672938,-1.3309749,-0.7607962,-2.525269,-1.8905613,-1.8905613,-1.8145373,-1.8351227,-1.6404129,-0.89322734,-1.7691424,-2.174796,-1.773701,-1.7737013,-2.0895872,-1.7728295,-1.6859381,-1.8955252,-1.0711424,-0.23620291,-0.70304275,-0.70304304,-0.6537539,-0.058823925,-0.7109529,-0.49310866,-2.1069374,-2.1701894,-2.2833035,-2.2833037,-2.286359,-2.200354,-1.997519,-2.1612868
c1cncnc1,1.1,0.20149691,-1.8056529,-1.6576284,-1.6576284,-1.655492,-1.7389584,-1.6553206,-0.34797108,-0.066890016,-0.45152104,0.101486966,0.10148706,0.10382679,-0.0008519646,0.12874725,-0.48561335,-0.35309753,-0.86891687,-0.81251085,-0.81251085,-0.8133288,-0.76687753,-0.82615745,-0.33476532,0.3162657,-0.41613746,-0.99181354,-0.9918138,-0.8868135,-0.45907813,-0.9160482,-0.7739317,0.63997245,-1.6430191,-1.9682732,-1.9682734,-1.9154599,-2.0115347,-1.9606668,-0.11588758,0.19788055,-2.0718935,-2.0252984,-2.0252986,-1.9891346,-2.022687,-2.1845899,-1.5082698,0.48836368,-1.0331802,0.40504596,0.40504605,-0.6766936,0.18341367,0.46035156,0.016646033,0.102437675,-0.2180539,-0.4019966,-0.4019968,-0.40032226,-0.27718112,-0.42490983,-0.3810428,1.0901566,0.4776759,0.3600245,0.3600245,0.36715326,0.8309884,0.9133065,0.5670982
CCCCCCCCCCCCCCCCCCO,-8.4,-6.2423944,-6.2218866,-5.842125,-5.842126,-5.8164186,-6.2450256,-5.7699866,-4.88303,-6.395022,-4.748316,-7.4019594,-7.4019585,-7.3138294,-7.971634,-7.3180895,-7.1196923,-7.8866935,-6.173012,-6.057648,-6.057648,-6.328171,-6.2442408,-5.8374853,-8.337845,-7.360339,-7.3119645,-7.75189,-7.7518907,-7.829873,-6.8358607,-7.9676647,-8.192129,-6.5498824,-6.5418754,-6.248904,-6.248904,-6.251914,-6.3113446,-6.2161193,-6.7857184,-5.5180335,-6.2128477,-5.5662413,-5.5662413,-5.267259,-5.9612713,-5.5735693,-5.386127,-7.235884,-7.554242,-6.9386096,-6.938611,-7.9173803,-7.498715,-7.5208464,-7.183793,-6.3099117,-5.9307513,-7.1155014,-7.1155014,-7.2763705,-5.096837,-7.2846284,-7.814885,-8.268636,-8.253686,-8.520409,-8.520409,-8.512282,-8.327852,-8.465168,-8.344921
CCOC(=O)CCN(SN(C)C(=O)Oc1cccc2CC(C)(C)Oc21)C(C)C,-4.71,-5.536434,-6.69317,-6.0308213,-6.0308213,-6.0675764,-6.4361415,-6.061569,-4.867028,-4.536304,-5.099885,-5.079625,-5.0796247,-5.112691,-5.591939,-5.156391,-5.1707225,-4.7171354,-6.47078,-6.4313283,-6.431329,-6.468509,-6.747635,-6.2788696,-5.63561,-5.0583763,-5.0863585,-5.3172126,-5.317212,-5.457744,-4.4596443,-5.542677,-5.3168063,-4.8581066,-6.9226513,-6.436904,-6.4369035,-6.4429126,-6.2939773,-6.3735723,-4.6733074,-5.8316946,-5.982465,-5.557599,-5.557599,-5.5113845,-5.476719,-5.4523315,-5.3882875,-5.3070035,-6.8146677,-5.15639,-5.15639,-6.458785,-5.576358,-5.1775427,-5.526629,-4.607526,-6.2026634,-6.2318764,-6.2318754,-6.1160035,-5.1079025,-6.0805955,-6.952763,-4.7196965,-4.68309,-4.785022,-4.785022,-4.7680297,-4.4957776,-4.7893925,-4.76668
CC12CCC3C(CCc4cc(O)ccc34)C2CCC1=O,-3.955,-3.982275,-3.8635554,-3.577567,-3.5775673,-3.6012542,-3.9653227,-3.6109679,-3.3859682,-4.0230775,-4.2400975,-4.4476967,-4.4476957,-4.3703127,-4.7196903,-4.369989,-4.502294,-4.64861,-4.0837884,-4.1197834,-4.1197834,-4.086717,-4.3118353,-4.1748524,-4.2320848,-4.494973,-3.8355417,-4.2843204,-4.28432,-4.485162,-3.857978,-4.588061,-4.538539,-4.040146,-3.4992683,-3.3430068,-3.3430068,-3.382189,-3.270118,-3.3706338,-3.6483126,-3.7402618,-3.6244574,-3.1379757,-3.1379757,-3.0525765,-3.1155372,-3.3125477,-3.0674813,-4.790686,-4.3095818,-3.9255888,-3.9255881,-4.5317316,-4.2303677,-4.11719,-3.7710528,-4.569419,-4.5883594,-5.270108,-5.2701073,-5.256882,-3.7132676,-5.338673,-5.1010985,-4.4467025,-4.4157467,-4.275677,-4.2756767,-4.291615,-3.9940646,-3.937564,-3.9123263
COc1ccccc1O ,-1.96,-1.692777,-2.2461128,-2.0300357,-2.0300355,-2.0281644,-2.199556,-2.0424702,-1.5852993,-0.5782192,-1.446943,-0.508595,-0.5085956,-0.50146276,-0.690046,-0.48164457,-1.4601156,-0.7800547,-1.3637123,-1.4463863,-1.4463863,-1.4478064,-1.332043,-1.4701563,-0.5224661,-0.65169793,-1.009893,-1.5821906,-1.582191,-1.5387808,-1.1022683,-1.5244473,-1.4153897,-1.3923868,-1.7552158,-2.1198936,-2.1198938,-2.1041033,-2.064897,-2.085525,-1.3876379,-1.5540217,-2.2964287,-2.321338,-2.3213382,-2.3017535,-2.336787,-2.2917035,-2.1336303,-0.5034772,-0.44469014,-0.3491175,-0.34911847,-0.73989916,-0.69462264,-0.39150283,-0.43674263,-0.8979351,-0.39890298,-0.94583327,-0.9458331,-0.9351236,-0.3329571,-0.94987047,-0.8032821,-1.9925226,-0.7796547,-0.41550988,-0.41550988,-0.41967127,-0.0039746314,-0.4021966,-0.44036418
Oc1ccccc1O,0.62,-1.1184466,-2.091833,-1.93962,-1.9396198,-1.9367254,-2.0920033,-1.9463407,-1.0869042,0.32513276,-0.9938001,-0.06591664,-0.06591679,-0.06728929,-0.35756168,-0.027671725,-1.0020314,0.017127637,-1.2524778,-1.3273703,-1.3273703,-1.328428,-1.2144402,-1.3477852,-0.2049184,-0.21997038,-0.6015225,-1.1435289,-1.1435282,-1.0851868,-0.7653129,-1.0989761,-1.0926405,-0.88418084,-1.7587136,-1.6655647,-1.6655645,-1.6021948,-1.6129476,-1.6609217,-0.80322474,-1.0069351,-2.0527627,-2.069395,-2.069395,-2.0508227,-2.083749,-2.0784426,-1.7514011,0.037905026,-0.0010344293,0.36292437,0.36292332,-0.13125308,0.08772701,0.34114233,0.10465088,0.18767324,0.028956493,-0.2605981,-0.26059803,-0.27192876,-0.07483337,-0.27701873,-0.35984132,0.6554669,1.0022728,1.013313,1.0133129,1.0243585,0.9737334,1.0129386,0.78085464
COC=O,0.58,0.6435379,-1.3160418,-0.6483565,-0.64835614,-0.66065675,-0.6574531,-0.6514337,-0.113379195,0.42572123,0.42246795,0.8771153,0.8771151,0.88008726,0.8648625,0.8824068,0.16978015,0.90151775,-0.6804776,-0.5200149,-0.5200149,-0.52083176,-0.43928748,-0.53534514,0.21063314,0.79151845,0.17776416,-0.2637258,-0.26372454,-0.22507393,0.23517203,-0.20999548,-0.4328524,0.2784316,-1.5188111,-1.4274019,-1.4274019,-1.4448019,-1.0838718,-1.5110344,-0.09253909,0.54848164,-1.3812687,-1.0174596,-1.0174596,-1.0427915,-0.89837235,-1.0850674,-0.5027706,0.87646234,0.12313865,1.102318,1.1023177,0.4384151,0.79499316,1.1613443,0.48612046,0.72256696,0.29238108,0.44221452,0.4422141,0.4235827,0.445296,0.43371373,0.450003,0.050859123,-0.68083817,-0.5822068,-0.5822068,-0.5834558,-0.73363703,-0.6337117,-0.671611
CC1=C(SCCO1)C(=O)Nc2ccccc2,-3.14,-3.2701554,-3.6699123,-3.4125493,-3.4125493,-3.450014,-3.8184423,-3.4829721,-2.7402003,-2.9046652,-3.658847,-2.8412733,-2.8412728,-2.814452,-3.3440018,-2.8155396,-3.3019,-3.085088,-3.7988079,-3.703502,-3.703502,-3.7040782,-3.767629,-3.7320461,-2.9229574,-3.9076679,-3.8418,-4.4035444,-4.403543,-4.3862314,-3.6389174,-4.3755956,-4.210001,-3.1934412,-3.3766217,-3.1202612,-3.1202612,-3.1627407,-3.119514,-3.170153,-2.704121,-3.2045445,-3.7059746,-3.4713118,-3.471312,-3.451497,-3.496642,-3.463725,-3.4001095,-3.5800853,-3.0590692,-3.3992424,-3.3992429,-3.3388243,-3.6288157,-3.399903,-3.1563466,-2.8711457,-3.1770144,-3.5823147,-3.5823135,-3.563611,-2.633598,-3.5643897,-3.6200602,-3.0820806,-3.0282452,-3.130139,-3.130139,-3.1522508,-3.0602431,-3.275333,-3.0133386
CCN(CC)C(=S)SCC(Cl)=C,-3.39,-2.6526325,-3.3698225,-3.25215,-3.25215,-3.2906625,-3.6235797,-3.345171,-2.6335707,-3.1066008,-3.5393648,-3.340846,-3.3408456,-3.3110316,-3.5398977,-3.3285177,-3.7730067,-3.3559213,-3.443302,-3.308396,-3.308396,-3.3093324,-3.2692935,-3.3316965,-3.5939968,-3.3312917,-2.518515,-3.306256,-3.306256,-3.2653863,-2.49161,-3.393668,-3.0173914,-3.5817344,-3.4842892,-3.4522393,-3.4522393,-3.4809449,-3.5071094,-3.4617152,-3.9973805,-2.5617814,-3.08498,-3.1071625,-3.1071625,-3.0301664,-3.0629132,-2.9582238,-3.4511728,-2.8854084,-2.4774263,-2.0040948,-2.0040946,-2.1823287,-2.2186532,-1.9816183,-2.122306,-3.1917198,-3.681529,-4.2930083,-4.2930083,-4.3095765,-2.900121,-4.251552,-4.1747336,-3.3955314,-5.0494924,-4.8362045,-4.8362045,-4.795055,-4.3437767,-3.9468234,-3.7629433
CC(=O)SC4CC1=CC(=O)CCC1(C)C5CCC2(C)C(CCC23CCC(=O)O3)C45,-4.173,-5.857774,-6.3196964,-5.6873417,-5.687342,-5.674819,-5.990726,-5.649948,-4.599656,-4.3823924,-4.1582623,-4.1580243,-4.158024,-4.13297,-4.627725,-4.1252728,-4.5408854,-4.46943,-3.8844998,-4.5918107,-4.59181,-4.499067,-4.314783,-4.74942,-4.8510795,-5.16628,-5.1364527,-4.946563,-4.9465637,-4.560051,-3.9645152,-4.7183824,-4.880858,-4.3282294,-5.3209443,-4.92963,-4.92963,-4.914912,-4.901994,-4.9627094,-3.7970183,-4.5674143,-4.914525,-5.426591,-5.426591,-5.435565,-5.212354,-5.4303617,-5.093355,-5.370223,-5.567614,-4.690211,-4.690211,-5.328775,-4.975712,-4.700437,-4.2293744,-4.765541,-5.040486,-5.357388,-5.357388,-5.3516183,-3.6762106,-5.398887,-5.388046,-4.2426887,-4.107691,-4.2271433,-4.2271433,-4.21192,-3.987957,-4.1256657,-4.224536
CCCC(C)(C)O,-0.49,-1.3135583,-2.041884,-1.7720144,-1.7720143,-1.7830136,-2.0508404,-1.767071,-1.0437541,-0.1694495,-1.2262915,-1.3507235,-1.3507233,-1.3407305,-1.2682422,-1.3015692,-1.542175,-0.5584664,-1.825147,-2.000243,-2.0002427,-1.9997529,-1.9129952,-2.0253177,-2.1108797,-0.52723444,-1.2541438,-1.7364839,-1.7364842,-1.2959038,-1.3069352,-1.3355452,-1.8025469,-2.0136185,-1.992395,-1.7793301,-1.77933,-1.8028172,-1.7398782,-1.7884988,-1.7465618,-1.4321941,-1.8584944,-1.4683787,-1.4683788,-1.4433467,-1.4683483,-1.5022467,-1.2239416,-0.9393986,-1.797798,-0.47913894,-0.47913963,-1.6337695,-0.78306293,-0.4482559,-0.8532353,-0.37950832,-0.52203363,-0.8184434,-0.8184432,-0.84720874,-0.31257045,-0.85979176,-0.7843878,-0.24336128,-0.67406553,-0.83104324,-0.8310431,-0.82491624,-0.66165775,-0.64229715,-0.76275116
CCOC(=O)CC(SP(=S)(OC)OC)C(=O)OCC,-3.37,-4.1908984,-4.81369,-4.3887196,-4.388719,-4.381874,-4.656197,-4.3614535,-3.408553,-2.2835126,-2.9798508,-1.9133192,-1.9133186,-1.9082292,-2.5012474,-1.9229708,-2.5109801,-3.0499377,-4.01902,-3.5756023,-3.575602,-3.5626578,-4.00842,-3.622863,-2.0416636,-3.0630634,-2.2380407,-3.151967,-3.1519673,-2.937085,-2.2879224,-3.2048461,-3.1451132,-3.4730835,-4.6003985,-4.204906,-4.2049055,-4.1961207,-4.13592,-4.2091594,-3.0728226,-3.809606,-4.055657,-4.47067,-4.47067,-4.4798837,-4.4647784,-4.413542,-4.4742856,-2.8438115,-3.2771485,-3.0126693,-3.0126693,-3.3985496,-3.312336,-3.0742984,-2.9882193,-2.189397,-2.918745,-3.3879802,-3.3879795,-3.198907,-2.5800269,-3.4566417,-3.5019972,-3.413612,-3.105666,-2.474954,-2.474954,-2.4505844,-1.9958533,-1.6704077,-3.277288
CC13CCC(=O)C=C1CCC4C2CCC(C(=O)CO)C2(CC(O)C34)C=O ,-3.85,-5.100383,-5.0645504,-4.7353296,-4.7353296,-4.771612,-5.1741204,-4.8120427,-4.5175505,-3.9465518,-4.0647182,-3.417159,-3.4171588,-3.3752787,-3.806275,-3.3762972,-3.8625262,-3.4943166,-2.7063162,-2.9212024,-2.9212022,-2.898616,-3.1893327,-2.7552934,-3.3601913,-4.1839676,-3.5757349,-4.133134,-4.133133,-4.114742,-3.7646077,-4.278547,-4.016956,-4.7979927,-4.69105,-4.5496397,-4.5496397,-4.5908895,-4.515954,-4.6046395,-4.970198,-4.196997,-4.8547893,-4.7112584,-4.711258,-4.64304,-4.4556217,-4.6190844,-4.622565,-4.2248316,-3.7274027,-3.6057355,-3.6057353,-3.801485,-4.0776634,-3.4830449,-3.6586194,-4.0617137,-3.730011,-4.1895046,-4.1895037,-4.2022977,-2.8498826,-4.31349,-4.3549933,-3.9034195,-3.842871,-3.7093112,-3.709311,-3.7125401,-3.720254,-3.701444,-3.8694181
OCC(O)COC(=O)c1ccccc1Nc2ccnc3cc(Cl)ccc23,-4.571000000000001,-6.324144,-6.2567806,-5.8860083,-5.8860087,-5.813079,-6.014874,-5.6774106,-5.4333634,-4.6314683,-4.704225,-4.1630473,-4.163047,-4.1068106,-4.655599,-4.2091684,-4.7294664,-4.037099,-4.1821194,-4.1927733,-4.192774,-4.164947,-4.651272,-4.291267,-3.9234605,-4.6994023,-4.1342483,-4.885894,-4.885895,-4.3322372,-3.6449687,-4.9257646,-4.897675,-4.839268,-5.860492,-5.473832,-5.473832,-5.3923316,-5.416836,-5.3607655,-4.3331804,-4.3817353,-4.5248528,-5.1318607,-5.1318603,-5.0452995,-5.0622787,-4.963319,-4.7509594,-3.0754356,-3.5483086,-3.0726638,-3.0726638,-3.6011047,-3.4521596,-3.1508222,-3.0879185,-3.8420837,-4.5627646,-4.8550277,-4.855028,-4.861009,-3.733903,-4.926179,-4.1676545,-4.3200674,-4.600868,-4.424881,-4.4248805,-4.458394,-4.3695354,-4.289336,-4.533498
COc1ccccc1N(=O)=O,-1.96,-2.4984813,-2.5354424,-2.4924948,-2.492495,-2.4791627,-2.7246563,-2.5015514,-2.35478,-1.4088556,-1.4179244,-0.89434236,-0.8943428,-0.8965817,-0.93013436,-0.93633896,-1.462987,-1.8613365,-1.7663635,-1.87699,-1.87699,-1.8793628,-1.7881995,-1.9036465,-1.376261,-1.9624169,-1.7249079,-2.5619926,-2.561992,-2.4841611,-1.7164437,-2.492676,-1.9907826,-1.4938085,-1.7542442,-1.4827033,-1.4827034,-1.4878651,-1.4593298,-1.4730874,-1.3205776,-1.7711089,-2.3548324,-2.4382997,-2.4382997,-2.4158912,-2.4620843,-2.3959599,-2.345447,-1.7971032,-1.3634592,-1.476935,-1.4769355,-1.6616185,-1.6575184,-1.539927,-1.4120005,-1.9469906,-1.0104259,-1.749231,-1.7492313,-1.7488277,-0.75920236,-1.7733033,-1.1082438,-2.066524,-1.7296109,-1.7477515,-1.7477515,-1.7467549,-1.7856892,-1.8443464,-1.8703887
CC1=CC(=O)CC(C)(C)C1 ,-1.06,-1.9794896,-2.1756997,-1.720818,-1.7208178,-1.6971419,-1.9727377,-1.6777537,-1.9415317,-1.0191176,-1.6712126,-1.886493,-1.886493,-1.8833128,-1.825446,-1.8365362,-2.0412655,-1.2300802,-2.5449786,-2.7019632,-2.701963,-2.6993985,-2.6364093,-2.7313762,-3.4180555,-1.6795046,-1.7334796,-2.5212045,-2.5212028,-2.5824523,-1.9568701,-2.649284,-2.6406245,-0.7738621,-2.0369241,-1.7672659,-1.767266,-1.7700723,-1.7921495,-1.7403362,-1.1364481,-1.4334497,-2.2945013,-1.6174163,-1.6174164,-1.663463,-1.5783982,-1.6994648,-1.2767512,-1.736961,-2.305599,-1.2725035,-1.2725035,-2.013636,-1.6102536,-1.2752457,-1.4304234,-1.4723399,-2.1225421,-2.4402323,-2.4402318,-2.4384966,-1.7720809,-2.4342954,-2.0676322,-0.9761952,-1.7179593,-1.6267761,-1.6267761,-1.6157537,-1.6487223,-1.752414,-1.3739961
Cc1ccc(O)cc1,-0.73,-1.146218,-2.0728002,-1.7485734,-1.7485733,-1.7700791,-1.9393262,-1.7664565,-1.1910199,-0.8471119,-1.4906547,-1.1868032,-1.1868037,-1.1824543,-1.2411929,-1.1339352,-1.753911,-0.4133466,-1.422973,-1.5347114,-1.5347115,-1.535949,-1.4427844,-1.5544993,-0.92056346,-0.15157585,-0.9298496,-1.4114953,-1.4114945,-1.3394893,-1.097337,-1.3673861,-1.3431154,-0.88132846,-1.5400118,-1.2660476,-1.2660476,-1.2865334,-1.2030159,-1.2645483,-1.0583895,-1.0728716,-2.4452405,-1.7815263,-1.7815262,-1.8193948,-1.7499441,-1.8496362,-1.3889302,-1.4645579,-1.0918096,-1.1179442,-1.1179441,-1.6418751,-1.2398577,-1.1602654,-1.0665997,-0.7635021,-1.2406869,-1.5976372,-1.5976374,-1.6209235,-0.87848383,-1.614449,-1.4333764,-0.74681556,-0.7972595,-0.8613178,-0.8613178,-0.8635348,-0.7270867,-0.6551617,-0.67869467
CC(C)=CCCC(C)=CC(=O),-2.06,-2.9184792,-2.9183357,-2.6375935,-2.6375937,-2.6285071,-2.9417744,-2.6002104,-2.276928,-2.2369246,-2.5050173,-2.2268214,-2.2268212,-2.2006376,-2.3539567,-2.1863155,-2.7313182,-2.0000045,-2.6841974,-2.6360908,-2.6360908,-2.6338255,-2.6195602,-2.6499698,-2.4606586,-3.234612,-1.8927139,-2.7995548,-2.7995553,-2.5619273,-1.8356105,-2.6242473,-2.259103,-4.2168045,-2.7423272,-2.549193,-2.549193,-2.584072,-2.45222,-2.5743582,-2.954542,-3.6784453,-3.2359405,-3.172256,-3.172256,-2.9915164,-3.1242955,-3.228825,-3.5090644,-3.0593214,-3.0386183,-2.6291063,-2.629106,-3.1534438,-2.745163,-2.7099075,-2.2558122,-1.9187794,-1.732926,-2.4472384,-2.4472377,-2.511083,-1.2387122,-2.4623313,-2.3677855,-2.2968235,-2.8230693,-2.7048995,-2.7048998,-2.7265253,-2.8674908,-2.8113234,-2.330129
C1CC=CC1,-2.1,-1.0690944,-1.5176067,-0.94865125,-0.94865084,-0.9368857,-1.0356216,-0.9187345,-0.6825048,-1.4767418,-0.79273015,-1.302464,-1.3024647,-1.2990234,-1.3088803,-1.3160944,-1.0418097,-1.5551401,-1.0928931,-1.1114045,-1.1114045,-1.1121409,-1.0742681,-1.1261001,-0.9180362,-0.7581975,-0.6564926,-1.3838216,-1.3838223,-1.2724793,-0.661754,-1.3014909,-1.0222226,-1.7775288,-2.123211,-1.4897577,-1.4897578,-1.4621867,-1.4765999,-1.3876368,-0.8408222,-1.4035728,-1.6097255,-1.4581581,-1.4581581,-1.4638394,-1.4773744,-1.5069215,-1.0554601,-2.3078048,-2.9881504,-1.825635,-1.8256342,-2.3345413,-1.7789037,-1.654854,-2.0280313,-1.8445184,-1.7198185,-2.316075,-2.3160748,-2.2994623,-1.439453,-2.29695,-1.8455956,-1.9695027,-1.2620469,-1.1414776,-1.1414776,-1.1372709,-1.4749858,-1.4605795,-2.3979042
CC(C)CCOC(=O)C,-1.92,-2.281354,-2.583797,-2.3091397,-2.3091397,-2.3384254,-2.6329627,-2.3465726,-1.7875845,-1.1851548,-1.8041649,-1.4170431,-1.417043,-1.396585,-1.5313638,-1.365103,-2.029915,-1.4766922,-2.1953204,-2.2286153,-2.2286153,-2.2306132,-2.1451812,-2.2402694,-2.297725,-1.1532645,-1.1158929,-1.7226478,-1.7226477,-1.6517195,-1.2548255,-1.7347465,-1.685663,-3.1537814,-2.3413503,-2.2053783,-2.2053783,-2.2402809,-2.178236,-2.2395046,-2.0385165,-2.2256267,-2.8908875,-2.299923,-2.299923,-2.2385755,-2.3092527,-2.3610363,-2.0913916,-1.8562138,-2.5055416,-1.7961576,-1.7961578,-2.6770983,-2.0043821,-1.804116,-1.8520712,-1.3215963,-1.8113292,-2.403557,-2.4035566,-2.4288514,-1.4046403,-2.3708608,-2.3629234,-1.7953937,-1.2948031,-1.1126199,-1.1126196,-1.1074848,-1.3707172,-1.394859,-1.3008963
NC(=S)Nc1ccccc1,-1.77,-1.9945962,-2.6112533,-2.3815763,-2.3815763,-2.4125123,-2.679009,-2.4186194,-1.7785604,-2.6079738,-2.8354871,-2.6297882,-2.6297874,-2.616902,-2.5691605,-2.5871515,-2.902429,-1.4605973,-1.961368,-2.0756996,-2.0756996,-2.0805004,-2.0168188,-2.0831306,-1.3972338,-1.4885722,-1.4359587,-2.1346831,-2.134682,-2.0126903,-1.5821383,-2.05644,-1.9331589,-1.9689105,-2.2629113,-2.115895,-2.1158948,-2.145397,-2.1558008,-2.1246388,-2.118982,-2.2074082,-2.5079875,-2.2908428,-2.2908428,-2.206678,-2.3179946,-2.23374,-2.2950468,-1.4770405,-1.388351,-1.2165134,-1.2165134,-1.3948171,-1.3411949,-1.3248932,-0.99032927,-2.3782306,-2.9358306,-3.608283,-3.6082833,-3.0461705,-2.350209,-3.0008836,-2.970088,-1.619273,-1.7187124,-1.935226,-1.9352261,-1.9395349,-1.6804421,-1.6722032,-1.7532009
CCCC(=C)C,-3.03,-1.4421083,-1.8951128,-1.3540096,-1.3540094,-1.3439295,-1.5505103,-1.2963735,-0.88882804,-1.5953643,-1.2139149,-1.300821,-1.3008206,-1.2891417,-1.1637034,-1.2582824,-1.5160276,-2.4287412,-1.4695007,-1.5934938,-1.5934938,-1.5932312,-1.4900197,-1.618028,-1.563298,-2.7992122,-1.0396295,-1.8830708,-1.8830707,-1.8720977,-1.1813558,-1.9906209,-1.5934237,-1.5492473,-1.7850869,-1.460725,-1.4607248,-1.4821913,-1.3867624,-1.4609805,-1.1090302,-1.1786377,-2.0955257,-2.0806918,-2.0806923,-2.071736,-2.0578437,-2.0786793,-1.5775014,-2.8984017,-4.0761704,-2.745772,-2.7457714,-3.824973,-3.1448781,-2.6970866,-2.9786196,-2.516819,-1.3237163,-1.8015848,-1.8015846,-1.820852,-1.0929475,-1.8284317,-1.7014486,-3.4695077,-3.247307,-2.974982,-2.9749815,-2.9267979,-3.2114425,-3.191239,-3.4539514
O=C1NC(=O)NC(=O)C1(CC)C(C)CCC,-2.39,-2.933425,-3.3900578,-3.1934698,-3.1934695,-3.203422,-3.5331874,-3.221669,-2.6292129,-2.3677323,-2.0475178,-1.6082616,-1.6082615,-1.5821812,-1.7186958,-1.5381153,-2.3401704,-2.5456572,-3.9039266,-3.6015692,-3.6015694,-3.5966742,-3.8574402,-3.5819287,-2.546854,-2.7792134,-2.8705637,-3.320705,-3.3207054,-2.672618,-2.192641,-2.8094704,-3.4258738,-2.616418,-3.302114,-3.1071808,-3.1071808,-3.1273162,-3.1784637,-3.082842,-2.7826834,-3.8745956,-3.422659,-3.8942766,-3.8942764,-3.7480216,-3.8484323,-3.5541446,-4.707154,-2.758464,-2.4207256,-2.4369738,-2.436974,-2.53975,-2.7843857,-2.548312,-2.484128,-1.9921995,-1.785056,-2.2551436,-2.2551427,-2.2703795,-1.2668768,-2.3318257,-2.315561,-2.3504968,-2.3653607,-2.280391,-2.2803907,-2.2788577,-2.2559826,-2.317749,-2.3713198
Cc1cc(=O)[nH]c(=S)[nH]1,-2.436,-2.0824077,-2.3580546,-2.1763892,-2.1763892,-2.170089,-2.3651342,-2.188437,-1.9147706,-2.2150311,-1.7849963,-1.6301132,-1.6301132,-1.6354802,-1.5780555,-1.5950172,-1.9282843,-1.705115,-1.4708383,-1.5090698,-1.5090699,-1.5104003,-1.4565912,-1.5357403,-1.0379305,-1.3032033,-0.55931747,-1.3699595,-1.3699601,-1.2219611,-0.60966086,-1.25934,-0.98731416,-0.92099893,-1.7632792,-1.5854696,-1.5854697,-1.5891691,-1.5457569,-1.5823041,-1.355501,-1.309149,-2.0628262,-1.9841294,-1.9841295,-1.9714001,-2.0397859,-2.0005028,-1.7716032,-0.6663083,-1.5421017,-0.40911117,-0.4091112,-1.2151433,-0.78505087,-0.49411878,-0.49350145,-2.2140405,-2.1683621,-2.42801,-2.4280097,-2.460753,-1.6806812,-2.4569042,-2.1227546,-2.4199884,-2.379448,-2.286753,-2.286753,-2.2888212,-2.387969,-2.42662,-2.4286277
Cc1cccc2c(C)cccc12,-4.678999999999999,-2.636826,-2.5743046,-2.429633,-2.4296327,-2.4238188,-2.6624987,-2.4485028,-2.429348,-3.5292008,-3.0268867,-3.9963212,-3.9963214,-3.9710543,-4.0606523,-3.9543629,-3.9224682,-4.039043,-2.5014563,-2.7218955,-2.7218955,-2.7228868,-2.6401007,-2.7383683,-3.5612621,-4.445629,-4.398452,-5.141538,-5.141536,-5.0596633,-3.7781918,-5.13456,-4.6044884,-4.94767,-4.02939,-4.366085,-4.366085,-4.384643,-4.280546,-4.3447433,-4.7656016,-3.2201934,-2.7456326,-2.938075,-2.938075,-2.9176896,-2.9370792,-2.8549411,-2.977973,-4.4762173,-5.157288,-4.844381,-4.844381,-5.2592807,-5.368506,-5.1453414,-4.9821787,-4.3083744,-4.124429,-5.0323067,-5.0323067,-4.996048,-3.3917544,-4.9577475,-4.4306417,-4.630951,-4.092761,-3.8481936,-3.848193,-3.840237,-4.051931,-4.149719,-4.6125846
CCOC(=O)CC(=O)OCC,-0.82,-1.9634893,-2.9416852,-2.6506627,-2.650663,-2.6317763,-2.912252,-2.616794,-1.8753176,-0.52249485,-2.2127578,-0.84714955,-0.84714967,-0.81167006,-1.1396873,-0.78616315,-1.8380516,-0.9848501,-2.1066964,-2.1086004,-2.1086004,-2.1104705,-2.0430496,-2.133376,-1.2652218,-0.86486816,-0.6585033,-1.0810772,-1.0810771,-0.9441902,-0.68946844,-1.0492741,-0.9947765,-1.9663454,-3.1140666,-2.8238187,-2.8238187,-2.880973,-2.7973154,-2.9201453,-2.4016953,-1.0139624,-3.3139555,-3.4569724,-3.4569726,-3.2467113,-3.3355703,-3.566975,-3.7286854,-1.5029771,-1.5843362,-1.5311826,-1.5311832,-1.8159328,-1.9093846,-1.691079,-1.4626294,-1.4340403,-1.0327327,-1.3521181,-1.3521181,-1.3647702,-0.69121414,-1.4065394,-1.3426511,-0.80007184,-0.839007,-0.9330346,-0.9330344,-0.8872918,-0.73240775,-0.7930348,-0.90492475
O=C(C=CC=Cc2ccc1OCOc1c2)N3CCCCC3,-3.46,-4.998815,-5.2103157,-5.0827694,-5.082769,-5.128611,-5.6548953,-5.1779127,-4.08103,-4.753676,-5.593878,-4.769963,-4.7699614,-4.8334875,-5.318849,-4.8474107,-4.4581165,-3.724979,-4.8597474,-4.4765496,-4.4765496,-4.44723,-4.5445094,-4.528186,-4.015204,-4.125468,-4.2304616,-4.5540576,-4.5540576,-4.650737,-3.8765657,-4.96238,-4.224599,-5.20895,-4.9518714,-4.7380223,-4.738023,-4.8054166,-4.76252,-4.85904,-4.908338,-4.8202486,-5.3648825,-4.787774,-4.787774,-4.857288,-4.7210684,-4.8249636,-4.693218,-4.272526,-4.382194,-4.299605,-4.299605,-4.757884,-4.8099174,-4.3951745,-4.0813723,-4.193351,-5.2484517,-5.470767,-5.470767,-5.349344,-4.469084,-5.3482594,-4.960479,-3.7178395,-3.4750738,-3.4917052,-3.4917054,-3.5122244,-3.3314145,-3.494101,-3.5774279
ClCBr,-0.89,-0.4577887,-0.85232526,-0.30526772,-0.30526775,-0.31374857,-0.47968996,-0.30564013,-0.5345422,-1.0569427,-0.2625546,-1.1532763,-1.1532767,-1.1510456,-1.2775458,-1.1068618,-0.36676708,-1.8834108,-1.3724109,-1.3596176,-1.3596177,-1.3627245,-1.3531256,-1.3783271,-2.0539842,-0.41270542,-0.22277917,-0.87107706,-0.8710744,-0.8066458,-0.36533606,-0.7797805,-0.6698175,-1.2051635,-1.9078683,-1.853861,-1.8538611,-1.828958,-1.4895442,-1.9597782,-1.2660255,-1.2430758,-1.1390386,-0.7774498,-0.7774498,-0.79231644,-0.8445776,-0.80387264,-1.7479209,-0.6671494,-1.5066506,-0.6813832,-0.6813828,-1.3238081,-0.9442162,-0.7189595,-0.8398772,-0.84340876,-1.1566108,-1.1989192,-1.1989197,-1.2013987,-0.9997548,-1.2170045,-0.89129794,-1.9695027,-1.2620469,-1.1414776,-1.1414776,-1.1372709,-1.4749858,-1.4605795,-2.3979042
CCCCN(CC)c1c(cc(cc1N(=O)=O)C(F)(F)F)N(=O)=O,-5.53,-5.3652487,-4.944515,-4.586935,-4.5869355,-4.554143,-4.885783,-4.4950814,-4.1522193,-5.2870893,-2.1570952,-3.2928386,-3.2928376,-3.243075,-3.0450692,-3.270447,-3.083113,-5.884759,-4.4608097,-4.198073,-4.198073,-4.203105,-4.644656,-4.197997,-4.768882,-5.1737084,-5.6736884,-5.672553,-5.6725516,-5.7611246,-4.97959,-5.8480897,-5.3221307,-5.040703,-4.805832,-4.638884,-4.6388845,-4.601888,-4.635949,-4.585856,-4.708429,-4.3718147,-4.206012,-4.5904574,-4.590458,-3.9252195,-4.485156,-3.7551007,-4.7813,-3.8863044,-3.8873746,-3.7109377,-3.7109382,-4.048623,-4.049023,-3.8093216,-4.4178042,-5.885118,-4.4830923,-5.8227863,-5.822786,-5.781279,-3.3707695,-5.689575,-5.812238,-5.3738203,-5.5232964,-5.5556097,-5.555609,-5.565703,-5.388882,-5.50661,-5.5475025
CC1(C)C(C=C(Br)Br)C1C(=O)OC(C#N)c2cccc(Oc3ccccc3)c2,-8.402000000000001,-5.5826244,-7.815799,-6.8523893,-6.8523893,-6.8700542,-7.317187,-6.875674,-5.583589,-6.77299,-6.0003467,-5.440702,-5.4407015,-5.427232,-5.8514333,-5.466825,-6.0382648,-8.392538,-7.2517886,-7.0469403,-7.046941,-7.435446,-7.9751754,-6.8347077,-8.480685,-8.287506,-7.093001,-7.4940157,-7.4940157,-7.7218814,-6.10223,-7.7994423,-7.611525,-7.0192924,-6.5791583,-6.3624187,-6.3624187,-6.3609166,-6.277982,-6.266348,-6.594242,-5.8294406,-5.6391215,-5.1697855,-5.1697855,-5.080747,-5.225535,-5.2186403,-5.1649795,-5.379287,-5.8666825,-5.116585,-5.1165853,-5.6274867,-5.5193257,-5.2815,-5.2010326,-7.813945,-7.086149,-7.592606,-7.5926056,-8.279056,-7.28629,-8.508309,-8.589886,-8.410765,-8.408336,-8.513797,-8.513797,-8.4766245,-8.281939,-8.430357,-8.364429
Clc1ccc(Cl)c(c1)c2cc(Cl)c(Cl)c(Cl)c2Cl,-7.68,-7.0922556,-5.08545,-4.946488,-4.946488,-4.9426384,-5.262833,-4.9453588,-5.697924,-7.7755775,-7.865961,-7.912055,-7.9120545,-7.8655434,-7.677333,-7.906152,-7.7769265,-7.9014463,-6.5645766,-6.8294516,-6.829451,-6.845863,-6.795103,-6.8120894,-8.135181,-8.08096,-7.652235,-8.556908,-8.556905,-8.386465,-7.348368,-8.583932,-7.9443645,-8.056487,-4.539884,-4.779985,-4.779985,-4.7980385,-4.776659,-4.9119477,-7.7000895,-5.4158325,-3.2374692,-3.0766892,-3.0766892,-3.029416,-3.099578,-3.085883,-3.3619156,-7.9616904,-6.0338736,-7.5741525,-7.5741525,-6.6836596,-7.8830013,-7.8940234,-7.911131,-7.965964,-8.552399,-8.866335,-8.866336,-8.822984,-7.3759704,-8.911604,-8.454864,-7.642067,-8.078584,-8.006928,-8.006929,-7.9914784,-7.839338,-7.901293,-7.775367
ClC1C=CC2C1C3(Cl)C(=C(Cl)C2(Cl)C3(Cl)Cl)Cl,-6.317,-6.499883,-3.9272764,-4.3966885,-4.396688,-4.3536043,-4.8328433,-4.370641,-5.8253937,-5.9896774,-5.69011,-5.754504,-5.754504,-5.7421646,-5.713351,-5.7218566,-6.2503824,-6.0347,-6.453275,-6.030839,-6.030839,-6.071771,-6.2085133,-5.8147597,-6.000585,-6.0752306,-5.4059925,-6.3794684,-6.379469,-6.4971294,-5.248621,-6.5117984,-5.870888,-5.715556,-3.6087759,-3.7298136,-3.7298133,-3.7014983,-3.9018657,-3.6704574,-5.228296,-4.906667,-2.5127602,-2.7539954,-2.7539954,-2.7091134,-2.7614,-2.7485862,-2.785403,-6.397357,-4.7468987,-5.864683,-5.8646827,-4.9006414,-6.1251163,-5.9494977,-6.5945163,-6.4780703,-5.795455,-6.3432407,-6.3432403,-6.337526,-5.349284,-6.301822,-6.5774646,-6.0699935,-6.2368994,-5.984849,-5.984849,-5.965747,-6.1940036,-6.500881,-6.5019608
CN(=O)=O,0.26,0.45387015,-1.3123224,-0.6719356,-0.67193526,-0.6606183,-0.71374834,-0.64592785,-0.326618,0.04159454,0.27975693,0.35175845,0.3517579,0.34761927,0.19448583,0.34717062,0.038697522,0.2873794,-0.84392655,-0.7757465,-0.7757465,-0.77689356,-0.75863135,-0.78635514,-0.632044,0.17149313,0.069484636,-0.5185325,-0.5185324,-0.46529108,0.11240857,-0.44491667,-0.43823996,0.27833185,-1.5722536,-0.8407647,-0.84076464,-0.85600847,-0.74549603,-0.9229795,-0.2936185,-0.0036204085,-1.2092766,-0.79023373,-0.79023373,-0.83161587,-0.83834493,-0.859472,-0.6530389,0.8511368,-0.89506763,0.9387414,0.9387411,-0.3292492,0.5803766,0.87948275,0.39787677,0.2513158,-0.17226945,0.17034483,0.17034462,0.14286101,0.044976313,0.14389484,0.16646418,-0.63238037,-0.77985203,-0.8878488,-0.88784885,-0.8936107,-0.7698849,-0.736513,-0.6928133
Oc1c(I)cc(C#N)cc1I,-3.61,-7.2190375,-3.6812105,-3.7709992,-3.7709992,-3.7617383,-4.303368,-3.8164113,-5.9927006,-4.18616,-5.7433167,-5.3168783,-5.316878,-5.2953353,-5.310662,-5.276616,-4.3795013,-3.337106,-4.9531155,-4.912868,-4.912868,-4.9287944,-5.2646103,-4.90151,-4.7861733,-3.9066815,-0.89744145,-2.814258,-2.814258,-2.5959575,-0.9549237,-2.6089938,-1.6430675,-3.8757858,-2.7545063,-3.123242,-3.123242,-3.1015399,-3.2881768,-2.9994628,-3.3430576,-2.7938037,-3.011515,-3.3701606,-3.3701606,-3.2948089,-3.3627353,-3.4635854,-3.968843,-1.8404299,-0.92584276,-1.1704204,-1.1704211,-1.371633,-1.3414379,-1.2453384,-1.07012,-3.2307327,-3.7657218,-4.381616,-4.3816156,-4.397238,-3.9292603,-4.461564,-3.7193816,-3.6042666,-3.369821,-3.244776,-3.2447758,-3.2310057,-3.3708854,-3.410682,-3.5882738
CCC1(C(=O)NC(=O)NC1=O)c2ccccc2 ,-2.322,-3.0391974,-3.3200147,-3.3091602,-3.3091598,-3.297719,-3.644074,-3.263586,-2.8175235,-2.5359702,-2.4850657,-2.1194222,-2.1194217,-2.087206,-2.1160207,-2.0631695,-2.790386,-2.4051976,-3.9314072,-3.623863,-3.6238627,-3.6208198,-3.9017591,-3.6288052,-2.3569615,-2.702664,-2.040068,-2.592127,-2.5921276,-2.4470627,-1.792644,-2.5464156,-2.1438446,-2.5686047,-3.3093655,-3.0708964,-3.0708966,-3.0730834,-3.1287518,-3.0067103,-2.6634402,-1.7562943,-2.9356794,-3.331562,-3.331562,-3.2592926,-3.3452373,-3.224814,-3.7221327,-2.5474513,-2.263045,-2.176194,-2.1761944,-2.2996564,-2.439799,-2.2644546,-2.281432,-2.5651336,-2.153926,-2.5711596,-2.571159,-2.5812235,-1.5994159,-2.6339583,-2.5081992,-2.2798555,-2.1413236,-2.048191,-2.0481915,-2.055391,-2.092384,-2.2669868,-2.2929635
Fc1ccccc1Br,-2.7,-1.9387541,-2.2056012,-1.9819574,-1.9819572,-1.9930401,-2.2041674,-1.9958733,-1.5063145,-2.0570805,-1.8564293,-1.7597193,-1.7597193,-1.7614423,-1.6800016,-1.7306421,-1.8413502,-2.1611032,-1.566717,-1.6315261,-1.631526,-1.633986,-1.5684799,-1.6529341,-1.9795362,-1.5317398,-1.6688482,-2.3631573,-2.363156,-2.2924094,-1.6847866,-2.293689,-1.8308045,-2.6353393,-1.8647026,-1.7332635,-1.7332634,-1.7184242,-1.6512913,-1.7234166,-1.9297769,-2.828628,-2.2087939,-2.2813861,-2.281386,-2.210235,-2.2627711,-2.4282904,-2.252765,-1.6812489,-1.860552,-0.90199876,-0.9019989,-1.8708519,-0.95561117,-0.93681043,-1.1084678,-2.5631266,-1.8044537,-2.0662518,-2.0662513,-2.0680556,-1.8577391,-2.0705144,-1.7870865,-2.4114354,-3.3201728,-3.3148038,-3.3148036,-3.3124976,-3.0455427,-3.068651,-2.747957
CCCCCCCCOC(=O)c1ccccc1C(=O)OCCCCCCCC ,-5.115,-5.646633,-8.018004,-7.0703483,-7.0703483,-7.029747,-7.4373784,-6.9453797,-5.2292438,-5.228945,-5.1935077,-6.6697235,-6.6697235,-6.5539694,-7.064505,-6.547268,-7.4910975,-5.188665,-7.1589456,-7.391137,-7.3911376,-8.013675,-8.531201,-6.7225637,-7.9784293,-6.1555634,-6.784065,-7.047063,-7.047063,-7.1012673,-6.3448873,-7.171252,-7.5929837,-5.1016164,-8.629399,-8.074424,-8.074425,-7.7888675,-7.866538,-7.064872,-6.4736195,-4.870238,-7.0192432,-6.8198276,-6.819828,-6.1538186,-7.2891273,-7.7395687,-5.9118314,-6.3539605,-7.6306386,-6.386988,-6.386988,-6.7595205,-6.556382,-6.635035,-7.170806,-5.6396055,-7.3375244,-8.014891,-8.014892,-8.747518,-6.6009183,-8.827163,-7.491305,-5.191251,-8.544833,-8.768932,-8.768933,-8.575046,-8.143365,-9.235893,-4.967996
CNC(=O)Oc1cc(C)cc(C)c1,-2.5810000000000004,-2.9257336,-3.1477394,-2.962901,-2.9629014,-2.986391,-3.314584,-3.0219874,-2.5342133,-1.8430328,-2.2881615,-1.8374542,-1.8374535,-1.8462399,-1.9885956,-1.843518,-2.12191,-2.4542587,-2.9233034,-2.950232,-2.950232,-2.949159,-2.9251223,-2.9786892,-2.8609264,-2.3078926,-1.7579386,-2.5612402,-2.5612397,-2.5115862,-1.8645751,-2.5302725,-2.4113903,-2.7296433,-2.7067392,-2.454664,-2.4546645,-2.4832652,-2.465981,-2.4776652,-2.2098906,-1.8554013,-3.298699,-2.992422,-2.9924223,-2.9676795,-3.0594134,-3.055355,-2.8624277,-3.4116483,-3.3686817,-2.6584215,-2.6584218,-2.9810553,-2.6116676,-2.5496519,-2.6277878,-1.9534416,-1.5586028,-2.0421166,-2.0421166,-2.0280094,-1.2952431,-2.0343394,-1.9107422,-2.5876684,-2.6191711,-2.5904934,-2.5904934,-2.5773103,-2.524709,-2.6505551,-2.5310285
Cc2cnc1cncnc1n2,-0.8540000000000001,-2.292826,-2.3266459,-2.1105764,-2.1105764,-2.1268404,-2.3646836,-2.1342542,-1.8197701,-1.5707464,-1.8512492,-1.4644622,-1.4644625,-1.4473178,-1.622951,-1.4344358,-1.902418,-0.5007573,-1.5962473,-1.650318,-1.6503179,-1.6524513,-1.5582899,-1.6704491,-1.5459938,-0.19846275,-0.70557046,-1.4091085,-1.4091061,-1.2870249,-0.85079867,-1.3810761,-0.93017983,-1.7870642,-1.959988,-2.0586069,-2.0586069,-2.0544584,-1.9373876,-2.0866058,-1.5818057,-2.1651542,-2.6421247,-2.6730022,-2.6730022,-2.6376147,-2.7064567,-2.663258,-2.886121,-1.51095,-2.440137,-1.6829703,-1.6829708,-2.236279,-1.9352485,-1.6848745,-1.5619452,-0.67466444,-1.924572,-2.319765,-2.319766,-2.3046675,-1.4208727,-2.3110867,-1.4539503,-0.8465558,-0.7848649,-0.61467487,-0.6146749,-0.6231855,-0.7949632,-0.82300097,-0.735034
NC(=N)NS(=O)(=O)c1ccc(N)cc1 ,-1.99,-2.522642,-3.2618098,-2.838867,-2.8388672,-2.8499687,-3.1028087,-2.8672636,-2.0944405,-2.1782277,-2.0899649,-1.3654087,-1.3654089,-1.3300188,-1.4014859,-1.3454735,-1.830557,-1.4856484,-3.086576,-2.842405,-2.8424048,-2.840573,-2.8936598,-2.8676467,-0.7434076,-1.5097073,-1.0769684,-1.8798499,-1.8798488,-1.7495965,-1.5612845,-1.8568506,-1.6936972,-2.7322326,-3.1969073,-3.0529695,-3.0529695,-3.0757039,-3.0198312,-3.1197803,-2.7998123,-2.7692459,-3.6294918,-4.1602726,-4.1602726,-4.0925207,-4.0906577,-4.044912,-5.02826,-2.0135767,-2.6270921,-2.3747292,-2.3747296,-2.5513515,-2.5235143,-2.423738,-2.3025045,-2.2210555,-2.1414633,-2.754571,-2.7545705,-2.7516785,-1.5747422,-2.8131495,-2.548764,-1.9658461,-2.0156217,-2.0154507,-2.0154507,-2.0069635,-1.9659336,-1.9820598,-1.9756302
CC=C(C)C,-2.56,-0.5773598,-1.7568805,-1.1398034,-1.1398032,-1.146554,-1.1985415,-1.1501495,-0.63500494,-1.7081125,-1.1531246,-0.8747449,-0.8747448,-0.8695918,-0.9503628,-0.8273318,-1.5106211,-1.5400578,-1.2860073,-1.3499409,-1.3499408,-1.3507658,-1.317037,-1.3688943,-1.4334676,-1.9877106,-0.90857387,-1.5545107,-1.5545098,-1.4753798,-0.98118204,-1.5234146,-1.3937836,-1.4020002,-1.5792454,-1.5648701,-1.5648701,-1.548631,-1.4057784,-1.5643258,-0.6914935,-0.9651772,-1.6858888,-1.4768295,-1.4768294,-1.4843721,-1.4731773,-1.4810272,-1.137427,-2.7711377,-3.1637714,-1.9311602,-1.93116,-2.585487,-2.2514892,-2.044711,-2.4161453,-2.3764317,-1.4469844,-1.7521203,-1.75212,-1.7792487,-1.0471777,-1.7593857,-1.645026,-2.4146895,-1.9386342,-1.852627,-1.852627,-1.8275781,-1.7945977,-1.8641074,-1.9121217
c1ccc2ncccc2c1,-1.3,-1.8196414,-2.203302,-2.00491,-2.00491,-2.013174,-2.2186995,-2.0188687,-1.5375762,-1.935853,-2.6265538,-2.453431,-2.4534311,-2.445057,-2.4741054,-2.4022396,-2.5701625,-2.062474,-1.6643997,-1.8343695,-1.8343694,-1.8354999,-1.7273818,-1.8587188,-1.8263415,-1.6421102,-2.4562256,-3.1769452,-3.1769445,-3.0636585,-2.378999,-3.1188736,-2.3268979,-2.007779,-1.8083619,-1.9561305,-1.9561304,-1.9538008,-1.8217399,-1.9713111,-1.5745987,-2.2896924,-2.3338614,-2.3684237,-2.368424,-2.3474016,-2.385296,-2.342142,-2.181666,-1.4195001,-2.767941,-1.2719067,-1.2719069,-2.4777026,-1.578168,-1.3043854,-1.3638235,-1.9337881,-2.64675,-2.9048576,-2.9048576,-2.9009213,-2.6706288,-2.9236736,-2.614817,-1.2240521,-1.1925436,-1.305432,-1.305432,-1.3204342,-1.4398223,-1.3271927,-1.218356
COCC(=O)N(C(C)C(=O)OC)c1c(C)cccc1C ,-1.601,-3.3263195,-4.101053,-3.82585,-3.8258502,-3.7841184,-4.1505094,-3.704363,-2.9426308,-2.2848945,-2.6896017,-2.2762048,-2.276204,-2.2402265,-2.4888008,-2.2234063,-2.599714,-2.0984507,-3.5954201,-3.2122188,-3.2122188,-3.196968,-3.6402512,-3.1778917,-2.0184848,-1.7309473,-1.7004333,-2.467381,-2.467381,-2.250114,-1.621036,-2.0571768,-2.1917567,-2.6431236,-4.3449407,-4.037379,-4.0373793,-3.971032,-4.1178894,-3.8887746,-2.732456,-3.6027474,-3.5381162,-4.093102,-4.0931025,-4.0571203,-4.0888214,-4.039629,-4.452688,-3.4251873,-3.4113498,-3.064974,-3.0649738,-3.499658,-3.3412151,-3.067747,-3.1077852,-2.17365,-2.2684016,-2.9946363,-2.9946356,-3.0217953,-1.985803,-3.0933018,-3.1598368,-1.931188,-3.6880915,-3.8536737,-3.853674,-3.8797204,-3.8445525,-3.4791698,-4.911415
Fc1cccc(F)c1,-2.0,-1.2964972,-2.1081786,-1.8790312,-1.879031,-1.8847903,-2.0498078,-1.8895663,-1.2274712,-1.3719753,-0.2366238,-0.55985427,-0.55985385,-0.55996954,-0.59633243,-0.5366091,-0.40744096,-0.6176954,-1.2071097,-1.2834224,-1.2834224,-1.2850804,-1.2258991,-1.2977976,-1.1322287,-1.1135159,-0.9741262,-1.7973359,-1.7973354,-1.6981511,-1.0818424,-1.7191398,-1.2097365,-2.2021892,-2.6205962,-1.9098773,-1.9098774,-1.9218276,-2.0325184,-1.8385222,-1.7524632,-1.9781688,-2.1788988,-2.318026,-2.318026,-2.2730224,-2.2952971,-2.4290862,-1.9370083,-1.5301571,-1.7575734,-0.93984693,-0.9398464,-1.5929914,-1.2434858,-0.9632414,-0.8980398,-2.0037892,-1.0504433,-1.0489601,-1.0489601,-1.0402626,-0.81232876,-1.03268,-1.0830885,-2.0048862,-3.0253875,-3.0697196,-3.0697196,-3.0601614,-2.8598719,-2.9615526,-2.6501317
C=CC=C,-1.87,0.14100544,-1.2605678,-1.0249062,-1.0249062,-1.0685292,-1.2514061,-1.003602,-0.13630661,-0.1304989,-0.57050335,0.35896653,0.35896644,0.36329418,0.20777395,0.40008324,-0.70741737,-1.0503603,-0.8578077,-0.7951472,-0.7951472,-0.79572624,-0.7035862,-0.8144764,0.07193895,-0.6910096,-0.047937866,-0.71044135,-0.710441,-0.6288029,-0.07406408,-0.6541499,-0.6111018,-2.2346177,-3.0487463,-2.3969064,-2.3969064,-2.5035217,-2.3408613,-2.4180813,-1.2830131,0.13128151,-1.8725293,-1.6424178,-1.6424177,-1.6703241,-1.6131887,-1.6514086,-0.7800137,-1.4972656,-3.1931531,-1.9754597,-1.97546,-2.9679763,-2.256678,-1.8944068,-2.214282,-1.6375191,-0.25801557,-0.48007238,-0.48007244,-0.48965362,-0.29423386,-0.49331686,-0.6561954,-2.1651268,-2.1124477,-2.1104414,-2.1104417,-2.1091137,-2.1986833,-2.0969548,-2.170607
Nc3cc2c1ccccc1ccc2c4ccccc34 ,-6.2,-5.7053995,-3.5346603,-3.5852263,-3.585226,-3.590558,-4.0738707,-3.6398222,-4.607535,-5.1069937,-5.1085763,-5.3169007,-5.3169003,-5.269312,-5.71822,-5.275243,-5.4938216,-5.726459,-4.385951,-4.655977,-4.655977,-4.6443954,-4.5984807,-4.680215,-5.2924066,-5.8809013,-5.506992,-6.6845427,-6.6845427,-6.533607,-5.216353,-6.575385,-5.786941,-6.216716,-2.854456,-2.7022822,-2.7022824,-2.7248025,-2.6883502,-2.7470758,-3.2049727,-4.3527803,-3.9026403,-4.176234,-4.176234,-4.1658673,-4.141425,-4.100477,-4.6406364,-4.643316,-4.5777693,-3.8372667,-3.8372662,-4.2925887,-3.9215238,-3.944984,-3.6119106,-5.773646,-4.1583066,-4.8509383,-4.8509383,-4.801451,-3.252789,-4.810128,-5.0603065,-6.235386,-5.7368593,-5.983438,-5.983438,-5.992857,-6.438624,-5.7939944,-6.2689476
c1(O)c(C)ccc(C(C)C)c1,-2.08,-2.4490771,-2.5137382,-2.18682,-2.1868203,-2.2036223,-2.4335258,-2.2193425,-1.9090021,-1.645283,-2.4629104,-2.3470101,-2.3470092,-2.316446,-2.4409122,-2.2787173,-2.938585,-1.8694494,-2.6384032,-2.6998508,-2.6998513,-2.7003882,-2.6326568,-2.71459,-2.4359329,-2.2459683,-2.3040006,-2.8798132,-2.8798127,-2.710738,-1.9388084,-2.7663248,-2.5221426,-3.2694542,-2.5869696,-2.8780057,-2.878006,-2.9057577,-2.791596,-2.8952901,-2.234759,-2.9884343,-2.6155984,-2.251637,-2.251637,-2.2328622,-2.2919705,-2.2706442,-2.2280958,-2.45735,-2.7760246,-2.2639778,-2.2639778,-3.1253343,-2.410853,-2.2753024,-2.034313,-1.8049266,-1.4891313,-2.0861425,-2.0861418,-2.0652163,-1.1536705,-2.0404534,-2.1550746,-2.123312,-2.0236175,-1.6744388,-1.6744388,-1.6796514,-1.7807902,-1.8523346,-1.8047096
CCc1ccccc1,-2.77,-1.2900664,-2.137868,-1.5981781,-1.5981781,-1.6183584,-1.7521694,-1.6292292,-0.95100033,-1.9541416,-2.0381005,-2.2317362,-2.2317357,-2.212314,-2.1681216,-2.183259,-2.226732,-2.2661085,-1.7843262,-1.9564672,-1.956467,-1.9567032,-1.8867307,-1.9828709,-2.258465,-2.0154018,-1.8396724,-2.4928038,-2.4928029,-2.4069984,-1.925389,-2.5514743,-2.0849175,-2.822197,-2.1761854,-1.9604062,-1.9604061,-1.9730555,-1.9429502,-1.997491,-2.4149308,-1.5904629,-2.239101,-2.2274733,-2.2274733,-2.2151413,-2.2207592,-2.2026577,-1.8401821,-3.2422078,-4.263861,-3.5051727,-3.5051727,-4.0817957,-4.1432295,-3.821966,-3.650311,-2.1134586,-1.7499589,-2.2333288,-2.2333288,-2.2408142,-1.6868125,-2.2440534,-2.1567848,-2.7084322,-2.42452,-2.4753084,-2.4753082,-2.4671288,-2.5705972,-2.6442366,-2.6471024
N#Cc1ccccc1,-1.0,-1.3264344,-2.0587234,-1.826988,-1.826988,-1.84656,-2.0499687,-1.8363607,-1.2751942,-1.9993246,-1.6052701,-1.4211247,-1.4211247,-1.4215771,-1.3420446,-1.3833973,-1.7039593,-1.2588301,-1.3926495,-1.4865642,-1.4865643,-1.4876807,-1.4035085,-1.5055212,-1.6539094,-1.3456978,-1.4821774,-2.2601266,-2.2601247,-2.151682,-1.448555,-2.1826093,-1.6549653,-1.3808051,-2.0953293,-2.2055652,-2.2055652,-2.1863782,-2.3208258,-2.2048166,-0.8672589,-1.8215271,-2.0654461,-1.545405,-1.5454051,-1.4693689,-1.5622944,-1.6842624,-1.6469122,-2.1777592,-1.8189396,-1.5091188,-1.5091188,-1.6873037,-1.653326,-1.490886,-1.4006339,-1.0596261,-0.55894464,-1.0337402,-1.0337404,-1.0523815,-0.6835843,-1.0554005,-0.93311244,-0.9817909,-1.5302931,-1.680085,-1.6800848,-1.6764477,-1.6896983,-1.7240776,-1.2196797
NC(=O)CCl ,-0.02,-0.6911141,-1.6113119,-1.1017419,-1.1017417,-1.1107621,-1.2190825,-1.1060683,-0.61499363,0.41499156,-0.2756808,0.36025187,0.36025178,0.36498338,0.14948267,0.38295907,-0.30551782,0.24834518,-1.0002772,-0.9860598,-0.98605984,-0.98675925,-0.92813003,-1.001928,-0.6560163,0.15382782,-0.09454544,-0.6158416,-0.61584127,-0.5001438,-0.1545574,-0.53395265,-0.5510168,-0.6221499,-1.6863071,-1.3035996,-1.3035996,-1.3257891,-1.2494013,-1.3188685,-1.0898783,-0.5168036,-1.5109591,-1.3004352,-1.3004353,-1.3186619,-1.2567551,-1.3116385,-0.9904683,0.6632177,-0.41418782,0.4723433,0.47234306,0.05480425,0.2654437,0.43234935,0.26051334,-0.33454987,-0.3858004,-0.784863,-0.7848628,-0.8118422,-0.32454956,-0.81726295,-0.29751033,0.03674084,-0.10923402,-0.14603394,-0.14603394,-0.05905152,-0.40688708,0.28782043,-0.026145013
Nc1ccccc1Cl,-1.52,-1.5810978,-2.1875014,-2.0089552,-2.008955,-2.010038,-2.1941886,-2.0203447,-1.4101356,-1.2453685,-1.7306916,-1.156308,-1.1563076,-1.1591401,-1.2616769,-1.1122477,-1.5966573,-1.0556223,-1.6332847,-1.7299112,-1.7299112,-1.7313963,-1.6910726,-1.75275,-1.2043387,-1.2386253,-1.6659752,-2.315081,-2.3150795,-2.208338,-1.7264442,-2.295869,-1.9518379,-1.4945769,-1.7117455,-1.8099145,-1.8099144,-1.7889632,-1.7378565,-1.7763501,-1.1107051,-1.5818918,-2.1673121,-2.1723223,-2.1723225,-2.173801,-2.147391,-2.1425185,-1.4150236,-0.75296915,-1.0166425,-0.46990255,-0.4699026,-0.94225234,-0.5204009,-0.49436918,-0.4711868,-1.3502327,-1.5950688,-1.7629501,-1.7629503,-1.771189,-1.5772681,-1.7868832,-1.5390602,-1.4727865,-2.504021,-2.7189872,-2.7189872,-2.7092774,-2.6658063,-2.6189227,-1.9936783
Oc1ccc(Cl)cc1C(=O)Nc2ccc(cc2Cl)N(=O)=O,-4.7,-6.0251966,-5.034649,-4.9471254,-4.947125,-4.977647,-5.472978,-5.038076,-4.9551077,-5.2728767,-3.5146735,-4.6613216,-4.6613207,-4.6158476,-5.254646,-4.635327,-4.1783495,-4.2892027,-5.2880735,-5.0220776,-5.022077,-5.0745735,-5.366769,-4.812801,-4.0597844,-5.3872795,-4.529306,-5.5583034,-5.558303,-5.1106315,-4.071738,-5.2436376,-4.8958263,-5.7090755,-4.240698,-4.1366196,-4.1366196,-4.194853,-4.3291388,-4.132151,-5.1674433,-4.2357397,-4.4071283,-4.183882,-4.183882,-4.1683745,-4.171296,-4.173792,-4.1449857,-3.5881233,-3.4254637,-3.6406214,-3.6406217,-3.6433482,-3.7916138,-3.6259224,-3.532384,-5.0360613,-3.9509277,-4.9220724,-4.9220724,-5.067338,-3.4557452,-5.2706623,-5.041701,-4.5231614,-4.7187576,-4.6708393,-4.6708384,-4.674521,-4.443792,-4.5364738,-4.689234
NS(=O)(=O)c2cc1c(NCNS1(=O)=O)cc2Cl ,-2.63,-4.764292,-3.827128,-3.6197963,-3.619796,-3.6207967,-3.9642177,-3.6492271,-3.5977128,-3.9880795,-3.3355985,-3.6229591,-3.6229587,-3.590221,-3.4000678,-3.5761216,-4.038848,-2.8083825,-4.74981,-4.5493655,-4.5493655,-4.563818,-4.57328,-4.482607,-3.203074,-2.6396892,-3.3993428,-4.3739395,-4.3739386,-4.1821027,-3.4578373,-3.88579,-3.1686897,-3.1033604,-3.1372669,-2.9511,-2.9510999,-2.9725552,-2.9779234,-3.019601,-3.2166867,-2.6945667,-3.130272,-2.9361422,-2.9361424,-2.7671824,-2.916931,-2.7381167,-2.9453497,-3.0794284,-3.7263114,-3.2401018,-3.240102,-3.5225396,-3.3707118,-3.2970803,-3.3446918,-3.3351219,-4.1375737,-4.6263385,-4.6263385,-4.5983863,-3.1700869,-4.644483,-3.7416303,-2.8976731,-1.9987704,-2.323306,-2.3233058,-2.3458772,-2.3549614,-2.556322,-3.4307537
CN(C)C(=O)Nc2ccc(Oc1ccc(Cl)cc1)cc2,-4.89,-5.352996,-5.1534686,-4.9982886,-4.9982886,-5.059173,-5.5918155,-5.1221128,-4.0158496,-4.8961453,-5.4731574,-4.347898,-4.3478975,-4.351736,-4.895258,-4.3930626,-4.3586273,-4.657916,-5.2648816,-4.9676976,-4.967697,-4.933225,-4.950026,-4.877359,-4.5882125,-4.703849,-4.687327,-5.3703117,-5.3703103,-5.4111137,-4.516213,-5.420748,-5.08919,-5.253292,-4.631179,-4.478374,-4.478374,-4.553107,-4.5209064,-4.617924,-5.198767,-5.143021,-5.343077,-4.9536767,-4.9536767,-5.024197,-4.9091644,-4.9838276,-4.7135653,-4.7575917,-6.071006,-4.7664633,-4.7664633,-5.616993,-4.9818945,-4.871206,-5.0315466,-3.9361434,-4.26174,-4.7788787,-4.7788787,-4.6790323,-3.5480268,-4.7148113,-4.9722605,-4.8490686,-4.8726187,-4.9279394,-4.927939,-4.939759,-4.772158,-4.9130526,-4.8584414
CCc1cccc2ccccc12,-4.17,-2.2698846,-2.6768694,-2.3736098,-2.37361,-2.364365,-2.5609856,-2.377906,-2.1294076,-3.653954,-3.1951082,-4.053315,-4.0533147,-4.0118575,-4.090215,-4.0000196,-3.9001017,-3.8763077,-2.6186323,-2.7943642,-2.7943642,-2.792937,-2.709531,-2.8231494,-3.5629716,-3.862542,-4.010031,-4.6546135,-4.6546135,-4.6561956,-3.5883477,-4.7258253,-4.089042,-2.4649124,-2.093905,-1.9720169,-1.9720169,-1.8995932,-1.9026777,-1.8997561,-1.8165846,-1.9745381,-2.654338,-2.8759599,-2.87596,-2.8338094,-2.8964293,-2.8079476,-3.047913,-4.261747,-5.8247576,-4.004402,-4.004403,-5.7720294,-4.632284,-4.172237,-4.3157434,-4.2626076,-3.3592591,-4.155171,-4.155171,-4.4903316,-2.870353,-4.4016204,-3.7992265,-4.1157227,-3.863721,-3.7940798,-3.7940795,-3.7753105,-3.6913626,-3.8001199,-4.005329
CC(C)NC(=O)N1CC(=O)N(C1=O)c2cc(Cl)cc(Cl)c2,-4.376,-5.4097166,-5.3375793,-5.040621,-5.040621,-5.0599475,-5.4711337,-5.116386,-4.4497256,-4.14768,-4.7094803,-3.534644,-3.5346427,-3.607608,-4.018361,-3.7301397,-2.8358135,-4.1667643,-5.1678424,-4.9614644,-4.961465,-4.9539037,-5.2406588,-4.962936,-3.9546773,-4.6847672,-3.847272,-4.4699845,-4.469984,-4.3121004,-3.8527749,-4.264892,-3.8678195,-5.9294553,-4.8024726,-4.7948456,-4.7948456,-4.8164186,-4.7613626,-4.902522,-5.421774,-4.3318877,-4.530738,-4.415464,-4.4154644,-4.379014,-4.375537,-4.3675466,-4.4062967,-4.084381,-4.2844386,-3.4019992,-3.4019997,-3.7635782,-3.3809385,-3.2036793,-3.8256655,-4.6261187,-4.087089,-4.4168825,-4.4168825,-4.466103,-3.47631,-4.517203,-5.0709743,-4.368886,-5.1755586,-4.9453344,-4.945334,-4.8445253,-4.0932736,-4.0916986,-6.124029
Nc1cc[nH]c(=O)n1 ,-1.155,-1.0747883,-2.0642583,-1.8221574,-1.8221573,-1.8268971,-1.9741164,-1.8309982,-1.0859292,-0.6417464,-0.6152487,0.016829807,0.016829513,0.013488058,-0.16859838,0.023241282,-0.5791841,-0.5817744,-1.1328334,-1.1202374,-1.1202374,-1.1207602,-1.0392092,-1.1443151,-0.19085164,-0.42573482,-0.20737739,-0.922038,-0.9220382,-0.8131299,-0.29929236,-0.8531998,-0.6509045,-1.1605285,-1.5872481,-1.5262651,-1.526265,-1.5139123,-1.403615,-1.5333112,-0.464111,-1.0557978,-2.0000377,-1.8358923,-1.8358921,-1.8244543,-1.8284729,-1.8734957,-1.4834232,-0.9201149,-1.5917965,-0.33890435,-0.33890525,-1.2258853,-0.5488353,-0.5038242,-0.6893033,-0.6554828,-0.28205526,-0.50600994,-0.5060097,-0.50907564,-0.2616899,-0.5211161,-0.4652784,-1.1415739,0.81878805,0.67787033,0.67787045,0.6814271,0.85977304,0.9761974,-0.01170981
Cc1cccc2c1ccc3ccccc32,-5.85,-4.398385,-2.873992,-2.8560865,-2.8560863,-2.8613,-3.232226,-2.8915617,-3.487259,-4.9551277,-4.4421988,-5.126601,-5.1266017,-5.0795326,-5.3477902,-5.0926237,-5.1800327,-5.6432557,-3.489162,-3.669153,-3.6691527,-3.6715164,-3.5612447,-3.658362,-4.693851,-5.7264657,-5.2891374,-6.2537937,-6.253791,-6.1334577,-4.7347846,-6.185541,-5.581297,-5.7389097,-2.461805,-2.990331,-2.990331,-2.9930031,-2.8198876,-3.0059006,-5.25003,-3.6147907,-3.2318568,-3.435577,-3.435577,-3.4046686,-3.4424763,-3.3753235,-3.9657526,-5.946159,-6.5721936,-5.1870403,-5.1870403,-6.9083366,-6.0135546,-5.57257,-5.5406013,-6.009137,-5.21638,-5.7717867,-5.7717857,-5.7635975,-3.9136565,-5.7566266,-6.0134687,-5.791316,-5.7705593,-5.848136,-5.848135,-5.857884,-5.7664,-5.8855743,-5.885265
COP(=O)(OC)OC(=CCl)c1cc(Cl)c(Cl)cc1Cl,-4.522,-5.517169,-4.8708873,-4.617693,-4.6176934,-4.607069,-4.9540396,-4.549602,-4.602969,-5.163865,-4.2588034,-4.5164437,-4.5164433,-4.452136,-4.9691234,-4.208186,-4.63016,-4.3603654,-5.936055,-5.4818187,-5.4818187,-5.6130433,-5.893364,-4.9803047,-4.8064933,-4.7414255,-4.445777,-5.6194797,-5.619479,-5.317723,-4.2053967,-5.3258653,-5.2161417,-4.374855,-4.3427253,-4.176066,-4.1760654,-4.101334,-4.1648874,-4.0267463,-3.7504768,-3.6891532,-3.6277776,-4.1302943,-4.130295,-4.1031156,-4.074457,-4.1037855,-4.6402006,-3.4978466,-3.346138,-2.7673023,-2.767303,-3.6837819,-3.3835957,-3.1378608,-3.0538003,-5.2017097,-4.5864687,-5.5373564,-5.5373564,-5.4394,-3.8334215,-5.3065953,-5.801438,-4.453622,-5.2707534,-5.39672,-5.39672,-5.4547844,-5.808192,-5.341721,-5.6795654
Cc1c(C)c(C)c(C)c(C)c1C,-5.23,-3.6188793,-2.8945384,-2.6013567,-2.601357,-2.5878487,-2.7948098,-2.6052876,-2.3341331,-3.4411507,-2.5196688,-3.5453444,-3.5453434,-3.5290601,-3.790269,-3.5085893,-3.3289745,-4.524007,-3.5850952,-3.5051684,-3.5051682,-3.5054977,-3.5554967,-3.5176635,-3.5338237,-5.0469713,-3.70712,-4.826641,-4.8266397,-4.925247,-3.7200177,-5.0806756,-4.487573,-5.041501,-4.6453147,-4.793985,-4.793985,-4.543156,-4.7994986,-4.755263,-5.772128,-5.208583,-2.6848803,-2.881157,-2.8811567,-2.8606687,-2.9251416,-2.7943783,-3.1488504,-5.1829786,-4.943397,-5.1489964,-5.148996,-4.913101,-5.5245056,-5.203501,-5.2311077,-4.9086313,-4.1440616,-5.4652085,-5.465209,-5.495927,-3.3775327,-5.5055323,-5.386928,-4.17603,-4.2356586,-4.007588,-4.0075874,-4.0077996,-3.9659624,-3.9263885,-4.0903416
CCC(C)(C)O,0.15,-0.9803587,-1.8049932,-1.7748184,-1.7748178,-1.762345,-2.0626154,-1.7224805,-0.53897214,0.08573599,-1.135017,-1.1869689,-1.1869688,-1.1804905,-1.2510284,-1.1468306,-1.5894235,-0.37053192,-1.4208385,-1.5520335,-1.5520334,-1.5525022,-1.4576334,-1.5695848,-1.3723904,0.29382247,-0.7257633,-1.0334606,-1.0334594,-0.5824888,-0.7557811,-0.6103493,-1.1906341,-1.1909587,-1.748097,-1.5348755,-1.5348756,-1.4987956,-1.5354468,-1.4665457,-1.7061936,-1.0832717,-1.6658607,-1.4815338,-1.4815338,-1.4860914,-1.4667693,-1.4921772,-1.1252252,-0.18875208,-1.3176367,0.12440339,0.124403894,-1.1415435,-0.14569308,0.1836221,-0.37957376,0.2872443,-0.45232683,-0.6943513,-0.6943515,-0.7015644,-0.30704337,-0.71740764,-0.48565814,0.52095544,0.7028365,0.51898426,0.5189843,0.5598774,0.509167,0.52063453,0.27193424
CCC(CC)C=O,-1.52,-2.032374,-1.9959068,-1.3862162,-1.3862159,-1.375875,-1.552176,-1.3614757,-1.2570722,-0.33369845,-1.3852733,-1.1884277,-1.1884278,-1.1813389,-1.2503252,-1.1292558,-1.728633,-0.8891574,-1.6058296,-1.690587,-1.690587,-1.6912458,-1.6566038,-1.7127699,-1.7140911,-1.7649918,-1.2539748,-1.8521563,-1.8521557,-1.8772341,-1.3590536,-1.9730808,-1.8676957,-0.84386384,-2.0498111,-1.7664405,-1.7664406,-1.739034,-1.7483706,-1.7087668,-1.2287297,-1.4885155,-2.0799081,-2.0949101,-2.0949101,-2.0880013,-2.058833,-2.0713859,-1.5058738,-0.9487914,-1.5090688,-0.46775198,-0.4677514,-1.1860392,-0.7808708,-0.4313632,-0.686179,-1.2313862,-1.2205114,-1.4723839,-1.4723839,-1.5053606,-0.9321776,-1.5144117,-1.246195,-1.3730438,-1.5356649,-1.5069368,-1.506937,-1.5414205,-1.5753489,-1.6117407,-1.490287
Cc3nnc4CN=C(c1ccccc1Cl)c2cc(Cl)ccc2n34,-4.09,-4.393242,-5.422531,-4.9564877,-4.9564877,-4.913009,-5.2093296,-4.856856,-3.5945601,-4.8012066,-5.1719913,-5.267521,-5.2675204,-5.218263,-5.6759934,-5.1977844,-5.052677,-4.6094522,-5.650221,-5.588223,-5.5882235,-5.5905185,-5.6833916,-5.4866314,-5.301266,-4.5676136,-5.10598,-5.847974,-5.8479733,-5.882702,-5.1147704,-5.8361845,-3.8826985,-4.7549696,-4.7100186,-4.47804,-4.4780397,-4.4461274,-4.426814,-4.4569316,-4.356186,-3.274598,-3.5270946,-3.6625237,-3.6625237,-3.613424,-3.6769786,-3.6716747,-3.9564464,-3.979213,-4.2429843,-3.8578072,-3.8578076,-4.021927,-4.2549324,-3.8799708,-3.969532,-4.950228,-5.3742986,-5.6386743,-5.6386733,-5.640615,-4.1921234,-5.7369537,-4.8875384,-4.088561,-4.1633577,-4.0661855,-4.0661845,-4.0540323,-3.8832448,-4.01921,-4.0730214
FC(F)(Cl)C(F)(Cl)Cl,-3.04,-2.128615,-1.7814977,-1.616657,-1.6166569,-1.5833948,-1.9727318,-1.5506084,-1.4699755,-2.9985294,-2.0080647,-2.3281672,-2.3281677,-2.330701,-2.340983,-2.3133223,-2.909801,-2.5089214,-1.544272,-1.5334588,-1.533459,-1.5404954,-1.7755568,-1.542097,-1.1320165,-2.199244,-1.8533573,-2.6488726,-2.6488736,-2.4630234,-1.8304724,-2.4922023,-1.6989496,-2.3500485,-1.8162487,-1.1872838,-1.1872836,-1.2001928,-1.0351471,-1.2024034,-1.2420737,-2.1382668,-1.4351044,-1.2139153,-1.2139153,-1.2157654,-1.241738,-1.2220936,-1.5492438,-2.2485821,-1.278178,-2.1244967,-2.1244965,-2.4462285,-2.1835623,-2.1419847,-2.6691523,-2.6598885,-2.2501054,-2.6286187,-2.6286187,-2.6272857,-2.1127229,-2.6481476,-2.6517138,-2.912796,-2.002365,-1.843812,-1.8438118,-1.8339846,-2.2798905,-2.3088918,-2.6584902
Oc1ccc2ccccc2c1,-2.28,-2.7779472,-2.369267,-2.2556903,-2.25569,-2.2692132,-2.5563967,-2.2752197,-2.1390862,-2.598051,-2.718229,-2.624135,-2.6241343,-2.613222,-2.6250987,-2.5736916,-2.9991312,-2.0530825,-2.003516,-2.1761894,-2.1761894,-2.1778154,-2.0485766,-2.197225,-2.0173135,-2.4368627,-2.5244904,-3.434699,-3.4346988,-3.3164666,-2.494994,-3.3913944,-2.6751535,-2.776635,-1.9651816,-2.0280476,-2.0280476,-2.0310807,-1.9295592,-2.047785,-2.169875,-2.4422565,-2.5633678,-2.666029,-2.6660287,-2.6329067,-2.6829603,-2.6408656,-2.759143,-2.0095336,-1.7634271,-1.6995156,-1.6995151,-2.3323326,-1.8138304,-1.7594995,-1.577723,-2.1402493,-2.4722426,-2.7254224,-2.7254226,-2.739746,-2.447805,-2.748395,-2.2769194,-2.314588,-2.2768154,-2.26562,-2.26562,-2.261824,-2.2507744,-2.2787771,-2.3030417
CCOCCOCC,-0.77,-2.571478,-2.5092032,-2.2048213,-2.204821,-2.1607409,-2.504657,-2.1205506,-1.5530657,-0.83861285,-2.0330117,-1.6678181,-1.6678174,-1.6590216,-1.9373225,-1.6454175,-1.9010738,-0.560822,-1.5685725,-1.5363367,-1.5363367,-1.5363334,-1.3945597,-1.5711572,-0.65428406,-0.16590016,-0.2994434,-0.7788387,-0.77883905,-0.57930434,-0.2872903,-0.6240557,-0.7620944,-2.327788,-3.0697327,-2.8299716,-2.8299716,-2.2811692,-2.8075252,-2.2662857,-2.30288,-2.0433536,-3.1016226,-3.1955626,-3.1955628,-3.1244173,-3.1883109,-3.1880589,-3.5669765,-1.6283255,-1.6735277,-1.3929136,-1.3929138,-1.4621762,-1.4319825,-1.2044127,-1.2728217,-0.7740998,-1.9822502,-2.5046353,-2.504635,-2.5948303,-1.5208064,-2.6160185,-2.335107,-0.7448923,-0.8215726,-0.7860388,-0.7860386,-0.7998738,-0.6162399,-0.66358495,-0.6347614
CN(C)C(=O)Nc1ccc(C)c(Cl)c1,-3.483,-3.2043812,-3.5007846,-3.3526123,-3.3526127,-3.3861794,-3.778212,-3.4253597,-2.7904859,-2.6586092,-3.143272,-1.716448,-1.7164481,-1.6619333,-2.2326126,-1.6954803,-2.423691,-2.8255315,-3.4626966,-3.3487625,-3.3487625,-3.343644,-3.3260987,-3.3940334,-2.6888807,-3.0301456,-2.5319877,-3.2758155,-3.2758152,-3.1936672,-2.4836452,-3.1742532,-2.9269764,-3.4641845,-3.1241977,-2.9973855,-2.9973857,-3.0452263,-3.0091083,-3.0846026,-2.892851,-4.137038,-3.6929812,-3.4661474,-3.4661477,-3.444011,-3.497576,-3.4223092,-3.425187,-3.0036814,-4.045636,-2.8803432,-2.880343,-3.7531595,-3.3318415,-2.9753594,-2.7578242,-2.7936237,-2.5175862,-3.051155,-3.0511544,-3.05149,-2.0803382,-3.0885024,-3.2910476,-3.4462528,-2.6237607,-2.5476787,-2.547679,-2.549088,-2.2383652,-2.2765975,-2.4196734
ClC1CC2C(C1Cl)C3(Cl)C(=C(Cl)C2(Cl)C3(Cl)Cl)Cl,-6.86,-7.5250587,-4.5260158,-4.7968855,-4.7968855,-4.75455,-5.1480513,-4.7021937,-6.6069984,-6.54576,-6.407772,-6.2656775,-6.265678,-6.2437077,-6.0739646,-6.2077265,-6.6325655,-6.5514755,-7.4282703,-7.34746,-7.3474593,-7.365249,-7.2816477,-7.288451,-6.9056244,-7.242488,-6.803045,-7.2646646,-7.2646637,-7.2863755,-6.3556476,-7.316376,-7.039657,-6.8474684,-3.9485595,-4.150777,-4.150777,-4.1234627,-4.2846007,-4.1134105,-5.695706,-6.0558805,-2.6599984,-2.868865,-2.8688648,-2.693055,-2.8421943,-2.7876017,-3.30151,-6.982727,-4.6125264,-6.758457,-6.758457,-4.8444223,-7.21261,-6.5801935,-7.1510024,-6.646174,-7.1075754,-7.287543,-7.287543,-7.2525916,-6.2245855,-7.231892,-7.2073874,-6.9826455,-6.713644,-6.6523275,-6.652327,-6.6559534,-6.597099,-6.9903183,-6.894752
CNC(=O)Oc1cccc2CC(C)(C)Oc12,-2.8,-3.0100403,-3.5270257,-3.1955233,-3.195523,-3.1778066,-3.457625,-3.1901798,-2.7352674,-2.413927,-2.904683,-2.1121488,-2.112148,-2.1111462,-2.3933196,-2.1013033,-2.479705,-1.976814,-3.48826,-3.4011998,-3.4011998,-3.3956566,-3.38544,-3.4220674,-2.6150746,-2.4599369,-2.3525147,-2.7445588,-2.7445579,-2.86458,-2.224736,-2.7764442,-2.4833305,-2.2187016,-3.1686406,-2.9043605,-2.9043608,-2.8948166,-2.8489685,-2.8644686,-2.4041643,-2.3340394,-3.472515,-2.9508257,-2.9508257,-2.8951557,-2.9021454,-3.0023134,-2.6276574,-3.191405,-3.5569177,-2.6415398,-2.64154,-3.599955,-3.1229932,-2.6826866,-2.8383148,-2.2281358,-2.5790591,-2.8407886,-2.840788,-2.8213036,-2.1118245,-2.8481703,-2.9486468,-2.7720962,-2.8141916,-2.8193586,-2.8193583,-2.8611653,-2.765372,-2.8697543,-2.7431343
CC2Cc1ccccc1N2NC(=O)c3ccc(Cl)c(c3)S(N)(=O)=O ,-3.5860000000000003,-5.221975,-5.688738,-5.3215704,-5.3215704,-5.344272,-5.724175,-5.323816,-4.9989743,-4.145546,-4.6232243,-4.3397226,-4.3397226,-4.4121714,-4.872466,-4.421944,-3.9016194,-3.689855,-5.0343914,-4.7750525,-4.775052,-4.7134595,-5.085091,-5.1327724,-3.5293562,-4.84176,-5.052734,-5.534338,-5.5343375,-5.4930983,-4.7622857,-5.490796,-4.6877837,-5.130374,-5.4848,-5.174846,-5.174845,-5.219834,-5.1283083,-5.299762,-4.5086594,-4.4295425,-4.6321063,-4.2332215,-4.233222,-4.125961,-4.187772,-4.1094837,-4.2256618,-4.59365,-4.8949127,-4.4869685,-4.486969,-4.9986486,-5.0935936,-4.8873186,-4.645962,-4.366088,-4.6185985,-4.84724,-4.84724,-4.8020062,-3.716169,-4.8427386,-4.377173,-3.7914307,-3.6297677,-3.5384724,-3.5384727,-3.5452232,-3.52603,-3.537516,-3.4803684
CCCCO,0.0,-1.2496266,-1.5497023,-1.0993959,-1.0993961,-1.0970703,-1.3626025,-1.0696342,-0.86154294,0.040930398,-0.7926276,-0.39238772,-0.39238802,-0.3837654,-0.4780673,-0.3440599,-1.081925,-0.07122813,-1.0725703,-1.0860385,-1.0860384,-1.0868235,-0.97549945,-1.108289,-0.15114325,-0.07044619,-0.6324328,-0.86696595,-0.86696565,-0.79633665,-0.637422,-0.9176771,-1.1238803,-0.25892568,-1.6587969,-1.3274869,-1.3274869,-1.3309437,-1.1656299,-1.2722057,-1.2191832,-0.89547145,-1.9004959,-1.8005742,-1.8005743,-1.7904742,-1.7407466,-1.7708322,-1.1387601,0.049714327,-0.9850426,0.35777372,0.35777336,-0.85712016,0.13878217,0.37643784,-0.12167344,-0.041332103,0.051441744,-0.18141444,-0.18141475,-0.20289746,0.28496397,-0.21316217,-0.15389517,0.044805914,0.021447077,-0.1497561,-0.14975604,-0.13394876,-0.15977609,-0.011473687,-0.022722986
O=c1[nH]cnc2[nH]ncc12 ,-2.266,-1.5851616,-2.199327,-2.0517995,-2.0517993,-2.0493498,-2.235148,-2.0617845,-1.3955637,-1.2345031,-0.9077214,-0.64426225,-0.64426255,-0.648985,-0.7312961,-0.63344884,-0.8810601,-2.1900969,-1.4973098,-1.431126,-1.4311261,-1.4317979,-1.4789504,-1.4650053,-0.9760716,-1.3963183,-0.5281266,-1.5545157,-1.5545164,-1.3610665,-0.6905223,-1.4286654,-0.7921008,-1.3565195,-1.6775799,-1.6418103,-1.6418104,-1.6196427,-1.4834024,-1.6395907,-0.77714235,-1.3368299,-2.0554178,-2.0629284,-2.0629284,-2.0524385,-2.0767465,-2.0517888,-1.6259236,-0.90692055,-1.918903,-0.88139707,-0.88139737,-1.4910234,-1.0592997,-0.98512954,-0.9079909,-0.54772466,-0.45265275,-0.71122247,-0.7112228,-0.7103857,-0.49876404,-0.7299844,-0.66173774,-2.3268185,-2.2921233,-2.3839934,-2.3839931,-2.3813283,-2.2619858,-2.2513933,-2.1740212
Ic1ccccc1,-3.01,-1.4779143,-2.0271626,-1.8579229,-1.8579229,-1.8925387,-2.1681654,-1.8573985,-1.308643,-3.1647003,-3.2447948,-3.2195961,-3.2195964,-3.2203996,-3.0655637,-3.2111359,-3.380974,-3.1916747,-1.98625,-2.0680766,-2.0680766,-2.0714357,-2.0780056,-2.0921001,-2.8426685,-1.4989394,-1.0142487,-1.9489986,-1.9489994,-1.7610136,-1.0866768,-1.7921606,-1.3050544,-3.2363434,-2.6468017,-2.97688,-2.97688,-2.9565759,-2.9837408,-2.9772427,-2.5583284,-3.0896783,-2.1898396,-2.1436496,-2.1436493,-2.0613012,-2.1303952,-2.3047593,-2.2143426,-3.4300525,-3.3801556,-3.1608086,-3.160808,-3.1273954,-3.2437475,-3.205751,-3.457451,-3.0315394,-3.725603,-3.7623448,-3.762345,-3.7906363,-3.513386,-3.7706692,-3.4682145,-2.4388506,-2.6369438,-2.631949,-2.6319492,-2.635119,-2.633345,-2.6853256,-2.5263722
Oc1cccc(Cl)c1Cl,-1.3,-2.4890945,-2.4318252,-2.4196808,-2.419681,-2.4093308,-2.665429,-2.431586,-2.0379243,-2.2492678,-2.0173843,-1.9999251,-1.9999254,-2.0058396,-1.9815627,-1.9727936,-2.0906327,-1.5676429,-1.9006237,-1.9733866,-1.9733868,-1.9771479,-2.0060835,-1.9907428,-1.7283024,-1.8885504,-2.1596851,-2.8888693,-2.8888671,-2.7389596,-2.1580923,-2.7984283,-2.3516407,-2.1559594,-1.9517406,-2.158157,-2.158157,-2.123865,-2.106636,-2.1271746,-1.6580856,-1.6191667,-2.2714615,-2.4227185,-2.4227185,-2.339723,-2.4558098,-2.2869258,-2.231502,-1.5002911,-0.61009675,-0.8937895,-0.89379036,-1.0395087,-1.0292078,-0.9559422,-0.7679769,-1.746329,-1.4809796,-1.9936877,-1.9936874,-1.9917626,-1.5091101,-2.0006297,-1.4409362,-1.339709,-1.7401462,-1.6972511,-1.697251,-1.7035055,-1.5559208,-1.6169283,-1.7938465
Clc1ccc(cc1)c2cc(Cl)ccc2Cl ,-6.25,-4.2813773,-3.962268,-3.7056637,-3.7056642,-3.724379,-4.0851903,-3.7749002,-3.3914704,-6.4424467,-6.007339,-5.6792097,-5.679209,-5.6387434,-5.591888,-5.6210675,-5.8391876,-5.966948,-4.387327,-4.4626727,-4.462672,-4.4717927,-4.4329085,-4.4447174,-6.2694283,-5.990373,-5.0955224,-5.9352617,-5.9352617,-5.7681108,-4.653389,-5.801432,-5.5318685,-5.7535486,-3.1129594,-3.0419776,-3.0419774,-3.0733154,-2.897984,-3.1346478,-4.532657,-5.4663343,-3.481262,-3.7167401,-3.7167404,-3.6802778,-3.6975026,-3.6573238,-4.503297,-6.3877754,-5.6949096,-6.0990014,-6.099002,-6.09396,-6.6203175,-6.483667,-6.535576,-6.5851555,-6.454949,-6.509399,-6.5093994,-6.490212,-5.330701,-6.493154,-7.137923,-6.223852,-5.4838934,-5.5743723,-5.574372,-5.577259,-5.2201695,-5.492922,-5.9793296
CCOP(=S)(OCC)N2C(=O)c1ccccc1C2=O,-3.35,-4.3768654,-4.291481,-4.119467,-4.1194663,-4.13805,-4.451352,-4.181107,-3.7107897,-3.6634986,-3.1862128,-3.2997942,-3.299794,-3.2600465,-3.3156016,-3.2719872,-3.3250668,-3.3901012,-4.429116,-4.0883327,-4.0883327,-4.0816245,-4.297844,-4.1004066,-2.7315814,-3.9927192,-3.7980018,-4.312067,-4.3120666,-4.2245245,-3.3832567,-4.278939,-4.1441946,-3.5154107,-4.2122717,-3.9412198,-3.9412193,-3.9676394,-3.9690397,-3.9348981,-3.4819388,-3.510477,-4.0806584,-4.5561476,-4.5561476,-4.5450263,-4.52741,-4.509178,-4.6731515,-3.9754891,-3.9794323,-3.4864872,-3.4864876,-3.7057962,-3.907297,-3.5674767,-3.7396953,-3.888948,-3.211832,-4.0047407,-4.0047407,-4.0481544,-2.726694,-4.1663756,-4.234532,-3.4363313,-3.359252,-3.3760645,-3.3760643,-3.3806376,-3.1732435,-3.329359,-3.249182
CCCCCBr,-3.08,-2.2170684,-1.9735942,-1.5702248,-1.570225,-1.5662026,-1.852432,-1.5436988,-1.4898548,-2.430168,-2.117637,-2.4577382,-2.4577384,-2.4405239,-2.255437,-2.4134867,-1.9750347,-2.8553739,-1.9885864,-2.0890524,-2.0890522,-2.099071,-1.9491199,-2.078136,-3.3004599,-3.1941724,-1.8202124,-2.3906097,-2.3906093,-2.5081449,-1.8588319,-2.6600635,-2.213556,-3.6283562,-2.1726377,-2.012646,-2.012646,-2.0367405,-1.7972388,-1.9928769,-2.5182164,-2.5202284,-2.2148008,-2.1690903,-2.1690907,-2.0938518,-2.1536796,-2.023796,-1.7997501,-3.4820526,-3.1873357,-3.122339,-3.1223395,-2.9089055,-3.6522498,-3.3983867,-3.43988,-2.710657,-2.9402514,-3.255027,-3.2550266,-3.3648195,-2.4319723,-3.3336592,-3.0825615,-2.785064,-3.0769396,-3.0658133,-3.065813,-3.0685277,-3.0796087,-3.135631,-2.953501
c1ccc2ccccc2c1,-3.6,-1.8821828,-2.2192233,-2.0298615,-2.0298615,-2.037563,-2.2473977,-2.0442505,-1.5862302,-2.3524039,-2.8840578,-3.0192893,-3.0192888,-3.007685,-3.0194407,-2.9684608,-2.9403229,-2.9432387,-1.8099504,-2.0164585,-2.0164585,-2.0173879,-1.8969895,-2.040368,-2.1877825,-2.9787717,-3.2104464,-4.0640006,-4.064,-3.9441087,-3.0165544,-4.0654187,-3.1491363,-4.2693863,-3.713304,-3.5629408,-3.562941,-3.6162996,-3.5834706,-3.4895675,-3.5792499,-2.4585652,-2.3998642,-2.4848423,-2.4848428,-2.4684477,-2.4778597,-2.4361339,-2.1474159,-4.118556,-4.9623637,-4.2393594,-4.2393594,-4.9042335,-3.91853,-3.7696414,-4.451987,-3.1074874,-3.2321453,-3.4910107,-3.4910107,-3.4836543,-3.1517348,-3.5037613,-3.455847,-4.0519404,-3.139833,-3.042865,-3.0428648,-3.050229,-3.2113805,-3.270451,-3.7385185
c2ccc1[nH]nnc1c2,-0.78,-1.1345232,-2.0607195,-1.7965909,-1.796591,-1.8049581,-1.957176,-1.8060726,-1.1015326,-1.0276005,-1.4096136,-0.9353458,-0.9353461,-0.9369593,-1.0094433,-0.89134717,-1.2739097,-0.9763098,-1.5506116,-1.6068727,-1.6068726,-1.6072112,-1.5413496,-1.6358218,-1.6197591,-0.79744345,-1.5122011,-2.362874,-2.362873,-2.2647052,-1.6828521,-2.2995253,-1.6325712,-1.2014018,-1.5758168,-1.4979495,-1.4979494,-1.4822563,-1.3878766,-1.4836918,-0.8018279,-1.2428244,-2.0439563,-1.99339,-1.9933898,-1.9906943,-1.9884392,-1.9917192,-1.4405395,-1.9628578,-1.7811975,-1.2541268,-1.2541271,-1.9041656,-1.2069213,-1.2401185,-1.252053,-0.016101893,-0.8841235,-1.1755248,-1.1755254,-1.1712706,-1.0572498,-1.1974435,-1.0597125,-0.7213743,-0.84076643,-0.75415087,-0.7541508,-0.7617941,-0.7876134,-0.78357804,-0.7739144
CC12CCC(=O)C=C1CCC3C2CCC4(C)C3CCC4(O)C#C ,-5.66,-4.530717,-4.3720436,-3.9992392,-3.999239,-4.0252104,-4.432945,-4.044003,-3.639905,-4.034763,-4.288767,-4.2754993,-4.2754974,-4.210828,-4.7164025,-4.19887,-4.522144,-4.606138,-3.5140722,-4.024025,-4.024025,-3.9692492,-3.9563363,-4.120722,-4.2822375,-4.662477,-4.314101,-4.59009,-4.5900893,-4.7244453,-4.058861,-4.775107,-4.9910803,-4.342889,-4.3350406,-4.0917726,-4.091773,-4.105305,-4.0338354,-4.0730276,-3.5395994,-4.6704607,-4.116353,-4.266755,-4.2667556,-4.0106745,-4.136269,-4.106221,-4.7468076,-4.614806,-4.2353535,-4.1837935,-4.183795,-4.2758017,-4.3405027,-4.159883,-4.1240754,-4.6255965,-4.42507,-5.0164094,-5.016409,-5.015035,-3.422004,-5.1331944,-4.9899726,-5.646985,-4.421438,-4.187124,-4.1871233,-4.134942,-3.7603405,-3.6675274,-3.895715
COC(C)(C)C,-0.24,-1.4240032,-1.7035689,-1.7284105,-1.7284104,-1.7107695,-2.132294,-1.6807498,-0.4952965,-0.7136797,-1.2165896,-1.1614565,-1.1614562,-1.1545348,-1.2434331,-1.1138175,-1.7151784,0.07967121,-1.4238158,-1.498412,-1.4984119,-1.4987603,-1.415991,-1.5235473,-1.291492,-0.3382973,-0.51535004,-1.0426308,-1.0426292,-1.0162479,-0.6648802,-1.0606501,-1.1397043,-1.1245836,-1.7197009,-1.4268274,-1.4268275,-1.4359316,-1.4620445,-1.4000082,-1.289623,-1.283506,-1.5311749,-1.3140036,-1.3140036,-1.3101285,-1.3354833,-1.3270558,-1.4056954,-0.39183888,-0.72041136,-0.06515911,-0.065159455,-0.4623518,-0.4589905,-0.09022643,-0.27779752,-1.5178931,-1.3442487,-1.7435588,-1.7435585,-1.7509629,-1.1590201,-1.7467502,-1.6041274,-0.22678916,-1.8387846,-1.7656169,-1.7656168,-1.7550092,-2.0808313,-2.0480032,-1.8196145
CC(OC(=O)Nc1cccc(Cl)c1)C#C,-2.617,-4.4971275,-3.6899858,-3.7102613,-3.710261,-3.741344,-4.2110176,-3.7681818,-3.6041584,-3.5375977,-3.055485,-3.0991483,-3.0991478,-3.0596926,-3.3990097,-3.092226,-3.1069682,-3.4636924,-3.4149399,-3.2838082,-3.2838082,-3.286523,-3.2154539,-3.2881846,-3.1414337,-2.753018,-2.2163095,-3.0309339,-3.0309339,-2.96751,-2.154432,-2.9155397,-2.617199,-3.493918,-3.244056,-3.1186135,-3.1186132,-3.158867,-3.140398,-3.144027,-2.9754732,-4.9707627,-3.913795,-3.7623794,-3.76238,-3.7474852,-3.7741625,-3.7395034,-3.912423,-4.3711834,-3.3717546,-3.2204435,-3.2204437,-3.1671433,-3.1936297,-3.1615489,-3.631918,-3.183045,-2.8360672,-3.506475,-3.506475,-3.3866482,-2.2344038,-3.3895168,-3.7388375,-3.4597182,-2.6289291,-2.7531588,-2.7531595,-2.7531486,-2.4943798,-2.6326377,-2.5875633
NS(=O)(=O)c2cc1c(N=CNS1(=O)=O)cc2Cl ,-3.05,-5.0063667,-3.8111174,-3.659064,-3.6590645,-3.6618273,-4.0207014,-3.699457,-3.7561314,-3.6274376,-3.5329921,-3.93209,-3.9320893,-3.897085,-3.8318956,-3.8847952,-4.3575234,-2.7586048,-4.7361765,-4.524384,-4.5243835,-4.540966,-4.581466,-4.4721513,-3.442851,-3.0584083,-3.2669153,-4.6355996,-4.6355996,-4.5205026,-3.5272086,-4.3052206,-4.0177603,-3.192514,-3.0999684,-2.9774435,-2.9774437,-3.0005896,-3.010439,-3.0474207,-3.318881,-3.7669609,-3.3956447,-3.7196393,-3.7196393,-3.6902068,-3.7132747,-3.629992,-4.357669,-3.6917648,-6.189175,-4.388032,-4.3880324,-6.2484493,-4.733287,-4.542787,-5.090704,-3.0595293,-4.350694,-4.8469625,-4.846962,-4.795264,-3.4517577,-4.845595,-3.7244463,-3.0970943,-2.4126637,-2.3922403,-2.39224,-2.3188636,-2.6675367,-2.3745294,-5.3810225
CC#C,-0.41,-0.30026823,-0.1376976,0.119112656,0.11911236,0.074270524,-0.34400773,0.107173994,0.6955428,0.108563125,0.21656421,0.64458257,0.6445827,0.6459212,0.6889742,0.65370214,-0.06752513,-0.27172247,-0.79729414,-0.7011559,-0.7011559,-0.7018154,-0.6810861,-0.712859,-0.3105511,0.3623236,0.10732938,-0.2948308,-0.29483053,-0.23270686,0.0943945,-0.23912545,-0.40974352,-0.30131993,-1.4226837,-1.1148051,-1.1148053,-1.1607012,-0.98972917,-1.1275107,-0.28526613,-0.051628955,-1.3715463,-0.49039638,-0.49039635,-0.4894888,-0.5622203,-0.5779195,-0.5404726,-1.5178151,-1.703408,-0.8213194,-0.8213191,-1.7888244,-0.79530084,-0.6777768,-1.2417666,-0.4906078,0.1090177,0.22215235,0.22215252,0.21695265,0.5355454,0.22813994,0.17926458,-0.3580187,-1.2048936,-1.252751,-1.2527511,-1.2459676,-0.73218435,-0.6896406,-0.6550005
COP(=O)(OC)OC(Br)C(Cl)(Cl)Br,-2.28,-4.8143673,-3.9849653,-3.8056753,-3.805675,-3.7811682,-4.084061,-3.7687447,-3.8451529,-1.6564293,-3.4985716,-2.6780891,-2.678089,-2.6339548,-2.618085,-2.6154563,-2.1291177,-2.0827353,-5.1202874,-3.9828687,-3.9828687,-4.041033,-4.825582,-3.713753,-2.3555474,-2.4150157,-1.8563875,-2.9463916,-2.9463906,-2.3432646,-1.5081553,-2.547601,-2.3643477,-3.4105117,-3.6453097,-3.7387393,-3.7387395,-3.7091157,-3.6684747,-3.6518912,-4.127556,-1.9759777,-2.9466681,-3.2426772,-3.2426772,-3.1678889,-3.286374,-3.1576684,-3.680491,-2.188816,-2.3577325,-2.2857955,-2.2857955,-2.9067383,-2.8645267,-2.596613,-2.404191,-2.3251948,-2.9795208,-3.3997726,-3.3997726,-3.3713026,-2.5448644,-3.4172957,-2.3499966,-2.354941,-2.3234973,-2.0607855,-2.060785,-2.0777373,-2.2986083,-2.3043032,-2.2860172
Oc1cc(Cl)cc(Cl)c1,-1.34,-3.323747,-2.6226985,-2.62487,-2.6248698,-2.6157713,-2.9177604,-2.6437595,-2.8165195,-2.723864,-1.8847406,-2.346587,-2.3465872,-2.3539507,-2.198691,-2.319164,-2.213696,-1.6629559,-2.083751,-2.1367333,-2.1367333,-2.1396859,-2.1245098,-2.1586552,-1.8938512,-2.1403806,-2.1546786,-3.1050625,-3.105063,-2.9725354,-2.202757,-3.0211537,-2.4057953,-2.4535728,-2.3951316,-2.7804875,-2.7804875,-2.7860765,-2.9789805,-2.4258518,-1.9798747,-2.031073,-2.6566465,-2.952171,-2.9521708,-2.8937068,-2.9568627,-3.0643127,-2.9976542,-1.3674078,-0.5795736,-0.6709702,-0.6709704,-1.0007297,-0.8416425,-0.72142947,-0.6241229,-1.7849815,-1.9156665,-2.1475086,-2.1475081,-2.1546297,-1.7163987,-2.1626792,-1.9228096,-1.3310068,-1.2942,-1.431712,-1.4317122,-1.441742,-1.3249862,-1.3056167,-1.4763757
Oc1ccc(cc1)c2ccccc2,-3.48,-2.452621,-2.9491463,-2.8191767,-2.8191772,-2.8606746,-3.238392,-2.8802345,-2.2117162,-3.2431645,-3.5612757,-3.3267488,-3.326748,-3.2886035,-3.3821688,-3.2762718,-3.6005566,-3.2516942,-3.0842688,-3.135349,-3.1353488,-3.138515,-3.10991,-3.1554155,-3.3377006,-2.863154,-2.3269546,-3.1836615,-3.1836607,-3.0517495,-2.462927,-3.0263002,-2.949214,-3.5416653,-2.4913883,-2.2665668,-2.2665668,-2.309152,-2.2051134,-2.3352025,-2.712626,-3.5199676,-3.2525816,-3.100038,-3.100038,-3.0547144,-3.1042225,-3.1092029,-3.3144047,-3.574356,-2.8068676,-3.1570628,-3.157063,-3.4948,-3.22527,-3.293261,-2.8599532,-2.8470972,-3.1666336,-3.621104,-3.6211038,-3.6002364,-2.7652926,-3.571188,-3.729298,-3.5176177,-3.3140416,-3.312246,-3.3122456,-3.3005083,-3.443661,-3.4795551,-3.476142
C(c1ccccc1)c2ccccc2,-4.08,-2.763502,-2.916829,-2.5294359,-2.5294366,-2.559619,-2.8705387,-2.584802,-1.9548985,-4.42998,-3.825611,-4.1428714,-4.142871,-4.084785,-4.1841536,-4.100009,-3.950795,-3.7081,-3.2823944,-3.2333105,-3.2333107,-3.2329764,-3.2217624,-3.250868,-3.195013,-3.4159598,-2.986275,-4.084167,-4.0841684,-3.891176,-3.077058,-3.9827898,-3.3485174,-4.206608,-4.6444645,-3.5147846,-3.5147846,-3.6277356,-3.4234319,-3.6314013,-2.8599193,-2.2402797,-3.9397528,-4.4105935,-4.410593,-4.3985724,-4.278019,-4.453739,-4.296978,-5.2087584,-5.1603894,-4.74987,-4.74987,-5.348429,-5.292691,-4.8661103,-5.0978,-4.1844735,-4.1362705,-4.7536607,-4.753661,-4.65909,-3.3066556,-4.647788,-4.526468,-4.4782925,-4.177711,-4.125025,-4.125025,-4.1168275,-4.293278,-4.3693285,-4.423359
CCCC/C=C/C,-3.82,-2.2470322,-2.2552118,-1.9663223,-1.9663222,-1.9381164,-2.243112,-1.8423074,-1.5583904,-2.4267738,-1.7711178,-2.394392,-2.3943915,-2.3678806,-2.28983,-2.3249161,-2.2003825,-3.4832988,-1.8907777,-1.9996649,-1.9996647,-2.0038028,-1.9125705,-2.00335,-2.410439,-3.3863819,-2.0294747,-2.892251,-2.8922513,-2.8714435,-2.0524454,-2.9894884,-2.5820963,-2.7550566,-2.1424196,-1.9633325,-1.9633322,-1.9843981,-1.9015962,-1.9672835,-1.7150385,-2.8706768,-3.1502972,-2.995645,-2.9956448,-2.4308681,-2.9504273,-2.4819725,-3.052299,-3.957399,-4.9885554,-3.9638054,-3.963805,-5.361106,-3.7877693,-3.438867,-4.0310335,-3.33741,-2.5523047,-3.371097,-3.371097,-3.4621203,-2.07084,-3.4152236,-3.0409818,-3.6481338,-3.718924,-3.7548056,-3.7548058,-3.6991563,-3.44672,-3.68232,-3.2588353
Oc2ncc1nccnc1n2,-1.947,-2.5216374,-2.307949,-2.1660001,-2.166,-2.1812813,-2.4534764,-2.1834414,-1.9397696,-1.3793199,-1.6511965,-1.2264231,-1.2264234,-1.220226,-1.2306927,-1.23945,-1.3854767,-0.5727042,-1.4679705,-1.4732618,-1.4732618,-1.4741564,-1.3823968,-1.5016042,-0.8381709,-0.95579225,-0.2846756,-1.2211124,-1.2211125,-1.046677,-0.4358737,-1.2384398,-0.5821371,-1.964065,-1.9231063,-2.056613,-2.056613,-2.0767796,-2.0115833,-2.0785215,-1.2933091,-1.9085414,-2.3889737,-2.032913,-2.0329132,-1.9759761,-2.0557525,-2.061979,-2.0937617,-1.3777361,-1.0100912,-1.4541581,-1.4541584,-1.3008741,-1.5367959,-1.5986133,-1.1994028,-0.7942749,-0.7037317,-1.1449583,-1.1449581,-1.1534781,-0.918794,-1.1833212,-0.8674215,-2.010733,-1.9276726,-2.0008922,-2.0008917,-2.0031457,-1.8895537,-1.9378635,-1.8550776
Brc1cc(Br)c(Br)cc1Br,-6.98,-7.6779146,-3.8937905,-3.9857018,-3.985702,-3.970563,-4.534497,-4.029538,-6.6161633,-7.199089,-5.930878,-6.3619456,-6.361944,-6.3509655,-6.2226095,-6.3343296,-6.746586,-6.533503,-3.4125552,-3.1343262,-3.1343265,-3.1388,-3.1461408,-3.18379,-6.0722938,-6.692898,-5.4199595,-7.0103884,-7.0103884,-6.9870687,-5.186938,-6.965942,-5.753112,-7.0876083,-5.0361643,-5.019105,-5.019105,-5.102794,-5.3698764,-4.6967216,-6.8531394,-5.368779,-2.76768,-3.1428277,-3.1428277,-3.0659044,-3.16205,-3.2475696,-3.58222,-5.324694,-2.6564667,-4.4607277,-4.460727,-2.646175,-4.636596,-4.512503,-4.7600303,-6.675489,-6.6934133,-7.0869904,-7.0869904,-7.0433993,-6.1720304,-7.0622587,-7.0399723,-5.702916,-5.448574,-5.513116,-5.513116,-5.511696,-5.5316644,-5.658497,-5.8777595
CC12CC(O)C3C(CCC4=CC(=O)CCC34C)C2CCC1C(=O)CO,-3.24,-4.8870363,-4.8281474,-4.4360394,-4.43604,-4.48109,-4.9449744,-4.556339,-4.078238,-3.6437218,-4.17816,-3.6806417,-3.6806405,-3.6224678,-4.10307,-3.6101649,-4.007107,-3.317168,-2.689356,-3.186085,-3.1860852,-3.139551,-3.2514162,-3.287156,-3.7118282,-4.2501135,-3.540534,-3.9536004,-3.9536006,-3.4016771,-2.5992396,-3.5392048,-3.9754326,-4.624015,-4.4772606,-4.272117,-4.2721167,-4.3145003,-4.2698765,-4.2204733,-4.090963,-4.4248943,-4.7318873,-4.7935376,-4.793538,-4.72804,-4.5777454,-4.743354,-4.962801,-4.3248076,-3.8411777,-4.060186,-4.0601854,-4.0805984,-4.4509163,-3.675789,-4.095453,-3.839616,-4.0457187,-4.5005727,-4.5005717,-4.5260477,-3.225612,-4.601085,-4.3870554,-3.2626507,-3.3003898,-3.2782903,-3.2782903,-3.3049345,-3.1312847,-3.1584158,-3.241766
Nc2cccc3nc1ccccc1cc23 ,-4.22,-4.6705437,-2.8779583,-2.9062088,-2.9062088,-2.9152148,-3.3257027,-2.9421005,-3.6237502,-3.344638,-3.9916832,-3.9652772,-3.9652753,-3.9396477,-4.101272,-3.9359148,-4.189691,-3.6206784,-3.1736887,-3.2926235,-3.2926235,-3.292176,-3.1745331,-3.305244,-3.4775019,-3.597356,-3.8916745,-4.7293816,-4.7293806,-4.590534,-3.6437008,-4.6349254,-4.104229,-5.301428,-2.2756336,-2.1349776,-2.1349776,-2.1583693,-2.1162276,-2.1613367,-2.4700658,-3.687343,-3.3747423,-2.8486938,-2.8486938,-2.8673263,-2.800936,-2.840024,-2.598157,-3.0821657,-3.028992,-2.6218576,-2.6218576,-2.9012365,-2.6961489,-2.6983306,-2.5148728,-4.0591836,-3.2445736,-4.050469,-4.0504694,-4.050603,-2.550934,-4.0110416,-3.851136,-4.1967564,-4.1258984,-4.1449165,-4.1449165,-4.1294723,-4.107124,-4.202452,-4.213331
Oc2ccc1ncccc1c2 ,-2.16,-2.719657,-2.3540444,-2.234332,-2.2343318,-2.2485075,-2.5330832,-2.2533457,-2.091188,-2.5110595,-2.463293,-2.084257,-2.0842571,-2.0753791,-2.1074896,-2.044085,-2.5274587,-1.6007736,-1.8579799,-1.9979688,-1.9979687,-1.9993618,-1.8807296,-2.023753,-1.6291807,-1.5954603,-1.9344542,-2.744512,-2.744511,-2.6417656,-1.9785497,-2.6752732,-1.9859198,-2.535769,-2.0407991,-2.1315649,-2.1315646,-2.1401243,-2.0427668,-2.1242416,-2.0295608,-2.6179686,-2.6410043,-2.8248904,-2.8248906,-2.7916324,-2.829875,-2.7765076,-2.8630946,-1.8413731,-1.4698795,-1.5341871,-1.5341878,-1.963539,-1.6896675,-1.5638775,-1.5135317,-1.7497227,-2.1532297,-2.3932507,-2.393251,-2.4083102,-2.1701171,-2.4213998,-1.9633373,-2.151599,-2.2080956,-2.1530378,-2.1530378,-2.1544352,-2.211309,-2.147343,-2.1195462
CCCc1ccccc1,-3.37,-1.7550361,-2.2884884,-1.8231864,-1.8231862,-1.8294369,-2.038992,-1.8254452,-1.2644575,-2.939605,-2.1729465,-2.92421,-2.9242103,-2.8878043,-2.7163126,-2.8598602,-2.6624458,-3.5271084,-2.1900475,-2.3462336,-2.3462334,-2.3460405,-2.25224,-2.373393,-2.9435546,-2.5303423,-2.3048677,-2.8978443,-2.897843,-2.826636,-2.138725,-2.9026864,-2.6016114,-2.444383,-2.1793513,-1.9313277,-1.9313276,-1.8778571,-1.868165,-1.8904724,-1.8442411,-1.8765978,-2.180687,-1.8841852,-1.8841851,-1.6856918,-1.89822,-1.7229213,-1.5536337,-3.8655987,-4.098415,-3.4233797,-3.4233794,-4.0402145,-3.716846,-3.3235075,-3.5462394,-3.4354825,-2.790706,-3.5541928,-3.5541923,-3.5948908,-2.3931603,-3.5358844,-3.2652707,-3.28132,-3.9209323,-3.80146,-3.8014598,-3.7778945,-3.6562905,-3.7984376,-3.9307907
Nc1ccc(cc1)S(N)(=O)=O,-1.34,-2.1628132,-2.6164286,-2.3860097,-2.3860097,-2.4147167,-2.6860907,-2.42327,-1.879196,-2.4691594,-1.9494026,-1.7530234,-1.7530229,-1.7384454,-1.7032204,-1.7353432,-2.2450747,-1.5767161,-2.4452698,-2.441755,-2.4417553,-2.4434087,-2.4010365,-2.4653773,-1.1715097,-1.8738207,-1.808955,-2.5366158,-2.5366156,-2.425651,-1.9860303,-2.4856184,-2.480603,-2.726502,-2.482428,-2.2159562,-2.2159562,-2.121721,-2.2607424,-2.2019384,-2.8600395,-2.5537486,-2.696569,-2.5914834,-2.5914834,-2.4216866,-2.6269372,-2.4580963,-2.5546095,-2.4974613,-2.02101,-1.9979739,-1.9979744,-2.050303,-2.1158106,-2.0833607,-1.9144108,-1.65049,-1.7286805,-2.3186798,-2.3186796,-2.3062716,-1.2295398,-2.382114,-2.0908117,-1.2720556,-1.339929,-1.4606287,-1.4606287,-1.4610684,-1.2651767,-1.3001524,-1.3316371
Clc1ccc(c(Cl)c1)c2ccc(Cl)c(Cl)c2Cl ,-7.8,-5.2515836,-4.335677,-4.161205,-4.1612053,-4.191925,-4.596244,-4.229173,-4.4117913,-7.4247484,-6.829441,-6.943476,-6.943474,-6.892676,-6.8167605,-6.882221,-7.1450496,-7.597271,-6.6545153,-6.8581986,-6.8581986,-6.866242,-6.948758,-6.892719,-7.2287836,-7.7928705,-6.937429,-7.9154453,-7.915445,-7.7619457,-6.4924474,-7.8916497,-7.4139104,-6.4496994,-3.7864609,-3.820029,-3.8200288,-3.8587973,-3.736961,-3.928739,-6.180612,-7.0721717,-4.102659,-4.5212364,-4.5212364,-4.4841666,-4.4082036,-4.4858494,-5.4610877,-8.254,-5.7013645,-7.9622006,-7.962201,-6.252145,-8.421555,-8.062201,-8.015535,-7.5602493,-7.0401707,-7.470717,-7.470717,-7.4568667,-6.09591,-7.499796,-7.516957,-7.6275682,-7.448678,-7.4268107,-7.426811,-7.4255767,-7.2497015,-7.410507,-7.425313
Nc1nc[nH]n1,0.522,0.21723416,-1.7483671,-1.3319424,-1.3319423,-1.3476464,-1.4059163,-1.33308,-0.40444237,0.8424028,-0.15249829,0.9542627,0.95426244,0.9600006,0.64883274,0.9683071,0.046472497,0.33980817,-0.90033835,-0.8290023,-0.8290022,-0.8294118,-0.70293695,-0.85013044,0.05984166,-0.15476403,-0.20202808,-0.8206979,-0.8206979,-0.7416929,-0.42117485,-0.7614027,-0.6935015,-0.096460715,-1.7227756,-1.7968739,-1.796874,-1.8232505,-1.5859886,-1.814613,-0.15216137,-0.34427655,-1.8461845,-1.6417727,-1.6417729,-1.6561427,-1.622987,-1.6604357,-0.945447,-0.04989347,-0.64772075,-0.34345844,-0.34345844,-0.3067724,-0.47879365,-0.4286593,-0.24740623,1.1677225,0.30472496,0.30303115,0.30303103,0.2995753,0.37323052,0.2793468,0.06520566,0.6208068,0.6894482,0.6268391,0.6268392,0.6378976,0.58332783,0.59549475,0.8587993
CCN(CC)C(=O)C(C)Oc1cccc2ccccc12 ,-3.57,-3.899789,-4.431319,-4.072756,-4.0727563,-4.1031437,-4.4580083,-4.1554127,-3.1644294,-3.576568,-4.246086,-3.6157277,-3.615726,-3.5767753,-4.2316527,-3.6472285,-4.0367165,-3.5394435,-4.109911,-4.219188,-4.2191877,-4.177676,-4.2685986,-4.3323746,-3.7698133,-4.601901,-5.293722,-5.7435055,-5.7435055,-4.970017,-3.9500916,-5.2481284,-5.2821283,-3.8909688,-4.3851924,-4.1556616,-4.1556616,-4.1758075,-4.0080323,-4.1848536,-3.7759173,-3.7985516,-3.8692813,-3.678752,-3.6787522,-3.5647418,-3.720462,-3.7278094,-3.595102,-4.5205083,-4.187911,-4.0994244,-4.0994234,-4.1225924,-4.301343,-4.117833,-3.9249067,-3.694275,-4.145244,-4.686741,-4.6867404,-4.6087203,-3.564173,-4.641378,-4.8497386,-3.6334972,-3.5116177,-3.5863106,-3.5863106,-3.577233,-3.385052,-3.5387921,-3.3995981
C=Cc1ccccc1,-2.82,-1.3888466,-2.082211,-1.8493631,-1.8493631,-1.8660514,-2.0632005,-1.8599719,-1.3012018,-1.5424019,-2.069123,-1.8433871,-1.8433874,-1.8306744,-1.827335,-1.7919436,-2.146646,-2.2872806,-1.427205,-1.5306983,-1.5306984,-1.531548,-1.4398206,-1.5543298,-1.0264876,-1.2385536,-1.495792,-2.1993134,-2.1993132,-2.1009088,-1.4952823,-2.1364605,-1.8371638,-1.7138641,-1.7043189,-1.8222592,-1.822259,-1.8290527,-1.7205293,-1.835112,-1.319118,-1.307571,-2.2283921,-2.1227582,-2.1227584,-2.1053379,-2.1362677,-2.1221519,-1.8788166,-2.8448586,-4.7680993,-3.0906954,-3.0906954,-4.699642,-3.479389,-3.0265422,-3.3085191,-2.200381,-2.0795739,-2.330237,-2.330237,-2.3366623,-2.1107917,-2.348662,-2.2923892,-2.7084322,-2.42452,-2.4753084,-2.4753082,-2.4671288,-2.5705972,-2.6442366,-2.6471024
CSc1nc(nc(n1)N(C)C)N(C)C,-2.676,-3.3836792,-3.6604223,-3.4051054,-3.4051056,-3.381935,-3.6654587,-3.4020407,-3.1288784,-2.901068,-2.7459757,-1.824053,-1.8240534,-1.7884593,-2.1276405,-1.7354064,-2.7549481,-2.6133485,-3.9289563,-3.9032567,-3.9032567,-3.9028351,-3.915078,-3.944943,-3.283531,-2.7361462,-1.7391379,-3.0724783,-3.072478,-3.0463247,-2.0997636,-3.0822153,-2.6931944,-2.5383449,-4.2820296,-3.7040894,-3.7040894,-3.7167528,-3.3792267,-3.6644442,-5.0051546,-2.6809692,-3.3013103,-3.630017,-3.630017,-3.6180713,-3.719746,-3.5772195,-3.9598048,-3.0373602,-3.022518,-2.900746,-2.9007468,-2.8974419,-3.0361996,-2.8649695,-2.812509,-2.4039338,-1.6238991,-2.7232254,-2.7232254,-2.8105416,-1.3419518,-2.6648273,-2.3572435,-2.6246183,-1.5264751,-1.3103691,-1.3103693,-1.2931821,-1.440477,-1.2211891,-2.470941
O=C(Cn1ccnc1N(=O)=O)NCc2ccccc2,-2.81,-3.5803046,-3.970283,-3.6553247,-3.655325,-3.5985584,-3.8990407,-3.514563,-3.2119293,-2.5808804,-3.8624227,-2.446072,-2.446072,-2.3843005,-2.9894953,-2.4677422,-3.0699096,-2.4152844,-3.8920562,-3.537697,-3.5376968,-3.5352204,-3.881996,-3.5609758,-2.0307684,-2.4220376,-2.9009516,-3.6836724,-3.6836715,-3.4640458,-2.7270393,-3.2291281,-3.077038,-3.8192544,-3.749349,-3.6113138,-3.6113136,-3.6382887,-3.5195448,-3.6157558,-3.7937336,-3.9502888,-3.776019,-4.2260036,-4.226004,-4.1420894,-4.192165,-4.1062126,-4.86432,-1.9110085,-2.8918662,-1.4963737,-1.4963734,-2.3243072,-1.2409778,-1.5276425,-1.3627402,-2.2652333,-2.9574308,-3.5800695,-3.580069,-3.577691,-2.3455677,-3.5534735,-3.1542962,-2.8959126,-2.802106,-2.9102278,-2.910228,-2.8845665,-2.6614106,-2.7562845,-2.6952882
CCC(=O)C,0.52,-0.74418795,-1.6060746,-0.90582424,-0.90582407,-0.9070082,-1.0175337,-0.89173794,-0.537159,0.2537494,-0.8233911,-0.081661865,-0.081662074,-0.07779828,-0.2670969,-0.035050392,-0.9461996,-0.41609874,-1.1559893,-1.1952629,-1.195263,-1.1962109,-1.1634322,-1.2093416,-1.0396997,0.31328785,-0.100575075,-0.35091403,-0.35091406,-0.307312,-0.18927896,-0.3953296,-0.7131121,-0.42941117,-1.7418102,-1.7481028,-1.7481029,-1.6423494,-1.6952151,-1.649431,-0.3443613,-0.35631204,-1.8574657,-1.6396118,-1.6396118,-1.659636,-1.5905328,-1.619282,-0.6920324,0.5985583,-1.1443553,0.5698492,0.56984913,-0.734226,0.10902162,0.61056364,-0.022934308,0.35503632,-0.62942696,-0.69871,-0.6987097,-0.67756677,-0.47048387,-0.749275,-0.5478862,0.53897357,0.3291601,0.28551048,0.28551048,0.32610312,0.81970197,0.86818457,0.11199614
O=C1NC(=O)NC(=O)C1(C(C)C)C(C)C,-2.766,-2.3429577,-2.994165,-3.1327267,-3.1327264,-3.1069176,-3.4557524,-3.064248,-2.2389047,-2.3992946,-1.8403269,-1.5681523,-1.5681524,-1.5649729,-1.6917709,-1.5334506,-2.4280605,-2.2595649,-3.4598544,-3.180332,-3.1803317,-3.1720603,-3.4270718,-3.1670313,-1.7354002,-2.3880036,-2.4784184,-3.0640442,-3.0640438,-3.360946,-2.3706665,-3.3952844,-2.9696543,-2.326104,-3.2828758,-3.575176,-3.5751762,-2.9734762,-3.6487904,-2.960809,-2.9406002,-2.3706222,-2.269085,-2.3859634,-2.3859634,-2.349812,-2.4412105,-2.3657222,-2.5513337,-2.638771,-2.062247,-2.2483366,-2.2483366,-2.1998603,-2.593814,-2.3515055,-2.3973894,-1.9353974,-1.49945,-1.946788,-1.9467872,-1.9468596,-1.0637289,-1.9933872,-1.7724109,-2.7437754,-2.9374666,-3.009786,-3.0097857,-3.0098748,-3.0252676,-3.034132,-2.7915392
ClC1C(Cl)C(Cl)C(Cl)C(Cl)C1Cl,-4.64,-4.4822745,-3.142243,-3.129277,-3.1292763,-3.0830991,-3.540587,-3.101465,-4.4268417,-5.124232,-3.8469574,-4.519842,-4.5198426,-4.517966,-4.4982505,-4.515164,-5.1565127,-4.4983606,-3.1543477,-3.1336968,-3.1336968,-3.1471465,-3.1772778,-3.1137595,-5.0759187,-5.0449524,-4.9276786,-5.5171638,-5.5171633,-5.348273,-4.5694885,-5.5119205,-4.8594837,-4.1723013,-4.1860814,-4.219906,-4.2199063,-3.7312582,-4.4368625,-3.8088448,-5.0525103,-4.442094,-2.4023883,-2.6828623,-2.6828623,-2.580113,-2.6741955,-2.4446325,-2.5509863,-4.424527,-2.4477777,-3.7713666,-3.7713668,-2.275691,-4.2452335,-3.8421597,-3.6360629,-4.7350717,-4.906206,-5.3522415,-5.352242,-5.413146,-4.8146377,-5.328421,-4.6523185,-4.648047,-5.6559906,-5.540649,-5.5406485,-5.5284834,-5.7123427,-4.981327,-5.089638
O=c2c(C3CCCc4ccccc43)c(O)c1ccccc1o2 ,-2.84,-3.7536006,-4.358794,-4.008496,-4.0084963,-4.0314407,-4.3593154,-4.0474772,-3.2382324,-4.132695,-4.536313,-3.9124393,-3.9124382,-3.8516448,-4.390084,-3.8601801,-4.424817,-3.7936943,-4.768777,-4.72148,-4.72148,-4.695951,-4.8572283,-4.7797136,-4.6474404,-4.2228,-4.1435766,-4.663005,-4.6630054,-4.286293,-3.7780435,-4.21376,-4.5597076,-3.7151742,-4.2260795,-3.9713476,-3.9713478,-4.00621,-3.934022,-4.023746,-3.3316422,-3.6860454,-3.8812513,-3.7224994,-3.7224998,-3.5203626,-3.688811,-3.7383826,-3.7235837,-4.239014,-3.8637068,-3.6478996,-3.6479003,-4.052576,-3.8878682,-3.62567,-3.6154733,-4.4121695,-4.331247,-4.683912,-4.6839113,-4.646807,-3.542846,-4.7127404,-4.6840653,-2.9180007,-3.0223105,-2.889877,-2.8898768,-2.9046736,-2.6645627,-2.8874009,-2.7894104
O=C1N(COC(=O)CCCCCCC)C(=O)C(N1)(c2ccccc2)c3ccccc3,-6.523,-5.306156,-6.720107,-6.1025066,-6.102506,-6.0279493,-6.240646,-5.9072227,-4.9745483,-4.7388334,-5.2128468,-4.994994,-4.9949937,-4.851955,-5.3523316,-4.873144,-5.711139,-6.4160705,-5.5443234,-5.365888,-5.3658876,-5.507895,-5.9800873,-5.023757,-6.312205,-5.9682074,-5.364413,-5.9951725,-5.995173,-5.845127,-4.628979,-6.0232644,-6.455167,-5.563687,-6.526337,-6.197699,-6.197699,-6.1115427,-6.0985394,-6.077827,-6.008074,-5.5654783,-6.1115856,-6.1850266,-6.1850266,-5.235377,-6.305357,-5.76958,-5.7230043,-5.7978373,-5.589844,-5.0149837,-5.0149846,-4.9449444,-4.7776246,-5.077768,-6.150741,-5.7909074,-5.959664,-6.173048,-6.1730475,-6.146174,-4.6694813,-6.1669526,-6.901787,-6.471595,-6.5034285,-6.5368314,-6.536832,-6.5457106,-6.3656945,-6.3859754,-6.4684625
CC12CCC3C(CCc4cc(O)ccc34)C2CCC1O,-5.03,-3.8813298,-3.925455,-3.6091373,-3.609137,-3.645235,-4.028356,-3.6889265,-3.2779493,-3.9339008,-4.184196,-4.4198947,-4.4198937,-4.3351407,-4.6942606,-4.3331733,-4.343786,-4.501603,-3.6691895,-3.815157,-3.815157,-3.786754,-3.9658253,-3.834485,-4.23593,-5.118913,-4.302074,-4.7399282,-4.739929,-5.201562,-4.3174176,-5.2915053,-5.348826,-4.0402875,-3.5944128,-3.4310997,-3.4310994,-3.47612,-3.3540764,-3.465064,-3.656097,-3.7859695,-3.7394705,-3.1701305,-3.1701305,-3.0808327,-3.1469145,-3.3337388,-2.9434,-3.9629807,-3.578809,-3.987026,-3.9870257,-4.237691,-4.2667003,-4.1194725,-3.6463273,-4.690006,-4.7047267,-5.5263615,-5.5263615,-5.5026493,-3.7959893,-5.585865,-5.3688474,-4.9101663,-4.815518,-4.8583508,-4.8583508,-4.860689,-4.875484,-5.0096574,-5.0023704
Sc2nc1ccccc1s2 ,-3.18,-2.2427056,-2.4687417,-2.2502117,-2.250212,-2.2753625,-2.5530937,-2.2844617,-1.8883662,-3.538154,-3.906196,-3.6335058,-3.6335053,-3.6304815,-3.5186443,-3.5829365,-3.6351507,-2.838097,-2.3201044,-2.462453,-2.4624527,-2.4671533,-2.4332588,-2.4743028,-4.178859,-2.7165933,-2.6774435,-3.4662366,-3.4662354,-3.374228,-2.6065385,-3.4319947,-2.6970282,-3.1869109,-1.7762274,-1.6496341,-1.6496341,-1.6780766,-1.6200083,-1.6594737,-1.745121,-2.6999164,-2.4691696,-1.906697,-1.906697,-1.8163707,-1.9669012,-2.0399477,-2.0913413,-2.0349593,-2.3699262,-1.6555893,-1.6555895,-2.3795125,-1.93209,-1.7266592,-1.7056555,-3.0246856,-2.0645585,-3.0264192,-3.0264187,-3.0316548,-1.83229,-3.02711,-3.305643,-3.137154,-2.93153,-2.904621,-2.904621,-2.9087074,-3.0951447,-3.1665974,-3.1601408
N#Cc1ccccc1C#N,-2.38,-2.2631106,-2.3729153,-2.3263438,-2.3263438,-2.3190212,-2.5563207,-2.339471,-1.945041,-3.2812638,-1.9521596,-2.4940717,-2.4940717,-2.4995499,-2.2747219,-2.4695957,-2.494929,-1.5686382,-1.6820043,-1.7784038,-1.7784039,-1.7803175,-1.7112051,-1.7969075,-2.2277753,-1.9287989,-1.6172489,-2.5463438,-2.5463414,-2.4584773,-1.444439,-2.4530652,-1.7812558,-2.5835416,-2.6022635,-2.8237922,-2.8237925,-2.7777483,-2.7439094,-2.8931053,-2.010838,-2.1446831,-2.2116818,-2.2570958,-2.257096,-2.209466,-2.2622309,-2.3179963,-2.2482548,-2.0198715,-2.2145193,-1.6217067,-1.6217066,-2.0545132,-2.0389092,-1.6841993,-1.4549582,-2.431481,-1.5158414,-1.9340738,-1.9340737,-1.9527085,-1.2830908,-1.9348128,-1.8897865,-2.3424206,-2.772079,-2.8115864,-2.8115866,-2.811267,-2.7588925,-2.6779928,-2.434727
O=N(=O)c1cc(cc(c1)N(=O)=O)N(=O)=O,-2.89,-5.3513317,-3.4006715,-3.585771,-3.5857716,-3.5591464,-4.022615,-3.6012695,-5.1941414,-2.9526932,-1.7954912,-3.2634735,-3.263473,-3.263355,-3.644371,-3.232321,-3.1071796,-2.9949718,-3.0895896,-3.0314336,-3.0314336,-3.0392168,-3.1698878,-3.0773187,-2.655546,-3.0843577,-2.4873772,-3.8881254,-3.888123,-3.7901354,-2.573549,-3.8855972,-2.7582264,-3.7965343,-2.9938633,-3.5928771,-3.5928771,-3.5440013,-3.6937327,-3.6165574,-2.8922794,-3.4054787,-2.8573277,-3.1986527,-3.1986527,-3.1638818,-3.2342567,-3.1600885,-3.5658312,-2.759398,-4.9537086,-3.4699137,-3.469914,-5.0179086,-3.721498,-3.407937,-3.2370563,-2.766014,-3.1646624,-3.3595827,-3.3595824,-3.3611925,-2.895292,-3.432432,-3.6309383,-2.8273144,-3.0770416,-3.111716,-3.111716,-3.1162329,-2.941249,-2.9765186,-2.8606443
CCCCOC(=O)CCCCCCCCC(=O)OCCCC,-3.896,-5.869288,-6.715793,-6.1653705,-6.1653705,-6.1902475,-6.644933,-6.282827,-4.949461,-4.457107,-4.587165,-6.1718726,-6.171872,-6.0683193,-6.6258464,-6.0661235,-6.726364,-4.031437,-6.1098113,-5.9245667,-5.9245667,-6.0785565,-6.2337246,-5.880316,-7.4386964,-4.745745,-5.7246037,-6.312804,-6.312804,-6.2492094,-5.5230746,-6.4665327,-6.9012394,-6.018698,-7.249352,-6.9743695,-6.97437,-6.925223,-6.8941994,-6.756529,-6.932821,-5.382681,-6.413292,-5.8371596,-5.837159,-5.646033,-5.9398084,-5.8795843,-5.6885204,-6.030746,-7.1661973,-6.1288095,-6.1288095,-6.8711653,-5.7817307,-5.741589,-6.2040267,-4.365964,-5.6256676,-6.2434144,-6.2434144,-6.195538,-5.1224575,-6.249269,-6.6976266,-3.9134235,-6.3867846,-5.7703924,-5.7703924,-5.7134037,-4.8913784,-5.641426,-5.702052
Cn1cnc2n(C)c(=O)[nH]c(=O)c12 ,-2.523,-2.6653738,-2.6170187,-2.4258726,-2.4258726,-2.421817,-2.6601157,-2.447666,-2.4204779,-1.470426,-1.3040327,-1.1639694,-1.1639692,-1.1556016,-1.2578298,-1.1710184,-1.6937184,-1.9603401,-2.5764472,-2.2807128,-2.2807128,-2.2809007,-2.388788,-2.3229637,-1.0759311,-2.2366872,-0.859759,-1.8157889,-1.8157885,-1.7208318,-1.028606,-1.7700055,-1.0738076,-2.11999,-1.9497598,-1.7849565,-1.7849563,-1.7960249,-1.7696338,-1.8040956,-1.641351,-2.693273,-2.6661353,-2.8037415,-2.8037417,-2.7844636,-2.8187773,-2.7328687,-2.7795174,-2.788206,-2.5663118,-1.4000131,-1.4000142,-2.0652997,-1.5079551,-1.8019309,-2.011926,-1.6434281,-1.4093552,-1.780645,-1.780645,-1.7688011,-1.0824369,-1.7489772,-1.4818473,-2.5618615,-0.7097903,-1.7191246,-1.7191254,-1.7307614,-2.0276256,-2.2766376,-1.5794717
COP(=S)(OC)Oc1ccc(Sc2ccc(OP(=S)(OC)OC)cc2)cc1,-6.237,-5.548759,-7.913786,-6.906409,-6.906409,-6.932742,-7.2559285,-6.9909344,-5.2514205,-6.524611,-6.947328,-6.247385,-6.2473845,-6.195259,-6.7978377,-6.229329,-6.4994826,-6.12753,-6.2858768,-5.6288257,-5.628826,-5.5004926,-5.9824443,-5.8293543,-5.918489,-6.4612284,-5.7966704,-6.746884,-6.7468843,-6.741276,-6.0646567,-6.937605,-5.9446645,-6.3189545,-7.439033,-7.0129933,-7.012993,-7.048182,-6.759222,-7.1943026,-6.513048,-6.126063,-6.5755224,-6.3415093,-6.34151,-6.355573,-5.9913344,-6.181781,-5.8012867,-5.397395,-6.8551316,-5.788338,-5.7883387,-6.6714635,-6.0407567,-5.713631,-6.2043486,-6.203663,-6.1604447,-6.610242,-6.610242,-6.529132,-5.050809,-6.4892836,-6.942635,-6.1859565,-6.257041,-6.3146935,-6.3146935,-6.311149,-5.9199038,-6.395359,-6.1479278
CCCCOC(=O)c1ccc(N)cc1,-3.082,-3.5682774,-3.5454261,-3.4813771,-3.4813774,-3.531744,-3.9825025,-3.5662606,-2.8460765,-2.5300655,-3.252578,-2.383144,-2.3831432,-2.322751,-2.9464972,-2.3708146,-3.043012,-2.9580164,-3.4235916,-3.306102,-3.306102,-3.292188,-3.2644842,-3.4061375,-3.1074083,-2.952355,-2.4944339,-2.9270315,-2.9270318,-2.9139762,-2.4437182,-2.964252,-2.983864,-3.4578865,-3.3192332,-3.1092155,-3.1092153,-3.1722586,-3.2289817,-3.181216,-2.5752454,-3.0758054,-4.5715804,-4.371305,-4.3713045,-4.350188,-4.302284,-4.345893,-4.340496,-3.4966347,-3.25046,-3.115691,-3.1156907,-3.4823692,-3.510464,-3.1869783,-3.3025534,-2.797691,-3.2441337,-3.6180632,-3.6180634,-3.5788362,-2.6481206,-3.6254668,-3.8436792,-3.1610672,-3.0959969,-3.072803,-3.0728035,-3.0814137,-3.0200458,-3.0653644,-3.094688
C1CCCCCC1,-3.51,-2.5688317,-1.8131218,-1.1828091,-1.1828089,-1.1675543,-1.3852725,-1.1510469,-1.2414123,-2.9414804,-1.7314365,-2.7697566,-2.7697568,-2.7566555,-2.7165694,-2.7750313,-2.0989668,-3.5702667,-1.731719,-1.8848937,-1.8848937,-1.8839207,-1.7992774,-1.9044914,-2.9785402,-2.896167,-1.8318018,-2.660522,-2.6605234,-2.7275574,-1.7693839,-2.7272377,-2.1431901,-3.0590227,-2.1669438,-2.597885,-2.5978851,-2.523915,-2.413079,-2.57493,-1.1385401,-2.762451,-2.2138271,-2.4317393,-2.431739,-2.3846965,-2.3644602,-2.5512903,-1.9376439,-3.7055306,-3.3334525,-3.0253284,-3.0253282,-2.6736422,-3.2474654,-3.1161005,-3.4195426,-3.2650447,-3.931923,-4.6963024,-4.6963015,-4.6614423,-3.741021,-4.6561275,-3.7491248,-1.9695027,-1.2620469,-1.1414776,-1.1414776,-1.1372709,-1.4749858,-1.4605795,-2.3979042
CCCOC(=O)CC,-0.82,-1.9996971,-2.3970246,-2.0395043,-2.039504,-2.064677,-2.3302846,-2.0499659,-1.4102786,-0.7935895,-1.2074974,-0.6911805,-0.6911804,-0.66841024,-0.827375,-0.61647654,-1.1894172,-0.78747404,-1.8448529,-1.919333,-1.9193329,-1.9217985,-1.8423004,-1.932039,-1.7533038,-0.8480396,-0.8931242,-1.3373175,-1.3373172,-1.2064892,-1.0231667,-1.3394047,-1.3894895,-1.5082182,-2.4120286,-2.2635977,-2.2635977,-2.317672,-2.2846599,-2.3340347,-1.36037,-1.5459044,-2.7659407,-2.776762,-2.776762,-2.662311,-2.774812,-2.7274742,-2.7447913,-1.727885,-2.0394118,-1.6650239,-1.6650242,-2.230881,-1.7838032,-1.6259885,-1.6755933,-0.8030478,-1.2086847,-1.6295434,-1.6295433,-1.5782964,-0.9489708,-1.6372035,-1.242809,-1.0017228,-0.8252031,-0.81124073,-0.8112407,-0.815251,-0.83808804,-0.90669703,-0.80954635
FC(F)(F)C(Cl)Br ,-1.71,-1.8727362,-1.627367,-1.0361474,-1.0361464,-1.0139371,-1.3555189,-1.004624,-1.4583299,-2.5783768,-1.7490582,-1.9183843,-1.9183843,-1.9166298,-1.89672,-1.8986671,-2.1754363,-1.5404491,-1.9687508,-1.8778313,-1.8778315,-1.8841447,-2.0338967,-1.8990731,-2.2158515,-2.3359237,-1.4188267,-2.503161,-2.5031593,-2.4624588,-1.574482,-2.4153578,-1.6256156,-2.3457909,-1.7055188,-1.0407668,-1.0407666,-1.0533729,-0.79703677,-1.0552753,-1.0044274,-1.7068069,-1.3043597,-1.0401689,-1.0401689,-1.0408666,-1.0705317,-1.0685126,-1.4848051,-2.157971,-0.9959829,-2.1146424,-2.1146426,-2.164513,-2.3008282,-2.1468446,-2.0785189,-1.6384166,-1.8506951,-2.2052746,-2.2052746,-2.2064784,-1.8287323,-2.230866,-1.947257,-2.912796,-2.002365,-1.843812,-1.8438118,-1.8339846,-2.2798905,-2.3088918,-2.6584902
CCOP(=S)(OCC)Oc1nc(Cl)n(n1)C(C)C,-3.658,-4.4871497,-4.6187396,-4.3729095,-4.37291,-4.388714,-4.7060513,-4.400683,-3.8322353,-2.9646926,-3.8228538,-2.2955742,-2.2955737,-2.3096926,-2.961765,-2.3248315,-3.3110008,-3.5080497,-4.577365,-4.310387,-4.310387,-4.312883,-4.478375,-4.345792,-3.369971,-4.1461415,-4.0426292,-4.7845235,-4.784524,-4.4112396,-3.6324785,-4.485251,-4.1296644,-3.8165212,-4.7714925,-4.416307,-4.416307,-4.4631715,-4.485008,-4.4470353,-3.6152878,-3.420503,-4.1511145,-4.554566,-4.5545654,-4.437171,-4.5437036,-4.4775553,-4.6749706,-4.2156944,-3.9557197,-3.6291668,-3.629167,-3.5719697,-3.657584,-3.5713162,-4.054026,-3.654649,-4.260637,-4.500222,-4.5002213,-4.46496,-3.4929352,-4.483653,-4.4812627,-3.689675,-3.6680598,-3.690691,-3.6906905,-3.702938,-3.314688,-3.6217155,-3.5718346
CCCCC=O,-0.85,-1.5866089,-1.7865725,-1.4454877,-1.4454877,-1.473814,-1.7441307,-1.4723383,-1.3186018,-0.72522414,-1.172854,-0.88810974,-0.8881097,-0.8778632,-0.8608419,-0.83424294,-1.3505856,-0.74013567,-1.3435854,-1.4105493,-1.4105493,-1.411504,-1.3638862,-1.4305121,-1.1230074,-0.8593925,-0.88888407,-1.3772031,-1.3772032,-1.3542166,-1.0265017,-1.4846189,-1.4128255,-0.5666929,-1.7911102,-1.5334103,-1.5334103,-1.5663282,-1.383354,-1.5553445,-1.4637874,-1.4409087,-2.0524087,-1.7153548,-1.7153549,-1.6443532,-1.6794649,-1.6997744,-1.5305665,-0.28590658,-1.4433303,0.0032704808,0.0032705131,-1.1301997,-0.4223638,-0.056555107,-0.3347716,-1.0921278,-0.84338546,-1.1426572,-1.1426575,-1.1908884,-0.6326596,-1.1853836,-0.94540614,-0.8381508,-0.24981399,-0.3465519,-0.34655184,-0.39221296,-0.21301052,-0.31056607,-0.3556015
c2ccc1ocnc1c2,-1.16,-1.1166795,-2.0566087,-1.7902446,-1.7902443,-1.7986708,-1.9494199,-1.7996032,-1.0897629,-1.3223834,-1.6774678,-1.070363,-1.0703635,-1.0712419,-1.1099662,-1.031429,-1.4802966,-1.3994648,-1.5869664,-1.6240903,-1.6240902,-1.6244469,-1.5115665,-1.655194,-1.7823352,-1.063041,-1.4473697,-2.31291,-2.3129086,-2.1995766,-1.5829761,-2.2247758,-1.6104152,-1.1029816,-1.5716783,-1.5987129,-1.5987132,-1.5943872,-1.5439115,-1.5965911,-0.7286857,-0.66256654,-2.332448,-2.4244199,-2.4244199,-2.3664186,-2.3815804,-2.5143905,-2.3464653,-1.0535457,-0.6699584,-0.90195197,-0.9019516,-0.7290328,-0.8439123,-0.93521,-0.6203796,-0.52409345,-1.3598331,-1.5962615,-1.5962619,-1.5886596,-1.4478116,-1.6122913,-1.470893,-1.2240521,-1.1925436,-1.305432,-1.305432,-1.3204342,-1.4398223,-1.3271927,-1.218356
Oc1ccc(Cl)cc1Cc2cc(Cl)ccc2O,-3.953,-4.67076,-4.134065,-3.7936895,-3.7936893,-3.7797112,-4.1085224,-3.793608,-3.6757233,-4.405196,-4.3410797,-3.7625828,-3.7625828,-3.734319,-3.8353791,-3.7137804,-4.172783,-3.7451482,-4.7765927,-4.5328565,-4.5328565,-4.551296,-4.580267,-4.449004,-4.01221,-3.7335274,-3.4422102,-4.034548,-4.0345483,-3.9857235,-3.2709088,-3.9908283,-3.84975,-4.68634,-3.6884172,-3.6462424,-3.6462421,-3.643387,-3.5249825,-3.6647704,-4.4255667,-4.757924,-3.8199482,-3.8680727,-3.868073,-3.778888,-3.7446387,-3.8189545,-3.8409336,-2.9976873,-1.658171,-2.0882976,-2.088297,-2.2131495,-2.2995048,-2.1367881,-2.0992198,-4.1571727,-5.342305,-5.5319285,-5.531928,-5.574172,-4.264989,-5.510994,-4.8260684,-4.1629734,-3.9034462,-3.852474,-3.8524735,-3.8492613,-3.7897477,-3.9828136,-3.947783
Clc2ccc1oc(=O)[nH]c1c2,-2.8310000000000004,-3.5103917,-2.4786446,-2.4897616,-2.4897616,-2.5151713,-2.910943,-2.5098906,-2.5496297,-3.0125506,-2.5516973,-2.6670475,-2.6670477,-2.6731334,-2.5009737,-2.6357038,-2.5111122,-2.2319403,-2.0334218,-2.0791197,-2.07912,-2.0802708,-2.0260136,-2.1092424,-2.7440338,-2.0915697,-1.9563745,-2.9825816,-2.9825816,-2.8499582,-2.0134273,-2.9423687,-2.1333992,-2.413817,-1.8700746,-1.8197161,-1.8197162,-1.8317832,-1.7691636,-1.8261038,-1.626695,-2.0819383,-2.676377,-3.0007873,-3.0007873,-2.9456697,-2.954244,-3.045382,-3.029088,-1.7650511,-1.0607684,-0.52333766,-0.52333766,-0.7713085,-0.2065903,-0.6501729,-0.57564974,-2.767442,-2.8678906,-2.915375,-2.9153745,-2.9410586,-2.549951,-2.935454,-2.8083477,-2.8079395,-3.102122,-2.8059216,-2.8059213,-2.8063364,-2.5512266,-2.7940936,-3.4671407
CCCCCCCCCC(=O)OCC,-4.1,-4.2592597,-4.146202,-3.965928,-3.9659278,-3.9893346,-4.423764,-4.0344768,-3.183348,-3.358287,-4.0113916,-4.4977117,-4.49771,-4.460431,-4.980986,-4.5270033,-4.220503,-3.5947585,-3.762016,-3.760886,-3.760886,-3.8153276,-3.7534816,-3.7650857,-3.9799237,-3.940234,-3.9538028,-4.658168,-4.6581683,-4.525749,-3.9216406,-4.70219,-4.716252,-4.22293,-4.1894746,-4.0386925,-4.038693,-4.0864496,-4.0669184,-4.0556645,-4.352077,-4.9969387,-4.883314,-4.7564716,-4.756472,-4.4094043,-4.7214603,-4.379508,-4.835182,-4.3930817,-5.1578345,-4.217466,-4.2174654,-5.0275745,-4.2971716,-4.0973334,-3.8019109,-3.4761524,-3.8838894,-4.5379457,-4.5379457,-4.496469,-3.3262987,-4.4848046,-4.660647,-4.135814,-4.1876907,-4.1329265,-4.132926,-4.1144867,-4.083301,-4.1357417,-4.0395327
O=C(Nc1ccccc1)Nc2ccccc2,-3.15,-4.3150806,-3.5505362,-3.6929104,-3.6929104,-3.7323086,-4.2945585,-3.763445,-3.2607474,-3.2925186,-3.9028099,-3.0725508,-3.0725503,-3.0515182,-3.7886572,-3.073211,-3.608292,-3.0587234,-3.133868,-3.1425688,-3.142569,-3.1272554,-3.0799344,-3.255168,-3.1629846,-3.610974,-3.1686223,-3.898958,-3.8989563,-3.7565863,-3.041961,-3.7852514,-3.5834095,-3.80521,-4.606199,-3.9966068,-3.9966068,-4.131956,-3.6455545,-4.119001,-3.3249373,-4.4569654,-4.5904045,-4.876389,-4.8763895,-4.8983827,-4.786049,-4.728567,-4.9608827,-4.0723577,-4.2771096,-3.1647003,-3.1647,-3.8178225,-3.5213232,-3.2357821,-3.1971076,-2.7354703,-4.19683,-4.474859,-4.474859,-4.408358,-3.4007509,-4.3382545,-4.0718746,-3.0898325,-3.1365747,-3.1623247,-3.1623247,-3.1555295,-3.012971,-3.054299,-3.1139717
CCCC(C)(C)C,-4.36,-1.7144928,-1.9297862,-1.614072,-1.6140712,-1.6197457,-1.9946764,-1.618543,-1.0607629,-2.847611,-1.3645995,-2.1762862,-2.1762862,-2.1632578,-1.9043334,-2.1419113,-1.8032837,-3.7109675,-2.1305568,-2.3527043,-2.352704,-2.3532102,-2.261155,-2.3650048,-3.478344,-3.9177048,-2.3837337,-3.2800312,-3.2800307,-3.396497,-2.4931085,-3.4284375,-3.3746612,-2.9794993,-2.2733538,-2.4914978,-2.4914978,-2.3825758,-2.3340201,-2.4400592,-2.139226,-1.6866825,-1.8959033,-1.4566349,-1.4566349,-1.4247668,-1.4621316,-1.524378,-1.2825174,-4.167657,-3.7175212,-3.52769,-3.5276897,-3.4125922,-3.8903792,-3.75598,-3.6363535,-4.3797936,-2.3675413,-3.0928607,-3.09286,-3.0899916,-2.014723,-3.0727606,-3.0867417,-4.1992445,-2.2556202,-2.1396606,-2.1396606,-2.1675773,-2.4324574,-2.4940097,-3.1719766
CCC(O)(CC)CC,-0.85,-1.9108404,-2.17362,-1.7469406,-1.7469403,-1.7368474,-1.9867806,-1.7310224,-1.1880966,-0.5547806,-1.7477558,-2.033753,-2.033753,-2.0223973,-2.0979111,-1.9833837,-2.1111727,-0.440378,-1.98502,-2.0627303,-2.0627303,-2.0622895,-2.0263848,-2.070115,-1.7894464,-1.0100536,-1.4929684,-1.890467,-1.8904663,-1.8173971,-1.4779345,-1.8747239,-1.8406849,-1.4618031,-1.9882832,-1.8072523,-1.8072525,-1.8126534,-1.8005826,-1.7789696,-1.6016905,-1.5122285,-2.1009772,-2.1673758,-2.167376,-2.1362214,-2.1532547,-2.1362247,-1.8421311,-1.2857141,-2.0380168,-0.76073736,-0.7607373,-1.8315593,-1.0738155,-0.71715254,-1.1136024,-0.71954167,-1.632754,-1.977194,-1.9771938,-1.95997,-1.47915,-1.994571,-1.7887157,-0.76370573,-0.76249415,-0.7545598,-0.7545598,-0.69468975,-0.9369622,-0.8067963,-0.76197654
CC(=O)CC(c1ccc(Cl)cc1)c2c(O)c3ccccc3oc2=O,-5.839,-5.1781206,-5.530047,-5.025319,-5.025319,-5.025392,-5.3288,-5.016312,-3.9744146,-4.9510183,-4.2678456,-4.426314,-4.426314,-4.386285,-4.75032,-4.438701,-4.621433,-4.9608803,-5.047029,-4.8747888,-4.874789,-4.8558097,-5.197729,-4.964088,-4.5670795,-4.958195,-4.2938747,-4.982772,-4.982772,-4.764345,-3.714988,-4.837321,-4.970822,-4.964294,-5.134888,-4.918761,-4.9187603,-4.8839,-4.834352,-4.886824,-4.292514,-4.62901,-4.534591,-5.1351266,-5.1351266,-5.1211267,-5.0282574,-5.118593,-4.817511,-4.0928817,-3.786549,-3.5820663,-3.582066,-3.9500327,-3.8139024,-3.5737948,-3.6148188,-4.8898253,-4.4725795,-5.1889496,-5.1889486,-5.162825,-3.5991552,-5.1118145,-5.330687,-5.8266883,-5.826406,-5.8748174,-5.874818,-5.868359,-5.612003,-5.839962,-5.788216
CCC(C(CC)c1ccc(O)cc1)c2ccc(O)cc2,-4.43,-4.037062,-4.4869394,-3.9758418,-3.975842,-3.949718,-4.262225,-3.901619,-3.0185854,-3.441465,-3.6875765,-3.5558906,-3.5558898,-3.5047348,-3.9804685,-3.4864578,-3.642727,-3.6072288,-4.1123276,-4.068196,-4.068196,-4.0733047,-4.381539,-3.9767642,-3.740825,-3.9707527,-3.1479607,-3.9503164,-3.9503167,-4.309328,-2.5558093,-4.0297003,-3.807399,-3.9492576,-4.586137,-4.3268533,-4.3268533,-4.250879,-4.31428,-4.2258406,-3.493692,-4.5437174,-4.502798,-4.8904266,-4.8904266,-4.8422027,-4.735093,-4.903801,-4.066962,-4.5888324,-3.639511,-4.1819777,-4.1819787,-4.395528,-4.4042354,-4.1578455,-3.9432023,-3.4470398,-3.2381835,-3.7105365,-3.7105362,-3.7205718,-2.5905168,-3.7985246,-4.1893377,-4.367457,-4.402464,-4.357133,-4.357134,-4.385165,-4.280039,-4.395338,-4.488782
CCNc1nc(NC(C)(C)C)nc(OC)n1,-3.239,-3.2755382,-3.8370693,-3.4619582,-3.4619584,-3.4600642,-3.7280898,-3.47904,-2.8300717,-2.2188363,-2.192598,-2.3967066,-2.396706,-2.3464978,-2.8380556,-2.3838308,-2.636643,-2.54184,-3.5210502,-3.371503,-3.371503,-3.372625,-3.4594944,-3.3763227,-2.1735163,-3.0345497,-2.1489265,-2.8501053,-2.8501053,-2.8096464,-1.9232817,-2.7476294,-2.6251578,-2.8262043,-3.6332853,-3.4175649,-3.4175644,-3.3954768,-3.3370361,-3.380829,-2.53332,-3.2909412,-3.6321132,-3.7265878,-3.7265878,-3.6484232,-3.747979,-3.7625847,-3.983316,-3.5508175,-3.537512,-3.405417,-3.405417,-3.6023123,-3.6346166,-3.4141123,-3.2571406,-2.200063,-1.9907914,-2.445743,-2.445743,-2.4267533,-1.7941104,-2.4738293,-2.4953148,-2.9188697,-2.9575882,-3.0784023,-3.0784025,-3.097534,-3.004337,-3.1718435,-3.2056758
c1nccc(C(=O)NN)c1,0.009,-1.7344706,-2.4485807,-2.2011874,-2.2011876,-2.2284865,-2.487369,-2.2360117,-1.693518,-0.70438826,-1.2309904,-0.5303399,-0.53034043,-0.521963,-0.67280406,-0.5392395,-1.2376721,-0.33169225,-1.5373672,-1.564634,-1.5646338,-1.5664811,-1.4913775,-1.5959955,-0.45618597,-0.07387175,-0.70939577,-1.2317393,-1.2317392,-1.1117488,-0.82077295,-1.1472824,-1.3062642,-1.3814222,-1.8804706,-1.6385382,-1.6385381,-1.6672305,-1.6085868,-1.6530181,-1.4314809,-1.0800034,-2.6535244,-2.7740376,-2.7740378,-2.7479253,-2.792115,-2.7360168,-2.8502102,-1.5238727,-2.770395,-1.3794553,-1.3794556,-2.518777,-1.8016863,-1.530412,-1.3724965,-0.20850615,-0.19044864,-0.7736496,-0.7736498,-0.7042316,-0.011574115,-0.72978204,-0.36835867,0.021883706,0.06665909,0.16390413,0.16390422,0.16101731,0.065827176,0.0159195,0.06958846
CCC(C)c1cc(cc(N(=O)=O)c1O)N(=O)=O ,-3.38,-3.526563,-3.6973546,-3.372554,-3.3725536,-3.3140395,-3.628829,-3.2543497,-3.6045678,-2.6302404,-1.7975885,-1.9845704,-1.9845703,-1.9387066,-1.6979429,-1.9080975,-1.8535064,-2.7265582,-3.9704337,-3.6480596,-3.6480598,-3.661833,-3.8667884,-3.594328,-2.5282521,-3.3773334,-2.760796,-3.3122,-3.3122,-3.3546007,-2.4630332,-3.4179823,-3.223373,-3.3542747,-3.5163393,-3.3449047,-3.3449047,-3.3279407,-3.4117649,-3.3311794,-3.3771632,-3.7298121,-2.682324,-2.581652,-2.5816522,-2.4572427,-2.643437,-2.5566888,-2.7764199,-3.6209824,-2.515296,-3.013428,-3.0134282,-2.873888,-3.071636,-3.081023,-3.1440558,-3.2876365,-1.991238,-2.897479,-2.8974786,-2.9109645,-1.5321327,-2.9822967,-2.533122,-3.3902268,-3.372414,-3.4157655,-3.4157653,-3.4217134,-3.2821512,-3.3106005,-3.4004498
CCN2c1ncccc1N(C)C(=O)c3cccnc23 ,-2.62,-3.1060517,-3.6677911,-3.2807539,-3.280754,-3.2589817,-3.5997965,-3.23155,-2.536881,-2.9133074,-3.5124109,-3.3828626,-3.3828616,-3.348096,-3.5345776,-3.3027961,-3.1759107,-3.1101604,-4.2626643,-4.0450563,-4.0450563,-4.0432243,-4.294196,-4.040431,-3.6217902,-3.2318325,-3.650453,-4.4875546,-4.4875536,-4.537697,-3.7444289,-4.435242,-3.866055,-3.2041984,-3.893294,-3.7477512,-3.7477512,-3.7116334,-3.649519,-3.6922252,-3.3330233,-2.702884,-3.3280792,-3.8251996,-3.8251996,-3.800612,-3.8495426,-3.7873526,-4.174145,-2.5158024,-3.2797072,-2.5783372,-2.5783372,-3.0482025,-2.9050593,-2.5278957,-2.616385,-2.6927564,-3.402195,-3.8454287,-3.845427,-3.8787074,-2.8095076,-3.933516,-3.7382224,-2.6565576,-2.6648788,-2.628832,-2.6288323,-2.625637,-2.5797482,-2.6118958,-2.5565617
CC1OC(CC(O)C1O)OC2C(O)CC(OC2C)OC8C(O)CC(OC7CCC3(C)C(CCC4C3CC(O)C5(C)C(CCC45O)C6=CC(=O)OC6)C7)OC8C ,-4.081,-4.499347,-15.20169,-10.412711,-10.412711,-10.361619,-10.245159,-10.629626,-0.62782466,-4.694968,-4.9804773,-6.478326,-6.478325,-6.3200216,-6.8062544,-6.2826185,-7.6233296,-4.2682257,-20.352682,-19.359825,-19.359827,-18.751863,-18.715664,-17.146809,0.5286153,-4.966983,-4.5275397,-6.9381003,-6.9381013,-6.70815,-6.042001,-7.480325,-0.68654746,-4.30469,-13.98204,-13.057086,-13.057088,-13.159539,-11.721346,-13.344294,-0.43620136,-4.999768,-10.206161,-9.123971,-9.123971,-9.450774,-8.894853,-9.319186,-7.197299,-4.4998865,-11.387364,-5.6106343,-5.6106353,-10.500337,-6.1188684,-7.1173744,-2.097361,-4.5682774,-9.860591,-10.044766,-10.044766,-9.777963,-8.101054,-9.57707,0.079957455,-4.2383833,-7.4491644,-7.7244077,-7.7244086,-7.596237,-7.2299848,-8.2933035,0.8911043
c1ccc(Cl)cc1C(c2ccc(Cl)cc2)(O)C(=O)OC(C)C,-4.53,-5.4945273,-5.7014847,-5.284066,-5.284066,-5.261392,-5.587526,-5.2250333,-4.311628,-4.2752085,-3.7087324,-4.3306603,-4.33066,-4.2785425,-4.5855293,-4.2740545,-4.5237045,-4.208204,-5.226453,-5.0503507,-5.050351,-5.0580945,-5.4633875,-5.0169573,-4.7541337,-4.8428535,-4.3673215,-5.047047,-5.0470467,-4.8973174,-4.140314,-5.201778,-5.2525597,-4.4455023,-5.0288105,-4.8007493,-4.8007493,-4.746003,-4.7666297,-4.740558,-4.2388525,-4.277804,-3.9404492,-4.5047936,-4.504794,-4.47605,-4.492452,-4.422237,-4.6250844,-3.95056,-3.9499476,-3.499419,-3.499419,-3.932129,-3.7836146,-3.4924617,-3.486459,-4.4240885,-4.0308642,-4.9684415,-4.968441,-4.952605,-3.2709785,-4.967335,-5.0936694,-4.689915,-4.534502,-4.481837,-4.4818363,-4.472796,-4.4064064,-4.4992576,-4.4665494
CCC(C)CC,-3.68,-1.4440966,-1.8732336,-1.28114,-1.2811396,-1.2867007,-1.4713194,-1.2859495,-0.9144806,-2.3053997,-1.5680056,-2.0458689,-2.045869,-2.0337555,-2.020834,-2.0089686,-1.9313583,-3.2762685,-1.7039553,-1.8474802,-1.8474802,-1.8463832,-1.7722247,-1.8727275,-2.6104915,-3.139796,-1.7733004,-2.4778292,-2.4778285,-2.6281579,-1.8160056,-2.6762784,-2.2209115,-1.772296,-2.112782,-1.6875004,-1.6875004,-1.6919655,-1.5841832,-1.6130444,-1.5328948,-1.4091128,-2.017211,-1.9773824,-1.9773823,-1.9585054,-1.95166,-1.9550072,-1.482596,-4.0271654,-4.0634046,-3.252395,-3.2523944,-3.7105136,-3.6723742,-3.5037494,-3.4938295,-3.6022048,-2.4206696,-2.9451313,-2.9451313,-2.9665716,-2.1356294,-2.9503517,-2.8322792,-3.3206482,-3.6009073,-3.4177446,-3.4177444,-3.397725,-3.461198,-3.8923602,-3.3031669
Nc1nc(=O)[nH]cc1F,-0.972,-1.6259886,-2.1788287,-1.9752332,-1.9752331,-1.9803135,-2.1680167,-1.9876819,-1.4219438,-1.3144524,-0.32423872,-0.7778497,-0.77785015,-0.78873265,-0.7949193,-0.7861445,-0.33462626,-1.3524132,-1.2250665,-1.2124189,-1.2124189,-1.213254,-1.141246,-1.2374369,-0.3144712,-1.1608562,-0.21404792,-1.0912313,-1.0912317,-0.96388,-0.27314872,-1.0386114,-0.7116211,-1.7344856,-1.7750868,-1.7151569,-1.7151572,-1.6997014,-1.6512344,-1.5335737,-0.6874021,-1.0479534,-2.0008702,-1.8595377,-1.8595377,-1.8487158,-1.8608767,-1.8872589,-1.5202665,-0.86344135,-1.4662615,-0.3620803,-0.362081,-1.0098665,-0.51069194,-0.5465191,-0.62275916,-1.1135398,-0.4056677,-0.64485234,-0.6448519,-0.6426228,-0.1674361,-0.646896,-0.4740754,-1.0398285,-1.0486025,-0.9887335,-0.9887336,-0.98681235,-0.935751,-0.9567009,-0.9222234
CCCCCC#C,-3.01,-2.0808697,-2.1751742,-1.9599271,-1.9599273,-1.9805696,-2.2861686,-1.9681659,-1.6776334,-2.4313955,-1.9752262,-2.551982,-2.5519817,-2.5151994,-2.329705,-2.4850929,-2.248305,-2.534349,-1.8503141,-1.9761034,-1.9761034,-1.9776796,-1.8628423,-1.9892217,-2.43044,-2.1304274,-1.4314461,-1.9716638,-1.9716637,-2.0044525,-1.5281192,-2.182029,-1.8774284,-2.9872527,-2.0670779,-2.0410802,-2.04108,-1.9952704,-1.937496,-1.9478289,-1.9697218,-2.3815842,-2.8780265,-2.3200622,-2.3200624,-2.248717,-2.2996786,-2.5290394,-2.026062,-2.8323178,-2.891278,-2.7232687,-2.7232687,-2.9808075,-3.1058342,-2.8005722,-2.819195,-2.6781895,-1.8125097,-2.4633398,-2.46334,-2.4355307,-1.3157867,-2.4781513,-2.407218,-3.1691499,-3.774687,-3.9205768,-3.9205766,-3.90936,-3.6810815,-3.5123396,-3.2987063
CN(C)C(=O)Nc1ccccc1,-1.6,-2.2591882,-2.872027,-2.6576397,-2.6576397,-2.6950765,-3.0145178,-2.7159374,-2.0516014,-1.7240794,-2.2640948,-1.5634793,-1.5634793,-1.5457256,-1.7912444,-1.5301735,-1.9294627,-2.0285518,-2.641533,-2.699134,-2.699134,-2.7009864,-2.6156507,-2.708362,-2.114568,-1.9443846,-1.9499677,-2.6366963,-2.6366963,-2.5441008,-2.002225,-2.5767746,-2.3715146,-2.511628,-2.6405046,-2.5085251,-2.508525,-2.5505736,-2.4682117,-2.5759408,-2.3335376,-2.3886378,-3.0678658,-2.825807,-2.8258069,-2.7942543,-2.8705127,-2.8210073,-2.7855484,-2.5895543,-3.3408198,-2.3856685,-2.3856683,-3.1537862,-2.8055167,-2.42456,-2.398304,-1.8284973,-1.8219353,-2.4224696,-2.4224696,-2.4172034,-1.4616499,-2.4173975,-2.3083587,-1.54472,-1.6629966,-1.8118727,-1.8118727,-1.8162278,-1.5859576,-1.5684048,-1.8031125
CN(C)C(=O)OC1=CC(=O)CC(C)(C)C1 ,-0.85,-2.9850144,-3.4724464,-3.092456,-3.0924563,-3.1217437,-3.4241824,-3.1574256,-2.3545167,-1.7536724,-1.8463221,-1.9087881,-1.9087874,-1.8982798,-1.9078447,-1.9065311,-1.8438209,-0.92859495,-3.7556927,-3.7618701,-3.7618701,-3.7537382,-3.7033617,-3.759861,-3.3317883,-1.7655245,-1.976303,-2.6114645,-2.6114635,-2.762839,-2.2086468,-2.734548,-2.8654215,-2.9651809,-3.4595573,-3.282161,-3.2821612,-3.3213656,-3.3167305,-3.3667145,-2.6007204,-1.8389308,-3.19963,-2.8135,-2.8135,-2.7882252,-2.8606796,-2.8743515,-2.5558822,-2.2299337,-4.4741654,-2.8039718,-2.803972,-3.9456651,-3.0391371,-2.250645,-2.607163,-1.0578846,-1.8800042,-2.5320473,-2.532047,-2.5164466,-1.7124295,-2.516975,-2.2821617,-0.8421876,-2.7033443,-2.2045033,-2.2045033,-2.1849008,-2.2802765,-2.5541098,-2.077723
ClC(Cl)C(Cl)(Cl)SN2C(=O)C1CC=CCC1C2=O ,-5.4,-4.9405313,-4.2892637,-4.0900536,-4.090053,-4.0928307,-4.438933,-4.089568,-3.9366708,-5.314323,-4.7315564,-4.7535257,-4.7535257,-4.7302294,-4.805713,-4.637828,-4.657957,-5.3318734,-5.013225,-4.774592,-4.7745924,-4.7926044,-5.1158543,-4.706565,-4.24432,-5.054338,-4.8239822,-5.371175,-5.371173,-5.470844,-4.64183,-5.404182,-5.2762823,-5.184962,-4.027542,-4.2016377,-4.2016377,-4.2412896,-4.2619495,-4.3182955,-5.7568836,-3.9705176,-3.303761,-2.9495,-2.9495,-2.8125594,-2.983943,-3.0935602,-3.128605,-4.742467,-3.809504,-4.022878,-4.022879,-3.827374,-4.3906517,-4.329366,-5.325417,-5.8193126,-5.036087,-5.805497,-5.805497,-5.6903596,-3.9101868,-5.61785,-6.2504563,-5.3944793,-4.5674753,-4.618428,-4.6184278,-4.629903,-5.4014716,-5.6510935,-5.4963584
OCCOc1ccccc1,-0.7,-2.0374496,-2.5290985,-2.3318818,-2.331882,-2.308471,-2.60296,-2.208535,-1.8458068,-1.458982,-1.9744008,-1.4302025,-1.4302027,-1.4083222,-1.5262693,-1.3882778,-1.8302633,-0.6718719,-1.6680671,-1.6998702,-1.6998701,-1.7021745,-1.5747384,-1.7250301,-0.71108687,-0.80364513,-1.1020602,-1.6112572,-1.6112566,-1.4296799,-1.0495663,-1.4187983,-1.4372934,-2.3655574,-2.102798,-1.8709661,-1.8709663,-1.9087387,-1.8433057,-1.8964773,-1.5819604,-2.301845,-2.737952,-2.5112271,-2.5112274,-2.4679036,-2.5437753,-2.5054846,-2.5348904,-1.5690473,-1.1623558,-1.6222937,-1.6222938,-1.4326718,-1.7009118,-1.6122314,-1.4934497,-1.1403915,-0.82613826,-1.4248825,-1.4248823,-1.236666,-0.50145656,-1.327496,-0.9148012,-0.44433874,-0.8428656,-0.96672934,-0.96672934,-0.9610348,-0.7966217,-0.7407588,-0.92485356
COP(=S)(OC)SCC(=O)N(C(C)C)c1ccc(Cl)cc1,-4.432,-4.985795,-5.247901,-4.7602057,-4.7602057,-4.723072,-5.048228,-4.6563525,-4.006612,-3.808319,-4.8026724,-3.1008844,-3.1008835,-3.0741508,-4.0346313,-3.0357726,-3.8733656,-4.662278,-5.0384607,-4.77409,-4.77409,-4.791446,-5.1733723,-4.584655,-4.628177,-5.0330963,-4.5007205,-5.0977416,-5.0977426,-5.0115137,-3.9152117,-5.0751457,-4.928335,-4.279512,-4.9181848,-4.7250104,-4.725011,-4.5818133,-4.621577,-4.5247607,-3.9731355,-4.342064,-4.4891186,-4.8960104,-4.8960104,-4.8627915,-4.7562075,-4.96239,-4.4204392,-3.685653,-3.810834,-3.3813343,-3.3813343,-3.7552452,-3.8094218,-3.6559963,-3.3612401,-4.497704,-4.631787,-5.003566,-5.0035653,-4.9726043,-3.5966353,-4.885119,-5.3665414,-4.477377,-4.7877736,-4.594681,-4.594681,-4.8072724,-4.0797215,-4.1306715,-6.2357526
FC(F)(Cl)C(F)(F)Cl,-2.74,-2.428322,-1.668922,-1.5530099,-1.5530093,-1.5359353,-1.8970473,-1.5398178,-1.1271483,-2.5266776,-1.5768665,-2.0145767,-2.0145774,-2.0191233,-2.1124122,-1.9973633,-2.48796,-2.6494286,-1.3761163,-1.3873526,-1.3873527,-1.4002346,-1.5497438,-1.3787757,-1.0858467,-2.3865008,-1.7892351,-2.7825618,-2.7825615,-2.5678074,-1.7978014,-2.636008,-1.7111356,-2.5767672,-3.7391798,-2.5793555,-2.5793557,-2.533774,-2.4923477,-2.6337683,-2.0467927,-2.0009785,-1.399274,-1.1520342,-1.1520342,-1.1576929,-1.1841973,-1.1655843,-1.4085338,-2.3637264,-1.0008906,-1.9576689,-1.9576689,-2.324535,-1.9748209,-1.9711012,-2.4092424,-2.5640826,-2.1017218,-2.29463,-2.29463,-2.301352,-1.8804654,-2.287827,-2.5768557,-2.912796,-2.002365,-1.843812,-1.8438118,-1.8339846,-2.2798905,-2.3088918,-2.6584902
COc5cc4OCC3Oc2c1CC(Oc1ccc2C(=O)C3c4cc5OC)C(C)=C ,-4.42,-5.000653,-6.1145077,-5.674756,-5.674756,-5.7189045,-6.1907153,-5.7894225,-4.5307474,-4.894403,-5.058583,-4.3188677,-4.3188667,-4.3217793,-4.8335576,-4.326455,-4.634476,-4.4075155,-5.919181,-5.3993993,-5.3993993,-5.307335,-5.738327,-5.3586726,-4.3744497,-5.309324,-4.537622,-5.673208,-5.6732073,-5.5533676,-5.0286193,-5.7236943,-4.929929,-5.1499896,-5.7176113,-5.338859,-5.338859,-5.395947,-5.281227,-5.487765,-4.774098,-5.410412,-6.917408,-7.0331135,-7.033114,-7.146011,-6.702919,-6.804306,-5.7975125,-4.3148756,-4.187899,-3.8696291,-3.86963,-3.9263868,-3.6977684,-3.8979344,-3.850505,-4.3499103,-5.0295625,-5.295944,-5.2959433,-5.304685,-4.0227485,-5.3645988,-6.1349874,-4.478486,-4.4420567,-4.538726,-4.5387263,-4.526471,-4.307192,-4.3228993,-4.4986186
c1cC2C(=O)NC(=O)C2cc1,-2.932,-2.1189344,-2.349346,-1.9730527,-1.9730527,-1.936682,-2.1187108,-1.888323,-1.9074583,-2.289194,-1.6233127,-1.6922638,-1.6922638,-1.6997031,-1.6972351,-1.6559439,-1.9315776,-1.4338948,-1.9071618,-1.9935273,-1.9935272,-2.0057795,-1.9450947,-1.9251626,-1.8550823,-1.8971164,-1.0910817,-2.2292001,-2.2292,-2.2235258,-1.234861,-2.141281,-1.6331275,-2.9899137,-2.371797,-2.773367,-2.773367,-2.5254443,-2.7463846,-2.5401936,-2.4605021,-1.7795372,-2.248454,-2.3617914,-2.3617914,-2.337768,-2.3541682,-2.3576484,-2.0084357,-2.792102,-1.61627,-2.126694,-2.1266944,-1.83668,-2.1654158,-2.2535207,-1.9365793,-2.1505847,-1.9148716,-2.1148973,-2.1148973,-2.0461414,-1.550964,-2.0658922,-2.027446,-2.8880486,-2.1880178,-1.8648655,-1.8648655,-1.8362429,-2.1648517,-2.032847,-2.499872
CC(O)C(C)(C)C,-0.62,-1.2506185,-1.669626,-1.3512743,-1.3512739,-1.3267486,-1.7486463,-1.3030226,-0.9424594,-0.3158747,-1.3238723,-1.6503278,-1.6503277,-1.6460365,-1.7016081,-1.6028609,-1.9795951,-0.26017374,-1.6308306,-1.7411643,-1.7411642,-1.7409029,-1.6505836,-1.7640169,-1.4493569,-0.8310774,-1.1808007,-1.6832331,-1.6832333,-1.7255703,-1.3230743,-1.8149253,-1.8157966,-1.3280778,-1.774474,-1.5092089,-1.5092089,-1.513191,-1.5127292,-1.4711312,-1.4885169,-1.6439797,-1.6728477,-1.5060767,-1.5060766,-1.5056688,-1.5086709,-1.5066453,-1.3283926,-0.590372,-1.6680945,-0.22152126,-0.22152142,-1.4968351,-0.52687246,-0.18503608,-0.6759545,-0.5225,-1.3200463,-1.7059761,-1.7059755,-1.716814,-1.1364014,-1.722986,-1.3785486,-0.6142811,-0.87835324,-0.6546288,-0.65462875,-0.6353545,-0.7953393,-0.83617055,-0.48380178
CC,-1.36,-0.49921364,-0.4088137,0.10294132,0.10294167,0.118738875,-0.39056218,0.106066644,0.42055517,-0.8815395,0.04748644,-0.14209777,-0.14209768,-0.15141353,-0.2793089,-0.14043453,-0.625376,-0.9867796,-0.9054791,-0.870275,-0.8702749,-0.87104553,-0.8663144,-0.88156605,-0.77731836,-0.9928691,-0.30669737,-0.65317047,-0.65317065,-0.62786233,-0.3258521,-0.6801794,-0.72738236,-1.1301086,-2.6953926,-1.194754,-1.1947544,-1.2555652,-0.98395914,-1.2383999,-0.970904,-0.48090252,-1.0781636,-0.65279824,-0.6527983,-0.68421984,-0.6653312,-0.69287753,-1.2758273,-1.3784832,-2.2484777,-1.3144372,-1.3144364,-1.4117404,-1.198973,-1.2838454,-1.7895288,-1.6501777,-0.14556113,-0.6185395,-0.6185392,-0.61782587,0.04526968,-0.61673504,-0.38426766,-1.3977565,-1.3351012,-1.3312446,-1.3312446,-1.3307505,-1.5162218,-1.5310351,-1.1113682
Sc1nccc(=O)[nH]1 ,-2.273,-1.230241,-2.1967728,-1.8084784,-1.8084786,-1.8242767,-1.974829,-1.8338205,-1.26709,-1.6201651,-1.1860683,-0.9687083,-0.96870863,-0.9712351,-0.9232605,-0.95372885,-1.1090066,-2.311796,-1.5424192,-1.5666994,-1.5666993,-1.5683877,-1.5747831,-1.5948076,-1.4714328,-0.8905457,-0.8257081,-1.6667871,-1.6667864,-1.5190469,-0.89434016,-1.587167,-1.0538638,-1.8163116,-1.4973369,-1.2248237,-1.2248237,-1.2383105,-1.1339284,-1.2261997,-1.2778,-2.1403346,-1.9873798,-1.4858943,-1.4858944,-1.4218078,-1.4930977,-1.6148139,-1.5415363,-0.72859585,-1.7464575,-0.56380683,-0.56380695,-1.3672653,-0.8600099,-0.6630665,-0.68645555,-1.7125629,-0.50181764,-1.8624126,-1.8624119,-1.863766,-0.573803,-1.8576204,-1.5824515,-2.3361468,-2.2639208,-2.241225,-2.2412248,-2.240715,-2.2432837,-2.189557,-2.232045
CCC(=O)OC,-0.14,-0.8807333,-1.8489163,-1.2681056,-1.2681055,-1.2849817,-1.4160608,-1.2904422,-0.6961921,0.26728463,-0.5767196,0.7585698,0.7585698,0.76482034,0.54117507,0.77821666,-0.6001067,0.3678097,-1.1026801,-1.1164407,-1.1164405,-1.1178777,-1.0538586,-1.1353611,-0.488249,0.19305226,-0.2556297,-0.5398812,-0.53988045,-0.53475267,-0.3194239,-0.5628911,-0.76096314,-0.15612498,-1.9079092,-1.7157437,-1.7157437,-1.7532879,-1.7585466,-1.783599,-0.71709037,-0.71235514,-1.7420527,-1.2480708,-1.2480708,-1.2556908,-1.2704414,-1.3071209,-0.9905123,-0.955303,-0.8128656,-0.5486806,-0.54868066,-0.98778504,-0.73505956,-0.572166,-0.5843258,0.01590896,-0.09459593,-0.22664033,-0.22664027,-0.26202425,0.109214224,-0.26628837,-0.2018169,-0.14071898,-0.09997677,-0.054428745,-0.05442875,0.027393878,-0.017673343,0.038410682,-0.23194504
FC(F)(F)c1ccccc1,-2.51,-2.0306907,-2.348908,-2.1822178,-2.1822178,-2.1960769,-2.3852153,-2.1910708,-1.4375063,-2.607951,-0.8981245,-1.5068296,-1.5068299,-1.5190759,-1.376757,-1.508362,-1.0465335,-2.4436269,-1.725263,-1.857799,-1.8577989,-1.8592162,-1.7952132,-1.8880924,-1.6400737,-2.7987666,-2.6866972,-3.573062,-3.5730622,-3.4693255,-2.624087,-3.5215418,-3.0270605,-2.1027913,-2.4072316,-2.0281014,-2.0281014,-2.0344663,-2.218082,-2.097586,-2.3808677,-1.5167859,-2.1403708,-2.1111188,-2.1111188,-2.1144416,-2.0895324,-2.080753,-1.364914,-2.4422731,-2.208686,-2.9437468,-2.943747,-3.071106,-3.3944952,-3.1028264,-1.9708216,-2.5331645,-2.9635837,-2.5637844,-2.5637844,-2.5783527,-2.2439723,-2.647245,-2.170908,-2.4388506,-2.6369438,-2.631949,-2.6319492,-2.635119,-2.633345,-2.6853256,-2.5263722
c1cccc2c3c(C)cc4ccccc4c3ccc12,-6.59,-4.038415,-3.6165671,-3.4633098,-3.4633098,-3.478588,-3.8613052,-3.527911,-3.2699308,-6.257156,-5.267273,-5.858143,-5.8581433,-5.794938,-6.2951913,-5.8174005,-5.694081,-6.7562737,-4.760142,-5.053241,-5.053241,-5.047193,-4.967801,-5.067194,-6.210228,-6.7956824,-5.731363,-6.8341484,-6.834146,-6.7755847,-5.4048266,-6.8140826,-6.556168,-5.050883,-2.9390094,-2.7833917,-2.7833915,-2.8037927,-2.7214124,-2.8248394,-3.2978187,-4.690869,-3.9362588,-4.3524947,-4.3524947,-4.344383,-4.287801,-4.2604465,-4.919327,-7.5592585,-6.670402,-7.1541066,-7.154107,-7.252987,-7.4302416,-6.9879994,-7.757938,-6.247084,-5.124841,-6.2734985,-6.2734995,-6.2077584,-4.0852995,-6.2431536,-6.2184587,-6.5552034,-6.6130576,-6.6573267,-6.657327,-6.6602254,-6.7495236,-6.7250156,-6.615079
CCNc1nc(Cl)nc(NC(C)C)n1,-3.85,-3.392496,-3.5946405,-3.2443879,-3.2443879,-3.245198,-3.5087686,-3.236022,-2.7980275,-2.3748875,-2.8486192,-2.1938503,-2.1938496,-2.1512463,-2.550159,-2.131699,-2.6268404,-3.0487504,-3.493831,-3.3564045,-3.3564045,-3.4327686,-3.401954,-3.2593493,-2.8074396,-2.9293904,-2.1418808,-2.7714038,-2.7714038,-2.823949,-2.00352,-2.8728049,-2.6378386,-3.5355449,-3.5157993,-3.6339352,-3.6339352,-3.385446,-3.5945237,-3.3237357,-3.340176,-2.6246295,-3.6316876,-3.4012866,-3.4012864,-3.3694968,-3.3769166,-3.3278306,-3.3802412,-3.3982747,-3.13184,-3.2669299,-3.26693,-3.0816195,-3.4730115,-3.3692389,-3.117584,-4.0931015,-3.1183755,-3.5964415,-3.5964417,-3.6169567,-2.3525002,-3.60363,-3.723253,-3.6895192,-4.0394964,-4.0649643,-4.0649633,-4.0038285,-3.7303462,-3.7779632,-3.8442707
CC2(C)C1CCC(C)(C1)C2=O,-1.85,-1.9393352,-2.2133694,-1.9527589,-1.9527586,-1.9295684,-2.2865343,-1.902751,-1.3889114,-1.1004508,-1.9271848,-2.5329916,-2.5329914,-2.5270567,-2.4557178,-2.4939668,-2.331521,-1.1924579,-2.9440973,-2.888327,-2.8883271,-2.8838418,-2.9954464,-2.9054813,-2.423804,-1.4216849,-2.153987,-2.7641993,-2.7641997,-2.8143094,-2.2113855,-2.742705,-2.8802369,-2.0668385,-2.2591333,-2.094248,-2.094248,-2.0931032,-2.1000116,-2.0680172,-1.8081709,-2.7793002,-2.0608778,-2.0620637,-2.0620637,-2.0433097,-2.017496,-2.052979,-1.6907096,-1.7356201,-2.276549,-1.2342153,-1.234215,-1.8826333,-1.6346157,-1.1906337,-1.4771188,-1.4988028,-3.0038884,-3.5766213,-3.5766215,-3.5463448,-2.7718494,-3.564421,-2.9609728,-1.7221912,-1.8468505,-1.6248093,-1.6248093,-1.6186693,-2.072678,-1.987789,-1.9120753
CC(=O)OCC(COC(=O)C)OC(=O)C,-0.6,-3.0528104,-3.7312124,-3.3779297,-3.3779297,-3.3618505,-3.6081014,-3.341471,-2.7332532,-0.6485092,-1.7952309,-1.1329793,-1.1329792,-1.1252637,-1.3081822,-1.1016228,-1.6578971,-0.5368864,-3.0484192,-2.7706404,-2.7706401,-2.773155,-2.9072757,-2.7728739,-1.1474683,-0.66337645,-0.08534567,-0.36433348,-0.3643339,-0.17371155,-0.22122091,-0.2779021,-0.66372764,-2.550522,-3.3651462,-3.1838517,-3.1838517,-3.1954405,-3.1105893,-3.1299925,-2.871799,-3.4079628,-3.651053,-3.9842012,-3.984201,-3.8096385,-4.0281453,-3.8572016,-4.4914775,-1.2803056,-1.9529408,-1.7268308,-1.7268317,-2.1296673,-2.0035036,-1.8331375,-1.5517719,-0.6754306,-1.1946602,-1.7819967,-1.7819958,-1.7951368,-1.00704,-1.7916975,-1.5849952,-0.7844516,-0.6793498,-1.272091,-1.272091,-1.2593489,-0.48859507,-0.5290393,-0.5416486
c1c(OC)c(OC)C2C(=O)OCC2c1,-1.899,-2.3243718,-2.9904592,-2.60963,-2.6096299,-2.6028132,-2.8183885,-2.6146705,-2.1731966,-1.7600043,-1.877599,-1.4601575,-1.4601574,-1.4380366,-1.5674455,-1.4086511,-1.9214615,-1.8895729,-2.8014212,-2.5407279,-2.540728,-2.5413027,-2.6334248,-2.5534463,-1.2117617,-2.0027692,-0.90689117,-1.8870587,-1.8870585,-1.8346375,-0.8745335,-1.8921604,-1.3930757,-1.7799298,-2.401455,-2.1232946,-2.1232946,-2.129197,-2.0890152,-2.079791,-1.959407,-2.4507036,-2.6700993,-2.8518515,-2.8518517,-2.8145146,-2.8823998,-2.8325822,-3.1695223,-0.9315325,-0.9895471,-0.7815174,-0.781518,-1.274983,-1.1594088,-0.8154647,-0.8510247,-1.1494002,-1.9043547,-2.225545,-2.2255452,-2.27259,-1.4390974,-2.2887864,-1.8093839,-1.8377316,-1.6669766,-1.0856862,-1.085686,-1.1062157,-1.1342977,-1.1808182,-1.148441
Cc1cc(C)cc(O)c1,-1.4,-2.1505768,-2.3775988,-2.245653,-2.2456532,-2.2341716,-2.4217348,-2.2495723,-1.9000832,-1.2895908,-1.598505,-0.9061746,-0.9061743,-0.9096222,-1.0607616,-0.8788149,-1.4944646,-1.1225104,-1.8619412,-2.0242069,-2.024207,-2.0244915,-1.9504913,-2.0549948,-1.9583511,-0.951165,-1.3267688,-2.0134459,-2.0134463,-1.9320863,-1.5410897,-2.017831,-1.8882052,-0.97679174,-1.7518938,-1.5409156,-1.5409157,-1.5374514,-1.5040841,-1.5118337,-1.1671387,-1.2093704,-2.422924,-2.5904536,-2.5904536,-2.5579922,-2.6566088,-2.572968,-2.730788,-1.692161,-1.700121,-1.5062709,-1.5062706,-2.221407,-1.6290894,-1.5225286,-1.4353074,-1.0234641,-0.45697677,-0.86122173,-0.86122245,-0.89080834,-0.24888119,-0.8868454,-0.6403721,-1.3899881,-1.0585493,-1.0702038,-1.0702039,-1.058588,-1.0039259,-1.0950428,-1.2888619
Cc1ccncc1C,0.36,-1.1370676,-2.0818174,-1.7478397,-1.7478396,-1.744453,-1.8587354,-1.7527306,-1.232865,-0.9123993,-1.8903096,-1.5228199,-1.5228202,-1.5209408,-1.6734018,-1.4611473,-2.0038722,-0.82323706,-1.5237187,-1.6299843,-1.6299843,-1.6308281,-1.5779595,-1.652364,-1.7931049,-0.5777402,-1.3379585,-1.8911268,-1.8911235,-1.8020393,-1.286789,-1.8069494,-1.6566566,0.009133858,-1.6300055,-1.8204845,-1.8204845,-1.8023084,-1.6344936,-1.7852638,-1.2688545,-0.9785163,-1.858242,-1.7540029,-1.7540029,-1.7425177,-1.7962799,-1.7533721,-1.5952,-0.29729366,-2.1149013,-0.49368364,-0.49368352,-1.7376112,-0.9564681,-0.5779171,-0.8635823,-0.46939033,-2.1289392,-2.35912,-2.3591197,-2.388655,-1.7454323,-2.3763301,-2.210988,0.40595207,-0.84193385,-0.83505386,-0.8350538,-0.8389839,-0.4816324,-0.55466163,-0.5161225
O=C1N(COC(=O)CCCC)C(=O)C(N1)(c2ccccc2)c3ccccc3,-4.678,-5.400943,-5.6812077,-5.247869,-5.247869,-5.228479,-5.523796,-5.2295475,-4.389566,-4.802604,-5.0122714,-4.0528045,-4.0528035,-3.9666932,-4.5500994,-4.0106144,-4.76009,-4.744849,-4.4473634,-4.319191,-4.3191905,-4.2860107,-4.9774036,-4.3605757,-4.956442,-4.5436044,-3.704247,-4.4834223,-4.4834223,-4.451107,-3.1784608,-4.4046073,-4.379686,-4.910013,-5.241005,-5.0081534,-5.0081534,-4.984746,-4.930297,-5.0654216,-4.6012073,-4.7367153,-5.000556,-5.319617,-5.319617,-4.986014,-5.206731,-5.3607187,-5.0432606,-4.9357347,-4.314514,-4.131565,-4.131565,-3.951539,-4.3011923,-4.1101584,-4.5715165,-5.073189,-4.5955243,-5.1633973,-5.1633973,-5.1474867,-3.7416437,-5.0871863,-6.109285,-4.6626616,-4.6253576,-4.664364,-4.6643634,-4.6741953,-4.605065,-4.6063776,-4.7423987
CCC(=C(CC)c1ccc(O)cc1)c2ccc(O)cc2 ,-4.07,-4.429277,-4.3615355,-3.9155946,-3.9155948,-3.9720457,-4.306704,-3.9790792,-3.420718,-3.5760612,-3.7205768,-3.5708344,-3.5708346,-3.5258367,-4.0854087,-3.5167117,-3.7200296,-4.1237555,-4.247428,-4.2551355,-4.2551355,-4.239375,-4.5035696,-4.2381086,-4.3642445,-3.3425503,-3.6229684,-4.1502953,-4.1502953,-4.348695,-3.3257902,-4.1202135,-3.609176,-3.9170563,-4.8197827,-4.4520364,-4.452037,-3.9124982,-4.464467,-3.921981,-3.917489,-4.415587,-4.7038584,-4.9859095,-4.9859095,-4.8176713,-4.8286495,-4.6815495,-4.573619,-4.670815,-3.7185326,-4.2534695,-4.253469,-4.497178,-4.368515,-4.064462,-4.018387,-3.385818,-3.242574,-4.037548,-4.037548,-4.019494,-2.7186913,-4.0363975,-4.010201,-4.202533,-4.0420856,-4.042607,-4.0426073,-4.0526853,-3.9354045,-4.073183,-4.08866
CC12CC(O)C3C(CCC4=CC(=O)C=CC34C)C2CCC1(O)C(=O)CO,-3.18,-4.9140778,-4.9652348,-4.570059,-4.570059,-4.6039386,-5.0118976,-4.6364303,-4.2014365,-3.704422,-4.064006,-3.358136,-3.3581352,-3.3115613,-3.7573261,-3.308297,-3.8771262,-3.3894985,-2.7020009,-3.0816839,-3.081684,-3.0297983,-3.1337056,-3.1989613,-3.562578,-4.1114297,-3.0822558,-3.643251,-3.6432502,-3.495709,-3.0134046,-3.6180513,-3.948446,-4.650764,-4.552856,-4.350343,-4.350343,-4.376695,-4.281065,-4.3352957,-4.2305536,-4.526118,-4.828429,-5.104541,-5.104541,-5.013304,-4.8911614,-4.947047,-5.152647,-4.3453274,-3.668242,-3.9233005,-3.9233003,-3.9329581,-4.3935666,-3.77376,-3.9201665,-3.765363,-3.6392288,-4.08751,-4.08751,-4.06924,-2.7995596,-4.109001,-4.239407,-3.3131156,-3.1599658,-3.1267817,-3.1267822,-3.135866,-3.0095873,-3.056028,-2.8144329
CC(C)CC(C)O,-0.8,-1.5945095,-2.0550666,-1.58652,-1.58652,-1.5718303,-1.8242903,-1.5324892,-1.0597141,-0.22256458,-1.1826785,-1.2294612,-1.2294613,-1.2197846,-1.1525453,-1.1804163,-1.4860643,-0.6776382,-1.6614121,-1.78954,-1.78954,-1.7898998,-1.6927094,-1.8120146,-1.5415726,-0.9542283,-1.2681528,-1.7833039,-1.7833042,-1.3435137,-1.2720838,-1.4836441,-1.8298845,-2.0856004,-1.9935789,-1.7257625,-1.7257626,-1.740081,-1.6542132,-1.6979288,-1.6031792,-1.7104819,-2.087687,-2.0332801,-2.0332806,-2.019902,-1.9966902,-2.031577,-1.5621032,-0.94181764,-1.827546,-0.5267059,-0.52670527,-1.6815274,-0.81334907,-0.49547923,-0.879716,-0.73994124,-0.6128664,-0.9400819,-0.94008195,-0.8418932,-0.36367586,-0.9063026,-0.81535345,-0.76077175,-0.4400278,-0.39983475,-0.39983475,-0.36648604,-0.57156104,-0.565063,-0.3088338
CCN(CC)c1ccccc1,-3.03,-2.251272,-2.5823472,-2.1069574,-2.1069574,-2.1036193,-2.353853,-2.0863724,-1.5881572,-2.8322263,-2.4914916,-3.3004937,-3.3004932,-3.257178,-3.2864954,-3.2290888,-3.0446749,-2.3385544,-2.6821477,-2.7594423,-2.7594423,-2.7568161,-2.667065,-2.7985182,-2.8455925,-2.6460326,-2.5756412,-3.2670832,-3.2670817,-2.6611614,-2.0745802,-3.2119029,-2.6348,-2.7480369,-2.9127104,-3.317469,-3.3174691,-2.6857464,-3.1713448,-2.8881469,-3.470792,-1.097315,-2.614666,-2.8989239,-2.8989239,-2.859695,-2.9165266,-2.875309,-3.0736969,-2.7101667,-2.5611196,-2.01399,-2.0139894,-2.2070556,-2.1773818,-1.9582207,-2.0276668,-3.1841226,-3.045733,-3.8810263,-3.8810265,-3.9177551,-2.5836766,-3.8544316,-3.3576288,-3.3227336,-4.648778,-4.3381834,-4.3381834,-4.287919,-4.1449685,-4.125692,-4.1663456
CN(C)C(=O)Nc1ccc(c(Cl)c1)n2nc(oc2=O)C(C)(C)C,-4.328,-4.553486,-5.40191,-5.121005,-5.121005,-5.1671724,-5.633796,-5.2367334,-4.133163,-4.4904313,-4.709442,-3.6550415,-3.6550412,-3.6231804,-4.15449,-3.6597562,-4.1969333,-4.215902,-6.291502,-5.695048,-5.695048,-5.632438,-5.9030457,-5.463111,-4.6894083,-3.7766292,-3.4804974,-4.2821684,-4.2821684,-4.297413,-3.5711734,-4.3350835,-3.8518562,-5.6667643,-5.4209685,-5.2034364,-5.203436,-5.2683306,-5.286835,-5.3984146,-4.9490275,-4.792113,-5.5113735,-4.9113803,-4.91138,-5.028398,-4.8679123,-4.9478693,-4.634828,-3.7267697,-6.8937874,-4.5643964,-4.564397,-5.784914,-4.0381145,-4.427924,-4.274424,-3.9169326,-3.8056858,-4.1277966,-4.1277966,-4.2281375,-2.9395037,-4.223891,-4.0516944,-4.332331,-4.3302298,-4.3882985,-4.388297,-4.374489,-4.0962663,-4.2167325,-4.323444
Oc1ccccc1Cl,-1.06,-1.5478102,-2.178971,-1.9948584,-1.9948581,-1.996211,-2.1776764,-2.0060644,-1.3835654,-1.0264453,-1.5455112,-1.0154755,-1.015476,-1.0170181,-1.1181725,-0.9793063,-1.4603677,-0.9967869,-1.6035222,-1.6688999,-1.6688999,-1.6713738,-1.6685537,-1.6867119,-1.1561028,-0.87023276,-1.3971045,-2.01039,-2.010389,-1.8987588,-1.4547398,-1.936902,-1.6991907,-1.5151963,-1.7736866,-1.7760196,-1.7760197,-1.7581598,-1.7394931,-1.7584409,-1.0391183,-0.65465534,-2.0713701,-2.0691936,-2.0691936,-2.0464287,-2.059367,-2.101275,-1.7121255,-1.3688834,-0.5500422,-0.7664437,-0.7664447,-0.9783944,-0.9072731,-0.8195137,-0.6804929,-0.74533236,-0.5854438,-0.98652583,-0.9865257,-0.99122995,-0.7256488,-1.009848,-0.70411086,-1.0675753,-1.2662544,-1.2381833,-1.238183,-1.22179,-1.3015882,-1.2099826,-1.1267108
CN(C(=O)COc1nc2ccccc2s1)c3ccccc3,-4.873,-4.5642023,-4.6883516,-4.4175467,-4.4175467,-4.296093,-4.60615,-4.1723037,-3.982773,-4.8629684,-5.7220373,-4.3817625,-4.381762,-4.2155585,-4.9620895,-4.325655,-4.44908,-3.9574094,-4.873067,-4.7401423,-4.7401423,-4.716669,-4.7819242,-4.6184855,-4.6140475,-4.191816,-4.183553,-4.8687487,-4.8687468,-4.5914373,-3.9186788,-4.602063,-4.129064,-4.184003,-4.4153543,-4.2898965,-4.289897,-4.2605343,-4.183243,-4.2750287,-4.4010615,-4.110978,-4.6141934,-4.677968,-4.677968,-4.4939632,-4.675682,-4.198353,-4.7455463,-4.176282,-4.2971444,-4.1546807,-4.154681,-4.3065343,-4.460359,-4.2210364,-3.963168,-4.428378,-4.434534,-4.59214,-4.59214,-4.6141624,-3.703083,-4.6443276,-4.4676175,-4.9912224,-4.7636166,-4.7975817,-4.7975817,-4.9223228,-4.625827,-4.862955,-4.8484855
c1ccsc1,-1.33,0.5318073,-1.7350206,-1.4241346,-1.4241343,-1.4272113,-1.4652585,-1.4215336,-0.24630561,-1.2243786,-0.80269426,-0.8301344,-0.8301343,-0.8323758,-0.7255433,-0.824728,-0.82717496,-1.7190536,-1.1118244,-1.1786336,-1.1786336,-1.1804364,-1.1607708,-1.1872622,-1.5157346,-1.0312715,-0.58516544,-1.3261136,-1.3261126,-1.2195174,-0.572779,-1.2750821,-0.9540374,-1.2146366,-2.2327335,-1.5515294,-1.5515296,-1.5446234,-1.4511619,-1.4808356,-0.69460285,-0.08727021,-1.884027,-1.8439022,-1.8439022,-1.8367215,-1.7983367,-1.9360821,-1.13477,-1.1959257,-1.87557,-0.58989626,-0.5898962,-1.7170354,-0.69484305,-0.61121494,-1.025911,-0.9375905,-0.79076475,-0.9710101,-0.9710101,-0.9690521,-0.7740362,-0.99566734,-0.884164,-1.298263,-1.6426989,-1.5593427,-1.5593426,-1.5577593,-1.7700137,-1.7662301,-1.4908675
CNC(=O)Oc1cccc(N=CN(C)C)c1,-2.34,-4.297132,-3.9186788,-3.904894,-3.9048944,-3.9160743,-4.3807106,-3.9137275,-3.451392,-2.5011716,-3.4755657,-2.5289404,-2.52894,-2.5094438,-3.0768595,-2.5580318,-2.8892438,-2.1976147,-3.480197,-3.286888,-3.2868876,-3.2701795,-3.1778371,-3.3604481,-2.4244082,-2.5687528,-1.914264,-2.6908207,-2.6908202,-2.587677,-2.0393612,-2.6376987,-2.4980807,-3.2193933,-3.6100385,-3.340469,-3.340469,-3.3896165,-3.4549704,-3.3975086,-2.770322,-3.7338395,-4.5189714,-4.1245246,-4.124525,-4.140343,-4.1459575,-4.209076,-4.0175,-2.4072006,-4.9365783,-2.5059178,-2.505918,-4.1210938,-2.4345574,-2.651792,-2.687546,-2.1430774,-2.3278267,-2.6978192,-2.6978192,-2.6878123,-1.8896254,-2.6897879,-2.4844728,-2.3210485,-2.3581996,-2.3626008,-2.3626008,-2.3557372,-2.2416663,-2.3879304,-2.270838
Clc1cccc2ccccc12,-3.93,-2.9720294,-2.5283103,-2.4943478,-2.4943478,-2.4872453,-2.7661383,-2.5117815,-2.4724298,-3.169974,-3.5672667,-3.593829,-3.5938294,-3.589421,-3.602837,-3.5312688,-3.658998,-3.5269039,-2.276125,-2.4533584,-2.4533584,-2.4561634,-2.4167082,-2.474362,-2.9117186,-3.8975563,-3.720053,-4.6876726,-4.687673,-4.558934,-3.5058706,-4.665437,-3.9069088,-2.7930498,-2.0881984,-2.3778872,-2.3778872,-2.3681777,-2.2953515,-2.3112574,-2.282853,-2.544999,-2.4339314,-2.537008,-2.5370078,-2.5199778,-2.5270746,-2.4816923,-2.1980383,-3.9517543,-5.522971,-3.4362576,-3.4362571,-5.3666377,-3.9583693,-3.4997997,-3.7189817,-3.5578525,-3.9539585,-4.05003,-4.05003,-4.062987,-3.6296048,-4.0721154,-3.8660033,-4.1939125,-4.2424207,-4.1488028,-4.1488028,-4.1516056,-3.9694328,-4.1559663,-4.0595055
CC(C)COC=O,-1.01,-1.5397621,-1.9956009,-1.5363657,-1.5363657,-1.5512938,-1.7720656,-1.5363045,-1.1771628,-0.76058,-0.8675417,-0.48410454,-0.48410472,-0.4792048,-0.47468498,-0.43390837,-1.0871154,-0.7506237,-1.3547732,-1.4176455,-1.4176453,-1.4184315,-1.3306668,-1.4440645,-0.8841098,-0.34961683,-0.69881755,-1.1252794,-1.1252784,-1.0678982,-0.8259953,-1.1649368,-1.3175665,-1.7159525,-1.8567141,-1.6227349,-1.6227348,-1.59643,-1.5713124,-1.5898602,-1.6505699,-2.1029382,-1.9461224,-1.3390616,-1.3390616,-1.2808824,-1.3982865,-1.4229976,-1.46195,-1.2413957,-1.0225655,-0.669414,-0.669415,-1.2117724,-0.8052377,-0.6930936,-0.77778655,-1.2136467,-0.565802,-0.95859766,-0.95859754,-0.9956392,-0.21293351,-1.0040385,-0.68814534,-1.1815646,-1.1559575,-1.0536036,-1.0536035,-1.0466187,-1.3471545,-1.3471535,-1.7253478
CC(Cl)CCl,-1.6,-1.2228492,-1.5011729,-0.87363833,-0.873638,-0.8628457,-1.1578887,-0.8654325,-0.8502933,-0.8747981,-1.0088615,-0.8978701,-0.8978699,-0.89711523,-0.93848485,-0.8774117,-1.1920968,-1.214673,-1.0376035,-1.0587312,-1.0587312,-1.0597746,-1.0489026,-1.0705796,-1.4085793,-1.5470382,-1.3653191,-1.9966397,-1.9966395,-1.9549165,-1.3603914,-2.0725052,-1.5676754,-1.6957495,-1.8592279,-1.5386363,-1.5386364,-1.5480926,-1.4467453,-1.5494915,-1.7664741,-1.7934704,-1.3188508,-1.0455782,-1.0455782,-1.0454121,-1.0571347,-1.0723037,-1.4771652,-1.8555253,-1.9389663,-1.6785957,-1.6785958,-1.5638934,-2.1671224,-1.8145592,-1.6743505,-1.298742,-1.2486044,-1.7537419,-1.7537416,-1.7645656,-1.2638267,-1.8015482,-1.4539503,-2.4146895,-1.9386342,-1.852627,-1.852627,-1.8275781,-1.7945977,-1.8641074,-1.9121217
ClC(Cl)C(Cl)Cl,-1.74,-2.1883233,-1.7162666,-1.4815934,-1.481593,-1.4529366,-1.8457346,-1.4294366,-1.3769892,-2.314548,-2.300378,-2.2683928,-2.2683928,-2.2712615,-2.276888,-2.2727072,-2.710461,-1.6620516,-1.0449038,-1.0159342,-1.0159342,-1.0180082,-1.0922012,-1.0277588,-1.6815567,-1.7246469,-1.5403415,-2.376263,-2.376264,-2.243491,-1.6071005,-2.365196,-1.6362534,-2.0356534,-4.234014,-2.5326116,-2.5326123,-2.5878441,-2.7764847,-2.8658779,-2.196282,-2.1822243,-1.4883664,-1.2815667,-1.2815669,-1.2857076,-1.3181869,-1.2967807,-1.3619711,-2.062124,-2.9997551,-2.6464462,-2.646446,-3.3541722,-3.3047178,-2.540914,-2.778767,-1.8532593,-2.5511856,-2.725835,-2.725835,-2.7295544,-2.2824132,-2.749826,-2.3488653,-2.912796,-2.002365,-1.843812,-1.8438118,-1.8339846,-2.2798905,-2.3088918,-2.6584902
CNC(=O)ON=C(SC)C(=O)N(C)C,0.106,-3.0156784,-3.5804791,-3.2718964,-3.2718964,-3.2852912,-3.5730243,-3.3119347,-2.5931702,-0.8917157,-1.8981518,-0.9504013,-0.9504012,-0.9512898,-1.2814628,-0.9581121,-1.6005585,0.085484676,-3.198675,-2.8968885,-2.8968883,-2.905803,-2.9544506,-2.8995404,-1.79627,-0.84034777,-0.67194605,-1.3252629,-1.3252621,-0.7671536,-0.54615134,-1.4429388,-1.1790019,-1.9706562,-3.196895,-2.9295044,-2.9295046,-2.9363222,-2.949429,-2.904534,-2.211761,-1.9941067,-3.5504866,-3.1153622,-3.1153622,-3.0829558,-3.108691,-3.1471858,-2.880545,-2.5396006,-3.4616196,-2.4954548,-2.4954543,-3.1494312,-2.568993,-2.58947,-2.407807,-0.0958421,-1.4858524,-1.9543577,-1.9543587,-1.8845961,-1.2807406,-2.0062854,-1.819074,0.0816147,0.12947391,0.04207144,0.04207138,0.0457882,0.19399863,0.033333577,0.09284819
ClC2=C(Cl)C3(Cl)C1C=CCC1C2(Cl)C3(Cl)Cl ,-5.64,-5.270467,-3.6146383,-4.289707,-4.2897077,-4.23221,-4.5523124,-4.148639,-5.3891077,-5.3514132,-5.036822,-5.220789,-5.220789,-5.218319,-5.2573533,-5.180129,-5.7099094,-5.662641,-5.7825446,-5.2766366,-5.276637,-5.2834907,-5.367461,-5.268383,-5.318555,-5.390571,-4.6819444,-5.722405,-5.7224054,-5.788497,-4.4613256,-5.7870517,-5.199115,-5.7245207,-3.6464765,-3.8552768,-3.8552773,-3.8174329,-4.095422,-3.8013813,-5.762584,-4.552586,-2.4939103,-2.7318444,-2.7318444,-2.6837368,-2.7416186,-2.7095435,-2.717346,-5.9854074,-4.233399,-5.0015297,-5.0015306,-4.492955,-5.4267144,-5.123542,-5.514748,-5.504426,-5.5203924,-5.907839,-5.9078383,-5.8560185,-5.0578356,-5.865886,-5.9493484,-5.635286,-4.9871645,-4.8842278,-4.8842273,-4.8570786,-4.732227,-5.12227,-5.330841
c2cnc1ncncc1n2,0.02,-1.6561989,-2.1616194,-1.93922,-1.9392198,-1.9489763,-2.143012,-1.9520116,-1.4128898,-1.0668132,-1.7644331,-1.0093626,-1.0093622,-1.0077535,-1.06953,-0.9963277,-1.3824451,-0.20135751,-1.2699646,-1.2939409,-1.2939409,-1.2950749,-1.2247199,-1.3172587,-1.035247,-0.6140838,-0.56988037,-1.4909683,-1.4909681,-1.3253288,-0.7241024,-1.4487474,-0.78038526,-1.5673554,-1.8586689,-2.0286381,-2.0286381,-2.037244,-1.8857119,-2.0836039,-1.0667506,-1.2846882,-2.3366652,-2.3749242,-2.3749247,-2.3564837,-2.3819826,-2.356417,-2.0556574,-0.8217281,-1.976524,-1.1682225,-1.1682228,-1.7078145,-1.3657162,-1.157356,-1.0853409,-0.45351142,-1.2124152,-1.4841756,-1.4841762,-1.4861444,-1.382959,-1.5201734,-1.3100271,0.053735454,-0.09966132,-0.10077309,-0.100773074,-0.12101016,0.04612506,-0.07756924,-0.073293716
O=C1NC(=O)NC(=O)C1(C)CC,-1.228,-1.9860737,-2.3140945,-1.8999397,-1.8999393,-1.8812141,-2.2588603,-1.869478,-1.779888,-1.8990471,-1.1948254,-1.1786143,-1.1786144,-1.1869683,-1.2180443,-1.1640582,-1.8488455,-2.07612,-2.4865758,-2.5362775,-2.5362778,-2.536617,-2.5279024,-2.5474634,-2.1665285,-1.3580542,-1.2482532,-1.6836768,-1.6836764,-1.758721,-1.3624291,-1.8150469,-1.5236233,-2.4816134,-2.4490457,-2.3393927,-2.3393927,-2.334119,-2.339037,-2.33819,-2.2768478,-2.2113967,-1.9060354,-1.5822066,-1.5822065,-1.5052743,-1.6230881,-1.5654329,-1.4369273,-2.0026126,-1.7631835,-1.4812143,-1.4812148,-1.7624862,-1.6273961,-1.6547124,-1.7445232,-1.8586576,-1.066185,-1.7293528,-1.7293522,-1.7272778,-0.6324275,-1.7648765,-1.2900944,-1.1912762,-1.2510108,-1.6199043,-1.6199048,-1.6326667,-1.2629341,-1.2743438,-1.1855066
Clc1cc(c(Cl)c(Cl)c1Cl)c2cc(Cl)c(Cl)c(Cl)c2Cl,-9.16,-8.117708,-5.8289647,-5.6362863,-5.6362867,-5.6435723,-6.0063715,-5.653146,-6.8527303,-9.398065,-8.851004,-9.261721,-9.26172,-9.241219,-9.077578,-9.180752,-9.071032,-8.7405615,-8.641076,-9.71386,-9.71386,-9.731332,-9.6435175,-9.78369,-9.2637,-9.342122,-9.457929,-9.914658,-9.914656,-9.78788,-9.16977,-9.948225,-8.54059,-10.362272,-6.9265723,-7.887387,-7.8873873,-7.9582567,-8.035025,-8.085587,-9.547555,-7.2843733,-4.2624903,-4.576747,-4.576747,-4.549438,-4.469625,-4.5321655,-5.34822,-9.642985,-6.0599074,-9.176279,-9.176279,-6.6798143,-9.566621,-9.181617,-9.040833,-9.365671,-9.794212,-9.978675,-9.978675,-9.915389,-8.493626,-9.974031,-9.780477,-9.078804,-8.776059,-8.895792,-8.895794,-8.8760195,-8.850913,-9.11226,-9.186814
c1ccc2c(c1)cc3ccc4cccc5ccc2c3c45,-8.699,-6.568784,-3.418297,-3.5523329,-3.5523326,-3.551579,-4.065281,-3.5977287,-5.338364,-7.1336226,-5.926284,-6.870209,-6.8702064,-6.7915382,-7.2343755,-6.824504,-6.739686,-7.8947954,-4.882179,-5.31763,-5.31763,-5.311437,-5.1053276,-5.3401957,-7.4720926,-8.099121,-7.2445254,-8.394342,-8.3943405,-8.305831,-6.8611007,-8.44209,-7.992946,-8.71155,-3.0328562,-3.6241844,-3.6241848,-3.6356432,-3.4526997,-3.6695518,-7.5198994,-4.6439743,-3.9018312,-4.229118,-4.2291174,-4.2195196,-4.184264,-4.139641,-4.767353,-7.77048,-7.3400035,-7.1549563,-7.154956,-7.9708843,-7.816378,-7.448499,-7.8376856,-7.955812,-7.284947,-8.220963,-8.220963,-8.160909,-6.606224,-8.160839,-8.529835,-8.691797,-9.124328,-8.910246,-8.910246,-8.911115,-8.679184,-8.865602,-8.609917
CCOc2ccc1nc(sc1c2)S(N)(=O)=O ,-3.81,-3.451006,-3.7549949,-3.6282423,-3.6282425,-3.6658874,-4.115845,-3.6981184,-2.9758093,-3.3540134,-3.5039814,-2.9518516,-2.9518516,-2.9305677,-3.228805,-3.000756,-3.0038965,-3.2542312,-4.060268,-3.869024,-3.8690238,-3.86393,-3.8377492,-3.9508443,-2.8198235,-2.9182396,-2.7728474,-3.290152,-3.2901511,-3.3183572,-2.6574442,-3.285395,-2.9471502,-3.87256,-3.303651,-3.0120156,-3.0120156,-3.056022,-3.130279,-3.0565615,-3.0265906,-3.9855056,-4.1750402,-4.092919,-4.0929193,-3.8092365,-4.140929,-3.8192356,-4.1582155,-4.134897,-3.637695,-3.6741292,-3.67413,-3.6543717,-3.7513375,-3.6501603,-3.7835202,-3.543241,-3.2803447,-3.4302158,-3.4302154,-3.3919854,-2.3986793,-3.4343565,-3.6581929,-3.7910562,-3.79809,-3.8316896,-3.8316894,-3.8256292,-3.6872597,-3.6867585,-3.7272727
Cc1ccc(cc1)N(=O)=O,-2.49,-2.3440037,-2.334579,-2.1656098,-2.1656096,-2.1901913,-2.4668517,-2.190749,-1.8882287,-2.1141326,-1.3349075,-1.5812922,-1.5812925,-1.5779173,-1.4877532,-1.5607812,-1.9324645,-2.026389,-1.8791901,-2.03918,-2.0391803,-2.0432737,-1.978284,-2.053275,-2.5013545,-1.8368013,-1.9026972,-2.5781088,-2.5781069,-2.5269005,-1.9451004,-2.5489938,-2.2894871,-2.1880467,-1.7756023,-1.4815425,-1.4815425,-1.5089352,-1.47079,-1.4984485,-1.6090004,-2.1246421,-2.8563175,-2.129562,-2.129562,-2.1317992,-2.0248816,-2.2251596,-1.526241,-2.4185214,-2.2308047,-2.2415116,-2.2415118,-2.4918761,-2.376439,-2.4156814,-2.161971,-2.2329016,-2.0258598,-2.2519617,-2.2519612,-2.2676468,-1.309156,-2.2958794,-2.2870283,-2.4803538,-2.3511634,-2.4271767,-2.4271767,-2.409863,-2.3936105,-2.416499,-2.4718194
CCCCCCCC(C)O,-2.74,-3.3370903,-3.0425968,-2.8480747,-2.8480744,-2.8718746,-3.2409472,-2.8787782,-2.4155169,-2.808127,-2.6445544,-3.2537668,-3.2537665,-3.2120197,-3.4357617,-3.2088745,-2.6974783,-2.3906937,-2.7741585,-2.8035572,-2.8035572,-2.80157,-2.6806865,-2.7944608,-3.2565908,-2.7352154,-3.107017,-3.6376839,-3.6376832,-3.424326,-2.8491042,-3.6284335,-3.6541862,-3.749906,-2.9166577,-2.7399035,-2.7399035,-2.7828994,-2.7391708,-2.7833865,-2.7041512,-3.2482738,-3.497499,-3.4074273,-3.4074273,-3.195303,-3.408398,-3.1266723,-3.552938,-3.271017,-3.6472168,-2.6605175,-2.660517,-3.485215,-2.8163142,-2.718205,-2.4755516,-2.7650533,-2.7747817,-3.4175415,-3.417541,-3.3995273,-2.1108453,-3.3479128,-3.3533096,-2.8292031,-2.5741017,-2.670178,-2.6701782,-2.6633148,-2.4804556,-2.7091856,-2.734163
CCOc1ccc(NC(N)=O)cc1,-2.17,-3.0138447,-3.1683598,-3.143222,-3.1432223,-3.1812925,-3.619868,-3.1916726,-2.5883505,-1.4023801,-3.1991646,-1.6791106,-1.6791102,-1.6345822,-2.1534307,-1.6376326,-2.4475045,-2.2399292,-2.7106397,-2.6486683,-2.6486683,-2.6480448,-2.6287577,-2.675199,-2.0419488,-2.020659,-1.5792539,-2.1130457,-2.1130447,-2.0864367,-1.5056261,-2.097451,-1.8948685,-3.167359,-2.7072537,-2.5198648,-2.5198646,-2.5729032,-2.6364725,-2.5762398,-2.2796273,-3.3917584,-4.4477167,-4.0127273,-4.0127273,-3.9447517,-3.929358,-4.028392,-3.8835533,-3.0456064,-2.9686449,-2.6207793,-2.6207793,-3.0879776,-2.798397,-2.6692548,-2.849353,-2.2563286,-2.4868193,-2.601283,-2.6012824,-2.568052,-1.7926805,-2.6308455,-2.5584729,-2.1219203,-2.1606593,-2.1270783,-2.127078,-2.1347194,-2.0418553,-2.1712072,-2.1631982
CCOC(C)OCC,-0.43,-2.2671218,-2.3701673,-1.8003926,-1.8003927,-1.8045366,-1.9526737,-1.8088561,-1.1872741,-0.34382957,-1.464716,-1.2869025,-1.2869027,-1.2527084,-1.3707122,-1.2007608,-1.8371441,-0.60929084,-1.6770513,-1.6982955,-1.6982956,-1.6969587,-1.5745846,-1.7398794,-1.0897621,-0.25012714,-0.428006,-0.86280656,-0.86280614,-0.7489242,-0.3651507,-0.7550203,-0.71010256,-1.0609343,-2.0185905,-1.7618212,-1.7618212,-1.7683868,-1.7390825,-1.7309979,-1.2538191,-1.4300781,-2.4338531,-2.5406945,-2.5406945,-2.4573717,-2.5827801,-2.4832835,-2.5085936,-0.79747134,-1.3264889,-0.4215484,-0.42154843,-1.0441874,-0.7385004,-0.35679597,-0.5398889,-0.43381482,-1.2421087,-1.7766901,-1.7766902,-1.8171575,-1.0973047,-1.79848,-1.4561585,-0.40244064,-0.33063385,-0.71819085,-0.71819097,-0.6558112,-0.47611368,-0.62749517,-0.78131384
CN(C)C(=O)Nc1cccc(c1)C(F)(F)F,-3.43,-3.6786335,-3.6996968,-3.5643876,-3.564387,-3.585154,-3.972035,-3.6195955,-3.1292799,-2.7022681,-0.87609965,-1.9518492,-1.9518493,-1.8833926,-1.7342904,-1.8692005,-1.1942855,-3.2210076,-3.593047,-3.5004392,-3.5004394,-3.495609,-3.5590577,-3.529611,-2.405265,-3.5076299,-3.1100092,-4.1586566,-4.158656,-3.9264448,-2.9979842,-3.9261992,-3.8163013,-3.8697407,-3.3001242,-3.0227554,-3.0227551,-3.0600371,-3.0254507,-3.0764325,-3.6618285,-4.931885,-3.6794882,-3.7513266,-3.7513268,-3.6966548,-3.7592258,-3.6839545,-4.159597,-3.2268786,-3.5112789,-3.022305,-3.022305,-3.3913841,-3.1828632,-3.062572,-3.0829592,-3.2913094,-2.4127662,-3.161766,-3.1617658,-3.1289697,-1.6811879,-3.1794376,-3.4357367,-3.3877091,-2.4240909,-2.3447094,-2.3447092,-2.3661516,-2.2171082,-2.2415276,-2.3015358
Cc1c2ccccc2cc3ccccc13,-5.89,-3.6052501,-2.9560308,-2.8433325,-2.843332,-2.8537006,-3.1958442,-2.8872612,-3.0159767,-5.043543,-4.4082236,-5.225082,-5.2250805,-5.1734037,-5.4272575,-5.1809206,-5.078179,-5.3438125,-3.702687,-3.8502517,-3.8502517,-3.848079,-3.7403095,-3.8651361,-4.994102,-5.685968,-4.8403726,-5.747801,-5.7478004,-5.6774254,-4.446031,-5.785444,-5.579717,-6.1135826,-3.454857,-2.951341,-2.9513414,-3.0314982,-2.7170935,-2.9848015,-5.173971,-4.2960367,-3.330266,-3.6643338,-3.664334,-3.6329384,-3.6534853,-3.6006842,-4.365383,-6.267597,-6.223867,-5.493365,-5.493365,-6.525237,-6.0963354,-5.6725307,-5.941111,-5.6810565,-4.961804,-5.8809843,-5.880986,-5.865971,-3.9572725,-5.838445,-6.014739,-5.8303185,-6.2173357,-6.123011,-6.12301,-6.119232,-5.7772117,-5.8740244,-5.8956556
ClC(Cl)=C(c1ccc(Cl)cc1)c2ccc(Cl)cc2,-6.9,-5.4309993,-4.9524393,-4.458847,-4.458848,-4.4483604,-4.8051767,-4.4655213,-4.1243377,-6.625698,-7.0878735,-6.8123417,-6.8123407,-6.763085,-7.02395,-6.7660627,-6.4298115,-6.055451,-5.0495057,-5.0272794,-5.02728,-5.0357337,-5.2407637,-5.015339,-5.508109,-6.5435576,-5.8752356,-6.6241846,-6.6241837,-6.554907,-5.4930415,-6.6070843,-5.695443,-6.984313,-5.6908937,-6.3224816,-6.322481,-6.3611155,-6.131821,-6.310937,-7.079547,-4.3613367,-4.111513,-4.784829,-4.784829,-4.7464843,-4.6699805,-4.856464,-5.1954093,-6.987497,-4.418821,-5.87606,-5.8760605,-4.7220564,-6.1971827,-6.511892,-6.0232363,-6.9221787,-6.5323,-6.966575,-6.9665747,-6.928826,-5.4271383,-6.9485745,-6.7781816,-6.8912325,-6.9181757,-6.9946556,-6.9946556,-6.9786406,-6.935932,-7.055705,-6.8866925
CC1CC2C3CCC4=CC(=O)C=CC4(C)C3(F)C(O)CC2(C)C1(O)C(=O)CO,-3.59,-5.2370973,-5.2268667,-4.7971888,-4.7971888,-4.824327,-5.20706,-4.8377614,-4.360713,-3.5947018,-3.7932365,-3.0553777,-3.0553772,-3.0286329,-3.4351964,-3.0409935,-3.5803943,-3.7419066,-2.5683558,-2.9811897,-2.9811895,-2.9709966,-2.9232686,-2.981016,-3.5451803,-4.2202477,-3.1582446,-3.5881648,-3.5881648,-3.7707243,-3.2881815,-4.0572248,-3.83944,-4.694371,-4.803839,-4.5939918,-4.5939918,-4.623392,-4.505391,-4.576164,-4.332359,-4.4063516,-4.4438915,-4.4017277,-4.401728,-4.2892475,-4.2744894,-4.371503,-4.7006383,-4.6540422,-3.972417,-4.310697,-4.310697,-4.215816,-4.693033,-3.9869924,-4.2885356,-3.798956,-3.4069805,-3.9922585,-3.9922585,-3.96468,-2.6589377,-3.9865777,-3.97449,-3.7824516,-3.6497536,-3.5724306,-3.572431,-3.5559287,-3.4689448,-3.2265315,-3.3130584
c1ccccc1n2ncc(N)c(Br)c2(=O),-3.127,-3.261477,-3.5104537,-3.2676995,-3.2676997,-3.2954316,-3.6607184,-3.340298,-2.690943,-3.8062387,-3.9762108,-3.310321,-3.3103218,-3.2772057,-3.3302865,-3.2873292,-3.58753,-3.0264916,-3.8579051,-3.6967113,-3.696711,-3.700165,-3.74105,-3.7222016,-3.2435799,-3.408725,-3.5414567,-4.107171,-4.10717,-4.0975647,-3.3107204,-4.0523396,-3.6303554,-3.582624,-2.884689,-2.7578762,-2.7578762,-2.7992043,-2.7452946,-2.8476546,-2.6955419,-3.641838,-3.3108778,-3.0852165,-3.0852165,-3.051244,-3.123058,-3.0639281,-3.1565845,-2.8724995,-2.938927,-2.7490225,-2.749023,-2.9986005,-2.9056094,-2.7995954,-2.5900638,-3.4593875,-3.2079308,-3.895833,-3.8958333,-3.9398909,-2.927332,-3.9651227,-4.4433813,-3.1304233,-1.9312593,-2.6988475,-2.6988475,-2.7944055,-2.5760193,-3.143683,-1.8430793
Cc1c(C)c2c3ccccc3ccc2c4ccccc14,-7.01,-4.342062,-3.8190727,-3.6402864,-3.6402867,-3.6467295,-4.018014,-3.698311,-3.5456643,-6.0247407,-5.1255503,-5.675608,-5.6756086,-5.629496,-6.192644,-5.639523,-5.508913,-6.751873,-4.9084086,-5.2673593,-5.2673593,-5.2563787,-5.2147484,-5.280623,-6.4009886,-7.306549,-6.3181624,-7.146804,-7.1468024,-7.1965876,-5.9444423,-7.259361,-6.720265,-5.844166,-3.169326,-3.031994,-3.031994,-3.0402546,-2.9216175,-3.069255,-3.7987545,-4.2641892,-3.8803449,-4.314508,-4.3145075,-4.3060937,-4.262068,-4.232317,-4.784917,-7.9060416,-6.8752913,-7.292452,-7.2924514,-7.433543,-7.6742535,-7.271606,-7.9609513,-6.469294,-5.3603153,-6.5347166,-6.5347166,-6.4807944,-4.2609982,-6.525438,-6.5830812,-6.9958944,-6.55861,-6.6882052,-6.688205,-6.675015,-6.6927724,-6.9375215,-6.987666
CC1(C)C(C(=O)OC(C#N)c2cccc(Oc3ccccc3)c2)C1(C)C,-6.025,-5.312889,-5.915471,-5.4759426,-5.475943,-5.5021086,-5.8225474,-5.5108976,-4.7078657,-4.4997234,-4.8435793,-4.073787,-4.0737863,-3.9917371,-4.6171846,-4.002301,-5.119289,-5.8957987,-5.3167872,-5.426,-5.426,-5.8333087,-6.1662655,-5.487811,-5.889515,-6.02575,-5.6228247,-6.0697193,-6.06972,-5.951869,-4.539391,-5.7818527,-6.4929075,-5.7444496,-6.044056,-5.7687354,-5.768735,-5.804846,-5.664013,-5.940869,-5.4747267,-5.6485744,-5.240493,-4.718241,-4.718241,-4.7155433,-4.7040143,-5.098775,-4.6977324,-5.4896975,-5.7742267,-5.1363864,-5.1363864,-5.6030736,-5.7490597,-5.537829,-5.0179014,-5.7043962,-4.6976943,-5.0029855,-5.002986,-5.0809274,-3.6635334,-5.0800505,-5.8263164,-5.9874663,-6.001971,-6.022271,-6.02227,-6.015236,-5.8425336,-6.1002507,-6.010651
Clc1ccccc1,-2.38,-1.158121,-2.0180063,-1.7547209,-1.7547204,-1.7749007,-1.9609327,-1.7625866,-1.1418208,-1.6519516,-1.6726551,-1.4435074,-1.443508,-1.4427814,-1.4281393,-1.4099145,-1.6362368,-2.1619554,-1.5088023,-1.6027693,-1.6027693,-1.604351,-1.58287,-1.622732,-1.7475808,-1.6587623,-1.911592,-2.5868363,-2.586835,-2.4549665,-1.8557737,-2.5277283,-2.1100051,-2.1696374,-2.040638,-2.131405,-2.131405,-2.096422,-2.1841714,-2.1017234,-1.3821214,-2.27488,-2.2007594,-2.2968562,-2.296856,-2.2345345,-2.2751257,-2.4396284,-2.1380758,-3.468349,-2.6398876,-2.8176503,-2.81765,-2.4334228,-2.9794106,-2.881154,-3.1516597,-2.3095613,-2.2703886,-2.3865335,-2.3865333,-2.390101,-2.11504,-2.390767,-2.2137077,-2.4388506,-2.6369438,-2.631949,-2.6319492,-2.635119,-2.633345,-2.6853256,-2.5263722
CN(C)C(=O)C,1.11,-1.140212,-1.8461838,-1.3057365,-1.3057361,-1.3028994,-1.3777763,-1.3044589,-0.8982897,0.5466598,-0.8655884,-0.13553475,-0.1355344,-0.13512316,-0.35349265,-0.0760999,-1.1476876,0.69921964,-1.3398968,-1.3723603,-1.3723603,-1.3733766,-1.3425772,-1.3949101,-1.1217238,0.47093454,-0.14489008,-0.4481878,-0.44818664,-0.43254852,-0.27569503,-0.41871747,-0.8550917,-1.234262,-1.6344508,-1.7137624,-1.7137626,-1.6878759,-1.5639608,-1.7182685,-0.56830764,-0.85894376,-1.6984643,-1.4814879,-1.4814878,-1.4901481,-1.4810082,-1.4895173,-1.1201353,0.4440941,-1.087832,0.4519492,0.45194912,-0.7590208,0.18495576,0.5292347,-0.02999283,0.6190658,-0.96951437,-1.0850434,-1.0850433,-1.113186,-0.6610404,-1.1063206,-0.98888063,0.07803579,-0.44220895,-0.47644562,-0.47644562,-0.46164113,-0.20423636,-0.22051501,-0.13314776
COc2ncc1nccnc1n2,-1.11,-3.0141902,-2.498305,-2.3810685,-2.381068,-2.3999524,-2.7137635,-2.4085612,-2.3104696,-1.4962906,-2.316919,-1.0611415,-1.0611416,-1.0368252,-1.3118116,-1.0402718,-1.7565584,-0.6757246,-1.7415044,-1.728646,-1.728646,-1.729548,-1.6241169,-1.7603083,-1.3905517,-0.74209213,-0.6513148,-1.5405651,-1.5405664,-1.4147998,-0.83105457,-1.570102,-0.8434767,-2.1189659,-2.0957103,-2.4803746,-2.4803748,-2.506582,-2.4735477,-2.4883268,-1.82904,-1.8826883,-3.1429663,-2.810731,-2.8107312,-2.7431703,-2.797783,-2.7278767,-2.849504,-1.7185898,-1.8302103,-1.9482125,-1.948213,-2.021595,-2.173745,-2.027372,-1.7381905,-1.177292,-1.6611221,-2.2298465,-2.2298465,-2.2256305,-1.2003046,-2.275181,-2.1584566,-1.1691735,-1.0446454,-1.268487,-1.2684872,-1.2818165,-0.99387735,-1.120452,-1.0779924
c3ccc2c(O)c1ccccc1cc2c3 ,-4.73,-4.6821213,-2.8348382,-2.8619554,-2.8619556,-2.8664002,-3.260566,-2.8941624,-3.6499598,-3.563523,-4.079054,-4.1820374,-4.1820364,-4.145015,-4.2582116,-4.1342773,-4.473746,-3.8387933,-3.2565212,-3.451467,-3.451467,-3.4528391,-3.3032868,-3.4544125,-4.19839,-4.5009184,-4.5266705,-5.5572824,-5.55728,-5.4355545,-4.2713065,-5.5441794,-5.1365743,-5.3149495,-2.4972417,-2.9977906,-2.9977906,-3.0090454,-2.8671737,-3.0446951,-4.75276,-4.7878194,-3.3688712,-3.670727,-3.6707273,-3.6354537,-3.651986,-3.6002831,-4.369457,-2.8374171,-3.0644958,-2.68136,-2.68136,-3.3775177,-2.8230224,-2.6878908,-2.423003,-4.845444,-4.771522,-5.1841736,-5.1841736,-5.1758513,-4.2433624,-5.176847,-5.0062246,-4.6946096,-4.451321,-4.5565977,-4.556598,-4.5577793,-4.435648,-4.6679726,-4.7328696
CCC(C)C,-3.18,-1.1545746,-1.6411414,-0.9914401,-0.9914398,-0.98969805,-1.2127974,-0.99184465,-0.67678493,-2.1453288,-1.1557959,-1.4992627,-1.4992623,-1.4894347,-1.4628326,-1.4787543,-1.6059452,-2.9824862,-1.4010977,-1.5406948,-1.5406948,-1.541178,-1.4621614,-1.5573999,-2.0065093,-2.725431,-1.3527352,-2.0259252,-2.0259247,-1.9639038,-1.3928078,-2.0275145,-1.8403871,-1.8230343,-1.6597639,-1.3861004,-1.3861004,-1.3142303,-1.3083854,-1.3609755,-1.2973202,-0.99162894,-1.6871146,-1.5213283,-1.5213283,-1.5271348,-1.4969295,-1.5357717,-1.093386,-3.4524255,-3.635667,-2.5859354,-2.585935,-3.0476885,-2.777587,-2.6909177,-2.8733592,-3.063778,-1.8709276,-2.407614,-2.4076138,-2.4211068,-1.6468564,-2.412609,-2.1094358,-2.154695,-2.1476836,-2.1059892,-2.1059892,-2.1221485,-2.1314254,-2.153707,-2.0764472
CCOC=C,-0.85,-0.42185163,-1.572768,-1.2685022,-1.268502,-1.3013122,-1.4862392,-1.2704731,-0.66816545,-0.11681523,-0.88339394,0.17423403,0.17423397,0.18176286,0.030850412,0.2130216,-0.83404493,-0.14872314,-0.99202764,-0.949919,-0.94991904,-0.9507819,-0.8603655,-0.96705496,-0.018440738,0.07004948,0.013968756,-0.3407099,-0.3407091,-0.29714462,0.049937602,-0.3252029,-0.53552026,-0.97034407,-1.7336835,-1.808878,-1.808878,-1.851056,-1.6795378,-1.8721924,-0.4492005,-0.35438985,-1.8154682,-1.2010988,-1.2010987,-1.2193216,-1.2520021,-1.2578584,-0.91469747,-1.3861396,-0.12192377,-1.0108781,-1.0108784,-0.3364312,-1.060109,-1.023172,-0.70739853,-0.48734468,-0.4040493,-0.7165038,-0.716504,-0.7385613,-0.22099642,-0.7348723,-0.50909775,-0.6968196,-0.24949317,-0.25636154,-0.25636154,-0.24005482,-0.36025485,-0.37642494,-0.47143897
Cc1ccc2cc3ccccc3cc2c1,-6.96,-4.568767,-2.9218068,-2.9872692,-2.9872694,-3.0094268,-3.4648268,-3.02864,-3.3604648,-5.1065664,-4.49081,-4.9415727,-4.941571,-4.88198,-5.192039,-4.9067707,-4.7612395,-6.209909,-3.5769455,-3.8126876,-3.8126874,-3.8082018,-3.627437,-3.847341,-5.6444182,-5.640063,-4.6752415,-5.8431807,-5.843179,-5.709883,-4.3252015,-5.8501315,-5.271748,-5.4819503,-2.4442248,-2.397566,-2.3975658,-2.4355361,-2.3764896,-2.4449146,-2.5943847,-5.3762374,-3.9328911,-4.210876,-4.2108765,-4.1874804,-4.161943,-4.068012,-4.8499656,-6.558478,-6.6202397,-6.367867,-6.3678675,-7.264495,-7.3166533,-6.8424106,-6.516449,-6.0889964,-4.7318554,-5.2864637,-5.2864637,-5.270081,-3.5126095,-5.263136,-5.403094,-6.8362656,-7.358572,-7.439469,-7.4394693,-7.439351,-7.6376543,-7.512089,-7.0007973
O=N(=O)c1cccc(c1)N(=O)=O,-2.29,-3.9093742,-2.6308355,-2.6085832,-2.608583,-2.6174068,-2.970384,-2.6358697,-2.9842505,-2.672143,-1.3692122,-2.5727777,-2.5727775,-2.582865,-2.4836354,-2.5652418,-1.8877133,-2.492026,-2.1622865,-2.2706206,-2.2706206,-2.2750843,-2.2771785,-2.3026412,-2.3781567,-2.6054416,-2.0740635,-3.057042,-3.0570407,-2.9656036,-2.1376822,-3.0398896,-2.4260495,-3.131371,-2.5337565,-2.3964648,-2.3964648,-2.3360364,-2.4188519,-2.352002,-2.4070091,-2.5879438,-2.484479,-2.6572871,-2.657287,-2.6250415,-2.6312373,-2.6346724,-2.429143,-2.8783069,-2.4001105,-2.9571025,-2.9571023,-2.6980715,-3.2149277,-3.0002935,-3.1149688,-2.4521508,-2.2343962,-2.5095549,-2.5095549,-2.5168946,-1.9499408,-2.5468974,-2.737262,-2.2390237,-3.0679646,-2.833822,-2.833822,-2.8488853,-2.8718426,-2.834187,-2.3895578
C1CCCC1,-2.64,-1.8333867,-1.4527302,-0.7536854,-0.7536848,-0.7375975,-0.94432884,-0.71277237,-0.8718891,-1.8122238,-0.84900343,-1.7882143,-1.7882144,-1.7813392,-1.7162852,-1.8227205,-1.1471887,-2.5120797,-1.2945918,-1.3582381,-1.358238,-1.3591381,-1.3526276,-1.3711159,-1.7746725,-1.7968109,-1.6204822,-2.3500972,-2.3500974,-2.3602006,-1.4879547,-2.4449365,-1.9257382,-2.367844,-1.3865544,-1.0434858,-1.0434859,-1.0491706,-0.9993246,-1.0379894,-0.58945334,-1.9751526,-1.5771651,-1.4115962,-1.4115962,-1.4188945,-1.4013046,-1.435981,-1.1338038,-2.8114781,-3.162587,-2.3134098,-2.3134093,-2.314546,-2.2985923,-2.2964914,-2.628953,-2.1748424,-2.1804018,-2.936181,-2.9361804,-2.906443,-1.9661707,-2.9043581,-2.5320404,-1.9695027,-1.2620469,-1.1414776,-1.1414776,-1.1372709,-1.4749858,-1.4605795,-2.3979042
CC(C)c1ccc(NC(=O)N(C)C)cc1,-3.536,-3.8762112,-3.6613996,-3.476014,-3.4760144,-3.529742,-3.9562695,-3.5690358,-2.6815403,-3.1329901,-4.3338485,-3.3308187,-3.3308177,-3.239568,-3.7116232,-3.2665524,-3.4382348,-2.7686515,-3.676871,-3.6217184,-3.6217186,-3.5946698,-3.5283966,-3.7478707,-2.5504875,-2.981916,-2.6619737,-3.3410554,-3.341055,-3.318239,-2.4922822,-3.3717892,-3.1180654,-3.85901,-3.6286347,-3.4190714,-3.4190717,-3.4784772,-3.3948967,-3.5229266,-3.2477868,-3.0529876,-4.013693,-3.7014186,-3.7014186,-3.7045257,-3.7400477,-3.7038176,-3.4670064,-3.6519923,-4.7857585,-3.7368357,-3.7368355,-4.5123305,-4.1767473,-3.711676,-3.528503,-3.0529487,-3.20421,-3.7661963,-3.7661958,-3.7101722,-2.673175,-3.7023668,-3.782253,-3.1004086,-2.9915936,-2.947519,-2.9475193,-2.9429688,-2.994722,-3.0074897,-3.0547266
CC(=C)C(=C)C,-2.4,-2.105086,-2.0007267,-1.3609935,-1.3609931,-1.3655655,-1.4395856,-1.3710504,-0.789733,-0.8492368,-1.5091407,-1.1627614,-1.1627606,-1.1601614,-1.3438932,-1.1041999,-1.8696448,-1.4305167,-1.4491442,-1.5121101,-1.51211,-1.5130129,-1.4669448,-1.5352082,-1.2621785,-1.7467798,-0.6011509,-1.3324864,-1.3324863,-1.2877601,-0.7528212,-1.3464863,-1.2200159,-2.0169024,-3.1895897,-1.9072406,-1.9072406,-1.983855,-2.0457704,-2.125581,-1.7950492,-1.660812,-1.841795,-1.7116721,-1.7116722,-1.7160628,-1.710339,-1.6921946,-1.3269778,-3.0966942,-3.842735,-2.645572,-2.6455717,-3.3308017,-2.9084496,-2.6210837,-2.936482,-1.5527375,-1.4923564,-1.7660469,-1.7660468,-1.790701,-1.1775124,-1.774816,-1.7896781,-2.7044451,-2.9452643,-2.8001716,-2.8001716,-2.7756305,-3.1483507,-3.1680212,-3.0682993
c1ccccc1C(O)c2ccccc2,-2.55,-2.6173387,-2.98196,-2.668471,-2.6684718,-2.687573,-3.0279436,-2.7038767,-2.1658285,-2.8302195,-3.598449,-3.352158,-3.3521576,-3.3000536,-3.4421113,-3.2933261,-3.608593,-2.7226248,-3.0272758,-2.9402673,-2.940267,-2.9414275,-2.9360316,-2.9495382,-2.4667099,-2.3257098,-2.9447613,-3.4047718,-3.4047723,-3.3993654,-2.7273812,-3.4336512,-3.1160865,-3.395303,-3.122735,-2.9664996,-2.9664993,-2.9907744,-2.8243797,-2.9899743,-3.01758,-2.8455975,-3.918719,-4.319655,-4.319655,-4.3061647,-4.1922917,-4.354224,-4.240654,-3.2676742,-2.6683023,-2.4761565,-2.4761572,-2.6032724,-2.550417,-2.482746,-2.4898274,-3.037055,-2.7474015,-3.2857454,-3.2857451,-3.218945,-2.047974,-3.2155635,-3.197076,-2.5099723,-3.4947748,-4.0441923,-4.0441914,-4.046497,-3.6142416,-4.0316324,-4.6277237
Oc1cc(Cl)c(Cl)c(Cl)c1Cl,-3.15,-4.7509923,-3.004684,-3.0754359,-3.075436,-3.0603085,-3.449016,-3.0985372,-4.158549,-3.9206185,-3.0440795,-3.9742017,-3.9742017,-3.9860046,-3.958633,-3.9264667,-4.23808,-3.240537,-3.2396426,-3.203433,-3.2034328,-3.210702,-3.2175622,-3.222382,-3.7121305,-3.6842773,-3.9918752,-4.932019,-4.9320173,-4.7691026,-3.8909404,-4.848134,-4.18815,-4.1230826,-2.8399246,-3.3917139,-3.3917136,-3.3626275,-3.520979,-3.048496,-3.5498586,-2.8979926,-2.9297547,-3.1102655,-3.1102655,-3.086695,-3.1183708,-3.164848,-2.9031062,-1.7220562,-0.7367176,-1.132872,-1.1328719,-1.1595591,-1.2567703,-1.2077893,-0.9375424,-3.0276613,-3.538877,-3.8231924,-3.823192,-3.831015,-3.1663313,-3.8334827,-3.827591,-3.2215486,-3.4873407,-3.4527218,-3.4527218,-3.439414,-3.2180874,-3.2467802,-3.2598698
OCc1ccccc1,-0.4,-0.8138561,-2.1412144,-1.7240647,-1.7240646,-1.7427974,-1.8769667,-1.7428911,-1.0116887,-1.0523685,-1.5126908,-0.9838951,-0.9838952,-0.9805962,-1.052897,-0.9336644,-1.6177229,-0.4636694,-1.3454298,-1.37628,-1.3762801,-1.3765042,-1.2717601,-1.4074249,-0.24940163,-0.059475433,-0.97763574,-1.5661167,-1.5661165,-1.4398967,-1.0752866,-1.5118599,-1.3614197,-1.552402,-1.8540533,-1.5750154,-1.5750153,-1.4328874,-1.586108,-1.4601682,-1.625867,-1.2824771,-2.1690855,-2.1578898,-2.1578898,-2.1504922,-2.160892,-2.1389565,-1.6949039,-0.90484047,-1.4179441,-0.5849454,-0.58494484,-1.3586519,-0.6856692,-0.5777406,-0.71964353,-0.14609246,0.8209775,0.31470624,0.31470567,0.29203913,1.2965572,0.30925614,0.45256636,-0.3716941,-1.0585493,-1.4446738,-1.4446738,-1.4262584,-0.8998597,-0.8935958,-0.6437635
C1c2ccccc2c3ccc4ccccc4c13,-6.68,-5.347766,-3.116807,-3.2102845,-3.2102845,-3.2260084,-3.7068343,-3.2559764,-3.9475796,-6.171855,-5.213914,-5.9052105,-5.9052095,-5.8534794,-6.1931906,-5.8876534,-5.6735353,-6.3101616,-3.8117402,-3.85991,-3.8599098,-3.8545258,-3.7974062,-3.859815,-5.246823,-6.4945884,-6.0409985,-6.5582247,-6.5582223,-6.57451,-5.3822923,-6.5554175,-6.430209,-7.2103753,-2.7244651,-3.2919075,-3.2919075,-3.319821,-3.1465712,-3.3522236,-5.930599,-5.806415,-3.9505696,-4.379084,-4.3790846,-4.362285,-4.3120694,-4.241013,-5.0928907,-7.178102,-6.921865,-6.7791743,-6.779175,-7.5998755,-7.653446,-7.2015576,-7.022686,-6.734482,-6.501724,-7.1319866,-7.131987,-7.1145105,-5.125846,-7.1126,-7.202011,-6.7135787,-6.5310464,-6.493582,-6.4935822,-6.492717,-6.4881377,-6.6215286,-6.686336
CC34CCC1C(=CCc2cc(O)ccc12)C3CCC4=O,-5.282,-3.9944215,-3.8331406,-3.5508218,-3.550822,-3.5795345,-3.9644933,-3.602658,-3.4417794,-4.058103,-4.261751,-4.302205,-4.302205,-4.2298546,-4.583918,-4.221525,-4.5247636,-4.753606,-4.2211823,-4.2740645,-4.274064,-4.2441897,-4.427062,-4.30801,-4.4437923,-4.39318,-3.8506787,-4.268607,-4.268607,-3.6725905,-3.0930874,-3.9604683,-4.2929945,-3.9750457,-3.5216715,-3.288615,-3.288615,-3.3249085,-3.2421942,-3.3126533,-3.202012,-3.5649464,-3.8789802,-3.231659,-3.231659,-3.1860938,-3.1281872,-3.3878894,-2.8129873,-4.5624323,-4.2125306,-3.83975,-3.8397498,-4.3629007,-4.1525116,-3.5981586,-3.665769,-4.471049,-4.4528317,-5.083376,-5.0833755,-5.0503554,-3.6478598,-5.1389985,-5.084365,-5.2767553,-4.099854,-4.094287,-4.0942864,-4.0041523,-3.8014665,-3.6827788,-4.4996758
CBr,-0.79,-0.1287554,0.056430705,0.7352279,0.7352274,0.73973346,0.1685165,0.70499253,0.7254698,-0.47038227,0.29459488,-0.80465287,-0.80465305,-0.8035662,-0.74875283,-0.77406436,-0.005931802,0.2786212,-1.1099674,-1.081881,-1.0818812,-1.0828902,-0.9964856,-1.0969027,-1.3196452,-0.34815156,-0.07311556,-0.5567345,-0.5567338,-0.5111035,-0.112084515,-0.52306485,-0.53909624,-1.1095892,-1.642002,-1.4689139,-1.4689139,-1.5043067,-1.106773,-1.4905134,-0.73176515,-0.20292301,-0.9782834,-0.52092916,-0.52092916,-0.55438876,-0.5786026,-0.57599974,-1.1992701,-0.7782711,-1.4545004,-1.016039,-1.0160391,-1.09104,-1.0279596,-1.1335092,-1.0798424,-0.84036523,-0.8272466,-0.96025246,-0.96025264,-0.959887,-0.5474103,-0.97707546,-0.7787497,-1.3977565,-1.3351012,-1.3312446,-1.3312446,-1.3307505,-1.5162218,-1.5310351,-1.1113682
Clc1ccc(cc1Cl)c2cc(Cl)c(Cl)c(Cl)c2Cl ,-7.82,-6.1246023,-5.059203,-4.806315,-4.8063145,-4.82286,-5.2440352,-4.8756423,-4.7848434,-7.692546,-7.699482,-7.720382,-7.7203817,-7.6870766,-7.646079,-7.6318164,-7.692794,-7.519841,-6.6897354,-7.090655,-7.090655,-7.1116576,-7.0767913,-7.078051,-8.001907,-7.9736037,-7.737868,-8.525185,-8.525183,-8.383714,-7.4213505,-8.491798,-7.699981,-7.450841,-3.999044,-4.128198,-4.128198,-4.1582108,-4.0203123,-4.2630982,-6.844916,-6.6578817,-4.171032,-4.404127,-4.404127,-4.3689857,-4.2957706,-4.3937345,-5.121026,-8.933271,-5.679199,-8.470074,-8.470075,-6.274501,-8.88277,-8.447912,-8.629457,-7.568015,-7.8176117,-8.136255,-8.136255,-8.078469,-6.904159,-8.10305,-7.8794293,-7.7058015,-8.123317,-8.005138,-8.005139,-8.007832,-7.791092,-7.9992046,-7.8472013
COP(=S)(OC)Oc1cc(Cl)c(Cl)cc1Cl,-5.72,-4.937267,-4.3109365,-3.9784403,-3.97844,-3.9106014,-4.209438,-3.792345,-3.8185,-5.127702,-4.455101,-4.651412,-4.6514106,-4.625168,-4.597716,-4.5918627,-4.5261273,-5.630479,-4.6619263,-4.192329,-4.192329,-4.2010245,-4.2635474,-4.183221,-4.0126305,-5.5281577,-5.021153,-5.8018584,-5.801858,-5.615143,-4.5513024,-5.8067336,-5.729013,-4.555234,-3.5701866,-3.4953496,-3.4953494,-3.5047975,-3.3197799,-3.537445,-4.5096507,-2.840824,-3.331212,-3.6629777,-3.662978,-3.575132,-3.6894114,-3.6441698,-4.2067847,-2.6267745,-3.1082394,-2.1905215,-2.1905217,-3.0546422,-2.6765735,-2.3011403,-2.3380923,-5.178201,-4.7101827,-5.4979763,-5.497976,-5.6717587,-3.8864167,-5.732336,-5.7989492,-5.72455,-5.798367,-6.0094614,-6.009461,-6.0398145,-5.6745377,-5.671321,-5.739458
NC(=S)N,0.32,0.43969554,-1.7371452,-1.3691431,-1.3691431,-1.3760135,-1.4136152,-1.368537,-0.2979416,0.4150973,-0.11269909,0.5298569,0.5298566,0.531767,0.35135075,0.5507839,-0.21702042,1.1056559,-0.87538826,-0.83314025,-0.83314025,-0.8337273,-0.7663331,-0.84760594,0.06596375,0.83726895,0.123129785,-0.2140522,-0.21405129,-0.11935115,0.13642621,-0.13324922,-0.47298658,-0.29737052,-2.2275875,-1.5390705,-1.5390705,-1.5276719,-1.6844862,-1.4731001,-0.14054409,0.106279574,-1.3751526,-1.0154753,-1.0154753,-1.0504851,-0.9538081,-1.0395689,-0.69226336,1.3426173,-0.037435308,0.6875636,0.6875627,0.43053514,0.45887348,0.67336184,0.4659363,-0.14460541,-0.19761084,-0.29222608,-0.29222614,-0.30613014,-0.09010537,-0.32081568,-0.3534875,0.37035644,-0.24019839,-0.3097285,-0.3097285,-0.31165907,-0.19230646,-0.00033044443,0.079289705
Cc1ccc(cc1N(=O)=O)N(=O)=O,-2.82,-3.5214133,-2.8337026,-2.7037663,-2.7037663,-2.7101831,-3.0109406,-2.739099,-2.8461409,-2.9338279,-1.5859518,-2.6385896,-2.6385899,-2.6337087,-2.4336057,-2.6291726,-2.5441337,-2.7076235,-2.5493333,-2.6539884,-2.6539884,-2.6609821,-2.6429846,-2.6711125,-2.8974965,-2.7834632,-2.2810116,-3.168919,-3.1689193,-3.1344776,-2.2690613,-3.1643326,-2.560583,-3.5131478,-2.1604903,-1.9245983,-1.9245985,-1.9384512,-1.9417553,-1.9581012,-2.5594378,-2.173439,-2.4808848,-2.4910283,-2.4910283,-2.3733935,-2.5282037,-2.428816,-2.5245457,-3.2151408,-2.59213,-3.2640734,-3.2640736,-2.9248698,-3.509719,-3.3015223,-3.457995,-2.6442354,-2.912304,-3.2143888,-3.2143886,-3.2397916,-2.3473697,-3.2923183,-3.1382465,-2.8010476,-2.8559446,-2.8448603,-2.8448606,-2.8526604,-2.849515,-2.857716,-2.7972827
Nc1nccs1 ,-0.36,-0.18668813,-1.8681302,-1.5567713,-1.556771,-1.5612695,-1.6379917,-1.5590775,-0.5534435,-0.32078636,-0.8134895,-0.019596647,-0.019596942,-0.015497442,-0.045506597,-0.011746734,-0.35869437,0.6553908,-1.1001725,-1.1382264,-1.1382263,-1.1398387,-1.0990719,-1.1514877,-0.7919138,-0.41790444,-0.40857017,-1.090599,-1.0906003,-0.99860597,-0.46705028,-1.0426874,-0.90142417,-0.29834628,-1.6810641,-1.780907,-1.7809074,-1.7833744,-1.5132389,-1.8610574,-0.10855332,-0.43778986,-2.0520716,-1.9338012,-1.9338013,-1.9491711,-1.9111371,-1.9230725,-1.059011,0.21128435,-0.5320355,-0.24648884,-0.2464892,-0.31851327,-0.27733487,-0.32091805,-0.05927959,-0.21814159,-0.38905543,-0.53479177,-0.5347919,-0.5372652,-0.45070982,-0.56301725,-0.4849566,-0.31458247,0.7139522,0.69299203,0.69299203,0.70268404,0.882873,1.1635066,0.8804069
CC12CCC(CC1)C(C)(C)O2 ,-1.64,-2.055204,-2.1543639,-2.2641659,-2.2641656,-2.238613,-2.7156496,-2.2058184,-1.0799493,-2.305918,-2.2414386,-3.2093155,-3.2093155,-3.195543,-3.1601124,-3.181329,-2.5159812,-1.6816761,-3.2367404,-3.3147757,-3.3147755,-3.3097532,-3.2260606,-3.33292,-3.4748788,-1.613274,-2.6162229,-3.058125,-3.0581253,-3.1852186,-2.6650124,-3.248142,-2.9064057,-1.8478549,-2.7152126,-2.5398746,-2.5398743,-2.5217257,-2.6482303,-2.5227268,-1.6133243,-2.6867728,-2.246025,-2.346983,-2.3469832,-2.3264742,-2.358085,-2.3262925,-2.100938,-1.8895197,-1.8045098,-1.1742797,-1.1742797,-1.4154595,-1.616113,-1.2124964,-1.3363829,-2.19876,-3.8970692,-4.719389,-4.719389,-4.675843,-3.6683557,-4.6839614,-3.7301764,-1.5794613,-1.3668685,-1.464911,-1.4649109,-1.4626777,-1.3957239,-1.4807755,-1.5523814
CCOP(=S)(OCC)Oc1cc(C)nc(n1)C(C)C,-3.64,-4.2376585,-4.6820393,-4.378527,-4.3785276,-4.371168,-4.6569867,-4.3514442,-3.6609666,-2.8827624,-3.5033574,-3.0248885,-3.0248876,-2.9813337,-3.4707494,-3.0529323,-3.3325338,-3.7593918,-4.553871,-4.4504538,-4.4504538,-4.4022703,-4.525105,-4.647332,-4.374875,-4.1013975,-4.0856595,-4.641557,-4.6415567,-4.706119,-4.022412,-4.9034953,-4.457925,-3.9926658,-4.9475145,-4.553186,-4.553186,-4.5239267,-4.502053,-4.5195374,-3.735186,-3.851832,-4.476886,-4.709578,-4.709578,-4.5119023,-4.7205935,-4.7793274,-4.526793,-4.075669,-5.038576,-3.8143532,-3.8143532,-4.5870247,-4.2330136,-3.8809574,-3.776439,-3.4640794,-3.8643904,-4.1747775,-4.174778,-4.136478,-3.2870014,-4.1894736,-4.049996,-3.6879451,-3.6053944,-3.497017,-3.497017,-3.543227,-3.5045383,-3.7201214,-3.6783621
Cc1ccc(C)c(C)c1,-3.31,-1.4337021,-2.300261,-1.9166276,-1.9166276,-1.9250381,-2.073391,-1.9412518,-1.4580628,-2.3816168,-2.0930226,-2.6711323,-2.6711326,-2.6589682,-2.6354313,-2.6288164,-2.745085,-2.7124534,-2.0616443,-2.2176287,-2.2176285,-2.2183216,-2.154433,-2.2412753,-2.7861438,-2.3421497,-2.0669925,-2.7379212,-2.7379203,-2.6610086,-1.9590157,-2.7272317,-2.351262,-2.1609178,-1.7873539,-1.4975897,-1.4975898,-1.509531,-1.4385843,-1.4995204,-1.3170495,-2.0929804,-2.19154,-1.8190825,-1.8190826,-1.8100264,-1.8615859,-1.8532513,-1.6931441,-3.587918,-4.719843,-3.65498,-3.6549802,-4.5187545,-4.0808554,-3.895156,-3.8343825,-2.5172899,-2.6646786,-3.3437257,-3.343726,-3.368678,-2.2258737,-3.3090625,-3.0914223,-4.17603,-4.2356586,-4.007588,-4.0075874,-4.0077996,-3.9659624,-3.9263885,-4.0903416
COP(=O)(OC)C(O)C(Cl)(Cl)Cl,-0.22,-3.2682004,-3.037347,-3.027938,-3.0279377,-3.0132263,-3.2856154,-2.9842315,-2.4979646,-0.97443354,-2.1462123,-1.2964487,-1.296449,-1.2987018,-1.4490213,-1.3573713,-1.5386423,-0.49043995,-2.6113703,-2.122454,-2.1224537,-2.1278222,-2.5459745,-2.1550007,-0.20702694,-1.0233463,-1.5874265,-2.134697,-2.1346962,-2.0648859,-1.5908858,-1.9523304,-1.992317,-1.8292599,-2.8796685,-2.7256901,-2.7256901,-2.7287092,-2.716782,-2.667362,-2.736478,-1.6571901,-2.445849,-2.699081,-2.699081,-2.6636186,-2.7070992,-2.670721,-2.6486194,-1.4466568,-1.9221226,-1.0310955,-1.0310956,-1.6177526,-1.3741236,-1.1357312,-1.4227285,-1.0363573,-1.4158367,-2.2285223,-2.2285216,-2.1445765,-0.9191211,-2.180491,-1.0362604,-0.20943753,-2.468455,-1.7337723,-1.733772,-1.672847,-1.2362814,-1.79364,-2.2794096
CCCOCC,-0.66,-1.5810091,-1.9746292,-1.5902421,-1.5902421,-1.6090512,-1.8730958,-1.5968692,-1.0507332,-0.85576075,-0.92632324,-1.313449,-1.3134489,-1.2961152,-1.1922945,-1.2506368,-1.373044,-0.6564641,-1.4133509,-1.4568025,-1.4568024,-1.4571629,-1.3617337,-1.4860103,-0.8938825,-0.7422451,-0.646726,-1.1289886,-1.1289883,-1.0560144,-0.64234436,-1.1097641,-1.0616993,-1.4462279,-1.9531499,-1.7173784,-1.7173783,-1.7376812,-1.6119727,-1.6943074,-1.3607024,-1.5369866,-2.5050426,-2.5890136,-2.5890133,-2.526338,-2.5399613,-2.450347,-2.2417839,-1.3437341,-0.91045946,-0.70693725,-0.7069374,-0.6842807,-0.9429269,-0.69859576,-0.7327181,-0.8256442,-1.4414994,-2.025764,-2.025764,-1.9599082,-1.2631961,-1.9931602,-1.5142238,-0.64657634,-0.14946984,-0.18318778,-0.18318775,-0.25110805,0.11550292,-0.22652578,-0.15127367
Cc1ccc(O)c(C)c1,-1.19,-1.5352939,-2.2683368,-1.931544,-1.931544,-1.9391418,-2.096304,-1.9534589,-1.4963226,-0.99199927,-1.7319169,-1.4033682,-1.4033684,-1.3995625,-1.4703228,-1.3593776,-1.891364,-0.8595025,-1.7937306,-1.9279747,-1.9279747,-1.9291006,-1.8532938,-1.952084,-1.592562,-0.73819506,-1.246111,-1.7956755,-1.7956734,-1.6969528,-1.3395535,-1.7514138,-1.719576,-2.1746573,-1.6943117,-1.3809247,-1.3809246,-1.3901701,-1.305021,-1.3732631,-1.3256549,-2.6669178,-2.3860064,-2.4730463,-2.4730468,-2.4481096,-2.4836311,-2.4395306,-2.295614,-1.6818384,-1.6882987,-1.4831758,-1.483176,-2.190686,-1.6057861,-1.4904454,-1.42313,-1.2361275,-1.1559933,-1.6470071,-1.6470072,-1.6752692,-0.94363576,-1.6517372,-1.4984884,-1.2717768,-1.2447197,-1.3069128,-1.3069128,-1.2952825,-1.244743,-1.2204279,-1.2668355
Cn1c(=O)n(C)c2nc[nH]c2c1=O,-1.39,-2.5285337,-2.644828,-2.5064058,-2.5064056,-2.4951334,-2.7374325,-2.5195215,-2.5279386,-1.3052517,-1.3886105,-0.79032046,-0.79032016,-0.7957766,-1.0103033,-0.8339626,-1.3885814,-1.5589824,-2.5264385,-2.350805,-2.3508048,-2.3485458,-2.3850029,-2.4050283,-1.666387,-1.5539267,-1.395347,-2.275276,-2.2752757,-2.2014556,-1.4729236,-2.2327795,-1.5022428,-1.7258284,-1.886377,-1.7671862,-1.7671859,-1.7659622,-1.7554111,-1.7518193,-1.7707894,-1.4260995,-2.7163498,-2.9418576,-2.9418576,-2.9151769,-2.9920323,-2.8978977,-3.1858923,-1.653466,-2.3930867,-1.4879661,-1.4879658,-2.0342016,-1.8263422,-1.590293,-1.7068126,-1.4638565,-0.87884986,-1.364163,-1.3641632,-1.3805677,-0.57634705,-1.389148,-1.0395684,-1.4628838,-1.3004373,-1.3225365,-1.3225368,-1.3276727,-1.283954,-1.3960656,-1.3330497
CC(C)CC(C)(C)C,-4.74,-1.8468949,-2.0920475,-1.6474571,-1.6474571,-1.6503313,-1.9602264,-1.6540151,-1.1720872,-3.0397782,-1.3656845,-2.3298173,-2.3298168,-2.3166912,-2.0308943,-2.2969346,-1.7807515,-4.06649,-2.3823223,-2.5691812,-2.569181,-2.575628,-2.4866383,-2.5499623,-3.527506,-4.4309106,-2.6033988,-3.636589,-3.6365883,-3.6863492,-2.7170563,-3.6500812,-3.5986664,-2.8188972,-2.2116616,-1.9629828,-1.9629829,-1.9766395,-1.8806205,-1.9509944,-1.8560518,-2.2058501,-2.0910296,-2.071133,-2.0711331,-2.050699,-2.0286448,-2.0681782,-1.716487,-4.339412,-4.4375324,-3.77232,-3.7723198,-4.1440043,-4.219078,-4.027737,-3.8380911,-3.9857032,-2.532422,-3.4482574,-3.4482563,-3.4548135,-2.1194844,-3.4115698,-3.273513,-3.446279,-1.717396,-1.6165994,-1.6165994,-1.6096778,-1.9517454,-1.9338919,-2.4303653
Ic1cccc2ccccc12,-4.55,-4.060628,-2.6669664,-2.6021097,-2.6021094,-2.6078854,-2.9571552,-2.6293008,-2.9227233,-4.3182993,-5.1459274,-5.700356,-5.700356,-5.688368,-5.723745,-5.637388,-5.1999846,-4.1711416,-3.022532,-3.115422,-3.1154218,-3.1201427,-3.168958,-3.136791,-4.053803,-3.7343307,-3.0882726,-4.233167,-4.233167,-4.027947,-2.8653152,-4.093655,-2.9438093,-4.715308,-2.3434741,-2.4452677,-2.4452677,-2.432719,-2.4492984,-2.4270098,-4.362732,-3.888019,-2.3353615,-2.4154096,-2.4154096,-2.3797,-2.4770997,-2.4015596,-2.6409905,-4.4934187,-5.530291,-3.9764423,-3.976443,-5.362874,-4.356511,-4.1104703,-4.307007,-4.2432647,-5.3451357,-5.501469,-5.501469,-5.563281,-4.991067,-5.530463,-5.170982,-4.1939125,-4.2424207,-4.1488028,-4.1488028,-4.1516056,-3.9694328,-4.1559663,-4.0595055
CC(C)I,-2.09,-0.68614566,-1.2598796,-0.36977917,-0.3697788,-0.37581223,-0.51764846,-0.39036754,-0.38847214,-2.2029207,-1.3931015,-1.6782976,-1.678298,-1.6731002,-1.5556738,-1.6882887,-1.7498496,-2.5253365,-1.5501022,-1.6008846,-1.6008844,-1.6042478,-1.6271571,-1.6204804,-2.3750896,-1.3269236,-0.5412188,-0.952298,-0.95229626,-0.91312677,-0.6626414,-0.91769165,-1.0760536,-2.1422477,-2.5117946,-1.1693461,-1.1693462,-1.2097225,-1.0776511,-1.1862593,-0.1986824,-1.9088043,-1.2271945,-0.9868343,-0.9868342,-0.97329885,-1.0259919,-1.0103898,-2.0552363,-2.6287885,-3.2478225,-2.2570796,-2.2570796,-2.6124964,-2.3231936,-2.4079452,-2.5199587,-2.017745,-1.8320763,-2.294325,-2.2943254,-2.3189287,-1.722114,-2.3474333,-2.405262,-1.9695027,-1.2620469,-1.1414776,-1.1414776,-1.1372709,-1.4749858,-1.4605795,-2.3979042
CCCCBr,-2.37,-1.8107407,-1.5238175,-1.0990956,-1.0990953,-1.0898525,-1.3723687,-1.0556468,-1.2408011,-1.9098905,-1.6943926,-1.8395652,-1.8395653,-1.8353145,-1.7907614,-1.8140314,-1.8105505,-2.231543,-1.6860286,-1.7693186,-1.7693186,-1.7724068,-1.6382679,-1.7762564,-2.6239958,-2.3256383,-1.3144457,-1.761065,-1.7610645,-1.7894696,-1.3686059,-1.8982681,-1.7018744,-3.0601642,-2.0867589,-1.935226,-1.9352261,-1.8835855,-1.63203,-1.8513552,-2.1070592,-1.6289037,-1.9034996,-1.6792837,-1.6792837,-1.5852453,-1.6640792,-1.403973,-1.4048619,-2.7229543,-2.6467507,-2.5873458,-2.587346,-2.233029,-2.9453816,-2.762451,-2.8436842,-2.2902627,-2.2910929,-2.6183133,-2.618313,-2.686473,-2.075408,-2.719839,-2.337406,-2.0892804,-2.574543,-2.7298512,-2.7298515,-2.7191706,-2.462666,-2.7610755,-2.1776524
CCCCCC(C)(C)O,-1.72,-2.404504,-2.582992,-2.3294485,-2.329449,-2.3490095,-2.672378,-2.344336,-1.9605273,-1.6180073,-1.756321,-2.2553835,-2.2553837,-2.2413101,-2.1524918,-2.1921313,-2.1581202,-2.0014763,-2.5543668,-2.6485898,-2.6485898,-2.656633,-2.5609634,-2.6187541,-2.9338667,-1.8117081,-2.3255806,-2.9131646,-2.9131646,-2.537359,-2.2249768,-2.5668895,-2.7941787,-3.3657334,-2.5653856,-2.3982816,-2.3982816,-2.4336197,-2.3514614,-2.4223168,-2.2883677,-2.199039,-2.6631932,-2.2876058,-2.2876058,-2.220975,-2.3096616,-2.302209,-2.2647514,-2.3627534,-2.8828027,-1.7493316,-1.7493317,-2.6983178,-2.0152886,-1.7784486,-1.8751478,-1.6262871,-1.7445334,-2.5209026,-2.5209024,-2.3792691,-1.3381068,-2.3620906,-2.3172357,-1.608681,-1.6551384,-1.3523314,-1.3523314,-1.3845608,-1.586319,-1.6095556,-1.5715302
NC(=O)N,0.96,0.86347705,-1.675987,-1.4087808,-1.4087808,-1.4106607,-1.4463089,-1.4043956,-0.14354897,1.1895291,0.24022982,1.3207272,1.3207271,1.3234458,0.8841012,1.3492842,0.121078335,0.8438326,-0.861503,-0.8171028,-0.8171028,-0.8177026,-0.7480303,-0.8314395,0.12488923,0.6936707,0.3135038,-0.06195095,-0.06195005,0.040702637,0.38932982,0.029187799,-0.2616733,0.33362573,-2.0048587,-1.372789,-1.3727891,-1.3658817,-1.2063422,-1.2943181,0.081575766,0.42212725,-1.3674766,-0.975615,-0.975615,-1.0206088,-0.9046759,-1.0091348,-0.4955911,0.39328367,-0.490316,1.0262477,1.026248,0.254193,0.86681247,0.93938917,0.46887597,1.1887918,0.4307973,0.5501472,0.55014706,0.5382017,0.63681585,0.5256613,0.24452974,0.97377634,-0.3852413,-0.56320536,-0.5632053,-0.55895805,-0.20050853,-0.022792634,0.061421476
O=C1c2ccccc2C(=O)c3ccccc13,-5.19,-5.0031943,-2.9641786,-3.012338,-3.012338,-3.0090904,-3.4102578,-3.04451,-4.113573,-4.5667057,-3.9190009,-3.6194952,-3.619494,-3.5836878,-3.5448728,-3.5770314,-4.181983,-5.035711,-3.7097995,-4.012883,-4.0128827,-4.0180087,-3.8580978,-4.0067315,-6.389366,-4.214919,-4.1206803,-4.6781864,-4.678187,-4.580843,-3.9653208,-4.6177964,-4.428349,-5.971572,-4.768897,-5.047399,-5.0473986,-5.1135926,-4.989647,-5.154713,-4.667469,-4.5277257,-3.5153756,-3.8799286,-3.8799286,-3.8454213,-3.8395126,-3.787499,-4.5920134,-4.0283995,-2.8976412,-3.1290712,-3.129071,-2.8465014,-3.2489078,-3.0798378,-3.3175275,-5.1712403,-4.8803105,-5.1420975,-5.1420965,-5.1221786,-4.3292627,-5.1392646,-5.7890916,-5.1489573,-4.646863,-4.879335,-4.8793344,-4.8455763,-4.6822443,-4.800162,-5.062943
CCC(C)C(=O)OC2CC(C)C=C3C=CC(C)C(CCC1CC(O)CC(=O)O1)C23 ,-6.005,-5.361885,-6.9406443,-6.25237,-6.25237,-6.2040486,-6.461841,-6.1192126,-3.9643235,-3.942184,-3.7076385,-4.0185223,-4.0185213,-4.0480595,-4.644284,-4.1164217,-4.4649653,-5.963048,-3.2017243,-4.1968017,-4.196801,-4.098076,-3.7821536,-4.6263676,-5.503856,-5.9754853,-5.399632,-5.94029,-5.9402895,-6.0275707,-5.4493146,-6.074735,-6.638161,-4.8761277,-6.380733,-6.0185227,-6.0185227,-5.9667144,-5.9441605,-6.0662265,-4.1846175,-4.385952,-4.5159245,-4.9517465,-4.9517465,-4.915771,-4.8654456,-4.826897,-4.5758057,-4.905841,-4.957772,-4.457601,-4.457602,-4.921654,-4.7277937,-4.4702086,-4.256007,-4.842496,-5.0795865,-5.184735,-5.1847353,-5.1608167,-4.08626,-5.3131003,-5.82332,-5.804263,-6.019557,-5.9667172,-5.9667177,-5.949301,-5.734142,-5.880846,-6.036514
CC(=O)C(C)(C)C,-0.72,-1.1137463,-1.5940725,-1.2817746,-1.2817744,-1.2559118,-1.6958852,-1.2321917,-0.9161484,0.084329806,-1.2275547,-1.2420093,-1.2420093,-1.2391055,-1.3302369,-1.1875248,-1.8212329,-1.0628507,-1.7497087,-1.8740646,-1.8740644,-1.8744694,-1.8469441,-1.8940752,-2.298989,-0.82841194,-1.0616459,-1.7663004,-1.7662998,-1.6441343,-1.4207896,-1.8262408,-1.804415,-1.5658842,-1.9259845,-2.235581,-2.235581,-2.2080386,-2.1828547,-2.1963608,-1.0584422,-1.3543768,-1.6301192,-1.4359233,-1.4359233,-1.4331847,-1.462262,-1.4460777,-1.3515023,-0.2367777,-1.7269253,-0.12822616,-0.1282256,-1.3101188,-0.6534176,-0.12001434,-0.57901204,-0.33226445,-1.2687238,-1.5962359,-1.5962355,-1.596408,-1.1264967,-1.5993285,-1.3645942,0.07803579,-0.44220895,-0.47644562,-0.47644562,-0.46164113,-0.20423636,-0.22051501,-0.13314776
Nc1ccc(cc1)N(=O)=O,-2.37,-2.687239,-2.315544,-2.2333272,-2.2333272,-2.25594,-2.575482,-2.2495031,-2.078306,-2.112067,-1.1283472,-1.5231736,-1.5231729,-1.5254935,-1.403356,-1.5139205,-1.6121373,-1.9098089,-1.7539619,-1.8608743,-1.8608739,-1.8641138,-1.8097018,-1.8805045,-1.35619,-1.6947234,-1.4899904,-2.2290006,-2.2289987,-2.1760287,-1.5926361,-2.2082584,-1.8489453,-2.3138318,-1.9587388,-1.9400104,-1.9400104,-1.9608822,-1.8924406,-1.9516393,-1.4482116,-3.2529335,-2.815842,-3.0398,-3.0398,-2.9600787,-2.9918683,-3.1076894,-3.5022063,-1.6993281,-1.5585158,-0.9203046,-0.9203045,-1.5036513,-1.1957108,-1.0233521,-0.8614479,-2.4533412,-1.7760692,-1.8455347,-1.8455346,-1.859026,-1.4733989,-1.8813194,-1.9577769,-2.347812,-2.1629114,-2.0853274,-2.0853274,-2.0869293,-2.1358278,-2.238258,-2.2291093
Clc1ccc(cc1)c2ccccc2Cl ,-5.28,-3.1218812,-3.3963008,-3.1383383,-3.1383386,-3.1693435,-3.5111983,-3.2094371,-2.6483593,-5.033584,-5.114979,-4.9874115,-4.9874115,-4.950468,-5.0103126,-4.949945,-5.006431,-4.9488845,-3.8123834,-3.8539712,-3.853971,-3.8612022,-3.8352287,-3.8511763,-5.351152,-5.147271,-4.4294186,-5.116185,-5.1161847,-4.9591317,-3.9940672,-5.00521,-4.7301645,-4.8321486,-2.8419037,-2.7113419,-2.7113416,-2.7482164,-2.5849917,-2.7916791,-3.7128801,-4.6399727,-3.3481057,-3.5539515,-3.5539513,-3.51619,-3.5433662,-3.5030503,-4.224015,-5.7358685,-5.947476,-5.136158,-5.136159,-6.3652925,-5.810549,-5.476168,-5.452721,-5.4419975,-4.939571,-5.397958,-5.397957,-5.409101,-4.248195,-5.4388022,-5.8358774,-5.2423334,-5.6639624,-5.580619,-5.5806193,-5.575389,-5.254396,-5.375963,-5.2141776
CCOC(=O)c1ccccc1C(=O)OCC,-2.35,-3.114963,-3.7176406,-3.4632325,-3.4632328,-3.4404812,-3.7198796,-3.4549527,-3.1514246,-2.0802948,-2.8651993,-1.5033387,-1.5033383,-1.4627658,-1.8499293,-1.4898558,-2.0373752,-1.9111856,-3.6351984,-3.3800545,-3.3800545,-3.3893824,-3.5981247,-3.355279,-2.2062352,-3.1842892,-3.2582211,-4.0452538,-4.045254,-3.0980446,-2.366603,-3.306246,-3.466579,-3.2213142,-3.8119295,-4.109698,-4.1096983,-3.5982497,-3.9292026,-3.4715273,-4.136747,-2.8593078,-3.5315142,-4.016263,-4.016263,-3.988874,-4.0293145,-3.9651227,-4.395637,-2.8116848,-2.5533328,-2.530623,-2.5306237,-2.7823033,-2.817238,-2.564077,-2.5846622,-2.1332963,-2.1005085,-2.5368376,-2.536837,-2.5575671,-1.6990668,-2.5835972,-2.5919855,-2.3430316,-2.3418365,-2.5146515,-2.5146513,-2.572051,-2.3163986,-2.4796147,-2.3203704
Clc1cc(Cl)c(Cl)c(Cl)c1Cl,-5.65,-5.341449,-3.2170677,-3.328543,-3.3285432,-3.3084946,-3.737972,-3.3508422,-4.9085364,-5.2626204,-4.070634,-4.9077783,-4.907778,-4.9086003,-4.79378,-4.8419204,-5.7803025,-5.287474,-3.65404,-3.6987524,-3.6987522,-3.7072413,-3.695309,-3.7211714,-6.177933,-5.4148164,-5.3387237,-6.320857,-6.3208566,-6.193799,-5.101986,-6.29368,-5.6983914,-5.7419868,-4.4896345,-4.696784,-4.696784,-4.698159,-5.208451,-4.6702356,-5.6805387,-4.809813,-2.6394498,-2.9855683,-2.9855685,-2.918117,-2.9880927,-3.0669823,-3.1921504,-5.7104907,-4.2290444,-6.1690717,-6.169071,-4.199793,-6.4704466,-6.075566,-6.704693,-5.369284,-5.4368877,-5.401806,-5.401805,-5.386991,-4.74636,-5.3521204,-5.9525914,-5.4157104,-5.642087,-5.7437677,-5.7437673,-5.7385106,-5.760514,-5.8031344,-5.7511606
c1c(Cl)cccc1c2ccccc2,-4.88,-2.8590696,-3.1651902,-2.9728901,-2.97289,-3.0021865,-3.3416603,-3.036628,-2.4718885,-4.162117,-4.4880133,-4.820986,-4.8209853,-4.7771273,-4.7728243,-4.7772346,-4.6943746,-4.8437967,-3.477126,-3.556839,-3.556839,-3.5615737,-3.4969037,-3.5599697,-4.7990985,-4.392904,-3.7416983,-4.689089,-4.689088,-4.5502396,-3.6413991,-4.557742,-4.4038763,-3.8652802,-2.6499996,-2.4535167,-2.453517,-2.4879234,-2.3583794,-2.5270636,-3.137475,-3.9071202,-3.368401,-3.6639411,-3.6639411,-3.6369638,-3.6342113,-3.5421972,-4.1855965,-5.675522,-6.127737,-5.0423646,-5.0423646,-6.4009657,-5.788607,-5.286053,-5.425646,-4.687615,-4.3492312,-4.8477516,-4.8477507,-4.8679347,-3.6521862,-4.8350525,-5.0877256,-4.849706,-5.171522,-5.120421,-5.120421,-5.109633,-5.0129504,-5.0452976,-4.773872
CCC(C)C(=O)C,-0.67,-1.2732314,-2.0815272,-1.7222314,-1.7222307,-1.7135361,-1.9226419,-1.6776292,-0.9969094,-0.05595826,-1.4721372,-1.1995188,-1.1995184,-1.1944141,-1.3170327,-1.1413321,-1.7695756,-0.5991882,-1.6937735,-1.7978312,-1.7978312,-1.7980016,-1.7623051,-1.8222421,-1.9604024,-1.0181222,-0.86236924,-1.4861249,-1.4861243,-1.4192239,-0.94088817,-1.5688998,-1.4490144,-1.2233251,-1.8809608,-1.6157194,-1.6157196,-1.6189308,-1.6125546,-1.5740196,-1.4467809,-1.6082779,-2.0226333,-2.015881,-2.015881,-2.0024257,-2.0123522,-2.0015805,-1.6432458,-0.6012096,-1.8146025,-0.3797962,-0.3797961,-1.4289099,-0.85216117,-0.3714171,-0.71942747,-0.4986011,-1.1957041,-1.393638,-1.3936378,-1.4318583,-1.0205312,-1.4327536,-1.2857289,-0.5606178,-0.9621596,-1.1075535,-1.1075535,-1.0826029,-0.6332616,-0.67460024,-0.70569617
CC(=O)C3CCC4C2CC=C1CC(O)CCC1(C)C2CCC34C ,-4.65,-4.397193,-4.551667,-4.1454077,-4.145407,-4.1839924,-4.5999055,-4.230205,-3.490878,-4.3333616,-4.3584604,-4.474826,-4.4748244,-4.3931317,-4.8777795,-4.403763,-4.281759,-4.491372,-3.110544,-3.7529342,-3.752934,-3.6917832,-3.6614826,-3.8641899,-4.0488977,-5.0683413,-5.0553,-5.201449,-5.201449,-5.4105597,-4.824079,-5.1278434,-4.8279586,-4.346429,-4.3876734,-4.1314287,-4.1314287,-4.1635823,-4.081493,-4.1457844,-3.8119586,-4.444438,-4.585723,-4.6944704,-4.6944704,-4.201405,-4.5442867,-3.762641,-4.918378,-4.6629715,-4.5917153,-4.511026,-4.5110254,-4.624443,-4.7348957,-4.5692573,-4.3837237,-4.871721,-4.8840446,-5.811561,-5.811561,-5.786447,-3.9206288,-5.8718567,-5.009572,-4.5342665,-4.54115,-4.4996357,-4.499635,-4.5672264,-4.527269,-4.636078,-4.712396
c1(C(=O)OCCCCCC(C)(C))c(C(=O)OCCCCCC(C)(C))cccc1,-6.6370000000000005,-6.0805483,-8.023889,-7.0535555,-7.0535555,-7.089795,-7.2727437,-6.894134,-5.622111,-5.0735335,-5.2565155,-6.533989,-6.533988,-6.4081964,-6.8039737,-6.3898573,-7.2960114,-5.9031396,-7.7567697,-7.848442,-7.848442,-7.964847,-8.368431,-7.4621015,-7.5498996,-6.1062555,-6.293861,-6.598792,-6.598792,-6.535258,-6.0611057,-6.884447,-7.410329,-5.488414,-8.618409,-7.988388,-7.988388,-8.119355,-7.688221,-7.4677024,-6.680913,-5.2394247,-6.9563265,-6.542811,-6.542811,-6.600332,-6.7245207,-6.9276485,-5.752174,-6.791022,-8.1166935,-6.804854,-6.804854,-7.177902,-7.0653806,-6.7711725,-7.3976154,-5.715531,-7.055939,-7.789466,-7.789467,-8.118436,-6.0903063,-8.173552,-7.3564324,-6.519825,-6.5605626,-6.653544,-6.653544,-6.6960998,-6.556036,-6.660079,-6.6523113
COc2cc1c(N)nc(nc1c(OC)c2OC)N3CCN(CC3)C(=O)OCC(C)(C)O ,-3.638,-5.550418,-7.367931,-6.6743946,-6.674394,-6.716459,-7.2150073,-6.818329,-4.70553,-3.6485329,-4.4730983,-3.8125536,-3.8125534,-3.8015773,-4.4345326,-3.8236377,-4.7010727,-3.6210303,-7.396896,-6.122492,-6.122492,-5.9509172,-6.3999844,-5.537657,-3.0671372,-4.1564817,-3.0095592,-3.7184758,-3.7184753,-3.5157354,-3.527636,-3.7575736,-3.55809,-5.177025,-7.0086894,-6.545506,-6.5455055,-6.6138883,-6.427928,-6.649565,-5.7887983,-5.503282,-6.820176,-6.1896687,-6.189669,-6.3779273,-5.9930735,-6.178365,-5.800827,-3.412368,-6.8827972,-4.1152983,-4.1153,-6.380266,-4.424212,-4.1773996,-3.745977,-3.401198,-4.7736726,-5.331996,-5.3319955,-5.2480245,-3.8619199,-5.142226,-4.344216,-3.6633847,-3.6407926,-3.702477,-3.7024772,-3.715931,-3.2434926,-3.62217,-3.5196989
Cn2cc(c1ccccc1)c(=O)c(c2)c3cccc(c3)C(F)(F)F,-4.445,-5.070656,-5.3287497,-5.0145664,-5.0145674,-5.0469728,-5.441191,-5.0983596,-4.4809704,-4.7313643,-3.1800578,-4.597366,-4.5973644,-4.5781136,-4.897665,-4.625371,-4.1792445,-4.468402,-5.1225333,-5.031401,-5.031401,-4.972567,-5.3947144,-5.335357,-4.5511546,-4.9093523,-5.0843105,-5.8300033,-5.830003,-5.695059,-4.5703673,-5.6364546,-5.533293,-4.21763,-4.876594,-4.411693,-4.4116926,-4.4539647,-4.374963,-4.485759,-3.5970953,-4.447078,-4.5052204,-4.5810103,-4.5810103,-4.5367556,-4.5423307,-4.5587826,-4.4920006,-4.197689,-5.148433,-4.3818474,-4.3818474,-4.9462376,-4.6968746,-4.4734654,-4.6715307,-5.170892,-4.2265553,-4.565269,-4.5652685,-4.531239,-3.0820467,-4.559566,-5.09309,-4.4493155,-4.3151417,-4.3297596,-4.32976,-4.33027,-4.2144446,-4.466501,-4.475273
CCCCC(=O)OC3(C(C)CC4C2CCC1=CC(=O)C=CC1(C)C2(F)C(O)CC34C)C(=O)CO,-4.71,-5.4191318,-7.162257,-6.37617,-6.37617,-6.436192,-6.780712,-6.4262743,-4.881909,-3.7128005,-4.0363636,-3.2871447,-3.2871437,-3.2850313,-3.8708293,-3.3040667,-3.748252,-5.2003317,-4.673112,-4.613112,-4.613113,-4.503889,-3.9872994,-5.141592,-4.7260866,-5.34426,-4.97154,-5.1879983,-5.1879997,-5.4550886,-4.6600327,-5.3082356,-5.481868,-5.0043473,-6.569502,-6.170624,-6.170624,-6.1551127,-6.0426016,-6.1896486,-4.537865,-5.104987,-5.33397,-4.8538804,-4.8538804,-4.7804484,-4.7025747,-4.806925,-4.9021897,-5.155488,-5.4463816,-4.792375,-4.792376,-5.1947227,-5.029744,-4.7340775,-4.9852266,-4.7546015,-4.9211855,-5.31545,-5.31545,-5.542226,-3.8239572,-5.6929264,-4.6534038,-4.857352,-4.7134504,-4.7217875,-4.7217865,-4.7192135,-4.562347,-4.476004,-4.5976467
CCCC1COC(Cn2cncn2)(O1)c3ccc(Cl)cc3Cl,-3.4930000000000003,-5.8179827,-5.103848,-4.7755427,-4.7755427,-4.765017,-5.0902753,-4.7555223,-4.5398226,-3.8185413,-4.0571303,-3.6895356,-3.6895356,-3.6632755,-4.1842113,-3.6853886,-4.0749674,-3.7071767,-4.987896,-4.542828,-4.5428276,-4.5714545,-4.9762883,-4.431622,-4.0711207,-4.291589,-4.60899,-4.833252,-4.833251,-5.269409,-3.9670029,-5.0381055,-4.8227715,-4.4416513,-4.6115546,-4.475877,-4.475877,-4.4606853,-4.4052267,-4.481728,-4.33018,-4.4848013,-4.2716813,-4.7484403,-4.7484407,-4.723928,-4.6335998,-4.799808,-4.6550198,-3.4352634,-3.122965,-3.0519605,-3.0519605,-3.0069585,-3.2746246,-3.0524437,-3.194365,-4.15284,-4.1176257,-4.6797876,-4.6797876,-4.687308,-3.1563702,-4.7136893,-4.7658925,-3.5147457,-5.0465565,-5.072594,-5.0725946,-5.071892,-4.1492777,-5.304206,-4.7557483
CCCCCC=O,-1.3,-2.1490571,-2.1115985,-1.9181151,-1.9181149,-1.9385533,-2.2556581,-1.9287117,-1.7959636,-1.3231192,-1.4092053,-1.7889233,-1.7889233,-1.7685771,-1.6027218,-1.7319698,-1.8054363,-1.4745879,-1.6644561,-1.7572945,-1.7572944,-1.75903,-1.6958538,-1.7744586,-1.8032366,-1.8544346,-1.5811297,-2.1941469,-2.1941462,-2.2606652,-1.6637155,-2.3344872,-2.1437252,-1.748584,-2.0556626,-1.9159478,-1.9159479,-1.8920025,-1.7855356,-1.886361,-1.8221551,-1.9483769,-2.6642928,-2.4835048,-2.4835048,-2.366582,-2.446654,-2.4257903,-2.574393,-1.1754618,-1.977698,-0.6543922,-0.65439206,-1.6957535,-1.1322091,-0.797789,-0.7147556,-1.4581625,-1.465015,-1.8956751,-1.8956754,-1.8174628,-1.1455612,-1.8764051,-1.7096509,-1.2817382,-0.8135837,-1.0815439,-1.0815439,-1.0602716,-0.95028275,-1.1038193,-1.2571633
COCOC,0.48,-1.0249171,-1.6062231,-1.1680648,-1.1680652,-1.2023673,-1.3981771,-1.1903241,-0.57958,0.30904606,-0.007893737,1.2822634,1.282263,1.2935061,1.0808805,1.2937279,-0.30999097,0.6589253,-0.65022194,-0.5093798,-0.50937974,-0.5099706,-0.3235977,-0.5341351,0.53286535,0.84785795,0.44470108,0.19246382,0.19246407,0.22539325,0.6289466,0.23896322,-0.10193866,0.008965802,-2.2616746,-1.7392204,-1.7392206,-1.5608279,-1.6284521,-1.4294337,-0.8671112,-0.60695684,-2.071437,-1.9663167,-1.9663168,-1.9761128,-1.9454993,-1.9465066,-1.192525,0.4360109,-0.27127397,0.6228345,0.6228343,0.16507815,0.41926414,0.6029751,0.401756,0.84883344,-0.05159412,-0.23382397,-0.23382421,-0.2638841,0.3155584,-0.26061794,-0.17920764,0.49346963,-0.24495853,-0.46377313,-0.46377316,-0.5671984,0.039246622,0.0134182125,0.20219828
CC(=O)CC(c1ccccc1)c3c(O)c2ccccc2oc3=O ,-3.893,-4.21955,-4.862367,-4.4754524,-4.4754534,-4.491442,-4.7816033,-4.490232,-3.4752047,-4.3704376,-3.967582,-3.8721235,-3.872123,-3.823505,-4.209057,-3.8557699,-4.2543545,-4.2126164,-4.5881667,-4.3862624,-4.386262,-4.377961,-4.733519,-4.3773575,-4.0690527,-4.166893,-3.7896895,-4.375536,-4.375535,-4.2232447,-3.108764,-3.8980043,-4.086658,-4.0535765,-4.7921405,-4.4901986,-4.490199,-4.4850287,-4.452443,-4.504057,-3.4519465,-4.043017,-4.225052,-4.7748895,-4.77489,-4.770979,-4.723752,-4.740981,-4.658349,-4.019449,-3.647666,-3.503885,-3.5038857,-3.8038113,-3.6946566,-3.4581838,-3.5912182,-4.014511,-3.9639916,-4.645174,-4.6451735,-4.6219373,-3.2115293,-4.6437397,-5.0320544,-3.9220824,-3.9073644,-3.7738457,-3.7738457,-3.7785735,-3.7097883,-3.9105906,-3.8741946
OC4=C(C1CCC(CC1)c2ccc(Cl)cc2)C(=O)c3ccccc3C4=O,-5.931,-5.4644337,-5.84531,-5.6427336,-5.6427336,-5.6874394,-6.2657475,-5.7624984,-4.4504366,-5.908985,-5.8852944,-5.1408386,-5.1408377,-5.1756015,-5.66291,-5.1960263,-4.6769686,-5.9326997,-6.2474704,-6.0271983,-6.0271983,-5.998873,-6.2168617,-5.873472,-5.8704624,-5.606906,-4.556111,-5.2196093,-5.2196093,-5.7599382,-4.812325,-5.873862,-5.1266165,-6.4374633,-4.799196,-4.899411,-4.899411,-4.9032946,-4.8761625,-5.018051,-5.562453,-5.7505155,-6.6768713,-6.8147626,-6.814763,-6.9016128,-6.559657,-6.6711082,-5.5563993,-5.5760813,-5.5402837,-5.0139155,-5.013916,-5.358363,-5.1833105,-5.0760884,-5.1863184,-5.1914253,-4.8054543,-5.359335,-5.3593345,-5.269984,-3.9563892,-5.3141484,-6.062751,-5.869942,-5.9154897,-5.9948072,-5.994807,-5.9923844,-5.818706,-5.9503345,-5.941642
Cc2c(N)c(=O)n(c1ccccc1)n2C,-0.624,-2.4325993,-3.1414409,-2.7610734,-2.7610734,-2.7814364,-3.038373,-2.8161724,-2.0843604,-2.039976,-2.875252,-2.271512,-2.2715116,-2.2435472,-2.4427738,-2.2142923,-2.8082502,-0.18681487,-3.239955,-3.0588076,-3.0588078,-3.0524352,-3.173465,-3.075736,-1.5956988,0.023763806,-2.5000525,-2.8669245,-2.8669255,-2.905393,-2.5133681,-2.8848774,-2.1249974,-1.8410879,-2.7782934,-2.6294396,-2.6294398,-2.6548083,-2.589919,-2.6817515,-2.4265175,-3.6259675,-3.2801976,-3.537833,-3.537833,-3.5052483,-3.5523098,-3.4779673,-4.1433263,-2.3839836,-3.0925038,-2.461295,-2.4612954,-3.0313501,-2.6762152,-2.4915233,-2.3778543,-0.7853387,-2.1740592,-2.7604027,-2.760403,-2.7608726,-1.845736,-2.7785335,-2.613502,-0.6360445,0.37342378,-0.437254,-0.4372541,-0.4379048,-0.3182065,-0.3127318,-0.11279786
Oc1ccc(cc1)C2(OC(=O)c3ccccc23)c4ccc(O)cc4 ,-2.9,-4.4457493,-5.439767,-5.0557804,-5.05578,-5.0041103,-5.2751455,-4.943445,-3.707102,-4.8534293,-3.8653982,-4.6225376,-4.622538,-4.565043,-4.5970573,-4.5895357,-4.6138897,-3.1806076,-4.7846804,-4.760922,-4.760922,-4.7345543,-5.2842965,-4.7925553,-4.0755486,-4.3757224,-3.5048652,-4.3859606,-4.3859606,-4.266068,-3.5592368,-4.04684,-3.7864842,-3.9931068,-5.0606637,-4.810599,-4.810599,-4.736595,-4.8569794,-4.7795596,-4.0311184,-4.6114907,-4.4700127,-5.2420115,-5.242011,-5.243552,-5.130522,-5.3447027,-4.72677,-4.2416697,-3.0824444,-3.6989853,-3.6989853,-3.9801238,-4.4457383,-3.2476475,-3.971464,-4.290366,-3.6788607,-4.2896514,-4.289651,-4.27218,-2.8457901,-4.2702594,-4.1997657,-2.8654556,-2.888582,-2.8173828,-2.8173835,-2.8401148,-2.8619416,-2.874673,-2.8995397
CCN(CC)C(=O)CSc1ccc(Cl)nn1,-1.716,-3.8032951,-3.9247859,-3.653053,-3.6530533,-3.3978586,-3.6856682,-3.0891702,-3.475669,-2.910852,-4.500764,-2.6899052,-2.6899045,-2.743821,-3.359392,-2.7391348,-3.2889483,-2.0609734,-4.451539,-4.2029796,-4.20298,-4.196853,-4.2547493,-4.238707,-3.5918906,-2.7667763,-3.1208887,-3.6225095,-3.622509,-3.2767599,-2.8181012,-3.3829901,-3.32433,-4.317853,-3.85071,-3.774967,-3.7749672,-3.7494771,-3.7223537,-3.6734586,-4.1644683,-3.570734,-3.615951,-3.4483547,-3.4483547,-3.338852,-3.4434927,-3.662762,-3.635685,-3.3620896,-3.5099082,-2.9405413,-2.9405413,-3.425029,-2.6790867,-2.9450254,-2.900088,-2.8332586,-3.4451652,-3.6734521,-3.673452,-3.6085162,-2.7728708,-3.5483508,-3.6041741,-1.7298756,-1.6749898,-1.7780315,-1.7780316,-1.7816051,-1.609505,-1.812178,-1.6926523
CCOC(=O)c1ccc(N)cc1,-2.616,-2.379439,-2.8813372,-2.7246268,-2.724627,-2.7646244,-3.1186354,-2.7833033,-2.154084,-1.8645744,-2.475031,-1.4083345,-1.4083349,-1.3616815,-1.6601598,-1.3553817,-2.002901,-2.428329,-2.5655954,-2.5733478,-2.5733476,-2.5756788,-2.5236523,-2.5986693,-2.374264,-1.980628,-1.7008721,-2.2123473,-2.2123458,-2.1155984,-1.7260935,-2.192065,-2.0117838,-2.6223943,-2.4513688,-2.2380073,-2.238007,-2.2846084,-2.298646,-2.2821534,-1.6748438,-3.6001015,-3.7582579,-4.0614705,-4.06147,-4.044214,-4.021479,-3.9207394,-4.6213856,-2.4917262,-2.502405,-2.0453985,-2.0453992,-2.7014115,-2.3832288,-2.1166756,-2.2195761,-2.005238,-1.6076587,-1.9537576,-1.9537567,-1.9541541,-1.2378613,-1.9669816,-2.072868,-2.5766943,-2.46537,-2.3912423,-2.3912423,-2.3669028,-2.4086833,-2.508903,-2.619261
COc2c1occc1c(OC)c3c(=O)cc(C)oc23 ,-3.0210000000000004,-3.9867153,-3.8554244,-3.692177,-3.6921773,-3.6698751,-4.033818,-3.707756,-4.082066,-2.9742146,-3.0486138,-2.7828898,-2.7828891,-2.7678316,-2.6005292,-2.7591603,-3.007222,-2.8727405,-3.8300645,-3.501016,-3.501016,-3.498369,-3.6702106,-3.4909475,-2.4335086,-2.6110692,-2.5751407,-3.3626175,-3.3626175,-3.2746758,-2.3306766,-3.3009257,-2.1836212,-3.0152183,-2.9975255,-2.8158739,-2.815874,-2.8038774,-2.7995443,-2.813685,-2.9563777,-4.1741076,-3.4760938,-3.8109603,-3.8109603,-3.785065,-3.8420575,-3.7380369,-4.3604326,-1.4767357,-1.1701707,-2.1051476,-2.1051486,-1.5537906,-2.2308488,-2.143366,-1.6439922,-2.147461,-2.026877,-2.7367902,-2.73679,-2.7452106,-1.6408285,-2.7451594,-2.5878878,-3.0505319,-3.0141559,-3.0470688,-3.047069,-3.05452,-2.8652022,-2.961544,-3.0024488
CO,1.57,1.1823655,-0.13456142,0.5365171,0.5365175,0.552028,0.10026549,0.5412689,0.7253394,0.61325616,0.6330754,0.52549964,0.5254996,0.51755786,0.578361,0.5125758,0.14066622,1.6546246,-0.5809758,-0.37597302,-0.375973,-0.37654945,-0.27330408,-0.39128858,0.5014528,1.1823723,0.3290714,0.07377118,0.0737688,0.1254464,0.49404258,0.12754959,-0.18964498,0.8351223,-1.242757,-0.8514518,-0.85145175,-0.8535098,-0.598328,-0.8904576,-0.2334251,0.52337897,-0.92951125,-0.39380106,-0.39380103,-0.44618,-0.37691957,-0.4513727,-0.9118701,2.1127882,0.38478994,2.1272204,2.1272206,1.083117,1.8105673,2.1541343,0.88003767,1.3990273,0.9187718,1.4455807,1.4455808,1.4298719,1.6456658,1.4544688,1.011228,0.99069893,0.11426846,0.1204607,0.120460734,0.13642783,0.5420062,0.6313359,0.4345638
CC4CC3C2CCC1=CC(=O)C=CC1(C)C2(F)C(O)CC3(C)C4(O)C(=O)COC(C)=O ,-4.9,-5.7084274,-6.122747,-5.5664296,-5.5664306,-5.602125,-5.955301,-5.5968804,-4.907215,-3.645657,-4.019002,-3.1937923,-3.1937919,-3.170461,-3.6491032,-3.1994436,-3.804754,-4.8605423,-3.403527,-3.6174643,-3.6174645,-3.5668194,-3.5090072,-3.698104,-4.38806,-4.7729483,-3.4727933,-4.093274,-4.0932746,-4.44363,-3.5630586,-4.6726823,-4.6000657,-4.8766265,-5.572058,-5.317987,-5.317987,-5.2806373,-5.226446,-5.368489,-4.4751496,-4.8816657,-4.9459467,-4.9533143,-4.9533143,-4.810102,-4.757315,-4.678797,-5.0685897,-4.4735246,-4.4567943,-3.982631,-3.982631,-4.3690567,-4.259063,-4.004745,-4.139952,-4.1936746,-4.01712,-4.5526433,-4.552643,-4.5903053,-3.1144311,-4.608044,-4.8220425,-4.934723,-4.8830595,-4.8934126,-4.8934126,-4.9077144,-4.73356,-4.8191147,-4.799118
CCCCCCO,-1.24,-2.5102806,-2.2009623,-1.9564893,-1.9564893,-1.9943746,-2.3243637,-1.9935734,-1.7526777,-1.1857182,-1.3145763,-1.919996,-1.9199959,-1.9017565,-1.751951,-1.8588319,-1.8005954,-1.2094319,-1.6539263,-1.7245525,-1.7245525,-1.7258573,-1.6189702,-1.7410096,-1.2128593,-1.3747718,-1.4325585,-1.937254,-1.937254,-1.9601151,-1.5089356,-2.0860527,-1.8991216,-2.1094117,-2.1297262,-1.9452829,-1.9452827,-1.9894797,-1.8431194,-1.9919988,-1.8657781,-2.3163252,-2.719285,-2.5102353,-2.5102355,-2.3296547,-2.4780772,-2.330626,-2.5389447,-1.3421342,-2.169423,-0.9003093,-0.9003092,-2.0990365,-1.2137367,-0.9840871,-1.0819345,-1.1970044,-1.3592122,-1.844639,-1.8446391,-1.7549825,-1.0033718,-1.7855756,-1.6213806,-1.218397,-1.1398822,-1.0887592,-1.0887593,-1.0273381,-1.0698919,-1.5353284,-1.7340065
Oc1ccc(Br)cc1,-1.09,-2.2931676,-2.2044253,-2.184241,-2.184241,-2.2193418,-2.5873218,-2.1890213,-1.8588642,-1.9084508,-2.162186,-1.8555228,-1.8555225,-1.8568766,-1.7799662,-1.8194058,-2.0130196,-1.2607605,-1.6214913,-1.6710209,-1.6710209,-1.6726645,-1.5520042,-1.6930803,-1.4795715,-1.0525578,-1.450606,-2.045803,-2.0458035,-1.9940642,-1.474289,-2.0035858,-1.734547,-2.420084,-1.8641636,-1.8471192,-1.8471193,-1.8540664,-1.8176662,-1.8095365,-2.1116064,-1.5176989,-2.9180303,-2.9983149,-2.9983149,-2.9796796,-2.976257,-3.1077447,-2.3430786,-1.2500246,-0.53641385,-0.59309787,-0.59309924,-0.9713853,-0.7597669,-0.637222,-0.5701412,-1.1622505,-1.5245539,-1.9537505,-1.9537499,-1.9746805,-1.580778,-1.9840975,-1.4969982,-1.0829647,-1.215363,-1.2520597,-1.2520597,-1.2377484,-1.1007923,-1.1369503,-1.0396636
OCC(O)C(O)C(O)C(O)CO,1.09,-2.2721832,-2.8006938,-2.4455893,-2.4455895,-2.4580288,-2.7345414,-2.4872463,-1.9811544,-0.056671202,-0.80233413,-0.21360283,-0.2136033,-0.18967512,-0.26428214,-0.17883907,-1.1194009,0.8500916,-0.96296954,-0.97294265,-0.9729427,-0.97565305,-0.9466953,-0.97997653,0.86095804,0.8340677,0.4405219,0.84752893,0.8475296,0.8979449,0.63066816,0.7183052,-0.20969874,-2.11932,-2.4768245,-2.2997656,-2.2997656,-2.327528,-2.2921486,-2.2782037,-2.2629468,-3.1505349,-2.9383225,-3.1121173,-3.1121173,-2.864461,-3.0807707,-2.8328574,-3.581122,-0.07313986,-1.1311369,-0.41491958,-0.4149197,-0.87742084,-0.5755495,-0.4408625,-0.2708474,0.94100696,-0.20223427,-0.6838546,-0.6838546,-0.6950724,0.20700878,-0.7074407,-0.5349837,0.46468854,0.06290182,0.06262659,0.062626466,0.042598948,0.11304208,0.068255864,0.08976947
CCCCCCCl,-3.12,-2.6308784,-2.33037,-2.1027215,-2.1027215,-2.0505166,-2.4126787,-2.0128205,-1.9483993,-2.6448147,-1.8526038,-2.7674127,-2.767412,-2.750521,-2.5078332,-2.7043207,-2.1788518,-3.035236,-1.893742,-2.0595348,-2.0595345,-2.0641434,-1.9801403,-2.0554786,-2.9635565,-3.3530574,-2.715808,-3.2696075,-3.2696075,-3.4876444,-2.8358467,-3.684718,-3.2287133,-3.1668427,-2.4160733,-2.4301364,-2.4301362,-2.267469,-2.2368858,-2.1674285,-2.4669542,-2.3883243,-2.724287,-2.6080568,-2.6080565,-2.537514,-2.5881608,-2.5143743,-2.835383,-3.2037606,-3.444474,-3.0743701,-3.0743697,-3.2955735,-3.7010047,-3.3491154,-3.1150496,-3.4353333,-3.1328154,-3.797087,-3.7970862,-3.9766808,-2.447541,-3.9741158,-3.8338332,-3.2329106,-4.08976,-3.9296339,-3.9296346,-3.9398634,-3.981482,-4.12061,-4.221297
CC1=CCC(CC1)C(C)=C,-4.26,-2.4165454,-2.4415493,-2.0227125,-2.0227125,-2.051991,-2.3477428,-2.0698068,-1.5837752,-3.2843442,-2.717673,-3.410633,-3.4106324,-3.3687847,-3.3687654,-3.3506367,-3.183183,-3.6574178,-2.5989232,-2.6575253,-2.6575248,-2.6663935,-2.5966618,-2.6292763,-2.9248796,-3.713431,-2.02307,-3.243535,-3.2435348,-3.2784212,-2.1289537,-3.3565185,-2.9634614,-3.1314793,-2.3422744,-2.1290858,-2.129086,-2.16363,-2.0760648,-2.1513672,-1.9109722,-4.420111,-3.291422,-3.45379,-3.45379,-3.3760965,-3.388817,-3.3866472,-4.086658,-4.374153,-5.138291,-4.539376,-4.5393763,-5.274132,-5.2640142,-4.96432,-4.426524,-4.147373,-3.3606849,-4.1728888,-4.172889,-4.1726027,-2.759363,-4.137098,-4.1440697,-3.9887574,-4.262827,-4.1218767,-4.1218767,-4.059024,-4.3511825,-4.4895487,-4.3485947
CC(C)O,0.43,-0.82541925,-1.3788466,-0.7199704,-0.71997005,-0.6987883,-0.8784043,-0.6672297,-0.69595486,0.18725874,-0.31700516,-0.07496859,-0.07496859,-0.0709742,-0.203831,-0.047718346,-0.71299744,0.36182648,-0.9338445,-0.92940116,-0.9294012,-0.93009865,-0.82294464,-0.94575304,-0.08995842,1.0761219,-0.046941232,-0.11712107,-0.11712097,-0.07323608,-0.028130118,-0.12406489,-0.5720227,-0.11753259,-1.4518859,-0.8590692,-0.8590692,-0.8718853,-0.7761154,-0.86021054,-0.6841475,-1.1680076,-1.2602292,-0.94183284,-0.9418329,-0.9551899,-0.919288,-0.9589251,-1.278668,0.5997859,-0.44310337,0.9162975,0.91629726,-0.19602062,0.7806771,0.96685344,0.28981423,0.8893154,0.6473469,0.7990082,0.79900825,0.7585444,0.9980381,0.7482683,0.4435533,0.99069893,0.11426846,0.1204607,0.120460734,0.13642783,0.5420062,0.6313359,0.4345638
Fc1ccc(F)cc1,-1.97,-1.3359994,-2.0478714,-1.8159201,-1.8159202,-1.8380623,-2.0487368,-1.8240939,-1.262675,-1.8726432,-0.4609884,-1.2409874,-1.2409873,-1.2436545,-1.0794817,-1.219121,-0.58275694,-2.0274434,-1.3832704,-1.4220582,-1.4220582,-1.4232833,-1.3952752,-1.4452255,-1.1326121,-1.0515484,-0.93632984,-1.7537206,-1.7537218,-1.6620269,-1.0777509,-1.6750222,-1.1866881,-2.670858,-3.5793462,-2.5874853,-2.587485,-2.5931623,-2.949527,-2.4027588,-1.8748791,-2.0086913,-2.25912,-2.431269,-2.4312692,-2.386785,-2.4042673,-2.5385213,-2.0357962,-2.1176536,-1.525378,-1.2749104,-1.2749102,-1.3900247,-1.4177552,-1.2529423,-1.0655581,-2.0256417,-1.5575104,-1.4198638,-1.4198639,-1.4112945,-1.1356469,-1.4011718,-1.5014148,-2.4305604,-3.143381,-3.1665385,-3.1665387,-3.1678402,-3.1197298,-3.087524,-2.7460458
Cc1ccccc1N(=O)=O,-2.33,-1.7245677,-2.3635406,-2.0819767,-2.0819764,-2.083383,-2.2514813,-2.0978749,-1.6611415,-2.100087,-1.5807476,-1.4309409,-1.4309416,-1.440604,-1.4240175,-1.4099867,-1.8468556,-1.7912327,-1.7697514,-1.9138051,-1.9138052,-1.9158636,-1.868729,-1.9375857,-2.0439434,-1.5051614,-1.8963646,-2.5762553,-2.5762546,-2.5145905,-1.8989354,-2.5281274,-2.175972,-1.8547398,-1.7096213,-1.3173254,-1.3173252,-1.3251789,-1.2401109,-1.310763,-1.3000792,-1.7635549,-2.079447,-2.06172,-2.0617201,-2.0511062,-2.0987945,-2.0385046,-1.7490655,-2.7265115,-2.1355495,-2.2401123,-2.2401118,-2.370175,-2.276294,-2.303861,-2.2972677,-2.238049,-2.0776417,-2.1635666,-2.1635668,-2.1831846,-1.5523561,-2.197092,-1.9966345,-2.2687032,-2.8302708,-2.8831537,-2.8831542,-2.8812313,-2.8988452,-3.0268373,-3.5192897
CC(C)(C)CO,-0.4,-1.2062597,-1.3980923,-1.4441016,-1.4441006,-1.4188062,-1.9966795,-1.396305,-0.45994738,-0.32500917,-0.6556509,-1.0155756,-1.0155756,-1.0134706,-0.9940283,-0.9797696,-1.2790985,-0.36247844,-1.3698525,-1.442678,-1.442678,-1.4431536,-1.3486614,-1.4651121,-0.80936956,0.14871359,-0.58554983,-0.9301717,-0.93017226,-0.9210585,-0.7345922,-1.0114763,-1.3184628,-0.24289313,-1.6559772,-1.4233679,-1.4233677,-1.3732497,-1.4712118,-1.3508319,-1.3155593,-1.9377308,-1.3980252,-1.1497808,-1.1497808,-1.147632,-1.1658405,-1.1496853,-1.8263156,-0.14119844,-1.2675606,0.16946241,0.16946208,-1.1282957,-0.068440855,0.2075818,-0.33805615,-0.30175862,-0.48767945,-0.8737896,-0.8737896,-0.8888406,-0.33675575,-0.89041597,-0.6240939,-0.44692367,-0.15815187,-0.012749326,-0.012749326,0.0008564703,-0.19859952,-0.051760778,0.22267622
CCCOP(=S)(OCCC)SCC(=O)N1CCCCC1C,-4.15,-4.8295765,-5.340749,-4.9460344,-4.946035,-4.913069,-5.202849,-4.8735175,-3.9730105,-4.4377594,-4.9171624,-4.873161,-4.8731604,-4.8568482,-5.3867917,-4.9500914,-4.7804155,-4.4998198,-4.4380283,-4.6287737,-4.6287737,-4.600164,-4.8612146,-4.741997,-4.6528845,-4.8123145,-4.9847803,-5.156069,-5.1560683,-5.296572,-4.8423686,-5.289338,-5.3320045,-4.237068,-5.363811,-4.9416738,-4.9416733,-4.8988986,-4.9701385,-4.8153,-3.7607844,-4.45599,-4.544286,-4.346638,-4.3466377,-4.216929,-4.2580175,-4.9392633,-4.327974,-4.755856,-5.0494137,-4.602847,-4.6028466,-4.8362155,-4.6237483,-4.432297,-4.4387054,-4.74314,-5.367203,-5.474407,-5.4744062,-5.470534,-4.503275,-5.5608373,-5.723569,-4.1494703,-4.1299434,-3.9873362,-3.9873364,-4.05066,-4.0043836,-4.0911527,-4.093855
Cc1ccccc1O,-0.62,-1.1283572,-2.0894227,-1.845831,-1.8458307,-1.8425215,-1.9735055,-1.8515828,-1.1997124,-0.5451857,-1.5452452,-0.89032525,-0.89032537,-0.8908787,-1.0570153,-0.83576167,-1.5985482,-0.26628754,-1.4531354,-1.5613071,-1.5613072,-1.5622342,-1.4751676,-1.5828758,-0.88889086,-0.3848295,-1.1975286,-1.7429842,-1.7429845,-1.6132504,-1.1839666,-1.6628478,-1.5580409,-0.6867838,-1.594343,-1.7527658,-1.752766,-1.724037,-1.6546576,-1.707332,-0.9142945,-1.5310837,-2.0636983,-2.0239186,-2.0239189,-2.018959,-2.04012,-2.0000055,-1.5703125,-1.407346,-1.0408651,-1.024991,-1.0249908,-1.5299333,-1.1413269,-1.027608,-1.0131317,-0.47565022,-1.031645,-1.2538128,-1.2538131,-1.2600198,-0.8422974,-1.2728122,-1.057531,-0.6115109,-0.67356694,-0.5863183,-0.5863182,-0.58948267,-0.65830487,-0.6743218,-0.77307224
CCNc1nc(Cl)nc(NCC)n1 ,-4.55,-3.2359054,-3.4925866,-3.1582294,-3.158229,-3.1460376,-3.3985467,-3.1354144,-2.5626414,-2.1663609,-2.7605894,-1.9337816,-1.9337809,-1.9031377,-2.275397,-1.906898,-2.343326,-2.9665337,-3.140275,-3.0266688,-3.0266688,-3.037804,-3.023105,-3.0304327,-2.6341817,-2.3609192,-1.4452913,-2.0444932,-2.0444922,-1.8910774,-1.4125226,-1.9709,-2.021763,-3.1211584,-4.025392,-3.7649744,-3.7649746,-3.4922497,-3.7700639,-3.4119384,-3.1217923,-2.468382,-3.7313814,-3.9191134,-3.9191136,-3.8020937,-3.9257774,-3.7515056,-4.315913,-3.0890331,-2.9543502,-3.1795793,-3.1795797,-2.917019,-3.3495436,-3.2524,-2.927616,-3.6636136,-3.0258555,-3.4823503,-3.48235,-3.864801,-2.172925,-3.754225,-3.5678046,-4.5045686,-4.4037714,-4.3431425,-4.343142,-4.32664,-4.4038258,-4.5235333,-4.5480437
c3ccc2nc1ccccc1cc2c3,-3.67,-4.2356315,-2.667506,-2.6981103,-2.69811,-2.7158036,-3.125339,-2.7266252,-3.0915918,-3.9355195,-4.1989126,-4.5563745,-4.5563736,-4.522348,-4.624688,-4.528938,-4.481037,-4.3570123,-2.9282396,-3.1155117,-3.1155117,-3.1164505,-2.9352396,-3.1305976,-4.5672193,-3.8183618,-3.8784611,-4.769108,-4.7691064,-4.620099,-3.6641622,-4.696608,-3.7093024,-4.640532,-3.7689862,-3.623926,-3.6239262,-3.7252016,-3.4427514,-3.6192405,-3.4757571,-4.7693853,-3.417329,-3.69243,-3.6924298,-3.6568532,-3.674478,-3.6106145,-4.3785686,-2.772143,-4.5283766,-2.973917,-2.9739175,-4.355633,-3.5342827,-3.0398421,-3.001016,-4.4648056,-5.287897,-5.7331123,-5.7331114,-5.702332,-4.7196436,-5.7019362,-5.5033603,-3.5416102,-4.04248,-3.8508658,-3.8508651,-3.848724,-3.8075552,-3.641491,-3.51081
Cc1cc(C)c(O)c(C)c1,-2.05,-1.9427488,-2.4662745,-2.2273748,-2.2273748,-2.2203815,-2.406089,-2.2396224,-2.0118968,-1.5928047,-1.8305621,-1.5806403,-1.5806408,-1.579754,-1.7164147,-1.5489445,-1.8312916,-1.6393086,-2.2020237,-2.3427112,-2.342711,-2.3431466,-2.283108,-2.3714402,-2.1807013,-1.5783422,-1.713509,-2.434422,-2.434422,-2.4004405,-1.7704058,-2.4403381,-2.3027887,-1.6931,-1.8694977,-1.6415786,-1.6415784,-1.6420944,-1.614876,-1.6125077,-1.4810153,-2.8214362,-2.5577602,-2.6680284,-2.6680286,-2.6457188,-2.7207353,-2.6256156,-2.8349109,-1.9708875,-2.2547326,-1.8241744,-1.8241755,-2.6637456,-1.9662867,-1.8156383,-1.7171564,-1.8097721,-1.4499711,-1.9575433,-1.957543,-1.9969976,-1.1611997,-1.969516,-1.6849928,-2.1336148,-1.3177105,-1.2780921,-1.2780921,-1.2538037,-1.3189086,-1.1975485,-1.4385418
COC(=O)c1cc(O)c(O)c(O)c1 ,-1.24,-4.3035707,-2.868774,-2.841965,-2.8419652,-2.848678,-3.2142606,-2.8785672,-3.4106936,-1.294084,-1.2654932,-1.0739481,-1.0739483,-1.0373545,-1.0310639,-1.0437183,-1.1243335,-1.3149207,-2.3439999,-2.306286,-2.3062859,-2.3124683,-2.2360032,-2.3197205,-0.8970948,-1.1121706,-0.4253191,-1.0876118,-1.0876133,-1.0335168,-0.6470721,-1.0519121,-1.1852607,-4.2467136,-2.2661512,-2.4408188,-2.4408185,-2.4404707,-2.433879,-2.4342186,-2.810073,-3.6834216,-2.8627493,-2.5983531,-2.598353,-2.5614166,-2.6585593,-2.6220536,-2.6919909,-0.24278629,-0.8900123,0.19891301,0.19891259,-1.099643,0.33891976,0.07078461,0.12991229,-1.4920822,-0.86999613,-1.7087513,-1.7087511,-1.7073846,-0.68311244,-1.6974382,-1.8478541,-1.2831547,-1.2175305,-1.2489007,-1.2489007,-1.254456,-1.177539,-1.1696327,-1.2467778
CCC(C)O,0.47,-0.95652616,-1.6162927,-0.9228709,-0.9228705,-0.9257905,-1.0966809,-0.94729954,-0.6079398,0.30971676,-0.8558462,-0.5564382,-0.55643845,-0.54999524,-0.6783964,-0.51736444,-1.1566188,0.067913555,-1.1407279,-1.1782299,-1.1782299,-1.1786535,-1.0822159,-1.1989611,-0.40613216,0.3911156,-0.40906835,-0.58973396,-0.589733,-0.5727198,-0.44281763,-0.6472771,-0.88796306,-0.31868282,-1.4840666,-1.1266416,-1.1266416,-1.1387814,-1.0587019,-1.0963849,-0.8060088,-0.7121719,-1.7302715,-1.5574324,-1.5574324,-1.5700028,-1.5227964,-1.5715193,-0.9487253,0.16083038,-0.9350155,0.42355934,0.42355943,-0.76561487,0.22616023,0.47848472,-0.092464454,0.61574906,0.091771975,0.035493728,0.03549337,0.00011261832,0.27783206,-0.015576144,0.0034701298,0.090901405,0.2494383,0.17866498,0.17866497,-0.011622911,0.41831493,-0.10764344,0.18414779
CCC(C)(C)C,-3.55,-1.594766,-1.6391981,-1.6179926,-1.6179926,-1.600684,-2.101804,-1.5807576,-0.5222195,-2.9215271,-1.3143145,-1.996561,-1.9965614,-1.9875798,-1.88953,-1.974112,-1.9541616,-3.924662,-1.6834048,-1.8790327,-1.8790327,-1.87888,-1.7852587,-1.8957677,-2.8790233,-3.3644233,-1.7653813,-2.5884686,-2.5884705,-2.6636233,-1.9033242,-2.7104442,-2.5041196,-3.8389993,-2.1150877,-2.312956,-2.3129563,-2.2973707,-2.1129422,-2.2542493,-1.6685913,-1.2816511,-1.6114254,-1.4111794,-1.4111795,-1.4123924,-1.415857,-1.421247,-1.259227,-3.7643,-3.7705464,-2.848934,-2.8489337,-3.1718433,-3.0234942,-2.9454367,-3.0535686,-3.9087696,-2.293644,-2.9496446,-2.949644,-2.9422834,-2.0237138,-2.918109,-2.478936,-2.4146895,-1.9386342,-1.852627,-1.852627,-1.8275781,-1.7945977,-1.8641074,-1.9121217
CSc1nnc(c(=O)n1N)C(C)(C)C,-2.253,-2.642619,-3.1086712,-2.6906757,-2.6906757,-2.7152958,-2.9994836,-2.7459188,-2.1016433,-1.4049121,-2.359253,-1.9433573,-1.9433578,-1.9283426,-1.9944077,-1.918405,-2.3565743,-2.1806283,-3.9491286,-3.7577093,-3.7577095,-3.7530205,-3.9184263,-3.7752452,-2.2805393,-1.9328718,-1.8734323,-2.6431322,-2.6431327,-2.6365232,-2.0974488,-2.660929,-2.5211592,-2.5506992,-2.9739344,-2.7792985,-2.7792983,-2.8127356,-2.7545974,-2.8255575,-2.3492188,-1.921608,-3.0539985,-2.3276267,-2.327627,-2.3520155,-2.2777088,-2.3975945,-1.7985113,-3.6245716,-3.0165086,-3.082126,-3.0821264,-2.9766424,-3.190496,-3.0511122,-3.0011337,-1.2296213,-1.6550905,-2.2004464,-2.2004476,-2.2134237,-1.3330878,-2.253922,-2.22804,-2.2271981,-2.2614756,-2.2901778,-2.2901776,-2.2944071,-2.237687,-2.2675374,-2.2645047
CC1CC2C3CC(F)C4=CC(=O)C=CC4(C)C3(F)C(O)CC2(C)C1(O)C(=O)CO,-5.613,-5.5628667,-5.4237733,-4.9526486,-4.952649,-4.9787226,-5.381169,-4.992601,-4.3418865,-3.3285046,-3.4327297,-2.8395696,-2.8395686,-2.8150027,-3.0491896,-2.85584,-3.3014457,-4.7686076,-2.2216768,-2.5612922,-2.5612922,-2.5244963,-2.532839,-2.7358859,-3.3493478,-5.0109596,-3.2979891,-4.0707674,-4.0707674,-4.01254,-3.2855108,-4.15957,-4.308465,-5.009571,-5.01242,-4.8016353,-4.8016353,-4.808535,-4.72446,-4.823279,-4.285196,-4.5241213,-4.035322,-4.0070424,-4.007043,-3.7553916,-3.9511719,-3.7242346,-4.2917147,-4.166519,-3.7280755,-3.6173787,-3.6173787,-3.682728,-3.888404,-3.63124,-3.6568062,-3.9556878,-3.2525291,-3.9154072,-3.9154067,-3.8718095,-2.498978,-3.8756757,-3.7789497,-4.813324,-4.202277,-4.0114317,-4.0114317,-4.1121054,-3.9960585,-4.4693995,-3.9403813
CN(C)C(=O)NC1CC2CC1C3CCCC23,-3.1710000000000003,-3.280384,-3.4230852,-3.110863,-3.110863,-3.062438,-3.39803,-3.0049152,-2.6134398,-3.0914962,-3.1569927,-3.3476355,-3.3476346,-3.3087008,-3.5642633,-3.305148,-3.0231428,-3.2748253,-3.9827507,-3.8911412,-3.8911407,-3.8738587,-3.9141557,-3.861308,-3.5382175,-3.403838,-3.6007771,-4.274827,-4.274827,-4.269539,-3.438773,-4.2906137,-4.1046934,-3.3780098,-3.3102,-3.145881,-3.1458805,-3.1409752,-3.115044,-3.0778089,-2.992343,-3.196309,-3.467246,-3.098786,-3.0987859,-2.8648286,-3.14589,-3.2569585,-3.1492722,-3.3259628,-4.1316915,-3.4804907,-3.4804904,-4.098997,-3.595493,-3.5168972,-3.3153286,-3.391433,-3.9254405,-4.7568274,-4.756827,-4.7401285,-3.4342024,-4.7805247,-4.989235,-3.1517453,-2.6184487,-2.1819227,-2.181923,-2.1564443,-2.5844896,-2.740924,-1.972436
COP(=S)(OC)SCC(=O)N(C)C=O,-1.995,-2.9825757,-3.5087495,-3.2918663,-3.2918658,-3.1618078,-3.4069564,-2.8575752,-2.7451463,-2.5860507,-2.1288688,-1.9767665,-1.9767663,-1.8996447,-1.7168494,-1.8216949,-2.1539464,-1.6041327,-3.226866,-2.735683,-2.735683,-2.7576878,-2.9899962,-2.6664288,-1.0825331,-1.7561216,-0.84546936,-1.7848198,-1.7848194,-1.1945671,-0.96491593,-1.3905271,-1.7712828,-2.5381134,-3.4923587,-3.2344108,-3.2344108,-3.2097433,-3.3162026,-3.138589,-2.8003104,-2.8910127,-3.3706183,-3.732466,-3.7324665,-3.586245,-3.7626204,-3.759757,-4.3080635,-2.1362412,-3.0606508,-2.3412786,-2.3412788,-3.1434665,-3.1078327,-2.8729005,-2.1276646,-2.2943995,-1.946899,-2.9518838,-2.9518838,-2.6439986,-1.5489279,-2.6341126,-2.5408547,-2.2735908,-2.7721,-2.296582,-2.2965817,-2.261623,-1.7095753,-2.1501024,-2.8585603
Clc1cccc(Cl)c1c2ccccc2 ,-5.21,-2.8731465,-3.2957227,-2.8795905,-2.8795905,-2.864795,-3.1146035,-2.8764606,-2.5418217,-4.7201633,-4.763707,-5.153917,-5.1539173,-5.1110687,-5.0141788,-5.089464,-5.4837494,-5.3463,-4.3116055,-4.338951,-4.3389516,-4.3459153,-4.3338404,-4.338896,-5.461987,-5.0307536,-4.009099,-4.9731474,-4.973148,-4.690381,-3.76141,-4.77755,-4.322193,-5.612674,-3.6717854,-4.5982194,-4.5982194,-4.575046,-4.212825,-4.7101116,-4.7858763,-4.0637507,-3.2122397,-3.451923,-3.451923,-3.4283466,-3.4449008,-3.3566947,-3.9802468,-5.371203,-6.0242057,-4.7971263,-4.7971263,-6.3385406,-5.3939238,-5.01937,-5.0606885,-4.9353867,-4.7462955,-5.375916,-5.3759155,-5.389431,-4.102787,-5.340771,-5.545224,-5.1466694,-5.768521,-5.825694,-5.825695,-5.8183775,-5.7697005,-5.7326984,-5.3295426
Clc1ccc(CN(C2CCCC2)C(=O)Nc3ccccc3)cc1,-5.915,-5.3416543,-5.9241486,-5.399781,-5.399781,-5.369198,-5.6808634,-5.33388,-4.1115093,-4.2869406,-4.273467,-4.4317145,-4.431713,-4.396467,-5.1099315,-4.408966,-4.982806,-5.7205706,-4.436045,-4.6848893,-4.6848893,-4.707048,-4.931296,-4.5266867,-5.2805634,-5.845275,-5.287467,-5.8497105,-5.849711,-6.1131086,-5.0632873,-6.347043,-5.5727563,-4.8157234,-5.3394923,-5.198046,-5.198046,-5.1370587,-5.058655,-5.1970744,-4.5763164,-4.769643,-4.4726133,-4.9878564,-4.9878564,-4.9563565,-4.8812895,-5.162657,-4.5803165,-4.5870605,-4.7125225,-4.0532117,-4.053212,-4.4105287,-4.6922894,-4.247726,-3.939708,-4.9394336,-4.8820596,-5.203585,-5.2035856,-5.178098,-3.9856932,-5.234116,-5.0852556,-5.9034104,-5.795484,-5.9555902,-5.9555902,-5.9502835,-5.760318,-5.8956428,-5.912382
CC34CCC1C(CC=C2CC(O)CCC12C)C3CCC4=O,-4.12,-4.1077394,-4.012034,-3.6445034,-3.6445034,-3.6720304,-4.088356,-3.6956174,-3.2064734,-3.6847463,-3.8953633,-4.1953897,-4.195389,-4.129432,-4.504825,-4.1186604,-4.2204328,-3.987887,-3.4274452,-3.733634,-3.7336342,-3.7110016,-3.7570975,-3.6952496,-4.008378,-4.6410284,-4.236603,-4.5311017,-4.531102,-4.870567,-4.24968,-5.1931396,-4.8954268,-4.372757,-4.0195584,-3.7473052,-3.7473054,-3.7736852,-3.681726,-3.7626512,-3.3296123,-5.1276402,-3.352826,-3.3167057,-3.3167057,-3.2493384,-3.3035467,-3.319058,-3.6600342,-4.1275945,-3.8662984,-3.7844071,-3.7844071,-3.9185276,-4.0248747,-3.8315825,-3.6680284,-4.3703275,-4.5571303,-5.3119946,-5.3119946,-5.274137,-3.7218616,-5.390475,-5.196934,-4.1664877,-4.3203435,-4.035384,-4.035384,-4.003159,-4.233846,-3.8458855,-4.8156004
Cc1c(cc(cc1N(=O)=O)N(=O)=O)N(=O)=O,-3.22,-4.386304,-3.5864892,-3.5809572,-3.580958,-3.5529733,-3.9287524,-3.5798862,-4.6153336,-3.1374164,-1.9487675,-3.3236663,-3.323666,-3.310896,-3.4254565,-3.2936728,-3.572298,-3.1069522,-3.6827695,-3.43246,-3.43246,-3.446777,-3.6163573,-3.429144,-2.6503108,-4.108449,-2.8142564,-3.9708056,-3.9708056,-3.7499104,-2.5652258,-3.7632608,-3.012516,-3.359974,-2.7730696,-2.7426145,-2.7426145,-2.7335675,-2.9178216,-2.7722898,-2.7897937,-3.009326,-2.7177348,-2.5154314,-2.5154316,-2.3918333,-2.5487232,-2.407023,-2.4191432,-3.0415382,-3.073546,-3.4760716,-3.4760716,-3.28719,-3.7078023,-3.4543066,-3.479869,-3.3891368,-3.6847887,-4.0061564,-4.006157,-4.0315113,-3.3183773,-4.159416,-2.652229,-3.1746845,-3.1748922,-3.116442,-3.1164417,-3.1004214,-3.0770137,-3.1481078,-3.1683872
Clc1ccc(Cl)c(c1)c2c(Cl)c(Cl)cc(Cl)c2Cl ,-7.42,-8.774759,-4.860016,-4.987105,-4.987105,-4.9500976,-5.26555,-4.9074907,-7.2872605,-7.9382873,-7.788599,-8.11699,-8.116988,-8.062298,-7.610624,-8.117117,-8.212504,-7.7216873,-6.823418,-7.0174174,-7.017417,-7.033162,-7.0679584,-6.9604344,-8.357057,-7.792388,-7.053071,-7.9659986,-7.9659986,-7.847196,-6.8813477,-7.9992576,-7.522129,-7.8350782,-4.2681036,-4.202227,-4.2022266,-4.127802,-4.2702293,-4.1946807,-6.3434324,-5.704379,-3.2373016,-3.4505754,-3.4505756,-3.416453,-3.4853303,-3.4074292,-4.1984,-7.465651,-5.9140973,-7.206085,-7.2060843,-6.2934628,-7.5625334,-7.248072,-8.027564,-7.561029,-8.272327,-8.890066,-8.890066,-8.869862,-7.285918,-8.998823,-8.389524,-7.541414,-8.512883,-9.100216,-9.100215,-9.081035,-8.532997,-9.306903,-8.538967
Clc1ccc(c(Cl)c1)c2c(Cl)ccc(Cl)c2Cl ,-7.43,-6.0224032,-4.2872467,-4.0909543,-4.090955,-4.0900607,-4.4249463,-4.101823,-4.6024733,-7.5322556,-6.9790654,-6.8298635,-6.829863,-6.7844048,-6.618914,-6.795112,-7.3388023,-7.196389,-6.9951506,-7.3663254,-7.3663254,-7.3807807,-7.577013,-7.367188,-7.1901665,-7.3379035,-6.1223598,-7.1735773,-7.1735773,-7.02345,-5.9114194,-7.179807,-6.87112,-5.1878405,-3.5269668,-3.3835356,-3.3835359,-3.4086435,-3.3963847,-3.4309464,-3.9908364,-4.966546,-3.441422,-3.7313464,-3.7313461,-3.7016926,-3.721915,-3.6535287,-4.480263,-7.3565774,-5.6866326,-6.9765544,-6.9765534,-6.182172,-7.533553,-7.1909633,-7.3173733,-7.7869782,-7.398676,-7.900692,-7.900693,-7.879587,-6.4539585,-7.9221387,-7.8024697,-7.3443656,-7.521399,-7.4740505,-7.47405,-7.46462,-6.940362,-7.202317,-7.3276
CCCCC(=O)OCC,-2.25,-2.1803012,-2.64481,-2.328204,-2.3282042,-2.3118968,-2.592284,-2.2854073,-1.7369148,-1.0556762,-1.9313351,-1.5373405,-1.537341,-1.5355482,-1.7118336,-1.5255866,-1.8514647,-1.4134564,-2.1994557,-2.2565656,-2.2565653,-2.2572677,-2.1820018,-2.2753747,-2.270003,-1.223476,-1.3214697,-1.867267,-1.8672657,-1.7902657,-1.4533465,-1.9319824,-1.7038368,-2.2859278,-2.55546,-2.4160435,-2.4160435,-2.4441273,-2.4155946,-2.455834,-1.9175429,-1.6016798,-3.1561737,-3.2495613,-3.2495618,-3.113793,-3.2107058,-3.0782924,-3.608011,-2.1044312,-2.607752,-2.0178802,-2.01788,-2.790912,-2.1527894,-2.0115826,-1.9976251,-1.1067232,-1.8902867,-2.2977037,-2.2977037,-2.296814,-1.4379773,-2.3739312,-2.0693674,-2.13895,-2.3914535,-2.3636343,-2.3636339,-2.3573592,-2.298676,-2.285182,-2.360792
CC(=O)Nc1ccc(Br)cc1,-3.083,-3.2614322,-2.9559517,-3.0224621,-3.0224621,-3.0662792,-3.5473814,-3.0731747,-2.6411705,-3.4900622,-3.558592,-2.490945,-2.4909449,-2.4676974,-2.7151983,-2.4827626,-2.6870425,-3.356173,-2.668177,-2.7438347,-2.7438347,-2.7474806,-2.6531377,-2.7657375,-4.118238,-2.3908677,-2.334423,-2.9365392,-2.936538,-2.8872178,-2.2104275,-2.8478165,-2.6008437,-3.393521,-2.4402964,-2.3653867,-2.3653865,-2.4104967,-2.345767,-2.4208994,-2.9680219,-3.7583752,-3.2726347,-3.552957,-3.5529568,-3.5155997,-3.542588,-3.469654,-4.1213603,-1.788298,-2.6082528,-1.6199988,-1.6199995,-2.4210067,-1.8668485,-1.6353937,-1.5798048,-3.2354233,-3.049049,-3.454843,-3.454843,-3.4523768,-2.4832199,-3.5228262,-3.3832223,-3.1004086,-2.9915936,-2.947519,-2.9475193,-2.9429688,-2.994722,-3.0074897,-3.0547266
CCOCC,-0.09,-1.1626368,-1.6723169,-1.2535366,-1.2535365,-1.2885735,-1.5201585,-1.2848302,-0.7140572,-0.35952926,-1.0029253,-0.3760701,-0.37607026,-0.36532855,-0.47672084,-0.3318988,-1.0518072,0.105452776,-1.128316,-1.1333607,-1.1333607,-1.1338507,-1.0370965,-1.1587609,-0.45788598,-0.12560809,-0.24019276,-0.57741106,-0.5774105,-0.42831856,-0.20127732,-0.53112704,-0.644234,-1.0180706,-2.6405442,-2.0491688,-2.0491688,-1.8744291,-1.8972049,-2.1258566,-1.3996645,-0.6897911,-2.0124834,-1.8348043,-1.8348043,-1.843535,-1.7653316,-1.8243699,-0.9939666,-0.5777627,-0.6148354,-0.1979951,-0.19799498,-0.37489274,-0.48074573,-0.21890087,-0.28136882,-0.38851967,-0.68904513,-0.9773379,-0.97733796,-0.98368645,-0.54790103,-1.0017952,-0.79339147,-0.30907357,-0.3773505,-0.3194338,-0.31943384,-0.30582377,-0.4537895,-0.40240258,-0.4951449
CCOP(=S)(OCC)Oc1nc(Cl)c(Cl)cc1Cl ,-5.67,-5.7187433,-4.8929043,-4.6315637,-4.6315637,-4.622867,-4.926807,-4.6037245,-4.634105,-4.798375,-3.9987214,-4.817071,-4.8170705,-4.780177,-5.044557,-4.7492256,-4.7217793,-5.46666,-5.9826283,-5.7843385,-5.7843385,-5.8039827,-5.906189,-5.682401,-5.901945,-5.5874453,-5.321448,-6.0674067,-6.0674067,-5.8593073,-5.26195,-6.2098174,-5.697666,-4.322551,-4.547226,-4.3945146,-4.394515,-4.3942986,-4.31715,-4.373089,-4.344083,-3.7035804,-3.8259897,-4.3656335,-4.3656335,-4.3129516,-4.350835,-4.2919197,-4.674655,-3.4679923,-3.5790951,-2.8990872,-2.8990872,-3.3670807,-3.273198,-2.9547925,-3.0992026,-5.4840827,-4.871854,-5.761427,-5.761427,-5.9407334,-4.032379,-5.9959645,-5.8925347,-5.1927466,-5.6215487,-5.693174,-5.693174,-5.683591,-5.4657307,-5.7084303,-5.6683702
O=N(=O)c1ccc(cc1)N(=O)=O,-3.39,-4.0645466,-2.6095674,-2.6847923,-2.6847923,-2.7097926,-3.149068,-2.7094333,-2.9280362,-3.2983716,-0.7909689,-2.9994402,-2.9994397,-2.9920022,-2.9005089,-2.9807143,-2.010182,-3.3118274,-2.2946382,-2.4535344,-2.4535344,-2.4618938,-2.370316,-2.447609,-3.792861,-2.6383593,-1.9071782,-2.847106,-2.8471065,-2.7576861,-1.9045861,-2.781296,-2.3935895,-3.3615117,-3.6988285,-2.9997954,-2.9997954,-2.952161,-2.9791665,-2.7105463,-3.1346548,-3.6058323,-2.9751,-3.2828999,-3.2828999,-3.2014487,-3.23649,-3.3364716,-3.8905952,-2.8102715,-2.4649487,-3.0221863,-3.0221865,-2.7954488,-3.2406752,-3.0716653,-2.9697855,-3.2292824,-2.321433,-2.336913,-2.336913,-2.3377304,-1.7633138,-2.407601,-3.0811648,-3.3434558,-3.1969104,-3.1061652,-3.1061654,-3.0978346,-3.2285533,-3.2371624,-3.3814416
Cc1ncnc2nccnc12,-0.466,-2.0694203,-2.3421013,-2.1544104,-2.1544101,-2.1513238,-2.3488877,-2.1688547,-1.838149,-1.6594795,-2.2415502,-1.5863425,-1.5863425,-1.5801647,-1.727826,-1.5533171,-2.1480064,-0.6990551,-1.5293363,-1.6147926,-1.6147926,-1.6163423,-1.5374233,-1.6400659,-1.5432018,-1.0003383,-1.0546818,-1.8887936,-1.8887932,-1.7602229,-1.1418839,-1.8420281,-1.1744211,-1.8476156,-1.8607343,-2.230282,-2.2302823,-2.203244,-2.0814278,-2.2033541,-2.0615525,-1.4424276,-2.3564286,-2.4278097,-2.42781,-2.4057136,-2.4724007,-2.3875356,-2.3620913,-1.5565192,-2.2611773,-1.5320197,-1.53202,-2.0535793,-1.8032964,-1.4961072,-1.5037684,-1.1594303,-1.417852,-1.9577707,-1.9577706,-1.9588816,-1.2481009,-1.9779743,-1.780097,-0.45859534,-0.35693234,0.04405669,0.044056855,-0.00713253,0.17430234,-0.310599,-0.52532095
c2ccc1nc(ccc1c2)c4ccc3ccccc3n4 ,-5.4,-7.206576,-3.7896523,-4.088791,-4.088791,-4.106554,-4.78363,-4.149254,-4.5120654,-5.2884645,-5.6964607,-5.456056,-5.4560556,-5.4106464,-6.055761,-5.4116926,-5.3539696,-5.2726464,-4.707768,-4.985661,-4.9856606,-4.978317,-4.7973933,-5.19398,-6.0891457,-5.4856634,-5.651972,-6.4034204,-6.4034195,-6.298479,-5.2864757,-6.342811,-5.5123754,-6.833201,-5.514443,-5.704455,-5.704455,-5.7390804,-5.4953256,-5.5501833,-6.2012362,-5.0121026,-5.05622,-5.249696,-5.249696,-5.292354,-5.103606,-5.1425858,-4.9736476,-5.188052,-6.161346,-5.1031156,-5.103116,-6.5773573,-5.7116814,-5.3652163,-5.0779667,-5.898393,-6.6294885,-7.0170403,-7.017041,-6.9333844,-5.8490243,-6.9410887,-6.925104,-5.404034,-5.4289904,-5.4547405,-5.4547405,-5.435666,-5.278098,-5.3998594,-5.3552995
Clc1c(Cl)c(Cl)c(N(=O)=O)c(Cl)c1Cl,-5.82,-5.6913905,-3.7895064,-3.8391802,-3.8391805,-3.8078024,-4.265539,-3.8419447,-5.6384344,-5.8164096,-2.8696468,-5.01241,-5.01241,-5.016067,-5.080568,-4.883558,-5.530325,-5.369543,-4.8105507,-4.5395093,-4.5395093,-4.554499,-4.842915,-4.5370445,-4.47332,-5.779934,-6.001216,-7.1735754,-7.173575,-7.102719,-5.9791307,-7.137173,-6.4044185,-5.155001,-2.565458,-2.5233293,-2.523329,-2.514323,-2.5195398,-2.543854,-2.8134696,-3.1951535,-2.5771866,-2.7290998,-2.7290998,-2.7058194,-2.783448,-2.6938283,-2.768311,-2.71306,-1.57802,-1.5916214,-1.5916216,-1.6177462,-1.8802025,-1.7249432,-1.7645165,-5.613328,-5.4746313,-5.5716033,-5.5716033,-5.630258,-4.4589663,-5.7214785,-3.9740295,-5.8663836,-3.7959647,-3.7803004,-3.7803006,-3.7540743,-4.026456,-3.8657818,-3.9717891
CCCCOC,-0.99,-1.7463545,-1.9188713,-1.66109,-1.6610897,-1.6893927,-1.9729825,-1.6671568,-1.2453976,-0.7659203,-0.9538341,-1.3128732,-1.3128736,-1.3008602,-1.2257742,-1.2520053,-1.4887,-0.64818126,-1.3645262,-1.3998396,-1.3998396,-1.4008658,-1.2777007,-1.4277208,-0.8809399,-1.0319407,-0.6046016,-1.0033404,-1.0033407,-0.9448905,-0.61036545,-0.99907166,-1.0291673,-1.8309345,-2.072982,-2.0987046,-2.098704,-1.9599075,-1.9239693,-1.8804199,-0.98415846,-1.7090746,-2.4620533,-2.0677848,-2.0677848,-1.9880111,-2.0553725,-2.0524135,-2.059971,-1.0821142,-1.58417,-0.7354906,-0.7354906,-1.3099965,-1.087512,-0.7740417,-0.8021893,-1.005152,-1.7125254,-2.3336744,-2.3336742,-2.1726978,-1.3573574,-2.334475,-1.919001,-0.96164274,-0.9232022,-1.0941467,-1.0941468,-1.0795631,-0.9109095,-0.98867816,-1.0324101
Oc1ccncc1,1.02,-0.5302289,-1.9310758,-1.6165727,-1.6165724,-1.6255358,-1.7331686,-1.6223634,-0.7709048,0.1602501,-0.7738413,0.039502162,0.039502047,0.04190028,-0.17844173,0.080919564,-0.7424146,0.45828056,-1.0527949,-1.0650998,-1.0650998,-1.066079,-0.9835979,-1.0833844,-0.23300952,0.39364213,-0.38178137,-0.85509735,-0.8550972,-0.7705591,-0.44409007,-0.7942768,-0.8160581,0.77931654,-1.5391908,-1.375755,-1.375755,-1.3624524,-1.3549135,-1.3180791,-0.17514929,-0.33804977,-1.9282721,-1.9191719,-1.9191719,-1.9074037,-1.9038588,-1.9445684,-1.4465743,-0.5197323,-0.2427121,-0.13159385,-0.13159545,-0.4664057,-0.37109205,-0.1538653,-0.26079032,0.3641912,0.2146979,0.037505943,0.037505932,0.033968385,0.19762726,0.017015759,-0.042820714,1.06484,1.2063798,1.2182953,1.2182955,1.2387614,1.0893561,1.0634512,0.8421377
c1ccc(cc1)c2ccccc2,-4.345,-1.9603736,-2.7492661,-2.5003152,-2.5003152,-2.5357184,-2.8320684,-2.5544088,-1.8367608,-3.953715,-3.6866362,-4.2084494,-4.2084484,-4.1613436,-4.202274,-4.1626015,-4.002467,-4.0894275,-2.8794212,-3.007242,-3.007242,-3.0103939,-2.9183486,-3.0211096,-3.9846396,-3.444554,-2.9844244,-3.860484,-3.8604832,-3.7182107,-2.972023,-3.736849,-3.5182896,-4.629819,-4.572508,-4.2306037,-4.230603,-4.327492,-4.0286503,-4.3159914,-4.1375036,-4.1764326,-3.293706,-3.5570226,-3.5570228,-3.5329204,-3.5330362,-3.445219,-4.075825,-5.269994,-5.826946,-4.9058657,-4.9058657,-6.196078,-5.567107,-5.2468963,-4.9155354,-3.514967,-3.746235,-4.448427,-4.4484277,-4.4031606,-3.306227,-4.3540626,-4.299251,-4.4782925,-4.177711,-4.125025,-4.125025,-4.1168275,-4.293278,-4.3693285,-4.423359
Cc1cccc(C)c1O,-1.29,-1.5829959,-2.2449987,-2.029094,-2.029094,-2.0217624,-2.1814098,-2.0347865,-1.5999426,-0.8743707,-1.7713084,-1.208782,-1.2087818,-1.2091746,-1.3566992,-1.1643522,-1.7745366,-0.7507828,-1.7428261,-1.8727831,-1.8727831,-1.8734543,-1.7963125,-1.8963759,-1.291027,-1.1927369,-1.794615,-2.4500363,-2.4500346,-2.4091873,-1.7440958,-2.450973,-2.2270792,-1.3399283,-1.797853,-2.1099107,-2.109911,-2.0814996,-2.010426,-2.0749745,-1.3842999,-1.9781075,-2.2265415,-2.235543,-2.235543,-2.2236547,-2.2247508,-2.1962671,-1.8812472,-1.6573025,-1.6344008,-1.44004,-1.44004,-2.096394,-1.5524175,-1.414597,-1.4120336,-1.0223114,-1.5285356,-1.8648823,-1.8648818,-1.8969834,-1.1838738,-1.8783895,-1.6655872,-1.2990407,-1.2233993,-1.1740067,-1.1740066,-1.1631818,-1.217209,-1.1686935,-1.1873244
O=c2[nH]c1CCCc1c(=O)n2C3CCCCC3,-4.593999999999999,-3.055242,-3.406465,-3.0606377,-3.060638,-3.0908267,-3.4158053,-3.126936,-2.5058062,-2.5545547,-3.0944607,-2.7080383,-2.7080388,-2.677405,-2.995976,-2.680487,-2.7900152,-3.5918827,-3.8109667,-3.5611825,-3.5611825,-3.548292,-3.7711344,-3.5859356,-3.1353123,-4.025322,-4.142265,-4.562112,-4.562112,-4.824981,-3.605856,-4.872293,-4.777843,-3.048778,-3.3504221,-3.321571,-3.3215714,-3.2829306,-3.3369663,-3.3258243,-2.4192517,-3.9222121,-3.3596013,-3.0701382,-3.0701385,-3.043445,-3.108464,-3.0773895,-2.9676723,-3.6773458,-4.169126,-3.6053188,-3.6053195,-3.9796724,-3.9970162,-3.529763,-3.9022188,-3.5256073,-3.6803582,-4.2509413,-4.2509413,-4.1776505,-3.1472938,-4.221146,-4.633662,-4.5902944,-4.3548603,-4.575593,-4.5755935,-4.5602493,-4.5197415,-4.5823336,-4.576121
Oc1cccc2ccccc12,-2.22,-2.393623,-2.3881466,-2.307803,-2.3078027,-2.3032799,-2.5448442,-2.322769,-2.0131524,-2.36229,-2.6532066,-2.4109678,-2.4109685,-2.4065616,-2.471016,-2.3600347,-2.810406,-2.0037096,-1.8784541,-2.0655706,-2.0655706,-2.0670297,-1.9569424,-2.0907423,-1.6539487,-2.571255,-2.8413925,-3.652863,-3.652862,-3.5421145,-2.7305968,-3.6028233,-2.9602156,-2.1915593,-1.9285133,-2.13948,-2.13948,-2.1170938,-2.0416784,-2.1238053,-1.9934536,-2.5513494,-2.3671994,-2.4342957,-2.4342957,-2.4148226,-2.4438775,-2.3901596,-2.2236006,-1.9256327,-1.7039491,-1.6406232,-1.6406233,-2.2204947,-1.7474234,-1.6593401,-1.5556086,-2.07684,-2.071611,-2.4157233,-2.4157226,-2.418463,-2.2154396,-2.4351044,-2.0762265,-2.1911247,-2.6529088,-2.51241,-2.5124094,-2.502181,-2.552713,-2.679853,-3.540781
CCCC(C)CO,-1.11,-2.0437834,-2.104385,-1.4985311,-1.4985311,-1.4821432,-1.6668085,-1.4466887,-1.1549078,-0.5854557,-1.242325,-1.5040088,-1.5040085,-1.4920077,-1.386608,-1.4522786,-1.661045,-0.72759277,-1.5502471,-1.6332961,-1.6332963,-1.6335,-1.5421963,-1.6575596,-1.0523304,-1.242815,-1.228582,-1.7046393,-1.7046388,-1.6666538,-1.2373459,-1.7293563,-1.6798142,-1.3160665,-1.8657323,-1.577514,-1.577514,-1.5934774,-1.5556949,-1.5715598,-1.1079932,-1.2347447,-2.2690387,-2.4065952,-2.4065955,-2.3603387,-2.3898168,-2.3816733,-2.0529566,-0.931033,-1.8231947,-0.5706404,-0.57063997,-1.6987995,-0.82205003,-0.5425388,-0.9061204,-0.9370357,-0.6090531,-1.0243679,-1.0243676,-1.0613549,-0.382857,-1.0612081,-0.99657315,-1.1024559,-1.4426162,-1.4229243,-1.4229244,-1.4503199,-1.4138614,-1.2037145,-1.412127
CC(C)Cc1ccccc1,-4.12,-2.2318254,-2.4981477,-2.0676801,-2.0676804,-2.097759,-2.3529537,-2.1168282,-1.5030339,-3.5777555,-2.231714,-3.2836604,-3.283659,-3.24653,-2.9973602,-3.2194576,-2.7755344,-4.442694,-2.687828,-2.7999287,-2.7999284,-2.7993944,-2.7045603,-2.8194222,-3.575757,-3.0414815,-2.4988441,-3.1781394,-3.1781402,-3.1275141,-2.3695843,-3.223682,-2.8829677,-2.8654785,-2.3225887,-2.11091,-2.11091,-2.142979,-2.0334122,-2.1405103,-2.0026364,-2.5300422,-2.6692796,-2.353709,-2.353709,-2.2641432,-2.3183124,-2.4649432,-2.5517845,-4.211658,-4.2132025,-3.7165139,-3.7165132,-4.376893,-4.4126244,-3.9902997,-3.7829225,-4.0565963,-3.2774804,-4.330795,-4.330795,-4.309555,-2.689438,-4.2565546,-3.9993782,-4.1285725,-3.266529,-3.0625088,-3.0625088,-3.0515106,-3.2203755,-3.344692,-3.4733217
Oc1cccc(O)c1,0.81,-1.2898208,-2.1117804,-1.8912747,-1.8912747,-1.8960363,-2.0609617,-1.9017233,-1.2347733,-0.46713957,-0.806346,-0.0995024,-0.09950242,-0.10333541,-0.31911427,-0.08051205,-0.8980414,-0.04358327,-1.2488036,-1.3277566,-1.3277566,-1.32869,-1.2109654,-1.3494074,-0.22476318,-0.4034379,-0.6084707,-1.2433405,-1.2433406,-1.1605794,-0.7338823,-1.1748445,-1.0549526,-0.7912181,-1.6430658,-1.5956396,-1.5956396,-1.5821939,-1.512819,-1.564092,-0.7586001,-1.2811036,-2.444891,-2.762374,-2.762374,-2.7068381,-2.720801,-2.843186,-2.657121,-0.22220847,-0.055819683,0.35140458,0.35140353,-0.21811898,0.017788168,0.35211983,0.0623469,-0.41484895,-0.07521169,-0.36479646,-0.36479646,-0.3726915,-0.113001086,-0.37735692,-0.44565356,0.82423127,0.6863746,0.5601704,0.5601705,0.5813401,0.86606044,0.8457926,0.5342873
CCC(C)C1(CC(Br)=C)C(=O)NC(=O)NC1=O ,-2.647,-4.2901278,-3.6225119,-3.377204,-3.3772044,-3.3531003,-3.762012,-3.2907085,-3.3878858,-3.0924215,-2.8019676,-2.6036685,-2.6036687,-2.5686948,-2.5267227,-2.532807,-3.1941907,-2.5986295,-4.7296977,-4.181762,-4.1817617,-4.183199,-4.5066705,-4.154627,-3.0001729,-3.0112991,-2.923603,-3.3681211,-3.3681214,-2.9880803,-2.1584332,-3.2814407,-3.2137313,-3.3348556,-3.5693772,-3.3555982,-3.355598,-3.3139217,-3.3450696,-3.0038278,-2.9513698,-3.476094,-2.76093,-3.0717664,-3.0717666,-3.0189013,-3.1076765,-3.016512,-3.431999,-2.753813,-2.3444543,-2.4017498,-2.40175,-2.4240377,-2.7195375,-2.4560483,-2.6089966,-2.4642537,-2.4664938,-3.1133256,-3.113325,-3.1347432,-2.0189774,-3.1708214,-2.9663823,-2.6168067,-2.5368376,-2.6648102,-2.6648104,-2.675205,-2.474997,-2.632585,-2.6203783
CCC#N,0.28,-0.22253537,-1.0903183,-0.50342405,-0.5034243,-0.5162498,-0.6641506,-0.51310366,-0.37070444,0.018866066,-0.15569708,0.10246472,0.102464594,0.100667775,-0.011874052,0.12289488,-0.52271044,-0.22822146,-0.9811666,-0.9608905,-0.9608905,-0.9617273,-0.9229783,-0.9752024,-0.8713463,-0.4378615,-0.26984107,-0.68371284,-0.68371147,-0.64012855,-0.2698182,-0.6523227,-0.72134197,0.17275831,-1.4733078,-1.1969914,-1.1969914,-1.2084454,-1.0069019,-1.2554806,-0.2058242,-0.5172786,-1.3412517,-0.4739369,-0.47393703,-0.46849135,-0.5471401,-0.5879864,-0.52971005,0.18226111,-1.0392,0.4791612,0.4791608,-0.6218632,-0.07644667,0.38792822,-0.10758233,0.30255315,0.45657533,0.30943856,0.30943847,0.2867708,0.56677514,0.2738436,0.29282305,0.3753072,0.046611167,0.047891073,0.047891043,0.075317256,0.096885055,0.23326623,0.20605394
CCCCCCBr,-3.81,-2.8594694,-2.383932,-2.1626518,-2.1626518,-2.1027522,-2.499878,-2.0662205,-2.0513878,-3.4923413,-2.269371,-3.3637626,-3.3637624,-3.3441331,-3.0536442,-3.2834544,-2.5304463,-3.4461799,-2.3329012,-2.4220529,-2.4220529,-2.4265983,-2.2781575,-2.418292,-4.222045,-3.5652664,-2.5554812,-3.1047988,-3.1047986,-3.3059967,-2.7454042,-3.494603,-3.127311,-3.80266,-2.6099772,-2.66647,-2.66647,-2.4614267,-2.4205155,-2.3131573,-3.2286944,-2.242588,-2.7793837,-2.611164,-2.611164,-2.541926,-2.5859053,-2.5194068,-2.8485134,-3.9493058,-3.6036522,-3.6213284,-3.6213279,-3.5223284,-4.306529,-3.9124024,-3.8322842,-3.5354023,-3.4290383,-4.195368,-4.1953673,-4.509765,-2.8349874,-4.5259748,-4.3182936,-3.5695412,-4.1843734,-4.055553,-4.055553,-4.1048994,-4.0569234,-4.1531997,-4.1299634
CON(C)C(=O)Nc1ccc(Br)c(Cl)c1,-3.924,-4.430406,-4.042659,-3.8951976,-3.8951976,-3.9222534,-4.3768196,-3.9389694,-3.590263,-3.4930005,-3.8184967,-2.8922598,-2.8922591,-2.8735359,-3.2502046,-2.8922553,-3.241179,-3.1171548,-3.9055202,-3.618432,-3.6184323,-3.614059,-3.5688355,-3.6934295,-3.3500016,-3.220409,-2.5201976,-3.3692803,-3.3692791,-3.0999815,-2.2598124,-3.3461752,-2.8406856,-5.169017,-3.624566,-3.6749876,-3.6749873,-3.7138045,-3.5281138,-3.7529037,-5.0868206,-3.5483303,-3.7225578,-3.8130507,-3.8130512,-3.5848773,-3.8086681,-3.62075,-4.14568,-3.0750194,-3.304178,-2.4925363,-2.4925368,-3.0744572,-2.9640858,-2.5078895,-2.7347686,-4.4231443,-2.9416194,-3.6751595,-3.6751587,-3.6869411,-2.438185,-3.7849946,-4.0779495,-4.1442633,-3.7153192,-3.6989684,-3.698969,-3.7027817,-3.7337446,-3.7781553,-3.9463696
C,-0.9,-0.7504603,0.057711758,-1.9438882,-1.9438883,-1.883664,-2.2111964,-1.793247,-0.69494146,-1.2745172,0.6406189,-0.12183724,-0.121837296,-0.12706953,0.11062326,-0.11627578,-0.25553393,-1.3586869,-0.8095032,-0.70858514,-0.70858514,-0.70920056,-0.7451631,-0.71820146,-0.8988985,-0.21329978,0.0600693,-0.2795163,-0.27951545,-0.24097784,0.06945496,-0.26654875,-0.38471702,-0.5777813,-0.96208465,-0.35838073,-0.35838073,-0.36406422,-0.4437623,-0.390371,-0.78952324,-0.5809336,-0.7111253,-0.16429286,-0.16429286,-0.19210035,-0.179981,-0.19416411,-3.6987348,-0.94204235,-1.494494,-0.96622187,-0.9662215,-0.87596357,-0.74453443,-1.0128043,-1.4251411,-0.9088136,-0.5044633,-0.76734424,-0.76734436,-0.76094306,-0.31894755,-0.76291263,-0.9048383,-1.9695027,-1.2620469,-1.1414776,-1.1414776,-1.1372709,-1.4749858,-1.4605795,-2.3979042
CC(C)=CCC/C(C)=C\CO,-2.46,-2.7920463,-2.9546008,-2.5727046,-2.5727048,-2.548669,-2.787963,-2.4369814,-2.0088267,-2.369052,-2.727057,-2.637762,-2.6377618,-2.594371,-2.8249288,-2.6569195,-2.8929832,-1.9620421,-2.5919158,-2.4481719,-2.4481719,-2.4443357,-2.4544728,-2.453064,-1.5406353,-2.5626278,-1.6013099,-2.5457225,-2.5457225,-2.6363602,-1.8790472,-2.6661267,-2.1231742,-3.0367537,-2.8646812,-2.6052713,-2.605271,-2.617428,-2.5549645,-2.5566301,-2.46022,-3.8291125,-3.2308698,-3.4958382,-3.4958382,-3.365216,-3.4783423,-3.469952,-4.2542877,-2.2611282,-3.0885572,-2.199465,-2.199465,-2.8696651,-2.0993333,-2.0414288,-1.9449427,-1.8362129,-1.4024161,-2.098606,-2.0986056,-2.0144715,-0.98123723,-1.9832718,-1.9665637,-2.4134502,-2.617875,-2.4343865,-2.4343865,-2.4634666,-2.4238164,-2.4211125,-2.3954523
CC12CC(=O)C3C(CCC4=CC(=O)CCC34C)C2CCC1(O)C(=O)CO,-3.11,-4.9561796,-4.9577646,-4.5668106,-4.5668116,-4.6003103,-5.015902,-4.6244493,-4.124183,-3.7106652,-4.0283666,-3.291613,-3.2916126,-3.2423942,-3.682869,-3.2389271,-3.830353,-3.644757,-3.0139816,-3.4125633,-3.4125633,-3.3470001,-3.4034257,-3.6556826,-3.9179432,-4.0471487,-3.3936284,-3.7990296,-3.7990303,-3.6206212,-3.2147262,-3.4925225,-4.1729665,-4.806615,-4.682816,-4.4821506,-4.4821506,-4.5320396,-4.4572735,-4.522371,-4.4130263,-4.278456,-4.481881,-4.3574066,-4.357406,-3.9171748,-4.226748,-3.8790026,-4.411173,-4.24224,-3.6697886,-3.844672,-3.844672,-3.8888912,-4.255908,-3.678287,-3.8072019,-3.5087974,-3.481106,-3.9458022,-3.9458013,-3.9385328,-2.8128173,-4.010163,-4.2658753,-3.1592686,-3.1297638,-3.0495653,-3.0495656,-3.0666378,-2.9576612,-3.0048573,-3.2361577
c1ccc2c(c1)ccc3ccccc32,-5.26,-4.0839305,-2.691648,-2.6772807,-2.6772804,-2.6820095,-3.0364065,-2.705385,-3.1679747,-4.7532654,-4.3523645,-5.1998434,-5.1998425,-5.1514387,-5.2978406,-5.15354,-5.12878,-4.976597,-3.0084043,-3.201233,-3.201233,-3.2042367,-3.0900803,-3.2112966,-4.2790685,-5.0288124,-4.498843,-5.600751,-5.6007495,-5.43513,-4.161281,-5.4820237,-4.9121156,-6.09625,-3.8183856,-3.9398186,-3.9398186,-4.0126195,-3.984333,-3.7920094,-4.959952,-4.2975774,-3.189159,-3.5077782,-3.5077782,-3.4821,-3.486964,-3.4112327,-3.9978173,-5.744558,-6.427431,-5.142884,-5.1428823,-6.6369634,-5.853443,-5.437565,-5.4755206,-5.5602884,-5.5412245,-6.066798,-6.0667973,-6.0503287,-5.0220337,-6.046844,-5.9005933,-5.1591964,-6.01912,-5.9160857,-5.916086,-5.910217,-6.0028677,-5.8085585,-6.2600255
Clc1cc(Cl)c(cc1Cl)c2cc(Cl)c(Cl)cc2Cl ,-8.56,-6.7392807,-5.0158496,-4.8545995,-4.8546,-4.872963,-5.255034,-4.8951693,-5.6224875,-8.187017,-7.6020555,-7.781847,-7.7818465,-7.730291,-7.6333427,-7.721821,-7.856529,-7.8265657,-6.669608,-6.9777355,-6.977736,-6.996149,-7.00994,-6.954163,-7.891708,-8.052824,-7.2282205,-8.366339,-8.366339,-8.20572,-7.3220005,-8.387185,-7.771221,-8.281972,-6.2952604,-6.623241,-6.6232405,-6.7408624,-6.8348165,-6.855535,-8.458009,-6.8905396,-4.1798315,-4.518003,-4.518003,-4.4916124,-4.401517,-4.481617,-5.2785664,-8.608194,-5.672606,-8.236525,-8.236525,-6.2624226,-8.70927,-8.306179,-8.327796,-7.9084196,-8.393344,-8.807367,-8.807365,-8.763589,-7.309305,-8.810457,-8.41543,-8.44641,-8.28727,-8.322155,-8.322156,-8.329867,-8.31714,-8.64606,-8.649731
CCN(CC)C(=S)SSC(=S)N(CC)CC,-4.86,-3.6612105,-4.173475,-3.9351542,-3.9351544,-3.9598773,-4.2792273,-3.9736798,-3.1494977,-4.4928823,-4.7503896,-4.208945,-4.2089434,-4.5274386,-5.054682,-4.3043594,-4.4386396,-4.5184617,-5.0537505,-4.853779,-4.8537784,-4.8524985,-4.9129725,-4.758909,-4.7374,-4.5335402,-3.4602263,-4.1791263,-4.1791253,-4.2966375,-3.0091786,-4.346971,-3.7629402,-5.0113025,-4.7717443,-4.6221175,-4.6221175,-4.4965577,-4.528534,-4.6787386,-4.510219,-3.3278725,-3.5891125,-3.7955236,-3.795524,-3.6842618,-3.786083,-3.813871,-4.36057,-4.2679167,-3.6275911,-3.3842592,-3.384259,-3.586572,-3.9270701,-3.9682088,-3.4082208,-4.823096,-4.9868464,-5.3186717,-5.318672,-4.907828,-4.208152,-4.837323,-5.235056,-4.9154143,-5.042262,-4.7913923,-4.7913923,-4.7798347,-4.4649444,-4.606413,-4.787349
O=N(=O)c1cc(Cl)c(Cl)cc1,-3.2,-4.3931403,-2.750092,-2.75401,-2.75401,-2.7608757,-3.1408124,-2.7843986,-3.3498569,-3.3868663,-2.2695448,-3.2755103,-3.27551,-3.2817225,-3.236351,-3.2501142,-2.7866962,-3.2254734,-2.3779,-2.523784,-2.5237837,-2.5302489,-2.5045626,-2.5344806,-3.5939372,-3.3603897,-3.053717,-4.0584364,-4.058437,-3.9390466,-3.0312717,-4.049188,-3.4981086,-3.4415913,-2.144114,-2.2067244,-2.2067246,-2.2002435,-2.1250975,-2.2245576,-2.5222676,-2.4616134,-2.9477096,-3.0652761,-3.0652761,-3.0382428,-3.0493295,-3.118367,-2.8447032,-2.8112226,-2.0954537,-2.362223,-2.3622227,-2.3741345,-2.528409,-2.505954,-2.3298554,-3.1413722,-3.5535564,-3.5455441,-3.5455437,-3.564006,-2.9130528,-3.5763512,-3.698085,-3.2604775,-3.4654846,-3.3472269,-3.3472266,-3.3461013,-3.197185,-3.2401042,-3.2503657
CC1CCCO1,0.11,-1.132129,-1.5848212,-0.8390724,-0.83907205,-0.83459914,-1.0147693,-0.8346102,-0.63888496,-0.6814639,-1.1697195,-1.1977683,-1.1977681,-1.1910602,-1.2826132,-1.1788816,-1.2830831,0.107207716,-1.1271843,-1.1402743,-1.1402743,-1.140789,-1.0481442,-1.1593822,-0.6815951,-0.06496479,-0.6855383,-1.107488,-1.1074874,-1.0076764,-0.58518916,-1.0616823,-1.0619671,-0.50126755,-1.5726011,-1.2965481,-1.2965481,-1.310264,-1.2063344,-1.3117584,-1.070567,-1.0648495,-1.6826787,-1.4975824,-1.4975824,-1.502383,-1.4601392,-1.5302604,-1.008544,-0.2343036,-0.546487,0.09518817,0.09518791,-0.28708285,-0.19911359,0.11667682,-0.14810224,-0.5612914,-1.6980996,-2.0714946,-2.0714946,-2.067905,-1.5838882,-2.0880928,-1.6323355,0.085333064,-0.66297996,-0.63470846,-0.6347085,-0.64856744,-0.5888167,-0.44496107,-0.20506531
CCCCCCCC,-5.24,-2.8289144,-2.5837886,-2.40129,-2.40129,-2.3841195,-2.7286222,-2.3262243,-1.9961553,-3.787559,-2.1315258,-3.3066971,-3.3066978,-3.3215487,-3.316769,-3.3096378,-2.3622706,-4.452744,-2.4002132,-2.5414417,-2.5414414,-2.548187,-2.4089134,-2.5301194,-3.9898717,-4.5804033,-3.4350317,-4.088332,-4.0883317,-5.0278783,-3.7356608,-5.178181,-3.9166462,-3.2753425,-3.1909914,-3.0359452,-3.0359454,-2.6950326,-2.9998322,-2.9096916,-2.5871642,-3.434297,-3.5732193,-3.63769,-3.63769,-3.5262141,-3.5830739,-3.5045652,-4.424312,-5.241309,-4.544661,-5.0117407,-5.0117407,-5.2748985,-5.2182903,-4.9758563,-5.110955,-4.6595893,-3.5953631,-4.7494802,-4.7494802,-5.002242,-2.9051492,-4.899776,-4.825652,-4.668229,-4.745661,-4.767752,-4.7677517,-4.739492,-4.7049427,-5.2222004,-4.991794
CCSSCC,-2.42,-1.3616154,-2.2651742,-1.802861,-1.8028603,-1.8143313,-2.0116353,-1.8071275,-0.89455104,-1.9951715,-1.5767674,-1.5693479,-1.569348,-1.5569923,-1.4801568,-1.5414419,-1.5273902,-2.3614922,-1.549765,-1.6218947,-1.6218946,-1.6226752,-1.5864221,-1.6467124,-2.966585,-2.636626,-1.6579695,-2.3072858,-2.3072846,-2.2510414,-1.6550422,-2.3324196,-1.8505919,-1.6672649,-2.8473876,-2.8298676,-2.8298676,-2.6814787,-2.5182106,-2.6414225,-2.2699065,-1.108916,-2.5417576,-2.502532,-2.502532,-2.3307054,-2.4346693,-2.3112655,-2.0156174,-2.6443827,-4.5182033,-2.760041,-2.7600408,-4.4554915,-3.0683804,-2.5333924,-2.867483,-2.073632,-1.927409,-2.4931936,-2.4931936,-2.4654925,-1.6939783,-2.543901,-2.4264414,-2.6403666,-2.1292644,-1.9246564,-1.9246563,-1.977348,-2.2293236,-2.5674577,-2.8973668
Oc1c(Cl)cc(Cl)cc1Cl,-2.34,-4.169605,-2.9469848,-3.0787637,-3.0787632,-3.0588436,-3.437121,-3.0947022,-3.7666357,-3.1832154,-2.5067904,-3.2001147,-3.200114,-3.209312,-3.0649977,-3.1700456,-3.029916,-2.880801,-3.0961058,-2.9684641,-2.9684641,-2.974826,-3.033637,-2.987812,-2.7575507,-2.8712332,-2.7103343,-3.7122226,-3.7122219,-3.6132367,-2.7153573,-3.650026,-3.076027,-2.8888898,-2.3410451,-2.8081203,-2.8081203,-2.7819498,-2.8240392,-2.711663,-2.2197113,-2.530889,-2.585432,-2.8690605,-2.86906,-2.820224,-2.857104,-2.920174,-2.818544,-1.6031082,-0.66765636,-0.9759538,-0.9759549,-1.0904622,-1.1142651,-1.0505103,-0.83012253,-2.5861142,-2.4522157,-2.64586,-2.6458604,-2.6528995,-2.0914848,-2.66278,-2.581017,-2.4244933,-2.2195678,-2.304789,-2.3047893,-2.268057,-2.137248,-2.1868334,-2.346568
CCCCC1(CC)C(=O)NC(=O)NC1=O,-1.661,-2.6297688,-3.4013596,-3.2788117,-3.2788117,-3.2631495,-3.5292196,-3.2268796,-2.6517954,-2.0282826,-1.8294458,-1.3178385,-1.3178387,-1.2899346,-1.414982,-1.2567861,-1.9791057,-2.4837706,-3.7683938,-3.5606396,-3.5606391,-3.5779817,-3.6927907,-3.493225,-2.512648,-2.1173959,-2.636539,-2.951637,-2.9516366,-2.858733,-2.6456268,-2.9280894,-3.1133583,-2.3527284,-3.3313963,-3.1428244,-3.1428246,-3.135752,-3.2061815,-3.0982225,-2.9269245,-2.7324033,-3.3030791,-3.715692,-3.7156918,-3.6061664,-3.6739018,-3.542996,-4.2282963,-2.6765385,-2.3442616,-2.3441546,-2.3441541,-2.4073029,-2.6270745,-2.4112945,-2.4680517,-2.060765,-1.632084,-2.12216,-2.1221595,-2.1271799,-1.1307081,-2.1789296,-2.1052423,-1.7957331,-1.714435,-1.8658448,-1.865845,-1.876064,-1.5658993,-1.5989459,-1.7071536
Clc1ccc(cc1)c2c(Cl)cccc2Cl ,-6.14,-4.3073816,-3.5601058,-3.2301366,-3.2301364,-3.2302763,-3.5516539,-3.2681336,-3.2473247,-6.1226544,-5.6234064,-5.484324,-5.4843225,-5.44477,-5.4487576,-5.4348407,-5.6465836,-6.4879913,-5.325223,-5.456805,-5.4568048,-5.470303,-5.563151,-5.438539,-6.297142,-6.1033483,-4.8594766,-5.970661,-5.9706597,-5.772773,-4.788462,-5.850814,-5.4149346,-6.351851,-3.808996,-4.6032376,-4.603238,-4.604591,-4.449089,-4.663139,-5.5290136,-4.5415664,-3.3675,-3.6437511,-3.6437511,-3.611653,-3.6328835,-3.5727334,-4.335015,-6.4048157,-5.730577,-6.151815,-6.151815,-6.182213,-6.7432747,-6.3596783,-6.5552692,-6.1807604,-5.3867726,-5.8308377,-5.8308372,-5.8205347,-4.6403584,-5.870291,-6.4647493,-6.145629,-6.930927,-6.8729124,-6.8729124,-6.857595,-6.565105,-6.637433,-6.2992167
Nc1ccc(cc1)c2ccc(N)cc2,-2.7,-2.8880713,-3.1764398,-3.1525776,-3.1525774,-3.1979747,-3.6500323,-3.2200432,-2.5371552,-3.165933,-3.7252643,-3.2010803,-3.201081,-3.1542673,-3.4891222,-3.151631,-3.589897,-2.6537263,-3.2894897,-3.277803,-3.2778027,-3.2689822,-3.2758987,-3.3694196,-2.9735775,-3.238832,-2.4765325,-3.4378793,-3.4378781,-3.31229,-2.609191,-3.3223164,-3.0093777,-4.7621384,-4.992671,-4.722894,-4.722893,-4.8452096,-4.557893,-4.7922244,-4.5150523,-3.8704689,-4.664014,-4.574223,-4.5742226,-4.5422225,-4.4761953,-4.4579525,-4.870253,-3.8807087,-2.9329245,-2.932196,-2.9321961,-3.0767283,-3.2334208,-3.0393581,-2.8179405,-2.8260741,-3.731923,-4.26396,-4.2639594,-4.226249,-3.1902864,-4.2135777,-4.4344163,-2.599236,-3.0804532,-2.9436493,-2.943649,-2.9506564,-2.6817255,-2.6903641,-2.656528
OCC(O)C(O)C(O)C(O)CO ,0.06,-2.2721832,-2.8006938,-2.4455893,-2.4455895,-2.4580288,-2.7345414,-2.4872463,-1.9811544,-0.056671202,-0.80233413,-0.21360283,-0.2136033,-0.18967512,-0.26428214,-0.17883907,-1.1194009,0.8500916,-0.96296954,-0.97294265,-0.9729427,-0.97565305,-0.9466953,-0.97997653,0.86095804,0.8340677,0.4405219,0.84752893,0.8475296,0.8979449,0.63066816,0.7183052,-0.20969874,-2.11932,-2.4768245,-2.2997656,-2.2997656,-2.327528,-2.2921486,-2.2782037,-2.2629468,-3.1505349,-2.9383225,-3.1121173,-3.1121173,-2.864461,-3.0807707,-2.8328574,-3.581122,-0.07313986,-1.1311369,-0.41491958,-0.4149197,-0.87742084,-0.5755495,-0.4408625,-0.2708474,0.94100696,-0.20223427,-0.6838546,-0.6838546,-0.6950724,0.20700878,-0.7074407,-0.5349837,0.46468854,0.06290182,0.06262659,0.062626466,0.042598948,0.11304208,0.068255864,0.08976947
COP(=S)(OC)Oc1ccc(N(=O)=O)c(C)c1,-4.04,-3.9358096,-3.9264655,-3.6711726,-3.671173,-3.686542,-4.058144,-3.690703,-3.3422594,-2.6746044,-2.6382072,-2.7327409,-2.7327409,-2.6862051,-2.7308984,-2.7139354,-2.7692215,-3.3877125,-3.6594357,-3.3966777,-3.3966775,-3.4096193,-3.4748318,-3.361658,-2.5509298,-3.5938487,-2.9031148,-3.5712326,-3.5712318,-3.4386077,-2.6338017,-3.522853,-3.5902913,-4.1250296,-3.6166306,-3.2679145,-3.2679145,-3.297516,-3.1883187,-3.2933378,-3.5977967,-3.9690697,-3.5429409,-3.8761454,-3.8761456,-3.8056467,-3.8838596,-3.7271023,-4.4590783,-3.216554,-3.6571534,-2.7068582,-2.7068584,-3.5648437,-3.1955254,-2.8047147,-3.0886767,-3.3221507,-2.3919713,-3.1327617,-3.1327612,-3.1527853,-1.8848737,-3.157876,-3.224344,-3.94354,-4.024577,-4.065399,-4.0653987,-4.0669885,-3.8423028,-4.017618,-4.0423145
CN(C)c1nc(nc(n1)N(C)C)N(C)C,-3.364,-3.5935187,-3.5627806,-3.4958503,-3.4958508,-3.4700236,-3.8222857,-3.501634,-4.119776,-3.0260787,-2.1265624,-1.1626841,-1.1626834,-1.1275853,-1.689418,-1.0802755,-1.9527837,-2.8086991,-3.677511,-3.6931808,-3.6931808,-3.6861887,-3.6145363,-3.707981,-1.8922745,-2.4210796,-1.2878264,-2.5317144,-2.5317154,-2.482395,-1.6818812,-2.6087575,-2.3990934,-2.9159222,-3.5256495,-4.1537843,-4.1537848,-3.9856532,-4.0148964,-3.9426355,-4.430615,-3.9035764,-3.5403426,-3.9543285,-3.9543285,-3.9512386,-3.9787114,-3.8426814,-4.4099774,-2.9520888,-3.144593,-2.9474678,-2.9474678,-3.0268168,-3.169825,-2.9292538,-2.838057,-3.0892265,-1.3386058,-2.6329837,-2.6329827,-2.73311,-1.417935,-2.5770273,-2.4853692,-3.369225,-1.0668879,-1.0877182,-1.0877182,-1.0888009,-0.73727596,-0.83483374,-1.901465
Cc1cc(C)c(C)c(C)c1C,-4.0,-2.6264749,-2.6833177,-2.3445668,-2.3445663,-2.3389442,-2.5237803,-2.3610609,-2.0510247,-3.0998793,-2.4448469,-3.3240612,-3.32406,-3.307534,-3.474188,-3.2896683,-3.1876907,-3.6407852,-3.001234,-3.0002766,-3.0002766,-2.9982913,-3.0062883,-3.027398,-3.141176,-3.6114788,-2.4181435,-3.5191584,-3.5191586,-3.622779,-2.64097,-3.6599715,-2.9709096,-3.2838664,-3.4414337,-2.7247949,-2.724795,-2.7822974,-2.5560102,-2.7465708,-4.2277284,-3.1378875,-2.5100381,-2.6405253,-2.640525,-2.6147237,-2.7056062,-2.5907054,-2.858418,-4.4634595,-4.954915,-4.5305753,-4.5305753,-4.7649026,-4.855915,-4.5933914,-4.711408,-4.1233177,-3.7542539,-4.813397,-4.8133955,-4.851341,-2.9926064,-4.831612,-4.8091903,-3.9226258,-4.560966,-4.5636005,-4.5636005,-4.552308,-4.3625145,-4.1900992,-4.3683004
C1Cc2cccc3cccc1c23,-4.63,-2.27909,-2.4753,-2.3705733,-2.3705735,-2.3585436,-2.5804183,-2.3782184,-2.1961994,-3.1269739,-3.507805,-4.089327,-4.089327,-4.0772815,-4.1981754,-4.044157,-3.4906943,-3.706407,-2.2865512,-2.4260962,-2.4260962,-2.4257724,-2.3735163,-2.4476988,-3.5579627,-3.3939202,-3.5855412,-4.079142,-4.0791407,-4.0553665,-3.1837344,-4.016106,-3.806677,-4.652028,-3.2518387,-3.6661775,-3.666177,-3.6581218,-3.83243,-3.5362313,-4.906442,-2.891499,-2.2786994,-2.3378499,-2.33785,-2.311912,-2.394116,-2.2954228,-2.418485,-4.5251045,-5.6684346,-3.8733587,-3.873359,-5.3488293,-4.1269855,-3.921744,-4.2978597,-3.6146731,-3.9234695,-4.2751145,-4.2751136,-4.267409,-3.4423935,-4.27323,-4.0307584,-4.0519404,-3.139833,-3.042865,-3.0428648,-3.050229,-3.2113805,-3.270451,-3.7385185
CCCC(=O)OCC,-1.36,-1.6707866,-2.367007,-2.039221,-2.0392208,-2.0743494,-2.3290317,-2.0792274,-1.3828803,-0.6677929,-1.2224194,-0.59224665,-0.59224635,-0.5661078,-0.77894574,-0.5149044,-1.2647804,-0.83357155,-1.8670162,-1.9204234,-1.9204235,-1.9239763,-1.8619117,-1.9266506,-1.6864926,-0.99255687,-0.88989,-1.3580412,-1.3580415,-1.3209045,-1.030213,-1.4387174,-1.3579583,-1.4854021,-2.372914,-2.2371519,-2.237152,-2.2878034,-2.262539,-2.299916,-1.4134367,-1.3934529,-2.625597,-2.4357843,-2.4357846,-2.3903368,-2.439757,-2.445029,-2.3136394,-1.683574,-1.9754546,-1.5755788,-1.5755787,-2.1947284,-1.7599993,-1.5769049,-1.6086422,-0.7821336,-1.4704239,-1.8021107,-1.8021109,-1.8118168,-1.1215887,-1.8214875,-1.4692315,-1.0324119,-1.2165624,-0.9437812,-0.9437811,-0.9584569,-1.0736393,-1.0542663,-1.0456623
CCCCCCCCCCCCCCCCCCCC,-8.172,-6.0098085,-6.525949,-6.029448,-6.029448,-6.0778694,-6.467767,-6.1399446,-4.8473816,-7.280249,-4.822952,-7.9316044,-7.931605,-7.806199,-8.49095,-7.792513,-7.9633427,-7.876001,-7.0174384,-7.349797,-7.3497972,-7.278979,-7.0081944,-7.0957913,-8.698682,-9.117569,-8.166201,-8.505044,-8.505045,-8.804607,-7.6224484,-8.936149,-7.9903646,-6.3304625,-7.314998,-6.9933443,-6.9933443,-7.0376434,-6.811371,-7.2451205,-6.9054103,-5.5212393,-6.4844866,-6.083662,-6.0836625,-6.0060105,-5.9502063,-6.077582,-5.733376,-8.191534,-7.669948,-8.030203,-8.030202,-8.419336,-8.503213,-8.2421,-7.731427,-8.372847,-7.308116,-9.035421,-9.035419,-8.835667,-6.501115,-8.918232,-8.567057,-8.181758,-8.387824,-8.200683,-8.200684,-8.199374,-8.069352,-8.253272,-8.163391
CC(C)C(=O)C(C)C,-1.3,-1.1494159,-2.294178,-1.9358233,-1.9358231,-1.9510674,-2.139132,-1.973548,-1.0318563,-0.58009094,-1.2751529,-1.200402,-1.2004017,-1.1936927,-1.1875218,-1.1612542,-1.489466,-1.0326566,-1.9541919,-2.0784266,-2.0784268,-2.0793998,-2.081738,-2.099625,-2.0021768,-1.0982069,-1.6813473,-2.3567302,-2.35673,-2.1658666,-1.7844623,-2.3189182,-2.224486,-2.3129725,-3.7227437,-2.7004788,-2.7004788,-2.7469523,-2.7711813,-2.8056753,-2.2790248,-1.9985952,-2.1090045,-2.1003683,-2.1003683,-2.092188,-2.0627515,-2.0669067,-1.6313615,-1.467699,-1.9623561,-1.0091494,-1.0091496,-1.5896581,-1.3099799,-0.8649128,-1.2249031,-0.77955693,-1.4153775,-1.8371323,-1.8371315,-1.836021,-1.221307,-1.8618946,-1.76409,0.07803579,-0.44220895,-0.47644562,-0.47644562,-0.46164113,-0.20423636,-0.22051501,-0.13314776
CCC#CCC,-1.99,-1.5463072,-2.0509663,-1.7298828,-1.7298828,-1.7671933,-2.0072672,-1.7646172,-1.2180449,-1.4953157,-1.1362038,-1.3001163,-1.3001171,-1.2890422,-1.2686068,-1.2535796,-1.258282,-1.1867623,-1.4258033,-1.4841336,-1.4841335,-1.4837198,-1.36617,-1.5132428,-1.5384482,-1.4651375,-0.46815562,-0.9387921,-0.938791,-0.8497301,-0.59885395,-1.0104864,-0.8755586,-1.7496645,-3.3063085,-2.6579986,-2.6579983,-2.612696,-2.237843,-2.764993,-1.289979,-0.7834016,-2.533149,-2.594761,-2.594761,-2.5909376,-2.5645125,-2.5238438,-2.1366029,-2.4522579,-3.7676373,-2.009652,-2.0096517,-3.612794,-2.8577075,-2.4266205,-2.3483837,-1.4878713,-0.9378573,-1.6119822,-1.611982,-1.5332916,-1.0119176,-1.5910923,-1.1865804,-2.1107109,-3.1372228,-2.9597166,-2.9597168,-2.8965065,-2.9970875,-3.1187894,-3.741771
c1ccc2cc3cc4ccccc4cc3cc2c1,-8.6,-6.176472,-3.2851622,-3.534136,-3.5341358,-3.5560708,-4.158274,-3.5809472,-4.134842,-6.0202513,-5.263507,-5.5583887,-5.558388,-5.4745126,-5.9907103,-5.484372,-5.5733714,-8.288887,-4.3000093,-4.6244526,-4.6244526,-4.6160607,-4.371222,-4.6647534,-6.741878,-7.398196,-6.0058293,-7.4334297,-7.433429,-7.2885885,-5.470362,-7.4382076,-7.042529,-7.5055666,-5.5322328,-5.585538,-5.585538,-5.69677,-5.4687753,-5.605471,-6.308295,-5.7474966,-4.3942137,-4.671198,-4.6711984,-4.6617484,-4.5999756,-4.5295715,-5.0319214,-7.2493258,-6.839223,-7.661826,-7.6618257,-7.7633467,-8.082659,-8.0619135,-7.60367,-7.2650666,-6.698054,-7.3563757,-7.3563757,-7.2996893,-5.96117,-7.2966127,-7.8788414,-8.516667,-8.269281,-8.564909,-8.56491,-8.544519,-8.553087,-8.7149725,-8.537673
CC(C)C1CCC(C)CC1O ,-2.53,-2.4153135,-2.579938,-2.0523155,-2.0523152,-2.0605128,-2.305524,-2.070255,-1.5501677,-1.847448,-2.2351758,-3.0161386,-3.0161386,-2.9850006,-2.9272847,-2.9540164,-2.8685412,-2.2616343,-2.903302,-2.830527,-2.830527,-2.834719,-2.869907,-2.8027105,-2.2320724,-3.0418272,-2.7468534,-3.3580556,-3.3580558,-3.1169345,-2.6964166,-3.1625023,-3.757475,-2.006937,-2.4416304,-2.276786,-2.276786,-2.2961018,-2.2464142,-2.2888944,-1.8969826,-3.9692855,-2.96276,-3.1176324,-3.1176324,-3.004748,-3.062594,-2.9362946,-3.4641483,-2.4595478,-2.9766297,-1.7733716,-1.773372,-2.7508779,-2.0885077,-1.7682424,-1.9460889,-2.9492142,-2.9159338,-3.899715,-3.8997147,-3.90639,-2.3374436,-3.8548064,-3.8540874,-2.481392,-1.9909989,-1.69368,-1.6936802,-1.6787937,-2.1218023,-2.296632,-2.066724
Cc1c(cccc1N(=O)=O)N(=O)=O,-3.0,-3.0680804,-2.7830193,-2.587939,-2.5879388,-2.5974917,-2.8542013,-2.6195688,-2.3698835,-2.981051,-1.8299646,-2.621872,-2.6218722,-2.6330464,-2.4773226,-2.6107886,-2.5238624,-2.6338942,-2.6989024,-2.6556957,-2.6556954,-2.669379,-2.7243266,-2.6214275,-2.438948,-3.0526218,-2.3242362,-3.2817035,-3.2817028,-3.1282618,-2.174609,-3.1303794,-2.623181,-2.495753,-2.5373828,-1.9886978,-1.9886978,-2.004824,-2.0105195,-1.9840463,-1.8082016,-3.0865562,-2.2943094,-2.3962939,-2.396294,-2.3751888,-2.409473,-2.3511133,-2.1898863,-3.2639813,-2.4464383,-3.2407517,-3.2407517,-2.7801738,-3.5117059,-3.253765,-3.5589871,-2.769583,-2.8440504,-3.1259174,-3.1259172,-3.1423302,-2.3636138,-3.2219083,-2.5735674,-3.0522628,-4.034943,-3.9718826,-3.9718823,-3.9743896,-4.038122,-3.999765,-4.2980456
Clc1ccccc1c2ccccc2Cl ,-5.27,-2.6229668,-3.4169362,-3.3090794,-3.3090794,-3.2989168,-3.5380058,-3.292781,-2.4416833,-4.604848,-4.8303795,-5.243415,-5.243415,-5.1987696,-5.1235304,-5.1805334,-5.564714,-4.9976993,-4.2379193,-4.265246,-4.265246,-4.270419,-4.301583,-4.26601,-5.1508694,-4.8559127,-4.2004313,-5.0227633,-5.0227633,-4.797019,-3.7593231,-4.9087586,-4.3354044,-6.093372,-5.250463,-5.466353,-5.466353,-5.583406,-5.6108274,-5.6024947,-5.169922,-4.1606708,-3.2433639,-3.5243642,-3.524364,-3.5020218,-3.5061612,-3.4151163,-4.014043,-5.4640584,-6.1091886,-4.942289,-4.9422884,-6.4394693,-5.556009,-5.099112,-5.1881166,-4.826973,-5.60767,-6.2461967,-6.246196,-6.295423,-4.879111,-6.2004075,-5.7103243,-5.23815,-5.8353295,-5.900752,-5.9007525,-5.901874,-5.772497,-5.7538753,-5.468656
CC1CCCCC1NC(=O)Nc2ccccc2,-4.11,-4.100009,-3.9881124,-3.7955215,-3.7955215,-3.84742,-4.286061,-3.8962483,-3.1785803,-3.7759144,-3.785453,-3.3395166,-3.3395162,-3.2619224,-3.9928348,-3.3499045,-3.6359127,-3.6338353,-3.8582416,-3.9028785,-3.9028783,-3.857901,-3.8496628,-4.070625,-3.6239223,-4.1432357,-3.9465508,-4.4023294,-4.4023294,-4.4209003,-3.650119,-4.5926557,-4.3540535,-3.6513863,-3.8657267,-3.6679838,-3.667984,-3.7242472,-3.6524034,-3.7494473,-3.3278863,-3.5352733,-4.5567703,-3.7670288,-3.7670288,-3.7695155,-3.6422718,-3.8894734,-3.2559347,-3.8791566,-4.5383315,-3.5804996,-3.5805001,-4.148282,-3.9299302,-3.5849543,-3.3411062,-3.9620063,-4.6209197,-5.2040076,-5.2040076,-5.111242,-4.035734,-5.1562304,-4.994161,-4.0534267,-3.942383,-3.988211,-3.9882114,-3.9659114,-4.1048,-4.1302366,-4.088773
CC1CC2C3CCC(O)(C(=O)C)C3(C)CC(O)C2(F)C4(C)C=CC(=O)C=C14,-4.099,-5.349018,-5.0637093,-4.702541,-4.7025423,-4.7251573,-5.1013894,-4.749491,-4.266235,-3.6634974,-3.829642,-3.1198711,-3.1198707,-3.076615,-3.5207381,-3.0675688,-3.7763164,-3.9897017,-2.7995212,-3.248951,-3.2489505,-3.2083716,-3.2895687,-3.3398447,-4.001612,-4.5320616,-3.6446521,-3.9638915,-3.9638925,-4.2042174,-3.6595256,-4.4213586,-4.645805,-4.4080696,-4.758529,-4.5141654,-4.514165,-4.522178,-4.434324,-4.5455594,-3.908348,-4.6398473,-4.202183,-4.543207,-4.543207,-3.997848,-4.4702344,-3.7670643,-4.8805227,-4.405361,-3.855682,-3.6136553,-3.6136556,-3.6931734,-3.8599007,-3.6005497,-3.7557065,-3.874754,-3.8068354,-4.312946,-4.3129454,-4.2901726,-2.9397826,-4.330061,-4.307132,-4.1103563,-4.172782,-4.041031,-4.041031,-4.059455,-3.9905958,-3.9450548,-3.9484107
CCC(C)C(C)C,-4.28,-2.0438523,-1.9875064,-1.4745394,-1.4745394,-1.4630764,-1.7828059,-1.4467249,-1.1299952,-2.6803854,-1.7827361,-2.4501834,-2.4501832,-2.4368901,-2.4192576,-2.4102967,-2.244147,-3.574966,-1.957342,-2.0852501,-2.0852501,-2.0871053,-2.028029,-2.087978,-2.7902288,-3.8654494,-1.9937018,-2.7906566,-2.7906563,-2.9130642,-1.9246068,-2.9698317,-2.6626923,-2.1124144,-1.9257764,-1.6767409,-1.6767409,-1.6769301,-1.6494584,-1.601157,-1.3562222,-1.5926793,-1.9655697,-1.9289826,-1.9289825,-1.9069,-1.923074,-1.9179702,-1.6552905,-4.1103354,-4.122439,-3.4223433,-3.422343,-3.7767568,-3.715028,-3.5328107,-3.6060667,-3.5240846,-2.6861267,-3.2882495,-3.2882493,-3.319333,-2.3905807,-3.3349617,-3.0371168,-3.8193862,-3.2685394,-3.1758494,-3.1758494,-3.207681,-3.2856622,-3.358156,-3.506673
CC(=O)c1ccccc1,-1.28,-1.8028952,-2.2082062,-1.9459476,-1.9459476,-1.9600881,-2.153716,-1.9655387,-1.5360914,-1.6936716,-1.9328938,-1.390648,-1.3906482,-1.3816301,-1.4335427,-1.3467584,-2.0415623,-1.6853476,-1.7173054,-1.8848742,-1.8848741,-1.8863512,-1.828694,-1.905788,-2.212956,-1.5160707,-2.0490618,-2.6325588,-2.6325586,-2.5497289,-2.0340765,-2.5859025,-2.3885658,-1.8484967,-1.7834747,-2.004168,-2.0041678,-2.0090535,-1.877734,-2.0139933,-1.5000093,-1.564325,-2.349156,-2.3574471,-2.3574471,-2.346293,-2.3484695,-2.3144689,-1.9438845,-1.2952015,-2.334245,-0.96748716,-0.9674872,-2.0916128,-1.299353,-1.0127661,-1.0708388,-1.4170146,-1.2054101,-1.6452898,-1.64529,-1.6525414,-1.0514094,-1.6615518,-1.3471863,-1.2409947,-1.5400093,-1.5984092,-1.5984092,-1.6105344,-1.2681551,-1.3553299,-1.1159827
CN(C)C(=O)Oc1nc(nc(C)c1C)N(C)C,-1.95,-4.459468,-3.8150127,-3.656255,-3.6562552,-3.6542077,-4.011959,-3.6933734,-3.8048332,-2.0026886,-2.274349,-1.5254593,-1.525459,-1.4886274,-1.9994234,-1.5198727,-2.1627858,-1.6153791,-4.1031647,-3.9625874,-3.9625874,-3.9511087,-3.936411,-3.9854617,-2.8804562,-2.2829928,-1.4062209,-1.9853239,-1.9853249,-2.081639,-1.7797716,-2.0333557,-2.0887463,-4.2086835,-3.5189474,-3.3148658,-3.3148663,-3.3093293,-3.189888,-3.3273637,-3.3863413,-3.3651958,-3.734418,-3.93372,-3.9337204,-3.8809419,-3.9763043,-3.8462203,-4.1748757,-2.9808517,-4.3185577,-2.6850152,-2.6850152,-3.5871634,-2.608748,-2.5760164,-2.859008,-1.1605461,-2.4102936,-3.0248256,-3.0248246,-2.9950242,-2.1690617,-3.1479638,-3.0054953,-2.00599,-1.915994,-1.9444182,-1.944418,-1.955559,-1.8553039,-1.9323825,-1.9107091
CCCCCCCCC=C,-5.51,-3.8081982,-3.097609,-2.9344313,-2.9344316,-2.9563336,-3.35677,-2.9554873,-2.4923508,-4.42823,-3.3479059,-4.3573623,-4.3573623,-4.299325,-4.6105247,-4.3235517,-3.4260128,-5.098652,-2.8500144,-2.9286807,-2.9286804,-2.9253244,-2.7763722,-2.937602,-3.7949915,-5.117879,-3.6547508,-4.559925,-4.559925,-4.8089867,-3.4064393,-4.673674,-4.363716,-4.229872,-3.0649798,-2.934353,-2.9343529,-2.9870384,-2.8999362,-2.9493444,-3.133152,-4.3265815,-3.6832,-3.5712242,-3.5712247,-3.2762196,-3.6041534,-3.220614,-3.8414087,-5.53514,-5.130238,-4.9124894,-4.91249,-5.8506675,-5.633032,-5.181312,-5.4001145,-5.025758,-3.692985,-4.7986374,-4.7986374,-4.857099,-2.9570153,-4.767636,-4.8988867,-5.544776,-5.292399,-5.162901,-5.1629004,-5.137403,-5.154562,-5.3192253,-5.4196663
CCc1ccccc1CC,-3.28,-3.3528981,-2.5280423,-2.0093591,-2.0093594,-1.999378,-2.1762872,-1.999058,-1.6482902,-2.9964,-2.354425,-3.244379,-3.2443783,-3.2121382,-3.1887953,-3.196684,-3.0151243,-3.0948672,-2.5255756,-2.647189,-2.6471894,-2.646188,-2.5956116,-2.6706886,-2.9879618,-3.2531629,-2.6207726,-3.4105768,-3.4105763,-3.1912735,-2.5042357,-3.3551676,-3.0122058,-3.0541813,-2.6140153,-2.933956,-2.933956,-2.3421166,-2.8018358,-2.5686061,-3.2997646,-1.5501703,-2.3736176,-2.5577178,-2.5577178,-2.5243144,-2.5879543,-2.532293,-2.635085,-3.9003723,-4.863667,-3.829304,-3.8293037,-4.5936437,-4.063254,-3.6526194,-4.0675263,-2.7105486,-2.63875,-3.539531,-3.5395305,-3.522073,-2.5188067,-3.4833236,-2.9532309,-3.2742047,-3.9983659,-3.919152,-3.919152,-3.9288015,-3.9095936,-3.6472287,-4.212749
Clc1cccc(c1)c2cc(Cl)ccc2Cl ,-6.01,-4.4562445,-3.9961653,-3.7789984,-3.7789986,-3.7905462,-4.108481,-3.8282325,-3.546296,-6.2903724,-5.9540815,-6.2380943,-6.2380934,-6.1854954,-5.982287,-6.156651,-6.239708,-6.283147,-4.3395653,-4.468398,-4.468398,-4.487954,-4.4435916,-4.3788033,-6.74475,-5.7831216,-5.221087,-6.0168524,-6.016851,-5.8613505,-4.8017964,-5.8963685,-5.5295234,-5.4477196,-3.5167072,-3.5291712,-3.5291715,-3.5541573,-3.4653668,-3.58192,-4.9687963,-5.843913,-3.3849983,-3.6396456,-3.6396453,-3.6121278,-3.6270013,-3.5337296,-4.3501177,-6.446789,-5.9718537,-5.8627563,-5.862756,-6.312923,-6.130245,-5.563796,-6.4710813,-6.225755,-6.372993,-6.927395,-6.927395,-6.9529505,-5.6191106,-6.993676,-6.731081,-6.368066,-6.0880537,-6.15259,-6.1525903,-6.226483,-6.2733293,-6.209769,-6.1161327
CC(=O)CCC1C(=O)N(N(C1=O)c2ccccc2)c3ccccc3,-3.27,-4.283451,-5.2854824,-4.7671013,-4.7671013,-4.767229,-5.0640073,-4.766277,-3.4094234,-4.4011354,-3.9973595,-4.0058594,-4.005859,-3.9663346,-4.443171,-4.007389,-4.537378,-3.509961,-4.373574,-4.408017,-4.408017,-4.379509,-4.695716,-4.3958664,-3.3132634,-3.5259633,-3.266685,-4.143953,-4.143953,-4.1373596,-3.62454,-4.161587,-3.3282382,-3.7891903,-4.9712253,-4.6121054,-4.6121054,-4.598083,-4.571576,-4.4898124,-3.5175834,-4.39709,-4.3693185,-4.9509735,-4.9509735,-4.9670825,-4.8563843,-4.8617916,-4.775344,-4.723719,-4.57238,-4.393478,-4.3934784,-4.502904,-4.88016,-4.600613,-4.4993005,-3.7564902,-4.006658,-4.5415874,-4.541587,-4.5312295,-3.3510594,-4.5691423,-4.459812,-3.2634265,-4.5970535,-4.4472384,-4.4472384,-4.390673,-4.515593,-3.8657136,-6.2562995
CC(=O)Nc1ccc(Cl)cc1,-2.843,-2.8306005,-2.7966213,-2.7863233,-2.786323,-2.8261385,-3.2393372,-2.833031,-2.4127777,-2.8027952,-2.8479526,-2.0495915,-2.049591,-2.0227697,-2.1812677,-2.024223,-2.3455367,-2.280543,-2.6537755,-2.7003224,-2.7003222,-2.704238,-2.6583467,-2.7179203,-3.135287,-2.2497344,-2.146256,-2.9123306,-2.9123304,-2.788281,-2.1354218,-2.7903368,-2.4443474,-2.7984118,-2.2939346,-2.1765344,-2.1765347,-2.2189388,-2.1850426,-2.2246904,-2.3903646,-2.9769979,-3.241969,-3.521112,-3.521112,-3.492093,-3.5060885,-3.4116807,-3.8380535,-1.8512405,-2.603676,-1.6392906,-1.6392908,-2.4179945,-1.8884151,-1.6583214,-1.5895281,-2.5125763,-2.4785671,-2.9191523,-2.9191523,-2.9407797,-1.9128429,-2.9757352,-2.826428,-3.1004086,-2.9915936,-2.947519,-2.9475193,-2.9429688,-2.994722,-3.0074897,-3.0547266
O(c1ccccc1)c2ccccc2,-3.96,-2.597526,-2.9685116,-2.6937578,-2.6937575,-2.7353573,-3.0579023,-2.7609181,-1.9735515,-2.812039,-3.6376264,-3.2962823,-3.2962823,-3.272274,-3.5533333,-3.2738578,-3.1955395,-3.224479,-2.9291053,-3.065563,-3.0655627,-3.0649016,-2.9097495,-3.063815,-3.657877,-2.842476,-3.481282,-4.109886,-4.109885,-4.0413475,-3.3725793,-4.0281377,-3.5253606,-4.088055,-4.2041593,-3.9480293,-3.9480286,-4.0651755,-3.6539426,-3.9373214,-3.0225253,-3.8734543,-3.5326915,-3.8733766,-3.8733764,-3.8379297,-3.8257368,-3.7763093,-4.547397,-3.1067758,-2.1487935,-2.5579646,-2.557964,-2.2257142,-2.6328793,-2.6020582,-2.6949873,-3.008306,-3.2437215,-3.9836307,-3.9836307,-3.9458518,-2.72533,-3.936169,-3.6946135,-3.95887,-3.7843437,-3.644115,-3.644115,-3.6291223,-3.779635,-3.8525066,-3.8976789
CN2C(=O)CN=C(c1ccccc1)c3cc(Cl)ccc23,-3.754,-3.8874335,-4.7046394,-4.2224264,-4.2224274,-4.1806555,-4.4960494,-4.1528535,-3.20004,-3.9998176,-4.489248,-4.3910093,-4.391008,-4.359806,-4.5675497,-4.327847,-4.508752,-3.8508468,-4.9651003,-4.971084,-4.971085,-4.967173,-5.1869392,-4.9067154,-4.5399246,-4.7685323,-4.8790417,-5.753378,-5.753377,-5.7783203,-4.9228373,-5.6635356,-4.9295197,-3.5170097,-4.151096,-4.0149384,-4.0149384,-3.9857993,-3.8844223,-4.0303283,-3.934904,-2.8094077,-3.4967194,-3.7360916,-3.736092,-3.7183843,-3.753185,-3.7173467,-4.1477036,-2.8712227,-3.82789,-2.9837248,-2.9837248,-3.6231253,-3.3019595,-3.004352,-2.8816433,-4.033928,-4.352794,-4.546278,-4.546277,-4.5714912,-3.3702762,-4.6387935,-4.3220086,-3.7469192,-3.7552512,-3.7610734,-3.7610734,-3.7596228,-3.5940669,-3.7359977,-3.7574646
c1ccc2c(c1)[nH]c3ccccc32,-5.27,-3.5079834,-2.5223196,-2.465938,-2.465938,-2.4786696,-2.814126,-2.4901779,-2.6201158,-3.5827842,-3.6693661,-4.3181477,-4.3181477,-4.285383,-4.297107,-4.268512,-4.1784925,-3.9335217,-2.9085608,-2.9684923,-2.968492,-2.9678714,-2.8696148,-2.9839048,-3.1287692,-2.984039,-3.303173,-3.9055839,-3.9055836,-3.842086,-2.9453552,-3.83049,-2.9793265,-5.0408516,-3.7573912,-3.7181656,-3.7181656,-3.8041844,-3.7203307,-3.6484416,-3.9067085,-4.230661,-3.1205301,-3.3646357,-3.364636,-3.3395176,-3.3542209,-3.2638698,-3.7420049,-2.9178271,-2.193104,-1.9979799,-1.9979799,-2.0405986,-2.0564747,-1.9407786,-2.0887542,-4.6328106,-4.7489405,-5.166374,-5.166374,-5.160417,-4.367385,-5.1471896,-4.9217634,-5.183508,-5.1136265,-4.774821,-4.774821,-4.773505,-4.5936246,-4.546514,-4.4750586
CCCCCC1CCCC1,-6.08,-3.0124533,-2.7635574,-2.4882524,-2.4882522,-2.5140173,-2.842821,-2.513869,-2.0377843,-4.4284196,-2.4677627,-3.7382789,-3.7382786,-3.7538326,-3.7428515,-3.7602098,-2.653032,-6.2583,-3.0146067,-3.0293458,-3.029346,-3.028583,-2.9707258,-3.0214589,-3.7382452,-4.840865,-4.063074,-4.6333838,-4.6333833,-4.7495427,-3.6968725,-4.745898,-4.868327,-3.65928,-2.6592233,-2.513871,-2.5138707,-2.5582957,-2.448042,-2.5698376,-2.5008643,-2.9405234,-3.0705304,-2.6743746,-2.674375,-2.5861247,-2.685519,-2.61699,-2.6707156,-5.4429293,-4.6109967,-4.88028,-4.8802805,-5.0382614,-5.3906193,-5.202486,-5.120031,-5.497856,-4.136299,-5.6638746,-5.6638746,-5.7104096,-3.567269,-5.630241,-5.835982,-5.599262,-4.192521,-4.1692295,-4.169229,-4.153266,-4.0883746,-4.3905334,-3.90823
O=C1NC(=O)NC(=O)C1(CC)CC,-2.4,-1.9091915,-2.6277096,-2.4053745,-2.4053748,-2.3970068,-2.7804146,-2.42919,-1.975422,-1.9377518,-1.5118779,-1.261156,-1.2611563,-1.2641081,-1.3241334,-1.245184,-2.0933523,-2.1302593,-2.8532088,-2.8153703,-2.8153703,-2.8252451,-2.8725207,-2.7766092,-2.1629524,-1.4461217,-1.346122,-1.6878484,-1.6878474,-1.3826748,-1.3673875,-1.6347616,-1.7331966,-1.7442459,-2.5732477,-2.4063299,-2.4063299,-2.4042623,-2.4792309,-2.3651447,-2.1460261,-1.6730194,-2.3270774,-2.4954538,-2.495454,-2.463375,-2.53672,-2.4699264,-2.533295,-2.237275,-1.829433,-1.7923617,-1.7923616,-1.8905107,-2.0416133,-1.922913,-1.9875586,-2.0877311,-1.2920207,-1.8215684,-1.8215681,-1.8103396,-0.8444631,-1.8475839,-1.5153598,-2.3068588,-1.0980831,-1.3944862,-1.3944865,-1.3757709,-1.3459886,-1.5923759,-0.9475618
CN(C)C=Nc1ccc(Cl)cc1C,-2.86,-3.7122474,-3.2746544,-3.2362893,-3.2362893,-3.2679977,-3.6991482,-3.2849524,-2.9841807,-3.0479007,-2.9135983,-2.3001509,-2.3001504,-2.2861094,-2.6458888,-2.2826958,-2.792346,-2.8552115,-3.2701151,-3.1935718,-3.1935718,-3.1921046,-3.0671349,-3.2151341,-2.9903994,-2.6125748,-2.5460558,-3.376847,-3.376847,-3.2333252,-2.4909399,-3.3242075,-3.0186744,-3.8050685,-2.7584906,-2.615708,-2.6157079,-2.6500423,-2.538105,-2.6494257,-3.2185974,-4.1442833,-3.4758706,-3.7587767,-3.7587764,-3.7198544,-3.7522583,-3.689143,-4.379931,-2.975062,-3.2320035,-2.6345432,-2.634543,-2.9292264,-2.8031726,-2.6796772,-2.532561,-2.8131785,-2.2620304,-2.9623146,-2.9623141,-3.011832,-1.789279,-2.939012,-2.722684,-2.8373632,-2.84461,-2.819656,-2.819656,-2.8138194,-2.802072,-2.836083,-2.7932117
BrC(Cl)Cl,-1.54,-1.361802,-1.3407385,-0.50118256,-0.5011818,-0.48705545,-0.7483101,-0.4875905,-0.99207014,-1.816211,-1.02494,-1.6193801,-1.6193798,-1.6144956,-1.6152073,-1.5850654,-1.3829134,-1.0519292,-1.6805962,-1.6459912,-1.6459911,-1.6517072,-1.7592198,-1.6693202,-2.648327,-1.0161484,-0.5039342,-1.3467076,-1.346707,-1.2862687,-0.7948583,-1.2334263,-0.96095216,-1.7795992,-2.032483,-1.6239849,-1.6239853,-1.6223255,-1.5505166,-1.7170756,-1.1310543,-1.862992,-1.1962272,-0.8639947,-0.8639948,-0.86975926,-0.93685323,-0.8728178,-2.0813234,-1.5656959,-1.5998442,-1.4900872,-1.4900868,-1.8677458,-1.8677845,-1.4280618,-1.7506956,-1.5559466,-1.7168819,-1.8115001,-1.8115003,-1.8186898,-1.4814644,-1.8317369,-1.6036553,-1.9695027,-1.2620469,-1.1414776,-1.1414776,-1.1372709,-1.4749858,-1.4605795,-2.3979042
ClCCl,-0.63,-0.13441953,-0.8044356,-0.1866226,-0.18662271,-0.18867858,-0.36400634,-0.18985558,-0.43707573,-0.91370887,0.098546185,-0.9943511,-0.9943514,-0.99167967,-1.1103259,-0.94907266,-0.029342363,-1.0081741,-0.8846501,-0.81302035,-0.81302035,-0.81430846,-0.8693249,-0.8226176,-1.3487332,-0.45875663,-0.5151086,-1.3096615,-1.3096606,-1.2054899,-0.5851237,-1.216079,-0.8787874,-0.9727392,-3.1197832,-2.2738357,-2.273836,-2.271167,-2.0884542,-2.3770835,-1.7501386,-1.1115093,-1.0905162,-0.70529854,-0.70529854,-0.72156835,-0.76239836,-0.7297558,-1.9210868,-0.60774213,-1.7198671,-0.987495,-0.98749465,-1.6699232,-1.3593419,-0.9991284,-1.0310801,-0.60059434,-1.0239983,-1.031734,-1.0317339,-1.0388453,-0.8763655,-1.0575964,-0.6622892,-1.9695027,-1.2620469,-1.1414776,-1.1414776,-1.1372709,-1.4749858,-1.4605795,-2.3979042
Cc1ncc(N(=O)=O)n1CCO ,-1.26,-2.3156276,-2.5992885,-2.180714,-2.1807137,-2.1610932,-2.3682058,-2.1486404,-2.081654,-1.7074859,-1.4704844,-0.97826654,-0.9782666,-0.97727656,-0.9447325,-0.9844775,-1.7002207,-0.9311654,-2.1223745,-1.9477527,-1.9477527,-1.9497123,-2.020283,-1.9733949,-0.6857516,-0.42453566,-1.0567366,-1.6134671,-1.6134672,-1.4267818,-0.84639335,-1.80531,-1.4167031,-1.2707736,-2.1124878,-1.8921536,-1.8921537,-1.8926821,-1.8767316,-1.8573606,-1.5558397,-1.7928623,-2.237893,-2.382915,-2.382915,-2.3509455,-2.4093306,-2.359701,-2.3687642,-1.1620514,-1.5614237,-0.6014516,-0.60145193,-1.35392,-1.0909666,-0.7292198,-0.7922461,-1.4278936,-0.72275984,-1.6956563,-1.6956562,-1.6459477,-0.3838932,-1.6805086,-0.8039561,-1.2751551,-1.1697556,-1.2382939,-1.2382938,-1.2485348,-1.1608514,-1.2326325,-1.1950774
Cc1cccc(N)c1,-0.85,-1.2105051,-2.1406977,-1.832959,-1.8329589,-1.8380582,-1.9763396,-1.8473735,-1.2707721,-0.65295744,-1.5588715,-1.0183924,-1.0183929,-1.0179359,-1.1082233,-0.97315353,-1.4986048,-0.96071166,-1.5951804,-1.7384089,-1.7384088,-1.7386236,-1.6443404,-1.7649359,-1.2600724,-1.0010957,-1.4034511,-2.0841103,-2.0841103,-1.9989985,-1.6066682,-2.1215756,-1.8156238,-1.105526,-1.5605723,-1.310609,-1.310609,-1.3159949,-1.2377478,-1.2981334,-1.0927898,-1.8023994,-2.2285285,-2.2429533,-2.2429533,-2.2231007,-2.2381809,-2.2271996,-1.9643137,-0.963288,-1.5210238,-0.7662116,-0.7662114,-1.4587222,-0.8799635,-0.81317496,-0.83080596,-1.4473884,-1.0131779,-1.3260185,-1.3260181,-1.3424125,-0.722758,-1.357161,-1.1148773,-0.7951468,-1.6296507,-1.7330601,-1.7330599,-1.7384202,-1.4016157,-1.4326439,-1.1946288
CCCCC(=O)C,-0.8,-2.108284,-2.1504686,-1.7382333,-1.7382333,-1.7685518,-2.0384982,-1.7780577,-1.3281657,-0.7474927,-1.2671514,-1.5897998,-1.5897996,-1.574359,-1.4674249,-1.5309794,-1.7301909,-1.1869502,-1.7650441,-1.8783833,-1.8783833,-1.8801739,-1.819965,-1.8989863,-2.1661332,-0.903495,-0.7846707,-1.3838309,-1.3838304,-1.3356322,-1.0157969,-1.504422,-1.3137226,-1.7317917,-2.104724,-1.9331008,-1.9331009,-1.9732288,-1.8498499,-1.979631,-1.644887,-1.6550928,-2.336011,-2.027183,-2.0271833,-1.9799201,-2.0416787,-2.0283864,-1.8436857,-1.0385801,-2.2169592,-0.74871665,-0.74871653,-1.8519593,-1.2871411,-0.8036558,-0.9665495,-0.82853746,-1.536272,-1.8257935,-1.8257936,-1.8516138,-1.2242218,-1.8291037,-1.5690343,-0.7869628,-1.1730651,-1.3865318,-1.3865317,-1.3615478,-1.2804345,-1.2404641,-1.2806917
CCN(CC)c1nc(Cl)nc(n1)N(CC)CC,-4.4110000000000005,-3.6251342,-4.2360125,-3.7937944,-3.7937942,-3.7670736,-4.0462403,-3.762013,-2.9691145,-3.0230336,-3.140636,-3.064241,-3.06424,-2.9736042,-3.5737264,-3.0288007,-3.482312,-3.981868,-4.5865726,-4.447944,-4.447944,-4.4392633,-4.5994186,-4.431781,-3.7248971,-3.1701465,-3.1492076,-3.770576,-3.770575,-3.5786293,-3.030956,-3.8235674,-3.4392915,-3.9854484,-4.505878,-4.4128623,-4.412863,-4.362608,-4.1867476,-4.361221,-4.455892,-3.062465,-3.564752,-4.0108013,-4.0108013,-4.000768,-3.9736657,-3.9102874,-4.3955903,-4.055612,-3.7644713,-3.557393,-3.5573928,-3.6300008,-3.7096732,-3.5481641,-3.523737,-3.8162816,-3.7541077,-4.200734,-4.200734,-4.1674767,-2.9138706,-4.165154,-4.741091,-4.3311844,-4.360035,-4.528557,-4.528557,-4.527725,-4.2434864,-4.352807,-4.4201894
CN(C=Nc1ccc(C)cc1C)C=Nc2ccc(C)cc2C,-5.47,-5.228339,-5.43543,-5.2053146,-5.2053156,-5.2210617,-5.6297626,-5.183185,-4.414222,-5.023116,-5.837856,-5.6448197,-5.6448197,-5.6421022,-6.051076,-5.7150526,-5.129652,-5.386537,-5.3762894,-5.13222,-5.1322203,-5.0984955,-5.237693,-5.1722984,-4.8271513,-4.9979815,-4.632981,-5.5752115,-5.5752106,-5.697996,-4.54595,-5.7526994,-5.493456,-5.014684,-5.596948,-5.2590194,-5.259019,-5.3012843,-5.189049,-5.3643613,-4.602805,-5.372384,-6.217016,-6.2282043,-6.2282043,-6.274123,-5.9930696,-6.3023844,-5.4016547,-5.461116,-6.563576,-5.38932,-5.3893204,-6.082043,-5.930313,-5.927851,-5.2874207,-5.591534,-5.290632,-5.8441906,-5.84419,-5.813748,-4.301712,-5.776274,-5.77608,-5.307644,-5.5235567,-5.6289234,-5.6289225,-5.618989,-5.3004985,-5.5403748,-5.463755
CCOc1ccc(cc1)C(C)(C)COCc3cccc(Oc2ccccc2)c3,-8.6,-6.895958,-7.2731204,-6.546191,-6.546191,-6.603086,-7.0573487,-6.6725564,-5.1196427,-5.9197555,-5.395479,-5.9193172,-5.9193163,-5.890624,-6.5793624,-5.9711127,-6.136239,-8.627798,-7.1553574,-6.895894,-6.895894,-6.854515,-6.960833,-6.5584917,-8.042433,-8.223136,-5.452457,-6.470235,-6.4702353,-6.5547867,-5.5238743,-6.4785233,-7.267313,-6.354555,-7.100919,-6.697817,-6.6978164,-6.7601075,-6.6132765,-6.924044,-6.757499,-6.2680426,-7.993992,-7.255802,-7.255802,-7.4656167,-6.949499,-7.3408346,-6.699006,-7.8226027,-7.1014485,-5.885756,-5.885756,-6.4077144,-6.3131523,-6.430846,-7.687138,-6.7925835,-6.7308164,-7.5109863,-7.5109863,-7.5622277,-5.6132517,-7.5363164,-7.891344,-8.433043,-8.563863,-8.471127,-8.471126,-8.479334,-8.444283,-8.386756,-8.571993
CC(C)N(C(C)C)C(=O)SCC(=CCl)Cl,-4.2860000000000005,-3.4644737,-3.6021214,-3.34528,-3.3452802,-3.3502703,-3.7498312,-3.3692715,-3.0237658,-2.9522765,-3.2234972,-2.5321674,-2.532167,-2.5044472,-2.8254762,-2.498553,-3.226363,-3.569004,-4.3765335,-4.0776844,-4.0776844,-4.082607,-4.268186,-4.050237,-3.3126788,-4.0770082,-3.434692,-4.281967,-4.2819657,-4.380128,-3.0712657,-4.514052,-4.0373535,-3.8989816,-3.7188728,-3.7078073,-3.7078075,-3.6915824,-3.590164,-3.6456625,-3.9103253,-3.704816,-2.828756,-2.7276056,-2.7276056,-2.4250097,-2.6867235,-2.3884668,-2.6253016,-2.562634,-3.5410824,-2.3830411,-2.383041,-3.3380332,-2.695782,-2.323806,-2.4353359,-3.3809295,-3.2699442,-3.9875407,-3.9875398,-4.001357,-2.51512,-4.1435585,-4.0393176,-4.316362,-3.9102051,-3.6913013,-3.6913018,-3.6615224,-3.819602,-4.2203617,-3.7530088
C/C1CCC(\C)CC1,-4.47,-1.9188503,-1.9932077,-1.4143412,-1.4143411,-1.4132946,-1.6818831,-1.4095565,-1.0164642,-3.7174668,-1.7499366,-3.2008343,-3.2008338,-3.189638,-2.955544,-3.1821358,-2.5962503,-4.106395,-2.3560617,-2.5277412,-2.527741,-2.5306213,-2.4340599,-2.5097497,-3.7797203,-4.223311,-2.9662378,-3.721259,-3.7212577,-3.8206105,-2.969466,-3.897982,-3.8745763,-3.8718657,-3.1429343,-2.6859725,-2.6859727,-2.5271776,-2.6950197,-2.456961,-3.3215003,-2.8784053,-2.6127665,-2.8488505,-2.8488503,-2.7581224,-2.755454,-2.8779788,-2.748774,-4.5243645,-3.282324,-3.6227808,-3.6227803,-2.9910083,-3.9506242,-3.745255,-3.9729989,-4.4788246,-3.927005,-4.9685206,-4.9685206,-4.966744,-3.5519984,-4.933947,-4.850127,-3.879195,-2.543098,-2.5117362,-2.5117364,-2.499901,-2.8110676,-2.8945112,-3.189994
C1c2ccccc2c3ccccc13,-5.0,-3.3862998,-2.5787098,-2.483568,-2.4835677,-2.497838,-2.8175468,-2.5135376,-2.5755665,-4.4548473,-3.9043725,-4.8585334,-4.8585324,-4.8225093,-4.8571396,-4.812441,-4.5754523,-4.5329037,-2.7494552,-2.841925,-2.8419247,-2.8421116,-2.7619004,-2.8406777,-3.9649372,-3.9832969,-4.465875,-4.7363253,-4.7363243,-4.760812,-3.9147363,-4.692714,-4.596231,-5.305251,-3.4200482,-3.549965,-3.5499644,-3.6203473,-3.4549356,-3.4864533,-3.972621,-4.542149,-3.1449003,-3.423133,-3.4231327,-3.3947997,-3.4017394,-3.3287911,-3.8532138,-5.425565,-6.154184,-4.908475,-4.908475,-6.38766,-5.642467,-5.2218895,-5.100451,-4.3538585,-4.90856,-5.137581,-5.13758,-5.148887,-3.8291361,-5.15136,-4.849021,-4.4782925,-4.177711,-4.125025,-4.125025,-4.1168275,-4.293278,-4.3693285,-4.423359
NC(N)=NC#N ,-0.31,-0.43037906,-1.8673975,-1.571274,-1.571274,-1.595802,-1.7574328,-1.5737646,-0.85024303,-0.5277256,0.008639188,0.27681968,0.27681974,0.27525595,0.120864585,0.2873984,-0.08449386,0.59136724,-1.0053835,-0.99691254,-0.9969126,-0.9976655,-0.92469513,-1.014733,-0.025303647,1.0052568,0.23115186,-0.088713765,-0.0887134,-0.00026072795,0.29425776,0.023094177,-0.345271,-1.0300226,-1.5737813,-1.5137062,-1.5137061,-1.5239365,-1.4139369,-1.5334022,-0.61507297,-0.5368431,-1.5001559,-0.8197826,-0.81978244,-0.8512356,-0.8899421,-0.90365857,-0.6668142,0.47380686,-0.4018771,-0.08294818,-0.08294824,-0.046793833,-0.25646648,-0.15310772,0.03366818,-0.65460277,0.36904392,0.002058275,0.0020582797,-0.0003051879,0.5097878,-0.011086796,-0.04511778,-0.15052073,-0.3176271,-0.33215478,-0.3321548,-0.3336725,-0.31462458,-0.32700056,-0.11945258
Oc1ccc(C=O)cc1,-0.96,-2.0988016,-2.1920907,-2.0727193,-2.072719,-2.0978637,-2.3887255,-2.084074,-1.7524773,-1.9828379,-1.4232819,-1.3785788,-1.3785791,-1.3797648,-1.2914844,-1.3523531,-1.7633632,-1.0717407,-1.4085759,-1.4582511,-1.4582512,-1.4603937,-1.3797247,-1.480172,-0.5706047,-0.59598106,-0.8993224,-1.5043435,-1.5043434,-1.4165969,-1.0163304,-1.4441047,-1.3089085,-1.9392401,-1.8396049,-1.8280126,-1.8280128,-1.8387116,-1.8252056,-1.7403492,-1.2573683,-1.1184719,-3.0373373,-3.1148171,-3.1148171,-3.092461,-3.0687132,-3.1651154,-2.8046672,-1.6657732,-0.79511344,-0.96697503,-0.96697533,-1.2133921,-1.176389,-1.0259653,-0.9815755,-1.5518749,-0.8802014,-1.2441856,-1.2441857,-1.2586541,-0.9469151,-1.2639242,-1.1198305,-0.9424378,-1.1920956,-1.1584653,-1.1584651,-1.1595582,-1.1192234,-1.1776382,-1.0523437
CCCCC1C(=O)N(N(C1=O)c2ccc(O)cc2)c3ccccc3 ,-3.73,-4.6907706,-5.6226435,-5.092353,-5.092353,-5.0640182,-5.380138,-5.074448,-3.7522695,-3.8061385,-3.8311436,-3.6202219,-3.6202216,-3.6085508,-4.174123,-3.6256762,-4.0937705,-3.6887538,-4.490289,-4.545669,-4.545669,-4.475501,-4.8144746,-4.7974453,-3.6758685,-3.6652756,-3.7298636,-4.102193,-4.1021924,-4.029093,-3.4511955,-4.068443,-3.7497823,-4.6313477,-5.1578517,-4.837792,-4.837792,-4.8123045,-4.71096,-4.8814387,-4.2220755,-4.9328337,-5.0433245,-5.3618846,-5.3618846,-5.2938166,-5.1851096,-4.953187,-4.7615285,-5.3380537,-4.24638,-4.720018,-4.7200184,-4.580126,-5.063239,-4.750488,-4.474153,-3.958561,-3.6029534,-4.163321,-4.163321,-4.119219,-2.9136767,-4.1317515,-4.441855,-3.7923348,-3.7645602,-3.734062,-3.7340622,-3.7272043,-3.6408029,-3.7442732,-3.7281353
CCOP(=S)(OCC)SCSCC,-4.11,-3.3960164,-3.9167147,-3.717168,-3.717168,-3.7126765,-3.9533467,-3.68724,-3.009552,-3.5011125,-3.5014904,-3.7731643,-3.7731636,-3.7080765,-4.126624,-3.7371123,-3.9053345,-3.932251,-3.865955,-3.6096325,-3.6096325,-3.606262,-3.6971495,-3.6207354,-3.8251626,-3.882124,-3.2987998,-3.9725406,-3.9725406,-3.8901107,-3.091365,-4.176483,-3.7697449,-2.9827206,-4.009778,-3.7277439,-3.7277439,-3.72788,-3.8100843,-3.7172685,-3.2656934,-3.1596253,-3.970646,-4.2765026,-4.2765026,-4.0163846,-4.222654,-4.054308,-4.5524282,-2.9905624,-3.7796948,-2.9982355,-2.9982355,-3.5849295,-3.3639889,-3.2010953,-2.9814878,-3.8761642,-4.1300197,-4.603987,-4.6039863,-4.654951,-3.3842976,-4.670488,-4.7006335,-4.1288023,-4.038638,-3.8512313,-3.8512313,-3.7961817,-3.8846877,-4.143978,-4.068796
CNC(=O)Oc1ccc(N(C)C)c(C)c1,-2.36,-3.2430139,-3.5151386,-3.3410027,-3.3410022,-3.3855526,-3.7850437,-3.423743,-2.6862035,-2.3933268,-3.5571182,-2.3331099,-2.333109,-2.2876198,-2.8808799,-2.29797,-2.7556527,-2.6527627,-3.365393,-3.2180288,-3.2180285,-3.1997988,-3.2279692,-3.3203216,-2.2380476,-1.8702593,-1.3548099,-2.081992,-2.0819912,-2.022937,-1.4284444,-1.9751999,-1.928234,-3.0667205,-3.1795976,-2.9365242,-2.936524,-2.9858878,-2.9925137,-2.9833977,-2.4558043,-3.1378162,-4.0175905,-3.6347146,-3.6347146,-3.5694957,-3.6635153,-3.829327,-3.5558236,-2.1217656,-4.5302305,-3.2211277,-3.221128,-4.179673,-3.321127,-3.0947983,-2.9793367,-1.8836161,-2.3674471,-2.7560525,-2.7560525,-2.7305872,-1.8770778,-2.729032,-2.6696332,-2.3448055,-2.1920538,-2.1523259,-2.152326,-2.1726053,-2.1838093,-2.3548212,-2.3159034
CCCCCC(=O)OCC,-2.35,-2.7778373,-2.9633894,-2.7556083,-2.755608,-2.797059,-3.14248,-2.8146722,-2.1105309,-1.9143827,-2.6127758,-2.519114,-2.5191133,-2.4679306,-2.7957525,-2.4961607,-2.4559371,-1.982358,-2.719531,-2.742588,-2.7425878,-2.7411735,-2.640993,-2.7623625,-2.9031384,-2.021968,-1.9228822,-2.5814023,-2.5814018,-2.646734,-1.9884453,-2.6652772,-2.3236063,-3.1881561,-2.866687,-2.7280157,-2.728016,-2.772166,-2.7538779,-2.7685094,-2.4007487,-3.2788692,-3.7825909,-3.699648,-3.699648,-3.455504,-3.622525,-3.4472017,-3.8221037,-2.6076765,-3.2533321,-2.5238497,-2.5238504,-3.353653,-2.7046833,-2.5166516,-2.4487166,-1.8443365,-2.5635827,-2.980321,-2.9803207,-2.9362106,-2.0418482,-2.939474,-2.903642,-2.3532052,-2.1679244,-2.0048525,-2.0048523,-2.004617,-1.9221624,-2.436222,-2.1024463
OC3N=C(c1ccccc1Cl)c2cc(Cl)ccc2NC3=O,-3.604,-4.5738864,-5.14373,-4.8433633,-4.8433633,-4.7900734,-5.076031,-4.738045,-3.8698926,-4.332402,-4.501939,-4.664587,-4.664587,-4.638995,-4.6146626,-4.58607,-4.0401344,-3.9003003,-5.097233,-4.7288594,-4.72886,-4.736305,-5.076805,-4.6452303,-3.821601,-4.3063483,-3.8579512,-4.8162107,-4.816209,-4.7100525,-3.9274628,-4.668481,-4.335131,-3.5383887,-4.214291,-4.0057554,-4.0057554,-3.9706352,-4.066282,-3.9987009,-3.852399,-3.217527,-3.1370382,-3.1846495,-3.1846495,-3.1077638,-3.2465808,-3.1793702,-3.5205905,-3.0829973,-2.6780517,-2.3860326,-2.3860328,-2.4134574,-2.4540327,-2.3790772,-2.0843723,-3.9625072,-4.59902,-5.2617526,-5.261752,-5.2103806,-3.6674445,-5.236723,-4.672523,-3.7359033,-3.5529172,-3.5710654,-3.571066,-3.5740495,-3.5009208,-3.600293,-3.7616746
O=c2[nH]c(=O)c1[nH]c(=O)[nH]c1[nH]2 ,-3.93,-3.0211444,-2.470144,-2.3732703,-2.37327,-2.3765264,-2.6573277,-2.3940997,-2.3533297,-2.6242337,-0.93064344,-2.157873,-2.1578734,-2.1707714,-2.0425055,-2.1461782,-1.2842363,-3.4041252,-1.7081217,-1.6057619,-1.6057619,-1.6054511,-1.6143616,-1.6489352,-0.86867607,-3.3467326,-0.37129158,-1.8515593,-1.8515587,-1.612767,-0.6527896,-1.7663767,-0.6709205,-2.2499256,-1.9511005,-2.0168862,-2.0168862,-2.022085,-1.9835571,-1.9920584,-1.4248041,-1.8670887,-2.2900257,-2.354254,-2.3542542,-2.3399763,-2.3490984,-2.3259373,-1.9013937,-3.7933338,-4.215731,-3.4201577,-3.420158,-3.76469,-4.0782595,-3.541039,-3.8928113,-3.0825279,-1.7283353,-1.8802775,-1.8802769,-1.8800167,-1.3608705,-1.8715011,-1.9088669,-3.9120991,-3.915749,-3.9016068,-3.9016068,-3.9039512,-3.8114598,-3.8529353,-4.0474124
Brc1ccccc1Br,-3.5,-2.994461,-2.5723743,-2.6409886,-2.640989,-2.62536,-2.9304838,-2.650129,-2.279386,-3.2759564,-3.5259094,-3.230808,-3.2308087,-3.2356029,-3.1706533,-3.2171283,-3.840305,-3.5906892,-2.0696757,-2.045145,-2.045145,-2.0467303,-1.9251684,-2.0821147,-3.4127324,-2.8164203,-2.660822,-3.4964352,-3.4964364,-3.4954402,-2.59795,-3.4495406,-2.8355448,-4.0206857,-2.7837045,-3.165119,-3.165119,-3.100851,-2.9673073,-3.2268035,-4.355524,-3.7095876,-2.238234,-2.2997093,-2.2997093,-2.2197185,-2.291456,-2.4490542,-2.4040773,-3.767213,-3.714717,-3.526731,-3.526731,-3.4481199,-3.7762022,-3.5787983,-3.6836843,-3.289009,-3.4793355,-3.7701645,-3.7701645,-3.749993,-3.2852042,-3.7512121,-3.6068044,-3.375623,-3.616234,-3.6023633,-3.602363,-3.6145284,-3.5370085,-3.629922,-3.1724644
O=C1NC(=O)NC(=O)C1(C)C,-1.742,-1.9361565,-1.974287,-1.5056633,-1.5056627,-1.4819849,-1.7891668,-1.4690518,-1.9963596,-1.8171394,-0.7416195,-0.9408663,-0.9408662,-0.9529078,-1.0524348,-0.92285836,-1.3206286,-1.8199418,-2.3565109,-2.390321,-2.3903213,-2.391187,-2.379254,-2.4172564,-1.6856409,-1.381571,-0.71054125,-1.4309862,-1.4309837,-1.4984833,-0.9489769,-1.5120914,-1.1806705,-2.173575,-2.697448,-3.3764765,-3.3764763,-3.335212,-3.2063386,-3.3732321,-1.8074567,-0.44705406,-2.0131953,-1.9400431,-1.9400431,-1.9316257,-2.0003624,-1.9513491,-1.6506178,-1.869936,-1.9054483,-1.2736076,-1.2736077,-1.8667201,-1.3778441,-1.5082303,-1.6343349,-1.4846426,-0.8541718,-1.5071245,-1.5071244,-1.4975913,-0.5250831,-1.5148582,-0.9416667,-1.6951622,-1.8891367,-1.7411584,-1.7411585,-1.7515554,-1.7447224,-1.7561897,-1.8000109
OC1CCCCC1,-0.44,-1.3063506,-1.7188494,-1.0462205,-1.04622,-1.0399462,-1.2567108,-1.0403798,-0.9543972,-0.3905084,-1.2692192,-1.6457256,-1.6457256,-1.6361545,-1.6558242,-1.6218112,-1.5828804,-0.88341105,-1.7120236,-1.8312628,-1.8312628,-1.8335363,-1.7208488,-1.8447952,-1.8976856,-0.75009495,-1.2944096,-1.7573606,-1.7573593,-1.787922,-1.3483467,-1.8833156,-1.887198,-1.2171214,-1.7030512,-1.3999168,-1.3999169,-1.3204746,-1.3561038,-1.3848976,-1.4536902,-1.5753857,-1.9743905,-2.0093505,-2.0093508,-1.9730158,-1.965069,-1.9572831,-1.5317338,-0.33715922,-1.4000863,0.031070862,0.031070853,-1.2630094,-0.25561905,0.057199404,-0.4518888,-0.48935232,-1.5228839,-1.9057571,-1.9057572,-1.874477,-1.3967062,-1.9183427,-1.5556762,-0.44692367,-0.15815187,-0.012749326,-0.012749326,0.0008564703,-0.19859952,-0.051760778,0.22267622
CC=CC=O,0.32,0.005734156,-1.6145172,-1.2353152,-1.2353151,-1.2375498,-1.3563114,-1.2125591,-0.6395142,-0.102288604,-0.52797693,0.183936,0.18393596,0.17758675,0.1250286,0.19491729,-0.7308091,-0.41401663,-0.9364293,-0.8977834,-0.8977834,-0.8987667,-0.83928037,-0.9139714,-0.34261099,-0.30905554,-0.36456388,-0.9639689,-0.96396816,-0.8270476,-0.41079834,-0.82570976,-0.87288445,-0.34194416,-1.4683406,-1.3168494,-1.3168495,-1.3146924,-1.1599925,-1.3154875,-0.32685128,-0.09542231,-1.7825233,-1.4954845,-1.4954845,-1.4553823,-1.463142,-1.3263416,-1.013307,0.26548776,-0.9525009,0.5106536,0.5106536,-0.6327557,0.28709507,0.5199411,0.07459738,0.1646767,-0.18515906,-0.2215605,-0.22156039,-0.235798,0.06405986,-0.23884389,-0.011404216,0.48488617,-0.102827765,-0.102856465,-0.10285648,-0.10073826,0.16991016,0.2161003,0.11973576
ClC1=C(Cl)C2(Cl)C3C4CC(C=C4)C3C1(Cl)C2(Cl)Cl,-6.307,-6.156255,-4.248523,-5.06826,-5.06826,-5.0100975,-5.244633,-4.929375,-5.9947777,-6.3620815,-5.826337,-6.2293825,-6.2293816,-6.206151,-6.1473174,-6.1050124,-6.1550107,-5.750847,-7.187378,-6.8823857,-6.8823853,-6.915499,-6.846443,-6.8072557,-6.6786513,-6.2395086,-5.596729,-6.25939,-6.259388,-6.2380295,-5.204746,-6.155435,-6.185231,-6.9382577,-4.2396092,-4.7764087,-4.7764087,-4.650342,-5.0916348,-4.833053,-6.452695,-5.764514,-2.497736,-2.51902,-2.5190198,-2.3020096,-2.4906428,-2.365306,-2.8049586,-6.301146,-4.6055536,-5.3088474,-5.3088474,-5.013753,-5.474241,-5.713203,-5.8701644,-6.3409514,-6.303214,-6.901431,-6.9014306,-6.842158,-5.3569956,-6.862566,-6.5943065,-6.2514467,-6.344036,-6.1647673,-6.1647673,-6.152112,-6.254887,-6.511148,-6.288243
CCN2c1cc(OC)cc(C)c1NC(=O)c3cccnc23 ,-5.153,-3.7634265,-4.320507,-3.9029596,-3.9029593,-3.8958879,-4.197728,-3.8836064,-3.0884259,-3.3423398,-3.6561148,-3.3224528,-3.3224518,-3.3015254,-3.6331189,-3.29092,-3.5062969,-3.9201145,-4.4175224,-4.2907043,-4.2907043,-4.281439,-4.594702,-4.265691,-4.056119,-4.339272,-3.7350905,-4.645485,-4.645485,-4.6522827,-3.746626,-4.606265,-4.3747334,-3.7115757,-4.4463363,-4.1271634,-4.1271634,-4.0958724,-3.955632,-4.0737805,-3.4219434,-3.6032073,-3.875578,-4.4070387,-4.4070387,-4.4036546,-4.39979,-4.3647013,-4.4328537,-4.1127553,-3.452717,-3.680382,-3.6803825,-3.6138651,-3.8432038,-3.6470163,-3.6052496,-3.0310786,-3.1433747,-3.51644,-3.51644,-3.5524063,-2.5507827,-3.6337986,-3.849545,-5.184414,-5.087989,-5.1454716,-5.1454706,-5.1764984,-4.9800406,-5.0783615,-5.1404223
Cn2c(=O)n(C)c1ncn(CC(O)CO)c1c2=O,-0.17,-3.3452187,-3.6995907,-3.3832233,-3.383223,-3.390677,-3.6901164,-3.4156444,-2.8152742,-1.4528885,-1.7351999,-1.5372171,-1.5372168,-1.5145643,-1.4764138,-1.5310724,-1.7944435,-0.87784445,-3.2253306,-2.6398833,-2.6398833,-2.6326275,-3.0549705,-2.6495018,-0.45147792,-1.3391275,-1.1062349,-1.6496247,-1.6496241,-1.5955292,-1.1419089,-1.5862902,-1.4064127,-1.9911121,-3.1249106,-2.7954695,-2.7954695,-2.8137653,-2.7823899,-2.7961886,-2.51992,-3.6484349,-3.5552807,-3.9253583,-3.9253583,-3.8761177,-3.91081,-3.8354452,-4.5951996,-1.9394583,-3.057616,-2.2375906,-2.2375908,-2.8658223,-2.643642,-2.3516874,-2.2373397,-0.40394974,-0.9174349,-1.5184522,-1.5184513,-1.3692513,-0.8079182,-1.4484131,-1.4398261,-0.28302443,-1.4071115,-1.8865695,-1.8865694,-1.9522586,-2.0689979,-2.5184827,-2.3451102
CN2C(=C(O)c1ccccc1S2(=O)=O)C(=O)Nc3ccccn3 ,-4.16,-5.0803185,-4.7558513,-4.542449,-4.5424485,-4.5674744,-5.002758,-4.6272492,-4.0326824,-3.7130966,-3.5823572,-3.2218232,-3.2218235,-3.2203386,-3.6861742,-3.2568662,-2.8598974,-4.0036554,-5.127022,-4.7963004,-4.7963,-4.7565923,-5.1185594,-4.9681015,-3.1180804,-4.238127,-3.852001,-4.889715,-4.8897142,-4.8436823,-4.083254,-4.6265407,-4.29522,-4.1420684,-4.19212,-4.0780253,-4.078025,-4.119062,-4.0255213,-4.194116,-3.9661942,-4.348683,-5.0696993,-4.5453944,-4.545395,-4.576594,-4.3693714,-4.619322,-4.5060816,-3.8931892,-3.883009,-4.1299644,-4.1299644,-3.9519749,-4.350532,-4.1208954,-3.9427693,-3.8601944,-3.235438,-3.9887564,-3.9887557,-3.961753,-2.6262379,-3.9606504,-4.2064247,-4.080451,-4.156516,-4.1967716,-4.196771,-4.2193627,-4.0716753,-4.111441,-3.8027515
Cc1cccc(C)c1NC(=O)c2cc(c(Cl)cc2O)S(N)(=O)=O,-3.79,-4.934345,-5.3306913,-4.830638,-4.830638,-4.8731093,-5.2740283,-4.908011,-3.8799734,-3.4718018,-3.648855,-3.6520095,-3.6520095,-3.692411,-4.245876,-3.6760223,-3.4746187,-3.706738,-4.9919977,-4.5643477,-4.5643477,-4.515204,-4.9248943,-4.8777266,-3.0145767,-4.051569,-4.1332498,-4.8935347,-4.8935328,-4.745021,-4.303515,-4.828635,-4.224383,-4.9688425,-5.0855026,-4.7883725,-4.788373,-4.8316207,-4.6246557,-4.904204,-4.2638216,-4.2552094,-4.158823,-3.914454,-3.9144542,-3.9194255,-3.9125848,-3.9632385,-3.9052756,-4.385981,-3.4547641,-4.107845,-4.1078453,-3.6018105,-4.109502,-3.9570556,-4.14419,-3.4580243,-3.367093,-4.0219216,-4.0219216,-3.9804358,-2.7237065,-4.0438623,-3.62869,-3.804034,-3.8603516,-3.818055,-3.8180547,-3.8048525,-3.6363347,-3.6884007,-3.6901522
N(Nc1ccccc1)c2ccccc2 ,-2.92,-3.2787995,-3.3684115,-3.3066747,-3.306675,-3.3571115,-3.8064528,-3.386154,-2.5683997,-3.122955,-3.753679,-3.254711,-3.2547107,-3.2269073,-3.8888862,-3.2381694,-3.3756204,-3.1429203,-3.2201774,-3.3438604,-3.3438601,-3.3336256,-3.2196307,-3.4198065,-3.143261,-3.8918986,-3.2967043,-4.313557,-4.3135576,-4.113398,-3.3259614,-4.1549745,-3.6899903,-3.8916957,-4.991737,-3.8544302,-3.8544304,-4.0036125,-3.764594,-4.0626535,-2.9356337,-4.663264,-4.1926126,-4.414325,-4.414325,-4.4064827,-4.362586,-4.2544765,-4.755921,-3.6023011,-3.374463,-3.325507,-3.3255067,-3.256825,-3.4051418,-3.29852,-3.4037147,-3.5778127,-3.4376986,-3.9654121,-3.9654121,-3.9200325,-2.8752544,-3.9354856,-4.0240273,-2.8386545,-3.3367941,-3.2236366,-3.2236366,-3.2210608,-3.0046601,-2.9981835,-2.9254673
CCCCC(C)(O)CC,-1.6,-2.360046,-2.5235155,-2.1265862,-2.1265864,-2.1242115,-2.39954,-2.1078126,-1.547884,-1.4003141,-1.6473286,-2.559971,-2.5599713,-2.544767,-2.4196408,-2.4972959,-2.2993557,-1.5567744,-2.5036151,-2.5209758,-2.5209756,-2.5230117,-2.499603,-2.5112448,-2.3312216,-2.044909,-2.4143846,-2.9982176,-2.998217,-3.0993564,-2.391911,-3.0503604,-2.9915855,-2.665013,-2.4590342,-2.256183,-2.2561831,-2.2633512,-2.2217455,-2.2387238,-1.9425223,-2.3449316,-2.5834875,-2.3456473,-2.3456473,-2.10479,-2.3499506,-2.160742,-2.2369902,-2.1816227,-2.7027204,-1.538068,-1.5380677,-2.502705,-1.8098264,-1.5343075,-1.7255033,-1.80257,-2.379805,-3.1652446,-3.1652446,-3.0879235,-1.9888426,-3.0573883,-3.0107634,-1.64118,-1.6939188,-1.5189431,-1.5189431,-1.4785691,-1.5653938,-1.6695427,-1.3710439
CSc1nc(NC(C)C)nc(NC(C)C)n1,-4.1,-3.5663323,-4.2988806,-3.8660545,-3.866054,-3.8600483,-4.121446,-3.864532,-2.8615131,-2.8699522,-2.5424848,-2.931276,-2.931275,-2.8326662,-3.4345763,-2.917364,-3.1872642,-3.4137623,-4.3417764,-4.2049437,-4.2049437,-4.211103,-4.2823935,-4.16695,-3.58011,-3.396872,-2.5030138,-3.2864928,-3.2864928,-3.4039552,-2.5303445,-3.4365346,-3.1925292,-2.6412952,-4.1314745,-3.72239,-3.72239,-3.7419755,-3.7084026,-3.7295973,-2.4414163,-3.5054183,-3.8451319,-4.172384,-4.1723833,-4.1587043,-4.206008,-4.086195,-4.3855367,-4.2623763,-3.5396185,-3.8678477,-3.8678482,-3.4135928,-3.9740658,-3.8336618,-3.8728755,-3.414711,-2.9218545,-3.336955,-3.3369553,-3.2692301,-2.460815,-3.2843876,-3.3051286,-4.0745053,-4.094378,-4.2710447,-4.2710447,-4.2848225,-4.0697083,-4.2038393,-4.0898833
CC(O)c1ccccc1,-0.92,-1.4113164,-2.1869373,-1.7977322,-1.7977318,-1.8097169,-2.0009904,-1.8066097,-1.2361763,-1.0409546,-1.896041,-1.6895694,-1.6895692,-1.6752486,-1.7064611,-1.6331725,-2.1487875,-1.0569181,-1.7333895,-1.826058,-1.826058,-1.8250233,-1.7213142,-1.8634499,-1.267563,-0.1712526,-1.4269985,-1.8248677,-1.8248657,-1.7392989,-1.4031434,-1.8628018,-1.6744479,-1.6861699,-1.9216655,-1.6001827,-1.6001828,-1.6231271,-1.5580921,-1.593775,-1.3441123,-1.7152584,-2.1980703,-2.1400814,-2.1400814,-2.1248388,-2.1529582,-2.122719,-1.8708264,-1.3990959,-1.8527522,-0.94961613,-0.94961643,-1.7725276,-1.11803,-0.9500466,-1.0867981,-1.0150597,-0.090543315,-0.6790992,-0.6790992,-0.6916885,0.024156664,-0.6988512,-0.53243995,-0.9039343,-0.9261235,-1.1742002,-1.1742003,-1.1580426,-0.6780258,-0.64729387,-0.99076843
CN(C)c2c(C)n(C)n(c1ccccc1)c2=O ,-0.364,-2.9044871,-3.519425,-3.14927,-3.14927,-3.1714358,-3.4653645,-3.2114258,-2.452889,-2.1806767,-3.0757573,-2.4834073,-2.4834073,-2.4552739,-2.821998,-2.4410703,-2.7930326,-0.5076979,-3.6793888,-3.45499,-3.4549897,-3.440059,-3.6815176,-3.4716415,-2.2559159,-0.99396837,-3.025177,-3.5753212,-3.5753217,-3.5361154,-2.92527,-3.466419,-2.6909769,-2.303347,-3.272767,-3.06237,-3.0623703,-3.0859578,-2.9729693,-3.10482,-2.7596962,-3.154606,-3.3103905,-3.1341524,-3.1341527,-3.0775676,-3.186182,-3.1580102,-3.147228,-2.814661,-4.049575,-3.1012716,-3.1012719,-3.8208957,-3.3955586,-3.0949574,-2.945913,-2.1171248,-2.6766753,-3.3538237,-3.353824,-3.3500044,-2.1947114,-3.371906,-3.4738653,-0.33704835,0.41475138,0.13661924,0.13661939,0.14745,0.15784171,0.11400787,0.18427506
CCCCCl,-2.03,-1.6422657,-1.5262613,-1.1708978,-1.1708981,-1.175791,-1.4527619,-1.1477094,-1.3156205,-1.3800895,-1.2858818,-1.2651788,-1.2651788,-1.2580299,-1.2546322,-1.2299645,-1.4675701,-1.952853,-1.2465781,-1.3381574,-1.3381574,-1.3391197,-1.2947696,-1.3524818,-1.6323104,-2.067791,-1.4168226,-1.9576186,-1.95762,-1.9643552,-1.3964307,-2.0731976,-1.7477725,-2.2413235,-1.8296857,-1.6444782,-1.6444784,-1.6048218,-1.4055336,-1.5678726,-1.745949,-1.3325603,-1.9793811,-1.8411638,-1.8411639,-1.763583,-1.8034025,-1.7533717,-1.6073672,-1.8790115,-2.2965825,-1.749594,-1.749594,-1.912152,-2.2162642,-1.8402569,-1.9135294,-2.0469575,-1.9230622,-2.1869402,-2.1869397,-2.2120147,-1.6294527,-2.2388024,-1.8565176,-2.1543918,-2.648089,-2.7437332,-2.7437336,-2.7105503,-2.4976187,-2.6171122,-2.2392597
CC1(C)C(C=C(Cl)C(F)(F)F)C1C(=O)OC(C#N)c2cccc(Oc3ccccc3)c2,-8.176,-5.66179,-7.5830016,-6.7184715,-6.7184725,-6.7431784,-7.056611,-6.752433,-5.4209995,-5.432034,-4.891208,-4.405861,-4.4058614,-4.3923554,-4.8535743,-4.4160986,-5.1370277,-7.831665,-6.038417,-5.8384013,-5.838402,-5.8799424,-6.6449056,-6.200402,-7.361563,-8.182392,-6.911822,-7.5566163,-7.5566154,-7.926641,-6.559357,-8.036282,-7.579507,-6.3491316,-7.2018046,-6.7996626,-6.7996626,-6.815782,-6.5850267,-6.8797174,-6.088719,-5.518855,-5.4863515,-5.0826955,-5.0826955,-4.9976397,-4.885353,-4.787587,-4.98223,-6.19658,-6.235808,-4.9106755,-4.910676,-5.8644433,-5.945646,-5.8593783,-7.099673,-7.1201477,-6.0783544,-6.4394226,-6.4394217,-6.5174284,-4.696519,-6.5328,-7.591337,-7.9618177,-8.300871,-8.190332,-8.190332,-8.236378,-8.030424,-8.230273,-8.186591
COc1ccc(Cl)cc1,-2.78,-2.572949,-2.3224673,-2.2644699,-2.2644696,-2.29665,-2.635942,-2.2849147,-2.0401602,-2.0176578,-2.2583892,-1.539907,-1.5399075,-1.5249813,-1.5766355,-1.5027084,-2.0352902,-2.218094,-1.8975943,-1.942527,-1.942527,-1.9455082,-1.8605254,-1.9623713,-1.9945818,-1.6167481,-1.6595198,-2.4566026,-2.4566011,-2.3484066,-1.6523544,-2.3665688,-2.0137148,-2.330852,-1.902182,-2.0377734,-2.0377736,-2.0501711,-2.0024672,-2.0249693,-2.011193,-2.3945396,-2.6542115,-2.813437,-2.813437,-2.7902112,-2.8054166,-2.7628913,-2.606387,-1.9448392,-0.5421367,-1.4216325,-1.4216326,-0.8399178,-1.5346735,-1.4733582,-1.2157604,-2.434697,-2.0958605,-2.6269646,-2.626964,-2.6405344,-1.7021991,-2.6634178,-2.262697,-2.8440185,-3.0032313,-2.885211,-2.8852108,-2.8745656,-2.853446,-2.9247136,-2.6923351
ClC=C(Cl)Cl,-1.96,-1.3143408,-2.0895061,-1.8295864,-1.8295864,-1.8395274,-2.005738,-1.8400817,-1.1886827,-1.8712727,-1.4952931,-1.8464187,-1.8464181,-1.8466343,-1.8413266,-1.8403399,-1.7122614,-1.9934708,-0.9739262,-0.9179901,-0.9179902,-0.9200755,-1.0079895,-0.9294728,-1.4706888,-1.538897,-1.3553418,-2.2500186,-2.2500176,-2.1551774,-1.5110141,-2.238693,-1.7861186,-1.7703766,-2.1713293,-2.0631733,-2.0631733,-2.0843294,-2.1603692,-1.7891235,-0.59342134,-0.6901425,-1.511248,-1.2453045,-1.2453045,-1.2630235,-1.2502687,-1.2681605,-0.9496758,-1.553161,-3.583864,-1.5844767,-1.5844762,-3.689445,-2.4086668,-1.6994398,-1.995669,-1.7751672,-1.698722,-1.7526845,-1.7526842,-1.7540565,-1.4467632,-1.7463611,-1.8185548,-1.9813654,-2.2769449,-2.2748978,-2.2748976,-2.2767115,-2.3292847,-2.3633459,-2.162653
Oc1cccc(Cl)c1,-0.7,-1.9726034,-2.218326,-2.029856,-2.0298553,-2.0414245,-2.2647998,-2.0446944,-1.6277289,-1.5973917,-1.4768524,-1.2015778,-1.2015778,-1.2040843,-1.2190548,-1.169369,-1.4978765,-0.7028837,-1.5400249,-1.6229709,-1.6229708,-1.6247425,-1.5787686,-1.6432904,-1.113681,-1.0807188,-1.4673856,-2.1835923,-2.1835926,-2.069639,-1.5447648,-2.1142333,-1.7535316,-1.932155,-1.8461255,-1.867668,-1.8676679,-1.8781536,-1.8562025,-1.7776511,-1.4406706,-1.7894185,-2.4081,-2.6313052,-2.631305,-2.5628912,-2.641269,-2.715264,-2.4934576,-1.2829822,-0.5305234,-0.6287206,-0.62872094,-0.9563356,-0.7890382,-0.6728067,-0.5922712,-1.0971537,-0.9598389,-1.2992935,-1.2992933,-1.3090992,-0.9818794,-1.3190225,-1.0151688,-0.73523843,-0.82146823,-0.94286364,-0.94286364,-0.9419253,-0.8595135,-0.8459946,-0.9791645
CCCCCCC(=O)OCC,-2.74,-2.965111,-3.1329212,-2.8686564,-2.8686566,-2.8792644,-3.213379,-2.8987975,-2.2409167,-2.1786528,-3.2194662,-3.0921068,-3.0921059,-3.0246546,-3.3559659,-3.0711389,-2.9193192,-2.262509,-2.9614348,-2.9194133,-2.919413,-2.9353597,-2.888853,-2.819988,-2.763782,-2.6368363,-2.2764645,-3.140672,-3.140672,-3.0112097,-2.3356464,-3.1078079,-2.8261461,-3.1155457,-3.0788798,-2.9414995,-2.9414997,-2.9429533,-2.9613395,-2.9237812,-2.7160716,-2.9334152,-3.6183167,-3.5283637,-3.5283642,-3.233582,-3.5015175,-3.3240643,-3.5770164,-2.9690979,-3.5563228,-2.7775643,-2.7775638,-3.6469808,-2.9087431,-2.809779,-2.617077,-2.0020316,-2.7396476,-3.1158257,-3.1158257,-3.0768933,-2.2563035,-3.0671713,-3.0213814,-2.8857052,-3.2077203,-3.1526353,-3.1526349,-3.2169473,-2.9007802,-2.8502598,-2.6882727
CCCC(C)C1(CC=C)C(=O)NC(=S)NC1=O ,-3.46,-3.5814872,-3.7446535,-3.4977703,-3.4977703,-3.4865823,-3.7704527,-3.4530818,-3.1834311,-2.7953935,-2.9814966,-2.6417804,-2.64178,-2.6096141,-2.7534933,-2.5835514,-2.991339,-3.2936237,-4.3806715,-4.008742,-4.0087423,-4.004161,-4.330532,-3.9824543,-3.1814375,-3.1139898,-2.6248257,-3.4280734,-3.4280725,-2.8711956,-2.397516,-3.148752,-3.409165,-3.0596893,-3.635146,-3.5750945,-3.5750942,-3.558648,-3.5651696,-3.509411,-3.4419162,-4.3697653,-3.6302133,-4.1695495,-4.1695495,-4.0159307,-4.083019,-3.872196,-4.8745723,-3.7306125,-2.9557016,-3.33556,-3.3355598,-3.1726742,-3.5072389,-3.3491397,-3.6378295,-3.1110606,-3.1117845,-3.696794,-3.6967938,-3.732963,-2.161589,-3.7776804,-3.8643606,-3.2572494,-2.8562636,-2.8726966,-2.8726969,-2.8383102,-2.945457,-2.8127756,-2.8296678
Cc1cc(no1)C(=O)NNCc2ccccc2,-2.461,-3.6921184,-3.979659,-3.7957966,-3.7957969,-3.738164,-4.189944,-3.7602232,-3.1262105,-2.9654322,-4.1425834,-2.7543025,-2.754302,-2.6791832,-3.4762368,-2.7404325,-3.2679927,-2.5160737,-3.7718077,-3.483567,-3.483567,-3.467115,-3.6708,-3.4965577,-2.5548506,-1.2670743,-2.2020848,-2.929553,-2.929552,-2.7244117,-2.196765,-2.7999487,-2.5510082,-3.6059737,-3.6599782,-3.558984,-3.558984,-3.548247,-3.583528,-3.5524113,-3.630988,-3.4767182,-4.4555597,-4.2875733,-4.2875733,-4.202726,-4.2775555,-4.470849,-4.396377,-3.8106484,-4.191115,-3.5293317,-3.529332,-3.8212044,-3.7548847,-3.6522713,-3.5095382,-2.1035037,-2.7412632,-3.0752873,-3.0752866,-3.1254113,-2.3495772,-3.239961,-2.987818,-2.640251,-2.4516559,-2.4091377,-2.4091382,-2.4324307,-2.3576255,-2.3772426,-2.2853253
O2c1ccc(N)cc1N(C)C(=O)c3cc(C)ccc23 ,-3.928,-3.0672379,-3.9543948,-3.5705888,-3.5705886,-3.5932236,-3.8914986,-3.6348257,-2.5960164,-3.59584,-3.9003465,-3.4013762,-3.4013762,-3.3597863,-3.6580713,-3.366967,-3.7545288,-3.4075215,-4.148609,-4.081102,-4.0811024,-4.0692987,-4.1906853,-4.1033463,-3.2730465,-3.545571,-2.9384115,-3.9702187,-3.9702163,-3.8644803,-3.0690079,-3.7917945,-3.6723082,-2.7810483,-3.6041622,-3.3230736,-3.3230736,-3.351775,-3.2801435,-3.3859613,-2.9023764,-4.623611,-4.939725,-5.3209147,-5.3209147,-5.3499727,-5.0934772,-5.304872,-4.951271,-2.9500082,-2.2736857,-2.8634813,-2.8634818,-2.4929316,-3.0862503,-2.9158347,-2.86087,-2.9476817,-3.1674807,-3.5562572,-3.5562568,-3.5392704,-2.5761144,-3.6094742,-3.775237,-3.9181838,-3.840376,-3.8875422,-3.8875415,-3.8804452,-3.8081963,-3.9002042,-3.9110174
CC(=O)Nc1nnc(s1)S(N)(=O)=O ,-2.36,-2.9743068,-3.1118073,-2.977605,-2.9776053,-3.0124707,-3.3917708,-3.0339558,-2.491583,-2.4681828,-1.5618868,-2.1231153,-2.1231158,-2.0764315,-2.131865,-2.0465484,-1.3711884,-2.283177,-2.6398923,-2.5692356,-2.5692356,-2.5792143,-2.5561514,-2.5567093,-1.565995,-1.7772439,-0.790575,-1.549037,-1.5490372,-1.2914127,-0.9973403,-1.517588,-1.4409024,-2.6979456,-2.9746187,-2.8564427,-2.8564427,-2.9037588,-2.9728565,-2.8659751,-2.3028588,-2.1712227,-3.3802211,-3.1262867,-3.126287,-3.0572393,-3.192126,-3.0551794,-2.9987934,-3.0680203,-5.322105,-3.2951,-3.2951,-4.8426023,-3.4952707,-3.3826382,-4.259198,-2.3257067,-1.6589881,-2.6607,-2.6606998,-2.443533,-1.2140999,-2.6202831,-2.1143534,-2.4315453,-0.92016536,-1.6186447,-1.6186447,-1.6585687,-1.9511191,-1.9481541,-1.2557571
Cc1ccccc1Br,-2.23,-1.9008545,-2.1968412,-1.889461,-1.8894608,-1.9011546,-2.0788846,-1.9083133,-1.4629586,-2.2030733,-2.5431511,-2.2374783,-2.2374785,-2.2378929,-2.2170255,-2.194935,-2.459627,-2.1845076,-1.7224413,-1.8180989,-1.8180988,-1.8196213,-1.710528,-1.8416966,-2.3604715,-2.2237432,-2.2807498,-2.806059,-2.80606,-2.761252,-2.055518,-2.8141172,-2.4566684,-2.4792721,-1.816209,-1.8621432,-1.8621429,-1.8439021,-1.7916558,-1.8264765,-2.0194094,-1.4582111,-2.0824707,-2.0169358,-2.0169358,-2.017847,-2.0236504,-1.9941531,-1.4560211,-3.0044158,-4.4694743,-2.3432066,-2.3432062,-4.0804453,-2.6885748,-2.4934762,-2.5697634,-1.9996994,-2.2501478,-2.5195568,-2.5195565,-2.5241542,-1.9227818,-2.5608962,-2.0957334,-2.4114354,-3.3201728,-3.3148038,-3.3148036,-3.3124976,-3.0455427,-3.068651,-2.747957
Nc1cccc(c1)N(=O)=O,-2.19,-2.5738158,-2.357451,-2.2290046,-2.2290041,-2.2368803,-2.4965265,-2.2477605,-2.0495894,-1.949432,-1.1175902,-1.1843318,-1.184332,-1.1984953,-1.1384052,-1.2064755,-1.1578248,-2.0622163,-1.738383,-1.8933064,-1.8933061,-1.8947673,-1.7547939,-1.9223181,-1.3227553,-1.7707533,-1.6153228,-2.4219704,-2.42197,-2.3286316,-1.7834362,-2.4128234,-1.9951167,-2.4374318,-1.9701884,-1.9225942,-1.9225943,-1.9138244,-1.9096061,-1.917987,-1.5636649,-2.2627056,-2.3627481,-2.4749553,-2.474955,-2.4484484,-2.45956,-2.457015,-2.2041652,-1.500344,-1.503491,-0.8769434,-0.87694436,-1.4286964,-1.138643,-0.97157043,-0.826629,-2.1701663,-1.4519243,-1.605551,-1.6055504,-1.6128663,-1.2087009,-1.6329284,-1.6950366,-2.1705456,-2.0052345,-2.3789392,-2.3789387,-2.374349,-2.334688,-2.3425539,-2.5750828
Oc1cc(Cl)ccc1Oc2ccc(Cl)cc2Cl,-4.46,-4.699359,-4.1082335,-3.9896593,-3.9896588,-4.0275526,-4.4523473,-4.064238,-4.2209573,-4.3819895,-5.221443,-4.8181906,-4.818189,-4.8213787,-5.092733,-4.8543425,-4.510074,-4.4238095,-4.728694,-4.5579724,-4.557972,-4.5695124,-4.504628,-4.528617,-4.846281,-4.6428576,-4.344643,-5.3453865,-5.3453865,-5.249775,-4.3493567,-5.303237,-4.9409475,-4.7233796,-3.6212564,-3.5709841,-3.570984,-3.6198933,-3.5321984,-3.6377833,-4.434424,-4.114426,-4.0657606,-4.6527753,-4.652776,-4.587953,-4.5448294,-4.7036376,-5.509695,-2.2576919,-1.6542085,-2.137553,-2.137553,-2.1154823,-2.4361227,-2.2410862,-2.0302372,-4.714305,-4.521466,-5.1022315,-5.102231,-5.058486,-3.5810146,-4.9723334,-5.0561404,-4.445804,-4.4309645,-4.452438,-4.4524374,-4.4366546,-4.297364,-4.48177,-4.503259
CC34CCC1C(CCC2=CC(=O)CCC12C)C3CCC4=O,-3.69,-3.9823174,-3.9698563,-3.5754342,-3.5754344,-3.597467,-3.9755442,-3.604091,-3.182582,-3.7478557,-3.8545895,-4.199435,-4.199434,-4.1517644,-4.509125,-4.138536,-4.3998623,-4.303443,-3.904467,-4.15254,-4.1525407,-4.1375427,-4.2609186,-4.046042,-4.2761836,-4.3140016,-4.2644124,-4.390926,-4.3909264,-5.0565624,-4.061438,-4.7845798,-4.509517,-4.1302147,-3.7614055,-3.5097167,-3.5097172,-3.5376213,-3.4125214,-3.5280497,-3.2557597,-5.649076,-3.365133,-3.5027008,-3.5027008,-3.4196353,-3.4827964,-3.4753351,-4.159405,-4.1423006,-3.9080822,-3.9507082,-3.9507077,-3.9461918,-4.1931753,-3.9447813,-3.8775246,-4.3195105,-4.5950737,-5.197837,-5.1978364,-5.176657,-3.688043,-5.277396,-4.9819717,-3.6928108,-3.9568985,-4.1471634,-4.1471624,-4.142865,-4.1277337,-4.4470706,-5.2609224
CN(C)C(=O)Oc1cc(C)nn1c2ccccc2,-2.09,-3.7718341,-4.059803,-3.7756488,-3.7756488,-3.717204,-4.0005307,-3.666561,-3.4325843,-2.5913663,-2.8032,-2.781469,-2.7814686,-2.736319,-3.110335,-2.745532,-2.9328675,-1.4585407,-3.9068687,-3.6695147,-3.6695144,-3.6574593,-3.819018,-3.6786518,-2.066442,-1.8504372,-3.348549,-3.80584,-3.8058395,-3.4520404,-2.9926488,-3.4853132,-3.2519708,-2.4205499,-3.6220744,-3.361717,-3.3617172,-3.341394,-3.296332,-3.34355,-2.8319633,-3.6569946,-3.9193172,-4.396936,-4.396936,-4.3833547,-4.3811255,-4.3568053,-4.6066856,-3.6249778,-3.7660992,-3.1121762,-3.1121762,-3.3110921,-3.1400306,-2.9706187,-3.2943885,-2.2200527,-2.6416779,-3.0519338,-3.0519338,-3.0492034,-2.28794,-3.1200607,-2.9576693,-2.1583169,-2.0048318,-1.9852862,-1.9852854,-1.9766972,-1.9875622,-2.1062696,-2.05708
CC(=O)N(S(=O)c1ccc(N)cc1)c2onc(C)c2C ,-3.59,-4.1965837,-4.4714622,-4.218875,-4.218875,-4.1859016,-4.431769,-4.141093,-3.6490746,-3.1940084,-3.3259676,-2.5947309,-2.5947309,-2.5464494,-2.8479323,-2.5880635,-3.132438,-2.8569307,-4.6665173,-4.2120667,-4.2120667,-4.202563,-4.5448303,-4.1663256,-2.5719976,-2.6028235,-3.4770532,-3.9066439,-3.9066436,-3.5761542,-2.8938549,-3.3872945,-3.728034,-3.9457028,-4.2245255,-3.98807,-3.98807,-3.9716737,-3.9846466,-4.00323,-3.6375947,-3.8687484,-4.4658227,-4.6919107,-4.6919107,-4.492638,-4.501728,-4.1974773,-4.1936016,-3.679575,-3.55844,-3.4387283,-3.4387283,-3.543353,-3.7878633,-3.5677843,-3.4922285,-2.7403717,-2.2854054,-3.1138299,-3.1138291,-3.125432,-1.8162862,-3.1879423,-2.9445996,-3.591079,-3.5046327,-3.5174632,-3.517463,-3.5448534,-3.4440176,-3.5971804,-3.7316463
CCC(C)CCO,-0.71,-1.6965029,-2.0810804,-1.5485661,-1.548566,-1.5446992,-1.7382582,-1.5412982,-1.2065179,-0.5174802,-1.4421996,-1.6780225,-1.6780226,-1.6644776,-1.6388389,-1.6196525,-1.9089353,-0.8606688,-1.5403683,-1.6103526,-1.6103525,-1.6102222,-1.5295138,-1.638358,-1.0514936,-1.1765462,-1.2216762,-1.668927,-1.668926,-1.4510759,-1.1576827,-1.7014928,-1.7131687,-1.6325268,-1.8479965,-1.5501944,-1.5501943,-1.5649794,-1.4877608,-1.5302056,-1.3511528,-1.1728793,-2.1846237,-2.2347956,-2.2347958,-2.199552,-2.2428527,-2.1974556,-1.8741894,-0.934842,-1.8927318,-0.5282919,-0.52829117,-1.7822014,-0.88076645,-0.5701831,-0.86264277,-0.913861,-0.8293051,-1.2427402,-1.2427405,-1.166605,-0.5658991,-1.22252,-1.0991789,-0.9582881,-1.3864328,-1.5515285,-1.5515287,-1.5215406,-1.0420595,-0.9653362,-0.8691867
CC(C)N(C(C)C)C(=O)SCC(Cl)=C(Cl)Cl,-4.88,-4.3024225,-4.0076046,-3.6686049,-3.668605,-3.6574533,-4.0233307,-3.652767,-3.4483604,-3.9784036,-3.396106,-2.9826162,-2.9826157,-2.9475157,-3.3007135,-2.8771896,-3.488635,-4.5276427,-4.6983237,-4.425911,-4.425911,-4.437674,-4.702469,-4.359253,-3.6286461,-3.9732983,-3.9275525,-4.517743,-4.517743,-4.847637,-4.2076154,-4.8627086,-4.4924436,-5.0173864,-4.0281725,-4.1121044,-4.112105,-4.0865135,-3.8904827,-4.0696707,-4.5120087,-3.537726,-3.453733,-3.274719,-3.2747192,-3.2014332,-3.1496122,-3.224044,-2.9566348,-2.832332,-3.6716402,-2.5968335,-2.5968342,-3.4835439,-2.9237142,-2.6096876,-2.6283622,-4.2897806,-3.7434149,-4.6427727,-4.642773,-4.6617637,-2.9808369,-4.767858,-4.828854,-4.6655507,-4.229179,-3.9300811,-3.9300811,-3.955706,-4.3405843,-4.807867,-4.994404
OC(c1ccc(Cl)cc1)(c2cncnc2)c3ccccc3Cl,-4.38,-5.383026,-5.0115075,-4.682871,-4.6828713,-4.6560416,-4.9611526,-4.6316853,-4.3095894,-4.721867,-5.02324,-4.900072,-4.900071,-4.857479,-5.1166997,-4.8101687,-4.811297,-4.2968874,-5.3264847,-5.184426,-5.184425,-5.2099447,-5.444295,-5.054772,-5.284553,-4.841607,-4.156418,-5.011236,-5.0112357,-4.8441534,-3.9886425,-4.6855373,-4.7793283,-3.6751199,-4.272021,-4.05899,-4.0589895,-4.0166373,-4.0326986,-4.006547,-3.5544722,-4.4188766,-3.9954305,-4.7299542,-4.7299547,-4.6691785,-4.6742,-4.7998075,-4.8807206,-4.1890774,-3.2169821,-3.3215473,-3.3215473,-3.1630065,-3.424639,-3.3328242,-3.447234,-4.3903227,-5.2541337,-5.709442,-5.7094417,-5.702165,-4.02176,-5.7294006,-5.4560924,-4.395853,-4.3073997,-4.3935766,-4.393577,-4.388158,-4.2731185,-4.268708,-4.3989916
C1CCC=CCC1,-3.18,-2.513739,-1.8010688,-1.2175958,-1.2175956,-1.200024,-1.4016148,-1.1713845,-1.2528708,-2.3490868,-1.6680546,-2.434589,-2.434589,-2.4233515,-2.3927364,-2.4322872,-1.9872247,-3.3952317,-1.6497545,-1.7822998,-1.7822998,-1.7816865,-1.6831268,-1.7980064,-2.3565106,-2.5111046,-1.8279048,-2.6807547,-2.680755,-2.523897,-1.6844522,-2.6189282,-2.2214687,-3.248534,-2.1740375,-1.5636058,-1.5636059,-1.5097314,-1.2990491,-1.5171825,-2.1343687,-2.285886,-2.1891103,-2.3700976,-2.3700974,-2.3095753,-2.3461769,-2.4809391,-1.9994925,-3.1040432,-3.1660748,-2.501168,-2.501168,-2.5733988,-2.6866498,-2.4749212,-2.8303096,-2.886812,-3.3010004,-3.8916085,-3.8916085,-3.8638325,-3.086117,-3.850311,-3.1225505,-1.9695027,-1.2620469,-1.1414776,-1.1414776,-1.1372709,-1.4749858,-1.4605795,-2.3979042
CCC#C,-1.24,-0.34366748,-1.2758417,-0.7644724,-0.7644723,-0.7885395,-0.9117876,-0.77499795,-0.32385585,-0.5610589,-0.5714778,0.07441275,0.07441219,0.077127814,-0.017148515,0.10688606,-0.71633697,-0.80210364,-0.9959847,-0.9837064,-0.9837065,-0.9844462,-0.93023825,-0.9996619,-0.7017494,-0.21834543,-0.17556341,-0.55263716,-0.5526354,-0.5044314,-0.20845187,-0.54374254,-0.6648361,-0.8399173,-1.5287545,-1.5859911,-1.5859913,-1.6157097,-1.4555459,-1.6431936,-0.54963654,-0.6127182,-1.9469118,-0.71488595,-0.71488595,-0.7271318,-0.77819234,-0.881098,-0.3270037,-1.4729679,-1.8828937,-1.382992,-1.3829929,-1.7892925,-1.3201406,-1.3271793,-1.5074756,-0.9637722,0.1331362,-0.010541856,-0.010541855,-0.028041303,0.34195915,-0.041725133,0.08691699,-1.1208299,-2.0525868,-2.0975156,-2.0975156,-2.0938468,-1.8727175,-1.8029894,-1.8453606
N(c1ccccc1)c2ccccc2,-3.504,-2.5526547,-2.9791238,-2.7244842,-2.724484,-2.7651367,-3.090457,-2.7905166,-2.054165,-3.3693366,-3.7320879,-3.6571255,-3.657125,-3.6217115,-3.8483977,-3.626529,-3.4985933,-3.452602,-3.0037582,-3.1537158,-3.1537156,-3.1523693,-3.02958,-3.1599345,-3.3469415,-3.3177934,-3.4647121,-4.26,-4.2599983,-4.140867,-3.4403641,-4.129487,-3.804589,-4.2868547,-4.2623324,-4.080315,-4.080315,-4.1890645,-3.8559403,-4.0860267,-3.432632,-4.520069,-3.5020723,-3.83111,-3.83111,-3.7857482,-3.7960835,-3.7691684,-4.607806,-3.6019108,-2.33682,-2.5467284,-2.5467284,-2.1947541,-2.5472796,-2.4700122,-2.688528,-3.4677277,-3.5366096,-4.298359,-4.29836,-4.2627177,-2.9231145,-4.2509146,-4.0346537,-3.4786956,-3.6692204,-3.542464,-3.542464,-3.5337262,-3.5526872,-3.56255,-3.465139
CCCCOc1ccc(C(=O)OCC)c(c1)N(CC)CC ,-3.84,-4.4306173,-5.0256367,-4.5867286,-4.5867286,-4.605237,-4.92607,-4.6245713,-3.5114102,-3.6922119,-4.2247953,-4.3872337,-4.3872333,-4.3963223,-4.976397,-4.478393,-4.5020375,-3.8481019,-4.1534047,-4.224916,-4.2249165,-4.1527276,-4.3856936,-4.461055,-4.0619717,-4.2859006,-4.434738,-4.922374,-4.9223742,-4.4840903,-3.9312022,-5.318619,-4.7763124,-4.594653,-5.273085,-4.9422727,-4.9422727,-4.9696136,-4.8109593,-4.9562182,-4.1673145,-4.720827,-5.2256565,-5.0913334,-5.0913334,-4.8118815,-4.9740562,-4.739175,-4.87258,-4.6936436,-5.2618003,-4.288649,-4.288649,-5.1166306,-4.676319,-4.348439,-4.239896,-3.6496704,-4.048886,-4.373147,-4.3731465,-4.29926,-3.3826082,-4.3363748,-4.665945,-4.07211,-3.72504,-3.7658892,-3.7658896,-3.7867386,-3.6912272,-3.637245,-3.64299
CCI,-1.6,-0.50483525,-0.8237934,-0.098598614,-0.098598585,-0.10907572,-0.27131844,-0.10956219,-0.16971065,-1.6665176,-1.1937535,-1.5101284,-1.5101287,-1.5162864,-1.4480321,-1.5113227,-1.6442034,-2.0489447,-1.2119409,-1.2156461,-1.2156461,-1.2176623,-1.219474,-1.2318686,-1.6719253,-0.92571086,-0.33874056,-0.81516564,-0.81516635,-0.7316533,-0.44073868,-0.75790244,-0.8342469,-1.7085238,-2.0285392,-2.0205479,-2.0205479,-2.037689,-1.6873341,-2.096608,-1.0624284,-0.92693216,-1.2224863,-0.5055189,-0.50551903,-0.50492805,-0.5260418,-0.61866874,-0.49724007,-1.5176775,-1.925815,-1.6618758,-1.6618757,-1.4209939,-1.8113172,-1.7475524,-1.6830336,-1.4804099,-1.5607101,-1.8751413,-1.8751411,-1.8924234,-1.2831671,-1.8963165,-1.5523689,-1.9695027,-1.2620469,-1.1414776,-1.1414776,-1.1372709,-1.4749858,-1.4605795,-2.3979042
CCOP(=S)(OCC)SC(CCl)N2C(=O)c1ccccc1C2=O,-6.34,-6.101879,-5.541898,-5.317986,-5.3179865,-5.281289,-5.6219897,-5.2712855,-5.316885,-5.3866034,-4.6378756,-5.031845,-5.0318446,-4.9413376,-5.4647875,-5.0015354,-4.964294,-6.160731,-5.606623,-5.2333965,-5.2333965,-5.195168,-5.7534914,-5.422398,-4.9690237,-5.2135577,-4.393705,-5.170781,-5.170781,-5.428364,-4.326428,-5.2250504,-5.1231117,-5.1136312,-5.2477765,-4.9667897,-4.96679,-4.888247,-5.028255,-4.7848086,-4.8683505,-4.385349,-4.608738,-4.3787208,-4.3787208,-4.382328,-4.338139,-4.3648543,-4.3014083,-5.181651,-6.487403,-5.543927,-5.543927,-5.9912777,-5.9345922,-5.7711864,-5.792282,-5.99001,-4.993546,-5.800232,-5.800232,-5.9306254,-4.0432816,-5.9639416,-6.4526997,-6.389861,-6.330863,-6.399192,-6.399192,-6.400926,-6.2229667,-6.517832,-6.2745395
OC(c1ccc(Cl)cc1)(c2ccc(Cl)cc2)C(Cl)(Cl)Cl,-5.666,-5.807548,-5.439248,-4.977833,-4.9778333,-4.9433265,-5.2914996,-4.9128604,-4.4327226,-5.9583893,-6.919226,-6.361017,-6.3610163,-6.3013206,-6.5147166,-6.3022,-6.121199,-5.7105956,-5.968624,-5.962297,-5.9622965,-5.9797006,-6.2230406,-5.9081664,-5.855892,-6.1338644,-5.4218984,-6.2009473,-6.2009454,-6.009304,-4.9992037,-6.081532,-5.955164,-7.147502,-4.4459987,-4.6961303,-4.6961303,-4.6679144,-4.4960546,-4.758618,-6.158051,-4.2541146,-4.280518,-4.839001,-4.839001,-4.838341,-4.684419,-4.9161625,-4.444914,-4.548796,-3.017773,-3.4644005,-3.4644008,-3.0975895,-3.4298387,-3.4027324,-3.5749242,-5.9862223,-6.244762,-6.730628,-6.7306266,-6.691179,-5.1968217,-6.718386,-6.5609894,-5.6919894,-5.6171703,-5.6539845,-5.6539845,-5.6419973,-5.5488315,-5.676642,-5.6422477
CCCOC(=O)C,-0.72,-1.5693883,-2.126947,-1.718471,-1.7184712,-1.7407466,-1.9494101,-1.733515,-1.1778809,-0.38785514,-0.96066576,-0.56362385,-0.5636243,-0.5456823,-0.6051703,-0.5043732,-1.1480874,-0.46010214,-1.4562719,-1.5336813,-1.5336812,-1.5349728,-1.4452664,-1.5594755,-1.2072006,0.12724166,-0.3839954,-0.6430527,-0.6430526,-0.61383736,-0.43797928,-0.62873226,-0.9272009,-1.4831566,-2.0110917,-1.8204594,-1.8204594,-1.8454815,-1.7331791,-1.8329564,-1.3162624,-1.1932776,-2.3260596,-2.0888534,-2.0888534,-2.061655,-2.107955,-2.1017108,-2.0212643,-1.3367071,-1.4986008,-1.1064553,-1.1064558,-1.7108676,-1.255835,-1.114478,-1.1311344,-0.41844288,-0.8477734,-1.115565,-1.115565,-1.0642287,-0.6583644,-1.1300721,-0.79368216,-0.6966148,-0.8808908,-0.96270436,-0.96270436,-0.93405104,-0.95351374,-1.0445553,-0.9767912
c1ccccc1(OC(=O)NC),-1.803,-2.0579205,-2.657927,-2.5386703,-2.5386703,-2.5769296,-2.9270806,-2.5828223,-1.993093,-1.7163315,-2.0295415,-0.988424,-0.98842496,-0.9638725,-1.2476186,-0.9553034,-1.5205722,-1.6778433,-1.9917752,-2.0858932,-2.0858932,-2.0893214,-1.9794465,-2.0955737,-1.8006433,-1.8031639,-1.5232795,-2.2421868,-2.242188,-2.1936545,-1.4973105,-2.1768901,-1.923295,-1.9947112,-2.252163,-2.0705984,-2.0705986,-2.114115,-2.1366327,-2.1079936,-1.5427532,-1.7196659,-3.4078407,-2.8333578,-2.833358,-2.8540082,-2.783737,-2.8343115,-2.4503155,-1.5006891,-2.9117022,-1.6219044,-1.6219046,-2.3629994,-1.4226995,-1.5742958,-1.6788849,-1.3534552,-1.632107,-2.0611577,-2.0611567,-2.0878701,-1.2569517,-2.0740974,-1.5122323,-1.7992156,-1.8686155,-1.9553224,-1.955322,-1.9545367,-1.6659387,-1.7792296,-1.7219611
CS(=O)(=O)c1ccc(cc1)C(O)C(CO)NC(=O)C(Cl)Cl ,-2.154,-5.1969576,-5.24702,-4.806863,-4.8068633,-4.7295275,-5.0898786,-4.726573,-4.303243,-2.9512076,-3.8266687,-3.1440172,-3.1440175,-3.1094646,-3.6124666,-3.118609,-3.2334456,-2.309794,-4.526531,-3.917454,-3.9174533,-3.9607446,-4.512392,-3.651009,-2.214956,-3.0393379,-2.8630238,-3.2155523,-3.215551,-3.351072,-2.7117467,-3.3443906,-3.3957613,-4.8314195,-4.397866,-4.267657,-4.267657,-4.1755166,-4.249581,-4.1406407,-4.494084,-3.6512527,-3.99962,-3.7541127,-3.754113,-3.5701118,-3.7047007,-3.8610702,-3.8582864,-2.5357761,-2.9255865,-2.736469,-2.7364693,-2.8940969,-2.9180293,-2.7456717,-2.6677728,-2.9024496,-3.4476144,-4.272441,-4.272441,-4.3685765,-2.6854556,-4.3775864,-4.104731,-2.0764341,-2.1691236,-2.0703883,-2.070388,-2.1052125,-2.0794835,-2.0050826,-1.978965
C1OC(O)C(O)C(O)C1O,0.39,-1.7486387,-2.1003485,-1.6345266,-1.6345265,-1.6119179,-1.9087117,-1.5974681,-1.5369164,0.57349753,-0.68393177,-0.07449113,-0.07449129,-0.08378816,-0.33126724,-0.047848403,-1.1114358,0.4299435,-0.93297136,-0.9398121,-0.93981206,-0.942164,-0.7437998,-0.9616128,0.8061938,0.5521503,0.4447304,0.5577889,0.5577892,0.806497,0.78037393,0.77896124,-0.26940507,-1.0218911,-1.7980748,-1.5695136,-1.5695136,-1.5815574,-1.5558379,-1.5113055,-1.4047731,-1.5638059,-2.1667738,-2.3438082,-2.3438084,-2.2257972,-2.3277295,-1.9882702,-1.9377774,0.43056598,-0.66178167,0.249517,0.24951711,-0.2757929,0.008270498,0.21332757,0.15161733,0.41836542,-0.15338215,-0.6066586,-0.60665846,-0.63564235,0.3439023,-0.6274342,-0.34720668,0.35605898,0.2801167,0.2607347,0.2607348,0.28712046,0.3087708,0.35993475,0.37569878
CN(C)C(=O)Nc1ccc(Cl)cc1,-2.89,-3.2446418,-3.2574763,-3.2208164,-3.2208164,-3.266296,-3.7085156,-3.2922652,-2.8102033,-3.0710142,-2.5914493,-2.0038147,-2.0038147,-1.9851103,-2.2618635,-2.0029817,-2.2529998,-2.8322587,-3.306142,-3.2757788,-3.275779,-3.2778647,-3.1890073,-3.2909393,-2.9396174,-2.734872,-2.2734149,-3.084384,-3.0843844,-2.9768956,-2.3026178,-2.990734,-2.7899265,-3.7937553,-2.9027789,-2.8462775,-2.8462777,-2.89517,-2.7811556,-2.9271777,-3.3990922,-2.9989562,-3.2158086,-2.9207177,-2.9207177,-2.884195,-2.9614418,-2.952284,-2.8607063,-2.629258,-3.4284863,-2.4587898,-2.45879,-3.2484078,-2.8580618,-2.5021265,-2.4364066,-2.6071296,-2.2113295,-2.7698736,-2.7698731,-2.7526634,-1.7699481,-2.7853098,-3.048559,-3.1004086,-2.9915936,-2.947519,-2.9475193,-2.9429688,-2.994722,-3.0074897,-3.0547266
Cc2cccc3sc1nncn1c23 ,-2.07,-3.2113578,-2.637063,-2.5447986,-2.5447986,-2.5381474,-2.8147788,-2.5650914,-2.7331793,-3.2192733,-3.7924764,-3.5051656,-3.5051658,-3.4959567,-3.562935,-3.4388964,-3.4844935,-2.3836274,-2.4741285,-2.5786061,-2.5786061,-2.5812385,-2.5350516,-2.5949001,-3.8229961,-1.9577262,-2.9973512,-3.705401,-3.7053998,-3.6770735,-2.977042,-3.6910453,-2.828432,-2.988913,-2.0479324,-2.4325137,-2.4325137,-2.402681,-2.276126,-2.3943574,-3.088265,-2.4229965,-2.4090517,-2.5292878,-2.5292878,-2.5080786,-2.5312238,-2.4742544,-2.3630395,-2.577699,-2.7271423,-2.1531644,-2.1531641,-2.8338041,-2.2965946,-2.056886,-2.1818419,-2.3292973,-3.0259142,-3.4554198,-3.4554207,-3.4595697,-2.6386101,-3.4980376,-2.7016835,-1.9586521,-2.0538697,-2.1003852,-2.1003854,-2.1037626,-1.9859787,-2.0728548,-2.0936186
CC2=CC(=O)c1ccccc1C2=O ,-3.03,-3.167569,-2.696852,-2.6235259,-2.623526,-2.615617,-2.8978648,-2.644658,-2.8674154,-3.0279312,-2.583636,-2.3860834,-2.3860838,-2.3682177,-2.374281,-2.3595917,-2.9983528,-3.31873,-2.7247531,-2.9124377,-2.9124374,-2.915473,-2.83306,-2.928711,-3.9869862,-2.927284,-2.1832888,-3.057685,-3.0576835,-2.9086585,-2.1815598,-2.9849007,-2.7185109,-3.3653388,-2.083366,-2.0306823,-2.0306826,-2.042967,-2.051182,-2.0722172,-1.6409825,-2.6905637,-2.9483712,-3.148673,-3.1486733,-3.1242094,-3.1325297,-3.0605502,-3.226197,-3.0226972,-2.9106238,-2.2666657,-2.266666,-2.7896748,-2.5648181,-2.2836866,-2.1667562,-3.077449,-2.7516289,-3.2058327,-3.2058322,-3.2207394,-2.074133,-3.2271647,-3.250394,-2.9870186,-3.1395721,-3.057553,-3.0575528,-3.0288162,-3.1198087,-3.133499,-3.017568
O=C1CCC(=O)N1,0.3,-0.84041995,-1.7448804,-1.1655982,-1.1655978,-1.1726384,-1.2414384,-1.1768808,-0.80683136,-0.5614947,-0.253196,-0.16090505,-0.16090506,-0.15982166,-0.34362352,-0.12392944,-0.47546512,0.3918108,-1.1816636,-1.2240286,-1.2240286,-1.2252598,-1.1815437,-1.2377709,-1.2348078,-0.0894649,-0.38958678,-1.0147082,-1.0147082,-0.89764434,-0.49919397,-0.8993393,-0.86587936,0.1414632,-2.239113,-1.7550601,-1.7550598,-1.7283431,-1.631794,-1.6814598,-0.14494653,-0.55390745,-2.003981,-2.1005938,-2.100594,-2.0771303,-2.100807,-2.2170086,-1.5030041,-0.23051898,-1.1641344,0.16919091,0.16919033,-0.7806472,-0.22872123,0.0743839,-0.0071211834,-0.036584858,-0.78222615,-0.87548065,-0.87548053,-0.87534153,-0.4861675,-0.8917709,-0.7980273,0.3265552,-1.1870469,-1.2273076,-1.2273074,-1.2252073,-1.1897055,-1.1676707,-0.5966171
Cc1cccnc1C,0.38,-1.1135263,-2.0808852,-1.7504787,-1.7504787,-1.7472838,-1.8613858,-1.7554909,-1.2218094,-0.85068387,-1.9039834,-1.4502562,-1.4502559,-1.4463849,-1.589121,-1.3929284,-1.8881958,-1.0519899,-1.5094334,-1.6181216,-1.6181217,-1.6192939,-1.5663342,-1.6376865,-1.7029805,-0.62021226,-1.3553718,-1.9280657,-1.9280628,-1.8433827,-1.3125772,-1.8439074,-1.6680115,-1.352505,-1.7056834,-1.8740395,-1.8740393,-1.8427738,-1.7090485,-1.8488683,-1.2869921,-1.0967973,-2.0250258,-2.0327773,-2.0327775,-2.01509,-2.0840807,-2.0151482,-1.8894495,-0.5998268,-2.207474,-0.62889665,-0.62889636,-1.7845913,-1.117905,-0.6646597,-0.94588614,-0.56123453,-2.0095935,-2.257492,-2.2574918,-2.283848,-1.6924554,-2.2741296,-1.9920404,0.41608578,-1.3702067,-1.14046,-1.1404599,-1.140538,-1.0297011,-1.0543808,-0.86232144
Cn2c(=O)on(c1ccc(Cl)c(Cl)c1)c2=O,-2.82,-4.743834,-3.7117393,-3.685786,-3.6857858,-3.710661,-4.189873,-3.759176,-3.5790904,-3.4984486,-3.1222064,-3.2394772,-3.2394772,-3.1974714,-3.3584943,-3.1756108,-2.8638175,-2.9427598,-4.123404,-3.8850157,-3.8850155,-3.893412,-3.9634116,-3.8878903,-4.0508995,-2.7433467,-2.7585301,-3.686802,-3.6868012,-3.6101036,-3.0671983,-3.6889336,-3.0749059,-3.8636727,-2.9776745,-2.989103,-2.9891028,-3.0305777,-3.0338914,-3.0851552,-3.4542084,-4.2232084,-3.454987,-3.226716,-3.2267163,-3.1889682,-3.2471442,-3.2105846,-3.3574975,-3.7936695,-3.623317,-3.7792478,-3.779248,-4.195772,-3.9270067,-3.8647351,-3.2762156,-3.4165077,-2.6537724,-3.6675057,-3.6675057,-3.6427665,-2.1841643,-3.6650345,-4.0558634,-2.7930741,-2.8203905,-2.793255,-2.7932544,-2.7736492,-2.729442,-2.839355,-2.7943752
CC(C)COC(=O)C,-1.21,-1.8324044,-2.2648273,-1.8212622,-1.8212624,-1.816263,-2.037242,-1.7390217,-1.247583,-0.38831887,-0.9375532,-1.1507345,-1.1507342,-1.1338886,-1.0739031,-1.0760539,-1.3369752,-1.0233209,-1.797319,-1.8867662,-1.8867661,-1.8881831,-1.814622,-1.9126657,-1.6827736,-0.23617962,-0.5631335,-0.92702013,-0.92702043,-0.76601255,-0.679531,-0.79036605,-1.1553179,-2.2876134,-2.1055472,-1.914156,-1.914156,-1.943395,-1.8784814,-1.9377671,-1.5770199,-1.6428639,-2.3701174,-1.9700981,-1.9700981,-1.8657662,-1.968071,-1.9079149,-1.9425663,-1.4122919,-1.7789009,-1.2514954,-1.2514951,-1.9782983,-1.3954525,-1.222317,-1.3540964,-0.61621535,-1.4472507,-1.859188,-1.8591878,-1.8567265,-1.1619363,-1.8300124,-1.4035335,-1.1155064,-0.8204329,-0.7733556,-0.7733556,-0.76468194,-0.9047566,-0.90919065,-0.69424385
ClC(Cl)(Cl)C(Cl)(Cl)Cl,-3.67,-3.800054,-2.162939,-3.101384,-3.101384,-3.0497088,-3.4574487,-2.964023,-1.9443324,-3.6807327,-3.7032976,-3.3578935,-3.3578935,-3.359055,-3.3453078,-3.3563688,-3.3217783,-3.0540576,-1.2873057,-1.2847059,-1.2847059,-1.2883266,-1.4897664,-1.2992197,-2.283007,-3.5379143,-2.5368273,-3.560136,-3.5601382,-3.3890247,-2.573631,-3.5568058,-2.7757127,-3.3251967,-5.04601,-3.9094126,-3.909413,-3.8942297,-4.13692,-3.9799783,-3.899987,-3.1490357,-1.5323787,-1.3692635,-1.3692635,-1.3577884,-1.4462526,-1.3590223,-2.0431705,-3.4702492,-1.8583826,-2.9028246,-2.9028244,-2.4562774,-3.206192,-2.9122245,-2.9273818,-3.4349422,-3.4810028,-3.4771962,-3.4771962,-3.479823,-3.170428,-3.517166,-3.3141134,-2.912796,-2.002365,-1.843812,-1.8438118,-1.8339846,-2.2798905,-2.3088918,-2.6584902
CC1OC(CC(O)C1O)OC2C(O)CC(OC2C)OC8C(O)CC(OC7CCC3(C)C(CCC4C3CCC5(C)C(CCC45O)C6=CC(=O)OC6)C7)OC8C ,-5.292999999999999,-4.6949654,-14.967096,-10.329335,-10.329335,-10.262107,-10.167207,-10.442679,-0.6690123,-4.9478507,-5.010457,-6.6391525,-6.6391516,-6.479315,-6.969534,-6.442822,-7.7468467,-4.925582,-20.371826,-19.5394,-19.539402,-19.119478,-21.241615,-16.228252,0.6872305,-5.1396675,-4.2960773,-6.823617,-6.8236184,-7.0939164,-6.373778,-7.588942,-0.92731327,-4.6565905,-13.727603,-12.856638,-12.856638,-12.944655,-11.5128765,-12.969147,-0.54685944,-4.899393,-10.215081,-9.272094,-9.272093,-9.381993,-9.519279,-9.3572035,-7.0020933,-4.2808924,-10.767722,-5.1265607,-5.126561,-9.147362,-4.7464724,-7.027089,-1.5791237,-4.6962366,-9.858228,-10.057022,-10.05702,-10.001831,-8.279495,-9.912714,0.047600605,-5.109163,-7.1397867,-7.238332,-7.2383347,-7.0729523,-6.242095,-8.152587,0.8700206
Brc1cc(Br)cc(Br)c1,-5.6,-6.869011,-3.9978352,-4.1347337,-4.134734,-4.1006217,-4.6723614,-4.145502,-6.5854354,-4.4479237,-4.384063,-4.618582,-4.6185822,-4.61094,-4.718035,-4.6175876,-4.965103,-4.312539,-1.927197,-1.8990719,-1.8990719,-1.9016781,-1.7979562,-1.9208885,-3.6367564,-5.470664,-4.8970647,-5.614237,-5.6142387,-5.542,-4.0343795,-5.630205,-4.73939,-5.143445,-3.1578221,-3.82376,-3.8237603,-3.8492713,-4.212809,-3.4104388,-4.3471913,-4.0132675,-2.5850663,-2.8355286,-2.8355284,-2.7613664,-2.877437,-2.963588,-2.9771535,-4.398612,-2.3760588,-3.5778534,-3.5778534,-2.3361888,-3.5255237,-3.457056,-3.7378862,-5.281232,-5.206735,-5.1776834,-5.1776834,-5.143018,-4.7472653,-5.1270895,-5.7490993,-4.459435,-3.7239046,-3.7474926,-3.7474923,-3.7485669,-3.8528352,-3.7658172,-4.0158772
COC(=O)C1=C(C)NC(=C(C1c2ccccc2N(=O)=O)C(=O)OC)C ,-4.76,-4.7714376,-5.223324,-5.024279,-5.0242786,-4.982393,-5.27101,-4.9297795,-4.201757,-3.208482,-2.256735,-2.9737053,-2.9737039,-2.9425974,-2.8052092,-2.9343672,-2.5359862,-4.5911036,-4.3017874,-3.8988373,-3.8988373,-3.8993835,-4.493432,-3.831067,-3.8118603,-4.362694,-3.8116384,-4.6061916,-4.6061916,-4.624614,-3.559257,-4.863054,-4.6626635,-3.6231773,-4.8556714,-4.5578284,-4.557829,-4.496873,-4.608503,-4.488343,-3.8064806,-4.1775064,-3.7815998,-4.2682204,-4.2682204,-4.241253,-4.2722244,-4.1638327,-4.5627933,-3.1372876,-3.370015,-3.0001886,-3.0001888,-3.4219797,-3.235752,-2.980908,-3.2861,-4.2391753,-2.7852376,-4.2733145,-4.273314,-4.2549963,-2.3257828,-4.192974,-4.3702636,-4.497494,-4.795871,-4.761184,-4.7611847,-4.7774925,-4.6937537,-4.73546,-4.7871075
Oc2cc(O)c1C(=O)CC(Oc1c2)c3ccc(O)c(O)c3,-3.62,-4.1404924,-4.558284,-4.254635,-4.254636,-4.2727747,-4.6077724,-4.265099,-3.638919,-2.918569,-2.7710416,-3.3415568,-3.3415558,-3.2896373,-3.6025763,-3.2674997,-3.063427,-3.43286,-4.0575113,-3.8528664,-3.8528664,-3.832602,-3.962576,-3.921528,-2.4350162,-3.2843394,-1.8557264,-2.9981873,-2.9981868,-2.6419837,-2.1492562,-2.7556455,-2.7384539,-4.456748,-4.0444474,-3.7599695,-3.7599692,-3.8121774,-3.768774,-3.8328145,-3.8677928,-4.090203,-4.27066,-4.2449007,-4.2449007,-4.1270843,-4.205023,-4.0988483,-4.4318805,-1.8755518,-1.9505167,-1.6903614,-1.6903617,-2.4089205,-1.6194607,-1.8108895,-1.4046011,-2.65237,-1.260533,-2.1979961,-2.1979957,-2.163742,-1.1480516,-2.2462277,-1.9250115,-3.607411,-3.6063101,-3.6115117,-3.6115112,-3.5804398,-3.525514,-3.5088897,-3.5429013
CCOC(=O)Nc2cccc(OC(=O)Nc1ccccc1)c2 ,-4.632,-5.4769,-5.501789,-5.315571,-5.315571,-5.3498387,-5.8430495,-5.4261847,-4.4647274,-3.666631,-4.3929386,-3.4729419,-3.4729412,-3.5297968,-4.097225,-3.5506585,-3.9227006,-4.5068336,-5.035014,-4.661493,-4.661493,-4.639858,-4.7865257,-4.636458,-3.9989052,-4.7520266,-3.864221,-4.69306,-4.6930594,-4.571308,-3.4849594,-4.5322576,-4.4222183,-4.689794,-5.460732,-5.101508,-5.101508,-5.156644,-5.0757694,-5.194365,-4.068019,-5.222116,-6.099278,-6.0988765,-6.098877,-6.0653443,-5.972289,-5.853366,-5.156322,-4.3643045,-6.530721,-5.196169,-5.196169,-6.286209,-5.5226603,-5.3549643,-5.6105776,-3.5996604,-4.4466085,-4.363121,-4.363122,-4.2542167,-3.700377,-4.1485033,-4.0960975,-4.7204885,-4.681464,-4.670783,-4.670783,-4.6757884,-4.502703,-4.591711,-4.68766
O=N(=O)OCC(CON(=O)=O)ON(=O)=O ,-2.22,-4.0149484,-3.6762834,-3.420865,-3.4208648,-3.4216695,-3.7165751,-3.4220312,-3.350853,-2.5066319,-0.18990636,-2.9491687,-2.9491692,-2.9074204,-3.2545006,-2.924657,-1.4877353,-2.0585456,-2.890269,-2.553016,-2.5530162,-2.5584295,-2.641916,-2.6031973,-1.4067607,-1.7544979,-0.7239425,-1.8768086,-1.8768082,-1.8334391,-0.99930173,-1.8804057,-1.6519494,-3.5300782,-3.0184479,-2.9635518,-2.9635513,-3.0125873,-3.0599585,-2.9847505,-3.412485,-4.4232826,-3.491435,-3.5649478,-3.5649483,-3.4211578,-3.5311615,-3.4993763,-3.966279,-2.064732,-2.9937398,-2.21741,-2.2174103,-3.01224,-2.407215,-2.1490066,-2.6606278,-2.2952662,-2.3626084,-3.0880241,-3.0880241,-3.1159813,-1.73928,-3.11231,-2.935695,-2.253909,-2.2194555,-2.2390218,-2.2390218,-2.2532148,-2.207847,-2.2864666,-2.2245173
CCCCOC=O,-1.37,-1.8852631,-2.0214286,-1.5846541,-1.5846542,-1.5987567,-1.8702284,-1.5937767,-1.2592034,-0.89625394,-1.0249895,-0.9098593,-0.9098593,-0.8910893,-0.8319148,-0.844605,-1.4901863,-0.7328164,-1.3218197,-1.3497429,-1.3497428,-1.3514125,-1.265467,-1.3702233,-0.77790284,-0.60544765,-0.8122598,-1.2634107,-1.2634099,-1.1547911,-0.86599517,-1.3274566,-1.323518,-1.6905193,-1.9761469,-1.7503409,-1.7503408,-1.7793878,-1.6364814,-1.7729818,-1.689338,-2.1009178,-2.0991907,-1.5301195,-1.5301195,-1.4555097,-1.5720869,-1.5893254,-1.6093092,-1.3462105,-1.0735832,-0.7525578,-0.7525588,-1.2936316,-0.887125,-0.79686326,-0.8242188,-1.1602554,-0.6050356,-1.0344394,-1.0344392,-1.0679494,-0.25145537,-1.0746045,-0.8281216,-1.1725376,-1.2184051,-1.1520324,-1.1520323,-1.1380033,-1.0893494,-1.1607143,-0.708126
Clc1cccc(Cl)c1,-3.04,-2.7321742,-2.361538,-2.2401683,-2.2401686,-2.2532148,-2.534951,-2.2594273,-2.1010268,-2.8879304,-2.2461474,-2.4247835,-2.4247832,-2.42729,-2.251524,-2.3993552,-2.3909194,-3.0118854,-2.0510175,-2.1230416,-2.1230416,-2.1258724,-2.1383379,-2.1454947,-2.6986668,-2.5203285,-2.5220547,-3.3506932,-3.350692,-3.2037885,-2.3794663,-3.2744856,-2.7217908,-3.3898978,-3.263369,-2.9026854,-2.9026856,-2.9302318,-3.1040134,-2.720959,-3.593106,-3.132607,-2.30922,-2.4832802,-2.4832802,-2.4133513,-2.4809139,-2.619337,-2.4629931,-3.6821055,-2.7597542,-3.0414808,-3.0414805,-2.5456486,-3.2858841,-3.118094,-3.2237587,-3.2118027,-3.1698875,-3.039324,-3.0393238,-3.0411649,-2.675677,-3.0367365,-3.0964782,-3.341161,-3.4852118,-3.4484255,-3.4484258,-3.4530368,-3.5529158,-3.5496547,-3.7688274
c2ccc1scnc1c2 ,-1.5,-1.5431943,-2.1476417,-1.9184726,-1.9184719,-1.926178,-2.108078,-1.9304433,-1.3399959,-2.448862,-2.5484636,-2.1226947,-2.1226945,-2.1256914,-2.034063,-2.083424,-2.1737385,-1.5911899,-1.7355204,-1.9063925,-1.9063925,-1.9092817,-1.8547317,-1.9211961,-2.6748266,-1.7444417,-1.8791562,-2.6697156,-2.6697147,-2.5468214,-1.8212059,-2.613694,-2.0804443,-1.4691648,-1.7157512,-1.8631853,-1.8631852,-1.8635432,-1.809787,-1.8607892,-1.1480576,-1.1866426,-2.0461376,-1.6619776,-1.6619775,-1.6257949,-1.6603761,-1.7445714,-1.5905973,-1.1346539,-2.1285284,-0.88678396,-0.8867844,-1.8967553,-1.1087319,-0.87891364,-0.9720879,-1.3572038,-2.1585793,-2.3134437,-2.3134437,-2.3124409,-2.1199257,-2.3355155,-2.0629776,-1.2240521,-1.1925436,-1.305432,-1.305432,-1.3204342,-1.4398223,-1.3271927,-1.218356
CC(=O)C3(C)CCC4C2C=C(C)C1=CC(=O)CCC1(C)C2CCC34C,-5.27,-4.7646723,-4.872068,-4.467904,-4.4679046,-4.4875507,-4.842068,-4.47854,-3.9467845,-4.3236966,-4.254881,-4.165826,-4.165825,-4.0987334,-4.65418,-4.1096,-4.3302693,-5.0594373,-3.4528131,-4.224712,-4.2247114,-4.1406803,-4.0783687,-4.3818455,-4.6740117,-5.499568,-5.390287,-5.3496714,-5.3496714,-5.369372,-4.6886,-5.306942,-5.4079595,-4.2247643,-4.655086,-4.314051,-4.314051,-4.344096,-4.2706223,-4.3060627,-3.4731953,-5.1120095,-4.2721014,-4.7430434,-4.743044,-4.694321,-4.6376185,-4.617061,-5.1689796,-5.1463385,-4.7708235,-4.8356757,-4.835676,-4.8438935,-5.063087,-4.793059,-4.822035,-4.741191,-4.4974213,-5.079579,-5.0795784,-5.10035,-3.515209,-5.2412586,-4.7522297,-5.2699213,-5.2118,-5.2326207,-5.2326202,-5.2586794,-5.0882835,-5.2737093,-5.3472166
Nc1ccccc1,-0.41,-0.61951935,-1.9537753,-1.6547213,-1.654721,-1.6630772,-1.7789125,-1.6611652,-0.83064336,-0.41680354,-1.2649443,-0.65163404,-0.6516343,-0.64986897,-0.78770465,-0.6024889,-1.2327669,-0.7026663,-1.2847185,-1.3804537,-1.3804537,-1.3809934,-1.2797028,-1.401449,-0.5950561,-0.6449181,-1.2429649,-1.8788184,-1.8788191,-1.7873629,-1.3816253,-1.8744032,-1.5643923,-1.3540882,-1.9444537,-2.1762316,-2.1762319,-2.1445496,-2.1688786,-2.1468234,-0.72538066,-1.2054307,-2.049357,-1.9724976,-1.9724976,-1.9687047,-1.9606878,-1.9784311,-1.4413321,-0.63442975,-0.95770836,-0.34044805,-0.3404486,-0.8869998,-0.3974058,-0.3623865,-0.39696828,-0.6065726,-0.9926838,-1.2624162,-1.2624164,-1.2634605,-1.1342245,-1.2764176,-1.2279606,-0.66614103,-0.98406714,-1.0402503,-1.0402503,-1.0474675,-0.9882765,-0.92333543,-0.37785095
CC(Cl)Cl,-1.29,-0.76182115,-1.2675546,-0.38885024,-0.3888497,-0.37783656,-0.60412586,-0.38419285,-0.695273,-1.0086663,-0.768058,-1.0295577,-1.0295578,-1.0349334,-1.0608588,-1.0275192,-0.98120546,-1.0103872,-0.95164645,-0.9160559,-0.91605586,-0.9175491,-0.96220064,-0.9264172,-1.3231819,-1.1814129,-1.1850644,-1.8758948,-1.8758943,-1.8388989,-1.2252421,-1.8711269,-1.4801645,-1.4056418,-2.5146635,-1.7030468,-1.703047,-1.6757913,-1.4991115,-1.9007872,-1.3820586,-1.2405891,-1.1621339,-0.8395575,-0.83955747,-0.84764135,-0.832396,-0.88401073,-1.2651951,-1.7959045,-1.8222886,-1.6813378,-1.681338,-1.7092272,-1.8870852,-1.7092295,-1.8498315,-1.2045656,-1.4785472,-1.5029352,-1.5029347,-1.5129417,-1.0864342,-1.5287168,-1.34334,-1.9695027,-1.2620469,-1.1414776,-1.1414776,-1.1372709,-1.4749858,-1.4605795,-2.3979042
CC34CC(O)C1(F)C(CCC2=CC(=O)C=CC12C)C3CC(O)C4(O)C(=O)CO,-3.68,-5.8103104,-5.2059574,-4.838251,-4.8382506,-4.8543124,-5.2246804,-4.8440213,-4.659108,-3.314917,-3.6414235,-2.91836,-2.9183593,-2.8801866,-3.1509953,-2.903846,-3.502793,-3.876548,-2.5336275,-2.7179322,-2.7179322,-2.6954541,-2.8468165,-2.8097825,-3.1781316,-3.9519017,-2.1503365,-3.0728283,-3.0728283,-3.636318,-2.1084626,-3.5424411,-3.2208269,-4.644235,-4.7780538,-4.5652013,-4.5652018,-4.564628,-4.504778,-4.532025,-4.0670323,-4.748605,-4.213858,-4.561321,-4.561321,-4.2266793,-4.463631,-3.9121237,-5.019807,-3.8658588,-3.284579,-3.558489,-3.5584896,-3.5530171,-4.175417,-3.5080886,-3.4954424,-3.3545094,-2.9847655,-3.599269,-3.5992692,-3.6150112,-2.3710508,-3.7267566,-3.474801,-3.5196087,-3.6746373,-3.6454875,-3.6454873,-3.6840584,-3.2924461,-3.5040262,-3.3685877
CCC1(CCC(C)C)C(=O)NC(=O)NC1=O,-2.468,-2.984159,-3.6171637,-3.4326441,-3.432644,-3.42467,-3.6927972,-3.4078243,-2.8198063,-2.317949,-1.8771553,-1.426092,-1.4260921,-1.3949562,-1.5039347,-1.3622046,-1.8570228,-2.3868012,-4.0089235,-3.6927085,-3.6927085,-3.6894884,-3.9606926,-3.6421995,-2.6527781,-2.500879,-3.0687528,-3.490804,-3.4908028,-2.845342,-2.7825005,-3.0847297,-3.564593,-2.9519498,-3.63385,-3.3818245,-3.381825,-3.377363,-3.4441469,-3.3346326,-2.9954278,-3.6983802,-3.0572433,-3.4145234,-3.4145234,-3.370082,-3.4368155,-3.3493042,-3.9441166,-2.8574703,-2.4771156,-2.473851,-2.473851,-2.5370755,-2.7934341,-2.5459757,-2.5868711,-2.1296673,-1.6121203,-2.2550094,-2.255009,-2.2683344,-1.1880293,-2.3279586,-2.2997117,-2.3941739,-2.6797197,-2.314686,-2.3146863,-2.2638607,-2.3513124,-2.335425,-2.4481008
CC(C)SC(C)C,-2.24,-1.3616989,-2.3053381,-1.8908458,-1.8908459,-1.9104879,-2.0887165,-1.9127874,-0.93469936,-2.0836074,-1.6654817,-1.8886355,-1.8886349,-1.8799313,-1.8074414,-1.8670967,-1.6368912,-3.1552553,-1.8002274,-1.9121414,-1.9121414,-1.9174393,-1.8841109,-1.9044282,-2.6143055,-3.3989282,-2.400362,-3.260458,-3.2604566,-3.3015683,-2.4835742,-3.2947807,-2.817594,-1.5552374,-3.3041918,-2.294145,-2.294145,-2.1008358,-2.3655355,-2.0872338,-2.2531765,-1.7127765,-2.2073944,-2.2467384,-2.2467387,-2.234004,-2.175047,-2.216362,-1.7084317,-2.134777,-4.4814034,-2.7306979,-2.7306979,-4.0132656,-3.415267,-2.7203462,-3.0073342,-2.4004502,-1.9879717,-2.5339727,-2.5339725,-2.485684,-1.7840265,-2.4915345,-2.2723024,-3.5639405,-2.7395825,-2.5609553,-2.5609553,-2.5634208,-3.0205297,-3.0988529,-3.400943
CNC(=O)Oc1cccc2ccccc12,-3.224,-2.9425335,-3.2694097,-3.0348387,-3.034839,-3.0392187,-3.322608,-3.0674684,-2.5726497,-2.8836372,-3.2394104,-2.5410552,-2.5410552,-2.518347,-2.7546022,-2.515191,-3.0174644,-3.3512511,-3.1093194,-3.1026475,-3.1026473,-3.1009395,-3.0554597,-3.1221638,-2.8727558,-3.2942543,-3.0501413,-4.131236,-4.131234,-4.018093,-2.9896824,-3.9649427,-3.3593845,-2.2066364,-2.7034352,-2.4541361,-2.4541361,-2.4729078,-2.4900827,-2.4681447,-2.129967,-2.2736664,-3.4494882,-2.8866868,-2.8866868,-2.8856525,-2.8351657,-2.9283257,-2.4000149,-3.2437103,-3.1527412,-2.5142982,-2.514298,-2.770224,-2.4759521,-2.4132874,-2.538412,-2.8353226,-2.5288658,-3.0145288,-3.0145288,-2.9586902,-2.0044985,-2.9894166,-3.0537972,-3.176478,-3.1984324,-3.2040637,-3.2040641,-3.1975622,-3.122896,-3.1901536,-3.1762862
CC(=O)OCC(=O)C3(O)CCC4C2CCC1=CC(=O)CCC1(C)C2C(=O)CC34C ,-4.21,-5.346493,-5.7810025,-5.251775,-5.251775,-5.31061,-5.753334,-5.367731,-4.4311566,-3.9386768,-4.2712445,-3.4118545,-3.4118543,-3.3879201,-3.8983974,-3.3885474,-3.9179628,-4.302422,-4.191325,-4.267613,-4.2676134,-4.1809726,-4.1219716,-4.36557,-4.4309826,-4.24381,-3.7196097,-4.109163,-4.109164,-4.1698885,-3.901694,-4.321764,-4.3903675,-5.1689224,-5.2445216,-5.0327125,-5.032712,-5.0891666,-4.9554095,-5.147637,-4.9334965,-5.3429685,-5.3818655,-4.721197,-4.7211967,-4.741436,-4.546967,-4.8696585,-4.810979,-4.4672036,-4.469963,-4.0070076,-4.0070076,-4.5342007,-4.4940596,-4.1350164,-4.2290945,-4.262191,-4.4420266,-4.991114,-4.991114,-4.9251375,-3.470532,-4.8980293,-4.8653607,-4.3069024,-4.2153225,-4.2197866,-4.2197866,-4.224121,-4.0627074,-4.0998173,-4.217787
COc1cc(CC=C)ccc1O,-1.56,-2.2578962,-2.8763576,-2.4354455,-2.4354453,-2.4449315,-2.651462,-2.4693959,-1.8663831,-1.6036615,-2.4026296,-1.9277831,-1.927782,-1.9012754,-2.016223,-1.8728194,-2.5855129,-2.0920963,-2.360031,-2.3759463,-2.3759465,-2.377259,-2.3193994,-2.3983474,-1.8270069,-1.7464889,-1.3364276,-2.0675142,-2.0675135,-1.9834627,-1.4188163,-1.9940186,-1.8633224,-1.927941,-2.5008047,-2.1539764,-2.153976,-2.165084,-2.0796354,-2.1403544,-2.0594745,-1.4745734,-2.8915052,-3.24726,-3.2472603,-3.2160373,-3.2711098,-3.19279,-3.5779827,-1.882354,-1.4353583,-1.5267987,-1.5267991,-1.9024523,-1.7989608,-1.5720005,-1.5272607,-1.3902664,-1.2336866,-1.6852245,-1.6852243,-1.6944225,-0.917342,-1.7056181,-1.6427768,-1.5857106,-1.5314299,-1.6544514,-1.6544516,-1.6546088,-1.5048505,-1.5725914,-1.5361881
O=C2NC(=O)C1(CC1)C(=O)N2 ,-1.886,-1.9908386,-2.3142467,-1.9597968,-1.9597965,-1.9504629,-2.1243672,-1.960367,-1.8949919,-1.8726559,-0.7300434,-1.1461024,-1.1461027,-1.1575607,-1.1742347,-1.1389248,-1.0576079,-1.838945,-2.0789578,-2.089754,-2.0897543,-2.0908983,-2.0775335,-2.115671,-1.448298,-1.8624346,-0.8286018,-1.7252759,-1.7252756,-1.6841012,-0.93681043,-1.6664913,-1.1608721,-2.4672272,-2.455644,-2.7197335,-2.7197337,-2.6349723,-2.6437705,-2.6759942,-2.1015499,-0.51396775,-2.0541818,-1.9821697,-1.9821697,-1.9757999,-2.0289052,-1.9801425,-1.6340073,-2.1466904,-3.8971796,-1.9489746,-1.9489758,-3.6947746,-2.3607595,-2.0329611,-2.1066546,-1.565058,-0.9235138,-1.4991566,-1.4991561,-1.4890194,-0.68231493,-1.5114024,-1.1228362,-1.7914759,-1.8510023,-1.8433969,-1.8433969,-1.8330944,-1.8027545,-1.7491693,-1.7746648
CCc1ccccc1C,-3.21,-2.1228704,-2.3136096,-1.7824845,-1.7824843,-1.7843823,-1.9130664,-1.7957659,-1.2868618,-2.2635043,-2.3223555,-2.6144257,-2.6144252,-2.5931704,-2.6204593,-2.5662553,-2.5524979,-2.5126243,-2.125003,-2.264579,-2.2645788,-2.2639399,-2.2015626,-2.2972808,-2.5742664,-2.3463724,-2.0529299,-2.7161517,-2.716152,-2.6499903,-1.9870647,-2.7877307,-2.393955,-1.882972,-1.8308243,-1.5711838,-1.5711839,-1.57801,-1.5295573,-1.5552152,-1.359121,-1.5605737,-2.2170587,-2.281235,-2.2812352,-2.2574968,-2.2905028,-2.2565045,-2.1634755,-3.4123464,-4.602025,-3.4282002,-3.4282005,-4.358507,-3.5801754,-3.187683,-3.5751724,-2.240293,-2.0773537,-2.6476984,-2.6476986,-2.6655679,-2.0035708,-2.656192,-2.282575,-3.222947,-3.0602236,-3.1062152,-3.1062155,-3.0966907,-2.934874,-2.97338,-2.732331
ClCC,-1.06,-0.06534465,-0.8415277,-0.1072763,-0.107276045,-0.1077151,-0.31184226,-0.11911538,-0.21961443,-0.60361135,-0.26877698,-0.48642114,-0.48642135,-0.4947271,-0.5852354,-0.48220015,-0.6962259,-0.9188782,-0.9118837,-0.8759936,-0.87599355,-0.8769255,-0.8879692,-0.8864128,-1.016762,-0.82555836,-0.6554358,-1.1713759,-1.1713747,-1.1289705,-0.6862283,-1.1789644,-1.0030566,-1.0552924,-1.5300299,-0.9605504,-0.9605504,-0.9584815,-0.5454477,-1.024602,-0.526006,-0.744523,-1.1276524,-0.75532347,-0.75532347,-0.7758916,-0.7427433,-0.81039935,-0.9858263,-0.76510495,-1.5261601,-0.7695792,-0.76957905,-1.0899222,-1.0828283,-0.86497635,-1.0224874,-0.914937,-0.6401093,-0.90323,-0.90323,-0.90996826,-0.39991635,-0.92095166,-0.6327369,-1.9695027,-1.2620469,-1.1414776,-1.1414776,-1.1372709,-1.4749858,-1.4605795,-2.3979042
CN(C)C(=O)SCCCCOc1ccccc1,-3.927,-4.421898,-4.418274,-4.1202354,-4.1202354,-3.922717,-4.3019547,-3.7537248,-3.5019627,-4.1015506,-4.8044004,-4.4132314,-4.413231,-4.3214016,-4.9735246,-4.358423,-4.7504334,-3.3147817,-4.0649304,-3.873233,-3.873233,-3.8709295,-3.909457,-3.929635,-3.405541,-3.3459663,-3.532196,-3.9846168,-3.9846165,-3.9678864,-3.0803764,-4.166454,-4.0225005,-4.459096,-4.4612155,-4.317408,-4.3174076,-4.073654,-4.254709,-3.7574599,-4.870356,-3.7643898,-4.3409824,-4.3109107,-4.3109107,-4.087378,-4.3940096,-4.3219237,-4.7364173,-4.5033765,-4.510027,-3.9809442,-3.9809442,-4.6553593,-4.0583534,-3.9217873,-3.8734741,-3.3252037,-3.7441905,-4.118484,-4.1184835,-4.2855697,-3.1565447,-4.2990756,-4.153287,-3.9389184,-3.9849207,-3.8690157,-3.869016,-3.9645581,-3.9075987,-3.968578,-3.8619125
C#C,0.29,0.26890486,-1.3885913,-0.9965107,-0.9965108,-1.057128,-1.1252338,-0.9397181,-0.082378276,0.6648083,0.8462448,0.7710961,0.771096,0.7587388,0.7484855,0.7638959,0.7054499,-0.21372207,-0.8008733,-0.7016014,-0.7016014,-0.70216244,-0.7191982,-0.7119224,-0.59056884,0.4712832,0.20618002,-0.25826773,-0.2582672,-0.16507877,0.22561663,-0.17669319,-0.35187703,-0.3243348,-4.1951184,-3.1230633,-3.1230633,-3.1613765,-2.9264138,-3.1909904,0.44063562,0.63298035,-1.5534104,-0.3680322,-0.36803216,-0.5425649,-0.43380916,-0.471862,0.39642814,0.72332895,-1.75787,0.259923,0.25992283,-2.0616496,-0.3722455,0.35349604,-0.3956469,-0.20123938,0.310529,0.34918097,0.34918094,0.3520833,0.32919133,0.3510161,-1.1054826,-1.3977565,-1.3351012,-1.3312446,-1.3312446,-1.3307505,-1.5162218,-1.5310351,-1.1113682
Cc1ccccc1C,-2.8,-1.1564035,-2.1085005,-1.7926531,-1.7926528,-1.7894711,-1.9089544,-1.798546,-1.2650601,-1.6661072,-2.143966,-2.0169408,-2.0169408,-2.0116303,-2.135757,-1.9615343,-2.232298,-2.0452547,-1.7180946,-1.8577285,-1.8577284,-1.8582025,-1.7932878,-1.8808365,-2.1781754,-1.8041837,-1.9773232,-2.5765672,-2.5765672,-2.4776654,-1.7977617,-2.5415497,-2.1940649,-2.6595767,-2.122877,-2.5448575,-2.5448577,-2.4836416,-2.3605335,-2.533652,-1.756538,-1.5838019,-2.0622952,-2.0763927,-2.0763927,-2.0611885,-2.112095,-2.04878,-1.8860416,-3.3378117,-4.4101815,-2.834164,-2.8341641,-3.8398683,-3.0986109,-2.9284346,-3.1291885,-1.8222597,-2.5614567,-2.8176484,-2.8176486,-2.8485663,-2.1366873,-2.8289359,-2.6094153,-2.842737,-3.4791274,-3.1347926,-3.1347928,-3.1405468,-3.1054347,-3.1938696,-3.4096386
CCCC(C)(COC(N)=O)COC(N)=O ,-1.807,-3.3294098,-3.5949755,-3.1959999,-3.1959999,-3.163484,-3.4680128,-3.141507,-2.8937247,-1.7408863,-1.7306156,-1.2899188,-1.2899183,-1.2695674,-1.3158944,-1.2447712,-1.8357443,-1.403646,-3.3387725,-3.0715928,-3.0715928,-3.0813677,-3.2774653,-3.0024228,-1.3774315,-1.4744704,-0.9609797,-1.4195862,-1.4195863,-1.3003961,-1.074392,-1.34328,-1.7804285,-2.5387883,-3.4366686,-3.2972374,-3.297237,-3.2975035,-3.294973,-3.1829865,-3.0967565,-4.2328253,-4.1937437,-4.600165,-4.6001654,-4.5380044,-4.492044,-4.567668,-4.297394,-2.9885495,-2.6601417,-3.0510485,-3.0510483,-3.2880964,-3.2260756,-3.1563544,-3.584749,-1.7473748,-1.6847371,-2.062258,-2.0622573,-2.0556712,-1.1461707,-2.0529878,-2.0768597,-2.5111766,-2.9673333,-2.292616,-2.292616,-2.2326062,-2.3608346,-2.020035,-5.23664
CC1(OC(=O)N(C1=O)c2cc(Cl)cc(Cl)c2)C=C,-4.925,-4.6961274,-4.2746115,-3.940374,-3.940374,-3.9434793,-4.2650323,-3.9714997,-3.6570804,-4.798777,-3.850187,-3.9442024,-3.9442017,-3.9053824,-3.8252144,-3.906585,-4.0211797,-4.804851,-4.82039,-4.5742974,-4.5742974,-4.579245,-4.7683115,-4.4826183,-3.5833404,-4.403928,-2.5480888,-3.6794662,-3.6794658,-3.6105058,-2.6799893,-3.5427678,-2.7176178,-5.1103644,-3.9497478,-4.0505013,-4.050501,-4.074737,-3.919514,-4.1640983,-5.0725503,-4.244327,-3.3565,-3.4263363,-3.4263368,-3.1607366,-3.479863,-3.3135052,-3.7074022,-3.9746337,-3.065973,-2.8846438,-2.8846436,-2.790502,-2.7780848,-2.834059,-3.123614,-4.709423,-3.7413354,-4.6718674,-4.6718664,-4.6052556,-2.9095986,-4.5737414,-4.8475986,-4.997241,-5.1066084,-5.076103,-5.0761037,-5.0471287,-4.758972,-4.9346466,-4.967132
Cc1cccc(C)c1,-2.82,-1.0965861,-2.161365,-1.768797,-1.7687967,-1.7750325,-1.8947433,-1.7865905,-1.2322947,-1.6245239,-1.8378153,-1.6972969,-1.6972969,-1.6911585,-1.6687169,-1.6581161,-1.7752876,-2.2082973,-1.7220515,-1.875981,-1.8759811,-1.8765361,-1.8075182,-1.9008263,-2.2317064,-2.0764768,-1.8593861,-2.6386967,-2.6386955,-2.574117,-2.0381925,-2.6738384,-2.2615116,-3.0003726,-2.673107,-2.0695183,-2.0695183,-2.052149,-1.9602011,-2.0730448,-3.197787,-1.9528465,-2.2839215,-2.3175092,-2.3175092,-2.305603,-2.2910106,-2.2767968,-1.8640184,-3.2041554,-4.437859,-3.2092748,-3.2092755,-4.2145205,-3.7093031,-3.4507778,-3.4318025,-1.8682839,-1.4019877,-1.859327,-1.8593271,-1.8943634,-1.1191883,-1.8796824,-1.5576897,-2.4305604,-3.143381,-3.1665385,-3.1665387,-3.1678402,-3.1197298,-3.087524,-2.7460458
O=C2NC(=O)C1(CCC1)C(=O)N2,-1.655,-2.6420045,-2.2448726,-1.8645474,-1.8645471,-1.8540943,-2.0596962,-1.8611963,-2.0208604,-1.9294739,-1.1014025,-1.2097476,-1.2097478,-1.2189031,-1.2082034,-1.2076542,-1.522093,-1.9982857,-2.3136575,-2.3502378,-2.3502376,-2.3539302,-2.4153512,-2.3545864,-1.830773,-1.977611,-1.4562837,-2.1749754,-2.174975,-2.1868436,-1.4218757,-2.2019577,-1.7665778,-2.3359985,-2.7274342,-3.468074,-3.4680743,-3.4456193,-3.3532352,-3.4964497,-2.2357404,-1.876928,-1.8697132,-1.345482,-1.345482,-1.3478982,-1.4141988,-1.4110672,-1.2013621,-1.8675234,-1.8916825,-1.3944813,-1.3944814,-1.8679041,-1.5118062,-1.6005528,-1.6361072,-2.0236864,-1.4445153,-1.9226757,-1.9226745,-1.9049596,-1.0350385,-1.9348035,-1.7639979,-1.7914759,-1.8510023,-1.8433969,-1.8433969,-1.8330944,-1.8027545,-1.7491693,-1.7746648
Nc1ccc(Cl)cc1,-1.66,-1.9561088,-2.15372,-2.040045,-2.0400453,-2.0683422,-2.365574,-2.0485022,-1.6763757,-1.5454968,-1.8665966,-1.3838497,-1.3838502,-1.3844357,-1.4050385,-1.337718,-1.6033764,-1.4770416,-1.8106154,-1.8779342,-1.8779342,-1.8795543,-1.8076576,-1.8997957,-1.3827248,-1.299463,-1.623829,-2.2954295,-2.2954297,-2.182864,-1.6811768,-2.2653925,-1.944879,-2.0678334,-2.272686,-2.4769936,-2.4769933,-2.4770634,-2.5882845,-2.3748796,-1.5720329,-1.0336615,-2.7699163,-2.788186,-2.7881863,-2.77323,-2.768758,-2.8572793,-2.3505857,-0.7598631,-1.024702,-0.3689639,-0.36896414,-0.9423346,-0.46376726,-0.39931157,-0.40923446,-1.457459,-2.0198944,-2.1718206,-2.1718209,-2.1869776,-1.891237,-2.1925547,-1.9607574,-1.6187077,-1.8081273,-1.8737288,-1.8737291,-1.8942186,-1.6471417,-1.712673,-1.5835513
c1ccccc1SC,-2.39,-0.947512,-2.3064933,-1.8933517,-1.8933516,-1.9206629,-2.091247,-1.9260567,-1.0167879,-2.1197374,-2.340881,-2.0102522,-2.0102522,-1.9940758,-1.9590749,-1.9683268,-2.3118773,-3.052209,-1.6692756,-1.8065656,-1.8065656,-1.8073113,-1.762773,-1.8323783,-2.461353,-2.1767762,-2.2320352,-2.8372502,-2.837249,-2.7343268,-2.134927,-2.816151,-2.2364843,-2.7350345,-2.4585788,-2.2359488,-2.2359488,-2.2502434,-2.314828,-2.2767997,-2.6600134,-0.537528,-2.2462525,-2.2583523,-2.2583525,-2.2344482,-2.248035,-2.2597818,-2.0102613,-2.8387322,-4.6834855,-3.0462644,-3.0462646,-4.4618015,-3.648174,-3.1868267,-3.2380486,-2.5512786,-2.4694943,-2.8876395,-2.8876393,-2.8938234,-2.1959264,-2.9107635,-3.1185281,-2.2898486,-2.6672606,-2.8240035,-2.8240035,-2.8242288,-2.5363686,-2.4667177,-2.3915415
C1Cc2ccccc2C1,-3.04,-1.1690603,-2.1204739,-1.6717594,-1.671759,-1.6809659,-1.7973107,-1.6919378,-1.1851876,-2.1718397,-2.4319265,-2.7364585,-2.7364578,-2.7290113,-2.771535,-2.7005377,-2.322497,-2.7912004,-1.6357722,-1.755531,-1.755531,-1.7567272,-1.7007595,-1.7717406,-2.2281578,-2.4694037,-2.700788,-3.345006,-3.345007,-3.2694576,-2.3225622,-3.2727196,-2.889313,-2.5506291,-2.187481,-2.5852582,-2.5852582,-2.5532596,-2.4226594,-2.5905473,-1.6820744,-1.9891264,-1.8282876,-1.4114932,-1.4114932,-1.4102272,-1.453369,-1.460591,-1.2345101,-3.2362602,-4.4322143,-2.95213,-2.95213,-4.133029,-3.1821294,-2.840281,-3.057814,-3.2212455,-3.5534263,-3.9445727,-3.9445724,-3.9411032,-3.07107,-3.930898,-3.7958052,-2.6293678,-2.5482235,-2.4299982,-2.4299982,-2.4345093,-2.464533,-2.5086813,-2.6707933
c1ccc2c3c(ccc2c1)c4cccc5cccc3c45,-8.0,-6.738594,-3.4969664,-3.6346428,-3.6346428,-3.6295362,-4.1428413,-3.6788998,-5.682794,-6.784793,-5.7482896,-6.8169355,-6.816934,-6.7776637,-7.107102,-6.7949224,-6.6325293,-7.5082717,-4.4261084,-4.4175487,-4.417548,-4.4035563,-4.342207,-4.4406233,-6.207627,-7.1509237,-6.408198,-6.8658705,-6.8658705,-6.7964277,-5.583619,-6.7997627,-6.709194,-8.6885195,-3.2615976,-3.8634746,-3.8634746,-3.8706865,-3.6933017,-3.8602862,-7.887317,-4.360997,-3.4764628,-3.3351424,-3.3351426,-3.3102033,-3.3734481,-3.3281322,-3.4596918,-8.070233,-7.6157074,-7.0723186,-7.072319,-8.252645,-7.4759693,-7.4686265,-7.7158647,-7.4963036,-7.070885,-7.93942,-7.93942,-7.8645406,-6.3590975,-7.8546495,-8.079766,-8.025533,-8.225949,-7.8872223,-7.8872223,-7.8958607,-7.8040133,-7.979089,-8.01902
Nc1ncnc2n(ccc12)C3OC(CO)C(O)C3O ,-1.95,-3.494131,-3.8251402,-3.5537226,-3.5537229,-3.57912,-3.9256744,-3.6142783,-3.0266497,-1.5652672,-2.3919039,-1.8169025,-1.8169022,-1.794368,-1.9256827,-1.8143153,-2.1439316,-1.178479,-2.6839454,-2.318621,-2.318621,-2.3110745,-2.6321065,-2.3172746,-0.45559362,-1.5154454,-0.7957336,-1.4037293,-1.4037286,-0.97101754,-0.6771035,-1.1681092,-1.0013621,-3.0695693,-3.3184397,-3.125335,-3.1253352,-3.1692789,-3.1378026,-3.1637645,-3.0746868,-3.3772278,-3.6920505,-3.496478,-3.4964783,-3.4096122,-3.4774735,-3.6228952,-3.6742494,-1.5230727,-2.5501661,-2.2382023,-2.2382026,-2.453541,-2.3891602,-2.295558,-1.8513759,-1.1069365,-1.8504454,-2.3746939,-2.3746936,-2.3358586,-1.4069347,-2.3651862,-2.185458,-1.9367224,-1.9553821,-2.0320303,-2.0320303,-2.0316753,-1.8612053,-1.88185,-1.7145813
CCOP(=S)(OCC)SCCSCC,-4.23,-3.921538,-4.2579536,-4.0746818,-4.0746818,-4.0953755,-4.436028,-4.127501,-3.4198215,-3.464079,-4.263681,-3.6581225,-3.6581216,-3.6237493,-4.099545,-3.6322343,-3.9855196,-3.9444053,-3.963959,-3.7144997,-3.7144992,-3.7225797,-3.7621748,-3.6673295,-4.024424,-4.3799124,-3.9648662,-4.5343895,-4.534389,-4.7408996,-3.6827853,-4.7667356,-4.5300407,-3.56394,-4.485846,-4.167998,-4.167998,-4.1896234,-4.2714067,-4.177359,-3.6428792,-3.5220866,-4.283723,-4.3295383,-4.329539,-4.0267406,-4.3811088,-4.446427,-4.3004303,-4.3649282,-5.0933733,-4.3976827,-4.397683,-4.980555,-4.3853645,-4.5035195,-4.204261,-3.5882149,-4.216307,-4.656102,-4.6561017,-4.540708,-3.549721,-4.5055423,-4.847252,-4.27501,-4.1647635,-4.1893473,-4.1893473,-4.1775026,-4.102081,-4.2149982,-4.175788
Clc2c(Cl)c(Cl)c(c1ccccc1)c(Cl)c2Cl ,-7.92,-5.0011296,-4.229127,-3.862949,-3.8629487,-3.8443377,-4.2032948,-3.871134,-3.978216,-7.199591,-6.864908,-7.211171,-7.21117,-7.1622977,-6.790895,-7.170595,-7.592808,-7.5814924,-5.8910217,-5.8571057,-5.857106,-5.888613,-5.8677998,-5.7713795,-7.7249284,-7.7440653,-6.9597273,-7.923073,-7.923072,-7.6957045,-6.384876,-7.8641133,-7.426832,-9.0422,-4.377582,-5.393289,-5.3932896,-5.377726,-5.102046,-5.508614,-7.565136,-4.6348996,-3.102841,-2.8749745,-2.8749745,-2.8262053,-2.9034598,-2.9064393,-3.0340035,-7.8077173,-6.257356,-7.3454695,-7.345469,-6.794019,-7.5926867,-7.6877947,-7.9175453,-7.9566,-6.25234,-6.8777237,-6.8777246,-6.850146,-5.346481,-6.8802032,-7.6996713,-7.8869224,-7.331554,-7.4143248,-7.4143233,-7.395838,-7.1370425,-7.2762446,-7.7448215
O=C1NC(=O)C(N1)(c2ccccc2)c3ccccc3,-4.097,-3.2148845,-3.9871106,-3.6313658,-3.631366,-3.6001306,-3.8695283,-3.569731,-2.9240193,-3.9600914,-3.9117389,-3.7119074,-3.7119064,-3.668758,-3.6569915,-3.6363928,-3.9131787,-3.1178942,-4.553412,-4.201802,-4.2018023,-4.1963525,-4.5456147,-4.205054,-3.424652,-3.422295,-2.7660673,-3.6710458,-3.671046,-3.4661238,-2.658776,-3.4808006,-3.4874568,-3.1638408,-3.7790613,-3.7330413,-3.733041,-3.7016356,-3.77811,-3.7303503,-3.3549805,-3.235323,-3.3804443,-3.826737,-3.826737,-3.7979202,-3.8362758,-3.7921033,-4.42533,-3.0362988,-2.7284286,-2.584633,-2.5846329,-2.6047058,-2.7577076,-2.492943,-2.8455195,-3.6070244,-3.3214889,-3.718991,-3.718991,-3.718187,-2.4688432,-3.7517216,-3.8185928,-4.1102858,-4.0606074,-4.1069264,-4.106927,-4.105079,-4.027159,-4.0783744,-4.0725737
O=C2NC(=O)C1(CCCCC1)C(=O)N2,-3.06,-2.3332016,-2.6239874,-2.1220329,-2.1220329,-2.1248891,-2.450596,-2.1394262,-1.8895217,-2.4553115,-1.7529039,-1.791841,-1.7918415,-1.7847865,-1.7887906,-1.7543643,-2.2916303,-2.6440294,-3.254797,-3.1827304,-3.1827304,-3.1820233,-3.2359662,-3.183927,-2.6692882,-2.3935468,-1.9328606,-2.4161654,-2.4161656,-2.3348036,-1.9497746,-2.3960915,-2.3782368,-3.0842433,-2.5968106,-2.5014532,-2.501453,-2.5234206,-2.4918494,-2.5387185,-2.4745493,-2.6296203,-2.1283808,-1.676221,-1.6762211,-1.642596,-1.7190045,-1.7520741,-1.6393824,-2.3087783,-1.8350973,-1.8195567,-1.8195565,-1.9101762,-2.0645351,-1.965283,-1.9119723,-2.5322385,-2.1138964,-2.403747,-2.4037468,-2.3898003,-1.5953425,-2.438562,-2.0778134,-3.036157,-2.8733492,-2.5858257,-2.5858262,-2.5819864,-2.6869946,-2.7902234,-2.9972875
CC(Cl)(Cl)Cl,-2.0,-1.3685794,-1.396956,-1.2332903,-1.2332895,-1.1906034,-1.6427666,-1.1318833,-1.3552669,-1.8565896,-1.4547322,-1.648243,-1.648243,-1.6501899,-1.6219677,-1.6483204,-1.5356091,-1.6745164,-1.0196002,-0.98241436,-0.98241436,-0.9847904,-1.0798017,-0.9933559,-1.6672574,-1.8507288,-1.9253197,-2.7488346,-2.7488332,-2.74245,-1.9447477,-2.7085373,-2.2372305,-2.588004,-2.8118322,-2.2727945,-2.2727947,-2.2859962,-2.3920789,-2.2885108,-2.0665975,-1.6172596,-1.1705794,-0.88054043,-0.8805404,-0.8780352,-0.8872115,-0.9101737,-1.7037221,-2.3282273,-1.9667016,-2.2310302,-2.2310307,-2.2127724,-2.4488518,-2.3125794,-2.4458878,-1.8310564,-2.4002774,-2.2239757,-2.2239752,-2.2313726,-1.8165312,-2.2454247,-2.1816368,-2.582796,-2.2790515,-2.1944656,-2.1944654,-2.169077,-2.5821567,-2.605476,-2.4489179
CCC(C)(C)Cl,-2.51,-1.0853795,-1.8267009,-1.5883019,-1.5883019,-1.5935634,-1.8347198,-1.5637989,-0.8878547,-0.8672272,-1.432549,-1.5269457,-1.5269461,-1.519228,-1.5727359,-1.4980247,-1.7496343,-2.422293,-1.396305,-1.5121142,-1.5121142,-1.5128098,-1.4752866,-1.5278251,-2.1376014,-2.6517253,-1.9503556,-2.5837045,-2.5837052,-2.4741292,-1.844356,-2.4632106,-2.4524775,-1.52189,-2.0292315,-1.8075112,-1.8075113,-1.7564579,-1.8384097,-1.7419314,-2.2770443,-1.0866225,-1.6806424,-1.520968,-1.5209681,-1.5249453,-1.4945995,-1.5272449,-1.1538686,-2.8635125,-2.982656,-2.4622996,-2.462299,-2.513799,-2.9306762,-2.5590153,-2.8807452,-2.2963343,-2.3008306,-2.6944582,-2.6944585,-2.6980596,-2.0531409,-2.7002602,-2.4064639,-2.2413602,-2.0800056,-2.0215354,-2.0215352,-2.033547,-2.0238516,-2.0540218,-2.0239227
CC(C)c1ccc(C)cc1O,-2.22,-2.153724,-2.487714,-2.1076753,-2.1076748,-2.120518,-2.3299246,-2.1366258,-1.7553054,-1.5027333,-2.4952192,-2.1531072,-2.153107,-2.1178625,-2.2855086,-2.076894,-2.8056264,-1.7853047,-2.6025498,-2.675206,-2.6752057,-2.689325,-2.6308687,-2.6064386,-2.368945,-1.838455,-1.8634206,-2.445323,-2.4453237,-2.2985826,-1.7620728,-2.302032,-2.2088685,-1.7690611,-2.2967572,-2.0345457,-2.0345457,-2.0606933,-2.0492578,-2.0309558,-1.3344291,-2.3503633,-2.530077,-2.1201143,-2.1201146,-2.1002264,-2.162524,-2.1598945,-2.0436678,-2.3927014,-2.7089922,-2.1979687,-2.197969,-3.026071,-2.3455992,-2.1853333,-2.046044,-1.8519596,-1.4782757,-2.0731642,-2.0731645,-1.9288027,-1.1221654,-1.9696859,-2.0323143,-2.361468,-2.3511076,-1.8339331,-1.8339332,-1.837013,-1.9650134,-2.0311923,-2.1108198
C2c1ccccc1N(CCF)C(=O)c3ccccc23 ,-4.799,-3.2671921,-3.9187055,-3.499135,-3.4991355,-3.4753149,-3.7492592,-3.4533675,-2.8134973,-3.7480721,-3.656422,-3.5502758,-3.550275,-3.5189352,-3.5797954,-3.4867852,-3.7014945,-4.1682196,-3.9695463,-3.7696564,-3.7696567,-3.7669232,-3.854356,-3.7370307,-3.400602,-3.840484,-3.5228357,-4.317784,-4.3177824,-4.3510046,-3.6087515,-4.2723784,-4.266497,-2.6583838,-3.555939,-3.3214238,-3.3214233,-3.2978394,-3.2698467,-3.2575972,-2.7041402,-4.017501,-3.7408853,-4.129291,-4.1292906,-4.1486344,-4.072068,-4.044229,-4.286283,-3.155898,-3.842634,-2.9758823,-2.9758823,-3.6901608,-3.3281846,-2.9912581,-3.0109935,-3.8852608,-3.7588859,-4.200243,-4.2002425,-4.1767406,-2.9813216,-4.2384357,-4.573419,-4.794361,-4.543017,-4.562951,-4.562951,-4.5439196,-4.6936693,-4.8417277,-4.733953
COP(=S)(OC)Oc1ccc(SC)c(C)c1,-4.57,-3.657456,-4.074093,-3.897033,-3.897033,-3.9323018,-4.325297,-3.971618,-3.2651567,-3.7281213,-4.2760353,-3.73015,-3.7301495,-3.6924307,-4.2315335,-3.699347,-4.1383095,-3.9238937,-4.067362,-3.7857752,-3.7857754,-3.7760916,-3.689086,-3.819564,-3.8264685,-3.9993596,-3.310938,-3.7070742,-3.7070732,-3.608907,-2.7594304,-3.5601423,-3.7056565,-3.3015282,-3.9099443,-3.6424506,-3.6424503,-3.6810791,-3.6240156,-3.6869967,-3.7945342,-3.7125363,-4.1205425,-4.5584006,-4.558401,-4.5696754,-4.511217,-4.429651,-4.7968807,-3.5636106,-4.4799614,-3.3840485,-3.3840485,-4.3166018,-3.789489,-3.3812203,-3.3747034,-3.7015977,-3.952248,-4.3124437,-4.312444,-4.1890373,-3.1737792,-4.22614,-4.385774,-4.650139,-4.572987,-4.544571,-4.544572,-4.561803,-4.325006,-4.577543,-4.5341783
CC(C)Cl,-1.41,-0.50358176,-1.3531747,-0.517307,-0.5173065,-0.5083728,-0.6777253,-0.509771,-0.5483505,-0.80110407,-0.6206362,-0.5842699,-0.58427024,-0.5822071,-0.6471777,-0.5703389,-0.9249942,-1.3353426,-1.0254326,-1.0470465,-1.0470467,-1.0481184,-1.0372051,-1.0583391,-1.2085204,-1.4615606,-1.1044179,-1.6375248,-1.6375253,-1.6394862,-1.1349941,-1.7202792,-1.4755673,-1.5463135,-1.9995773,-0.80931705,-0.809317,-0.8484279,-0.5042201,-0.8444007,-0.7643915,-0.25446418,-1.3284426,-0.9873332,-0.9873332,-1.017106,-0.91258633,-1.0125384,-0.8120445,-1.8282166,-2.1999514,-1.9612036,-1.9612038,-1.7181052,-2.1059253,-2.2191658,-2.1174479,-1.0543284,-0.9556858,-1.2338854,-1.2338853,-1.2504545,-0.7680106,-1.2789189,-1.1616514,-1.9695027,-1.2620469,-1.1414776,-1.1414776,-1.1372709,-1.4749858,-1.4605795,-2.3979042
CCCCCCCCCC(C)O,-2.94,-4.113958,-3.67656,-3.5338786,-3.5338788,-3.5557244,-3.980338,-3.5794418,-2.9203272,-3.7897134,-3.7965894,-4.698951,-4.6989503,-4.6604586,-5.1305637,-4.722123,-3.9274213,-3.3863518,-3.3545458,-3.3633301,-3.3633301,-3.4048562,-3.2672346,-3.3110979,-3.6931994,-3.914172,-4.2284284,-4.694115,-4.6941147,-4.4785233,-4.137622,-4.660558,-4.972257,-3.9040895,-3.6098926,-3.4453547,-3.445355,-3.4918098,-3.4941092,-3.521499,-3.6550725,-3.681874,-4.342867,-4.153434,-4.153434,-3.8229256,-4.126166,-3.6676793,-4.2360415,-3.9198906,-4.5046563,-3.5964608,-3.5964608,-4.51651,-3.6134207,-3.6666672,-3.121369,-3.7036183,-3.4048681,-4.2411413,-4.2411413,-4.37841,-2.6735928,-4.319975,-4.232308,-2.987123,-3.0295954,-3.1397803,-3.1397803,-3.102892,-2.975338,-2.9393559,-2.9224474
Oc1ccccc1N(=O)=O,-1.74,-1.7648191,-2.3588133,-2.1293707,-2.1293702,-2.1311991,-2.309484,-2.142083,-1.6347435,-1.9179415,-0.76893044,-1.2393873,-1.2393874,-1.2514272,-1.2248887,-1.2405252,-1.1267406,-2.0422807,-1.6682776,-1.7448598,-1.7448597,-1.7474921,-1.7549574,-1.7683301,-1.0712591,-1.7006934,-1.3317369,-2.2491486,-2.2491481,-2.197615,-1.4537091,-2.186818,-1.637167,-2.3068564,-1.9386429,-1.6448088,-1.644809,-1.6546919,-1.717077,-1.6733142,-1.7210073,-1.8508682,-2.142424,-2.1483598,-2.1483598,-2.145145,-2.1284392,-2.1176188,-1.5081732,-1.403002,-0.7518812,-1.205198,-1.205199,-1.1266643,-1.3176985,-1.3318492,-1.0578601,-1.9189272,-1.8185714,-2.2574513,-2.2574508,-2.263951,-1.7551903,-2.298011,-1.8416244,-1.7266829,-1.8311611,-1.5078611,-1.5078609,-1.49297,-1.7172704,-1.6730207,-1.7587997
CCNc1nc(NC(C)C)nc(SC)n1,-3.04,-3.4665318,-4.0520864,-3.6349494,-3.6349494,-3.6166673,-3.8667262,-3.6030009,-2.719481,-2.5892565,-2.619064,-2.9075315,-2.9075303,-2.8441582,-3.335538,-2.885776,-3.0454895,-3.1837478,-4.0936584,-3.9238153,-3.9238153,-3.937938,-3.9956827,-3.8600855,-3.1265113,-3.1403294,-2.1665347,-2.9383733,-2.9383729,-3.13649,-2.1180005,-3.2206306,-2.7494535,-2.4047844,-3.8398485,-3.4889853,-3.4889858,-3.5086567,-3.4760976,-3.4776015,-2.3697588,-3.2695503,-3.6853518,-3.890356,-3.890356,-3.753334,-3.966057,-3.8684807,-4.182772,-3.7754302,-3.2604308,-3.54003,-3.54003,-3.1691575,-3.6020641,-3.5026817,-3.4737294,-2.9299927,-2.6060133,-3.0449991,-3.0449994,-2.9625869,-2.1606548,-2.9765568,-2.93893,-3.1874607,-3.9191225,-4.201974,-4.201974,-4.2379575,-3.863366,-4.4003835,-3.5608983
Oc1ccccn1,1.02,-0.5150586,-1.926088,-1.6073433,-1.6073433,-1.6167543,-1.723472,-1.613056,-0.76210934,0.09454676,-0.80787104,0.09440912,0.09440824,0.09669471,-0.11816394,0.12850457,-0.72341436,0.31854352,-1.058394,-1.0718764,-1.0718765,-1.0728498,-0.99378103,-1.0897253,-0.26440403,0.39040136,-0.4752673,-0.9748238,-0.9748243,-0.87051684,-0.53878313,-0.90121895,-0.8669902,-0.07474601,-1.5199599,-1.4390124,-1.4390124,-1.4295164,-1.3798325,-1.425317,-0.35248193,-1.0121263,-2.182084,-2.0979972,-2.0979972,-2.0361526,-2.0563653,-2.2294383,-1.9566213,-0.9957653,-0.38721672,-0.5061716,-0.5061725,-0.64828795,-0.68767893,-0.5965211,-0.49231756,0.30858293,0.27495977,0.020765807,0.020765778,0.015232644,0.2504671,0.0038745208,-0.08951221,1.0599414,1.6084758,1.5732894,1.5732895,1.5646284,1.343419,1.3146962,0.96098715
C/C1CCCCC1\C,-4.3,-2.620761,-2.009076,-1.3875062,-1.3875064,-1.3754386,-1.612848,-1.3590796,-1.2338549,-3.1971781,-1.9741706,-2.9611986,-2.9611983,-2.9473693,-2.9051151,-2.9382513,-2.3927248,-3.678286,-2.339136,-2.4957426,-2.4957423,-2.49629,-2.4146402,-2.500846,-3.614192,-4.135759,-2.682495,-3.3968916,-3.3968914,-3.51767,-2.641527,-3.599633,-3.474416,-2.4188237,-1.8346335,-1.6135617,-1.6135619,-1.6165793,-1.5944326,-1.5861976,-1.2686226,-2.0927875,-1.9654044,-1.9587884,-1.9587885,-1.9414313,-1.9437617,-1.962939,-1.6622194,-4.3459253,-4.235856,-3.3566263,-3.356627,-3.6844094,-3.6602335,-3.5220633,-3.5962467,-3.9478278,-3.8113523,-4.5886154,-4.5886154,-4.5642447,-3.5652702,-4.567913,-4.003494,-3.5639405,-2.7395825,-2.5609553,-2.5609553,-2.5634208,-3.0205297,-3.0988529,-3.400943
CCNc1nc(Cl)nc(NC(C)(C)C#N)n1,-3.15,-4.075219,-3.975257,-3.6886876,-3.6886878,-3.6769714,-3.974672,-3.6882734,-3.459309,-2.5350966,-2.8042972,-2.0336204,-2.0336204,-2.0262356,-2.3880632,-2.0030227,-2.5887487,-3.425068,-4.1330976,-4.0164866,-4.0164866,-4.049866,-4.074301,-3.8955464,-3.5166523,-2.9656382,-2.3960128,-3.0385256,-3.0385249,-3.07,-2.2004163,-3.2869732,-2.8651056,-3.7129295,-3.6856842,-3.6838799,-3.6838799,-3.6558175,-3.6842625,-3.8678083,-2.993757,-2.7596755,-3.4662342,-3.3512087,-3.3512084,-3.1729126,-3.357498,-3.1819959,-3.336714,-3.4668324,-3.1740372,-3.3369102,-3.3369102,-3.0869992,-3.6210947,-3.502122,-3.2686872,-3.748516,-2.6801138,-3.3251305,-3.3251305,-3.3375735,-2.0854185,-3.3729987,-3.8119233,-2.9798374,-3.0971973,-3.262809,-3.262809,-3.2577906,-3.0225272,-3.189364,-3.0879138
CC(C)(C)CCO,-0.5,-1.6871378,-1.7218199,-1.4066045,-1.4066039,-1.402509,-1.8404311,-1.4006734,-0.9684718,-0.3050313,-1.1673679,-1.3926289,-1.3926288,-1.3857749,-1.3486733,-1.3345935,-1.7916083,-0.60630494,-1.6309867,-1.706386,-1.7063859,-1.7053922,-1.6337603,-1.7371126,-1.2381065,-1.2065618,-1.2169627,-1.8612584,-1.8612566,-1.7379223,-1.2585988,-1.8819517,-1.8589789,-1.7966248,-1.9235184,-1.7311019,-1.7311022,-1.6666085,-1.6865294,-1.641113,-1.5833108,-0.9110526,-1.8995531,-1.5337398,-1.5337398,-1.5316944,-1.5310695,-1.6179072,-1.2855506,-0.6560642,-1.7602957,-0.30016312,-0.3001632,-1.6303748,-0.6187839,-0.30724794,-0.7188226,-1.0854058,-1.0702375,-1.4961146,-1.4961145,-1.4859309,-0.8035882,-1.4990975,-1.3463686,-0.5134336,-0.84162366,-0.77408093,-0.7740809,-0.75000274,-0.91457295,-0.8918141,-0.5708396
BrCBr,-1.17,-0.93384725,-0.9594783,-0.56136703,-0.56136715,-0.5760361,-0.76695096,-0.5580312,-0.8552684,-1.2970002,-0.7502294,-1.3259958,-1.325996,-1.3239554,-1.4453555,-1.2808175,-0.8709543,-1.5260305,-1.4660605,-1.4567182,-1.4567182,-1.4581658,-1.2901324,-1.4787332,-2.0484324,-0.7367897,-0.4326725,-1.0685042,-1.068504,-1.0157624,-0.48480874,-1.0244904,-0.8456442,-1.4860096,-3.4835637,-2.8439503,-2.8439503,-2.8339467,-2.5270047,-2.9505656,-1.9783374,-1.3491092,-1.2048633,-0.8686695,-0.8686695,-0.8826233,-0.9377791,-0.89299935,-1.6464872,-1.3979115,-1.8654405,-1.1888018,-1.188802,-1.539482,-1.3501575,-1.2424088,-1.3195791,-1.1140916,-1.2808384,-1.3773357,-1.3773358,-1.3707044,-1.141246,-1.3807914,-1.1848466,-1.9695027,-1.2620469,-1.1414776,-1.1414776,-1.1372709,-1.4749858,-1.4605795,-2.3979042
O=N(=O)c1ccccc1N(=O)=O,-3.1,-2.4950693,-2.650255,-2.6136672,-2.613667,-2.5971231,-2.8441176,-2.608948,-2.538753,-3.547689,-0.7892067,-2.6356788,-2.6356788,-2.646457,-2.7549758,-2.6269329,-1.4861139,-2.9381895,-2.043835,-2.147093,-2.147093,-2.1502368,-2.1653514,-2.1756296,-2.2385151,-2.9953084,-2.5803566,-3.7258813,-3.725881,-3.6204588,-2.4903178,-3.565828,-2.8884935,-2.8695645,-2.565586,-2.6940095,-2.6940093,-2.2003872,-2.7619095,-2.250513,-2.5951395,-2.4304552,-2.1458035,-2.1807876,-2.1807876,-2.15904,-2.217332,-2.161563,-2.0707982,-1.8606468,-1.7462951,-1.9834061,-1.9834057,-2.1151333,-2.239512,-2.1881351,-2.2577314,-3.070012,-2.557671,-3.2720919,-3.2720916,-3.2864056,-2.5750043,-3.3179953,-2.7781465,-3.0471907,-3.3456721,-3.2150261,-3.2150261,-3.2069335,-3.206011,-3.30548,-3.0730426
Cc1ccc(Cl)cc1,-3.08,-1.7046686,-2.15604,-1.9486539,-1.9486535,-1.9781206,-2.2264245,-1.9676743,-1.5313764,-1.9032959,-2.316387,-1.9638071,-1.9638077,-1.9592309,-1.9240094,-1.9107018,-2.0421367,-2.7056367,-1.9302565,-2.0167918,-2.0167916,-2.0192065,-1.9880644,-2.0356646,-2.5249016,-2.0551257,-2.0650332,-2.7295284,-2.7295268,-2.6312425,-2.051748,-2.6913173,-2.3525276,-3.074319,-2.03033,-1.9158292,-1.9158294,-1.92986,-1.9196529,-1.9262661,-2.48955,-1.2981093,-2.4143302,-2.0895243,-2.089524,-2.1168919,-2.118474,-2.120793,-1.7492148,-3.270553,-2.8650122,-2.583986,-2.5839858,-2.658863,-2.9844203,-2.7597828,-2.67569,-2.3112707,-2.1682858,-2.467935,-2.4679356,-2.509559,-1.660427,-2.5085223,-2.2123046,-3.057526,-3.8142724,-3.5566962,-3.5566955,-3.5448234,-3.6273365,-3.6230543,-3.2724142
Nc3ccc2cc1ccccc1cc2c3 ,-5.17,-5.0600786,-2.8820086,-3.0067587,-3.0067585,-3.026342,-3.511849,-3.0417297,-3.635765,-3.948841,-4.200942,-4.317176,-4.3171754,-4.276406,-4.4934516,-4.2791314,-4.3714404,-4.79637,-3.4316797,-3.641837,-3.641837,-3.6383832,-3.470043,-3.6732917,-4.5766706,-4.995528,-4.2878785,-5.5966434,-5.5966444,-5.431147,-4.0160604,-5.576282,-4.880073,-5.4663057,-2.704837,-3.0678804,-3.0678804,-3.1082432,-2.977054,-3.1290886,-4.715834,-4.780903,-3.6615338,-3.5651755,-3.5651755,-3.5203953,-3.5360312,-3.5589237,-3.8513606,-3.6895175,-3.404349,-3.0667355,-3.0667353,-3.4466095,-3.2276087,-3.23766,-2.8167362,-5.2946315,-5.310554,-5.609618,-5.609617,-5.589466,-4.5565653,-5.589187,-5.592634,-5.097106,-5.0537066,-4.995836,-4.9958363,-5.0060987,-5.0306854,-5.0509768,-5.140872
ClC(Cl)C(c1ccc(Cl)cc1)c2ccc(Cl)cc2,-7.2,-5.3388968,-4.884694,-4.3755164,-4.3755174,-4.3547606,-4.714065,-4.3188767,-3.930562,-6.2742925,-6.7982683,-6.302671,-6.3026705,-6.2496395,-6.5148225,-6.249857,-5.964635,-6.911307,-5.2607527,-5.3017335,-5.3017335,-5.3307724,-5.3523774,-5.2030153,-7.097347,-6.3654795,-4.933188,-5.6715355,-5.6715345,-5.4554577,-4.4098525,-5.5166287,-5.5917606,-6.7950583,-4.3343306,-4.4170766,-4.417077,-4.410685,-4.2521563,-4.4763036,-5.507147,-4.2702,-4.2960854,-4.891792,-4.8917913,-4.8863225,-4.74226,-4.9686785,-4.5881057,-6.482019,-4.2760887,-5.5384507,-5.538451,-4.453412,-5.843323,-5.84634,-5.6245036,-6.799614,-6.595083,-6.909507,-6.909507,-6.865478,-5.4421477,-6.8933635,-6.6183457,-7.141043,-6.6141057,-6.7523775,-6.7523766,-6.756142,-6.4560575,-6.742231,-6.580184
CSSC,-1.44,0.18636534,-1.8389761,-1.5256338,-1.5256333,-1.5433316,-1.7004158,-1.5254757,-0.28021243,-1.2705534,-1.2717009,-0.1922056,-0.19220546,-0.19072118,-0.1118531,-0.18636698,-0.7542134,-1.7276644,-1.1783336,-1.1772496,-1.1772497,-1.1782758,-1.1897628,-1.196015,-1.9824492,-1.1889502,-0.44608474,-1.0693291,-1.0693287,-0.9716088,-0.5032129,-1.0235152,-0.79576004,-1.9589987,-3.6340241,-3.1663435,-3.1663435,-3.222837,-3.0455437,-3.253473,-1.178642,-0.6740437,-2.2663035,-2.3388023,-2.338802,-2.2847018,-2.2047646,-2.4658377,-1.8631974,-1.9616635,-3.289327,-1.653415,-1.6534151,-3.0225663,-2.095759,-1.7854623,-1.9841012,-1.1339787,-1.1248906,-1.6784835,-1.6784834,-1.7155248,-0.85855335,-1.7182208,-1.5272952,-3.446279,-1.717396,-1.6165994,-1.6165994,-1.6096778,-1.9517454,-1.9338919,-2.4303653
CC(=O)OCC(=O)C1(O)CCC2C3CCC4=CC(=O)CCC4(C)C3C(O)CC21C,-4.88,-5.326909,-5.9202037,-5.3710155,-5.3710155,-5.421547,-5.8559422,-5.471831,-4.5616913,-3.752161,-4.252035,-3.4172313,-3.417231,-3.3951914,-3.9211235,-3.3969576,-3.8547409,-4.765751,-3.9017498,-4.036549,-4.036549,-3.9772136,-3.8885603,-4.0657063,-4.4894485,-4.5878854,-3.5615466,-3.9859812,-3.9859822,-4.667676,-3.5328462,-4.551866,-4.7917414,-5.2627816,-5.3257732,-5.1320896,-5.132089,-5.175971,-5.0596848,-5.217795,-5.112029,-5.458776,-5.460116,-4.7370634,-4.737064,-4.758609,-4.5701118,-4.902615,-4.829661,-4.5166235,-4.2614346,-4.1577024,-4.1577024,-4.598543,-4.939398,-3.9086351,-4.3809357,-4.370275,-4.669444,-5.1148777,-5.114877,-5.129187,-3.5557053,-5.1788793,-4.8176684,-4.651338,-4.921836,-4.8810253,-4.881025,-4.873602,-4.560758,-4.745761,-4.8200164
CCO,1.1,-0.039568,-0.9219452,-0.16501941,-0.16501898,-0.16405578,-0.36025727,-0.17511147,-0.004502815,0.42364436,-0.001073363,0.36132047,0.36132047,0.3579607,0.1479765,0.37996024,-0.46360272,0.9754852,-0.7338804,-0.62399626,-0.62399626,-0.6246796,-0.52262866,-0.6397518,0.29679972,1.0945543,0.09967882,-0.0164395,-0.016439384,0.024835138,0.18065155,0.0153345615,-0.4150313,0.69470155,-1.2815936,-0.67164594,-0.67164594,-0.6868523,-0.45475125,-0.68192655,-0.51307046,-0.25180548,-1.1329072,-0.7349832,-0.73498327,-0.7633213,-0.7133537,-0.7765801,-1.038669,0.90155447,0.0013896432,1.353509,1.3535095,0.38854146,1.2437131,1.3656354,0.6043202,1.045171,0.973955,1.3989233,1.3989223,1.3650213,1.5662638,1.3658983,0.817852,1.0663208,1.2876348,1.2038713,1.2038713,1.2405739,1.9601207,2.1092103,0.94042116
CC(C)N(=O)=O,-0.62,-0.83968943,-1.6498966,-1.3873163,-1.3873159,-1.3746985,-1.6273468,-1.351599,-0.5523916,0.578236,-0.10284708,0.33567885,0.33567876,0.33473435,0.014215166,0.39154395,-0.47485393,-0.34464794,-1.270959,-1.3304147,-1.3304147,-1.3320973,-1.3129436,-1.3454331,-1.3370703,-0.48729563,-0.56052536,-1.0235571,-1.0235566,-1.0243568,-0.71925056,-1.0733544,-1.1337323,0.030231148,-1.5279862,-0.97646594,-0.9764659,-0.9904437,-0.9886927,-0.9618756,-0.45299253,-1.7609755,-1.3364103,-1.0882285,-1.0882285,-1.0847828,-1.1039083,-1.1020874,-1.6653547,-0.32230297,-1.0284404,0.44258037,0.44258052,-0.7028322,0.058878984,0.40613994,0.06337838,-0.3801332,-0.50482845,-0.7585621,-0.7585618,-0.7820245,-0.3422638,-0.80189776,-0.51471627,-0.63238037,-0.77985203,-0.8878488,-0.88784885,-0.8936107,-0.7698849,-0.736513,-0.6928133
CCCCOCCO,-0.42,-2.7413955,-2.4979289,-2.3034253,-2.3034253,-2.33632,-2.6872032,-2.334687,-1.8788779,-0.48824817,-1.4623327,-1.1763679,-1.1763675,-1.1645148,-1.289228,-1.1279843,-1.5286511,-0.34302896,-1.5786606,-1.5587455,-1.5587455,-1.5592839,-1.4108582,-1.5853218,-0.48248357,0.008113819,-0.62876356,-0.8774362,-0.87743586,-0.8038099,-0.6516165,-0.812011,-1.0539557,-3.045819,-2.313824,-2.1327636,-2.1327634,-2.1693869,-2.0575716,-2.1532953,-2.0203655,-2.0739312,-3.0922127,-2.797711,-2.797711,-2.6923623,-2.7518494,-2.9361136,-2.904958,-0.5993617,-1.9177126,-0.92457455,-0.92457503,-1.8225826,-1.268734,-0.9451481,-1.0171894,-0.840323,-1.4156429,-1.8759243,-1.8759247,-1.7422771,-1.0005279,-1.8522542,-1.5486114,-0.88842046,-0.1937838,-0.16262618,-0.16262612,-0.12446367,-0.27181438,-0.43791038,-0.4830657
ClC(=C)Cl,-1.64,-0.03515551,-1.8021853,-1.4033147,-1.4033146,-1.4176266,-1.4867101,-1.4057096,-0.49413776,-1.2023382,-0.60480565,-1.2034255,-1.2034255,-1.2032739,-1.0918351,-1.2036653,-0.61622936,-1.6598418,-0.88188714,-0.79388463,-0.79388463,-0.7956045,-0.84333783,-0.80589175,-0.89401525,-0.9874523,-0.6354506,-1.4121362,-1.4121364,-1.3455689,-0.7639661,-1.3720398,-1.1224827,-1.785401,-2.6243231,-2.1521485,-2.1521482,-2.095958,-1.7604866,-2.3045506,-0.9277037,-0.5297962,-1.2078947,-0.83366406,-0.83366406,-0.85296386,-0.8148653,-0.8809867,-0.8987524,-2.2570705,-2.6172886,-2.0616944,-2.0616937,-2.3981786,-2.4428837,-2.1894593,-2.3220248,-1.5662498,-1.1359342,-0.98655117,-0.9865509,-0.991719,-0.82757276,-0.99537313,-1.4037558,-1.3977565,-1.3351012,-1.3312446,-1.3312446,-1.3307505,-1.5162218,-1.5310351,-1.1113682
CN(C)C(=O)Nc1cccc(OC(=O)NC(C)(C)C)c1 ,-2.93,-4.3288183,-4.966258,-4.7306156,-4.730616,-4.7680798,-5.1975646,-4.8296275,-3.8655624,-2.94842,-3.7896821,-2.7110395,-2.711039,-2.6989765,-3.3375711,-2.7455156,-3.5323014,-2.958565,-4.588512,-4.279616,-4.279616,-4.2759767,-4.3293715,-4.399503,-2.6588,-3.8187625,-3.0053153,-3.6119184,-3.6119187,-3.4833105,-2.9589868,-3.6473196,-3.46748,-3.97672,-5.0119567,-4.554978,-4.5549784,-4.606026,-4.580962,-4.667726,-3.2057796,-4.3977017,-5.146752,-5.1217017,-5.1217012,-5.1583314,-5.007654,-5.039727,-4.583244,-3.0331323,-6.6244726,-3.9144356,-3.9144351,-5.5169992,-3.756219,-3.9356756,-3.0712671,-2.8101468,-3.2594886,-3.4973884,-3.4973876,-3.4822738,-2.883287,-3.550544,-3.3824275,-2.9268513,-2.926591,-2.9467108,-2.9467106,-2.929494,-2.8433383,-2.940497,-2.9097178
CC(C)Oc1cc(c(Cl)cc1Cl)n2nc(oc2=O)C(C)(C)C,-5.696000000000001,-4.8202715,-5.219517,-4.836212,-4.836212,-4.8560047,-5.2290797,-4.9087667,-4.0149493,-4.692202,-4.8327303,-4.103928,-4.1039267,-4.093446,-4.610288,-4.1202,-4.189396,-5.5335956,-5.404004,-5.1945224,-5.194522,-5.1462383,-5.385679,-5.309222,-5.0884695,-4.258068,-4.425283,-5.0283775,-5.0283766,-5.2661467,-4.6758394,-5.4167304,-4.07863,-4.7330337,-4.9136844,-4.625005,-4.625005,-4.6584535,-4.634197,-4.708473,-3.934718,-3.7861571,-4.5977483,-4.3393216,-4.339322,-4.367769,-4.2953415,-4.3166656,-4.115223,-5.764183,-5.9003024,-4.9175057,-4.917506,-5.677479,-5.3365607,-4.834562,-5.420721,-5.0421295,-4.3187776,-4.643779,-4.643779,-4.617163,-3.3670123,-4.614762,-5.0682445,-5.708865,-3.4778776,-3.6583643,-3.658364,-3.588633,-3.2553172,-3.677074,-4.7664676
CCCCCCCCCCO,-3.63,-3.9659743,-3.4710855,-3.392528,-3.392528,-3.3948426,-3.8641264,-3.4111686,-2.9011462,-3.3001456,-3.4037092,-4.0417933,-4.041793,-4.007794,-4.4319882,-4.059703,-3.390929,-3.1446562,-3.0783544,-3.061034,-3.0610337,-3.0596564,-2.960043,-3.0737028,-3.567414,-3.9984145,-3.8311074,-4.408949,-4.4089484,-4.310369,-3.6286376,-4.480119,-4.476536,-3.9860044,-3.2964022,-3.1459687,-3.1459687,-3.1806803,-3.20854,-3.1541803,-3.280369,-3.7295067,-4.212172,-4.1464,-4.1463995,-3.9429438,-4.158084,-3.9483361,-4.431551,-3.836832,-4.071913,-3.5379655,-3.5379653,-4.34374,-3.6045146,-3.778892,-3.2036192,-3.311671,-3.1228285,-3.8735862,-3.873586,-3.9053524,-2.4211342,-3.8494701,-3.833864,-3.674628,-3.66648,-3.5554457,-3.555446,-3.5391164,-3.5409715,-3.642146,-3.6845706
CCOP(=S)(NC(C)C)Oc1ccccc1C(=O)OC(C)C,-4.194,-4.683984,-5.5049405,-5.053318,-5.053318,-5.0474243,-5.346294,-5.054961,-3.8676505,-4.0039763,-4.043277,-4.18332,-4.18332,-4.0809546,-4.734182,-4.1620197,-4.7109046,-3.9954197,-4.527106,-4.6522555,-4.652255,-4.617439,-4.9068155,-4.746799,-4.896355,-4.668606,-4.6876497,-4.894598,-4.8945975,-4.718893,-4.3549743,-5.1723676,-4.90908,-4.216989,-5.723765,-5.242739,-5.2427397,-5.0811677,-5.139837,-4.9328933,-3.686701,-4.118797,-4.451009,-4.8513465,-4.8513465,-4.696975,-4.8273373,-4.8467817,-4.4736767,-4.3544073,-4.569125,-4.161762,-4.161762,-4.510914,-4.5087395,-4.1983533,-4.1004033,-4.1183434,-4.093665,-4.422954,-4.4229536,-4.4238515,-3.397807,-4.540401,-4.516903,-4.2013116,-3.1526642,-3.0617287,-3.0617282,-3.0133252,-2.9325745,-2.9699202,-4.7307615
O=C1N(COC(=O)C)C(=O)C(N1)(c2ccccc2)c3ccccc3,-4.47,-5.031066,-5.009741,-4.67715,-4.6771493,-4.6490607,-4.924895,-4.6348195,-4.0425973,-4.439122,-4.2290993,-3.7029266,-3.7029262,-3.6550293,-4.0620437,-3.7075977,-3.9913447,-4.4535265,-4.5299544,-4.1295404,-4.1295404,-4.09969,-4.783881,-4.1926146,-3.6108093,-3.7278275,-2.6025214,-3.46352,-3.4635196,-3.32045,-2.6669738,-3.2774966,-3.1358778,-4.1376925,-4.4745464,-4.2001805,-4.20018,-4.166274,-4.184348,-4.163073,-3.561005,-4.530957,-4.3981276,-4.822685,-4.822685,-4.76188,-4.6914396,-4.5945883,-4.905269,-3.8758645,-3.7353969,-3.6172712,-3.617271,-3.628144,-3.7527752,-3.6103117,-3.8120928,-4.014035,-3.6709478,-4.447523,-4.4475226,-4.4234066,-3.0106297,-4.460708,-4.846523,-4.6336565,-4.5237103,-4.607402,-4.6074014,-4.613731,-4.4039817,-4.5006976,-4.465988
O=C1NC(=O)C(=O)C(=O)N1 ,-1.25,-2.0723472,-2.324978,-2.2797382,-2.279738,-2.2714114,-2.4977946,-2.2902324,-1.724907,-1.9109665,0.106005795,-1.7159106,-1.7159103,-1.7186102,-1.9088,-1.7070866,-0.2228825,-1.2685477,-1.5027031,-1.6181555,-1.6181552,-1.6207798,-1.5631177,-1.6316777,-1.5903097,-1.1330665,-0.048967775,-1.3808364,-1.3808364,-1.286918,-0.2381233,-1.396616,-0.7089242,-1.7928307,-2.6556406,-2.7237675,-2.7237678,-2.665969,-2.8772087,-2.706033,-0.88215834,-2.000866,-2.2871387,-2.4905508,-2.4905505,-2.447946,-2.464267,-2.5853841,-2.0657694,-1.3174225,-2.832475,-0.58158267,-0.5815826,-1.9058813,-0.70574176,-0.7239283,-1.4790246,-1.4717224,-0.64480436,-1.1077884,-1.1077884,-1.0972285,-0.5429587,-1.0814168,-0.98262423,-1.1911185,-1.2480601,-1.29648,-1.29648,-1.2981323,-1.2227093,-1.2616271,-1.3430887
CN(C)c1ccccc1,-1.92,-1.2923226,-2.31784,-1.8922572,-1.8922571,-1.911112,-2.0673885,-1.9259108,-1.2894965,-1.7161003,-2.0142844,-2.2913523,-2.2913516,-2.2715888,-2.2336385,-2.2390406,-2.3453717,-1.5627143,-1.8879443,-2.0456727,-2.0456727,-2.045637,-1.9571849,-2.0777547,-2.2951646,-1.7559026,-1.9607575,-2.6571975,-2.6571977,-2.5406556,-1.9181274,-2.6005409,-2.1951208,-2.6347044,-2.4311879,-2.8639894,-2.863989,-2.8379886,-2.6800942,-2.87424,-2.5071356,-1.9802601,-2.1623187,-1.9906553,-1.9906553,-1.976547,-2.0325835,-1.9854537,-1.8164855,-1.8127229,-1.9116887,-1.3508761,-1.3508761,-1.640611,-1.5480851,-1.3138919,-1.4006653,-2.5580115,-2.1046464,-2.673544,-2.6735446,-2.70615,-1.7088952,-2.6780112,-2.5461824,-2.4388506,-2.6369438,-2.631949,-2.6319492,-2.635119,-2.633345,-2.6853256,-2.5263722
CCCN(CCC)c1c(cc(cc1N(=O)=O)S(N)(=O)=O)N(=O)=O,-5.16,-5.999514,-5.1145434,-4.8800592,-4.880059,-4.8740687,-5.1952825,-4.852115,-4.760048,-4.591363,-2.8407748,-3.235433,-3.2354329,-3.193968,-3.2495713,-3.2426944,-3.3206801,-4.704027,-4.460166,-4.1806674,-4.180667,-4.1525626,-4.625271,-4.202902,-4.087921,-4.276362,-4.155062,-4.4491043,-4.4491034,-4.3725104,-3.9018571,-4.5675344,-4.375042,-4.295425,-5.063574,-4.9367886,-4.9367886,-4.9039054,-4.9667993,-4.941417,-4.6839585,-4.312144,-3.8696787,-4.2335386,-4.2335386,-4.1067367,-4.221431,-4.1183896,-4.711473,-3.9800878,-3.9359653,-3.6670334,-3.6670337,-3.7720797,-3.9520898,-3.6832623,-4.060541,-4.754418,-4.057755,-5.4326177,-5.432617,-5.37248,-3.109156,-5.247416,-5.5649467,-5.0181565,-5.124415,-5.1821327,-5.182132,-5.194266,-5.0140753,-4.9519377,-5.09852
CC23Cc1cnoc1C=C2CCC4C3CCC5(C)C4CCC5(O)C#C,-5.507000000000001,-4.8425035,-4.7806187,-4.37335,-4.3733497,-4.391241,-4.7574773,-4.3810525,-3.9598858,-4.491555,-4.768301,-4.463492,-4.4634905,-4.3929553,-4.9676075,-4.386809,-4.6331577,-5.199496,-3.6400568,-4.1646404,-4.164641,-4.119228,-4.1909823,-4.197335,-4.643741,-5.4165215,-4.909662,-5.126636,-5.1266356,-5.518182,-4.6476655,-5.6543183,-5.645293,-4.561377,-4.5506296,-4.367633,-4.367633,-4.4145455,-4.266548,-4.3467155,-4.036343,-4.5021005,-4.6015244,-4.9353385,-4.935338,-4.1394076,-4.8458395,-3.419271,-4.9073157,-4.8797817,-4.4880567,-4.5767,-4.5767007,-4.6976786,-4.7981563,-4.618431,-4.5910296,-4.816688,-4.6472363,-5.138129,-5.1381283,-5.1321597,-3.4680376,-5.2255387,-5.207143,-5.4657445,-5.466193,-5.534388,-5.534388,-5.4986296,-5.285355,-5.4622827,-5.459559
CCOC(=O)c1ccccc1,-2.32,-2.1578298,-2.6602678,-2.4086545,-2.4086545,-2.4394598,-2.7200909,-2.4512753,-1.8477646,-1.8668009,-2.1907928,-1.2446251,-1.2446256,-1.218066,-1.4795767,-1.2016356,-1.8077042,-2.1572175,-2.2474654,-2.3461878,-2.3461878,-2.348719,-2.244459,-2.3684273,-2.666512,-1.6621193,-1.9612907,-2.4512677,-2.4512687,-2.3910396,-1.830067,-2.452183,-2.2066822,-2.2271466,-2.3242435,-2.2182658,-2.2182655,-2.1928515,-2.2010128,-2.2177994,-1.5304462,-2.572496,-3.3296201,-3.597756,-3.597756,-3.5756388,-3.5685174,-3.4770212,-3.995913,-2.5250204,-2.6951253,-2.3040245,-2.3040242,-2.898929,-2.4714758,-2.3135624,-2.2124312,-1.9347931,-1.6313479,-2.0941138,-2.0941138,-2.1029038,-1.2675067,-2.29202,-2.0205283,-2.2474089,-2.0803952,-2.0540092,-2.0540092,-2.0889473,-1.9757866,-2.0175416,-2.2812023
Fc1cccc(Br)c1,-2.67,-2.5046353,-2.275266,-2.1323287,-2.1323287,-2.1536233,-2.442542,-2.1473608,-1.8603717,-2.4988658,-1.7050434,-1.9267496,-1.9267498,-1.9296219,-1.754049,-1.9004121,-1.8647443,-1.6767763,-1.4630612,-1.5354891,-1.5354892,-1.5374141,-1.4478151,-1.5542126,-1.955468,-1.7700684,-1.9829787,-2.652103,-2.6521034,-2.5892732,-1.9354007,-2.5748687,-2.0964797,-2.583981,-1.8657576,-1.7402464,-1.7402465,-1.7284546,-1.6830664,-1.7211233,-1.8728617,-2.7037308,-2.2596765,-2.355992,-2.3559918,-2.285533,-2.345002,-2.5035026,-2.314187,-1.3197391,-1.9110059,-0.8253429,-0.8253425,-1.7333833,-1.0405978,-0.89723665,-0.96425164,-2.5496328,-2.1598625,-2.2617624,-2.2617624,-2.2625346,-2.03132,-2.258675,-2.1014194,-2.656876,-3.6685243,-3.4799497,-3.4799495,-3.4753594,-3.2512794,-3.2495832,-2.9409654
Clc1cccc(c1Cl)c2cccc(Cl)c2Cl,-7.28,-4.416393,-3.9117796,-3.732291,-3.732291,-3.7496438,-4.0763516,-3.770048,-3.6156092,-6.7608957,-6.4543786,-6.732769,-6.732769,-6.6796265,-6.396112,-6.651264,-6.9422274,-6.538209,-5.1964636,-5.186333,-5.186333,-5.1943974,-5.218294,-5.1644073,-6.576823,-6.8904448,-6.042131,-6.8808994,-6.8809004,-6.707155,-5.50083,-6.849375,-6.6923394,-7.430288,-5.6656,-6.109786,-6.1097856,-6.1785173,-6.2706914,-6.2164435,-6.963384,-6.115406,-3.2772338,-3.5348883,-3.5348885,-3.5041988,-3.5565038,-3.4731216,-4.3346,-6.8711944,-6.0470133,-6.728578,-6.7285776,-6.2573385,-7.2287903,-7.0079994,-7.312992,-7.068466,-6.677328,-7.3066587,-7.3066583,-7.3217564,-5.893029,-7.3892508,-7.245888,-7.3091598,-6.8730283,-7.1668077,-7.166808,-7.1430626,-6.7905555,-7.2529125,-7.1984687
CCC,-1.94,-0.021968083,-1.0343583,-0.3291433,-0.32914272,-0.33020145,-0.51588666,-0.33799368,-0.089743175,-1.4215386,-0.29698154,-0.4537697,-0.45376998,-0.4504926,-0.45356706,-0.44743323,-0.79450625,-1.4940699,-1.0390414,-1.0741076,-1.0741075,-1.0749803,-1.0379765,-1.0864348,-0.97566706,-1.5686513,-0.6275734,-1.0194166,-1.0194137,-1.0063967,-0.66874427,-1.098397,-1.0623341,-1.3219094,-2.468878,-1.8337051,-1.8337052,-1.8998631,-1.6952786,-1.8465654,-1.3231552,0.18057835,-1.330611,-0.95305836,-0.95305836,-0.99513394,-0.8682582,-0.99030167,-0.53277224,-2.053591,-2.7458928,-1.7810893,-1.7810886,-2.0021546,-1.8961084,-1.8766664,-2.180343,-1.6542635,-0.39973208,-0.7734191,-0.7734192,-0.78752285,-0.24922547,-0.79915196,-0.685732,-1.9695027,-1.2620469,-1.1414776,-1.1414776,-1.1372709,-1.4749858,-1.4605795,-2.3979042
COc1cccc(Cl)c1,-2.78,-2.6134865,-2.391041,-2.2138147,-2.213815,-2.2273536,-2.4794838,-2.240084,-2.080254,-1.9157879,-2.2575464,-1.5940479,-1.5940475,-1.5827461,-1.6241323,-1.5560975,-2.0907922,-2.32088,-1.8156384,-1.8731846,-1.8731844,-1.8773519,-1.8486389,-1.8882977,-1.649269,-1.7853432,-1.8181915,-2.6779819,-2.677982,-2.5719876,-1.8243426,-2.5861351,-2.1154296,-2.5430827,-1.9042172,-2.015536,-2.0155358,-2.0170147,-1.917135,-2.0418875,-1.921544,-2.1969905,-2.4581528,-2.5412211,-2.5412211,-2.4985888,-2.5568392,-2.4874291,-2.39553,-1.948787,-0.5424661,-1.4325638,-1.4325641,-0.8414597,-1.5360112,-1.4816058,-1.2222831,-2.4001408,-2.0144486,-2.5694222,-2.5694227,-2.5891576,-1.7112114,-2.6036363,-2.0790946,-2.830122,-2.8282824,-2.7348871,-2.7348871,-2.7472384,-2.7835183,-2.8052697,-2.8765023
CCSC(=O)N(CC(C)C)CC(C)C,-3.68,-3.1598518,-3.6270173,-3.219257,-3.2192574,-3.2076275,-3.4668663,-3.206519,-2.4762902,-2.5336015,-2.5163145,-2.7257621,-2.7257614,-2.740085,-2.978116,-2.721808,-2.7980149,-3.3907237,-3.9423187,-3.7993097,-3.79931,-3.784738,-3.8590138,-3.7887254,-3.681524,-3.8836694,-3.3451877,-4.139824,-4.1398234,-4.2795153,-3.4054124,-4.313922,-4.0396147,-2.5581696,-3.5731099,-3.4174128,-3.4174125,-3.3990371,-3.447638,-3.3590987,-2.683989,-2.924583,-3.2188084,-3.6042848,-3.604285,-3.5641994,-3.6391702,-3.570654,-4.0972137,-3.1979334,-4.163198,-3.125922,-3.1259222,-3.919991,-3.5023527,-3.1959913,-3.051688,-3.0170262,-2.3022714,-3.296,-3.2959995,-3.3888154,-1.9961733,-3.390293,-3.8582172,-3.3746343,-3.4353638,-3.1450932,-3.1450932,-3.1879182,-3.547398,-3.572678,-3.618976
CCCCCO,-0.6,-1.8321447,-1.8906916,-1.602412,-1.602412,-1.6270049,-1.9095845,-1.6197363,-1.3685331,-0.45193452,-1.1074053,-1.1739631,-1.1739631,-1.1611669,-1.0969046,-1.1200919,-1.3989135,-0.61017776,-1.3395625,-1.3938168,-1.3938168,-1.395238,-1.2852443,-1.4153942,-0.5716024,-0.5958982,-1.0490391,-1.3572737,-1.3572737,-1.3251638,-1.1423314,-1.4566157,-1.5371677,-1.0561953,-1.883495,-1.6745638,-1.6745638,-1.6975834,-1.509212,-1.642662,-1.57086,-1.4373908,-2.2196367,-2.0111125,-2.0111125,-1.9425759,-2.007629,-1.9718121,-1.5900607,-0.6415919,-1.631513,-0.3171209,-0.31712085,-1.5677698,-0.5779309,-0.3481465,-0.63572687,-0.40371338,-0.59152704,-1.0043331,-1.0043329,-0.8240669,-0.37386063,-0.93204564,-0.83840966,-0.5767655,-0.60252136,-0.34861466,-0.34861463,-0.34163198,-0.67685944,-0.55558217,-0.7558254
O=C1NC(=O)C(=O)N1 ,-0.4,-1.0268106,-2.0547695,-1.8097165,-1.8097162,-1.813976,-1.9565345,-1.8180356,-1.0478226,-0.5428742,0.18866196,-0.51507485,-0.5150755,-0.5099637,-0.63150615,-0.48256862,0.059028573,-0.9708972,-1.19814,-1.1850361,-1.1850361,-1.1865087,-1.1962501,-1.2034318,-1.090019,-0.6471944,0.11271721,-0.83560205,-0.8356004,-0.6961131,0.056561526,-0.7425219,-0.30563882,-0.8392356,-2.3121588,-1.7687374,-1.7687374,-1.7491443,-1.9772563,-1.5619315,-0.089604124,-0.9403227,-2.0094337,-2.0440388,-2.0440388,-2.0202246,-2.03344,-2.1487772,-1.4827296,-0.56235486,-3.0277483,-0.57265663,-0.57265663,-2.6045005,-0.8314749,-0.52491266,-0.71039635,-0.3788353,0.024883134,-0.32476366,-0.32476372,-0.32200557,0.12222052,-0.31707078,-0.2746167,-0.32388604,-0.15163307,-0.2256332,-0.22563317,-0.22612855,-0.1467016,-0.12290614,0.26582158
CCN(CC)c1c(cc(c(N)c1N(=O)=O)C(F)(F)F)N(=O)=O,-5.47,-5.020731,-4.3194685,-3.9688315,-3.9688315,-3.9313655,-4.2605104,-3.8812456,-4.027903,-4.850709,-1.4987988,-2.7831693,-2.7831688,-2.7238224,-2.266732,-2.7070124,-2.499758,-5.428681,-4.072235,-3.5829113,-3.5829113,-3.5952265,-4.098284,-3.5093803,-2.664822,-4.971889,-4.1464257,-4.8959436,-4.895944,-5.0154457,-4.034117,-4.856201,-4.2173924,-4.0475636,-3.8374553,-3.6068418,-3.6068416,-3.6036491,-3.598178,-3.6346314,-3.799997,-3.9756951,-2.9357316,-2.998065,-2.9980652,-2.745193,-3.061661,-2.898458,-3.2685757,-2.6618974,-2.7680438,-2.022333,-2.0223327,-2.3714972,-1.7933502,-2.0179858,-1.9287801,-5.194255,-3.1844792,-4.637827,-4.637826,-4.5938125,-2.596201,-4.5746202,-3.3944101,-5.4941807,-4.0077634,-3.9948928,-3.9948928,-3.9556456,-3.6037638,-3.4966407,-4.96234
ClC(=C(Cl)Cl)Cl,-2.54,-2.1415215,-2.3348992,-2.331374,-2.3313737,-2.3206542,-2.5568738,-2.3396904,-1.6613686,-2.8228953,-2.3185406,-2.4664624,-2.466463,-2.4661305,-2.5146813,-2.458317,-2.4208512,-2.7078028,-1.2038444,-1.1821879,-1.1821879,-1.1859237,-1.3874046,-1.1958362,-2.255795,-2.1463783,-2.1244435,-2.9937563,-2.9937565,-2.91523,-2.272591,-2.9783895,-2.5848908,-3.148555,-4.975496,-3.7091105,-3.7091107,-3.6961753,-4.290418,-3.4993603,-2.9218197,-1.6671089,-1.6095878,-1.4064062,-1.406406,-1.4130998,-1.4587697,-1.4105201,-1.2794709,-2.1332257,-2.4929192,-1.7300621,-1.7300613,-2.6685152,-2.3823419,-1.8413613,-2.187939,-2.4531865,-2.5223026,-2.4032886,-2.4032886,-2.4080536,-2.0480654,-2.4008417,-2.7449286,-2.912796,-2.002365,-1.843812,-1.8438118,-1.8339846,-2.2798905,-2.3088918,-2.6584902
O=C1NC(=O)NC(=O)C1(CC)CC=C,-1.614,-2.2748218,-2.9099164,-2.9230292,-2.9230292,-2.9637878,-3.495856,-3.1479576,-2.2895494,-1.9586977,-1.6254809,-1.4095247,-1.4095249,-1.3958073,-1.4202985,-1.3838737,-2.2239125,-2.1133533,-3.0009494,-2.8719375,-2.8719373,-2.8750775,-2.9612062,-2.860149,-1.7612273,-1.7486324,-1.001877,-1.600536,-1.6005352,-1.586198,-1.1562587,-1.6927904,-1.5423573,-1.720151,-2.774807,-2.606637,-2.606637,-2.6278706,-2.757885,-2.5749457,-2.0618737,-1.9907948,-2.5313737,-2.770918,-2.770918,-2.7299259,-2.8033178,-2.7299962,-2.9212244,-2.2988913,-1.9765999,-1.8742707,-1.8742704,-2.0046325,-2.1121845,-1.9837161,-2.046081,-1.8628731,-1.4189523,-1.9419953,-1.941995,-1.9621866,-0.89214724,-2.0051415,-1.6821977,-1.5742806,-1.6663146,-1.8089036,-1.8089037,-1.7946731,-1.6263528,-1.5298911,-1.590935
CC2Nc1cc(Cl)c(cc1C(=O)N2c3ccccc3C)S(N)(=O)=O ,-3.78,-4.918744,-5.1896267,-4.7425547,-4.7425547,-4.77904,-5.1911683,-4.825842,-4.261714,-4.424638,-3.9167473,-4.2112503,-4.2112503,-4.201686,-4.536053,-4.271062,-4.131776,-3.6687157,-5.1392074,-5.069241,-5.069241,-5.002978,-5.2718573,-5.4142118,-3.82308,-4.6026716,-4.8166614,-5.5165887,-5.5165887,-5.3937216,-4.8234015,-5.5824637,-4.6913958,-5.0480623,-4.8685384,-4.653686,-4.6536856,-4.689626,-4.4926014,-4.7591567,-4.6495285,-4.8480506,-4.6796575,-4.791963,-4.791963,-4.633913,-4.687707,-4.687086,-4.9776683,-4.1911736,-4.0661416,-3.449975,-3.4499753,-3.5786276,-3.4948218,-3.3546703,-3.1799078,-4.130605,-4.0394015,-4.560834,-4.560834,-4.5165906,-3.224587,-4.565511,-4.854887,-3.7207253,-3.772852,-3.718562,-3.718562,-3.729622,-3.6402848,-3.5990071,-3.6795475
CCCCC(CC)COC(=O)c1ccccc1C(=O)OCC(CC)CCCC,-6.96,-5.598665,-7.541563,-6.670972,-6.6709723,-6.684311,-6.9961076,-6.6111865,-5.137844,-5.142536,-4.913763,-5.846117,-5.846116,-5.772626,-6.35179,-5.8136826,-6.5741577,-6.461084,-6.825766,-6.891427,-6.8914275,-7.2567534,-7.6936893,-6.633011,-7.1993337,-6.252683,-6.8206882,-6.817248,-6.8172483,-7.195421,-6.4065537,-7.0394483,-7.4533854,-4.803048,-7.869804,-7.2175183,-7.217518,-7.1607366,-6.946042,-7.2631183,-5.550495,-5.1026645,-6.440479,-6.2606435,-6.260644,-6.082356,-6.2708893,-6.4304047,-5.542304,-6.5714483,-7.422232,-6.414428,-6.4144278,-6.881412,-6.830719,-6.5475907,-6.2829986,-5.5638947,-6.673006,-7.190198,-7.190197,-7.189606,-5.8183317,-7.3787513,-7.2301474,-6.424867,-6.9756517,-6.9705515,-6.9705505,-6.992978,-6.780635,-6.867611,-6.8674607
CCC(=C)C,-2.73,-0.8382613,-1.683917,-1.0293456,-1.0293453,-1.0308237,-1.1595168,-1.0325739,-0.58226913,-1.3987834,-1.0907135,-0.91990966,-0.91991025,-0.91315407,-0.9614108,-0.878588,-1.4654332,-1.9417579,-1.2464067,-1.324763,-1.324763,-1.3250003,-1.2339026,-1.3460023,-1.1209782,-2.0994048,-0.6331432,-1.3338671,-1.3338668,-1.2906972,-0.78237945,-1.4193027,-1.2197276,-0.8626973,-1.5057222,-1.0984693,-1.0984694,-1.1124674,-1.0357482,-1.0891517,-0.7282308,-0.7833341,-1.7156515,-1.5394081,-1.5394082,-1.5528231,-1.5030409,-1.5395737,-1.0044101,-2.4738765,-3.642413,-2.0130305,-2.01303,-3.0610857,-2.3788176,-2.083613,-2.419555,-1.9417484,-1.0074868,-1.3448589,-1.3448585,-1.3611825,-0.8357218,-1.3551025,-1.1822299,-2.555255,-2.9402862,-2.8883846,-2.8883846,-2.8943594,-2.9902205,-2.9642525,-3.1891394
Clc1cc(Cl)cc(Cl)c1,-4.48,-3.898021,-2.900965,-3.062576,-3.0625758,-3.0419316,-3.415051,-3.076293,-3.470056,-3.8209267,-2.7413867,-3.3741965,-3.3741958,-3.378113,-3.1904814,-3.357817,-3.4838736,-4.3540444,-2.8189142,-2.8264644,-2.8264644,-2.8312209,-2.8448505,-2.8500519,-3.875501,-3.5672977,-3.2433357,-4.302414,-4.3024135,-4.157685,-3.0402226,-4.2264824,-3.5136688,-3.5692627,-2.8719761,-3.3878033,-3.3878033,-3.3617766,-3.6835222,-3.078638,-2.4601116,-3.5408921,-2.4918537,-2.7273164,-2.7273164,-2.659402,-2.756148,-2.8523946,-2.739607,-4.417362,-2.2509954,-3.559605,-3.5596051,-2.1692605,-3.7161822,-3.583971,-3.608417,-4.264529,-4.1219015,-3.861033,-3.861033,-3.8542857,-3.3865716,-3.8373103,-4.4340596,-4.459435,-3.7239046,-3.7474926,-3.7474923,-3.7485669,-3.8528352,-3.7658172,-4.0158772
ClCCCCl,-1.62,-2.1705275,-1.5183713,-1.0541427,-1.0541426,-1.0041935,-1.3506472,-0.94224787,-1.4832637,-1.8607655,-0.8982955,-1.2137973,-1.2137975,-1.2179688,-1.0208331,-1.198658,-1.1454746,-1.1703453,-1.0858766,-1.116574,-1.116574,-1.1185716,-1.1072389,-1.1230007,-1.4201636,-1.4652786,-1.1938357,-1.819541,-1.8195398,-1.7031419,-1.1649309,-1.7850424,-1.4801041,-1.7925749,-2.345649,-1.873284,-1.8732837,-1.8377382,-1.6965141,-1.8313304,-2.0189948,-1.0392051,-1.5638317,-1.3559682,-1.3559682,-1.3594999,-1.3249573,-1.3723778,-0.9370593,-1.8848978,-1.9805148,-1.726313,-1.726313,-1.6659142,-2.2008877,-1.8751268,-1.7836511,-1.6559918,-1.5288447,-1.7555785,-1.7555786,-1.7683935,-1.2016555,-1.8025686,-1.7098441,-1.8130506,-2.288546,-2.4856522,-2.4856524,-2.47594,-2.0704226,-2.2035384,-1.8527994
FC(F)(F)c1cccc(c1)N2CC(CCl)C(Cl)C2=O,-4.047,-5.8556037,-4.5485325,-4.455059,-4.455058,-4.474988,-4.8821983,-4.514524,-4.716532,-4.510764,-1.6605538,-3.434004,-3.4340043,-3.3471758,-3.2862875,-3.3218634,-2.582428,-4.1051803,-4.637184,-4.519874,-4.5198736,-4.6107473,-4.6760044,-4.3069096,-4.578208,-4.537024,-4.448279,-5.1550665,-5.155066,-4.9501867,-4.052318,-4.841333,-5.0294256,-5.2478666,-3.8592546,-3.6886995,-3.6886997,-3.7048197,-3.697071,-3.6921132,-5.3191085,-4.219468,-3.5491602,-3.434766,-3.434766,-3.178381,-3.4291472,-3.1229258,-3.5002296,-3.3689048,-3.9280798,-3.8348267,-3.8348267,-4.2731457,-4.3160596,-4.0307703,-4.0832343,-4.27407,-4.181871,-4.997422,-4.9974213,-4.9341216,-3.18839,-4.9151487,-5.4984264,-4.0441184,-4.978409,-4.7510395,-4.75104,-4.8282375,-4.893705,-4.135442,-5.233581
c1ccc2cnccc2c1,-1.45,-1.8364252,-2.207765,-2.011753,-2.011753,-2.0198185,-2.2263894,-2.0258238,-1.5501857,-1.9576101,-2.6285768,-2.4068727,-2.4068725,-2.4023292,-2.444325,-2.350528,-2.5751944,-1.8575519,-1.6511955,-1.8155345,-1.8155342,-1.8166342,-1.7110525,-1.8407291,-1.7689118,-1.8940006,-2.4999218,-3.3009484,-3.3009467,-3.186483,-2.4432456,-3.2578185,-2.4459522,-1.9048954,-1.7914661,-1.8895093,-1.8895096,-1.8808905,-1.8037204,-1.8714851,-1.5669141,-1.6659721,-2.2788534,-2.3230734,-2.3230734,-2.3057473,-2.3269022,-2.2940173,-2.021609,-1.3483918,-2.5505977,-1.0988984,-1.0988983,-2.254894,-1.45398,-1.1533589,-1.1865302,-1.81696,-2.5710204,-2.8001375,-2.8001375,-2.7992747,-2.5877876,-2.8225288,-2.6322665,-1.3755856,-1.2957562,-1.2214963,-1.2214962,-1.2288313,-1.3370892,-1.3834084,-1.4416354
Sc1ccccc1,-2.12,-0.7463232,-2.0638103,-1.649896,-1.6498957,-1.6730809,-1.8123553,-1.6729624,-1.0062822,-1.8297701,-1.943711,-1.5764332,-1.5764328,-1.5751019,-1.5656036,-1.5400977,-1.8358259,-1.7369314,-1.4340928,-1.5433472,-1.5433471,-1.5447586,-1.502303,-1.5629586,-1.7779658,-1.6144216,-1.9818472,-2.6995292,-2.699529,-2.5729773,-1.9658837,-2.6473095,-2.0862057,-2.6016245,-1.7690142,-1.6189632,-1.6189635,-1.6212159,-1.5852091,-1.6446134,-2.3769186,-1.4865986,-2.0508573,-2.0243025,-2.0243027,-1.9914848,-2.002589,-2.0900457,-1.7574862,-2.4188938,-2.5486424,-1.809113,-1.8091133,-2.6277938,-2.2125213,-1.7516991,-1.9412332,-2.091678,-0.8804314,-1.8523608,-1.8523607,-1.8700728,-0.8019665,-1.8665845,-1.9190615,-2.0766406,-1.9932209,-2.0000918,-2.0000918,-1.9957489,-2.0227158,-2.0469656,-1.8990133
CON(C)C(=O)Nc1ccc(Cl)c(Cl)c1,-3.592,-3.961862,-3.8301919,-3.6464026,-3.6464024,-3.674254,-4.0851817,-3.6961343,-3.2961533,-3.1966658,-3.2263625,-2.6993928,-2.699393,-2.6759927,-2.9696407,-2.6941473,-2.9251413,-3.1459846,-3.7510703,-3.5263445,-3.5263443,-3.5318542,-3.5328627,-3.5386128,-2.8378732,-3.1175656,-2.5749419,-3.5353246,-3.5353253,-3.3213866,-2.390068,-3.5520043,-3.0478652,-4.829305,-3.4968593,-3.4882326,-3.4882329,-3.5345094,-3.367474,-3.5843813,-4.654574,-3.6421177,-3.6650429,-3.7730687,-3.7730687,-3.5612636,-3.782203,-3.651641,-4.1369095,-3.1247506,-3.3189778,-2.3728826,-2.3728824,-3.0750823,-2.926482,-2.4484322,-2.6161242,-3.028878,-2.394208,-3.1283274,-3.1283271,-3.1304688,-2.0116959,-3.1787088,-3.3284771,-3.896906,-3.8385553,-3.7204182,-3.7204182,-3.7200046,-3.5562267,-3.6681652,-3.6219473
Oc1ccc(Cl)cc1,-0.7,-1.9369732,-2.1488018,-2.0352848,-2.035285,-2.0639286,-2.3615599,-2.0433753,-1.6656139,-1.4822803,-1.5998604,-1.3324069,-1.3324068,-1.3339983,-1.3084434,-1.2991982,-1.4877746,-1.2311637,-1.7086258,-1.7596654,-1.7596653,-1.7615318,-1.691882,-1.7815648,-1.2956862,-0.93455917,-1.2903727,-1.939742,-1.9397427,-1.8409845,-1.363098,-1.8755105,-1.6348542,-1.8540018,-1.6964372,-1.5826418,-1.5826418,-1.5890633,-1.5482492,-1.5605513,-1.2174306,-1.2683077,-2.8345666,-2.9639091,-2.9639094,-2.940707,-2.947993,-3.0621662,-2.4422255,-1.2875545,-0.5307999,-0.609955,-0.60995567,-0.9577312,-0.77196425,-0.65366066,-0.5774299,-0.9546505,-1.0985526,-1.4422764,-1.4422762,-1.4618284,-1.0756727,-1.4692307,-1.1131405,-0.73523843,-0.82146823,-0.94286364,-0.94286364,-0.9419253,-0.8595135,-0.8459946,-0.9791645
CCCC(O)C=C,-0.59,-1.7048851,-2.0698142,-1.5468886,-1.5468882,-1.5574518,-1.7680727,-1.5503547,-1.1134775,-0.2379097,-1.2590744,-1.3455449,-1.345545,-1.3282647,-1.2782732,-1.2836049,-1.7270093,-0.4225642,-1.5003816,-1.5391809,-1.5391808,-1.5399215,-1.474116,-1.5651102,-0.7035452,-0.41532174,-0.7700648,-1.2619427,-1.2619429,-1.2178533,-0.83428437,-1.3575313,-1.3333018,-1.6484884,-2.0102563,-1.8556768,-1.8556769,-1.8732327,-1.7937156,-1.8005276,-1.4423966,-1.651562,-2.3514771,-2.3890338,-2.3890336,-2.355533,-2.3843405,-2.4014542,-2.226633,-1.1513691,-1.575679,-0.66680425,-0.6668042,-1.4465536,-0.8320372,-0.6225423,-0.90061814,-0.61209774,-0.33408073,-0.7511874,-0.75118726,-0.7780856,-0.103947274,-0.786668,-0.6009198,-0.68090594,-0.06672198,-0.21856824,-0.2185682,-0.17207783,-0.35194227,-0.1594922,-0.58615303
CSCS(=O)CC(CO)NC(=O)C=Cc1c(C)[nH]c(=O)[nH]c1=O,-1.981,-5.466242,-6.05811,-5.6349425,-5.634943,-5.404371,-5.360745,-4.9907775,-5.2541084,-2.3836713,-4.205577,-2.6598737,-2.6598742,-2.5450485,-3.3078778,-2.6213713,-2.817987,-2.341681,-4.5582495,-3.9577303,-3.95773,-3.9169877,-4.572903,-3.727573,-2.1793365,-3.481355,-2.772286,-3.3408446,-3.3408446,-3.2652771,-2.3348453,-3.343684,-2.9188604,-4.8966026,-5.9438443,-5.524953,-5.524953,-5.2744536,-5.498079,-4.8967867,-4.344562,-4.5449057,-5.2076015,-5.454374,-5.454374,-3.5854778,-5.681713,-5.1136904,-5.0505643,-3.6274452,-4.6489506,-3.1238232,-3.1238236,-3.6247158,-2.717493,-2.652485,-3.2170687,-2.126646,-2.9886534,-3.3229413,-3.3229413,-3.2079625,-2.5560138,-3.3494372,-2.8615682,-2.4478192,-2.0018806,-1.9754539,-1.9754541,-2.0036373,-1.8565795,-2.0073664,-1.6097302
CCCSCCC,-2.58,-2.0532708,-2.3905125,-2.0014982,-2.0014982,-2.0120993,-2.2719615,-1.9930954,-1.3508252,-2.6770587,-1.6909616,-2.2643046,-2.2643046,-2.2537353,-2.1394482,-2.2412136,-1.8457597,-3.0221028,-1.8417113,-1.9862744,-1.9862744,-1.9876207,-1.8961185,-1.9980522,-3.0413575,-3.4790883,-2.346683,-3.100679,-3.100678,-3.0749881,-2.315378,-3.283849,-2.616221,-2.4056072,-2.4178355,-2.222367,-2.2223668,-2.243326,-2.1683042,-2.2063625,-1.952057,-1.6138656,-2.8147173,-2.6993344,-2.6993346,-2.4872487,-2.6745832,-2.489184,-2.5474458,-2.547125,-5.0149593,-2.9396355,-2.9396358,-5.1967554,-3.4614718,-2.7717052,-3.0970478,-3.0847697,-2.518144,-3.404845,-3.404845,-3.4714653,-2.1054952,-3.4323468,-2.9270658,-2.7171044,-3.8263783,-3.7016041,-3.7016044,-3.7645156,-3.573473,-3.1173186,-3.1291156
CC(C)(C)C(=O)C(Oc1ccc(Cl)cc1)n2cncn2,-3.61,-4.394241,-4.41633,-4.02506,-4.02506,-4.0420256,-4.395143,-4.0575237,-3.56821,-3.278057,-3.3876462,-3.2755818,-3.2755806,-3.2420843,-3.626052,-3.2633438,-3.3829405,-3.7843006,-4.7528906,-4.404411,-4.404411,-4.387958,-4.5759153,-4.4386106,-3.5021787,-3.425962,-3.9454393,-4.6729093,-4.6729097,-4.538625,-3.479883,-4.7015533,-4.432764,-3.9238021,-4.02829,-3.8712656,-3.8712654,-3.8948681,-3.7641294,-3.9184725,-3.577842,-3.71835,-3.8263416,-3.819663,-3.8196628,-3.299131,-3.7609458,-3.1886854,-3.741836,-3.8742752,-3.063771,-3.3995228,-3.3995233,-3.1811998,-3.6355515,-3.5263536,-3.3905466,-3.646717,-3.0230598,-3.9182615,-3.91826,-3.9130616,-2.3035927,-3.8713696,-4.0150075,-3.6083882,-4.2731075,-3.6945333,-3.694533,-3.778567,-3.5790498,-3.6377935,-5.0878735
Cc1occc1C(=O)Nc2ccccc2,-3.3,-3.5530663,-3.280516,-3.2101324,-3.2101321,-3.2448845,-3.6626902,-3.2765372,-2.8304644,-2.6814978,-3.261584,-2.4628015,-2.4628015,-2.446666,-2.7678778,-2.449047,-2.845265,-2.4971159,-2.974775,-2.9198887,-2.9198883,-2.9179342,-3.0040474,-2.9419055,-2.4918723,-2.5363533,-3.263659,-3.737362,-3.7373607,-3.701553,-3.022084,-3.8054433,-3.2032108,-3.142715,-2.8549387,-2.7064846,-2.7064843,-2.7458155,-2.6654215,-2.7579296,-2.9124603,-4.286236,-3.8617873,-4.2658954,-4.265895,-4.258079,-4.220002,-4.1410027,-4.907244,-2.9775424,-2.6479068,-2.874575,-2.8745751,-2.8946114,-3.0244908,-2.8810067,-2.704053,-2.1338222,-2.730905,-3.3533654,-3.3533654,-3.4391706,-2.1995013,-3.4211237,-3.2139168,-3.2703462,-3.4692163,-3.6029046,-3.6029046,-3.6255999,-3.4377818,-3.414427,-3.2496188
CC5(C)OC4CC3C2CCC1=CC(=O)C=CC1(C)C2(F)C(O)CC3(C)C4(O5)C(=O)CO ,-4.31,-5.593618,-5.8592744,-5.3535824,-5.353582,-5.3649955,-5.7066455,-5.346317,-4.6968613,-3.8665454,-4.2007117,-3.302908,-3.3029072,-3.2725582,-3.7846212,-3.2923129,-3.626199,-4.139517,-2.967714,-3.398596,-3.3985963,-3.3696048,-3.1173413,-3.4603262,-4.406378,-4.4874525,-3.2577763,-4.1420794,-4.14208,-3.9831412,-3.1866243,-4.3605323,-4.638685,-4.7876544,-5.2139654,-4.932137,-4.932137,-4.9237432,-4.860532,-4.9637733,-4.296374,-4.5800734,-4.381489,-4.404692,-4.4046926,-4.067885,-4.398593,-4.278168,-4.608543,-4.5399065,-4.2428975,-4.1349735,-4.134974,-4.20485,-4.474116,-4.2882056,-4.1170793,-4.328938,-4.169027,-4.7107363,-4.7107363,-4.711593,-3.2730536,-4.692179,-4.547296,-4.2745843,-4.3445983,-4.2705693,-4.27057,-4.2815304,-4.175342,-4.1154594,-4.147854
CC(C)N(C(=O)CCl)c1ccccc1 ,-2.48,-2.6810956,-3.0833147,-2.6733263,-2.6733258,-2.6540656,-2.9908543,-2.6256793,-2.4561775,-2.6391046,-3.0961144,-3.097178,-3.097177,-3.0483255,-3.1071732,-3.0081315,-3.229745,-2.4537811,-3.597317,-3.4663556,-3.4663558,-3.4637263,-3.5002153,-3.468296,-3.0291157,-2.834592,-2.9532096,-3.6511834,-3.6511834,-3.4525669,-2.6625304,-3.5550778,-3.236757,-2.6099129,-3.1135347,-2.9080927,-2.9080927,-2.8817232,-2.86322,-2.7859914,-2.3449678,-2.4141917,-2.5544848,-2.4080157,-2.4080157,-2.17267,-2.4549246,-2.2430112,-2.3192666,-2.369995,-3.1522129,-2.137699,-2.1376991,-2.9656763,-2.4566405,-2.0990098,-2.2201118,-2.1041284,-3.007708,-3.5243406,-3.5243409,-3.5426,-2.3690088,-3.5150366,-2.997486,-2.4331021,-2.9294372,-2.8113651,-2.8113651,-2.7641487,-2.5764103,-2.528079,-2.3795002
ClC(Cl)(Cl)Cl,-2.31,-2.4876952,-1.4662495,-3.1607444,-3.1607447,-3.1311893,-3.3158178,-3.018769,-1.8518403,-2.392634,-1.4506767,-2.1279683,-2.127969,-2.1181107,-1.9628805,-2.119505,-2.6218119,-2.25715,-1.1127187,-1.0696381,-1.0696384,-1.0733032,-1.2348253,-1.0822369,-2.1716378,-2.1952593,-1.7939428,-2.937087,-2.9370863,-2.8739736,-1.946857,-2.8234315,-2.3201709,-2.1296787,-2.1169765,-2.0804927,-2.080493,-2.115159,-2.144137,-1.8643447,-2.7150228,-2.3678215,-1.2175801,-0.898081,-0.8980811,-0.8954021,-0.97959363,-0.8892556,-2.6597505,-2.6912088,-1.1217144,-2.3777173,-2.3777175,-1.7808169,-2.6690125,-2.4719336,-2.038607,-2.19144,-2.1793098,-2.4313073,-2.4313073,-2.4449954,-2.0202959,-2.4581614,-2.2442915,-2.582796,-2.2790515,-2.1944656,-2.1944654,-2.169077,-2.5821567,-2.605476,-2.4489179
CC34CCC1C(CCc2cc(O)ccc12)C3CCC4(O)C#C ,-4.3,-4.4098663,-4.2104197,-3.928704,-3.928704,-3.959629,-4.359697,-3.9837627,-3.8215294,-4.299738,-4.6573896,-4.519957,-4.5199556,-4.434209,-4.940488,-4.427123,-4.643582,-4.2941666,-3.7290485,-3.9176333,-3.917633,-3.8780856,-4.1563616,-3.986246,-4.053147,-4.8440886,-3.8602035,-4.379214,-4.3792143,-4.0143957,-3.3450692,-4.406718,-4.693184,-4.215827,-3.8741949,-3.7148724,-3.7148724,-3.7534206,-3.62964,-3.7857273,-3.837715,-4.0894213,-4.276946,-3.704764,-3.7047641,-3.608788,-3.5944006,-3.7781353,-3.595513,-4.321294,-3.9677396,-4.3925824,-4.392582,-4.5997715,-4.657801,-4.5032983,-4.0893083,-4.87096,-4.4994836,-5.2779503,-5.27795,-5.2560983,-3.556132,-5.3247104,-5.280778,-4.2752843,-4.2575808,-4.220504,-4.2205033,-4.275078,-4.102549,-4.2890797,-4.289412
Oc1c(Br)cc(C#N)cc1Br ,-3.33,-5.956872,-3.3420007,-3.4411223,-3.4411228,-3.4233608,-3.878832,-3.4693882,-5.4096456,-3.881923,-3.863519,-4.1924233,-4.1924233,-4.1888185,-4.128327,-4.1601324,-5.1066957,-2.6697488,-2.1145942,-2.0845866,-2.0845866,-2.0876198,-1.9806911,-2.105782,-2.5292335,-3.2757106,-2.8265572,-3.6215358,-3.621535,-3.5930994,-2.5379367,-3.5473218,-2.9364216,-3.9011753,-2.573938,-2.9495764,-2.9495764,-2.949586,-3.0216687,-2.8291862,-2.6447275,-2.4211102,-2.9592304,-3.291954,-3.291954,-3.2167082,-3.2782276,-3.3905563,-3.8309824,-1.8306538,-0.8954535,-1.1520457,-1.1520474,-1.337418,-1.3175578,-1.2266601,-1.047825,-2.9239838,-2.8994803,-3.4366088,-3.4366088,-3.4493217,-2.7796009,-3.4701571,-3.3519583,-3.3331642,-2.8618565,-2.8270562,-2.827056,-2.8219385,-2.770444,-2.9762645,-2.8966315
CCCOC,-0.39,-1.0111964,-1.643501,-1.1861627,-1.1861627,-1.208268,-1.4202377,-1.1991484,-0.7133714,-0.3423049,-0.6691913,-0.10752104,-0.10752098,-0.09442268,-0.11178699,-0.059698105,-0.9148876,-0.108525395,-1.096852,-1.0901185,-1.0901186,-1.090811,-0.9922316,-1.1137658,-0.36272287,-0.31538075,-0.24046953,-0.54913497,-0.5491344,-0.47655722,-0.16616428,-0.49434206,-0.7100271,-0.74387515,-1.7172552,-1.5079131,-1.5079131,-1.4679676,-1.3549516,-1.4501907,-1.1056907,-0.837557,-1.914315,-1.7022645,-1.7022645,-1.6699334,-1.6875776,-1.6833811,-1.302715,-0.36662394,-0.6490698,-0.083903134,-0.083903424,-0.42933458,-0.383907,-0.1161672,-0.22568469,-0.59442174,-0.5714111,-0.889064,-0.88906413,-0.90640783,-0.39249408,-0.93019766,-0.8176159,-0.39427266,-0.49236956,-0.50571,-0.50571,-0.5270988,-0.24170995,-0.22513413,-0.6103971
ClCC(C)C,-2.0,-1.0356089,-1.5568237,-0.9955205,-0.99552023,-1.0031815,-1.2477847,-1.0275503,-0.7409935,-1.541786,-0.71818495,-1.0926433,-1.092643,-1.090151,-1.0079035,-1.0738347,-1.1379117,-2.1326632,-1.2439021,-1.3512571,-1.3512571,-1.3524455,-1.2909167,-1.3636239,-1.7100815,-1.8467953,-1.2054075,-1.7721442,-1.7721441,-1.7650849,-1.2267108,-1.8878605,-1.6267453,-2.194078,-1.8159262,-1.4246839,-1.4246843,-1.3613876,-1.2917519,-1.4083534,-1.8108748,-2.3831167,-1.3490837,-1.1014107,-1.1014107,-1.0955417,-1.1284853,-1.1091386,-1.7213798,-2.158811,-2.1958916,-1.9648604,-1.9648606,-1.7575864,-2.233902,-2.0358815,-2.2039516,-1.7876394,-1.4651148,-1.9354095,-1.9354092,-1.9447703,-1.1817075,-1.9581957,-1.8887142,-2.24136,-2.0800056,-2.0215354,-2.0215352,-2.033547,-2.0238519,-2.0540218,-2.0239227
CCCCCCCCCCCCO,-4.8,-4.971419,-4.2396336,-4.1964025,-4.1964025,-4.2207146,-4.73068,-4.2463183,-3.5365686,-4.326894,-4.056995,-5.238848,-5.238847,-5.2310696,-5.7736897,-5.2756076,-4.3255367,-4.4507346,-3.7001834,-3.604231,-3.6042314,-3.6122108,-3.565516,-3.635425,-4.614988,-5.2678127,-5.1553607,-5.550423,-5.550423,-5.896035,-4.786836,-5.881054,-6.124868,-4.6659746,-4.112917,-3.9798915,-3.9798913,-4.070853,-4.0374107,-4.105452,-4.7625656,-5.1189046,-5.361866,-5.345819,-5.3458185,-5.2601657,-5.2704535,-5.0032773,-5.238246,-5.1292195,-5.4146094,-4.931103,-4.9311037,-5.498441,-4.7762976,-4.844006,-4.839569,-4.845051,-4.1434865,-5.308899,-5.308898,-5.407176,-3.5017855,-5.262838,-5.4730735,-4.9014325,-4.990263,-5.0437813,-5.0437813,-5.0083694,-4.734557,-4.861511,-4.8206773
Cc1ccccc1n3c(C)nc2ccccc2c3=O,-2.925,-3.414434,-3.5322502,-3.192808,-3.1928082,-3.2185755,-3.5678008,-3.2492638,-2.8875413,-3.4456677,-4.128105,-3.6841984,-3.684199,-3.635871,-4.0741277,-3.6391637,-4.126515,-2.8687305,-4.4894648,-4.4076486,-4.407649,-4.399721,-4.513974,-4.4022546,-3.6768725,-2.8750482,-3.6266742,-4.2435093,-4.2435102,-4.0888286,-3.323395,-4.072206,-3.336278,-2.9212713,-3.3658907,-3.0916896,-3.0916896,-3.1236002,-3.045032,-3.1099937,-2.3437872,-3.665324,-3.559784,-3.3687518,-3.368752,-3.3339343,-3.356991,-3.4136968,-3.5029526,-3.4570847,-4.141795,-3.6297433,-3.629743,-3.966984,-4.0505667,-3.7087212,-3.450912,-3.0149703,-3.4849248,-4.186426,-4.1864243,-4.1804905,-2.9405916,-4.2452974,-4.2150807,-2.9148927,-2.918859,-2.9261491,-2.9261496,-2.918448,-2.7958398,-2.9728303,-3.051153
CCN(Cc1c(F)cccc1Cl)c2c(cc(cc2N(=O)=O)C(F)(F)F)N(=O)=O,-6.78,-6.8667808,-5.758394,-5.442748,-5.4427476,-5.4345827,-5.8017282,-5.431833,-5.5268664,-6.560871,-2.7071028,-4.9812555,-4.9812555,-4.9100547,-5.5335803,-4.9016085,-5.221832,-6.8453674,-5.475545,-5.1619,-5.1619005,-5.164899,-5.7718916,-5.1552687,-6.390521,-6.364936,-6.2315164,-6.808055,-6.8080544,-6.8624315,-5.785237,-6.779615,-6.0742364,-4.706931,-4.767395,-4.625344,-4.625344,-4.6067376,-4.577733,-4.647874,-4.840507,-4.3352156,-4.1447506,-4.4645195,-4.4645195,-4.3271065,-4.3744707,-4.1797786,-4.719995,-3.7931972,-3.957723,-3.677377,-3.6773772,-4.0023575,-4.0015955,-3.777087,-4.302049,-6.9334993,-5.938912,-7.3226066,-7.322604,-7.338115,-5.7294226,-7.4846616,-7.0004506,-6.578495,-6.775264,-6.722699,-6.722698,-6.7161446,-6.673581,-6.514206,-6.814064
Cc1cccc(c1)N(=O)=O,-2.44,-2.30013,-2.372403,-2.1489096,-2.1489093,-2.1587489,-2.3799791,-2.1732862,-1.9043097,-1.9281994,-1.5435312,-1.1113636,-1.1113636,-1.1199656,-1.1288577,-1.1170669,-1.5033787,-2.116744,-1.8493679,-2.0259135,-2.0259137,-2.0280907,-1.9417757,-2.051609,-2.3918653,-1.7375824,-1.9505097,-2.6603985,-2.6603997,-2.5880527,-2.0464673,-2.6529167,-2.340603,-2.1582367,-1.7115952,-1.3724853,-1.3724853,-1.3839089,-1.2979801,-1.3692495,-1.4217474,-2.162044,-2.2688453,-2.2774532,-2.2774532,-2.251527,-2.2821572,-2.2714345,-2.0996873,-2.5026119,-2.2949767,-2.3256466,-2.3256466,-2.5702655,-2.4402394,-2.4672704,-2.2867377,-2.3692734,-1.3878547,-1.8048435,-1.8048435,-1.8149452,-0.91762817,-1.8444376,-1.3821781,-2.420736,-2.364781,-2.4660065,-2.4660065,-2.4488661,-2.4014091,-2.4691057,-2.449331
CCCO,0.62,-0.46621838,-1.2148774,-0.5743422,-0.574342,-0.5529101,-0.7796407,-0.5271751,-0.4515015,0.15281996,-0.3494901,0.08382361,0.08382363,0.08824797,-0.053315915,0.1183424,-0.69066155,0.40853912,-0.9087328,-0.8662194,-0.8662194,-0.86689335,-0.7650181,-0.88498044,0.09572423,0.6208435,-0.14671135,-0.27787346,-0.2778738,-0.2404165,-0.10450447,-0.26800814,-0.66086024,0.22518806,-1.4390438,-1.0572565,-1.0572566,-1.0128758,-0.8848214,-0.97016805,-0.823434,-0.07038179,-1.4812598,-1.1131456,-1.1131456,-1.1355808,-1.0490853,-1.1575752,-0.68961513,0.5165674,-0.471513,0.8453885,0.8453892,-0.25183785,0.69546026,0.86993617,0.26330847,0.51432717,0.49239248,0.5439978,0.5439974,0.5279463,0.7928963,0.54895043,0.40718284,0.5981307,0.32667464,0.49976057,0.49976063,0.44088107,0.56615865,0.4849006,0.23367526
OCC2OC(Oc1ccccc1CO)C(O)C(O)C2O,-0.85,-4.240814,-4.2701483,-3.965431,-3.9654307,-3.9706461,-4.317325,-4.014125,-3.5244558,-1.2326651,-2.0107362,-1.7102591,-1.7102588,-1.685503,-1.8824018,-1.6949809,-2.0177824,-0.8162676,-2.078441,-1.9015042,-1.9015042,-1.8949153,-2.4050853,-1.8651019,-0.030239504,-0.9804305,-0.88331556,-1.0958495,-1.0958488,-0.95273197,-0.94950557,-1.1576046,-1.379478,-3.3828232,-3.9770818,-3.849817,-3.8498178,-3.8421936,-3.7607431,-3.7968738,-4.1338882,-3.9526622,-3.365241,-3.4397979,-3.4397979,-3.199723,-3.4936821,-3.39506,-3.6795852,-0.941033,-1.6805327,-1.8222103,-1.8222107,-1.7873646,-2.0670056,-1.9236307,-1.5258214,-0.52370673,-1.4748751,-2.3893232,-2.389323,-2.3667731,-1.302019,-2.4086766,-2.0175374,-0.90853006,-0.6157558,-0.56199086,-0.5619909,-0.38895988,-1.0259243,-1.0895182,-2.7662127
CCCOC(C)C,-1.34,-1.9305851,-2.2052987,-1.7539048,-1.7539046,-1.777298,-2.0067725,-1.7680554,-1.1677821,-1.2231017,-1.0560305,-1.9327482,-1.9327476,-1.9244242,-1.7739346,-1.8713312,-1.5417877,-1.4079878,-1.8374985,-1.9004875,-1.9004875,-1.9008495,-1.7926521,-1.927066,-1.8276747,-1.0533404,-0.95187193,-1.6580067,-1.6580061,-1.4763509,-1.0192894,-1.6451237,-1.4084198,-2.3408558,-2.1051812,-1.835951,-1.8359509,-1.8709345,-1.7633228,-1.8650755,-1.3804404,-1.594586,-2.2514613,-1.9430878,-1.9430878,-1.914601,-1.957226,-1.9648811,-1.803206,-1.6470935,-1.5397706,-1.0725675,-1.0725677,-1.2555393,-1.4195833,-1.1051607,-1.144194,-1.425396,-1.987947,-2.7598531,-2.7598526,-2.7210746,-1.7192465,-2.6930182,-2.1069162,-1.1581532,-1.2462544,-1.1870272,-1.1870272,-1.2713816,-1.1597903,-1.283598,-0.86697763
CCCCc1c(C)nc(nc1O)N(C)C ,-2.24,-2.9867477,-3.539597,-3.1689277,-3.1689277,-3.181365,-3.4590387,-3.1857946,-2.35604,-2.4823174,-3.5128303,-2.990718,-2.9907165,-2.923356,-3.2839663,-2.9163496,-2.959345,-2.3661783,-3.7402623,-3.64434,-3.6443398,-3.6389334,-3.628262,-3.672836,-2.7952418,-2.1827273,-2.2730968,-2.555965,-2.5559628,-2.574944,-2.0226412,-2.602247,-2.6481228,-2.5991921,-3.4721706,-3.1770818,-3.1770816,-3.222996,-3.1892023,-3.1994305,-2.4552372,-3.5129623,-4.1073437,-4.5081606,-4.5081606,-4.404058,-4.439379,-4.2620826,-5.0946064,-3.889565,-3.4951832,-3.5159724,-3.5159726,-3.6792784,-3.7018063,-3.5455797,-3.4246614,-1.9721718,-2.4487567,-3.036771,-3.0367706,-3.0196269,-2.1148324,-3.061771,-2.8682034,-2.276935,-2.2098076,-2.2952926,-2.2952921,-2.3157234,-2.0252852,-2.2944813,-2.203213
Clc1ccc(Cl)c(c1)c2c(Cl)c(Cl)c(Cl)c(Cl)c2Cl,-8.94,-9.3348055,-5.0610723,-5.126201,-5.126201,-5.1012874,-5.445927,-5.0778985,-7.6467195,-8.572938,-8.302019,-8.483813,-8.483811,-8.43553,-8.111084,-8.513077,-8.426988,-8.526629,-7.7525797,-8.178955,-8.178954,-8.198525,-8.216305,-8.140535,-8.850207,-8.849691,-8.16114,-9.116276,-9.116276,-9.0061,-8.04083,-9.186866,-8.730986,-8.274881,-4.2937484,-4.189413,-4.1894135,-4.1953654,-4.2398176,-4.2565866,-6.383008,-5.240603,-3.189037,-3.0144186,-3.0144184,-2.9699721,-3.045396,-3.0260239,-3.255143,-7.9682894,-5.8877206,-7.643998,-7.6439986,-6.457547,-7.9918323,-7.7990556,-7.7794003,-8.590354,-8.993467,-9.40363,-9.40363,-9.357358,-7.823621,-9.453976,-9.121597,-8.960706,-9.361682,-9.597091,-9.597092,-9.578279,-9.215672,-9.611522,-9.460194
OC1CCCCCC1,-0.88,-1.9362606,-1.9359539,-1.3038495,-1.303849,-1.307708,-1.5452586,-1.342011,-1.1558639,-0.7474085,-1.6539285,-2.2644963,-2.2644963,-2.2553186,-2.279763,-2.23113,-2.0641158,-0.94278157,-1.7062116,-1.7881957,-1.7881958,-1.7869935,-1.7002583,-1.8111418,-1.6151029,-0.9340647,-1.180839,-1.8542112,-1.8542101,-1.7107456,-1.1328163,-1.7104071,-1.6186372,-1.2672701,-1.6870335,-1.3740958,-1.3740957,-1.3848336,-1.3393629,-1.3451396,-0.9961913,-2.3544564,-2.2122333,-2.3850875,-2.3850875,-2.3212342,-2.3303626,-2.340826,-2.0825386,-0.787881,-1.7996271,-0.36881384,-0.3688141,-1.6522608,-0.67658997,-0.35906497,-0.7783459,-0.71119845,-2.2616193,-2.6412165,-2.6412165,-2.5846114,-2.129607,-2.6387615,-2.1393194,-0.49124512,-0.38614702,-0.2562725,-0.25627246,-0.2678619,-0.43116146,-0.29815987,0.122929186
COC(=O)c1ccccc1OC2OC(COC3OCC(O)C(O)C3O)C(O)C(O)C2O,-0.742,-5.6266303,-7.073604,-6.3460827,-6.346083,-6.3701677,-6.6948857,-6.372439,-5.4242735,-1.5010544,-3.3845718,-2.4097805,-2.40978,-2.473561,-2.996886,-2.4966128,-2.916195,-0.56777894,-2.5414996,-2.3043396,-2.30434,-2.321819,-2.7351773,-1.902177,-0.3943884,-1.0013916,-1.1553059,-1.6980798,-1.6980795,-1.353202,-1.6664029,-1.4680119,-1.8241042,-5.014672,-6.5815096,-6.1818423,-6.181843,-6.150973,-6.0619774,-6.0378246,-4.9434357,-4.6768756,-5.824562,-5.930099,-5.9300995,-5.8693852,-5.803433,-5.796604,-5.3311343,-1.9740543,-3.9203312,-2.3739393,-2.3739395,-3.411936,-1.6823151,-2.4247425,-1.8755611,-0.44862002,-3.5689938,-3.7902904,-3.79029,-3.7986126,-3.021437,-3.8752666,-3.334245,-1.1738627,-0.7382097,-0.7892241,-0.7892249,-0.77865374,-0.60031754,-0.69191265,-0.6297517
CC(C)Nc1nc(Cl)nc(NC(C)C)n1,-4.43,-3.3328738,-3.9180431,-3.5092638,-3.5092635,-3.5114737,-3.7829413,-3.5361083,-2.8936148,-2.5284848,-2.8577118,-2.2063448,-2.2063441,-2.108125,-2.574583,-2.1531384,-2.6640475,-3.241509,-4.0704803,-3.956545,-3.9565449,-4.000331,-3.9662657,-3.768536,-3.2454433,-3.24945,-2.3330564,-3.0354013,-3.035401,-3.5971043,-2.2399452,-3.631629,-2.9867966,-3.3264346,-4.0760083,-3.892217,-3.8922164,-3.764135,-3.7995,-3.903312,-3.1551263,-3.0038807,-3.6855369,-3.886809,-3.886809,-3.7092462,-3.889395,-3.7050757,-4.2340603,-3.7766616,-3.4392881,-3.5437295,-3.5437298,-3.3663008,-3.691376,-3.57872,-3.4120686,-4.474185,-3.5077877,-3.9301639,-3.9301643,-3.9095206,-2.7569513,-3.9243097,-4.312477,-4.113818,-4.1552005,-4.0153933,-4.0153933,-4.054445,-4.146007,-4.248784,-4.367154
COc1nc(NC(C)C)nc(NC(C)C)n1,-2.478,-3.2371235,-3.96352,-3.5838878,-3.5838878,-3.5846272,-3.8579712,-3.6144907,-2.84332,-2.1370907,-2.1373072,-2.2622128,-2.262212,-2.198443,-2.7931447,-2.2860405,-2.6146183,-2.4664223,-3.576658,-3.4464176,-3.4464176,-3.434689,-3.4748356,-3.4516811,-2.263244,-3.0205843,-1.7884644,-2.4660687,-2.4660697,-2.251271,-1.6798398,-2.3840394,-2.144421,-2.450513,-3.8117929,-3.378694,-3.3786945,-3.386903,-3.3452835,-3.3784187,-2.143916,-3.4246762,-3.985913,-4.344991,-4.3449917,-4.3391175,-4.345151,-4.242132,-4.5045805,-3.639729,-3.5772836,-3.5689273,-3.5689278,-3.638408,-3.853335,-3.5834992,-3.3826113,-2.1688828,-1.879592,-2.2889414,-2.288941,-2.2627048,-1.7747152,-2.3287704,-2.3494866,-2.440988,-2.6103773,-2.6410496,-2.6410496,-2.6163487,-2.4794557,-2.512333,-2.3935606
Clc1ccc(Cl)c(Cl)c1Cl,-4.57,-4.3059835,-2.8112009,-2.8165233,-2.816523,-2.8103487,-3.165871,-2.8423688,-3.4950645,-4.251491,-3.5942433,-4.1140394,-4.1140404,-4.121315,-4.0591226,-4.091434,-4.6688933,-4.1882977,-2.9321232,-3.004166,-3.004166,-3.0100906,-3.0282345,-3.0278907,-4.6988025,-4.6021547,-4.3778377,-5.2764425,-5.276442,-5.118159,-4.0799627,-5.240015,-4.5934234,-4.6353073,-3.7415695,-3.7972848,-3.7972846,-3.8132346,-4.1868186,-3.517082,-4.7858157,-4.294254,-2.5455873,-2.8472574,-2.8472571,-2.777909,-2.8311667,-2.9458294,-2.982054,-5.278754,-3.2640207,-4.9382176,-4.938217,-3.1603155,-5.2254405,-4.9965634,-5.1996503,-4.4348035,-4.792464,-4.6958923,-4.6958923,-4.6948156,-4.1256742,-4.670584,-4.9097066,-5.702916,-5.448574,-5.513116,-5.513116,-5.511696,-5.5316644,-5.658497,-5.8777595
CC(=O)Nc1ccc(cc1)N(=O)=O,-2.692,-3.3816185,-2.9735417,-2.992328,-2.9923277,-3.0291386,-3.4676204,-3.0441506,-2.7033443,-2.1433272,-1.3723633,-1.9551467,-1.9551464,-1.9169035,-1.7289855,-1.910502,-1.5359218,-2.7112002,-2.7085924,-2.7548678,-2.7548678,-2.7603004,-2.729677,-2.7562475,-2.8682206,-2.5555859,-2.0163093,-2.851162,-2.8511612,-2.784108,-2.015568,-2.720997,-2.4379032,-3.3581436,-2.4477892,-2.317532,-2.317532,-2.364127,-2.3958302,-2.3826866,-2.6628337,-2.6344905,-3.841796,-4.128302,-4.128302,-4.118968,-4.0617514,-3.8771105,-2.9795668,-2.4711995,-3.0641997,-2.176207,-2.1762073,-2.866183,-2.5995164,-2.2533317,-2.155696,-2.7526271,-2.1490552,-2.4448926,-2.4448922,-2.4802494,-1.5195177,-2.471039,-2.696006,-2.6487257,-2.709133,-2.6756537,-2.6756537,-2.66292,-2.6397629,-2.706482,-2.6675143
CCCC(O)CCC,-1.4,-2.4913936,-2.3767414,-1.8928072,-1.8928072,-1.8220404,-2.0617948,-1.7589623,-1.426735,-0.8793082,-1.5312603,-1.9667522,-1.9667515,-1.9426578,-1.8759357,-1.888375,-1.98992,-1.1984869,-2.013758,-2.10135,-2.1013498,-2.1211894,-2.035776,-2.050331,-1.7047693,-1.4804358,-1.7458454,-2.2567966,-2.256797,-2.1231246,-1.7695978,-2.3479197,-2.0872545,-2.022387,-2.4634566,-2.2031808,-2.2031808,-2.188674,-2.1570034,-2.1750133,-1.6665323,-2.654327,-2.8043892,-2.7260122,-2.7260125,-2.3601384,-2.7279093,-2.1123164,-2.6676502,-1.9381208,-2.1470628,-1.2806123,-1.2806123,-2.0010211,-1.335428,-1.113148,-1.4863385,-1.5167317,-1.5087001,-2.100562,-2.1005616,-2.1134315,-1.0449535,-2.2215805,-1.8232142,-1.3049333,-1.671333,-1.6781762,-1.6781762,-1.7904637,-1.6411129,-1.5485377,-1.5519809
CCOP(=S)(OCC)SCSP(=S)(OCC)OCC,-5.54,-5.260856,-5.305792,-5.0202065,-5.020206,-5.03809,-5.3988733,-5.082208,-4.406373,-4.8496623,-5.1151676,-4.990306,-4.9903054,-4.9557056,-5.5177245,-4.9758596,-5.35502,-5.433764,-5.186814,-4.9247603,-4.9247603,-4.8767066,-5.1834993,-5.1160154,-4.932276,-4.8641,-4.1392765,-4.6579857,-4.6579847,-4.3661118,-3.818429,-4.756952,-4.450139,-4.2817144,-5.551328,-5.110699,-5.1106997,-5.1164203,-5.103613,-5.131048,-4.2970943,-4.6641445,-5.1308737,-5.3697963,-5.369796,-5.3156714,-5.21066,-5.219543,-4.8231335,-5.2346964,-6.233677,-5.6757464,-5.675747,-6.3369846,-5.5139647,-5.5005727,-5.1960077,-4.9806285,-5.285064,-5.570623,-5.5706224,-5.5006137,-4.3485417,-5.502068,-6.0777316,-5.5843487,-5.5284615,-5.545282,-5.545282,-5.5744066,-5.177233,-5.3798113,-5.5117598
CC(C)CC(C)(C)O,-0.92,-1.9530035,-2.0714827,-1.6085992,-1.6085987,-1.6071126,-1.9265586,-1.595891,-1.0732113,-0.58689886,-1.2403055,-1.53988,-1.5398796,-1.5280917,-1.4000716,-1.4920156,-1.6128317,-0.6689615,-2.0458276,-2.1791742,-2.179174,-2.1855896,-2.1142554,-2.1659217,-2.1723905,-0.7848399,-1.3110162,-1.9178348,-1.9178343,-1.7965155,-1.392817,-1.9316221,-1.8155185,-2.6943903,-2.144704,-1.912162,-1.9121621,-1.9279599,-1.8156894,-1.9102544,-1.7895406,-1.8974415,-2.1600728,-2.2011375,-2.2011375,-2.1853929,-2.1280024,-2.1861663,-1.6035076,-1.238331,-2.1659262,-0.7569439,-0.75694406,-1.9690219,-1.0965201,-0.74489397,-1.1025083,-0.9528593,-1.3796693,-1.8565737,-1.8565731,-1.7530425,-1.0983199,-1.8070543,-1.6944993,-0.8355215,-0.3447866,-0.16950724,-0.16950718,-0.19021882,-0.4846503,-0.77955234,0.07625183
Oc1cc(Cl)c(Cl)cc1Cl,-2.21,-4.2362905,-2.7515173,-2.7423763,-2.7423763,-2.742589,-3.0984073,-2.7703726,-3.333479,-3.3045642,-2.6875818,-3.3530967,-3.3530965,-3.3627977,-3.2502456,-3.3185546,-3.2260644,-2.6658454,-2.7032735,-2.6953678,-2.6953678,-2.7007413,-2.7328317,-2.7181416,-2.8527422,-2.6941113,-2.7167728,-3.652245,-3.6522446,-3.5276265,-2.7161167,-3.586457,-2.9464402,-3.9328256,-2.5247521,-2.7225862,-2.7225862,-2.727048,-2.7657459,-2.5771837,-2.9005892,-2.1326678,-2.869153,-3.1035905,-3.1035905,-3.069097,-3.1099665,-3.179116,-2.9211018,-1.5654109,-0.66105,-0.9073911,-0.90739095,-1.0815582,-1.0547459,-0.9730394,-0.7816642,-2.301725,-2.9629087,-3.25042,-3.25042,-3.274681,-2.6594777,-3.2678425,-2.7488158,-2.2840314,-3.9233906,-4.0086575,-4.008657,-3.9802763,-3.626504,-3.7729974,-3.4132383
CC12CCC(CC1)C(C)(C)O2,-1.74,-2.055204,-2.1543639,-2.2641659,-2.2641656,-2.238613,-2.7156496,-2.2058184,-1.0799493,-2.305918,-2.2414386,-3.2093155,-3.2093155,-3.195543,-3.1601124,-3.181329,-2.5159812,-1.6816761,-3.2367404,-3.3147757,-3.3147755,-3.3097532,-3.2260606,-3.33292,-3.4748788,-1.613274,-2.6162229,-3.058125,-3.0581253,-3.1852186,-2.6650124,-3.248142,-2.9064057,-1.8478549,-2.7152126,-2.5398746,-2.5398743,-2.5217257,-2.6482303,-2.5227268,-1.6133243,-2.6867728,-2.246025,-2.346983,-2.3469832,-2.3264742,-2.358085,-2.3262925,-2.100938,-1.8895197,-1.8045098,-1.1742797,-1.1742797,-1.4154595,-1.616113,-1.2124964,-1.3363829,-2.19876,-3.8970692,-4.719389,-4.719389,-4.675843,-3.6683557,-4.6839614,-3.7301764,-1.5794613,-1.3668685,-1.464911,-1.4649109,-1.4626777,-1.3957239,-1.4807755,-1.5523814
Oc1c(Cl)cccc1Cl,-1.79,-2.8473647,-2.4266107,-2.3135722,-2.313572,-2.3182468,-2.5891988,-2.333521,-2.2171533,-2.2933655,-2.0425715,-2.0379217,-2.0379217,-2.0442584,-1.9735576,-2.0108063,-2.0982144,-1.9827446,-2.2047296,-2.1962516,-2.1962514,-2.2004406,-2.278331,-2.2173104,-1.7871666,-1.9381717,-2.1327062,-2.8906543,-2.8906536,-2.7793,-2.1354294,-2.8136845,-2.3932283,-2.266465,-2.1175492,-2.3657048,-2.3657048,-2.3573382,-2.456019,-2.155203,-1.8230971,-1.1362712,-2.0773025,-2.0771852,-2.0771852,-2.053544,-2.0831833,-2.1000388,-1.8137541,-1.5191299,-0.6128803,-0.94198036,-0.94198036,-1.0407802,-1.0721818,-1.010765,-0.80117905,-1.5929894,-1.310631,-1.6545899,-1.6545902,-1.6612917,-1.2836517,-1.6778052,-1.3386588,-1.7993305,-1.9672469,-1.8642664,-1.8642666,-1.8429286,-1.8933312,-1.8979427,-1.9113171
CCCC1CCCC1,-4.74,-2.0764277,-2.1670213,-1.7367699,-1.7367699,-1.7549162,-2.05025,-1.7522231,-1.352046,-3.6810489,-1.6825804,-3.2948458,-3.2948456,-3.2841194,-2.9707222,-3.2700498,-2.25512,-4.98205,-2.3280454,-2.436136,-2.4361358,-2.4380016,-2.394178,-2.4459305,-3.4048812,-3.7019486,-3.0917873,-3.7860992,-3.786098,-3.7548437,-2.7992747,-3.8282547,-3.6763313,-2.8362107,-2.1174445,-1.9091452,-1.9091451,-1.9430445,-1.8298006,-1.939063,-1.7536266,-1.8511021,-2.3171997,-1.7934061,-1.7934062,-1.7561934,-1.795755,-1.8292772,-1.728315,-4.4304376,-3.8460183,-3.9442017,-3.9442017,-3.8018034,-4.225797,-4.0741262,-4.0451527,-4.412431,-3.6434321,-4.752828,-4.7528276,-4.778019,-3.2441442,-4.779837,-4.8197885,-3.39498,-2.3426712,-2.164633,-2.164633,-2.1767223,-2.4824958,-2.6493742,-3.4785945
CCCN(=O)=O,-0.8,-1.2361,-1.614131,-1.0476713,-1.0476711,-1.0560439,-1.2829387,-1.0550597,-0.91180885,-0.15744722,-0.4413984,-0.07526986,-0.075269975,-0.08020705,-0.15398188,-0.04692483,-0.650492,-0.5564415,-1.2437749,-1.3122734,-1.3122733,-1.313977,-1.3040898,-1.3277173,-1.2151366,-0.49917832,-0.5803346,-0.9870746,-0.9870734,-0.8392162,-0.62096345,-0.88455653,-1.0060772,-0.3470306,-1.9310526,-1.6550566,-1.6550567,-1.6340166,-1.6227033,-1.4043621,-1.2273093,-1.0293982,-1.7205582,-1.4970556,-1.4970556,-1.503035,-1.4757644,-1.5414711,-1.0032538,-0.0131071685,-1.0530045,0.3842539,0.38425344,-0.83682853,-0.08042258,-0.13554724,0.084912166,-0.7533541,-0.754138,-0.7793667,-0.77936727,-0.8143614,-0.49770743,-0.8370288,-0.57127005,-0.7345363,-0.77805847,-0.702139,-0.702139,-0.67912304,-0.6895419,-0.74507546,-0.5773615
CC(C)C(C)(C)C,-4.36,-1.3728435,-1.7818143,-1.4684387,-1.4684384,-1.4456344,-1.8190408,-1.4211569,-1.0022333,-3.2187545,-1.780235,-2.547,-2.5469995,-2.5385594,-2.6047862,-2.5139835,-2.4627764,-4.0091004,-1.9753246,-2.1460855,-2.1460855,-2.1446397,-2.060888,-2.168921,-3.1270306,-4.0196004,-2.288819,-3.1673517,-3.1673534,-3.282037,-2.317004,-3.2183385,-3.2472076,-4.223881,-2.2766554,-2.062679,-2.0626793,-2.015178,-1.9218302,-2.0772922,-3.105144,-2.2469127,-1.7355554,-1.6082399,-1.6082398,-1.6041973,-1.6137424,-1.6001508,-1.4522542,-4.166404,-3.9601583,-3.2024043,-3.2024035,-3.3934999,-3.3692772,-3.2425761,-3.3044207,-4.177255,-2.926807,-3.6537397,-3.6537392,-3.6453562,-2.6019514,-3.637001,-2.988334,-2.912796,-2.002365,-1.843812,-1.8438118,-1.8339846,-2.2798905,-2.3088918,-2.6584902
COP(=S)(OC)Oc1cc(Cl)c(Br)cc1Cl,-6.09,-5.506761,-4.545343,-4.2179537,-4.217954,-4.1610336,-4.505185,-4.0523605,-4.1855826,-5.5649457,-5.0532227,-4.974597,-4.974596,-4.9568405,-5.084862,-4.9095974,-4.939598,-5.7370005,-4.8216205,-4.195546,-4.195546,-4.2065363,-4.2100544,-4.1377087,-5.468888,-6.0909185,-5.0034556,-5.9200687,-5.920068,-5.7716365,-4.5590444,-5.907392,-5.662243,-5.2108207,-3.701567,-3.6636384,-3.6636384,-3.6772468,-3.4695282,-3.715081,-4.9358125,-2.9332027,-3.353619,-3.66218,-3.66218,-3.5664992,-3.6826098,-3.6575453,-4.202768,-2.6218717,-3.0951297,-2.1890318,-2.1890318,-3.0445683,-2.6581664,-2.2850149,-2.3317134,-6.1811347,-5.4865,-6.1859517,-6.185952,-6.30753,-4.869254,-6.2544723,-6.2816725,-6.0664473,-5.6939516,-5.7586374,-5.7586374,-5.7588053,-5.821129,-6.013054,-6.1397605
OCC1OC(O)C(O)C(O)C1O,0.74,-1.9745128,-2.5137444,-2.0953891,-2.0953887,-2.087896,-2.3638787,-2.0921686,-1.8556904,-0.4638494,-0.8777545,-0.5032971,-0.5032976,-0.50832546,-0.5652224,-0.5120059,-1.3447212,0.4053239,-1.141517,-1.1064941,-1.1064942,-1.1080475,-1.0649077,-1.136077,0.72182393,0.4924981,0.397251,0.6667825,0.666783,0.7878951,0.6964987,0.8149013,-0.27426237,-1.0847175,-2.1019437,-1.9088482,-1.9088482,-1.9190286,-1.9086204,-1.8635556,-1.7372974,-2.4542866,-2.4549878,-2.6735096,-2.6735091,-2.6168861,-2.6519485,-2.597749,-2.5500877,0.08325533,-0.9611984,-0.21725342,-0.21725309,-0.65755135,-0.3803498,-0.2502527,-0.11634794,0.417408,-0.40841678,-0.8258386,-0.82583857,-0.86816007,0.06762106,-0.8954887,-0.57653433,0.6786865,-0.7332696,-0.14601994,-0.14601997,-0.1305392,0.04130298,-0.05539293,0.13470909
CCC(O)C(C)C,-0.7,-2.2735083,-1.9249636,-1.3450804,-1.3450801,-1.3308746,-1.6543709,-1.3009038,-1.1820185,-0.10553042,-1.2853886,-1.3633775,-1.3633769,-1.3523623,-1.3397431,-1.3119714,-1.7257705,-0.60723764,-1.5668316,-1.6468261,-1.646826,-1.6513064,-1.5481187,-1.6480985,-1.1247672,-0.7764207,-0.95238686,-1.397325,-1.397325,-1.2019035,-0.8902115,-1.3953869,-1.4903638,-1.3364476,-1.8312331,-1.5788618,-1.5788617,-1.5919067,-1.5777421,-1.5580102,-1.1279472,-1.2428976,-1.9869399,-1.9944698,-1.9944699,-1.9798043,-1.9596252,-2.0002718,-1.5669667,-0.72590506,-1.7336512,-0.37210417,-0.37210426,-1.5731655,-0.6396835,-0.32762116,-0.77423257,-0.40787178,-0.81172234,-1.1932625,-1.1932619,-1.0849639,-0.6544158,-1.1973822,-0.9844083,-0.20408197,0.27577245,0.1791597,0.17915973,0.034108203,0.03844564,-0.33596656,0.049171783
CCOC=O,0.15,-0.50172085,-1.5264058,-0.8844033,-0.8844031,-0.877529,-1.009116,-0.8642354,-0.49663046,0.16939709,-0.3425905,0.4166573,0.41665688,0.41389963,0.34364966,0.43333822,-0.5015074,0.5776246,-0.857147,-0.78361696,-0.7836169,-0.784473,-0.701275,-0.8016216,-0.06322403,0.370748,-0.09968035,-0.4829137,-0.48291415,-0.45446318,-0.12302936,-0.45991227,-0.64134383,0.13150439,-1.5729321,-1.3061849,-1.3061849,-1.2713175,-1.1658401,-1.2659086,-0.974656,-0.48345456,-1.6413169,-0.89203405,-0.89203405,-0.8767962,-0.9300838,-0.9333243,-0.79182976,-0.06123773,-0.21347648,0.32953987,0.3295393,-0.155104,0.04540011,0.30474368,0.06814376,0.067794755,0.16601534,0.12611549,0.12611522,0.10386194,0.3664725,0.08409004,0.27455968,0.30891597,-0.07015078,-0.09284693,-0.09284696,-0.09268705,-0.054793917,-0.079136446,0.16595748
Clc1cc(Cl)c(Cl)c(Cl)c1,-4.63,-4.5961103,-3.0070028,-3.1041756,-3.1041756,-3.0864518,-3.4739914,-3.1245053,-4.132187,-4.411153,-3.502966,-4.1672735,-4.167273,-4.1718693,-4.085072,-4.140721,-4.759504,-4.569182,-3.0892267,-3.1408165,-3.1408165,-3.1470482,-3.159723,-3.1645231,-4.920784,-4.479704,-4.1846275,-5.201967,-5.2019653,-5.0535383,-3.938571,-5.1629148,-4.4685636,-4.2056503,-3.118799,-3.738054,-3.7380543,-3.7147539,-3.9502668,-3.3935816,-3.9528077,-4.2809153,-2.6362946,-2.9804068,-2.9804068,-2.9145508,-2.9747016,-3.072164,-3.0852318,-5.335194,-2.8308141,-4.860211,-4.860211,-2.7977295,-4.990556,-4.8390126,-5.1406245,-4.5918727,-4.8670573,-4.745958,-4.745957,-4.7436404,-4.177738,-4.7160487,-5.0504923,-5.4157104,-5.642087,-5.7437677,-5.7437673,-5.7385106,-5.760514,-5.8031344,-5.7511606
CCCCS,-2.18,-1.9113505,-1.6831255,-1.2275107,-1.2275108,-1.2076987,-1.5004567,-1.1524122,-1.1101717,-1.7688957,-1.4761174,-1.5445671,-1.5445669,-1.5391226,-1.4973351,-1.5167716,-1.6040622,-1.6740239,-1.3174342,-1.4314629,-1.4314628,-1.4325984,-1.3828938,-1.4462,-1.8252307,-1.8794689,-1.4534962,-1.8979945,-1.8979933,-1.9364086,-1.4728062,-2.02085,-1.7400995,-1.9246979,-1.8500599,-1.5957633,-1.5957634,-1.593021,-1.4005395,-1.5442694,-1.6819125,-1.4422226,-1.8922691,-1.6828438,-1.6828439,-1.594224,-1.67407,-1.5383416,-1.3266314,-1.469211,-2.1340392,-1.1995602,-1.1995599,-1.9237045,-1.5566969,-1.2730402,-1.4655801,-2.6475048,-1.5626322,-2.0402646,-2.0402646,-2.0667696,-1.2845834,-2.0974689,-1.9160048,-2.0670166,-2.0598667,-1.8264987,-1.8264986,-1.8295265,-1.9629073,-2.1217031,-2.3623216
Cc3ccnc4N(C1CC1)c2ncccc2C(=O)Nc34 ,-3.19,-3.1112294,-4.05066,-3.7136247,-3.7136245,-3.6925201,-3.95675,-3.6710513,-2.951028,-3.0999603,-3.8528826,-3.7290392,-3.7290394,-3.7035537,-3.891508,-3.6623116,-3.617405,-3.5862584,-4.5502396,-4.3852487,-4.385248,-4.3870606,-4.5949774,-4.3082376,-4.2282524,-4.3564324,-4.597441,-5.1351633,-5.135163,-4.9389496,-3.9135644,-4.9404078,-4.7690935,-3.152125,-3.97303,-3.7398746,-3.739875,-3.7106736,-3.6831899,-3.7095273,-3.1892421,-3.3385215,-3.4408758,-3.8794396,-3.8794398,-3.861588,-3.9136987,-3.8279452,-4.28319,-2.8576467,-3.462776,-2.9014556,-2.9014554,-3.23244,-3.1785264,-2.881545,-2.8878171,-3.2322662,-3.7695007,-4.265167,-4.2651663,-4.2616663,-3.0544226,-4.320313,-4.211548,-3.244206,-3.2021768,-3.1954317,-3.1954322,-3.2018008,-3.0409617,-3.1049347,-3.000967
CCc1cccc(C)c1N(C(C)COC)C(=O)CCl ,-2.73,-3.832975,-4.0580087,-3.9686358,-3.9686356,-3.8692389,-4.0218744,-3.4856017,-3.5245862,-2.4948554,-3.1319053,-2.9444218,-2.9444213,-2.9031234,-3.1699114,-2.861071,-2.531773,-3.0016007,-4.026267,-3.7519128,-3.7519126,-3.7400763,-4.066923,-3.6888213,-3.2423534,-3.1024156,-3.4627688,-4.063503,-4.0635023,-4.202039,-2.9599025,-4.1673274,-3.6392932,-3.2591472,-4.226977,-4.0751033,-4.075103,-3.9996471,-4.1388097,-3.8220665,-3.0360343,-3.7346244,-3.1677952,-3.6161587,-3.616159,-3.4941626,-3.6328878,-3.4568582,-4.124202,-3.2632172,-3.4728177,-2.7949545,-2.7949538,-3.2764325,-3.0130522,-2.797191,-2.8814704,-3.1492114,-3.3190773,-4.0797997,-4.0797987,-4.1129537,-2.6764066,-4.181446,-3.9786322,-2.726144,-3.4522586,-3.749103,-3.7491035,-3.765204,-3.5881672,-3.9401486,-4.1727457
C1CCOC1,0.49,-1.1611564,-1.358021,-0.6215038,-0.621503,-0.60531807,-0.802143,-0.58196676,-0.73848355,-0.81041336,-0.5862215,-0.83120424,-0.8312043,-0.82884043,-0.89006144,-0.8303359,-0.88347816,0.8050436,-0.8823021,-0.82239115,-0.82239115,-0.8230778,-0.7420751,-0.8415266,-0.27110824,0.31472236,-0.3987487,-0.92326283,-0.92326146,-0.8567252,-0.26354098,-0.7763076,-0.7962872,0.12535138,-2.3532467,-1.4490254,-1.4490254,-1.4266756,-1.3282335,-1.451197,-0.83715355,-1.2650789,-1.4804907,-1.2688342,-1.2688344,-1.281806,-1.2524619,-1.3070673,-0.9757032,0.60754,-0.33656335,0.6106079,0.61060804,-0.06623708,0.3192495,0.6161626,0.18651555,-0.090282895,-0.8626915,-1.2478269,-1.2478273,-1.2422252,-0.7719762,-1.2669408,-1.1311281,0.5025971,-0.9660723,-1.0870214,-1.0870214,-1.07032,-0.79779583,-0.6277654,-0.21825615
CC1CCCCC1,-3.85,-1.7246768,-1.8339304,-1.1741501,-1.1741498,-1.1718004,-1.4019963,-1.1709043,-0.9545842,-2.7847962,-1.6420743,-2.5600517,-2.560052,-2.5476067,-2.4388485,-2.5528543,-1.9778409,-3.5764377,-2.0669794,-2.2674131,-2.2674134,-2.2802632,-2.167795,-2.2297485,-3.6760232,-3.7331898,-2.4789653,-3.1961765,-3.196176,-3.3471658,-2.5074477,-3.460293,-3.1789541,-2.7386909,-1.8565565,-1.6812161,-1.6812159,-1.5580076,-1.6177478,-1.6596049,-1.9320536,-1.5991265,-1.9375379,-1.8566539,-1.8566539,-1.8476033,-1.8150903,-1.8843819,-1.3588256,-3.96138,-3.7369688,-3.0589678,-3.0589676,-3.2557945,-3.384228,-3.2212744,-3.2815049,-3.6813087,-3.4878569,-4.19334,-4.19334,-4.1956882,-3.2052174,-4.18706,-3.8212914,-2.912796,-2.002365,-1.843812,-1.8438118,-1.8339846,-2.2798905,-2.3088918,-2.6584902
C1(=O)NC(=O)NC(=O)C1(O)C2(O)C(=O)NC(=O)NC2(=O),-1.99,-3.7987392,-3.454509,-3.4736145,-3.4736137,-3.4300447,-3.7585986,-3.3693156,-3.6828368,-2.223337,-0.5670107,-2.5093012,-2.509301,-2.494912,-2.6288812,-2.4731963,-1.125988,-1.9826462,-3.7593565,-3.0029895,-3.0029895,-3.0078592,-3.4605815,-2.9722028,-0.19398458,-1.7673937,-0.15066999,-1.8836364,-1.8836362,-1.4812446,-0.17723623,-2.1555173,-0.94585,-2.3711123,-3.4093766,-3.558367,-3.5583673,-3.2809079,-3.6257808,-3.4924374,-4.027339,-2.5653386,-2.459363,-2.646884,-2.6468842,-2.604752,-2.6757154,-2.6403089,-2.708299,-1.9590509,-1.6387902,-0.6014727,-0.60147285,-1.0251794,-0.7207301,-0.7671427,-0.42570195,-1.8819888,-0.35881883,-2.104145,-2.104145,-2.0700853,-0.051639434,-2.1440582,-0.45928118,-1.6567528,-0.3943133,-0.5980634,-0.5980636,-0.5999019,-0.24738312,-0.3456276,-0.62764865
ICI,-2.34,-1.3995783,-1.1640533,-0.9124569,-0.912457,-0.9364146,-1.1592104,-0.9074305,-1.2115449,-2.2890115,-2.6110544,-2.1025102,-2.1025107,-2.100458,-2.0420244,-2.0825722,-2.678783,-2.0479558,-2.10151,-1.9059387,-1.9059387,-1.9054644,-1.8377749,-1.9664847,-2.590279,-2.371725,0.38641107,-1.4019234,-1.4019221,-1.2601782,-0.2416277,-1.1875219,-0.35261312,-1.9674435,-3.8812015,-3.4831145,-3.4831142,-3.4641588,-3.1087976,-3.592644,-1.6220459,-1.7171938,-1.3607941,-1.0945212,-1.0945212,-1.1047323,-1.180195,-1.117999,-1.4526579,-2.062017,-2.025896,-2.0791104,-2.07911,-1.7439274,-2.0855136,-1.9596937,-1.8680547,-2.160914,-2.047219,-2.1963036,-2.1963036,-2.1897528,-1.8121525,-2.1735716,-2.2455037,-1.9695027,-1.2620469,-1.1414776,-1.1414776,-1.1372709,-1.4749858,-1.4605795,-2.3979042
CCCCCC,-3.84,-1.8338703,-1.9771881,-1.7078648,-1.707865,-1.7351866,-2.0208716,-1.7237734,-1.3620096,-2.6950748,-1.3080873,-2.466285,-2.4662852,-2.4571755,-2.229735,-2.4281626,-1.8541538,-3.25531,-1.7271334,-1.9029547,-1.9029545,-1.9056193,-1.807829,-1.9137336,-2.4372346,-3.551909,-2.2825203,-2.9593039,-2.959304,-3.143881,-2.3698063,-3.229564,-2.74019,-2.5224147,-3.4832408,-3.0848014,-3.0848014,-2.4944432,-2.9931087,-2.5093148,-2.158725,-2.0402966,-2.691248,-2.6310577,-2.631058,-2.5468197,-2.6100974,-2.58536,-2.4718153,-4.3563137,-3.8820274,-3.8114839,-3.8114834,-3.9505868,-4.435649,-4.2111707,-3.8817918,-3.4759145,-2.6943085,-3.5634916,-3.5634918,-3.5662746,-2.2745798,-3.5397224,-3.4590702,-3.277963,-3.0986056,-3.0902174,-3.090217,-3.090811,-3.2551508,-3.3269043,-3.6072536
ClCC#N,-0.092,-0.041967746,-1.1192467,-0.5988843,-0.5988842,-0.6149739,-0.7197581,-0.60016036,-0.48567384,-0.5219972,-0.07708133,-0.74964154,-0.74964136,-0.74931014,-0.6467958,-0.7532827,-0.28628582,0.27785707,-0.8480639,-0.76388,-0.7638801,-0.764795,-0.76586926,-0.7742778,-0.8081009,-0.048490915,-0.23547743,-0.9112747,-0.9112736,-0.81232613,-0.25418222,-0.7938103,-0.6923254,-0.565768,-1.7052118,-1.528856,-1.5288562,-1.5301691,-1.3280318,-1.5933149,-0.24109165,0.14922419,-1.4576855,-1.1931134,-1.1931134,-1.2231947,-1.2454575,-1.2508785,-0.7644009,0.25164074,-0.90261894,0.43976474,0.43976498,-0.5796066,0.3022269,0.46608612,0.055414863,0.23281285,-0.045785017,-0.19554576,-0.19554587,-0.20454055,0.015753794,-0.1990232,0.13261472,-0.0929174,-0.5961987,-0.53290045,-0.53290045,-0.50887406,-0.52605766,-0.4790578,-0.4417099
c1ccccc1NC(=O)c2c(O)cccc2,-3.59,-3.4225574,-3.540738,-3.2886126,-3.2886124,-3.333702,-3.7147727,-3.3730812,-2.650075,-3.075869,-3.3334472,-2.7498736,-2.749874,-2.7294881,-3.122786,-2.7531302,-3.0108082,-2.8710296,-3.3238935,-3.3066213,-3.306621,-3.300413,-3.310962,-3.3482075,-2.6601627,-3.2460542,-3.2976081,-3.8288722,-3.828872,-3.601279,-3.0543954,-3.5814216,-3.4116883,-3.3181942,-3.235681,-2.9981124,-2.9981124,-3.0518165,-3.0394373,-3.0604851,-2.3371875,-4.9003158,-4.0254683,-4.1428246,-4.142825,-4.109862,-4.1126966,-4.0568533,-4.4926157,-3.4729238,-3.0398498,-3.371293,-3.3712933,-3.3303714,-3.5319898,-3.351826,-3.1149852,-3.0329094,-1.598201,-2.4007745,-2.4007745,-2.3412375,-1.3302114,-2.3858078,-2.471923,-3.7206283,-3.4507675,-2.6398103,-2.63981,-2.6381812,-3.019105,-2.4848819,-2.7816534
OC3N=C(c1ccccc1)c2cc(Cl)ccc2NC3=O ,-3.952,-3.9399045,-4.787983,-4.392667,-4.392667,-4.3450823,-4.6604013,-4.318305,-3.4749463,-4.0875325,-4.1553783,-4.0898123,-4.0898123,-4.0629606,-4.098027,-4.023128,-3.6807086,-3.626781,-4.7430115,-4.4468703,-4.4468703,-4.450157,-4.759498,-4.375246,-3.5179965,-3.963951,-3.4329147,-4.3751097,-4.375109,-4.2481885,-3.5776842,-4.190006,-3.7963645,-3.425228,-3.937369,-3.8162692,-3.8162694,-3.7843726,-3.726906,-3.8251677,-3.785375,-3.1630006,-3.0686255,-3.0203528,-3.0203528,-2.9363947,-3.0810387,-3.030222,-3.2456648,-3.0273857,-2.6181834,-2.2875051,-2.2875051,-2.338744,-2.4454331,-2.2734184,-2.0553613,-3.4538674,-3.7582774,-4.277118,-4.2771177,-4.269428,-2.8975966,-4.3020678,-3.9987388,-3.9484615,-3.422845,-3.3560193,-3.3560193,-3.3829954,-2.9564505,-3.2238178,-2.806976
O=C2NC(=O)C1(CCCC1)C(=O)N2,-2.349,-2.123482,-2.4000366,-1.8842309,-1.8842309,-1.8816576,-2.1566331,-1.8946338,-1.8893309,-2.2534397,-1.4553267,-1.5811433,-1.5811431,-1.5879848,-1.5899898,-1.5607715,-1.9614755,-2.3967624,-2.8609838,-2.832879,-2.8328788,-2.8391764,-2.921519,-2.8045974,-2.2544255,-2.5361428,-1.8111547,-2.5369737,-2.5369725,-2.657311,-1.8038946,-2.6564105,-2.2548168,-2.568195,-2.4393218,-2.4568903,-2.4568906,-2.2917354,-2.453856,-2.3626578,-2.1098158,-2.374701,-1.9697187,-1.4968055,-1.4968058,-1.4844484,-1.5666089,-1.5601428,-1.3973761,-2.0606797,-1.8022904,-1.638699,-1.6386989,-1.849371,-1.8374512,-1.8069708,-1.7689567,-2.4231162,-1.7540799,-2.154077,-2.1540763,-2.128275,-1.3436114,-2.169039,-1.9704752,-2.103623,-2.2498698,-2.1698124,-2.1698127,-2.1684437,-2.1976686,-2.220973,-2.3555214
C=CCS(=O)SCC=C,-0.83,-2.3370519,-2.6063054,-2.186787,-2.186787,-2.0796852,-2.3634794,-1.9796054,-1.7242236,-2.3980434,-2.5043828,-1.8101301,-1.8101299,-1.755975,-1.83491,-1.6705797,-2.4600716,-1.2279745,-2.0444372,-1.9987179,-1.9987179,-2.0060687,-1.9447049,-1.9986906,-1.8902823,-2.6351235,-1.1607541,-2.302309,-2.3023083,-2.2212732,-1.2261691,-2.2799873,-1.5793774,-1.9942032,-2.565642,-2.3232417,-2.323242,-2.1067474,-2.2919679,-1.7104677,-1.7116008,-1.4776297,-3.1535187,-3.6020284,-3.6020286,-3.431894,-3.5804627,-3.6414847,-4.0993977,-2.0340934,-3.0294464,-2.1375759,-2.1375756,-2.7174993,-1.8630738,-1.499718,-2.009028,-1.2431222,-2.0591717,-2.6328676,-2.6328673,-2.700386,-1.6256558,-2.7297566,-2.3543007,-0.78557765,-1.4737532,-1.445519,-1.4455191,-1.476516,-1.5747999,-1.2051799,-1.3792053
CC1=C(C(=O)Nc2ccccc2)S(=O)(=O)CCO1,-2.281,-3.504931,-3.8677707,-3.5546565,-3.5546563,-3.5833178,-3.9363,-3.6136196,-2.9611237,-2.64606,-2.8510487,-2.2421265,-2.242127,-2.2261548,-2.5128973,-2.2447112,-2.396383,-2.5622618,-3.9932349,-3.7523549,-3.7523544,-3.7421205,-3.9517782,-3.8063626,-1.9453269,-3.511601,-3.488285,-4.025658,-4.0256567,-3.7124665,-3.3756936,-3.9504442,-3.9726737,-3.0313554,-3.6090293,-3.3874512,-3.3874512,-3.4229662,-3.4438987,-3.4272797,-2.712717,-3.0473328,-3.6718376,-3.3965163,-3.3965168,-3.370522,-3.4182107,-3.426789,-3.281274,-3.473678,-3.016239,-3.483493,-3.483493,-3.2623706,-3.6830256,-3.468915,-3.280571,-3.1739092,-2.705837,-3.4464588,-3.446458,-3.439294,-2.2491574,-3.4649005,-3.244027,-2.2326968,-2.2380095,-2.173015,-2.1730154,-2.1824808,-2.1419926,-2.2849522,-2.25811
Cl\C=C/Cl,-1.3,0.06367771,-1.7511111,-1.370683,-1.3706825,-1.3966498,-1.5073388,-1.3692827,-0.5464894,-0.9022525,-0.5432331,-1.1331587,-1.1331582,-1.1332937,-1.0679305,-1.1357317,-0.6563164,-0.7856389,-0.8149301,-0.72620636,-0.7262064,-0.7270506,-0.729681,-0.73653615,-0.7685527,-1.1675048,-0.9188955,-1.8260902,-1.8260901,-1.7332705,-1.0376377,-1.826272,-1.3202704,-1.6112516,-3.2261412,-1.7545542,-1.7545542,-1.7563202,-1.650647,-1.8469313,-1.1905619,-0.4819255,-1.3475829,-0.9950471,-0.9950472,-1.0212543,-1.0319575,-1.0474449,-0.796427,-1.474833,-3.4386787,-1.5827444,-1.5827448,-3.58889,-1.8942037,-1.4567704,-1.631169,-1.3507285,-1.0304499,-1.2138907,-1.2138904,-1.2142007,-0.90921396,-1.2066534,-1.1745217,-1.025749,-2.219092,-2.2612002,-2.2612,-2.260806,-1.9893749,-2.0628858,-1.8390791
Clc1ccc(c(Cl)c1)c2cc(Cl)c(Cl)c(Cl)c2Cl ,-7.39,-6.2615633,-4.8356276,-4.572937,-4.572937,-4.585505,-4.963116,-4.6184397,-4.9000454,-8.225262,-7.483367,-7.720874,-7.720872,-7.669711,-7.4847255,-7.657781,-7.884297,-7.915738,-7.180729,-7.515584,-7.5155845,-7.5291247,-7.5613403,-7.528487,-7.9998136,-8.337758,-7.722861,-8.647193,-8.647192,-8.502629,-7.37275,-8.675635,-7.944765,-6.920825,-3.8988774,-3.9115043,-3.9115043,-3.9420738,-3.8197923,-4.0119414,-6.110802,-6.5199814,-3.997463,-4.519775,-4.5197744,-4.4605746,-4.431738,-4.4946346,-5.66315,-8.837244,-5.8087974,-8.4164095,-8.416409,-6.392744,-8.8157625,-8.472972,-8.438455,-7.713723,-7.8294125,-8.292618,-8.292619,-8.250977,-6.8116846,-8.2750845,-8.133117,-7.179242,-7.696698,-7.588627,-7.5886254,-7.570242,-7.291495,-7.4667196,-7.3113627
CCCC(=O)CCC,-1.3,-1.635039,-2.3573346,-1.9226152,-1.9226148,-1.9369514,-2.1272047,-1.9480543,-1.3166976,-0.8926061,-1.4658761,-1.5953356,-1.5953354,-1.5664015,-1.5310261,-1.5224106,-1.8696471,-1.3204651,-2.0877137,-2.1960027,-2.1960027,-2.1958354,-2.1516328,-2.2240815,-2.4462907,-1.8724461,-1.3057413,-2.103035,-2.1030343,-1.8111981,-1.3651681,-2.0513422,-1.9199759,-1.4709241,-2.6144762,-2.418649,-2.4186492,-2.406754,-2.3810587,-2.4086127,-1.9473395,-2.0665047,-2.557354,-2.1885228,-2.1885228,-2.0686522,-2.1377554,-2.268301,-2.2399094,-1.9583702,-1.9145358,-1.2878226,-1.2878225,-1.5866507,-1.5269796,-1.1644821,-1.4111412,-1.2172133,-1.5921279,-2.0500197,-2.0500197,-2.0953279,-1.2955858,-2.0562282,-1.7892956,-1.2447598,-1.5446228,-1.4913881,-1.4913881,-1.4679034,-1.5950061,-1.5468308,-1.5459647
OCC(O)CO,1.12,-1.2278688,-1.5946124,-0.8713232,-0.87132293,-0.8664515,-1.0816734,-0.867679,-0.87850225,1.7629325,-0.23870654,0.80645794,0.8064575,0.80856115,0.4298749,0.8578361,-0.55854195,1.2752389,-0.6301759,-0.54775536,-0.54775536,-0.5488736,-0.29697916,-0.5735278,0.89178145,2.005639,0.49251202,0.7935787,0.79357874,0.8433089,0.71168816,0.8762743,-0.20460968,-0.055232067,-1.5171143,-1.1399202,-1.1399202,-1.1543865,-1.0706383,-1.1003082,-0.8116227,-0.9132878,-1.5162486,-1.2692909,-1.269291,-1.2757254,-1.2384561,-1.2740234,-0.96228844,1.1303446,-0.15068758,1.081226,1.0812258,0.34422815,0.6830747,1.1169249,0.5051317,0.78778404,0.5726223,0.28331086,0.28331068,0.23405536,0.9893566,0.27073196,0.34615278,1.2068104,1.1567519,1.0287645,1.0287647,0.9904443,1.1149055,1.183644,1.01831
Clc1c(Cl)c(Cl)c(c(Cl)c1Cl)c2c(Cl)c(Cl)c(Cl)c(Cl)c2Cl ,-11.6,-9.534194,-6.4049006,-6.321433,-6.3214335,-6.314968,-6.628242,-6.2791886,-8.29668,-11.826509,-9.865843,-10.818744,-10.818744,-10.79469,-10.4297085,-10.778991,-9.913144,-11.268559,-10.865359,-13.666279,-13.666278,-13.702599,-13.502357,-13.782741,-10.588943,-11.471072,-10.5357895,-10.960587,-10.960585,-10.831377,-10.538604,-11.081686,-10.374939,-12.613794,-8.092852,-9.065669,-9.065668,-9.119214,-9.239812,-9.329355,-10.4671755,-7.651713,-3.9207187,-4.3388524,-4.3388524,-4.312877,-4.2784843,-4.2396865,-5.3104234,-9.80088,-6.04571,-9.288963,-9.288963,-6.6093063,-9.602953,-9.272004,-9.023087,-11.07713,-10.971387,-11.259948,-11.259948,-11.220468,-9.500011,-11.332882,-10.550315,-11.482563,-9.9349375,-10.384584,-10.384584,-10.374984,-10.554117,-10.686833,-10.198074
CC1(O)CCC2C3CCC4=CC(=O)CCC4(C)C3CCC21C,-3.999,-4.178593,-4.206772,-3.8332014,-3.833202,-3.8624,-4.262103,-3.8789732,-3.4059424,-3.8228106,-3.9919121,-4.2054954,-4.205495,-4.1481743,-4.5992303,-4.14692,-4.2062883,-4.2628083,-3.4459589,-3.9301643,-3.9301639,-3.8795981,-3.8716412,-3.9907012,-4.1470156,-4.644615,-4.571076,-4.560355,-4.5603538,-4.906774,-4.3979797,-4.942902,-4.646449,-4.1697626,-4.0651054,-3.806529,-3.8065293,-3.834957,-3.7365775,-3.8506992,-3.4606328,-4.858154,-3.9330032,-4.070083,-4.0700836,-3.8369284,-3.9893403,-3.905407,-4.539426,-4.7766986,-4.510288,-4.193364,-4.193364,-4.4500685,-4.389741,-4.137252,-4.0686474,-4.4302964,-4.6972184,-5.4926634,-5.4926634,-5.4699264,-3.8098533,-5.5761704,-4.7895503,-4.1600714,-4.743445,-4.474103,-4.474103,-4.4655886,-4.182903,-3.931997,-4.619798
OCC3OC(OCC2OC(OC(C#N)c1ccccc1)C(O)C(O)C2O)C(O)C(O)C3O ,-0.77,-5.4081316,-7.423337,-6.6508303,-6.6508307,-6.4648933,-6.493543,-5.985563,-4.835733,-1.296119,-3.460528,-2.266568,-2.266568,-2.278112,-2.8757982,-2.3307612,-2.9810274,-1.0477979,-1.8924828,-2.0273757,-2.0273757,-2.0147803,-2.1188734,-1.550099,-0.9318885,-0.88005054,-1.2731504,-1.9110309,-1.9110314,-1.2473972,-1.2841797,-1.434364,-1.8350121,-4.7134695,-6.6748676,-6.301515,-6.3015146,-5.9718137,-6.2063794,-5.515097,-4.7587643,-4.798814,-4.7250066,-4.7315288,-4.7315283,-4.688086,-4.6966944,-4.7512026,-4.7590885,-2.7400708,-4.151238,-3.5619743,-3.561975,-4.0101347,-3.1184568,-3.7455127,-2.8429687,-0.6636345,-3.0565193,-3.6053298,-3.605329,-3.6245382,-2.6148314,-3.799129,-2.5814223,-0.7682762,-0.7514619,-0.7881642,-0.78816473,-0.7580148,-0.6557922,-0.6625142,-0.6308154
CCCCC#C,-2.36,-1.4942267,-1.818729,-1.393779,-1.3937786,-1.380209,-1.6249285,-1.3287151,-1.132894,-1.6581154,-1.4299774,-1.7262439,-1.726244,-1.7109147,-1.5712768,-1.6730466,-1.8511112,-1.881654,-1.4255292,-1.5160455,-1.5160453,-1.5167799,-1.4338632,-1.5367042,-1.510581,-1.4736059,-0.82092214,-1.3089248,-1.3089249,-1.2957608,-0.90442085,-1.4077849,-1.2718091,-2.1369717,-1.7704958,-1.6121968,-1.6121967,-1.6345276,-1.5168864,-1.6207925,-1.6313913,-1.6774353,-2.3502614,-1.4096377,-1.4096377,-1.3651887,-1.4383935,-1.5699317,-1.0009363,-2.1917567,-2.4503796,-2.212988,-2.2129877,-2.3890758,-2.3509452,-2.1891618,-2.3155823,-1.4916328,-0.7609256,-1.3519801,-1.35198,-1.3472128,-0.5364335,-1.3588226,-1.1519383,-2.7482955,-2.858344,-2.8827922,-2.8827922,-2.8747308,-2.8533192,-2.9486265,-2.6684554
CCCCSP(=O)(SCCCC)SCCCC,-5.14,-4.7030606,-5.356574,-4.9619184,-4.961919,-4.934863,-5.1811175,-4.85435,-3.9579532,-5.1966753,-4.2550654,-5.79764,-5.797639,-5.7758904,-6.5356984,-5.9125414,-5.069573,-4.903529,-4.785056,-4.9560466,-4.9560466,-4.998878,-5.0763454,-4.9076586,-5.751702,-5.5631056,-5.9231277,-6.171297,-6.171296,-6.1080713,-5.363822,-6.246755,-6.1469455,-4.7468567,-5.7568383,-5.4033885,-5.403389,-5.3731375,-5.4139676,-5.3481445,-4.422525,-4.200265,-4.965361,-5.448171,-5.448171,-5.501205,-5.3267527,-5.4477935,-4.529824,-5.6933813,-5.639793,-5.7922306,-5.79223,-5.3560276,-5.61277,-5.5223975,-5.6234007,-5.2405314,-5.449515,-6.0723906,-6.072389,-6.083573,-4.7488875,-6.1865325,-6.5435605,-5.191537,-5.175559,-5.262083,-5.262082,-5.2448335,-4.9785457,-5.130397,-5.15424
Cc1ccnc(C)c1,0.38,-1.055782,-2.132035,-1.725459,-1.7254587,-1.7319472,-1.8460882,-1.7426763,-1.1869167,-0.9361191,-1.7379143,-1.2162802,-1.2162801,-1.2127972,-1.2982816,-1.1718924,-1.5861249,-1.0781437,-1.4963306,-1.6252176,-1.6252174,-1.6263889,-1.547905,-1.6472011,-1.5484409,-0.6618305,-1.296913,-1.8398244,-1.839824,-1.7795073,-1.4236493,-1.8300121,-1.640882,-1.0066332,-1.5909842,-1.286587,-1.2865871,-1.2984079,-1.2319645,-1.2798865,-0.8932234,-1.8156687,-2.2135973,-2.189203,-2.1892028,-2.1749575,-2.1847556,-2.1659155,-1.8472296,0.3280883,-2.2785733,-0.62639636,-0.6263966,-1.9428838,-1.0543939,-0.7568379,-1.0435797,-0.6451508,-1.0220813,-1.4337262,-1.4337265,-1.4646229,-0.8181836,-1.4571974,-1.1724697,0.39076185,0.3254872,-0.32599002,-0.32599008,-0.34429845,0.52413327,0.5204797,0.24763675
CC(C)c1ccccc1,-3.27,-2.1063676,-2.040842,-1.7082486,-1.7082481,-1.7173662,-1.9451389,-1.7202741,-1.4021533,-2.5836627,-2.2296455,-2.8790712,-2.8790717,-2.8540418,-2.7499723,-2.8313477,-2.6719444,-3.0121388,-2.0895913,-2.2600439,-2.2600439,-2.2587693,-2.1587918,-2.291264,-2.7230618,-2.3892875,-2.2172813,-2.823252,-2.8232517,-2.767474,-1.9748943,-2.8449726,-2.4370697,-2.7264125,-2.1937933,-2.4334385,-2.4334385,-2.4481232,-2.3277185,-2.4241183,-1.6700871,-1.9478142,-1.9944917,-1.652114,-1.6521139,-1.6384209,-1.6982414,-1.6911074,-1.4986911,-3.5836673,-4.4794803,-3.3285506,-3.3285503,-4.367946,-3.6514332,-3.2634254,-3.3497148,-3.0812812,-2.2758944,-2.858073,-2.858072,-2.8478746,-2.042835,-2.8391426,-2.8632941,-2.4388506,-2.6369438,-2.631949,-2.6319492,-2.635119,-2.633345,-2.6853256,-2.5263722
CCc1ccc(C)cc1,-3.11,-1.6223018,-2.3519015,-1.9381871,-1.938187,-1.9708546,-2.180832,-1.9825354,-1.2629484,-2.499679,-2.3824396,-2.733779,-2.7337797,-2.702595,-2.7352314,-2.6774523,-2.8919306,-3.302754,-2.1332474,-2.2973554,-2.2973554,-2.2994578,-2.2346222,-2.3122354,-2.9141917,-2.639468,-2.1146362,-2.8869982,-2.887,-2.8120368,-2.2519176,-2.9463704,-2.3994045,-2.783657,-2.473427,-2.287758,-2.2877584,-2.3129637,-2.3480258,-2.3233974,-2.8059132,-2.8594637,-3.2804723,-3.4321089,-3.4321086,-3.445994,-3.4063752,-3.2805476,-3.6093984,-3.8028595,-4.7491326,-4.224814,-4.224814,-4.88109,-4.916313,-4.677588,-4.215236,-2.8714986,-2.4965787,-3.1066048,-3.106605,-3.1138935,-2.106416,-3.053673,-2.9771583,-3.0712337,-3.4667945,-3.3666227,-3.3666224,-3.3650808,-3.4086318,-3.4034343,-3.134497
CN(C)C(=O)Nc1ccc(Cl)c(Cl)c1,-3.8,-3.8060524,-3.5796578,-3.4571652,-3.4571648,-3.4887998,-3.8970819,-3.5311418,-3.109959,-3.626328,-2.9985514,-2.6988382,-2.6988378,-2.6824505,-2.9326615,-2.7001154,-2.6622832,-3.6180847,-3.8287263,-3.7440403,-3.74404,-3.7486067,-3.6721318,-3.7442815,-3.6662672,-3.5419908,-3.05137,-3.9774308,-3.9774308,-3.8665307,-2.995279,-3.89716,-3.552905,-4.4715853,-3.2047482,-3.1984494,-3.1984496,-3.2387166,-3.1341252,-3.275039,-4.101557,-3.38409,-3.2759953,-2.9650698,-2.9650695,-2.9273515,-3.0024784,-3.0015745,-2.9183073,-2.5754495,-3.4511795,-2.3985565,-2.3985565,-3.216542,-2.867639,-2.454297,-2.437754,-3.6890101,-2.5293312,-3.3498797,-3.3498795,-3.342983,-2.1092923,-3.3864021,-3.6568604,-3.795348,-3.3844523,-3.1271882,-3.1271882,-3.1337714,-2.9988017,-3.2102413,-2.949196
ClC(Cl)(Cl)C#N,-2.168,-2.9748793,-1.8121821,-3.1808536,-3.1808538,-3.1426277,-3.3819242,-3.02374,-2.0570314,-2.4360826,-1.6412047,-1.9713203,-1.9713207,-1.9683138,-1.892728,-1.9626861,-2.254912,-1.8175989,-1.0492167,-1.0050176,-1.0050176,-1.0074568,-1.0828718,-1.0167357,-1.7798496,-1.8464743,-1.3549892,-2.3862514,-2.3862507,-2.2934887,-1.4723463,-2.280575,-1.8326962,-2.1882763,-2.1579049,-1.9071858,-1.9071859,-1.9119136,-2.0455813,-1.9071432,-1.8941796,-1.1857015,-1.4407722,-1.210827,-1.2108269,-1.2177954,-1.2539746,-1.2129214,-1.497175,-2.0631075,-1.6288391,-2.4827354,-2.4827354,-2.3691974,-2.7812347,-2.421149,-2.6157527,-1.8055979,-1.5119759,-1.9120675,-1.9120678,-1.9292145,-1.5692039,-1.9329032,-1.7634842,-1.9157709,-1.1078732,-1.0194578,-1.0194578,-1.005682,-1.3115426,-1.2848637,-1.3478391
ClC(Cl)(Cl)N(=O)=O,-2.0,-2.4470918,-1.9489764,-2.6121266,-2.612126,-2.5686646,-2.8648973,-2.4777405,-1.7859607,-2.0924046,-1.3907739,-1.865773,-1.8657732,-1.8666123,-1.8273908,-1.8539903,-1.9002348,-2.4676461,-1.2636555,-1.2357024,-1.2357025,-1.239647,-1.3994405,-1.248254,-1.9771731,-2.2832735,-1.6842332,-2.9208632,-2.920864,-2.871652,-1.8740084,-2.8787754,-2.1078134,-1.9635544,-2.2138445,-1.6840084,-1.6840084,-1.6941631,-1.7348433,-1.6841522,-1.7717988,-2.0064363,-1.3207302,-1.0519297,-1.0519297,-1.0514898,-1.0898783,-1.0627798,-1.7653185,-1.9709295,-0.9064614,-1.8512766,-1.8512768,-2.1944327,-1.62377,-1.8583331,-1.9394491,-2.2115018,-1.9789572,-2.2067409,-2.2067404,-2.2166471,-1.8288435,-2.2305002,-2.2241585,-0.63238037,-0.77985203,-0.8878488,-0.88784885,-0.8936107,-0.7698849,-0.736513,-0.6928133
CCC=O,0.58,-0.22232433,-1.1424476,-0.5099451,-0.50994503,-0.50138646,-0.7089311,-0.4898937,-0.36806488,0.2274236,-0.13749236,0.23533262,0.2353321,0.2354733,0.0844563,0.26433173,-0.51663,0.28107378,-0.9169555,-0.8660214,-0.86602134,-0.86707276,-0.8326304,-0.88083065,-0.36960697,0.18224648,-0.1896799,-0.5422741,-0.5422735,-0.46413907,-0.24636286,-0.5166059,-0.7408921,0.28984383,-1.3845361,-0.89892083,-0.89892083,-0.89420414,-0.70039546,-0.8899859,-0.48724267,0.01944634,-1.2903333,-0.9145567,-0.9145568,-0.94377613,-0.8664086,-0.96472037,-0.6677475,0.9155054,-0.49271283,1.1659312,1.1659315,-0.06765999,0.8937327,1.2052853,0.41906413,0.46624526,0.27862293,0.22907758,0.22907749,0.20480122,0.38702315,0.18704377,0.15807723,0.3753072,0.046611167,0.047891073,0.047891043,0.075317256,0.096885055,0.23326623,0.20605394
O=C2NC(=O)C1(CCCCCCC1)C(=O)N2,-2.982,-2.93714,-3.1144347,-2.817905,-2.8179052,-2.8206139,-3.1588817,-2.8408077,-2.4908636,-3.154986,-2.3086317,-2.3118997,-2.3118992,-2.2861025,-2.296474,-2.2514458,-2.81907,-2.447017,-3.7641256,-3.5097928,-3.5097928,-3.5102923,-3.6114528,-3.457248,-2.3955064,-2.4737837,-2.7565641,-3.241579,-3.2415786,-3.2860763,-2.5575728,-3.558274,-3.0117235,-3.1941195,-3.0418365,-2.9436767,-2.9436767,-2.959657,-2.9446354,-2.949889,-3.1605415,-4.0095625,-2.742199,-2.3811402,-2.3811402,-2.2749627,-2.3588564,-2.5220335,-2.6109817,-2.5605078,-2.114783,-2.1649287,-2.164929,-2.2383802,-2.4809062,-2.3024023,-2.1064506,-2.9736743,-2.7756996,-3.0534186,-3.0534186,-3.0323315,-2.1201916,-3.0977988,-2.836731,-2.8863757,-3.1238866,-3.18006,-3.1800597,-3.173254,-3.015298,-3.0382912,-2.9740598
ClCCC#N ,-0.29,-1.2017021,-1.4241849,-0.72935,-0.72934973,-0.7331873,-0.91226774,-0.7447782,-0.82259816,-1.1524014,-0.40881035,-0.6277122,-0.62771255,-0.6281696,-0.5224425,-0.61744153,-0.6885499,-0.49327463,-1.0701916,-1.0509199,-1.0509199,-1.0520139,-1.0360447,-1.065644,-1.0937592,-0.79789174,-0.67028236,-1.3023001,-1.3022984,-1.2511104,-0.69487035,-1.2778003,-1.0378747,-1.3059287,-1.6612025,-1.3547086,-1.3547086,-1.3669742,-1.1730448,-1.3708519,-1.4322735,-0.21431144,-1.5477681,-1.212012,-1.212012,-1.2018847,-1.183232,-1.3345032,-0.85901725,-0.099441275,-1.1658429,-0.040048387,-0.04004826,-0.79568917,-0.63297963,-0.14516301,-0.2806398,-0.2283481,-0.07379541,-0.7794122,-0.7794123,-0.78979874,-0.21987788,-0.78281456,-0.24730018,-0.1383002,-0.07629157,-0.099006854,-0.099006824,-0.0906852,0.042530496,0.0038354397,0.38503787
c1ccccc1C(O)C(O)c2ccccc2,-1.93,-2.909447,-3.3172584,-2.8951175,-2.8951178,-2.7959652,-3.0911045,-2.75182,-2.4510326,-2.6300342,-3.6691098,-2.8886163,-2.8886158,-2.8029232,-3.127873,-2.7829857,-3.4845061,-1.2908512,-3.3770983,-3.0602436,-3.0602436,-3.1028097,-3.2953622,-2.8533313,-1.4869992,-1.2590345,-2.2382722,-2.664843,-2.6648426,-2.5331414,-2.3555787,-2.570279,-2.5146403,-3.2878146,-3.8020885,-3.7887223,-3.7887223,-3.2910643,-3.6692014,-3.22236,-3.627514,-3.0288873,-3.6987402,-4.116318,-4.1163187,-3.9884872,-4.0710487,-4.172142,-4.098632,-2.720515,-2.229945,-2.1398964,-2.1398969,-2.2092597,-2.1831822,-2.0176127,-2.1380806,-1.7783953,-2.7936685,-3.370778,-3.3707767,-3.3486242,-2.2528641,-3.3655431,-3.2706575,-2.1039855,-1.8626012,-2.5022452,-2.5022454,-2.5004609,-1.9893644,-1.8404993,-1.8982056
Oc1ccc(Cl)c(Cl)c1Cl,-2.67,-3.6088862,-2.677891,-2.6724403,-2.67244,-2.663518,-2.9806185,-2.692513,-2.9691043,-2.9737916,-2.5489314,-3.080741,-3.0807407,-3.091534,-3.0085084,-3.0514395,-2.9462287,-2.549918,-2.6206472,-2.613788,-2.6137881,-2.6194823,-2.6317227,-2.630579,-2.640757,-2.795484,-2.927853,-3.7443438,-3.7443433,-3.5836837,-2.8504202,-3.6477706,-3.1096919,-3.0379677,-2.420973,-2.8346233,-2.8346233,-2.8293312,-2.8784018,-2.6527903,-2.3962393,-2.8015125,-2.656353,-2.892901,-2.892901,-2.8325825,-2.8732662,-2.924859,-2.9476774,-1.6249104,-0.6743883,-1.0072665,-1.0072672,-1.1022841,-1.1377988,-1.0762564,-0.8469255,-2.43004,-2.5140104,-2.8897738,-2.8897736,-2.8921204,-2.2275627,-2.8995035,-2.6325414,-2.7502496,-2.5948384,-2.6783385,-2.6783383,-2.6706805,-2.460181,-2.4773571,-2.5926564
CCCCOCN(C(=O)CCl)c1c(CC)cccc1CC ,-4.19,-5.21705,-5.177396,-4.9269094,-4.92691,-4.931216,-5.1841626,-4.8871584,-4.3575206,-3.8583493,-4.2454977,-4.2583537,-4.2583528,-4.1963396,-4.714291,-4.2660785,-4.273787,-3.8635247,-3.7413442,-3.9103193,-3.910319,-3.87235,-4.2463474,-3.9314756,-4.117464,-3.9083958,-4.5528884,-5.056738,-5.056738,-4.868204,-3.6633885,-5.521822,-4.904245,-4.8032827,-5.4742646,-5.2699704,-5.269971,-5.241203,-5.2659426,-5.223559,-4.889501,-4.179364,-4.2264175,-4.110614,-4.110614,-4.01354,-3.9789393,-4.08048,-4.2198386,-4.506108,-4.6712384,-4.202249,-4.202249,-4.3595095,-4.2818975,-4.1919813,-4.06386,-4.33945,-4.382466,-4.737521,-4.737521,-4.776664,-3.5283372,-4.8942313,-5.4056597,-4.2146173,-4.6465883,-4.748022,-4.7480226,-4.7055407,-4.5208845,-4.971684,-5.352873
COC(=O)c1ccccc1,-1.85,-2.4676862,-2.358858,-2.1995938,-2.1995938,-2.2210126,-2.4981503,-2.2242007,-1.9674484,-1.4770234,-1.6913462,-0.89670867,-0.89670885,-0.86893415,-1.0630783,-0.85375005,-1.6846385,-1.5846456,-1.7336746,-1.8209413,-1.8209413,-1.8235755,-1.7098988,-1.8431281,-1.5076233,-1.0038503,-1.4733789,-2.0470128,-2.0470123,-1.9541653,-1.495172,-1.9917943,-1.891455,-2.0194974,-1.9567429,-2.0330899,-2.0330899,-2.060032,-1.9970175,-2.062209,-1.4939831,-1.9741833,-2.5232093,-2.1144576,-2.1144576,-2.0918872,-2.1764705,-2.14496,-2.0236406,-2.2173336,-2.0762966,-1.8034999,-1.8034999,-2.3765202,-1.9786727,-1.8659824,-1.7644717,-1.4277053,-1.5667256,-2.1051579,-2.1051574,-2.114311,-1.1660093,-2.1247191,-1.6252755,-1.8006566,-1.8426527,-1.9813664,-1.9813665,-1.9790978,-1.8781604,-1.9280351,-1.7352265
Cc1ccc(C)c2ccccc12,-4.14,-2.6408079,-2.624905,-2.600149,-2.6001487,-2.5847974,-2.8440747,-2.6083817,-2.6012216,-3.505056,-3.0269318,-3.9736376,-3.973637,-3.9476807,-4.0339003,-3.9308283,-3.9164782,-4.044595,-2.4985816,-2.7235703,-2.7235703,-2.7245686,-2.6391296,-2.7420754,-3.5952773,-4.4727845,-4.3553424,-5.073781,-5.0737805,-4.982684,-3.7458289,-5.0591807,-4.525416,-4.5300846,-3.2562673,-3.3549573,-3.3549564,-3.324803,-3.2356224,-3.1811898,-4.481291,-2.915454,-2.6402812,-2.8611417,-2.8611417,-2.83245,-2.908,-2.8009872,-3.1216345,-4.581788,-5.9057426,-4.739162,-4.739162,-5.629676,-5.2898965,-4.9969177,-5.1544456,-4.2654204,-3.976121,-4.8732505,-4.87325,-4.835452,-3.2968347,-4.793385,-4.1084924,-4.129495,-4.601943,-4.4337826,-4.4337826,-4.44203,-4.4600964,-4.4772816,-4.23679
OCCCC=C,-0.15,-1.4491776,-1.7605356,-1.342072,-1.342072,-1.3416677,-1.6392565,-1.3229277,-1.1098992,-0.319707,-0.95809406,-0.6308835,-0.6308834,-0.6160738,-0.6032352,-0.5717341,-1.3252802,-0.38102478,-1.0609548,-1.0749665,-1.0749665,-1.0754513,-0.9409492,-1.0995607,-0.06133391,-0.16659935,-0.39324152,-0.8252042,-0.82520276,-0.7502648,-0.42973548,-0.79816085,-0.9765901,-1.0110615,-1.7452198,-1.440211,-1.440211,-1.4617946,-1.3231213,-1.4402941,-1.3322853,-0.65271246,-2.2320888,-2.2131772,-2.2131772,-2.065917,-2.2002048,-1.8356019,-1.8852655,-0.4502205,-1.204837,-0.12918282,-0.12918341,-1.118622,-0.2671193,-0.10451199,-0.42232078,-0.54591066,-0.17972259,-0.57977027,-0.57977057,-0.5768986,0.08257858,-0.5676742,-0.5082289,-0.17150725,-0.034989864,-0.18662328,-0.18662319,-0.18219611,-0.098796844,-0.08968287,-0.31855705
O=C1NC(=O)NC(=O)C1(CC)C(C)CC,-2.39,-2.407434,-3.047379,-3.028177,-3.028177,-2.999954,-3.3850148,-2.9802291,-2.4907095,-2.2392616,-1.8592525,-1.6266426,-1.6266425,-1.612525,-1.7020998,-1.5795345,-2.4717448,-2.1171832,-3.5359752,-3.2259989,-3.2259986,-3.2288072,-3.474869,-3.1848447,-1.8329562,-2.1856585,-2.40145,-2.913968,-2.9139678,-2.7231514,-2.1942024,-3.0253847,-2.8253565,-2.042445,-3.041313,-2.833916,-2.833916,-2.8292284,-2.9257474,-2.7525294,-2.4034526,-2.3218849,-2.6210704,-2.9099934,-2.9099934,-2.860229,-2.9409573,-2.8722222,-3.130566,-2.6078374,-2.1058419,-2.1849527,-2.184953,-2.2219386,-2.5188408,-2.307057,-2.2961586,-1.7248617,-1.6395206,-1.9409167,-1.9409167,-1.9636675,-1.1096276,-2.030479,-1.7719214,-2.3558674,-1.0004456,-1.3947921,-1.3947923,-1.3599746,-1.4746969,-1.5560806,-1.6554327
CCCCN(C)C(=O)Nc1ccc(Cl)c(Cl)c1,-4.77,-4.5547295,-4.5063,-4.3036733,-4.3036733,-4.32613,-4.726076,-4.34505,-3.9039125,-3.789137,-4.4167233,-3.4090436,-3.4090428,-3.3924134,-4.0516663,-3.4633014,-3.8652372,-3.7829788,-4.7155056,-4.519407,-4.519407,-4.5156846,-4.551051,-4.526578,-3.9961212,-4.083108,-4.0388203,-4.407339,-4.407338,-4.3315635,-3.6279306,-4.536056,-4.2732897,-5.0375085,-4.264031,-4.239367,-4.239367,-4.285147,-4.1644325,-4.3145843,-4.9753594,-4.196244,-4.325081,-4.1805787,-4.180578,-3.8681803,-4.142443,-4.130049,-4.2687135,-3.596437,-4.492232,-3.5110743,-3.5110748,-4.208861,-3.7917538,-3.5402234,-3.4239898,-3.7774193,-3.8252878,-4.2447257,-4.244725,-4.2162867,-3.212059,-4.259872,-4.8245106,-4.5615053,-4.119665,-4.282175,-4.2821755,-4.397254,-4.0084114,-4.3366046,-3.4508405
O=C(c1ccccc1)c2ccccc2,-3.12,-2.494815,-3.0891604,-2.7441282,-2.7441285,-2.775342,-3.057102,-2.8086312,-2.014473,-3.1226492,-3.7059186,-3.205291,-3.2052898,-3.1733057,-3.3385844,-3.1749983,-3.457529,-2.9914708,-3.3205159,-3.4759092,-3.475909,-3.4748914,-3.3999815,-3.4871309,-3.9214838,-3.2057786,-3.3179965,-4.017754,-4.0177546,-3.8948514,-3.3032577,-3.837281,-3.782169,-3.7074692,-4.275969,-4.211223,-4.2112226,-4.1429863,-4.1314974,-4.0549874,-3.1448045,-4.5099344,-3.5029817,-3.8378403,-3.8378403,-3.795126,-3.8007414,-3.7741523,-4.6046085,-3.555439,-2.8804038,-2.8338544,-2.8338542,-2.8339088,-2.9805171,-2.833012,-2.9417448,-3.0806227,-2.9512682,-3.6011686,-3.6011682,-3.5954418,-2.4767487,-3.6110463,-3.5978274,-3.0876267,-3.974662,-4.0323343,-4.0323343,-4.0162163,-3.78372,-3.8476405,-3.1795597
ClC(Cl)C(c1ccc(Cl)cc1)c2ccccc2Cl ,-6.51,-5.0236497,-4.573844,-4.2375236,-4.2375236,-4.213914,-4.54498,-4.1748614,-3.9564748,-6.498535,-6.1682634,-6.31392,-6.313919,-6.2442865,-6.2375965,-6.2101774,-6.539173,-6.1450586,-5.3137016,-5.275127,-5.2751265,-5.3094563,-5.4195743,-5.095828,-6.2615905,-6.7755075,-5.1269274,-5.9085007,-5.9085,-5.7649827,-4.760779,-6.1628833,-5.7600036,-5.637836,-4.136269,-4.0849376,-4.0849376,-4.0729613,-4.0590124,-4.0643687,-4.6573296,-3.771071,-3.818052,-4.452721,-4.4527216,-4.398258,-4.387187,-4.5427823,-4.9103193,-6.67219,-5.557057,-6.2257175,-6.2257175,-5.744649,-6.485915,-6.096767,-6.710497,-6.727687,-7.030312,-7.16625,-7.1662498,-7.1218667,-5.653508,-7.0213823,-6.799542,-6.5173507,-6.470516,-6.4145303,-6.4145303,-6.4320197,-6.368614,-6.4925337,-6.37794
CCC(C)C1(CC=C)C(=O)NC(=O)NC1=O,-2.016,-2.584557,-3.2853403,-3.2221868,-3.2221866,-3.2059565,-3.5424242,-3.160488,-2.7066288,-2.314943,-2.025321,-1.7130502,-1.7130506,-1.6876863,-1.7458186,-1.6522155,-2.5141273,-2.1968794,-3.5868666,-3.2096083,-3.209608,-3.2118385,-3.5215554,-3.1720946,-1.6785973,-2.2743728,-1.8405182,-2.5194044,-2.5194044,-2.3309286,-1.7776904,-2.6079223,-2.3644285,-2.3152578,-3.2725952,-3.1102273,-3.1102273,-3.092385,-3.168857,-3.0483732,-2.6710322,-2.4638228,-2.779401,-3.1369483,-3.1369483,-3.0805297,-3.152416,-3.096694,-3.4409003,-2.677775,-2.2786915,-2.3263748,-2.3263745,-2.3660216,-2.6482959,-2.399317,-2.451629,-1.9374021,-1.7945894,-2.30345,-2.3034499,-2.3314185,-1.2632296,-2.3792405,-2.2470567,-1.9592654,-1.9732856,-1.8764966,-1.8764966,-1.8740152,-1.8503139,-2.023477,-2.0504427
COc1cc(cc(OC)c1O)C6C2C(COC2=O)C(OC4OC3COC(C)OC3C(O)C4O)c7cc5OCOc5cc67,-3.571,-4.4371595,-9.977859,-8.328693,-8.328693,-8.296033,-8.449327,-8.305579,-3.6330893,-4.3733573,-4.3545,-3.9359698,-3.9359684,-3.9928515,-4.4505706,-3.9720933,-4.254129,-3.6218572,-7.6014357,-6.557853,-6.5578547,-6.678203,-7.305496,-7.420528,-3.7915137,-4.064764,-2.7869802,-4.865934,-4.8659344,-4.563881,-4.263725,-4.7426405,-3.712682,-3.4938037,-8.84942,-7.9300094,-7.9300094,-7.9143586,-7.5548644,-8.090235,-3.2018337,-5.259058,-6.494429,-6.1752763,-6.1752768,-5.9301558,-5.971607,-5.3666525,-5.652512,-2.866898,-4.3675895,-3.4011204,-3.4011211,-4.3265715,-3.2918825,-3.347827,-2.9971523,-3.9484305,-5.669388,-5.73279,-5.7327895,-5.7463975,-4.5056334,-5.737587,-5.1780133,-3.6208184,-6.1553326,-6.6489973,-6.6489983,-6.5414915,-4.7551947,-6.1466165,0.16759622
CCOP(=S)(OCC)SCn1c(=O)oc2cc(Cl)ccc12,-5.233,-5.7203546,-5.2948,-4.991323,-4.991323,-4.92478,-5.18829,-4.8334365,-4.814496,-4.929251,-4.5038033,-4.3598084,-4.3598084,-4.266291,-4.893858,-4.2200484,-4.6673036,-5.0408583,-5.424926,-5.180514,-5.1805143,-5.1537833,-5.391555,-5.2867517,-5.19825,-4.585116,-4.619924,-5.3841805,-5.3841805,-5.283951,-4.0974917,-5.2848134,-4.271665,-4.626751,-4.9421062,-4.746428,-4.746428,-4.6826844,-4.704655,-4.6006794,-4.6790786,-4.3351297,-4.466727,-4.9820457,-4.9820457,-4.92018,-4.895486,-4.9830885,-4.9088006,-3.9341621,-4.378716,-3.292352,-3.2923522,-4.0553555,-3.7829885,-3.6445885,-3.9640055,-4.9346323,-4.8342886,-5.3272696,-5.3272696,-5.157657,-3.8987286,-4.998023,-5.5448413,-5.270191,-5.2395782,-5.1562386,-5.1562395,-5.169793,-4.8276253,-5.247999,-5.2019615
COc1ccc(NC(=O)N(C)C)cc1Cl,-2.564,-3.6586933,-3.7128556,-3.5746062,-3.5746064,-3.6056206,-4.0092244,-3.6525495,-3.0581257,-3.1451402,-3.8137302,-2.3756416,-2.3756409,-2.35272,-2.849123,-2.3807602,-2.8856747,-2.508652,-3.6028357,-3.3944173,-3.3944173,-3.3793578,-3.4317677,-3.498169,-2.1805623,-2.9536834,-2.4537044,-3.2922778,-3.292277,-3.169463,-2.3491719,-3.1294024,-2.8442216,-3.6854496,-3.3318121,-3.2256334,-3.2256331,-3.2729125,-3.2846575,-3.3154228,-2.9909854,-2.7201996,-3.9588392,-3.6796322,-3.6796322,-3.674058,-3.7070072,-3.7016292,-3.5531304,-3.5132973,-3.5778005,-3.2809954,-3.2809958,-3.754437,-3.557228,-3.3050299,-3.2803109,-2.396296,-2.3685672,-2.8679438,-2.8679435,-2.8817008,-1.9535195,-2.9317207,-3.006006,-2.5533907,-2.554675,-2.5225708,-2.5225708,-2.5320585,-2.489184,-2.5884721,-2.593317
c1c(NC(=O)c2ccccc2(I))cccc1,-4.21,-5.3056116,-3.97256,-3.8347838,-3.834784,-3.8289778,-4.2394,-3.8467245,-4.134331,-4.438028,-5.004221,-5.0196986,-5.0196967,-4.966563,-5.4323893,-4.9675064,-5.037803,-4.192957,-4.6938076,-4.593944,-4.593944,-4.591089,-4.911217,-4.5847406,-4.4212523,-4.0374174,-3.1557364,-4.1396866,-4.139687,-3.8593278,-3.0162199,-3.8188744,-3.4730592,-4.1088495,-3.3341732,-3.3327765,-3.3327765,-3.3676589,-3.3787985,-3.4165108,-3.0558162,-4.914503,-4.1741796,-4.420776,-4.420776,-4.412868,-4.3692646,-4.2693233,-4.8090653,-3.7820728,-3.7247915,-3.3827527,-3.3827527,-3.5574224,-3.6710458,-3.4974723,-3.3949175,-4.681916,-4.6331515,-5.3466635,-5.346663,-5.2783217,-3.6878436,-5.231735,-5.085449,-4.090257,-4.0310016,-3.9374483,-3.937448,-3.9310112,-3.8783288,-4.1348176,-4.206079
CC1=CCCCC1,-3.27,-1.2743094,-1.9080906,-1.2755826,-1.2755824,-1.2791607,-1.3792573,-1.2866982,-0.90155375,-2.2945983,-1.6737688,-2.1501899,-2.1501899,-2.1405232,-2.0957856,-2.1247814,-1.8572757,-3.0195212,-1.8720545,-2.042495,-2.0424948,-2.0428836,-1.941031,-2.063365,-2.8315964,-2.9843655,-1.8094069,-2.653386,-2.6533856,-2.6907127,-1.8588386,-2.8075392,-2.3641136,-1.7330294,-1.5941414,-1.3083714,-1.308371,-1.3189107,-1.2263982,-1.3054408,-1.1483443,-1.7543726,-1.7017478,-1.2461116,-1.2461118,-1.2513715,-1.23517,-1.3137131,-1.013677,-3.1554954,-3.842405,-2.5224645,-2.522464,-3.3536568,-2.937118,-2.654922,-2.7587998,-2.8960922,-2.7182994,-3.2051692,-3.205169,-3.2189424,-2.4060977,-3.2025416,-2.9777656,-2.912796,-2.002365,-1.843812,-1.8438118,-1.8339846,-2.2798905,-2.3088918,-2.6584902
CCCCCCl,-2.73,-1.9952834,-1.9683843,-1.5765676,-1.576568,-1.571928,-1.8433623,-1.5477451,-1.4590857,-1.6868865,-1.7114121,-1.8337833,-1.8337826,-1.81833,-1.7028288,-1.7865057,-1.6506767,-2.307626,-1.5015953,-1.6396102,-1.63961,-1.6409149,-1.5745758,-1.6563143,-2.0738351,-2.9100623,-1.9817361,-2.5739894,-2.5739903,-2.6007721,-1.9183164,-2.7264454,-2.3371458,-2.3914242,-2.0047524,-1.8243369,-1.8243368,-1.8563935,-1.6602523,-1.8303987,-1.9416676,-1.3216919,-2.3194842,-2.3195624,-2.3195624,-2.3008747,-2.2633474,-2.2021847,-1.3491825,-2.7608125,-3.0536044,-2.660402,-2.6604018,-2.77935,-3.1465445,-2.9812784,-2.7763553,-2.7971509,-2.5636842,-2.7957282,-2.795728,-2.886507,-1.9907972,-2.8524294,-2.5283778,-2.785064,-3.0769396,-3.0658133,-3.065813,-3.0685277,-3.0796087,-3.135631,-2.953501
CCCCCCCC(=O)OC,-3.17,-3.3221462,-3.1862535,-2.999375,-2.999375,-2.9366317,-3.3116336,-2.8434684,-2.5230405,-2.1913435,-3.0198238,-2.748122,-2.7481217,-2.7119582,-3.0044308,-2.7492166,-2.6559088,-2.0396237,-2.833253,-2.8258653,-2.825865,-2.8230498,-2.7373245,-2.8496366,-2.9552608,-2.7091944,-2.4285767,-3.0663536,-3.0663536,-3.038409,-2.3748317,-3.1213672,-2.7449162,-3.739306,-3.0156841,-2.8654687,-2.8654685,-2.8683727,-2.887978,-2.805527,-2.9551153,-3.6533036,-3.8484488,-3.6218958,-3.6218956,-3.1575615,-3.6442077,-3.1058607,-3.866572,-2.9204762,-3.52584,-2.730912,-2.7309124,-3.7068849,-2.8600585,-2.713221,-2.536119,-2.2135444,-2.7345574,-3.1575162,-3.157516,-3.215688,-2.146439,-3.2147515,-3.1534853,-3.0332367,-2.995525,-2.9502044,-2.9502044,-2.987,-2.895464,-3.1998944,-3.1304998
