Compound ID,smiles,measured log solubility in mols per litre,RotB,Flexibility,SIL_prediction,row,n_requested,n_generated,uff_E_min_kcal_mol,uff_E_max_kcal_mol,uff_delta_E_kcal_mol,uff_mean_relative_E_kcal_mol,uff_median_relative_E_kcal_mol,n_low_energy_5kcal,rmsd_mean_A,rmsd_median_A,rmsd_max_A,rmsd_mean_lowE5_A,rmsd_median_lowE5_A,rmsd_max_lowE5_A,status,target_5,MIL_5,nconf_5,target_10,MIL_10,nconf_10,target_15,MIL_15,nconf_15,target_20,MIL_20,nconf_20,SIL_error,SIL_abs_error,MIL_5_error,MIL_5_abs_error,improvement_5,squared_error_improvement_5,MIL_10_error,MIL_10_abs_error,improvement_10,squared_error_improvement_10,MIL_15_error,MIL_15_abs_error,improvement_15,squared_error_improvement_15,MIL_20_error,MIL_20_abs_error,improvement_20,squared_error_improvement_20
cis-2-Pentene,CC/C=C\C,-2.54,1,1–3 RotB,-2.5773000000000046,0,20,20,3.503550818183395,4.632096142480792,1.1285453242973973,1.072118048066623,1.1285453123414362,20,0.7687495518518908,1.0666243277091128,1.3977373073292525,0.7687493702367119,1.0666243276760838,1.3977373073292512,OK,-2.54,-1.3907324075698853,5,-2.54,-2.2492663860321045,10,-2.54,-2.2097768783569336,15,-2.54,-2.65439415,20,-0.03730000000000455,0.03730000000000455,1.1492675924301148,1.1492675924301148,-1.1119675924301102,-1.319424709010112,0.29073361396789554,0.29073361396789554,-0.253433613967891,-0.08313474429083297,0.33022312164306644,0.33022312164306644,-0.2929231216430619,-0.10765602006769112,-0.11439414999999986,0.11439414999999986,-0.07709414999999531,-0.011694731554222128
5-(3-Methyl-2-butenyl)-5-ethylbarbital,O=C1NC(=O)NC(=O)C1(CC)CC=C(C)C,-2.253,3,1–3 RotB,-2.249765234920633,1,20,20,22.55189597760269,30.777339710959136,8.225443733356446,2.8277537622561844,2.049814806980537,17,1.4671746012020097,1.5264218845352753,2.3193363064350025,1.40886332656577,1.5014768022416467,2.163841141592488,OK,-2.253,-2.212022304534912,5,-2.253,-2.405833959579468,10,-2.253,-2.383718490600586,15,-2.253,-2.5980599,20,0.0032347650793669303,0.0032347650793669303,0.040977695465088004,0.040977695465088004,-0.037742930385721074,-0.0016687078205108023,-0.1528339595794681,0.1528339595794681,-0.14959919450010117,-0.0233477554956198,-0.13071849060058582,0.13071849060058582,-0.1274837255212189,-0.017076860079776754,-0.34505989999999986,0.34505989999999986,-0.34182513492063293,-0.11905587088289121
Terbacil,Cc1[nH]c(=O)n(c(=O)c1Cl)C(C)(C)C,-2.484,0,0 RotB,-2.1682173333333354,2,20,20,43.98911756176516,44.01483663986215,0.0257190780969907,0.0128595092134887,0.0128595077460396,20,0.4554883934169365,0.6534368894168197,0.8481217760060217,0.4554883594494728,0.653436889416818,0.8481217760061017,OK,-2.484,-2.365332126617432,5,-2.484,-2.7726378440856934,10,-2.484,-2.5451481342315674,15,-2.484,-3.1788793,20,0.31578266666666455,0.31578266666666455,0.1186678733825679,0.1186678733825679,0.19711479328409665,0.0856366283939686,-0.2886378440856934,0.2886378440856934,0.027144822580971173,0.01640688752867274,-0.0611481342315674,0.0611481342315674,0.25463453243509715,0.09597959824710799,-0.6948793000000002,0.6948793000000002,-0.37909663333333565,-0.38313854900138056
trans-2-Pentene ,CC/C=C/C,-2.54,1,1–3 RotB,-2.5773000000000046,3,20,20,2.332057294611137,2.332057303015937,8.404799967109966e-09,1.7532178597789991e-09,1.2018388506618294e-09,20,0.5619804072277413,1.0785388947635255,1.0785466804185229,0.5619799978379849,1.0785388947621375,1.078546680418522,OK,-2.54,-1.71751606464386,5,-2.54,-2.031599760055542,10,-2.54,-2.261775016784668,15,-2.54,-2.4626919000000003,20,-0.03730000000000455,0.03730000000000455,0.82248393535614,0.82248393535614,-0.7851839353561354,-0.6750885339189227,0.508400239944458,0.508400239944458,-0.4711002399444535,-0.2570795139755822,0.27822498321533207,0.27822498321533207,-0.24092498321532752,-0.07601785128517147,0.07730809999999977,0.07730809999999977,-0.04000809999999522,-0.004585252325609624
"P,P'-DDD",ClC(Cl)C(c1ccc(Cl)cc1)c2ccc(Cl)cc2 ,-7.2,3,1–3 RotB,-6.855826833333325,4,20,20,29.727781903066333,34.32441501003079,4.5966331069644575,3.1794538234925804,3.830856306378813,20,0.8349704394189874,0.8646964797230365,1.411757180652214,0.8349703453234855,0.8646964797230343,1.4117571805957514,OK,-7.2,-6.713656425476074,5,-7.2,-6.879209041595459,10,-7.2,-7.050041198730469,15,-7.2,-6.715192,20,0.34417316666667475,0.34417316666667475,0.48634357452392596,0.48634357452392596,-0.1421704078572512,-0.11807490382734287,0.3207909584045412,0.3207909584045412,0.023382208262133553,0.015548329659262589,0.14995880126953143,0.14995880126953143,0.19421436539714332,0.09596752657517185,0.4848080000000001,0.4848080000000001,-0.14063483333332538,-0.11658362821063345
Benzaldehyde,O=Cc1ccccc1,-1.19,1,1–3 RotB,-0.5811080000000004,5,20,20,12.48166379009553,12.4816638195232,2.942766919034057e-08,5.889682785920058e-09,7.820428749027997e-10,20,5.414765719341173e-06,5.5104934235170175e-06,1.6573796980161163e-05,4.189957429163474e-06,3.555374616180088e-06,1.3630840765481363e-05,OK,-1.19,-1.4171775579452517,5,-1.19,-1.1659371852874756,10,-1.19,-1.3677144050598145,15,-1.19,-1.65624225,20,0.6088919999999995,0.6088919999999995,-0.22717755794525174,0.22717755794525174,0.3817144420547478,0.3191398248300312,0.02406281471252436,0.02406281471252436,0.5848291852874752,0.3701704486121102,-0.1777144050598145,0.1777144050598145,0.43117759494018504,0.33916705789823565,-0.4662422500000001,0.4662422500000001,0.14264974999999946,0.15336763197893688
osthole,c1cc2ccc(OC)c(CC=C(C)(C))c2oc1=O ,-4.314,3,1–3 RotB,-3.987731999999992,6,20,20,33.238256847679914,35.42454006338406,2.186283215704144,1.1333236818994663,1.1517704918032088,20,1.242800335108449,1.38559722065032,2.209547594491839,1.242800327573906,1.3855972206344107,2.2095475944867458,OK,-4.314,-3.395772933959961,5,-4.314,-3.492400884628296,10,-4.314,-3.5377986431121826,15,-4.314,-3.4126711,20,0.3262680000000082,0.3262680000000082,0.9182270660400391,0.9182270660400391,-0.5919590660400309,-0.7366901369844929,0.8215991153717042,0.8215991153717042,-0.49533111537169594,-0.5685742985555614,0.7762013568878174,0.7762013568878174,-0.4499333568878092,-0.49603773861048356,0.9013289000000002,0.9013289000000002,-0.575060899999992,-0.705942978151205
nifuroxime,ON=Cc1ccc(o1)N(=O)=O ,-2.19,2,1–3 RotB,-1.8188600190476212,7,20,20,36.0766880371973,45.27669770218981,9.200009664992509,3.210098801660932,2.145166607561123,15,0.93510914037931,0.8815619893394296,1.7943720055137793,0.8442391706912683,0.8449284984151377,1.7454737543217538,OK,-2.19,-1.6163885593414309,5,-2.19,-1.1290913820266724,10,-2.19,-2.253873109817505,15,-2.19,-2.018877,20,0.37113998095237877,0.37113998095237877,0.5736114406585691,0.5736114406585691,-0.2024714597061903,-0.19128519939306704,1.0609086179733276,1.0609086179733276,-0.6897686370209488,-0.9877822102287439,-0.06387310981750494,0.06387310981750494,0.30726687113487383,0.13366511130357303,0.17112300000000014,0.17112300000000014,0.20001698095237863,0.10846180433233202
"2,3,3',4,4'6-PCB",Clc1ccc(c(Cl)c1Cl)c2c(Cl)cc(Cl)c(Cl)c2Cl ,-7.66,1,1–3 RotB,-8.36122050577202,8,20,20,37.037868363751855,37.03786900663277,6.4288091294884e-07,8.882466104864762e-08,5.348338305566359e-08,20,1.2233496754078823,2.3240968211543,2.324415391063513,1.223349640637717,2.32409682115515,2.3244153910648007,OK,-7.66,-8.88282299041748,5,-7.66,-8.565975189208984,10,-7.66,-8.796904563903809,15,-7.66,-8.4493515,20,-0.7012205057720191,0.7012205057720191,-1.2228229904174803,1.2228229904174803,-0.5216024846454612,-1.003585868178383,-0.9059751892089842,0.9059751892089842,-0.20475468343696512,-0.32908084574708846,-1.1369045639038085,1.1369045639038085,-0.43568405813178934,-0.8008417897101425,-0.7893515000000004,0.7893515000000004,-0.08813099422798132,-0.13136559283708443
Monolinuron,CON(C)C(=O)Nc1ccc(Cl)cc1,-2.57,2,1–3 RotB,-2.785174666666667,9,20,20,22.39612402997149,23.236883295366763,0.840759265395274,0.4291281827650602,0.6472834595268946,20,1.0867157601303334,1.1966591071070636,1.553776491352476,1.0867156390830734,1.1966591071290835,1.5537764913524752,OK,-2.57,-2.492805957794189,5,-2.57,-2.696828842163086,10,-2.57,-2.976847648620605,15,-2.57,-2.89456,20,-0.21517466666666696,0.21517466666666696,0.07719404220581083,0.07719404220581083,0.13798062446085613,0.04034121702303873,-0.1268288421630861,0.1268288421630861,0.08834582450358086,0.03021458197068223,-0.4068476486206052,0.4068476486206052,-0.19167298195393823,-0.11922487201300418,-0.32455999999999996,0.32455999999999996,-0.109385333333333,-0.05903905642488874
Progesterone,CC(=O)C1CCC2C3CCC4=CC(=O)CCC4(C)C3CCC12C,-4.42,1,1–3 RotB,-4.958436500000023,10,20,20,64.58485239057711,84.314025328522,19.72917293794489,11.689645780226574,11.94568535645297,3,1.886117816592003,1.9093193237383816,2.792056631135208,1.5369563996641522,1.4019756233370062,1.8420726422206983,OK,-4.42,-4.792044639587402,5,-4.42,-4.871100425720215,10,-4.42,-5.135470867156982,15,-4.42,-4.8167615,20,-0.5384365000000226,0.5384365000000226,-0.3720446395874024,0.3720446395874024,0.16639186041262022,0.15149665068655419,-0.4511004257202149,0.4511004257202149,0.08733607427980772,0.08642227044731524,-0.7154708671569825,0.7154708671569825,-0.17703436715695986,-0.22198469721809017,-0.3967615000000002,0.3967615000000002,0.14167500000002242,0.1324941766500242
Acephate,COP(=O)(NC(C)=O)SC ,0.54,3,1–3 RotB,-1.5335128476190494,11,20,20,4.848259722352045,6.715196620230374,1.866936897878329,0.5858119547013957,0.4928232730287929,20,1.4003696118736777,1.4374649243327502,2.013287773361513,1.4003696214192234,1.4374649243333435,2.013287773383341,OK,0.54,-1.5280882120132446,5,0.54,-1.078702092170715,10,0.54,-1.8369336128234863,15,0.54,-1.17295365,20,-2.0735128476190496,2.0735128476190496,-2.0680882120132447,2.0680882120132447,0.005424635605804973,0.022466676573120736,-1.6187020921707151,1.6187020921707151,0.4548107554483345,1.6792590660434095,-2.3769336128234864,2.3769336128234864,-0.3034207652044367,-1.3503578705288515,-1.71295365,1.71295365,0.36055919761904964,1.365245322192937
"1,3,5-Trimethylbenzene ",Cc1cc(C)cc(C)c1,-3.4,0,0 RotB,-3.234324047619047,12,20,20,16.57762156392688,16.615700623294394,0.0380790593675151,0.0304631950029961,0.0380789841372593,20,0.1309759237966775,5.175964199152998e-05,0.388766466873308,0.1309759238182742,5.175971902297764e-05,0.3887664668733114,OK,-3.4,-2.6207337379455566,5,-3.4,-3.060647964477539,10,-3.4,-3.02480697631836,15,-3.4,-3.86985065,20,0.165675952380953,0.165675952380953,0.7792662620544433,0.7792662620544433,-0.6135903096734903,-0.5798073859789685,0.33935203552246085,0.33935203552246085,-0.17367608314150784,-0.08771128281590172,0.3751930236816401,0.3751930236816401,-0.20951707130068709,-0.11332128382203595,-0.46985065000000015,0.46985065000000015,-0.30417469761904714,-0.19331111210808682
"1,1,1,2-Tetrachloroethane",ClCC(Cl)(Cl)Cl,-2.18,0,0 RotB,-2.295716,13,20,20,1.949738981153234,1.9497389834829195,2.3296855555798852e-09,5.059833885212584e-10,8.719469590801053e-11,20,2.4416402529245665e-06,1.8794526634935196e-06,1.0640430803986936e-05,2.2580000134539654e-06,1.4680130229158554e-06,1.064053514351996e-05,OK,-2.18,-2.0166964530944824,5,-2.18,-1.951504111289978,10,-2.18,-2.205090284347534,15,-2.18,-2.1268405,20,-0.11571599999999993,0.11571599999999993,0.16330354690551774,0.16330354690551774,-0.04758754690551781,-0.013277855775922649,0.22849588871002213,0.22849588871002213,-0.1127798887100222,-0.038820178501382835,-0.02509028434753402,0.02509028434753402,0.09062571565246591,0.012760670287359874,0.053159500000000026,0.053159500000000026,0.0625564999999999,0.010564260215749981
nitrofurantoin,O=C2CN(N=Cc1ccc(o1)N(=O)=O)C(=O)N2 ,-3.38,3,1–3 RotB,-2.4364185000000007,14,20,20,66.18318922108132,76.06317728317528,9.879988062093958,2.555066132311248,3.0030995434149688,18,1.297935022139477,1.6825476871594254,2.2362908252633806,1.144595241401534,0.9521547055278906,1.8942659843559937,OK,-3.38,-3.069022417068481,5,-3.38,-3.2966842651367188,10,-3.38,-3.630254030227661,15,-3.38,-3.65958925,20,0.9435814999999992,0.9435814999999992,0.3109775829315189,0.3109775829315189,0.6326039170684803,0.7936389900563187,0.08331573486328114,0.08331573486328114,0.860265765136718,0.8834045354664398,-0.25025403022766124,0.25025403022766124,0.693327469772338,0.8277189674970612,-0.2795892499999999,0.2795892499999999,0.6639922499999993,0.812175898426686
Propyl butyrate,CCCC(=O)OC,-1.92,2,1–3 RotB,-0.7099056666666693,15,20,20,4.071476966726438,4.807118174089882,0.735641207363444,0.2729606182739009,3.359667655189469e-09,20,1.036472282896273,1.255139365844425,1.6244029049042883,1.0364721917456898,1.2551393658160732,1.624402904752576,OK,-1.92,-0.352521002292633,5,-1.92,-0.7725449204444885,10,-1.92,-0.7498342990875244,15,-1.92,-0.92948495,20,1.2100943333333305,1.2100943333333305,1.5674789977073669,1.5674789977073669,-0.3573846643740364,-0.992662112688254,1.1474550795555114,1.1474550795555114,0.06263925377781909,0.14767513596769244,1.1701657009124755,1.1701657009124755,0.03992863242085498,0.09504052797345253,0.99051505,0.99051505,0.21957928333333054,0.4832082312889351
Propoxur,CNC(=O)Oc1ccccc1OC(C)C,-2.05,3,1–3 RotB,-2.6444566666666667,16,20,20,25.0824648624768,28.154094455388545,3.071629592911748,1.153336203223544,1.1213836572982494,20,1.1865609975360027,1.3038394932973996,1.7780641792877965,1.1865609953440983,1.3038394932973971,1.77806417928371,OK,-2.05,-2.381171226501465,5,-2.05,-2.211381435394287,10,-2.05,-2.4275825023651123,15,-2.05,-2.3564221,20,-0.5944566666666669,0.5944566666666669,-0.331171226501465,0.331171226501465,0.26328544016520183,0.24370434728196005,-0.1613814353942873,0.1613814353942873,0.43307523127237957,0.3273347608545242,-0.3775825023651125,0.3775825023651125,0.21687416430155437,0.2108101824521445,-0.30642210000000025,0.30642210000000025,0.2880345666666666,0.25948422517603453
hexacosane,CCCCCCCCCCCCCCCCCCCCCCCCCC,-8.334,23,≥7 RotB,-8.101894039971139,17,20,20,30.94857715907509,41.44862239207372,10.500045232998636,6.390159578999988,7.72142621025516,6,3.1203934797085013,2.9685180522514787,4.646844655533892,3.475485630966014,3.5201095744073108,4.642472263981852,OK,-8.334,-8.191043853759766,5,-8.334,-8.25094985961914,10,-8.334,-7.680448532104492,15,-8.334,-7.895047999999999,20,0.23210596002886064,0.23210596002886064,0.142956146240234,0.142956146240234,0.08914981378862663,0.033436716933059885,0.083050140380859,0.083050140380859,0.14905581964800163,0.04697585086363867,0.6535514678955074,0.6535514678955074,-0.4214455078666468,-0.37325634450745343,0.43895200000000045,0.43895200000000045,-0.20684603997113982,-0.13880568162308132
"1,2,3,4-Tetrahydronapthalene",C1CCc2ccccc2C1,-4.37,0,0 RotB,-3.140440390476187,18,20,20,20.582423814012536,25.81976121763445,5.237337403621915,0.5237337405485128,4.3837307117655655e-09,18,0.5327035008691404,0.8173757545839326,0.9169492158513964,0.4794532376393185,0.9169445263642264,0.9169492158513922,OK,-4.37,-3.165836334228516,5,-4.37,-3.972864627838135,10,-4.37,-3.817448854446411,15,-4.37,-3.72237195,20,1.2295596095238133,1.2295596095238133,1.204163665771484,1.204163665771484,0.02539594375232923,0.06180669940813366,0.3971353721618649,0.3971353721618649,0.8324242373619484,1.3541003295502092,0.552551145553589,0.552551145553589,0.6770084639702243,1.2065040649197685,0.6476280500000002,0.6476280500000002,0.581931559523813,1.0923947422255493
2-Isopropyltoluene,CC(C)c1ccccc1C,-3.76,1,1–3 RotB,-3.8539599999999914,19,20,20,20.59512770646715,24.808654910461865,4.213527203994715,0.6320290847487007,6.380929562510573e-09,20,0.2529929692084179,3.0768503361688425e-05,0.9197725416353948,0.252992688899078,3.07684451335357e-05,0.919772541635396,OK,-3.76,-2.5919337272644043,5,-3.76,-3.1841745376586914,10,-3.76,-3.284435510635376,15,-3.76,-3.1792285500000004,20,-0.0939599999999916,0.0939599999999916,1.1680662727355955,1.1680662727355955,-1.0741062727356039,-1.3555503359024281,0.5758254623413084,0.5758254623413084,-0.4818654623413168,-0.3227464814805831,0.4755644893646238,0.4755644893646238,-0.3816044893646322,-0.21733310194463698,0.5807714499999994,0.5807714499999994,-0.4868114500000078,-0.3284669955351034
chloralose,OCC(O)C2OC1OC(OC1C2O)C(Cl)(Cl)Cl ,-1.84,2,1–3 RotB,-2.1565771333333315,20,20,20,19.639303235425697,26.33656746468876,6.697264229263059,2.7969565951963724,2.441876137748672,17,1.797813604782177,1.8460007076112648,2.330693630195796,1.7905831828539402,1.8521431631385836,2.330693630158307,OK,-1.84,-1.6419256925582886,5,-1.84,-1.7178568840026855,10,-1.84,-1.9514985084533687,15,-1.84,-1.5561929,20,-0.3165771333333314,0.3165771333333314,0.1980743074417115,0.1980743074417115,0.11850282589161987,0.06098765008103622,0.12214311599731453,0.12214311599731453,0.19443401733601684,0.08530214056401643,-0.11149850845336862,0.11149850845336862,0.20507862487996276,0.08778916396222396,0.2838071,0.2838071,0.032770033333331394,0.019674611339139877
Anthracene,c1ccc2cc3ccccc3cc2c1,-6.35,0,0 RotB,-5.189960333333359,21,20,20,32.83302883154383,32.83302904827177,2.1672794048299693e-07,4.995912981087258e-08,3.4280564165101175e-08,20,7.772637050902339e-06,7.70956788898807e-06,1.7502093104866908e-05,7.736782598738733e-06,7.701331477627019e-06,1.750219459853845e-05,OK,-6.35,-5.211194038391113,5,-6.35,-5.491703510284424,10,-6.35,-5.483213901519775,15,-6.35,-5.93830525,20,1.1600396666666404,1.1600396666666404,1.1388059616088864,1.1388059616088864,0.021233705057754015,0.04881301004410976,0.8582964897155758,0.8582964897155758,0.30174317695106456,0.6090191639819706,0.8667860984802243,0.8667860984802243,0.2932535681864161,0.5943738877214811,0.41169474999999967,0.41169474999999967,0.7483449166666407,1.176199461062488
Erythritol,OCC(O)C(O)CO,0.7,3,1–3 RotB,-0.3810991666666668,22,20,20,9.972202039234457,14.111144760194746,4.138942720960291,1.207294788632932,1.118290365241788,20,1.5075987348999147,1.5389213208637555,2.12956330365538,1.5075987348998234,1.5389213208637549,2.1295633036553805,OK,0.7,0.5139485001564026,5,0.7,0.6643512845039368,10,0.7,0.403976708650589,15,0.7,0.71052116,20,-1.0810991666666667,1.0810991666666667,-0.18605149984359737,0.18605149984359737,0.8950476668230694,1.134160247573309,-0.03564871549606319,0.03564871549606319,1.0454504511706035,1.167504577250842,-0.29602329134941097,0.29602329134941097,0.7850758753172558,1.081145619146023,0.01052116000000003,0.01052116000000003,1.0705780066666666,1.1686647133596155
Dioxacarb,CNC(=O)Oc1ccccc1C2OCCO2,-1.57,2,1–3 RotB,-2.518317266666665,23,20,20,25.557280247056607,29.205401235526057,3.6481209884694503,0.9949336747529068,1.0452781469410972,20,0.9259036377015216,1.2328455763573607,1.5329984644866628,0.9259036029331008,1.2328455763815702,1.5329984644866737,OK,-1.57,-1.9677693843841555,5,-1.57,-1.5909316539764404,10,-1.57,-2.179929494857788,15,-1.57,-1.9701735,20,-0.9483172666666648,0.9483172666666648,-0.39776938438415543,0.39776938438415543,0.5505478822825094,0.7410851551047842,-0.020931653976440368,0.020931653976440368,0.9273856126902245,0.8988675041199449,-0.609929494857788,0.609929494857788,0.3383877718088768,0.5272916495606578,-0.40017349999999996,0.40017349999999996,0.5481437666666649,0.7391668081558843
p-Nitrophenol,Oc1ccc(cc1)N(=O)=O,-0.74,1,1–3 RotB,-1.4618220952380954,24,20,20,14.461806728869975,14.461826550571054,1.982170107694969e-05,1.2882009273873508e-05,1.9816780648440613e-05,20,0.0204205664667918,1.3925795524932544e-05,0.0426313322315153,0.0204202973166532,1.372696238712134e-05,0.042631332231582,OK,-0.74,-1.7856365442276,5,-0.74,-1.7588844299316406,10,-0.74,-2.258244752883911,15,-0.74,-1.8248479,20,-0.7218220952380954,0.7218220952380954,-1.0456365442276,1.0456365442276,-0.32381444898950473,-0.5723286454503239,-1.0188844299316406,1.0188844299316406,-0.29706233469354526,-0.5170983443832103,-1.5182447528839111,1.5182447528839111,-0.7964226576458158,-1.784039992485614,-1.0848479,1.0848479,-0.3630258047619046,-0.6558678289604959
"2,2',3,4,5-PCB",Clc1cc(Cl)c(cc1Cl)c2cccc(Cl)c2Cl ,-7.21,1,1–3 RotB,-7.61587445598846,25,20,20,33.60085934757604,33.701371143260786,0.1005117956847456,0.0804094226532747,0.1005117650025511,20,1.1877908563507291,2.010812993010488,2.286188261454266,1.1877905991660462,2.01081299299301,2.286188261454261,OK,-7.21,-7.39323616027832,5,-7.21,-7.47769832611084,10,-7.21,-7.605071544647217,15,-7.21,-7.461235650000001,20,-0.40587445598846017,0.40587445598846017,-0.18323616027832035,0.18323616027832035,0.22263829571013982,0.13115858359038618,-0.2676983261108399,0.2676983261108399,0.1381761298776203,0.0930716802213829,-0.39507154464721683,0.39507154464721683,0.010802911341243338,0.008652548633990648,-0.2512356500000008,0.2512356500000008,0.15463880598845936,0.10161472219300557
Propyl formate,CCCOC=O,-0.49,3,1–3 RotB,-0.2540647142857146,26,20,20,2.669946680196747,5.248806637114447,2.5788599569177,0.7500258349458502,0.6643023926012692,20,1.0720583600418443,1.177511039757448,1.6581663849205506,1.0720583292345705,1.177511039757447,1.6581663849205497,OK,-0.49,-0.3033314645290375,5,-0.49,-0.0082471817731857,10,-0.49,-0.4347859919071197,15,-0.49,-0.33540042,20,0.2359352857142854,0.2359352857142854,0.18666853547096252,0.18666853547096252,0.04926675024332289,0.020820316910207498,0.4817528182268143,0.4817528182268143,-0.2458175325125289,-0.1764203188243965,0.055214008092880296,0.055214008092880296,0.1807212776214051,0.052616872355400836,0.15459958000000001,0.15459958000000001,0.08133570571428539,0.03176442890890509
Isopropyl formate,CC(C)OC=O,-0.63,2,1–3 RotB,-0.1382786666666666,27,20,20,3.899387523340804,3.899387534076134,1.0735329958322382e-08,1.7153118481161302e-09,8.49571302197205e-10,20,0.3672760017098593,0.7048645625292058,0.7048717992347442,0.3672760016788728,0.7048645625292058,0.7048717992347496,OK,-0.63,-0.4376031756401062,5,-0.63,-0.0578103214502334,10,-0.63,-0.3836629390716553,15,-0.63,-0.421202745,20,0.4917213333333334,0.4917213333333334,0.1923968243598938,0.1923968243598938,0.2993245089734396,0.20477333163133934,0.5721896785497667,0.5721896785497667,-0.08046834521643326,-0.0856111585837741,0.24633706092834473,0.24633706092834473,0.24538427240498867,0.18110792206829615,0.20879725500000001,0.20879725500000001,0.2829240783333334,0.19819357595957615
Inosine,OCC1OC(C(O)C1O)n2cnc3c(O)ncnc23,-1.23,2,1–3 RotB,-1.836724666666672,28,20,20,72.86953185593796,82.0686638332121,9.199131977274137,2.237883231795112,1.6937628262800573,18,1.8766238138257056,1.9572722105264704,2.7085046189438,1.8706671270698167,1.9393453005502104,2.626714002895921,OK,-1.23,-1.4168086051940918,5,-1.23,-1.8408334255218504,10,-1.23,-1.6916203498840332,15,-1.23,-1.97520065,20,-0.6067246666666719,0.6067246666666719,-0.18680860519409181,0.18680860519409181,0.4199160614725801,0.3332173661672221,-0.6108334255218504,0.6108334255218504,-0.004108758855178474,-0.005002652592973833,-0.4616203498840332,0.4616203498840332,0.1451043167826387,0.15502147371472688,-0.7452006499999999,0.7452006499999999,-0.138475983333328,-0.1872091876186382
Chlorodibromethane,ClC(Br)Br,-1.9,0,0 RotB,-2.091175333333331,29,20,20,1.6951487695792319e-07,1.700561427053059e-07,5.412657473827369e-10,6.581016770302194e-11,2.4441012785233467e-12,20,3.7995523564363217e-07,2.528801154344608e-07,1.3746593780838897e-06,3.838978678916264e-07,2.493441183966624e-07,1.3692213145810377e-06,OK,-1.9,-1.5539008378982544,5,-1.9,-1.5139012336730957,10,-1.9,-1.7357195615768433,15,-1.9,-1.7709088999999998,20,-0.19117533333333103,0.19117533333333103,0.3460991621017455,0.3460991621017455,-0.15492382876841448,-0.0832366219324201,0.3860987663269042,0.3860987663269042,-0.19492343299357318,-0.11252424928404715,0.16428043842315665,0.16428043842315665,0.026894894910174383,0.009559945626605667,0.12909110000000013,0.12909110000000013,0.06208423333333091,0.0198834959759002
Diethyl sulfide,CCSCC,-1.34,2,1–3 RotB,-1.8084076666666635,30,20,20,0.8131442785504949,3.443455403208605,2.63031112465811,1.1465514314999588,1.0602658577015112,20,0.8628153873371532,1.041701736072313,1.4437439065151922,0.862815364466519,1.0417017360723153,1.4437439065151914,OK,-1.34,-1.6425654888153076,5,-1.34,-1.2281872034072876,10,-1.34,-1.7306755781173706,15,-1.34,-1.315859335,20,-0.46840766666666345,0.46840766666666345,-0.30256548881530754,0.30256548881530754,0.1658421778513559,0.1278598671700621,0.11181279659271248,0.11181279659271248,0.35659487007395096,0.2069036407102248,-0.3906755781173705,0.3906755781173705,0.07773208854929292,0.06677833485476642,0.024140665000000006,0.024140665000000006,0.44426700166666344,0.21882297048546587
Triphenylene,c1ccc2c(c1)c3ccccc3c4ccccc24,-6.726,0,0 RotB,-8.103172528571395,31,20,20,64.36252388527564,64.36252451165588,6.263802418970954e-07,1.346150455105999e-07,9.386558730284379e-08,20,1.70027648717277e-05,1.5842102228184883e-05,3.572549465050986e-05,1.6964441517507012e-05,1.584213205528464e-05,3.572565376179113e-05,OK,-6.726,-7.150819778442383,5,-6.726,-7.090291976928711,10,-6.726,-7.418188571929932,15,-6.726,-7.388893299999999,20,-1.3771725285713954,1.3771725285713954,-0.42481977844238283,0.42481977844238283,0.9523527501290125,1.7161323292958957,-0.36429197692871096,0.36429197692871096,1.0128805516426844,1.7638955289971023,-0.6921885719299317,0.6921885719299317,0.6849839566414637,1.4174791543413328,-0.6628932999999995,0.6628932999999995,0.7142792285713959,1.4571766462668416
2-Methylpentane,CCCC(C)C,-3.74,2,1–3 RotB,-3.516560000000005,32,20,20,5.594296187585662,8.437198715075091,2.842902527489429,1.065275590825126,0.5012109715578452,20,0.9132631588093388,1.1141300175132651,1.4136027468593897,0.9132629153818982,1.1141300175124478,1.4136027468593888,OK,-3.74,-3.3332338333129883,5,-3.74,-3.724151372909546,10,-3.74,-3.690443277359009,15,-3.74,-3.85568015,20,0.2234399999999952,0.2234399999999952,0.40676616668701193,0.40676616668701193,-0.18332616668701673,-0.11553328076124814,0.015848627090454315,0.015848627090454315,0.20759137290954088,0.049674254619345576,0.049556722640991424,0.049556722640991424,0.17388327735900377,0.0474695648410817,-0.11568014999999976,0.11568014999999976,0.10775984999999544,0.036543536495975415
"2,4-Dichlorophenol ",Oc1ccc(Cl)cc1Cl,-1.55,0,0 RotB,-1.5159753809523833,33,20,20,11.503185267668115,12.350429640195085,0.8472443725269692,0.5507088413226932,0.8472443703379611,20,0.1943890179806307,4.589901653925327e-06,0.4058657517914079,0.1943889109410353,3.3099716712915148e-06,0.4058657517914173,OK,-1.55,-1.5993540287017822,5,-1.55,-1.6973040103912354,10,-1.55,-1.6458784341812134,15,-1.55,-1.8010795000000002,20,0.03402461904761678,0.03402461904761678,-0.04935402870178218,0.04935402870178218,-0.015329409654165405,-0.001278145447760893,-0.1473040103912353,0.1473040103912353,-0.11327939134361853,-0.020540796776005715,-0.09587843418121333,0.09587843418121333,-0.06185381513359656,-0.008034999439705811,-0.2510795000000001,0.2510795000000001,-0.21705488095238334,-0.06188324061891462
Bromobenzene,Brc1ccccc1,-2.55,0,0 RotB,-2.5892310476190525,34,20,20,10.44247026349894,10.442470311546542,4.8047601453049544e-08,8.804382378713172e-09,5.030134531125441e-09,20,6.2482126543775e-06,5.62424534955126e-06,1.737176323861084e-05,5.930955323987024e-06,5.393726227017192e-06,1.7094569863471555e-05,OK,-2.55,-2.3896780014038086,5,-2.55,-2.3090968132019043,10,-2.55,-2.5742290019989014,15,-2.55,-2.6158501,20,-0.03923104761905272,0.03923104761905272,0.16032199859619123,0.16032199859619123,-0.12109095097713851,-0.024164068136588758,0.24090318679809553,0.24090318679809553,-0.2016721391790428,-0.056495270312189726,-0.024229001998901545,0.024229001998901545,0.015002045620151172,0.0009520305594256067,-0.06585010000000002,0.06585010000000002,-0.026619052380947306,-0.0027971605727216214
5-Nonanone,CCCCC(=O)CCCC,-2.58,6,4–6 RotB,-2.715610666666661,35,20,20,5.525194109459165,10.55447853351019,5.029284424051025,2.15451716479622,2.065383015770274,19,1.6146009211206491,1.6481190028835668,2.317168022997911,1.5923693905532783,1.6342825343735556,2.08929580002936,OK,-2.58,-2.566077947616577,5,-2.58,-2.483039617538452,10,-2.58,-2.786328077316284,15,-2.58,-2.7913545500000003,20,-0.13561066666666077,0.13561066666666077,0.013922052383422923,0.013922052383422923,0.12168861428323785,0.018196429371209407,0.09696038246154792,0.09696038246154792,0.03865028420511285,0.008988937146686528,-0.2063280773162841,0.2063280773162841,-0.07071741064962334,-0.024181022575258334,-0.21135455000000025,0.21135455000000025,-0.07574388333333948,-0.026280492891926428
p-Bromoiodobenzene,Brc1ccc(I)cc1,-4.56,0,0 RotB,-3.864013619047616,36,20,20,10.193535256745188,10.193535297941704,4.119651642042754e-08,1.2315061681533737e-08,9.584480764601722e-09,20,7.845240100126806e-06,7.18030399384133e-06,2.4542569858205013e-05,7.662306793620502e-06,6.970998154918819e-06,2.454264223669799e-05,OK,-4.56,-4.085638999938965,5,-4.56,-4.167219638824463,10,-4.56,-4.223940372467041,15,-4.56,-3.73038115,20,0.6959863809523834,0.6959863809523834,0.47436100006103477,0.47436100006103477,0.22162538089134864,0.25937868409229115,0.3927803611755367,0.3927803611755367,0.3032060197768467,0.330120630346011,0.3360596275329586,0.3360596275329586,0.3599267534194248,0.3714609692136053,0.8296188499999997,0.8296188499999997,-0.13363246904761628,-0.2038703938041258
Phenol,c1ccccc1O,0.0,0,0 RotB,-0.498618333333332,37,20,20,11.178493318228812,11.178493319839244,1.6104308997455519e-09,6.014059472647661e-10,4.651337093264374e-10,20,1.6000996088837133e-06,1.346050392622287e-06,6.583797256096007e-06,1.3325389936457822e-06,1.2490739985482454e-06,3.4983251373285654e-06,OK,0.0,-0.0157572403550148,5,0.0,0.5008275508880615,10,0.0,-0.0875327289104461,15,0.0,0.39880412,20,-0.498618333333332,0.498618333333332,-0.0157572403550148,0.0157572403550148,0.4828610929783172,0.24837195171250406,0.5008275508880615,0.5008275508880615,-0.0022092175547295256,-0.0022079933924240847,-0.0875327289104461,0.0875327289104461,0.4110856044228859,0.2409582637056001,0.39880412,0.39880412,0.09981421333333201,0.08957551620713539
Testosterone,CC12CCC3C(CCC4=CC(=O)CCC34C)C2CCC1O,-4.02,0,0 RotB,-4.206570006349176,38,20,20,64.82644481334899,83.01984871402858,18.1934039006796,8.615398588720916,9.488380918319749,7,1.866629215018008,1.8408788724468532,2.8756729675192005,1.5902860299499018,1.728895285992302,2.299050837847158,OK,-4.02,-4.548641681671143,5,-4.02,-4.436651229858398,10,-4.02,-4.767861366271973,15,-4.02,-4.3963654000000005,20,-0.18657000634917686,0.18657000634917686,-0.528641681671143,0.528641681671143,-0.34207167532196614,-0.2446536603309622,-0.41665122985839886,0.41665122985839886,-0.230081223509222,-0.13878988007338444,-0.7478613662719731,0.7478613662719731,-0.5612913599227962,-0.5244882558930504,-0.37636540000000096,0.37636540000000096,-0.1897953936508241,-0.10684254704802884
Flucythrinate,CC(C)C(C(=O)OC(C#N)c1cccc(Oc2ccccc2)c1)c3ccc(OC(F)F)cc3,-6.876,9,≥7 RotB,-7.116778333333332,39,20,20,56.445224658307126,65.20731948392702,8.762094825619897,3.957944447450497,3.565555856908592,14,2.669285636202964,2.653722210208019,4.312778506277903,2.8129957318094223,2.7001470743024725,4.312778506277904,OK,-6.876,-6.344449520111084,5,-6.876,-6.229701519012451,10,-6.876,-6.667988300323486,15,-6.876,-6.42208225,20,-0.24077833333333132,0.24077833333333132,0.5315504798889163,0.5315504798889163,-0.29077214655558503,-0.2245717068673605,0.6462984809875492,0.6462984809875492,-0.40552014765421784,-0.35972752072403663,0.208011699676514,0.208011699676514,0.03276663365681731,0.014705338600464544,0.45391775000000045,0.45391775000000045,-0.21313941666666913,-0.1480671179622861
Trichloromethane,ClC(Cl)Cl,-1.17,0,0 RotB,-1.6365233809523776,40,20,20,1.840241734151864e-07,1.8459992776411948e-07,5.757543489330776e-10,7.932975987465647e-11,1.4474990875726551e-11,20,3.634683092578592e-07,3.021615976373686e-07,1.4146531784392674e-06,3.6323745766684273e-07,3.021615976373686e-07,1.4142764231806604e-06,OK,-1.17,-1.4197664260864258,5,-1.17,-1.5227923393249512,10,-1.17,-1.620127558708191,15,-1.17,-1.56186325,20,-0.46652338095237766,0.46652338095237766,-0.24976642608642585,0.24976642608642585,0.2167569548659518,0.15526079737525128,-0.35279233932495124,0.35279233932495124,0.11373104162742642,0.09318163028886577,-0.450127558708191,0.450127558708191,0.016395822244186675,0.015029245866641394,-0.3918632500000001,0.3918632500000001,0.07466013095237756,0.06408725827467474
Cypermethrin,CC1(C)C(C=C(Cl)Cl)C1C(=O)OC(C#N)c2cccc(Oc3ccccc3)c2,-8.017000000000001,6,4–6 RotB,-7.037135666666684,41,20,20,318.2200673791793,326.5501212357842,8.330053856604934,2.832526143001661,1.7296495381742716,14,2.5740001656240468,2.660616578413953,3.7710632708143783,2.617135114572808,2.702209692282613,3.771063270814381,OK,-8.017000000000001,-6.692503452301025,5,-8.017000000000001,-7.199636459350586,10,-8.017000000000001,-7.237957000732422,15,-8.017000000000001,-7.00761295,20,0.9798643333333175,0.9798643333333175,1.3244965476989758,1.3244965476989758,-0.3446322143656584,-0.7941569931277587,0.8173635406494153,0.8173635406494153,0.16250079268390216,0.2920509541557983,0.7790429992675794,0.7790429992675794,0.2008213340657381,0.353226117030921,1.0093870500000008,1.0093870500000008,-0.02952271666668338,-0.05872810496895753
RTI 13,CCN2c1nc(C)cc(C(F)(F)F)c1NC(=O)c3cccnc23 ,-4.207,1,1–3 RotB,-4.239498000000009,42,20,20,57.787627235510605,58.74833283893738,0.9607056034267742,0.3425262152467798,0.0546440883692227,20,1.6373140848560763,2.1682622742422923,2.8320106629348274,1.6373140894078992,2.1682622742421014,2.832010662937697,OK,-4.207,-4.411471366882324,5,-4.207,-4.670025825500488,10,-4.207,-4.825643539428711,15,-4.207,-4.8206701,20,-0.03249800000000924,0.03249800000000924,-0.20447136688232437,0.20447136688232437,-0.17197336688231513,-0.0407524198707255,-0.46302582550048843,0.46302582550048843,-0.4305278255004792,-0.21333679507640815,-0.6186435394287111,0.6186435394287111,-0.5861455394287018,-0.3816637088728826,-0.6136701000000002,0.6136701000000002,-0.581172099999991,-0.37553487163000965
Trifluralin,CCCN(CCC)c1c(cc(cc1N(=O)=O)C(F)(F)F)N(=O)=O,-5.68,7,≥7 RotB,-5.523588000000014,43,20,20,41.80990203090098,47.08909505485584,5.279193023954861,2.3655306738468784,1.913466814145501,18,1.1199364841772472,1.1860586672630222,1.6422749455464198,1.0772923153498777,1.1486541411873177,1.6422749455464158,OK,-5.68,-5.795976638793945,5,-5.68,-5.979915618896484,10,-5.68,-5.895205020904541,15,-5.68,-5.8036788,20,0.15641199999998534,0.15641199999998534,-0.1159766387939456,0.1159766387939456,0.040435361206039744,0.011014132998054087,-0.29991561889648466,0.29991561889648466,-0.14350361889649932,-0.06548466471406603,-0.2152050209045413,0.2152050209045413,-0.05879302090455596,-0.021848487278528644,-0.12367880000000042,0.12367880000000042,0.03273319999998492,0.009168268174555308
Benzo(e)pyrene,c1ccc2c(c1)c3cccc4ccc5cccc2c5c43,-7.8,0,0 RotB,-8.318758833333357,44,20,20,64.90507272021158,64.90507295523857,2.3502698809352299e-07,9.998048895454305e-08,7.95532884012573e-08,20,9.927108026527427e-06,9.06999340825049e-06,2.348385183639772e-05,9.790670474179133e-06,8.837614241276408e-06,2.348351144659431e-05,OK,-7.8,-7.948490142822266,5,-7.8,-7.972848415374756,10,-7.8,-8.336438179016113,15,-7.8,-8.0385828,20,-0.518758833333357,0.518758833333357,-0.1484901428222658,0.1484901428222658,0.37026869051109124,0.24706140464600884,-0.17284841537475604,0.17284841537475604,0.345910417958601,0.23923415246382154,-0.5364381790161135,0.5364381790161135,-0.01767934568275642,-0.018655192744738036,-0.23858280000000054,0.23858280000000054,0.2801760333333565,0.21218897470554549
"2,3-Dimethylnaphthalene",Cc1cc2ccccc2cc1C,-4.72,0,0 RotB,-4.490653346031748,45,20,20,27.57628219191814,27.576282241983797,5.0065654733089104e-08,1.1691559542725827e-08,1.0647623227555414e-08,20,0.0413135808777641,7.31599087816023e-05,0.0863018825504413,0.0413135730993265,7.301586274525105e-05,0.0863018825505443,OK,-4.72,-4.315306663513184,5,-4.72,-4.45214319229126,10,-4.72,-4.767994403839111,15,-4.72,-4.54173825,20,0.2293466539682516,0.2293466539682516,0.40469333648681616,0.40469333648681616,-0.17534668251856456,-0.11117680891039848,0.26785680770874,0.26785680770874,-0.038510153740488384,-0.019147381749483966,-0.04799440383911158,0.04799440383911158,0.18135225012914002,0.050296424886561206,0.17826174999999989,0.17826174999999989,0.051084903968251716,0.020822636173370476
Dienestrol,CC=C(C(=CC)c1ccc(O)cc1)c2ccc(O)cc2,-4.95,3,1–3 RotB,-4.593218000000002,46,20,20,47.88100963912324,49.95336949764937,2.072359858526127,1.7077898638139457,1.9953670265693864,20,1.635733395835993,1.639719145927628,2.924975942200452,1.6357333958565503,1.6397191459200586,2.924975942200448,OK,-4.95,-3.9146838188171382,5,-4.95,-3.652521133422852,10,-4.95,-3.998750686645508,15,-4.95,-4.174265650000001,20,0.35678199999999816,0.35678199999999816,1.035316181182862,1.035316181182862,-0.6785341811828638,-0.9445861994950661,1.2974788665771482,1.2974788665771482,-0.94069686657715,-1.5561580136903224,0.9512493133544924,0.9512493133544924,-0.5944673133544942,-0.7775818606333945,0.7757343499999996,0.7757343499999996,-0.4189523500000014,-0.4744703862459232
tetrachloroguaiacol,COc1c(O)c(Cl)c(Cl)c(Cl)c1Cl ,-4.02,1,1–3 RotB,-4.00441847619047,47,20,20,23.36468755255094,26.01380452999079,2.6491169774398493,1.4570143335712495,2.649116961700102,20,0.5263962770237566,0.7731365521496164,0.978071702817624,0.5263962698081497,0.7731365521496213,0.9780717028176232,OK,-4.02,-3.693983316421509,5,-4.02,-3.5862460136413574,10,-4.02,-3.768296957015991,15,-4.02,-3.8530076,20,0.015581523809529152,0.015581523809529152,0.3260166835784908,0.3260166835784908,-0.31043515976896163,-0.10604409408729086,0.43375398635864215,0.43375398635864215,-0.418172462549113,-0.1878997367977862,0.25170304298400836,0.25170304298400836,-0.2361215191744792,-0.06311163796318264,0.16699239999999937,0.16699239999999937,-0.15141087619047022,-0.027643677773532868
"2,2,5-Trimethylhexane",CC(C)CCC(C)(C)C,-5.05,2,1–3 RotB,-4.739560000000001,48,20,20,13.764475957819474,18.97626351426708,5.211787556447604,1.1286181030403402,5.555604865037367e-09,19,0.818667078927465,0.9743498903977126,1.3111098936029923,0.7787591639406761,0.9743489558079472,1.3111098936030958,OK,-5.05,-3.7612364292144775,5,-5.05,-3.657106637954712,10,-5.05,-4.562041282653809,15,-5.05,-4.4389865,20,0.31043999999999894,0.31043999999999894,1.2887635707855223,1.2887635707855223,-0.9783235707855233,-1.5645385477838507,1.392893362045288,1.392893362045288,-1.082453362045289,-1.8437789244298262,0.48795871734619123,0.48795871734619123,-0.1775187173461923,-0.1417307162341408,0.6110134999999994,0.6110134999999994,-0.3005735000000005,-0.27696450358224994
Fluvalinate,CC(C)C(Nc1ccc(cc1Cl)C(F)(F)F)C(=O)OC(C#N)c2cccc(Oc3ccccc3)c2,-8.003,8,≥7 RotB,-6.739612952380961,49,20,20,56.67099924876515,66.96099348354295,10.2899942347778,5.514632702832422,5.166975908966283,10,2.829695207750896,2.819937151279948,4.1628644140403335,2.9531751367512653,2.956126039982178,4.1628644140403335,OK,-8.003,-6.42225980758667,5,-8.003,-6.192192077636719,10,-8.003,-6.67499589920044,15,-8.003,-6.1808065,20,1.2633870476190392,1.2633870476190392,1.5807401924133302,1.5807401924133302,-0.317353144794291,-0.9025927238193796,1.8108079223632814,1.8108079223632814,-0.5474208747442422,-1.6828784996020711,1.3280041007995598,1.3280041007995598,-0.06461705318052058,-0.16744805964889498,1.8221935,1.8221935,-0.5588064523809608,-1.7242423193506975
2-Methylheptane,CCCCCC(C)C,-5.08,4,4–6 RotB,-4.941880000000002,50,20,20,7.044708887187101,13.335020185438417,6.290311298251316,1.4623399703771445,1.192000061787379,19,1.3159186044950326,1.392146688664355,1.8562111865719608,1.273760209240019,1.3799770636794595,1.7402804875757762,OK,-5.08,-4.221213817596436,5,-5.08,-4.701452255249023,10,-5.08,-4.837451457977295,15,-5.08,-4.82385635,20,0.13811999999999802,0.13811999999999802,0.8587861824035636,0.8587861824035636,-0.7206661824035656,-0.7184365726872874,0.37854774475097663,0.37854774475097663,-0.2404277447509786,-0.1242212606560511,0.24254854202270515,0.24254854202270515,-0.10442854202270713,-0.03975266083734051,0.2561436500000003,0.2561436500000003,-0.11802365000000226,-0.04653243503532319
3-Methylcholanthrene,c1cc(C)cc2c1c3cc4cccc5CCc(c45)c3cc2,-7.92,0,0 RotB,-7.23190197619049,51,20,20,73.7001774127204,73.78025060768165,0.0800731949612583,0.0040038731649978,1.111798297870337e-07,20,0.1488850769784893,0.1464942080212013,0.2834610143497602,0.1488849060238497,0.1464942080215578,0.2834610143497764,OK,-7.92,-7.907628059387207,5,-7.92,-7.882280349731445,10,-7.92,-8.102599143981934,15,-7.92,-8.102572,20,0.68809802380951,0.68809802380951,0.012371940612792898,0.012371940612792898,0.6757260831967171,0.4733258254560265,0.037719650268554616,0.037719650268554616,0.6503783735409554,0.47205611835417094,-0.18259914398193366,0.18259914398193366,0.5054988798275764,0.44013644298761806,-0.1825720000000004,0.1825720000000004,0.5055260238095096,0.4401463551865529
Isopentyl formate,CC(C)CCOC=O,-1.52,4,4–6 RotB,-1.096399047619047,52,20,20,6.474644168124705,9.513503637032418,3.038859468907713,1.3024572772820189,1.0741492703826028,20,1.1981854697474796,1.2619263727431025,1.66939394697742,1.1981855098328646,1.2619263726660173,1.6693939469774162,OK,-1.52,-1.3532912731170654,5,-1.52,-1.2787548303604126,10,-1.52,-1.7004722356796265,15,-1.52,-1.4277498,20,0.42360095238095297,0.42360095238095297,0.1667087268829346,0.1667087268829346,0.2568922254980184,0.1516459672391215,0.24124516963958742,0.24124516963958742,0.18235578274136555,0.12123853498361706,-0.18047223567962645,0.18047223567962645,0.24312871670132652,0.14686753900684774,0.09225020000000006,0.09225020000000006,0.3313507523809529,0.17092766745801036
"5,6,7,8-tetrahydro-2-naphthol",Oc2ccc1CCCCc1c2 ,-1.99,0,0 RotB,-2.135945333333331,53,20,20,21.215074476714328,26.442705540947006,5.227631064232678,1.04639758052069,0.0017561335024556,16,0.6295654643744383,0.8025455262903889,1.240924757588104,0.5377116440340531,0.8968512725959805,0.9529983718809556,OK,-1.99,-2.049067974090576,5,-1.99,-2.2169880867004395,10,-1.99,-2.1711645126342773,15,-1.99,-1.84871875,20,-0.14594533333333115,0.14594533333333115,-0.05906797409057618,0.05906797409057618,0.08687735924275497,0.017811014758612163,-0.22698808670043946,0.22698808670043946,-0.08104275336710831,-0.03022355118214908,-0.18116451263427735,0.18116451263427735,-0.0352191793009462,-0.011520540316238097,0.14128125000000002,0.14128125000000002,0.004664083333331126,0.0013396487202146368
2-Ethyl-1-butanol,CCC(CC)CO,-1.17,3,1–3 RotB,-0.9822551111111112,54,20,20,9.375597380958132,11.022910935352892,1.647313554394758,0.7015837077219704,0.7533208353804914,20,1.2153630433454192,1.2583187680904913,1.7608992812391155,1.2153630512731095,1.2583187680904988,1.7608992812391164,OK,-1.17,-0.7981525659561157,5,-1.17,-0.8661927580833435,10,-1.17,-0.832550048828125,15,-1.17,-1.302994,20,0.18774488888888874,0.18774488888888874,0.3718474340438842,0.3718474340438842,-0.18410254515499547,-0.10302237090111964,0.3038072419166564,0.3038072419166564,-0.11606235302776768,-0.05705069693710463,0.33744995117187493,0.33744995117187493,-0.1497050622829862,-0.0786243262419996,-0.13299400000000006,0.13299400000000006,0.05475088888888868,0.017560739267901162
RTI 19,CCN2c1ccccc1N(C)C(=O)c3ccccc23 ,-4.749,1,1–3 RotB,-4.295536499999991,55,20,20,57.84331566605295,59.94438076742207,2.101065101369116,1.0002640153662288,0.2354474096327905,20,1.7927040939768726,2.6986440061390984,3.0860962643138423,1.792704093836066,2.698644006139098,3.0860962643142216,OK,-4.749,-3.797011852264404,5,-4.749,-3.5721452236175537,10,-4.749,-4.084069728851318,15,-4.749,-4.19137465,20,0.4534635000000087,0.4534635000000087,0.9519881477355958,0.9519881477355958,-0.49852464773558713,-0.7006522875967928,1.176854776382446,1.176854776382446,-0.7233912763824373,-1.179358018861919,0.6649302711486813,0.6649302711486813,-0.21146677114867263,-0.23650311965760099,0.5576253499999995,0.5576253499999995,-0.10416184999999079,-0.10531688513036405
piperonal,O=Cc2ccc1OCOc1c2 ,-1.63,1,1–3 RotB,-1.5963008952380964,56,20,20,44.79160507985135,44.80265709789393,0.0110520180425766,0.006631173357961,0.0110519395471797,20,0.3494274341814005,0.6915640186213612,0.6915655304423067,0.3494270664544536,0.691564018621361,0.6915655302667648,OK,-1.63,-1.062319040298462,5,-1.63,-2.0739545822143555,10,-1.63,-1.9584341049194336,15,-1.63,-2.19057525,20,0.03369910476190352,0.03369910476190352,0.567680959701538,0.567680959701538,-0.5339818549396345,-0.32112604234590547,-0.4439545822143556,0.4439545822143556,-0.41025547745245206,-0.19596004140736925,-0.3284341049194337,0.3284341049194337,-0.2947350001575302,-0.10673333161247583,-0.5605752500000003,0.5605752500000003,-0.5268761452380968,-0.3131089812508091
Santonin,CC3C2CCC1(C)C=CC(=O)C(=C1C2OC3=O)C,-3.09,0,0 RotB,-3.3577280000000016,57,20,20,52.71731729567729,67.38666902063967,14.669351724962382,5.101390980018387,4.997151654725975,11,1.4758738073709887,1.6013762470157158,2.366415881517183,1.4525874818762825,1.6084884512261783,2.3664158815188463,OK,-3.09,-3.178484916687012,5,-3.09,-3.244548797607422,10,-3.09,-3.56707763671875,15,-3.09,-3.40504815,20,-0.26772800000000174,0.26772800000000174,-0.0884849166870123,0.0884849166870123,0.17924308331298944,0.06384870150289343,-0.15454879760742202,0.15454879760742202,0.11317920239257973,0.04779295114210104,-0.47707763671875014,0.47707763671875014,-0.2093496367187484,-0.1559247894731468,-0.31504814999999997,0.31504814999999997,-0.04732014999999823,-0.02757705483442155
ethyl cinnamate,CCOC(=O)C=Cc1ccccc1,-3.0,3,1–3 RotB,-2.5982506666666647,58,20,20,19.02060337226636,26.397258946315183,7.376655574048822,2.026328392769294,1.483941141914615,17,1.2063211560477771,1.1944243637498515,1.9910609308985097,0.9679903218263228,1.0906652644060613,1.3349101662763485,OK,-3.0,-2.7988107204437256,5,-3.0,-2.978126049041748,10,-3.0,-2.9830493927001958,15,-3.0,-2.9769826000000004,20,0.4017493333333353,0.4017493333333353,0.20118927955627441,0.20118927955627441,0.20056005377706088,0.1209254006254066,0.021873950958251953,0.021873950958251953,0.37987538237508334,0.16092405710325533,0.016950607299804243,0.016950607299804243,0.38479872603353105,0.16111520374594718,0.023017399999999633,0.023017399999999633,0.37873193333333566,0.16087272613101936
Permethrin,CC1(C)C(C=C(Cl)Cl)C1C(=O)OCc2cccc(Oc3ccccc3)c2,-6.291,6,4–6 RotB,-6.42835213333333,59,20,20,317.6718724177196,323.96660782707613,6.294735409356576,2.677462638416356,1.827529543593073,16,2.5910145720005198,2.623608252487489,3.4731189352294525,2.585043171867734,2.617572994855319,3.408817597607116,OK,-6.291,-6.142384052276611,5,-6.291,-6.007733345031738,10,-6.291,-6.21928071975708,15,-6.291,-6.22750595,20,-0.13735213333333007,0.13735213333333007,0.14861594772338904,0.14861594772338904,-0.011263814390058968,-0.0032210913865042233,0.2832666549682621,0.2832666549682621,-0.14591452163493202,-0.061374389285691555,0.07171928024292029,0.07171928024292029,0.06563285309040978,0.013721953372654345,0.06349405000000008,0.06349405000000008,0.07385808333333,0.014834114145814372
cyclobarbital,CCC1(C(=O)NC(=O)NC1=O)C2=CCCCC2 ,-2.17,2,1–3 RotB,-2.54643038730158,60,20,20,30.50565391783969,38.084062676820686,7.578408758980991,4.437498252898401,5.069345207991891,10,1.6232261485660184,1.7889952932656386,2.2868854600106494,1.6364505973475512,1.823168190149764,2.1576570301849904,OK,-2.17,-2.5036215782165527,5,-2.17,-2.5776560306549072,10,-2.17,-2.551374673843384,15,-2.17,-2.6317574500000003,20,-0.3764303873015802,0.3764303873015802,-0.3336215782165528,0.3336215782165528,0.04280880908502738,0.030396479032314197,-0.4076560306549073,0.4076560306549073,-0.031225643353327115,-0.024483602845297076,-0.38137467384338386,0.38137467384338386,-0.0049442865418036774,-0.0037468053651297517,-0.46175745000000035,0.46175745000000035,-0.08532706269842016,-0.07152010614648516
5-Ethyl-5-phenylbarbital,O=C1NC(=O)NC(=O)C1(CC)c1ccccc1,-2.322,2,1–3 RotB,-2.3393526666666604,61,20,20,31.20338708142135,35.44157534157603,4.238188260154683,2.1219482106519374,2.1333645488598485,20,1.0609592398814485,1.0984850803802857,1.6356931546986226,1.0609592180613412,1.098485080389723,1.6356931546986202,OK,-2.322,-2.526861906051636,5,-2.322,-2.5384953022003174,10,-2.322,-2.534968614578247,15,-2.322,-2.55862285,20,-0.017352666666660355,0.017352666666660355,-0.20486190605163612,0.20486190605163612,-0.18750923938497577,-0.04166728551066516,-0.21649530220031732,0.21649530220031732,-0.19914263553365696,-0.0465691008343625,-0.212968614578247,0.212968614578247,-0.19561594791158665,-0.0450545157549337,-0.23662284999999983,0.23662284999999983,-0.21927018333333947,-0.0556892581016782
Ethyl acetate,CCOC(=O)C,-0.04,1,1–3 RotB,0.0091699999999999,62,20,20,2.9216548466683103,3.962571354366412,1.040916507698102,0.6696523527861067,1.0177719192991188,20,0.6371489320688996,0.7929281338656158,1.0384400736640065,0.6371489123137642,0.7929281338645046,1.038440073791471,OK,-0.04,0.232539415359497,5,-0.04,-0.111380249261856,10,-0.04,-0.1711327880620956,15,-0.04,0.0931320999999999,20,0.0491699999999999,0.0491699999999999,0.272539415359497,0.272539415359497,-0.2233694153594971,-0.07186004402449643,-0.07138024926185599,0.07138024926185599,-0.022210249261856087,-0.0026774510846847024,-0.13113278806209558,0.13113278806209558,-0.08196278806209567,-0.014778119204938487,0.1331320999999999,0.1331320999999999,-0.08396209999999998,-0.015306467150409982
Carbophenthion,CCOP(=S)(OCC)SCSc1ccc(Cl)cc1,-5.736000000000001,8,≥7 RotB,-5.663114333333326,63,20,20,16.501269033935955,22.522506029918297,6.021236995982342,2.156816046817975,1.6715701627893915,18,1.79903480660009,1.7853858944531376,2.774893729743085,1.8130906117164456,1.8008066376653986,2.602364357218653,OK,-5.736000000000001,-5.389106750488281,5,-5.736000000000001,-5.462967395782471,10,-5.736000000000001,-5.555929660797119,15,-5.736000000000001,-5.50119315,20,0.07288566666667506,0.07288566666667506,0.3468932495117194,0.3468932495117194,-0.27400758284504434,-0.11502260615135435,0.27303260421752995,0.27303260421752995,-0.2001469375508549,-0.06923448256036067,0.1800703392028815,0.1800703392028815,-0.10718467253620645,-0.02711300665519514,0.2348068500000009,0.2348068500000009,-0.16192118333332584,-0.04982193640147725
RTI 12,CCN2c1nc(Cl)ccc1N(C)C(=O)c3cccnc23 ,-4.114,1,1–3 RotB,-3.6957779999999927,64,20,20,55.59649822812685,56.587107307037,0.990609078910154,0.2388578704658378,1.1083858453275754e-07,20,1.6780409007953567,2.6406388346759697,3.0015360507024718,1.6780409007659525,2.6406388346759697,3.001536050702472,OK,-4.114,-4.236728668212891,5,-4.114,-4.409906387329102,10,-4.114,-4.521081447601318,15,-4.114,-4.42722105,20,0.4182220000000072,0.4182220000000072,-0.12272866821289075,0.12272866821289075,0.29549333178711645,0.1598473152826962,-0.2959063873291017,0.2959063873291017,0.12231561267090552,0.08734905122184566,-0.4070814476013185,0.4070814476013185,0.011140552398688719,0.009194336302821016,-0.3132210500000001,0.3132210500000001,0.10500095000000709,0.07680221512090345
cycloheximide,CC1CC(C)C(=O)C(C1)C(O)CC2CC(=O)NC(=O)C2 ,-1.13,3,1–3 RotB,-2.5534096952380905,65,20,20,32.6919725175788,46.299597552330376,13.607625034751578,4.945440086102408,5.426872800899208,9,1.7401181901658962,1.7340104711059097,2.623646755099791,1.6186780011865043,1.667961326332721,1.9799552147752169,OK,-1.13,-3.022406816482544,5,-1.13,-2.689028263092041,10,-1.13,-2.900533676147461,15,-1.13,-3.06036065,20,-1.4234096952380906,1.4234096952380906,-1.892406816482544,1.892406816482544,-0.4689971212444535,-1.5551083985718033,-1.5590282630920411,1.5590282630920411,-0.13561856785395054,-0.4044739646219928,-1.770533676147461,1.770533676147461,-0.34712398090937047,-1.1086943378744487,-1.93036065,1.93036065,-0.5069509547619093,-1.7001970785706284
2-Ethylhexanal,CCCCC(CC)C=O,-2.13,5,4–6 RotB,-2.053699999999993,66,20,20,8.183326515196317,12.072623249533088,3.889296734336771,1.6699410062877642,1.5123525593697362,20,1.5417922011001677,1.5938955956807828,2.068461549687061,1.5417922011127565,1.5938955956810985,2.0684615496870618,OK,-2.13,-2.183827638626098,5,-2.13,-2.027759313583374,10,-2.13,-2.3135986328125,15,-2.13,-2.67404275,20,0.07630000000000692,0.07630000000000692,-0.053827638626098295,0.053827638626098295,0.022472361373908623,0.0029242753199392266,0.10224068641662587,0.10224068641662587,-0.025940686416618952,-0.00463146795894177,-0.1835986328125001,0.1835986328125001,-0.10729863281249319,-0.027886767970618186,-0.54404275,0.54404275,-0.4677427499999931,-0.2901608238275615
Acenapthylene,C1=Cc2cccc3cccc1c23,-3.96,0,0 RotB,-4.567005683333343,67,20,20,61.72112144386185,61.721121772428575,3.285667276031745e-07,1.4234668199719638e-07,1.2288854733810697e-07,20,1.468041625182619e-05,1.4090618651382688e-05,2.6137679964382977e-05,1.464260841186375e-05,1.398846199425934e-05,2.6137435301713584e-05,OK,-3.96,-3.548614501953125,5,-3.96,-3.829517126083374,10,-3.96,-4.22266960144043,15,-3.96,-3.97967765,20,-0.6070056833333428,0.6070056833333428,0.41138549804687496,0.41138549804687496,0.19562018528646785,0.1992178715957031,0.13048287391662594,0.13048287391662594,0.4765228094167169,0.35143011921343636,-0.2626696014404297,0.2626696014404297,0.3443360818929131,0.2994605800781043,-0.019677650000000213,0.019677650000000213,0.5873280333333426,0.36806868968945594
Menthone,CC(C)C1CCC(C)CC1=O,-2.35,1,1–3 RotB,-2.14052361904761,68,20,20,19.92999303513078,28.787400311008444,8.857407275877662,3.708554727146188,3.888039107818416,14,1.2672453817982028,1.3174803777848698,1.9819894346167175,1.2027740828965108,1.264486049002186,1.695792799317737,OK,-2.35,-2.5885493755340576,5,-2.35,-2.5493173599243164,10,-2.35,-2.826487302780152,15,-2.35,-2.7583465,20,0.20947638095239007,0.20947638095239007,-0.23854937553405753,0.23854937553405753,-0.029072994581667455,-0.013025450390777953,-0.19931735992431632,0.19931735992431632,0.010159021028073756,0.004152944209711393,-0.4764873027801517,0.4764873027801517,-0.26701092182776165,-0.18315979553379313,-0.40834649999999995,0.40834649999999995,-0.19887011904760987,-0.12286650988533909
Atratone,CCNc1nc(NC(C)C)nc(OC)n1,-2.084,5,4–6 RotB,-2.33816038095238,69,20,20,16.393709540453212,17.9152395308229,1.5215299903696895,0.4306835080680971,0.2626021108188983,20,1.483232861571263,1.5664684790364776,2.4985604525341163,1.483232870445674,1.566468479058551,2.498560452534117,OK,-2.084,-2.333075523376465,5,-2.084,-2.2681140899658203,10,-2.084,-2.349408864974976,15,-2.084,-2.3022312,20,-0.25416038095238,0.25416038095238,-0.24907552337646477,0.24907552337646477,0.005084857575915258,0.0025588829005991007,-0.18411408996582024,0.18411408996582024,0.07004629098655979,0.0306995011219168,-0.26540886497497596,0.26540886497497596,-0.011248484022595928,-0.005844366361446071,-0.21823119999999996,0.21823119999999996,0.03592918095238007,0.016972642592418964
2-Pentanol,CCCC(C)O,-0.29,2,1–3 RotB,-0.294935999999999,70,20,20,4.581889932229316,8.417677817158689,3.835787884929372,1.6089545975519866,1.5879642559837968,20,1.247389396649968,1.2626711978281886,1.8004991630230331,1.2473893806273346,1.262671197816743,1.8004991630230327,OK,-0.29,-0.3099367916584015,5,-0.29,-0.3383296728134155,10,-0.29,-0.5047967433929443,15,-0.29,-0.391291715,20,-0.004935999999998997,0.004935999999998997,-0.01993679165840151,0.01993679165840151,-0.015000791658402512,-0.0003731115656305179,-0.04832967281341555,0.04832967281341555,-0.04339367281341655,-0.002311393178251808,-0.21479674339294436,0.21479674339294436,-0.20986074339294536,-0.046113276876214394,-0.101291715,0.101291715,-0.09635571500000101,-0.010235647431641235
Pyridine,c1ccncc1,0.76,0,0 RotB,-0.0325647619047619,71,20,20,10.42988080356021,10.429880807224317,3.664107239842451e-09,8.626975578351902e-10,3.1390978705303496e-10,20,1.7820885554390097e-06,1.5710392674971362e-06,5.886584521361847e-06,1.7661862198656736e-06,1.5716548118349365e-06,5.886529655000074e-06,OK,0.76,-0.2238059043884277,5,0.76,0.2670011818408966,10,0.76,-0.2703003585338592,15,0.76,-0.1439940588,20,-0.7925647619047619,0.7925647619047619,-0.9838059043884277,0.9838059043884277,-0.19124114248366586,-0.33971515569638033,-0.4929988181591034,0.4929988181591034,0.2995659437456585,0.38511106710687926,-1.0303003585338593,1.0303003585338593,-0.23773559662909738,-0.4333599269818471,-0.9039940587999999,0.9039940587999999,-0.11142929689523806,-0.18904635653254587
probarbital,CCC1(C(C)C)C(=O)NC(=O)NC1=O ,-2.21,2,1–3 RotB,-2.3415339999999984,72,20,20,23.7092155118598,34.749005096112306,11.039789584252508,4.408947238798509,3.0267064054713995,12,1.113041715388304,1.1674725300642463,1.7097991600744618,0.913812320894518,1.075945598171642,1.4522119074752544,OK,-2.21,-2.161543846130371,5,-2.21,-2.3876752853393555,10,-2.21,-2.3639042377471924,15,-2.21,-2.56608405,20,-0.13153399999999849,0.13153399999999849,0.04845615386962887,0.04845615386962887,0.08307784613036961,0.014953194308162453,-0.1776752853393555,0.1776752853393555,-0.04614128533935702,-0.014267313864421795,-0.15390423774719242,0.15390423774719242,-0.022370237747193933,-0.006385321240544726,-0.3560840500000002,0.3560840500000002,-0.22455005000000172,-0.10949465750840306
norbormide,OC(C1=CC2C5C(C1C2=C(c3ccccc3)c4ccccn4)C(=O)NC5=O)(c6ccccc6)c7ccccn7 ,-3.931,5,4–6 RotB,-5.524396000000013,73,20,20,152.4214947585433,161.51359182878008,9.092097070236775,2.9430595359451885,2.078283922779661,16,3.519111894039173,3.683675279276258,4.74090069826105,3.5627789512353263,3.690227368133261,4.74090069826105,OK,-3.931,-5.344599723815918,5,-3.931,-5.867319107055664,10,-3.931,-5.075427532196045,15,-3.931,-4.178661,20,-1.5933960000000127,1.5933960000000127,-1.413599723815918,1.413599723815918,0.17979627618409477,0.5406466336436009,-1.936319107055664,1.936319107055664,-0.3429231070556513,-1.2104208715328038,-1.1444275321960449,1.1444275321960449,0.4489684678039678,1.229196436367711,-0.2476609999999999,0.2476609999999999,1.3457350000000128,2.4775748418950405
Pyrazon,Nc2cnn(c1ccccc1)c(=O)c2Cl,-2.878,1,1–3 RotB,-2.7093070666666588,74,20,20,32.93507043766485,32.93507049271069,5.5045845215317974e-08,1.1108658881653357e-08,6.356589921097111e-09,20,0.5348418773869701,1.0161762715222418,1.0162074270289088,0.5348416969329092,1.0161762715222409,1.016207427028905,OK,-2.878,-3.260274648666382,5,-2.878,-2.986783504486084,10,-2.878,-3.430283308029175,15,-2.878,-2.9874179,20,0.16869293333334134,0.16869293333334134,-0.3822746486663817,0.3822746486663817,-0.21358171533304038,-0.11767660125639842,-0.10878350448608387,0.10878350448608387,0.05990942884725747,0.016623454908333318,-0.5522833080291747,0.5522833080291747,-0.38359037469583335,-0.2765595465710411,-0.10941789999999996,0.10941789999999996,0.05927503333334139,0.01648502891619716
"1,2-Propylene oxide",CC1CO1,-0.59,0,0 RotB,0.4472400000000016,75,20,20,335.4812140316253,335.481215273942,1.242316670868604e-06,5.679838750438648e-07,6.595893751182302e-07,20,0.4678235096726337,0.8976768527920609,0.8978325789499545,0.4678235027479601,0.8976768527920637,0.8978325789499532,OK,-0.59,0.3072099089622497,5,-0.59,0.3397523164749145,10,-0.59,0.1525581032037735,15,-0.59,0.3649299650000001,20,1.0372400000000015,1.0372400000000015,0.8972099089622496,0.8972099089622496,0.14003009103775188,0.2708811968599548,0.9297523164749144,0.9297523164749144,0.10748768352508709,0.21142744760953358,0.7425581032037735,0.7425581032037735,0.294681896796228,0.5244742809664171,0.954929965,0.954929965,0.08231003500000145,0.16397557954510167
3-Octanol,CCCCCC(O)CC,-1.98,5,4–6 RotB,-2.00946500000001,76,20,20,8.69003656860899,15.597373105578296,6.907336536969305,2.6466520179164554,2.635095823408859,19,1.6750060354264888,1.7072802969094465,2.1320148146388034,1.6564955870429652,1.683301400039078,2.13201481468595,OK,-1.98,-1.987149715423584,5,-1.98,-2.093278646469116,10,-1.98,-2.2449545860290527,15,-1.98,-2.24898255,20,-0.029465000000009844,0.029465000000009844,-0.007149715423584002,0.007149715423584002,0.022315284576425842,0.0008170677943623451,-0.11327864646911623,0.11327864646911623,-0.08381364646910638,-0.011963865520874438,-0.26495458602905275,0.26495458602905275,-0.2354895860290429,-0.06933274643282614,-0.26898255000000004,0.26898255000000004,-0.2395175499999902,-0.07148342597950194
Chlorimuron-ethyl (ph 7),CCOC(=O)c1ccccc1S(=O)(=O)NN(C=O)c2nc(Cl)cc(OC)n2,-4.5760000000000005,8,≥7 RotB,-3.5063017142857067,77,20,20,37.10407572973167,45.86009610874455,8.756020379012881,4.060501745135248,4.019294693089478,17,2.747436416049444,2.962318313500836,3.9137126428847058,2.7286770081541336,2.97989456366128,3.913712642884633,OK,-4.5760000000000005,-4.1201934814453125,5,-4.5760000000000005,-4.378606796264648,10,-4.5760000000000005,-4.475023746490479,15,-4.5760000000000005,-4.932726150000001,20,1.0696982857142938,1.0696982857142938,0.455806518554688,0.455806518554688,0.6138917671596058,0.9364948401031539,0.19739320373535207,0.19739320373535207,0.8723050819789417,1.1052903455791927,0.10097625350952111,0.10097625350952111,0.9687220322047727,1.1340582186872799,-0.3567261500000001,0.3567261500000001,0.7129721357142937,1.0170008763662763
Terbufos,CCOP(=S)(OCC)SCSC(C)(C)C,-4.755,7,≥7 RotB,-5.051695166666681,78,20,20,14.13163504155979,21.59130397903687,7.45966893747708,3.528509660104528,3.1571169664038568,12,1.622477884695502,1.635782644434402,2.3346868870306308,1.6470997200823547,1.6818421036920697,2.2067976358270824,OK,-4.755,-4.4104838371276855,5,-4.755,-4.29917049407959,10,-4.755,-4.753391742706299,15,-4.755,-4.714694,20,-0.29669516666668105,0.29669516666668105,0.34451616287231435,0.34451616287231435,-0.04782099620563329,-0.030663364556893377,0.45582950592041005,0.45582950592041005,-0.159134339253729,-0.11975251654427549,0.0016082572937010653,0.0016082572937010653,0.29508690937298,0.0880254354318469,0.040306000000000175,0.040306000000000175,0.2563891666666809,0.08640344828736962
Chlorothalonil,c1(C#N)c(Cl)c(C#N)c(Cl)c(Cl)c(Cl)1,-5.64,0,0 RotB,-4.260284809523806,79,20,20,18.613251099272983,18.613251277660687,1.7838770105527146e-07,2.79169491079756e-08,4.382822993420632e-09,20,1.2082852309312937e-05,7.275486345380334e-06,3.5348232223444285e-05,1.1981390511412852e-05,6.744711552945859e-06,3.532375768928746e-05,OK,-5.64,-4.716527938842773,5,-5.64,-4.938631057739258,10,-5.64,-5.0393476486206055,15,-5.64,-5.1006585,20,1.379715190476194,1.379715190476194,0.9234720611572262,0.9234720611572262,0.4562431293189677,1.0508133590927842,0.7013689422607419,0.7013689422607419,0.6783462482154521,1.4116956136628083,0.6006523513793942,0.6006523513793942,0.7790628390967997,1.5428307596131647,0.5393414999999999,0.5393414999999999,0.840373690476194,1.6127247532085103
Bibenzyl ,C(Cc1ccccc1)c2ccccc2,-4.62,3,1–3 RotB,-4.625448108730157,80,20,20,24.5685729891274,25.08917604283348,0.5206030537060826,0.4164815322629523,0.5206017981758873,20,0.7489665827060028,0.0002495685309797,2.134670484421809,0.7489665588303791,0.0002495685128025,2.1346704844218096,OK,-4.62,-4.308670997619629,5,-4.62,-4.967383861541748,10,-4.62,-4.806910514831543,15,-4.62,-4.6571725,20,-0.0054481087301567754,0.0054481087301567754,0.3113290023803712,0.3113290023803712,-0.3058808936502144,-0.09689606583442156,-0.34738386154174794,0.34738386154174794,-0.34193575281159116,-0.12064586537092069,-0.18691051483154286,0.18691051483154286,-0.1814624061013861,-0.03490585866585679,-0.03717249999999961,0.03717249999999961,-0.03172439126984283,-0.0013521128675143604
"1,2-Dibromoethane",BrCCBr,-1.68,1,1–3 RotB,-1.6958953333333373,81,20,20,0.2287159163541793,0.9709326127052532,0.7422166963510739,0.5566625226974226,0.7422166942350522,20,0.7806440806201916,1.0770832025801005,1.2507459053845502,0.7806440807563164,1.0770832025800987,1.2507459053846095,OK,-1.68,-1.2485127449035645,5,-1.68,-1.582459568977356,10,-1.68,-1.735634207725525,15,-1.68,-1.18091855,20,-0.01589533333333737,0.01589533333333737,0.4314872550964355,0.4314872550964355,-0.4155919217630981,-0.1859285896888785,0.09754043102264398,0.09754043102264398,-0.08164509768930661,-0.009261474062305262,-0.055634207725524965,0.055634207725524965,-0.039738874392187595,-0.0028425034474689557,0.49908145000000004,0.49908145000000004,-0.48318611666666267,-0.24882963211232464
1-Nonanol,CCCCCCCCCO,-3.01,7,≥7 RotB,-2.672045285714292,82,20,20,7.930707023789386,15.002648149882605,7.071941126093218,2.610192393573682,3.0183439470622666,19,1.7076963176875202,1.7266195762124066,2.375984666094564,1.693187827018883,1.703416447177344,2.3759846661497077,OK,-3.01,-3.2461304664611816,5,-3.01,-2.834328413009644,10,-3.01,-3.176766395568848,15,-3.01,-3.2237838,20,0.3379547142857078,0.3379547142857078,-0.23613046646118185,0.23613046646118185,0.10182424782452593,0.05845579171675905,0.1756715869903558,0.1756715869903558,0.162283127295352,0.08335288243222425,-0.1667663955688483,0.1667663955688483,0.17118831871685947,0.08640235821690878,-0.2137838000000003,0.2137838000000003,0.12417091428570748,0.06850987576549425
norflurazon,CNc2cnn(c1cccc(c1)C(F)(F)F)c(=O)c2Cl,-4.046,2,1–3 RotB,-4.013973999999998,83,20,20,38.97864911604189,43.1218147428895,4.143165626847605,0.256125717634837,0.0557635120637662,20,1.1971259489506867,1.3213474746945997,2.1403896587531723,1.1971259263566676,1.321347474689941,2.140389659212832,OK,-4.046,-4.430187702178955,5,-4.046,-4.063655376434326,10,-4.046,-4.69836950302124,15,-4.046,-4.43691965,20,0.032026000000001886,0.032026000000001886,-0.3841877021789548,0.3841877021789548,-0.35216170217895293,-0.14657452582954517,-0.01765537643432591,0.01765537643432591,0.014370623565675977,0.0007139523589623701,-0.65236950302124,0.65236950302124,-0.6203435030212381,-0.4245603037961795,-0.39091964999999984,0.39091964999999984,-0.35889364999999795,-0.15179250808012226
1-Bromooctane,CCCCCCCCBr,-5.06,6,4–6 RotB,-4.942843000000016,84,20,20,4.684305114843706,10.570912792302066,5.886607677458359,3.1435173830026466,3.236131416872069,18,1.5724800722968266,1.6231330409797953,2.0204750780272525,1.5750765102642914,1.6250792381857992,2.020475078027253,OK,-5.06,-4.661864757537842,5,-5.06,-4.530125617980957,10,-5.06,-5.095435619354248,15,-5.06,-4.8901520000000005,20,0.11715699999998375,0.11715699999998375,0.3981352424621578,0.3981352424621578,-0.28097824246217407,-0.144785908641405,0.5298743820190426,0.5298743820190426,-0.41271738201905883,-0.26704109807106613,-0.03543561935424844,0.03543561935424844,0.08172138064573531,0.012470079529977005,0.1698479999999991,0.1698479999999991,-0.052691000000015364,-0.015122580455003505
"3,4-Dimethylphenol",Cc1ccc(O)cc1C,-1.38,0,0 RotB,-1.3045167063492062,85,20,20,16.97607081673584,16.9790734996922,0.0030026829563567,0.0013637147069989,0.0001252278803356,20,0.2035382875785808,0.3514768075775531,0.3591005774216017,0.2035382099658039,0.3514768075775574,0.3591005774215965,OK,-1.38,-0.4589065909385681,5,-1.38,-0.24775430560112,10,-1.38,-0.9173386693000792,15,-1.38,-0.40881295,20,0.07548329365079365,0.07548329365079365,0.9210934090614318,0.9210934090614318,-0.8456101154106381,-0.8427153405960381,1.13224569439888,1.13224569439888,-1.0567624007480863,-1.2762825848644297,0.46266133069992066,0.46266133069992066,-0.387178037049127,-0.2083577793046494,0.9711870499999999,0.9711870499999999,-0.8957037563492063,-0.9375065584673304
"2,3,6-Trichlorophenol",Oc1c(Cl)ccc(Cl)c1Cl,-2.64,0,0 RotB,-2.4639200396825456,86,20,20,13.96140746405458,14.08728064196232,0.1258731779077386,0.0692302306129904,0.1258731414697376,20,0.2067819113619599,0.3968500680162632,0.3968512140958333,0.2067817963215159,0.3968500680162584,0.3968512140958251,OK,-2.64,-2.493804931640625,5,-2.64,-2.2438368797302246,10,-2.64,-2.6058738231658936,15,-2.64,-2.5335979,20,0.17607996031745454,0.17607996031745454,0.14619506835937512,0.14619506835937512,0.029884891958079418,0.009631154412794003,0.3961631202697755,0.3961631202697755,-0.22008315995232097,-0.12594106543648825,0.03412617683410657,0.03412617683410657,0.14195378348334797,0.029839556480083657,0.10640209999999994,0.10640209999999994,0.0696778603174546,0.01968274554098638
2-methylpteridine,Cc2ncc1nccnc1n2,-0.12,0,0 RotB,-0.7647338857142879,87,20,20,21.37486344074855,21.37486345559315,1.4844601992081152e-08,2.296950363245287e-09,1.1069776206795723e-09,20,0.2105046414067763,0.4165640057130699,0.4166746072516697,0.2105045178209303,0.4165640057130689,0.4166746072516757,OK,-0.12,-0.9638691544532776,5,-0.12,-0.3878397941589355,10,-0.12,-1.0418853759765625,15,-0.12,-0.8799509999999999,20,-0.6447338857142879,0.6447338857142879,-0.8438691544532776,0.8438691544532776,-0.19913526873898968,-0.2964333664494452,-0.2678397941589355,0.2678397941589355,0.3768940915553524,0.34394362805314355,-0.9218853759765625,0.9218853759765625,-0.2771514902622746,-0.4341908630512036,-0.7599509999999999,0.7599509999999999,-0.11521711428571202,-0.1618437390127554
Iodofenphos,COP(=S)(OC)Oc1cc(Cl)c(I)cc1Cl,-6.62,4,4–6 RotB,-5.813628666666655,88,20,20,20.745029929321458,29.4716898643831,8.726659935061644,1.4016319527421426,0.9808054811913413,19,1.2482696721668007,1.3681524905576574,1.96384063405643,1.2163954621247155,1.3633470589164045,1.75397127681634,OK,-6.62,-6.0833587646484375,5,-6.62,-5.464911460876465,10,-6.62,-5.949723720550537,15,-6.62,-5.812784349999999,20,0.8063713333333453,0.8063713333333453,0.5366412353515626,0.5366412353515626,0.2697300979817827,0.3622509117421459,1.1550885391235353,1.1550885391235353,-0.34871720579018994,-0.6839948059927458,0.670276279449463,0.670276279449463,0.13609505388388232,0.2009644364291825,0.8072156500000007,0.8072156500000007,-0.0008443166666554092,-0.0013623783831265834
hydantoin,O=C1CNC(=O)N1 ,-0.4,0,0 RotB,-0.1385371666666668,89,20,20,26.68989573985211,26.68989575766513,1.7813022168411408e-08,3.1287575197325166e-09,2.3951400862642913e-09,20,4.681818380144368e-06,4.040260284938245e-06,1.4169298414972743e-05,4.547799999005515e-06,3.760228393899921e-06,1.4169480765225024e-05,OK,-0.4,-0.0701376348733902,5,-0.4,-0.0976921766996383,10,-0.4,-0.2460402846336364,15,-0.4,0.28704126,20,0.2614628333333332,0.2614628333333332,0.3298623651266098,0.3298623651266098,-0.06839953179327662,-0.040446366712226484,0.3023078233003617,0.3023078233003617,-0.04084498996702851,-0.023027206813908352,0.15395971536636363,0.15395971536636363,0.10750311796696957,0.04465921925900267,0.68704126,0.68704126,-0.4255784266666668,-0.4036628797276932
Morin,Oc1ccc(c(O)c1)c3oc2cc(O)cc(O)c2c(=O)c3O ,-3.083,1,1–3 RotB,-3.370135999999995,90,20,20,49.27280001174569,54.28517006919852,5.012370057452834,3.611668786158305,4.087991665040196,18,1.2811786461424348,1.257827683917463,2.177729647351439,1.319526496974644,1.2879263348629917,2.17772964742519,OK,-3.083,-3.085644245147705,5,-3.083,-3.718747138977051,10,-3.083,-3.4825479984283447,15,-3.083,-3.8193457,20,-0.28713599999999495,0.28713599999999495,-0.0026442451477048934,0.0026442451477048934,0.28449175485229006,0.08244009046359593,-0.6357471389770506,0.6357471389770506,-0.34861113897705565,-0.32172734222150823,-0.39954799842834454,0.39954799842834454,-0.11241199842834959,-0.07719152055209931,-0.7363456999999998,0.7363456999999998,-0.4492097000000048,-0.45975790741249256
"1,2,4-Trichlorobenzene",Clc1ccc(Cl)c(Cl)c1,-3.59,0,0 RotB,-4.435404583333346,91,20,20,11.44508758020685,11.445087636061409,5.585455831180752e-08,8.079710323016797e-09,3.574601059597171e-09,20,7.599403282447569e-06,6.085411365714509e-06,2.829937267559209e-05,7.598785311180999e-06,6.085898121659107e-06,2.827045222812965e-05,OK,-3.59,-3.9794280529022217,5,-3.59,-4.015678405761719,10,-3.59,-4.3561787605285645,15,-3.59,-4.0485747,20,-0.8454045833333463,0.8454045833333463,-0.3894280529022218,0.3894280529022218,0.4559765304311245,0.5630547011338133,-0.4256784057617189,0.4256784057617189,0.41972617757162745,0.5335068043891904,-0.7661787605285646,0.7661787605285646,0.07922582280478174,0.12767901643594137,-0.4585746999999998,0.4585746999999998,0.38682988333334656,0.5044181540409391
deoxycorticosterone acetate,CC(=O)OCC(=O)C3CCC4C2CCC1=CC(=O)CCC1(C)C2CCC34C ,-4.63,3,1–3 RotB,-5.250200399999988,92,20,20,67.82420502505701,92.24221716478417,24.418012139727157,12.322179008360536,10.867410798519202,3,2.149158263253879,2.1619196849399254,3.133026196454036,2.230344383165718,2.1663040345988804,2.59844272474694,OK,-4.63,-5.001540660858154,5,-4.63,-4.990278720855713,10,-4.63,-5.5300612449646,15,-4.63,-5.16551185,20,-0.6202003999999883,0.6202003999999883,-0.3715406608581544,0.3715406608581544,0.24865973914183392,0.24660607348923144,-0.360278720855713,0.360278720855713,0.25992167914427533,0.2548477794587168,-0.9000612449645997,0.9000612449645997,-0.2798608449646114,-0.4254617085270796,-0.5355118499999998,0.5355118499999998,0.08468854999998854,0.09787559466972329
"2,2-Dimethyl-1-butanol",CCC(C)(C)CO,-1.04,2,1–3 RotB,-0.6979339047619059,93,20,20,11.060355620088217,13.232208484656418,2.1718528645682014,0.7299457683368886,0.2932374751996631,20,1.0404473671371222,1.1232583584550917,1.4188383260697917,1.0404473683870492,1.1232583584552895,1.418838326069793,OK,-1.04,-0.6203960180282593,5,-1.04,-0.6689885258674622,10,-1.04,-0.6330540180206299,15,-1.04,-0.97815037,20,0.34206609523809417,0.34206609523809417,0.41960398197174076,0.41960398197174076,-0.07753788673364659,-0.05905828817510404,0.3710114741325379,0.3710114741325379,-0.028945378894443707,-0.02064030042656191,0.40694598197937015,0.40694598197937015,-0.06487988674127598,-0.04859581873771694,0.06184962999999999,0.06184962999999999,0.2802164652380942,0.11318383678030002
Ethyl pentanoate,CCCOC(=O)CCC,-1.75,4,4–6 RotB,-1.9940514603174584,94,20,20,4.849893684550359,7.293256625961223,2.4433629414108635,1.028327924588843,0.9404536221780636,20,1.528776234344329,1.5974024276242782,2.2597006951370355,1.5287762733982786,1.5974024276280896,2.2597006951370338,OK,-1.75,-1.37380051612854,5,-1.75,-1.723499774932861,10,-1.75,-1.982591271400452,15,-1.75,-1.94670645,20,-0.2440514603174584,0.2440514603174584,0.37619948387145996,0.37619948387145996,-0.13214802355400157,-0.08196493638206889,0.026500225067138894,0.026500225067138894,0.2175512352503195,0.05885885335447495,-0.2325912714004521,0.2325912714004521,0.011460188917006287,0.0054624157514052,-0.19670644999999998,0.19670644999999998,0.047345010317458414,0.020867687811481482
chlorquinox,c2(Cl)c(Cl)c(Cl)c1nccnc1c2(Cl) ,-5.43,0,0 RotB,-4.675424333333339,95,20,20,25.558765388848027,25.558765620530323,2.316822964587573e-07,6.880039666867788e-08,4.0774379428398795e-08,20,1.9140799815623616e-05,1.8271258440413576e-05,5.762902290056391e-05,1.906722389452076e-05,1.799804277017398e-05,5.694592949727104e-05,OK,-5.43,-5.166582584381104,5,-5.43,-4.933366775512695,10,-5.43,-5.058703899383545,15,-5.43,-6.05648535,20,0.7545756666666605,0.7545756666666605,0.2634174156188953,0.2634174156188953,0.4911582510477652,0.4999957018740973,0.4966332244873044,0.4966332244873044,0.25794244217935614,0.3227398770607779,0.3712961006164548,0.3712961006164548,0.38327956605020574,0.43152364239245067,-0.6264853500000003,0.6264853500000003,0.12809031666666026,0.1769005429608123
Benzamide,NC(=O)c1ccccc1,-0.96,1,1–3 RotB,-0.6760370476190447,96,20,20,15.823502205477672,15.823502207531517,2.053843317639803e-09,6.141514852231465e-10,4.512692441949184e-10,20,0.2308918029669966,7.729907303348168e-06,0.482084530143519,0.2308914450308113,5.699195486945068e-06,0.4820845300959333,OK,-0.96,-0.9565248489379884,5,-0.96,-0.5908477902412415,10,-0.96,-0.794809103012085,15,-0.96,-0.3305938,20,0.28396295238095526,0.28396295238095526,0.003475151062011572,0.003475151062011572,0.2804878013189437,0.08062288165000486,0.3691522097587585,0.3691522097587585,-0.08518925737780325,-0.05563839564486578,0.165190896987915,0.165190896987915,0.11877205539304025,0.05334692587723672,0.6294062,0.6294062,-0.34544324761904477,-0.3155172062735314
2-pyrrolidone,O=C1CCCN1,1.07,0,0 RotB,0.5236753333333347,97,20,20,15.747117176143602,15.747117182567726,6.424123455417431e-09,1.4615255672367764e-09,1.1132490485010747e-09,20,9.466189888931502e-06,8.001421258249736e-06,3.2212614953854666e-05,9.464984127043408e-06,8.001677166808008e-06,3.22126234376624e-05,OK,1.07,0.3002502918243408,5,1.07,0.4853058755397796,10,1.07,0.4395113885402679,15,1.07,0.34515667,20,-0.5463246666666653,0.5463246666666653,-0.7697497081756592,0.7697497081756592,-0.2234250415089939,-0.2940439718280696,-0.5846941244602204,0.5846941244602204,-0.03836945779355505,-0.04339657776986072,-0.6304886114597321,0.6304886114597321,-0.08416394479306677,-0.09904524777197804,-0.7248433300000001,0.7248433300000001,-0.17851866333333477,-0.22692721163704604
p-Fluoroacetanilide,CC(=O)Nc1ccc(F)cc1,-1.78,1,1–3 RotB,-1.8530898571428596,98,20,20,18.936307987170387,18.93630799989012,1.271973104621793e-08,2.770064178037046e-09,1.992743747791792e-09,20,0.3475424288431341,0.6669852544160821,0.6670024065120952,0.3475422689574353,0.6669852544160855,0.6670024065120906,OK,-1.78,-1.7494566440582275,5,-1.78,-1.892081379890442,10,-1.78,-2.4513399600982666,15,-1.78,-1.9082101,20,-0.07308985714285954,0.07308985714285954,0.030543355941772488,0.030543355941772488,0.04254650120108705,0.004409230624977807,-0.11208137989044187,0.11208137989044187,-0.03899152274758233,-0.007220108500981931,-0.6713399600982666,0.6713399600982666,-0.598250102955407,-0.44535521480757856,-0.1282101,0.1282101,-0.055120242857140456,-0.011095702524846384
Raffinose,OCC1OC(CO)(OC2OC(COC3OC(CO)C(O)C(O)C3O)C(O)C(O)C2O)C(O)C1O,-0.41,8,≥7 RotB,-0.8000720000000006,99,20,20,78.99402232853379,112.2971717377717,33.30314940923792,18.115569248846896,18.265407144388483,3,2.9800371740667706,2.9952772908202587,4.364135792485584,2.3708644951789,2.37793465340468,2.768819012753415,OK,-0.41,0.3220955431461334,5,-0.41,-0.3899242877960205,10,-0.41,-0.8209583163261414,15,-0.41,0.0100240649999999,20,-0.3900720000000006,0.3900720000000006,0.7320955431461333,0.7320955431461333,-0.34202354314613276,-0.38380771911043154,0.020075712203979468,0.020075712203979468,0.3699962877960211,0.15175313096350346,-0.4109583163261414,0.4109583163261414,-0.020886316326140797,-0.01673057257361643,0.4200240649999999,0.4200240649999999,-0.029952064999999306,-0.02426404999512366
p-Toluenesulfonamide ,Cc1ccc(cc1)S(=O)(=O)N,-1.74,1,1–3 RotB,-1.526203900000002,100,20,20,16.02832820861886,16.181705550027246,0.1533773414083867,0.0914068574407448,0.1384852211641511,20,0.3722793815644478,0.3908610588916269,0.5345598791745919,0.372279385834121,0.3908610588916297,0.5345598791745906,OK,-1.74,-1.95316481590271,5,-1.74,-1.6327193975448608,10,-1.74,-2.012787103652954,15,-1.74,-1.61717125,20,0.21379609999999794,0.21379609999999794,-0.21316481590270997,0.21316481590270997,0.0006312840972879652,0.00026953363637288036,0.10728060245513915,0.10728060245513915,0.10651549754485878,0.03419964471207151,-0.2727871036529541,0.2727871036529541,-0.058991003652956175,-0.02870403154415841,0.12282875000000004,0.12282875000000004,0.09096734999999789,0.030621870548646603
Trichlomethiazide,NS(=O)(=O)c2cc1c(NC(NS1(=O)=O)C(Cl)Cl)cc2Cl ,-2.68,2,1–3 RotB,-2.741798666666663,101,20,20,27.39464144468428,35.24376191360443,7.849120468920148,1.348455974133714,0.7553275019975896,18,1.274532681773798,1.324075550101968,1.9081434537464053,1.2516208797701185,1.3166309876373374,1.86226947401342,OK,-2.68,-3.947319030761719,5,-2.68,-4.149505138397217,10,-2.68,-4.543927192687988,15,-2.68,-3.782016,20,-0.06179866666666278,0.06179866666666278,-1.267319030761719,1.267319030761719,-1.2055203640950563,-1.6022784505290457,-1.4695051383972166,1.4695051383972166,-1.4077064717305539,-2.1556262765740457,-1.8639271926879881,1.8639271926879881,-1.8021285260213253,-3.470405504439947,-1.1020159999999999,1.1020159999999999,-1.040217333333337,-1.2106201890542225
2-Methylphenanthrene,Cc1ccc2c(ccc3ccccc32)c1,-5.84,0,0 RotB,-6.196342095238089,102,20,20,39.98109146852177,39.981091886993504,4.184717354860368e-07,6.813215733814105e-08,2.606363835866432e-08,20,0.1738869422943302,0.330227140278051,0.3304478970687048,0.1738868397823134,0.3302271402724329,0.3304478970686953,OK,-5.84,-6.112448692321777,5,-5.84,-6.226135730743408,10,-5.84,-6.469592571258545,15,-5.84,-6.36922525,20,-0.35634209523808913,0.35634209523808913,-0.2724486923217775,0.2724486923217775,0.08389340291631164,0.05275139889082482,-0.38613573074340835,0.38613573074340835,-0.029793635505319216,-0.02212111371807457,-0.6295925712585451,0.6295925712585451,-0.27325047602045593,-0.26940711694527475,-0.5292252500000005,0.5292252500000005,-0.1728831547619114,-0.15309967639889166
4-Bromotoluene,Cc1ccc(Br)cc1,-3.19,0,0 RotB,-2.5297603333333414,103,20,20,12.45428758577615,12.454287590171967,4.395818820057684e-09,1.2751640632302495e-09,8.610738788661364e-10,20,6.650185179115796e-06,4.930571581749318e-06,3.042266846853496e-05,6.429127837275594e-06,4.578186983961918e-06,3.042283974319046e-05,OK,-3.19,-2.856644868850708,5,-3.19,-2.8772034645080566,10,-3.19,-3.233668327331543,15,-3.19,-3.43933685,20,0.6602396666666586,0.6602396666666586,0.33335513114929194,0.33335513114929194,0.3268845355173666,0.32479077397653877,0.3127965354919433,0.3127965354919433,0.34744313117471526,0.33807474482433786,-0.04366832733154302,0.04366832733154302,0.6165713393351155,0.4340094946281656,-0.24933685000000017,0.24933685000000017,0.4109028166666584,0.3737475526721778
"3,4-Dichlorophenol",Oc1ccc(Cl)c(Cl)c1,-1.25,0,0 RotB,-1.5159753809523833,104,20,20,12.14054098080829,12.142217495996311,0.0016765151880235,0.0010897335744354,0.0016765119698156,20,0.1986500680520566,4.090954111993532e-06,0.4147622096683676,0.1986500655785945,4.089888974550966e-06,0.4147622096683794,OK,-1.25,-1.7651946544647217,5,-1.25,-1.5436913967132568,10,-1.25,-1.628567814826965,15,-1.25,-1.6536322,20,-0.26597538095238327,0.26597538095238327,-0.5151946544647217,0.5151946544647217,-0.2492192735123384,-0.19468262871625858,-0.29369139671325684,0.29369139671325684,-0.02771601576087357,-0.015511733230618205,-0.3785678148269651,0.3785678148269651,-0.11259243387458184,-0.07257068715009794,-0.4036322000000001,0.4036322000000001,-0.13765681904761684,-0.09217604960407468
Chlorthalidone,NS(=O)(=O)c1cc(ccc1Cl)C2(O)NC(=O)c3ccccc23,-3.451,2,1–3 RotB,-2.954286,105,20,20,59.15825599707397,60.56701600495386,1.4087600078798843,0.6650959603529941,0.7023501033411677,20,2.0898019851328766,2.3832699112435742,2.948328370297617,2.0898019851411926,2.383269911250049,2.948328370297617,OK,-3.451,-3.836700916290283,5,-3.451,-3.5807461738586426,10,-3.451,-3.8266451358795166,15,-3.451,-3.89635425,20,0.4967139999999999,0.4967139999999999,-0.38570091629028314,0.38570091629028314,0.11101308370971674,0.09795960096883588,-0.1297461738586425,0.1297461738586425,0.36696782614135737,0.22989072816504277,-0.37564513587951653,0.37564513587951653,0.12106886412048334,0.10561552968605945,-0.44535424999999984,0.44535424999999984,0.05135975000000004,0.04838438980293752
vamidothion,CNC(=O)C(C)SCCSP(=O)(OC)(OC),1.144,8,≥7 RotB,-2.9577589999999936,106,20,20,12.545270594617564,21.23783216046271,8.692561565845146,1.957944802104811,1.2098363148349556,18,1.9422036524867448,1.9171489375013184,2.839936012993125,1.949624435907656,1.946711786758344,2.839936012993128,OK,1.144,-2.658853769302368,5,1.144,-2.0777993202209477,10,1.144,-3.218477487564087,15,1.144,-1.50124565,20,-4.101758999999993,4.101758999999993,-3.8028537693023683,3.8028537693023683,0.298905230697625,2.362730103383713,-3.2217993202209474,3.2217993202209474,0.8799596797790459,6.444436034304784,-4.362477487564087,4.362477487564087,-0.26071848756409377,-2.2067829354225275,-2.6452456499999997,2.6452456499999997,1.4565133499999936,9.827102345237023
3-Hexanol,CCCC(O)CC,-0.8,3,1–3 RotB,-0.8945649682539623,107,20,20,6.037059131356122,10.372952600577662,4.33589346922154,1.647379906142109,1.7227625739746877,20,1.3381646791697586,1.4323866017322366,1.891129178250456,1.338164738893114,1.432386601732238,1.891129178250455,OK,-0.8,-0.8498619794845581,5,-0.8,-0.8504194021224976,10,-0.8,-0.9384201169013976,15,-0.8,-1.05276843,20,-0.09456496825396221,0.09456496825396221,-0.04986197948455806,0.04986197948455806,0.04470298876940415,0.006456316222754393,-0.050419402122497514,0.050419402122497514,0.0441455661314647,0.006400417110482774,-0.13842011690139755,0.13842011690139755,-0.04385514864743534,-0.010217595542123682,-0.25276842999999993,0.25276842999999993,-0.15820346174603772,-0.05494934598379199
3-Butanoyloxymethylphenytoin,O=C1N(COC(=O)CCC)C(=O)C(N1)(c2ccccc2)c3ccccc3,-5.071000000000001,6,4–6 RotB,-4.391808000000002,108,20,20,61.41123415326492,65.00318351292293,3.5919493596580097,2.065018068605704,2.1057344780623417,20,1.8518736810488468,1.8990879124250613,2.72955849622994,1.8518736810468277,1.899087912425065,2.72955849622994,OK,-5.071000000000001,-4.829807281494141,5,-5.071000000000001,-5.214278221130371,10,-5.071000000000001,-5.030946254730225,15,-5.071000000000001,-4.92191885,20,0.6791919999999987,0.6791919999999987,0.24119271850586,0.24119271850586,0.4379992814941387,0.4031278454037512,-0.14327822113037048,0.14327822113037048,0.5359137788696282,0.44077312421371484,0.04005374526977601,0.04005374526977601,0.6391382547302227,0.4596974703538621,0.14908115000000066,0.14908115000000066,0.530110849999998,0.4390765835786755
Tetrafluthrin,Cc1c(F)c(F)c(COC(=O)C2C(C=C(Cl)C(F)(F)F)C2(C)C)c(F)c1F,-7.321000000000001,4,4–6 RotB,-6.149183633333334,109,20,20,304.6123240847889,310.9790690209461,6.366744936157204,2.098713598126622,1.4393910263165424,16,2.272669807177461,2.234083482012354,3.5369778005304484,2.285205532122426,2.1921965430121806,3.536977800627995,OK,-7.321000000000001,-4.6251420974731445,5,-7.321000000000001,-4.778896331787109,10,-7.321000000000001,-4.40764045715332,15,-7.321000000000001,-4.7329748,20,1.1718163666666666,1.1718163666666666,2.695857902526856,2.695857902526856,-1.5240415358601895,-5.894496233428632,2.5421036682128912,2.5421036682128912,-1.3702873015462247,-5.08913746275357,2.9133595428466803,2.9133595428466803,-1.7415431761800138,-7.114510228707951,2.5880252000000006,2.5880252000000006,-1.416208833333334,-5.324720838647176
Cholanthrene,C1Cc2c3c1cccc3cc4c2ccc5ccccc54,-7.85,0,0 RotB,-7.1636901000000135,110,20,20,71.65453128150172,71.65453212008485,8.385831335999683e-07,3.052397850922262e-07,2.720729810334888e-07,20,0.0001030340745685,9.410603782517407e-05,0.0002704983957117,0.0001028687122938,9.409642118102256e-05,0.0002704455766052,OK,-7.85,-7.563473701477051,5,-7.85,-7.494969367980957,10,-7.85,-7.605146408081055,15,-7.85,-7.78743555,20,0.6863098999999862,0.6863098999999862,0.28652629852294886,0.28652629852294886,0.3997836014770373,0.388923959092729,0.3550306320190426,0.3550306320190426,0.33127926798094354,0.3449745291661501,0.24485359191894496,0.24485359191894496,0.4414563080810412,0.41106799736238175,0.06256445,0.06256445,0.6237454499999862,0.4671069684341885
Metronidazole,Cc1ncc(N(=O)=O)n1CCO,-1.22,3,1–3 RotB,-1.4669966904761869,111,20,20,46.74912561088954,48.45337748400982,1.7042518731202776,0.8738075286593837,0.8173085447473873,20,1.0353669193097634,0.906197824075108,1.7616328120146334,1.0353669193136146,0.9061978240751084,1.7616328120146365,OK,-1.22,-1.2427167892456057,5,-1.22,-1.2649184465408323,10,-1.22,-1.4908524751663208,15,-1.22,-1.34731115,20,-0.2469966904761869,0.2469966904761869,-0.022716789245605717,0.022716789245605717,0.22427990123058117,0.06049131259256,-0.044918446540832324,0.044918446540832324,0.20207824393535456,0.05898969826654765,-0.2708524751663208,0.2708524751663208,-0.02385578469013394,-0.012353698197533174,-0.12731114999999993,0.12731114999999993,0.11968554047618696,0.044799236191866786
Benzylchloride,ClCc1ccccc1,-2.39,1,1–3 RotB,-2.7267741428571406,112,20,20,12.337609090029924,12.337609107460702,1.7430778598281904e-08,3.109010382473798e-09,8.087805980494521e-10,20,8.88507245364119e-06,7.656477347134384e-06,2.9289166903632256e-05,8.197200696516456e-06,6.668940892616275e-06,2.9289263941770767e-05,OK,-2.39,-2.506731510162353,5,-2.39,-2.258373975753784,10,-2.39,-2.5871899127960205,15,-2.39,-2.5590705,20,-0.33677414285714047,0.33677414285714047,-0.11673151016235295,0.11673151016235295,0.22004263269478752,0.09979057783237814,0.13162602424621594,0.13162602424621594,0.20514811861092452,0.09609141303829623,-0.19718991279602038,0.19718991279602038,0.13958423006112008,0.07453296158865953,-0.16907049999999968,0.16907049999999968,0.1677036428571408,0.08483198932691177
"2,7-dimethylquinoline",c2c(C)cc1nc(C)ccc1c2 ,-1.94,0,0 RotB,-2.7308069999999973,113,20,20,24.401547995026743,24.40155163715651,3.642129762226887e-06,1.847944377075805e-07,1.5121610630330904e-09,20,0.1845944690681717,0.3649451472558799,0.3651098817266835,0.1845944013082187,0.3649451472553483,0.3651098817266852,OK,-1.94,-2.84264612197876,5,-1.94,-2.6610307693481445,10,-1.94,-2.8422744274139404,15,-1.94,-3.1584552,20,-0.7908069999999974,0.7908069999999974,-0.9026461219787603,0.9026461219787603,-0.11183912197876289,-0.1893943102742991,-0.7210307693481446,0.7210307693481446,0.06977623065185279,0.10549034090221854,-0.9022744274139405,0.9022744274139405,-0.11146742741394311,-0.1887234311161583,-1.2184552000000002,1.2184552000000002,-0.4276482000000028,-0.8592573631580446
thymine,Cc1c[nH]c(=O)[nH]c1=O ,-1.506,0,0 RotB,-1.0939267095238083,114,20,20,13.952234165521515,13.952243481665398,9.316143882998064e-06,4.915084644174783e-07,7.693738979241971e-10,20,0.0579579282912065,0.1138396856058055,0.1173660440072657,0.0579577179636018,0.1138396856057951,0.1173660440072455,OK,-1.506,-0.8942115902900696,5,-1.506,-1.0697346925735474,10,-1.506,-1.0977236032485962,15,-1.506,-0.8800569,20,0.4120732904761917,0.4120732904761917,0.6117884097099304,0.6117884097099304,-0.19971511923373875,-0.20448066153152986,0.43626530742645264,0.43626530742645264,-0.024192016950260964,-0.02052302174002138,0.4082763967514038,0.4082763967514038,0.0037968937247878642,0.0031147805795661565,0.6259431,0.6259431,-0.2138698095238083,-0.22200036771373413
2-Pentanone,CCCC(=O)C,-0.19,2,1–3 RotB,-0.5931673333333342,115,20,20,2.859149548920006,5.754270545543099,2.895120996623093,0.916225632672912,1.056378523234432,20,1.095209029418846,1.2603880204215945,1.5444195133802374,1.0952089959084186,1.260388020421595,1.5444195133802383,OK,-0.19,-0.1072985008358955,5,-0.19,-0.3833967745304107,10,-0.19,-0.5393842458724976,15,-0.19,-0.554349005,20,-0.40316733333333415,0.40316733333333415,0.0827014991641045,0.0827014991641045,0.32046583416922964,0.1557043607031214,-0.1933967745304107,0.1933967745304107,0.20977055880292345,0.12514158626834526,-0.34938424587249756,0.34938424587249756,0.0537830874608366,0.040474547403217945,-0.36434900499999995,0.36434900499999995,0.03881832833333421,0.029793701222621788
4-methoxypteridine,COc1ncnc2nccnc12 ,-1.11,1,1–3 RotB,-1.0700159000000011,116,20,20,22.07654409883675,22.07654413332734,3.4490589939650824e-08,4.025729261059041e-09,1.3614549487783734e-09,20,6.161241063770334e-06,4.75926036269382e-06,2.3241803511139176e-05,6.104173858752895e-06,4.707694724064754e-06,2.3241837479731644e-05,OK,-1.11,-0.943468689918518,5,-1.11,-1.2929465770721436,10,-1.11,-1.0544390678405762,15,-1.11,-0.81083415,20,0.03998409999999897,0.03998409999999897,0.16653131008148214,0.16653131008148214,-0.12654721008148317,-0.02613394898464484,-0.18294657707214346,0.18294657707214346,-0.1429624770721445,-0.031870721809603805,0.055560932159423926,0.055560932159423926,-0.015576832159424958,-0.0014882889296141905,0.29916585000000007,0.29916585000000007,-0.2591817500000011,-0.08790147755341263
adenine,Nc1ncnc2nc[nH]c12 ,-2.12,0,0 RotB,-1.8111442666666628,117,20,20,54.667998660447694,54.66799882456293,1.641152351794517e-07,2.599708786021893e-08,1.046154096684404e-08,20,1.19243312932364e-05,7.282146176985784e-06,4.534831682502164e-05,1.191807188451052e-05,7.274274132140967e-06,4.534831682502164e-05,OK,-2.12,-1.5814604759216309,5,-2.12,-2.0428390502929688,10,-2.12,-2.049983024597168,15,-2.12,-2.25282375,20,0.30885573333333727,0.30885573333333727,0.5385395240783692,0.5385395240783692,-0.22968379074503198,-0.19463295498168293,0.07716094970703136,0.07716094970703136,0.2316947836263059,0.08943805185318252,0.07001697540283214,0.07001697540283214,0.23883875793050513,0.09048948716831275,-0.13282375000000002,0.13282375000000002,0.17603198333333725,0.07774971544881104
Dipropyl ether,CCCOCCC,-1.62,4,4–6 RotB,-1.3655830000000004,118,20,20,7.004202441475439,10.64509673869798,3.640894297222541,1.556103840777597,1.8613923858104189,20,1.194038294333157,1.1955853412541493,1.9530195073430645,1.1940382866385826,1.1955853412539768,1.953019507343064,OK,-1.62,-1.567771315574646,5,-1.62,-1.2671985626220703,10,-1.62,-1.6144129037857056,15,-1.62,-1.60485805,20,0.25441699999999967,0.25441699999999967,0.05222868442535411,0.05222868442535411,0.20218831557464556,0.06200017441219661,0.3528014373779298,0.3528014373779298,-0.09838443737793012,-0.05974084432693348,0.00558709621429454,0.00558709621429454,0.24882990378570513,0.06469679424489205,0.01514195000000007,0.01514195000000007,0.2392750499999996,0.06449873123919733
2-Chlorotoluene,Cc1ccccc1Cl,-3.52,0,0 RotB,-2.928887714285708,119,20,20,13.773307992173992,13.77330800131373,9.139737855434761e-09,1.8220778663646798e-09,1.3027632306261692e-09,20,5.832944832908606e-06,4.729361873851541e-06,2.1329448081517784e-05,5.503085266323663e-06,3.96781469561986e-06,2.012670373454358e-05,OK,-3.52,-1.975037097930908,5,-3.52,-1.934016227722168,10,-3.52,-2.338521242141724,15,-3.52,-2.2896335,20,0.5911122857142921,0.5911122857142921,1.544962902069092,1.544962902069092,-0.9538506163548,-2.0374966344473764,1.585983772277832,1.585983772277832,-0.99487148656354,-2.1659307916062476,1.181478757858276,1.181478757858276,-0.5903664721439839,-1.0464783209479598,1.2303665000000001,1.2303665000000001,-0.6392542142857081,-1.1643879899998755
benzoin,OC(C(=O)c1ccccc1)c2ccccc2,-2.85,3,1–3 RotB,-3.0768619999999944,120,20,20,30.937658707524797,34.79434798180512,3.856689274280324,1.726014253302436,1.8921303777112255,20,1.3036248247488855,1.383421163802928,1.9637671508779333,1.3036248179288628,1.3834211638331162,1.9637671508779415,OK,-2.85,-2.823143482208252,5,-2.85,-2.9163382053375244,10,-2.85,-2.695488929748535,15,-2.85,-2.63716485,20,-0.22686199999999435,0.22686199999999435,0.026856517791748136,0.026856517791748136,0.2000054822082462,0.05074509449609895,-0.06633820533752433,0.06633820533752433,0.16052379466247002,0.0470656095565939,0.15451107025146493,0.15451107025146493,0.07235092974852941,0.027592696213744303,0.21283515000000008,0.21283515000000008,0.014026849999994262,0.006167565968474904
"1,2,4-tribromobenzene",c1(Br)c(Br)cc(Br)cc1,-4.5,0,0 RotB,-5.311756190476166,121,20,20,11.612339954298056,11.612340007612593,5.3314535009008075e-08,1.3423057687589337e-08,6.475929126281699e-09,20,1.0678796450965014e-05,9.1911823512372e-06,3.298144622912407e-05,1.0644989153782986e-05,9.137315829307212e-06,3.2981437252576724e-05,OK,-4.5,-4.9771809577941895,5,-4.5,-5.211177825927734,10,-4.5,-5.569295406341553,15,-4.5,-4.9735433,20,-0.8117561904761663,0.8117561904761663,-0.47718095779418945,0.47718095779418945,0.33457523268197686,0.431246446294998,-0.7111778259277344,0.7111778259277344,0.10057836454843194,0.15317421268507914,-1.0692954063415527,1.0692954063415527,-0.2575392158653864,-0.4844445532467684,-0.4735433000000002,0.4735433000000002,0.3382128904761661,0.43470485580148777
2-Decanone,CCCCCCCCC(=O)C,-3.3,7,≥7 RotB,-3.1888993095238107,122,20,20,6.526918183627675,17.103561481582066,10.57664329795439,3.8749613668005503,3.423292616735405,16,1.77041131342135,1.7843011035011271,2.4992658292895773,1.7514557714368886,1.7843011035011522,2.499265829493986,OK,-3.3,-3.119402885437012,5,-3.3,-3.43963623046875,10,-3.3,-3.655508756637573,15,-3.3,-3.31112145,20,0.11110069047618909,0.11110069047618909,0.18059711456298766,0.18059711456298766,-0.06949642408679857,-0.02027195436419092,-0.13963623046875018,0.13963623046875018,-0.028535539992561088,-0.00715491343523594,-0.355508756637573,0.355508756637573,-0.24440806616138389,-0.11404311262170712,-0.011121450000000088,0.011121450000000088,0.099979240476189,0.012219676774183471
5-Allyl-5-isopropylbarbital,O=C1NC(=O)NC(=O)C1(C(C)C)CC=C,-1.7080000000000002,3,1–3 RotB,-2.20227,123,20,20,24.675881910020056,39.14476198397926,14.468880073959202,3.842977401087434,2.7734113252563706,11,1.368805481170691,1.4764168139429468,1.9826992768784215,1.164474757179618,1.327549704490914,1.7882582966427465,OK,-1.7080000000000002,-2.212485313415528,5,-1.7080000000000002,-2.2129695415496826,10,-1.7080000000000002,-2.2086472511291504,15,-1.7080000000000002,-2.3776941000000003,20,-0.49426999999999977,0.49426999999999977,-0.5044853134155276,0.5044853134155276,-0.010215313415527838,-0.010202598551963371,-0.5049695415496824,0.5049695415496824,-0.010699541549682667,-0.01069140499289667,-0.5006472511291502,0.5006472511291502,-0.006377251129150441,-0.0063448371631746325,-0.6696941000000001,0.6696941000000001,-0.1754241000000003,-0.2041873546748103
Phenacetin,CCOc1ccc(NC(=O)C)cc1,-2.35,3,1–3 RotB,-2.43176533333333,124,20,20,22.04541655335636,23.49707494529199,1.4516583919356272,0.9387424676251164,1.4364857330729317,20,1.0036649561691178,1.1553301638764673,1.333436884372827,1.0036650467335482,1.1553301644570864,1.3334368843728297,OK,-2.35,-2.3934566974639893,5,-2.35,-2.63069748878479,10,-2.35,-2.7393686771392822,15,-2.35,-2.52655635,20,-0.08176533333332969,0.08176533333332969,-0.04345669746398917,0.04345669746398917,0.038308635869340524,0.004797085180633833,-0.28069748878478995,0.28069748878478995,-0.19893215545146026,-0.07210551047497676,-0.38936867713928214,0.38936867713928214,-0.30760334380595244,-0.14492239700208404,-0.1765563499999998,0.1765563499999998,-0.09479101666667011,-0.024486574990211916
"1,4-Dibromobenzene",Brc1ccc(Br)cc1,-4.07,0,0 RotB,-3.5672175238095125,125,20,20,10.325787177242333,10.325787210234097,3.2991762211054265e-08,6.992375123360261e-09,2.726848080669697e-09,20,4.368301476782428e-06,3.927104273612566e-06,1.2313493503669108e-05,4.355966607801899e-06,3.927819758059111e-06,1.2313613720579093e-05,OK,-4.07,-3.9414567947387695,5,-4.07,-4.017645359039307,10,-4.07,-3.976357698440552,15,-4.07,-4.0442422,20,0.5027824761904878,0.5027824761904878,0.12854320526123075,0.12854320526123075,0.374239270929257,0.23626686274540754,0.052354640960693644,0.052354640960693644,0.4504278352297941,0.2500492099341153,0.09364230155944808,0.09364230155944808,0.4091401746310397,0.2440213377228878,0.025757800000000053,0.025757800000000053,0.4770246761904877,0.2521267541033984
"2,3,5-Trichlorophenol",Oc1cc(Cl)cc(Cl)c1Cl,-2.67,0,0 RotB,-2.4639200396825456,126,20,20,12.579807636916186,13.569248801697896,0.9894411647817094,0.4452485245561497,4.838764944281593e-09,20,0.2116248065508667,0.4061457910569457,0.4061465277441431,0.2116248064807769,0.4061457910569538,0.4061465277441431,OK,-2.67,-2.630767345428467,5,-2.67,-2.2090847492218018,10,-2.67,-2.5862088203430176,15,-2.67,-2.4853787,20,0.20607996031745435,0.20607996031745435,0.03923265457153313,0.03923265457153313,0.16684730574592121,0.040929748859714316,0.46091525077819817,0.46091525077819817,-0.2548352904607438,-0.16997391835548575,0.08379117965698235,0.08379117965698235,0.122288780660472,0.03544798825613486,0.18462129999999988,0.18462129999999988,0.02145866031745447,0.008383925630753603
"Hexachloro-1,3-butadiene",ClC(=C(Cl)C(=C(Cl)Cl)Cl)Cl,-4.92,1,1–3 RotB,-5.514885406926426,127,20,20,15.65226595992613,15.805141215310426,0.1528752553842967,0.0993689114884015,0.1528752451116881,20,0.992265801420584,0.4176879035869121,1.9391889799639144,0.9922657963052984,0.4176879035869143,1.9391889799639157,OK,-4.92,-4.254254341125488,5,-4.92,-4.508309364318848,10,-4.92,-4.714442729949951,15,-4.92,-4.06150855,20,-0.5948854069264264,0.5948854069264264,0.6657456588745116,0.6657456588745116,-0.0708602519480852,-0.08932863493623766,0.4116906356811523,0.4116906356811523,0.18319477124527417,0.18439946786646874,0.20555727005004876,0.20555727005004876,0.3893281368763777,0.3116348561035913,0.8584914499999998,0.8584914499999998,-0.2636060430735734,-0.38311892234908224
3-Methyl-2-butanone,CC(C)C(=O)C,-0.12,1,1–3 RotB,-0.2355146666666661,128,20,20,3.737870765615674,5.9383111565134366,2.2004403908977626,0.6926828865589763,4.021933230902164e-09,20,0.6193947420276993,1.0797622186658915,1.167979444599428,0.6193947250559343,1.0797622186570963,1.1679794445995,OK,-0.12,-0.0332506000995636,5,-0.12,-0.1948409527540207,10,-0.12,-0.3821128904819488,15,-0.12,-0.5148600999999999,20,-0.1155146666666661,0.1155146666666661,0.0867493999004364,0.0867493999004364,0.028765266766229702,0.005818179832025146,-0.0748409527540207,0.0748409527540207,0.040673713912645404,0.007742470005981423,-0.2621128904819488,0.2621128904819488,-0.1465982238152827,-0.0553595291416911,-0.39486009999999994,0.39486009999999994,-0.27934543333333384,-0.14257086035689898
indazole,c2ccc1[nH]ncc1c2 ,-2.16,0,0 RotB,-1.166902666666665,129,20,20,54.03714832379531,54.0371486682312,3.444358895876576e-07,6.977053246259858e-08,1.6924293078091068e-08,20,1.5384380575253193e-05,1.2923514850073215e-05,4.991317296384457e-05,1.5336915958608745e-05,1.2871774651471129e-05,4.9913210925364456e-05,OK,-2.16,-0.961910605430603,5,-2.16,-0.7067608833312988,10,-2.16,-1.1487151384353638,15,-2.16,-0.984504755,20,0.993097333333335,0.993097333333335,1.1980893945693971,1.1980893945693971,-0.20499206123606206,-0.44917588390588326,1.4532391166687013,1.4532391166687013,-0.46014178333536626,-1.125661616742246,1.0112848615646364,1.0112848615646364,-0.01818752823130132,-0.03645475775602458,1.175495245,1.175495245,-0.18239791166666497,-0.39554675754382895
o-Toluidine,Cc1ccccc1N,-2.21,0,0 RotB,-0.9797940476190478,130,20,20,15.400857083897696,15.40085708760492,3.707222973048374e-09,1.5122142649204304e-09,1.102556268506305e-09,20,3.863701807278415e-06,3.613564048118137e-06,8.99963957891361e-06,3.814635709341597e-06,3.5832225443037785e-06,9.000011111737075e-06,OK,-2.21,-1.130685329437256,5,-2.21,-0.6372014880180359,10,-2.21,-0.9604879021644592,15,-2.21,-1.46504645,20,1.230205952380952,1.230205952380952,1.0793146705627439,1.0793146705627439,0.1508912818182082,0.3484865271815609,1.572798511981964,1.572798511981964,-0.342592559601012,-0.9602884740191553,1.2495120978355407,1.2495120978355407,-0.01930614545458864,-0.04787379736384856,0.74495355,0.74495355,0.48525240238095213,0.9584508936159228
Secobarbital,O=C1NC(=O)NC(=O)C1(C(C)CCC)CC=C,-2.356,5,4–6 RotB,-2.640325504761905,131,20,20,28.506446163067903,42.463491257223055,13.957045094155152,5.525263134114277,5.288187740743705,10,1.894305769835152,1.9033078292792447,2.779568088498991,1.786423448195579,1.790042692627639,2.7561708347708294,OK,-2.356,-2.501971483230591,5,-2.356,-2.362351179122925,10,-2.356,-2.613224029541016,15,-2.356,-2.7764844,20,-0.2843255047619051,0.2843255047619051,-0.14597148323059095,0.14597148323059095,0.13835402153131415,0.05953331874157343,-0.006351179122924933,0.006351179122924933,0.27797432563898017,0.08080065518186064,-0.2572240295410162,0.2572240295410162,0.027101475220888904,0.014676791284794544,-0.4204844000000003,0.4204844000000003,-0.1361588952380952,-0.09596613798524814
metharbital,CCC1(CC)C(=O)NC(=O)N(C)C1=O ,-2.23,2,1–3 RotB,-2.153652999999999,132,20,20,23.628416669970218,31.105617020036185,7.477200350065967,1.6865481871421593,0.4391966996225704,17,1.1273089123380644,1.270952945258489,1.7220141861001008,1.0489217084762448,1.270948581749102,1.685853455331432,OK,-2.23,-2.013453483581543,5,-2.23,-1.8762788772583008,10,-2.23,-1.818748116493225,15,-2.23,-1.94864685,20,0.07634700000000105,0.07634700000000105,0.216546516418457,0.216546516418457,-0.14019951641845596,-0.04106352936396891,0.3537211227416992,0.3537211227416992,-0.27737412274169815,-0.11928976826464807,0.4112518835067749,0.4112518835067749,-0.33490488350677383,-0.1632992472788698,0.28135314999999994,0.28135314999999994,-0.2050061499999989,-0.07333073060592231
p-Xylene ,Cc1ccc(C)cc1,-2.77,0,0 RotB,-2.8130099999999847,133,20,20,14.577704397997143,14.676419218262057,0.0987148202649095,0.0172833462600636,0.0137195611457077,20,0.2143542676038475,0.2201727951207859,0.4081779080230002,0.2143540858363508,0.2201727951207824,0.4081779080230041,OK,-2.77,-2.1169450283050537,5,-2.77,-2.372304916381836,10,-2.77,-2.3923685550689697,15,-2.77,-2.1970901,20,-0.04300999999998467,0.04300999999998467,0.6530549716949463,0.6530549716949463,-0.6100449716949616,-0.42463093595548845,0.3976950836181641,0.3976950836181641,-0.3546850836181794,-0.15631151943405983,0.3776314449310303,0.3776314449310303,-0.3346214449310456,-0.14075564810069907,0.5729099,0.5729099,-0.5298999000000153,-0.3263758934180113
1-Iodopropane,CCCI,-2.29,1,1–3 RotB,-1.7681260000000056,134,20,20,1.817373549846193,1.8173735590512003,9.205007422963264e-09,1.4884993682073855e-09,7.051857986439812e-10,20,0.6051512629088881,1.1613933827432872,1.161398927090687,0.6051512537840095,1.1613933827432863,1.1613989270906846,OK,-2.29,-1.915261030197144,5,-2.29,-2.04837965965271,10,-2.29,-2.5593912601470947,15,-2.29,-2.27489425,20,0.5218739999999944,0.5218739999999944,0.37473896980285604,0.37473896980285604,0.14713503019713836,0.1319231763870883,0.24162034034729007,0.24162034034729007,0.2802536596527043,0.21397208300645387,-0.2693912601470947,0.2693912601470947,0.2524827398528997,0.1997808208323545,0.015105750000000029,0.015105750000000029,0.5067682499999944,0.27212428819293166
DNOC,Cc1cc(cc(N(=O)=O)c1O)N(=O)=O,-1.456,2,1–3 RotB,-2.854083238095241,135,20,20,23.78804701667208,25.48721738712228,1.6991703704502008,0.7836515108828573,0.1164922159347163,20,0.3183558740828396,0.390177913803056,0.5414745643729175,0.3183558744538211,0.3901779138030633,0.5414745643730055,OK,-1.456,-2.6056246757507324,5,-1.456,-2.4713802337646484,10,-1.456,-2.555283308029175,15,-1.456,-2.9702338,20,-1.398083238095241,1.398083238095241,-1.1496246757507325,1.1496246757507325,0.24845856234450858,0.6329998455478976,-1.0153802337646485,1.0153802337646485,0.38270300433059257,0.9236397215229222,-1.0992833080291748,1.0992833080291748,0.2987999300660662,0.7462129493313088,-1.5142338,1.5142338,-0.11615056190475892,-0.33826726041956556
guanine,Nc2nc1[nH]cnc1c(=O)[nH]2 ,-3.583,0,0 RotB,-2.7155390999999995,136,20,20,54.9933756063907,54.99337569834548,9.1954781566983e-08,1.5927783891811485e-08,1.0551694629157282e-08,20,1.0832628461135948e-05,8.917156175265841e-06,3.636939694598616e-05,1.044576274312484e-05,8.615126411286683e-06,3.636954347191814e-05,OK,-3.583,-2.0876219272613525,5,-3.583,-2.864072799682617,10,-3.583,-2.7036666870117188,15,-3.583,-2.97380085,20,0.8674609000000006,0.8674609000000006,1.4953780727386476,1.4953780727386476,-0.627917172738647,-1.4836671673987412,0.718927200317383,0.718927200317383,0.14853369968261765,0.2356320936726205,0.8793333129882814,0.8793333129882814,-0.01187241298828079,-0.020738662302135835,0.6091991500000002,0.6091991500000002,0.2582617500000004,0.3813648086680883
Dimecron,CCN(CC)C(=O)C(=CCOP(=O)(OC)OC)Cl,0.523,8,≥7 RotB,-3.2472449999999915,137,20,20,24.930370357222085,28.85940388759942,3.929033530377336,2.0059632725027576,1.8915113540187587,20,2.0567927879954664,2.1222115794134817,2.826225050945113,2.0567927879957804,2.1222115794134786,2.826225050945118,OK,0.523,-2.7144932746887207,5,0.523,-2.077991008758545,10,0.523,-2.78967833518982,15,0.523,-1.5032001,20,-3.7702449999999916,3.7702449999999916,-3.237493274688721,3.237493274688721,0.5327517253112708,3.733384656370239,-2.600991008758545,2.600991008758545,1.1692539912414466,7.449593132382144,-3.31267833518982,3.31267833518982,0.4575666648101717,3.2409096075889394,-2.0262001,2.0262001,1.7440448999999916,10.109260514784927
t-Pentylbenzene,CC(C)(C)Cc1ccccc1,-4.15,1,1–3 RotB,-4.135395533333338,138,20,20,19.786557902109376,19.78655792445922,2.2349844641667005e-08,5.1594955863265565e-09,3.7910474759428325e-09,20,1.1135433498502083e-05,1.0483029729269876e-05,2.5580221909449247e-05,1.0137610017407743e-05,9.621605200199352e-06,2.558042766444133e-05,OK,-4.15,-4.14610481262207,5,-4.15,-4.548269748687744,10,-4.15,-4.669168949127197,15,-4.15,-4.85060665,20,0.014604466666662042,0.014604466666662042,0.0038951873779300428,0.0038951873779300428,0.010709279288731999,0.00019811796190845714,-0.3982697486877438,0.3982697486877438,-0.38366528202108174,-0.15840550227318095,-0.5191689491271969,0.5191689491271969,-0.5045644824605349,-0.26932310729122033,-0.7006066499999992,0.7006066499999992,-0.6860021833333372,-0.49063638757760375
dibutylphthalate,CCCCOC(=O)c1ccccc1C(=O)OCCCC ,-4.4,8,≥7 RotB,-4.029000666666661,139,20,20,31.02038504021527,33.96661546784716,2.9462304276318925,1.2401364528683116,1.378633361381581,20,1.978251446922194,1.962277389688504,3.12133684019594,1.9782514469250403,1.962277389688501,3.121336840195945,OK,-4.4,-4.042949199676514,5,-4.4,-3.7125046253204346,10,-4.4,-4.081705570220947,15,-4.4,-4.035874,20,0.370999333333339,0.370999333333339,0.3570508003234867,0.3570508003234867,0.013948533009852326,0.010155231322139635,0.6874953746795658,0.6874953746795658,-0.3164960413462268,-0.3350093848720146,0.3182944297790531,0.3182944297790531,0.05270490355428592,0.036329161305409446,0.3641260000000006,0.3641260000000006,0.006873333333338394,0.005052761457781552
Difenoxuron,COc2ccc(Oc1ccc(NC(=O)N(C)C)cc1)cc2,-4.16,4,4–6 RotB,-4.389456000000002,140,20,20,45.96734160010725,46.16121060330835,0.1938690032010939,0.0581385534134234,0.0774471759568591,20,1.231191092762376,1.3477262891310486,1.8042927913411535,1.231191089222312,1.347726289143825,1.804292791552596,OK,-4.16,-4.2097344398498535,5,-4.16,-4.584230899810791,10,-4.16,-4.727786064147949,15,-4.16,-4.38752425,20,-0.22945600000000166,0.22945600000000166,-0.049734439849853374,0.049734439849853374,0.17972156015014829,0.05017654142882208,-0.4242308998107909,0.4242308998107909,-0.19477489981078921,-0.1273218004182725,-0.5677860641479491,0.5677860641479491,-0.3383300641479474,-0.2697309587046182,-0.2275242500000001,0.2275242500000001,0.0019317500000015642,0.0008827715979382242
3-Hexanoyloxymethylphenyltoin,O=C1N(COC(=O)CCCCC)C(=O)C(N1)(c2ccccc2)c3ccccc3,-5.886,8,≥7 RotB,-4.962162000000003,141,20,20,65.29676704076283,69.29247187269489,3.995704831932059,1.690365395404131,1.5550493415503652,20,2.2182112121972524,2.247673138028383,3.2371736550471737,2.218211212197765,2.247673138025004,3.237173655051967,OK,-5.886,-5.241855144500732,5,-5.886,-5.822153091430664,10,-5.886,-5.802361011505127,15,-5.886,-5.9249048,20,0.9238379999999973,0.9238379999999973,0.6441448554992677,0.6441448554992677,0.2796931445007296,0.43855405537782255,0.06384690856933606,0.06384690856933606,0.8599910914306612,0.8494002225101338,0.08363898849487317,0.08363898849487317,0.8401990115051241,0.8464811698475495,-0.03890480000000007,0.03890480000000007,0.8849331999999972,0.851963066780955
RTI 9,O2c1ccccc1N(CC)C(=O)c3ccccc23 ,-3.68,1,1–3 RotB,-4.100183666666657,142,20,20,56.59064843860618,58.39163936815432,1.800990929548142,1.5125812796048372,1.7749038350056203,20,1.0379158740124508,1.1353275515129808,1.6901668895693067,1.037915874447684,1.1353275515129886,1.690166889569304,OK,-3.68,-3.9793100357055664,5,-3.68,-4.065187931060791,10,-3.68,-4.121809482574463,15,-3.68,-3.96679565,20,-0.4201836666666572,0.4201836666666572,-0.29931003570556625,0.29931003570556625,0.12087363096109094,0.08696781625936913,-0.38518793106079086,0.38518793106079086,0.03499573560586633,0.028184571498543892,-0.44180948257446273,0.44180948257446273,-0.021625815907805546,-0.018641305159278032,-0.28679564999999974,0.28679564999999974,0.13338801666665745,0.09430256887451412
m-Chloroiodobenzene,Clc1cccc(I)c1,-3.55,0,0 RotB,-3.74992461904761,143,20,20,10.24138347212794,10.24138350592693,3.379898849686924e-08,8.438377196995361e-09,4.38949232517416e-09,20,8.520206032798237e-06,7.934732085087866e-06,2.440076861644601e-05,8.24556906599082e-06,7.606066702921598e-06,2.4400695817120827e-05,OK,-3.55,-3.267094135284424,5,-3.55,-3.574592113494873,10,-3.55,-3.8424127101898193,15,-3.55,-3.6445084,20,-0.19992461904761027,0.19992461904761027,0.282905864715576,0.282905864715576,-0.08298124566796572,-0.0400658749891357,-0.024592113494873225,0.024592113494873225,0.17533250555273705,0.03936508125518737,-0.2924127101898195,0.2924127101898195,-0.09248809114220924,-0.045535339779223284,-0.09450840000000005,0.09450840000000005,0.10541621904761023,0.031038015630772083
1-Octanol,CCCCCCCCO,-2.39,6,4–6 RotB,-2.107109833333342,144,20,20,7.225734354270759,10.593558589814084,3.367824235543325,1.466944548097892,1.3761382712148098,20,1.5789556132140474,1.6290863773295383,1.9997362490367967,1.578955613212811,1.6290863773355382,1.99973624903669,OK,-2.39,-2.4469385147094727,5,-2.39,-2.376471996307373,10,-2.39,-2.547565698623657,15,-2.39,-2.65659275,20,0.28289016666665834,0.28289016666665834,-0.05693851470947253,0.05693851470947253,0.2259516519571858,0.07678485193936892,0.013528003692627077,0.013528003692627077,0.26936216297403126,0.079843839512782,-0.15756569862365666,0.15756569862365666,0.12532446804300168,0.05519989701392874,-0.26659275000000004,0.26659275000000004,0.016297416666658293,0.00895515204412721
Riboflavin,Cc3cc2nc1c(=O)[nH]c(=O)nc1n(CC(O)C(O)C(O)CO)c2cc3C,-3.685,5,4–6 RotB,-1.9065119999999995,145,20,20,58.66208423650282,66.35629821772535,7.694213981222532,3.251764608590746,2.929519614616318,16,1.7937365473086102,1.7529168144500225,3.145111807698921,1.7433585175602446,1.716023471706572,2.6412329877719096,OK,-3.685,-2.398329496383667,5,-3.685,-2.375153064727783,10,-3.685,-2.311626434326172,15,-3.685,-1.9775008,20,1.7784880000000005,1.7784880000000005,1.286670503616333,1.286670503616333,0.49181749638366745,1.5074985812676935,1.3098469352722169,1.3098469352722169,0.46864106472778366,1.4473205723019826,1.3733735656738282,1.3733735656738282,0.40511443432617233,1.2768646152523568,1.7074992,1.7074992,0.07098880000000052,0.24746604814336193
o-Methoxyphenol,COc1ccccc1O,-1.96,1,1–3 RotB,-1.647547000000006,146,20,20,14.61710647095165,14.99046097316583,0.3733545022141786,0.224012700054924,0.3733544979980232,20,0.1895480553044123,0.3751428132458831,0.3751441602307939,0.1895480514071823,0.3751428132458708,0.3751441602307973,OK,-1.96,-1.1754848957061768,5,-1.96,-1.4696197509765625,10,-1.96,-1.5994848012924194,15,-1.96,-1.6621372,20,0.3124529999999939,0.3124529999999939,0.7845151042938232,0.7845151042938232,-0.47206210429382933,-0.5178370716561521,0.49038024902343746,0.49038024902343746,-0.1779272490234436,-0.1428459114232924,0.36051519870758053,0.36051519870758053,-0.048062198707586656,-0.0323443312901701,0.29786279999999987,0.29786279999999987,0.014590199999994002,0.00890462958515624
2-Ethyl-2-hexanal,CCCC=C(CC)C=O,-2.46,4,4–6 RotB,-1.796716333333329,147,20,20,9.589944671734694,12.815189464766078,3.225244793031385,1.474360891332667,1.204249075047071,20,1.6227944300424595,1.7205494848969345,2.201014109487065,1.6227944331434128,1.7205494849218017,2.201014109487068,OK,-2.46,-1.7638776302337646,5,-2.46,-1.7560131549835205,10,-2.46,-2.070719957351685,15,-2.46,-2.3097788,20,0.663283666666671,0.663283666666671,0.6961223697662353,0.6961223697662353,-0.03283870309956427,-0.04464113122217567,0.7039868450164795,0.7039868450164795,-0.04070317834980841,-0.05565225548947311,0.38928004264831495,0.38928004264831495,0.2740036240183561,0.2884062708625097,0.15022119999999983,0.15022119999999983,0.5130624666666712,0.41737881353734363
"2,6-Dimethylpyridine",Cc1cccc(C)n1,0.45,0,0 RotB,0.3336590562770565,148,20,20,13.280289681417912,13.280296310137857,6.62871994272507e-06,5.628586741579511e-07,4.668823549991431e-09,20,0.0022820648655961,0.000297827737893,0.0101796877512175,0.0022820644238445,0.0002978275977281,0.0101796877513407,OK,0.45,-0.629227876663208,5,0.45,-0.3459331393241882,10,0.45,-0.1466853022575378,15,0.45,-0.564310795,20,-0.11634094372294351,0.11634094372294351,-1.079227876663208,1.079227876663208,-0.9628869329402645,-1.1511975945806314,-0.7959331393241882,0.7959331393241882,-0.6795921956012447,-0.6199743470881124,-0.5966853022575378,0.5966853022575378,-0.4803443585345943,-0.3424981347438241,-1.014310795,1.014310795,-0.8979698512770566,-1.0152911736671872
RTI 15,CCN2c1nc(C)cc(C)c1NC(=O)c3cccnc23 ,-4.553999999999999,1,1–3 RotB,-3.6298660000000087,149,20,20,55.56227202972913,56.5219066063524,0.959634576623266,0.1641250177571329,0.0504712887850828,20,1.573913665964147,0.9694485150853436,2.7621011127970707,1.5739136616359517,0.9694485150853452,2.762101112797068,OK,-4.553999999999999,-3.7067506313323975,5,-4.553999999999999,-4.0022077560424805,10,-4.553999999999999,-4.141763687133789,15,-4.553999999999999,-4.1301439,20,0.9241339999999907,0.9241339999999907,0.8472493686676019,0.8472493686676019,0.07688463133238876,0.13619215724833278,0.5517922439575189,0.5517922439575189,0.37234175604247177,0.5495489694643088,0.4122363128662103,0.4122363128662103,0.5118976871337804,0.6840848723104548,0.4238560999999992,0.4238560999999992,0.5002778999999915,0.6743696564487734
3-Pentanone,CCC(=O)CC,-0.28,2,1–3 RotB,-0.5931673333333342,150,20,20,2.676392141439424,7.190696435342517,4.514304293903093,0.2688126296454769,2.50970755288904e-09,20,0.7437072646830482,1.2995855847028486,1.3222728292443957,0.7437071532765683,1.2995855847028457,1.322272829244397,OK,-0.28,-0.211356371641159,5,-0.28,-0.3548778593540191,10,-0.28,-0.272014707326889,15,-0.28,-0.461550055,20,-0.31316733333333413,0.31316733333333413,0.06864362835884102,0.06864362835884102,0.2445237049744931,0.09336183095284493,-0.07487785935401908,0.07487785935401908,0.23828947397931505,0.09246708484567136,0.007985292673111044,0.007985292673111044,0.3051820406602231,0.09801001376803638,-0.181550055,0.181550055,0.13161727833333414,0.0651133561966086
5-methylcytosine,Nc1c(C)c[nH]c(=O)n1 ,-1.4580000000000002,0,0 RotB,-1.124581576190473,151,20,20,14.447385786405802,14.447385789597169,3.191367170529702e-09,1.0723021581782174e-09,7.86700482535707e-10,20,3.811456726190424e-06,3.5921156855261022e-06,9.887950678427228e-06,3.424215470060332e-06,2.877272550271526e-06,9.823109480865058e-06,OK,-1.4580000000000002,-0.800341010093689,5,-1.4580000000000002,-1.1276721954345703,10,-1.4580000000000002,-1.18244469165802,15,-1.4580000000000002,-0.85371895,20,0.33341842380952724,0.33341842380952724,0.6576589899063112,0.6576589899063112,-0.324240566096784,-0.32134750166896003,0.33032780456542987,0.33032780456542987,0.00309061924409737,0.0020513868666126867,0.27555530834198017,0.27555530834198017,0.05786311546754708,0.035237117380185756,0.6042810500000002,0.6042810500000002,-0.27086262619047297,-0.25398774205347324
1-Bromonapthalene,Brc1cccc2ccccc12,-4.35,0,0 RotB,-4.409177857142892,152,20,20,23.67166413936331,23.67166425042553,1.1106222075341067e-07,2.716132030400331e-08,2.4197335690701042e-08,20,1.0398926262118942e-05,9.612927368253863e-06,2.3935353223636064e-05,1.0024627273801677e-05,9.48332623759448e-06,2.1961451594713757e-05,OK,-4.35,-3.9051361083984375,5,-4.35,-4.338313579559326,10,-4.35,-4.2924485206604,15,-4.35,-4.391812,20,-0.0591778571428927,0.0591778571428927,0.44486389160156214,0.44486389160156214,-0.38568603445866945,-0.1944018632748618,0.011686420440673473,0.011686420440673473,0.047491436702219225,0.0033654463533084257,0.057551479339599254,0.057551479339599254,0.001626377803293444,0.00018984600184829671,-0.04181200000000018,0.04181200000000018,0.017365857142892516,0.0017537754320246012
1-Chloropropane,CCCCl,-1.47,1,1–3 RotB,-1.5989799999999983,153,20,20,1.0449782449942326,1.8168138946732189,0.7718356496789862,0.7332438645591063,0.7718356466751073,20,0.5750429900111805,0.9796136001047876,1.0300607864814888,0.5750428955664287,0.9796136001164508,1.0300607864814897,OK,-1.47,-1.238632321357727,5,-1.47,-1.2578651905059814,10,-1.47,-1.6245908737182615,15,-1.47,-1.689759,20,-0.12897999999999832,0.12897999999999832,0.23136767864227292,0.23136767864227292,-0.1023876786422746,-0.036895162320314506,0.21213480949401853,0.21213480949401853,-0.08315480949402021,-0.02836533699906397,-0.15459087371826152,0.15459087371826152,-0.025610873718263205,-0.007262497836975915,-0.21975900000000004,0.21975900000000004,-0.09077900000000172,-0.031658177681000446
Indole,c2ccc1[nH]ccc1c2,-1.52,0,0 RotB,-2.074612333333328,154,20,20,49.03953994671431,49.039540538954725,5.922404184843799e-07,1.5746351600398614e-07,9.924852051312882e-08,20,2.002168383028132e-05,1.954532221509168e-05,5.375868940372331e-05,2.001578212312971e-05,1.9545435030675305e-05,5.375875548999764e-05,OK,-1.52,-1.9494421482086184,5,-1.52,-1.2623095512390137,10,-1.52,-1.8816834688186648,15,-1.52,-1.5997001000000002,20,-0.5546123333333282,0.5546123333333282,-0.42944214820861837,0.42944214820861837,0.1251701851247098,0.12317428162740576,0.25769044876098635,0.25769044876098635,0.2969218845723418,0.24119047290280018,-0.36168346881866476,0.36168346881866476,0.1929288645146634,0.17677990866873666,-0.07970010000000016,0.07970010000000016,0.474912233333328,0.3012427343454287
Barban,ClCC#CCOC(=O)Nc1cccc(Cl)c1,-4.37,2,1–3 RotB,-3.631021333333335,155,20,20,18.106739480165107,18.971505641955765,0.8647661617906586,0.3999973720109777,0.3723350903546478,20,1.6422882015178808,1.775612746781265,2.4525975704273666,1.6422882015230058,1.7756127467867358,2.4525975699645035,OK,-4.37,-3.1900765895843506,5,-4.37,-4.344705104827881,10,-4.37,-4.044162273406982,15,-4.37,-3.6809931,20,0.7389786666666649,0.7389786666666649,1.1799234104156495,1.1799234104156495,-0.4409447437489846,-0.8461297846584553,0.025294895172119247,0.025294895172119247,0.7136837714945456,0.5454496380666733,0.3258377265930177,0.3258377265930177,0.4131409400736472,0.4399192457171357,0.6890069000000003,0.6890069000000003,0.049971766666664585,0.07135896154083143
Perylene,c1cc2cccc3c4cccc5cccc(c(c1)c23)c54,-8.804,0,0 RotB,-8.318758833333357,156,20,20,64.60892186181813,64.60892263862813,7.768099976601661e-07,2.475027493176185e-07,1.7155770137833318e-07,20,1.6417544256855437e-05,1.6476692942441996e-05,3.087106330798458e-05,1.62320689732798e-05,1.6072958494184543e-05,3.036299451767457e-05,OK,-8.804,-7.295615196228027,5,-8.804,-8.156198501586914,10,-8.804,-8.01184368133545,15,-8.804,-8.2152133,20,0.4852411666666434,0.4852411666666434,1.508384803771973,1.508384803771973,-1.0231436371053295,-2.0397657264222078,0.6478014984130862,0.6478014984130862,-0.1625603317464428,-0.18418779151823453,0.792156318664551,0.792156318664551,-0.30691515199790764,-0.3920526433721686,0.5887867,0.5887867,-0.10354553333335659,-0.11121078826888478
"2,3,5,6-Tetrachlorophenol",Oc1c(Cl)c(Cl)cc(Cl)c1Cl,-3.37,0,0 RotB,-3.2184694999999963,157,20,20,15.205688086110928,15.20568809241576,6.304832211867506e-09,1.1544271316665799e-09,9.160920910744608e-10,20,3.245850981586233e-06,2.8240625332601604e-06,1.067741207053672e-05,3.06808005869844e-06,2.683481989598332e-06,1.067766801494574e-05,OK,-3.37,-3.423401355743408,5,-3.37,-3.179549217224121,10,-3.37,-3.4981372356414795,15,-3.37,-3.6171656,20,0.1515305000000038,0.1515305000000038,-0.0534013557434081,0.0534013557434081,0.09812914425659569,0.020109787635017123,0.190450782775879,0.190450782775879,-0.038920282775875226,-0.013310008229693908,-0.12813723564147939,0.12813723564147939,0.0233932643585244,0.006542341272411132,-0.24716559999999976,0.24716559999999976,-0.09563509999999598,-0.03812934139310874
Butane,CCCC,-2.57,1,1–3 RotB,-2.0515766666666626,158,20,20,1.7649408305808862,2.910941340273207,1.146000509692321,0.8595003804313235,1.146000506554402,20,0.8235814345561293,1.1836419002259655,1.2538364749008617,0.8235814221659795,1.18364190022602,1.253836474900861,OK,-2.57,-1.7482349872589111,5,-2.57,-2.51713228225708,10,-2.57,-2.2867794036865234,15,-2.57,-2.5860242,20,0.5184233333333372,0.5184233333333372,0.8217650127410887,0.8217650127410887,-0.3033416794077515,-0.4065349836209132,0.05286771774291976,0.05286771774291976,0.46555561559041747,0.26596775696510344,0.2832205963134764,0.2832205963134764,0.23520273701986083,0.18854884636828734,-0.016024200000000377,0.016024200000000377,0.5023991333333369,0.26850597755880845
Benzo(k)fluoranthene,c1ccc2cc3c4cccc5cccc(c3cc2c1)c45,-8.49,0,0 RotB,-7.952120166666676,159,20,20,85.73058209054511,85.73058239300534,3.024602222012618e-07,1.2294953322111726e-07,9.059068872829813e-08,20,1.281720568163502e-05,1.1557956290477962e-05,2.511089285540412e-05,1.246303934606506e-05,1.111545352031198e-05,2.5110822114815496e-05,OK,-8.49,-7.661276817321777,5,-8.49,-8.389479637145996,10,-8.49,-8.521964073181152,15,-8.49,-8.04486985,20,0.5378798333333243,0.5378798333333243,0.8287231826782229,0.8287231826782229,-0.2908433493448985,-0.3974673984016384,0.10052036285400412,0.10052036285400412,0.4373594704793202,0.27921037175838415,-0.03196407318115213,0.03196407318115213,0.5059157601521722,0.2882930131323547,0.44513015000000067,0.44513015000000067,0.09274968333332367,0.09117386466766167
Nitrobenzene,O=N(=O)c1ccccc1,-1.8,1,1–3 RotB,-1.5376404047619043,160,20,20,13.822541999059002,13.82254203111452,3.2055517351636815e-08,8.124673733789223e-09,4.4609071991885685e-09,20,5.1844278874880366e-06,5.009366899594676e-06,1.5189781673155213e-05,5.14034060772474e-06,4.981192143041676e-06,1.5189547782958e-05,OK,-1.8,-1.8313367366790767,5,-1.8,-1.8379414081573489,10,-1.8,-1.9102606773376465,15,-1.8,-1.8716547,20,0.2623595952380957,0.2623595952380957,-0.03133673667907666,0.03133673667907666,0.23102285855901905,0.06785056614780363,-0.03794140815734881,0.03794140815734881,0.2244181870807469,0.06739300676053488,-0.11026067733764644,0.11026067733764644,0.15209891790044927,0.056675140246540835,-0.07165469999999985,0.07165469999999985,0.19070489523809586,0.06369816118140743
thiopental,CCCC(C)C1(CC)C(=O)NC(=S)NC1=O ,-3.36,4,4–6 RotB,-2.922950785714286,161,20,20,27.12518724701056,44.89820457189504,17.773017324884474,6.421670697846075,4.4849721185708535,10,1.834208441277593,1.9393707425045963,2.633647816514028,1.7306119384647445,1.8837538708437715,2.571416141908324,OK,-3.36,-2.961235523223877,5,-3.36,-3.061786413192749,10,-3.36,-3.334601640701294,15,-3.36,-3.0386021000000003,20,0.4370492142857141,0.4370492142857141,0.3987644767761229,0.3987644767761229,0.03828473750959116,0.031998907769224955,0.29821358680725085,0.29821358680725085,0.13883562747846323,0.10208067235131428,0.02539835929870593,0.02539835929870593,0.41165085498700815,0.19036693905269386,0.32139789999999957,0.32139789999999957,0.11565131428571451,0.0877154055833503
"3,5-Dimethylpyridine",Cc1cncc(C)c1,0.38,0,0 RotB,0.3336590562770565,162,20,20,14.403302057109352,14.422976296116296,0.0196742390069442,0.0118045302941173,0.0196742134188481,20,0.3055574464962461,0.411809034702866,0.5787944369662544,0.3055571186180011,0.411809034702866,0.5787944369662429,OK,0.38,-1.1304807662963867,5,0.38,-0.8368237018585205,10,0.38,-0.9137468934059144,15,0.38,-1.1513016,20,-0.046340943722943506,0.046340943722943506,-1.5104807662963866,1.5104807662963866,-1.464139822573443,-2.2794046622861863,-1.2168237018585204,1.2168237018585204,-1.1704827581355768,-1.4785124383395403,-1.2937468934059144,1.2937468934059144,-1.247405949682971,-1.6716335411323213,-1.5313016,1.5313016,-1.4849606562770563,-2.3427371070974266
5-Ethyl-5-isopropylbarbituric acid,O=C1NC(=O)NC(=O)C1(CC)C(C)C,-2.148,2,1–3 RotB,-2.3415339999999984,163,20,20,23.7092155157072,33.12007203841386,9.41085652270666,4.3652656963587,3.026706407630469,12,1.1403378270083786,1.167467455728994,1.653333484955345,1.021319963045157,1.3691994787102626,1.452211706159186,OK,-2.148,-2.187808036804199,5,-2.148,-2.467042922973633,10,-2.148,-2.4039485454559326,15,-2.148,-2.63955365,20,-0.19353399999999832,0.19353399999999832,-0.03980803680419909,0.03980803680419909,0.15372596319579923,0.035870729361794876,-0.3190429229736327,0.3190429229736327,-0.12550892297363436,-0.06433297754355997,-0.2559485454559325,0.2559485454559325,-0.06241454545593417,-0.028054248765008186,-0.49155364999999973,0.49155364999999973,-0.2980196500000014,-0.20416958167232288
Decalin,C1CCC2CCCCC2C1,-5.19,0,0 RotB,-4.363861947619048,164,20,20,13.510968033511116,32.98737109139285,19.476403057881736,10.33400873211442,9.520044359942275,3,0.9760484247181792,1.1214108409357086,1.4499492985205735,0.8402421994772569,1.2603600986255457,1.26036120528774,OK,-5.19,-4.268486022949219,5,-5.19,-4.688621997833252,10,-5.19,-4.546846389770508,15,-5.19,-5.1323385,20,0.8261380523809523,0.8261380523809523,0.9215139770507816,0.9215139770507816,-0.09537592466982936,-0.16668392830815537,0.5013780021667484,0.5013780021667484,0.32476005021420384,0.4311241805350731,0.6431536102294926,0.6431536102294926,0.1829844421514597,0.26885751524056306,0.05766150000000003,0.05766150000000003,0.7684765523809522,0.6791792330095431
RTI 2,CCN2c1ncccc1N(CC)C(=O)c3cccnc23 ,-2.86,2,1–3 RotB,-3.4204619999999943,165,20,20,56.74231187756655,59.29490469476338,2.552592817196832,1.1604004132085624,1.359026499521562,20,1.800638480565916,1.5674136093145583,3.397439488882948,1.8006384940483953,1.567413609314555,3.3974394888829496,OK,-2.86,-3.6542489528656006,5,-2.86,-3.357738971710205,10,-2.86,-3.762342214584351,15,-2.86,-3.6747489,20,-0.5604619999999945,0.5604619999999945,-0.7942489528656007,0.7942489528656007,-0.23378695286560625,-0.3167137456841095,-0.4977389717102052,0.4977389717102052,0.06272302828978926,0.06637356948486134,-0.9023422145843512,0.9023422145843512,-0.3418802145843567,-0.5001038187769974,-0.8147489000000001,0.8147489000000001,-0.25428690000000564,-0.3496981166072164
5-Allyl-5-methylbarbital,O=C1NC(=O)NC(=O)C1(C)CC=C,-1.16,2,1–3 RotB,-1.92893533333333,166,20,20,15.905715571868807,17.374528077244136,1.468812505375329,0.8787008697661909,1.4515682908540928,20,1.0950135075129068,1.46976772299923,1.5769871649447118,1.095013498765819,1.4697677229992283,1.5769871649454508,OK,-1.16,-1.7688707113265991,5,-1.16,-1.7546987533569336,10,-1.16,-1.7706276178359983,15,-1.16,-1.326995965,20,-0.76893533333333,0.76893533333333,-0.6088707113265992,0.6088707113265992,0.16006462200673077,0.22053800373708032,-0.5946987533569337,0.5946987533569337,0.1742365799763963,0.23759493960414818,-0.6106276178359984,0.6106276178359984,0.15830771549733158,0.21839545918437314,-0.16699596500000013,0.16699596500000013,0.6019393683333298,0.5633738945221579
Fluorobenzene,Fc1ccccc1,-1.8,0,0 RotB,-1.954964809523808,167,20,20,10.623837613194304,10.623837648117515,3.492321098974571e-08,7.610081365072574e-09,3.9159298026447695e-09,20,5.804502344608192e-06,4.736008460674236e-06,1.4866291414198604e-05,5.738287112960892e-06,4.604434416330038e-06,1.4866271499368246e-05,OK,-1.8,-1.3000942468643188,5,-1.8,-0.3394285142421722,10,-1.8,-0.7530655264854431,15,-1.8,-0.8831937000000001,20,-0.15496480952380787,0.15496480952380787,0.4999057531356812,0.4999057531356812,-0.34494094361187333,-0.22589166982740258,1.4605714857578278,1.4605714857578278,-1.30560667623402,-2.1092549728180785,1.046934473514557,1.046934473514557,-0.8919696639907491,-1.0720576996424525,0.9168063,0.9168063,-0.7618414904761921,-0.8165196995289399
Triethyl phosphate,CCOP(=O)(OCC)OCC,0.43,6,4–6 RotB,-2.4479059238095258,168,20,20,9.1067776581966,12.17037315607096,3.06359549787436,0.4213382584511076,0.0424716962780715,20,0.8392781765732209,0.9287347921662952,1.3972168935924472,0.8392781711630619,0.928734792166298,1.3972168935924416,OK,0.43,-1.658872365951538,5,0.43,-0.870552122592926,10,0.43,-1.6528044939041138,15,0.43,-1.36835465,20,-2.877905923809526,2.877905923809526,-2.0888723659515382,2.0888723659515382,0.7890335578579877,3.918954745061985,-1.300552122592926,1.300552122592926,1.5773538012166,6.590906682716996,-2.082804493904114,2.082804493904114,0.795101429905412,3.9442679464707897,-1.7983546499999998,1.7983546499999998,1.079551273809526,5.048263059121339
2-Bromopropane,CC(C)Br,-1.59,0,0 RotB,-1.4950883333333302,169,20,20,1.1556585072976575,1.1556585103739143,3.0762568048459116e-09,9.742635254106346e-10,9.444072190945008e-10,20,3.0149057188584547e-06,2.745815791439922e-06,7.704420432288023e-06,2.7417461025217965e-06,2.508292832706164e-06,7.631299271476609e-06,OK,-1.59,-1.550492286682129,5,-1.59,-1.767798900604248,10,-1.59,-1.8480682373046875,15,-1.59,-2.05352175,20,0.09491166666666984,0.09491166666666984,0.039507713317871174,0.039507713317871174,0.05540395334879866,0.007447365057837951,-0.17779890060424797,0.17779890060424797,-0.08288723393757813,-0.0226042245866342,-0.2580682373046874,0.2580682373046874,-0.16315657063801758,-0.057590990636103415,-0.46352174999999973,0.46352174999999973,-0.3686100833333299,-0.2058441882536172
1-Bromopropane,CCCBr,-1.73,1,1–3 RotB,-1.4711860000000003,170,20,20,0.9903321252638592,1.8344909731655972,0.8441588479017381,0.8019509032444742,0.8441588452026537,20,0.6181851438294395,1.02389292505241,1.08890055269955,0.6181849509307518,1.0238929250525757,1.0889005526995494,OK,-1.73,-1.3258283138275146,5,-1.73,-1.7147893905639648,10,-1.73,-1.931177258491516,15,-1.73,-2.0634407,20,0.25881399999999966,0.25881399999999966,0.40417168617248533,0.40417168617248533,-0.14535768617248568,-0.09637006530751016,0.015210609436035138,0.015210609436035138,0.24360339056396452,0.06675332395658422,-0.2011772584915159,0.2011772584915159,0.057636741508483746,0.026512397261837607,-0.33344070000000015,0.33344070000000015,-0.07462670000000049,-0.04419801382049028
"2,3-Dimethylbutane",CC(C)C(C)C,-3.65,1,1–3 RotB,-3.097683333333324,171,20,20,8.934631227663234,9.439126217037014,0.5044949893737805,0.277472242729223,0.5044949845188729,20,0.7533712667098018,1.229648273313679,1.229661991015904,0.7533712657451878,1.229648273313674,1.2296619910159048,OK,-3.65,-3.0130550861358643,5,-3.65,-3.6244664192199703,10,-3.65,-3.385793685913086,15,-3.65,-3.80396665,20,0.5523166666666759,0.5523166666666759,0.6369449138641357,0.6369449138641357,-0.08462824719745976,-0.10064512301960327,0.025533580780029652,0.025533580780029652,0.5267830858866462,0.30440173653033764,0.264206314086914,0.264206314086914,0.2881103525797619,0.2352487238743949,-0.1539666500000001,0.1539666500000001,0.3983500166666758,0.2813479709655654
Diisopropyl ether ,CC(C)OC(C)C,-1.1,2,1–3 RotB,-1.163286428571428,172,20,20,10.328569880976632,10.328569888616348,7.639714638685291e-09,2.2940014332561987e-09,1.1952474565646296e-09,20,0.6345058127380184,1.21772762454621,1.2177392711192463,0.6345057767950633,1.217727624546208,1.2177392711192432,OK,-1.1,-1.116466403007507,5,-1.1,-1.1524958610534668,10,-1.1,-1.300721287727356,15,-1.1,-0.85970238,20,-0.06328642857142786,0.06328642857142786,-0.016466403007507013,0.016466403007507013,0.04682002556392084,0.003734029613320804,-0.05249586105346671,0.05249586105346671,0.010790567517961147,0.0012493566135815572,-0.20072128772735587,0.20072128772735587,-0.137434859155928,-0.036283863305601544,0.2402976200000001,0.2402976200000001,-0.17701119142857225,-0.05373777413633801
Methyldymron,CN(C(=O)NC(C)(C)c1ccccc1)c2ccccc2,-3.35,3,1–3 RotB,-4.498655999999993,173,20,20,46.230664812178006,50.38643075437023,4.155765942192225,1.86792484438776,0.9310285816330895,20,1.8326096115835584,1.985415469670569,2.851070702194661,1.8326096115781387,1.9854154696353603,2.851070702194665,OK,-3.35,-4.404708385467529,5,-3.35,-3.9243762493133545,10,-3.35,-4.087748050689697,15,-3.35,-4.2918936,20,-1.1486559999999932,1.1486559999999932,-1.0547083854675292,1.0547083854675292,0.09394761453246403,0.20700082796046226,-0.5743762493133544,0.5743762493133544,0.5742797506866388,0.9895025305607079,-0.7377480506896972,0.7377480506896972,0.41090794931029606,0.7751384200395365,-0.9418935999999998,0.9418935999999998,0.20676239999999346,0.43224705261502494
DDT,Clc1ccc(cc1)C(c2ccc(Cl)cc2)C(Cl)(Cl)Cl,-7.15,2,1–3 RotB,-7.380533151515153,174,20,20,35.312432146842504,35.312432276531695,1.2968919094191733e-07,2.5027403083299764e-08,9.54802459318671e-09,20,0.5271160564895727,1.0431818503425314,1.0432632717942845,0.5271160093203643,1.043181850342532,1.0432632717942874,OK,-7.15,-7.144755363464356,5,-7.15,-6.885514259338379,10,-7.15,-7.218279361724853,15,-7.15,-6.8295515,20,-0.23053315151515275,0.23053315151515275,0.005244636535643998,0.005244636535643998,0.22528851497950875,0.05311802773511736,0.26448574066162145,0.26448574066162145,-0.033952589146468704,-0.01680717306581811,-0.06827936172485227,0.06827936172485227,0.16225378979030047,0.04848346270995515,0.32044850000000036,0.32044850000000036,-0.08991534848484761,-0.04954170720474185
"1,2,3-Trichlorobenzene",Clc1cccc(Cl)c1Cl,-4.0,0,0 RotB,-4.435404583333346,175,20,20,12.663056841851464,12.663056951798165,1.0994670063269041e-07,2.3903562773597288e-08,6.220036929960315e-09,20,1.386801338241547e-05,1.1541176067223464e-05,4.563166058494591e-05,1.3836532389389807e-05,1.149200989294836e-05,4.563173195319368e-05,OK,-4.0,-3.732498645782471,5,-4.0,-3.789831161499024,10,-4.0,-3.994038581848145,15,-4.0,-4.040237599999999,20,-0.4354045833333462,0.4354045833333462,0.26750135421752885,0.26750135421752885,0.16790322911581734,0.11802017667947297,0.21016883850097612,0.21016883850097612,0.22523574483237008,0.14540621051083544,0.005961418151855025,0.005961418151855025,0.42944316518149117,0.18954161268130354,-0.04023759999999932,0.04023759999999932,0.3951669833333469,0.18795808673392486
Quinethazone,CCC2NC(=O)c1cc(c(Cl)cc1N2)S(N)(=O)=O,-3.29,2,1–3 RotB,-2.4865906666666597,176,20,20,26.40771310441345,28.36067923464664,1.952966130233193,1.0395300077660918,1.0167572549111714,20,1.437218082350164,1.4825297652048277,2.2632451260608923,1.4372180824729877,1.4825297651895464,2.2632451260610056,OK,-3.29,-3.3750996589660645,5,-3.29,-3.054993152618408,10,-3.29,-3.6142423152923584,15,-3.29,-2.95899125,20,0.8034093333333403,0.8034093333333403,-0.08509965896606442,0.08509965896606442,0.7183096743672759,0.6382246049309819,0.23500684738159183,0.23500684738159183,0.5684024859517485,0.5902383385708875,-0.32424231529235836,0.32424231529235836,0.47916701804098194,0.5403334778609732,0.3310087500000001,0.3310087500000001,0.47240058333334023,0.5358997643105597
1-Iodoheptane,CCCCCCCI,-4.81,5,4–6 RotB,-4.194043000000007,177,20,20,4.70703266423039,9.634395324397415,4.9273626601670255,1.8509401937500063,1.2947659448618571,20,1.4690652610629584,1.5328871991686777,1.8511926846671007,1.4690652526677297,1.5328871991690625,1.8511926846652424,OK,-4.81,-4.933494567871094,5,-4.81,-4.712686538696289,10,-4.81,-4.934510707855225,15,-4.81,-4.7980187,20,0.6159569999999928,0.6159569999999928,-0.12349456787109414,0.12349456787109414,0.4924624321288986,0.36415211755532284,0.09731346130371055,0.09731346130371055,0.5186435386962822,0.3699331160980823,-0.124510707855225,0.124510707855225,0.49144629214476776,0.3639001094783819,0.011981299999999528,0.011981299999999528,0.6039756999999932,0.3792594742993011
"1,4-Diethylbenzene ",CCc1ccc(CC)cc1,-3.75,2,1–3 RotB,-3.3950033333333103,178,20,20,15.108107236749303,15.13470702741613,0.0265997906668271,0.0106399111603957,6.497550053552459e-09,20,0.6149903916606633,1.2171455363505648,1.217159633785222,0.6149902829843334,1.217145536350565,1.2171596337852204,OK,-3.75,-3.4402356147766118,5,-3.75,-3.979604005813599,10,-3.75,-4.040207862854004,15,-3.75,-4.17854685,20,0.3549966666666897,0.3549966666666897,0.30976438522338823,0.30976438522338823,0.04523228144330149,0.03006865899163716,-0.22960400581359908,0.22960400581359908,0.12539266085309064,0.07330463385880959,-0.2902078628540039,0.2902078628540039,0.06478880381268581,0.041802029682172476,-0.42854685000000003,0.42854685000000003,-0.07355018333331031,-0.05762976930046171
Benzo(b)fluorene,C1c2ccccc2c3cc4ccccc4cc13,-8.04,0,0 RotB,-6.529437047619016,179,20,20,58.44435085835877,58.44435249222655,1.6338677752969488e-06,3.7706731319531174e-07,1.7849113120860238e-07,20,0.0001290809247608,0.0001123114088321,0.0004314143746477,0.0001290364991301,0.0001123050151414,0.0004314143882781,OK,-8.04,-6.691710472106934,5,-8.04,-7.023837089538574,10,-8.04,-7.308618068695068,15,-8.04,-7.21691865,20,1.5105629523809831,1.5105629523809831,1.3482895278930656,1.3482895278930656,0.1622734244879176,0.46391578207984696,1.016162910461425,1.016162910461425,0.4944000419195582,1.2492133725085186,0.7313819313049308,0.7313819313049308,0.7791810210760524,1.746880903666622,0.8230813499999989,0.8230813499999989,0.6874816023809842,1.6043375243881317
p-t-Butylphenol,CC(C)(C)c1ccc(O)cc1,-2.41,0,0 RotB,-2.0403559047619053,180,20,20,23.865397353121423,23.86590846989878,0.000511116777357,0.0003577639182154,0.0005110815322524,20,0.135925225869024,2.531398776868228e-05,0.3074327263398613,0.1359245500075061,2.5314133014873952e-05,0.3074327263398539,OK,-2.41,-1.8505104780197144,5,-2.41,-2.081873893737793,10,-2.41,-2.140793561935425,15,-2.41,-2.16000925,20,0.3696440952380948,0.3696440952380948,0.5594895219802858,0.5594895219802858,-0.18984542674219096,-0.176391768061339,0.3281261062622072,0.3281261062622072,0.041517988975887654,0.02897001553359245,0.26920643806457534,0.26920643806457534,0.10043765717351949,0.06416465084897369,0.24999075000000026,0.24999075000000026,0.11965334523809457,0.07414138205882709
"2,2',3,3',5,6-PCB",Clc1cccc(c1Cl)c2c(Cl)c(Cl)cc(Cl)c2Cl ,-8.6,1,1–3 RotB,-7.947638365245863,181,20,20,35.85293335108879,35.85294221895315,8.867864366379763e-06,2.2611520897442004e-06,1.4815947686486195e-06,20,0.0023215090026973,0.0020429329545713,0.0066122313606798,0.0023215016235073,0.0020429329515623,0.0066122312174664,OK,-8.6,-7.709853172302246,5,-8.6,-7.613376617431641,10,-8.6,-7.817407131195068,15,-8.6,-7.610582000000001,20,0.6523616347541363,0.6523616347541363,0.8901468276977536,0.8901468276977536,-0.23778519294361722,-0.366785672361285,0.986623382568359,0.986623382568359,-0.3342617478142227,-0.5478499965315413,0.7825928688049313,0.7825928688049313,-0.13023123405079495,-0.18687589580524322,0.9894179999999988,0.9894179999999988,-0.33705636524586247,-0.5533722762249085
"1,4-Benzenediol",Oc1ccc(O)cc1,-0.17,0,0 RotB,0.549412714285715,182,20,20,11.81299363912745,11.813010675662891,1.703653544105066e-05,8.518370444487999e-06,8.518643503485634e-06,20,0.2104064653919695,0.3997706515908489,0.3997711553185805,0.2104064467426119,0.3997706515908578,0.3997711553185856,OK,-0.17,-0.387724220752716,5,-0.17,0.4322996437549591,10,-0.17,-0.2761031091213226,15,-0.17,0.413578875,20,0.7194127142857151,0.7194127142857151,-0.217724220752716,0.217724220752716,0.501688493532999,0.47015081717356244,0.6022996437549591,0.6022996437549591,0.11711307053075592,0.15478979260858916,-0.10610310912132256,0.10610310912132256,0.6133096051643925,0.5062967837107286,0.583578875,0.583578875,0.13583383928571502,0.17699035012967418
m-Chloroaniline,Nc1cccc(Cl)c1,-1.37,0,0 RotB,-1.5343413333333322,183,20,20,11.45472250393742,11.454722509115818,5.178398154725983e-09,7.639525456681895e-10,3.826619021651823e-10,20,2.621363129458203e-06,1.9163170175372243e-06,8.173819081828954e-06,2.1672728267885867e-06,1.6637374367702466e-06,8.173819081828954e-06,OK,-1.37,-1.7057963609695437,5,-1.37,-1.4906840324401855,10,-1.37,-1.7261391878128052,15,-1.37,-1.9844457,20,-0.16434133333333212,0.16434133333333212,-0.3357963609695436,0.3357963609695436,-0.17145502763621145,-0.08575112219861063,-0.12068403244018544,0.12068403244018544,0.04365730089314668,0.012443438155753645,-0.35613918781280507,0.35613918781280507,-0.19179785447947295,-0.09982704725418708,-0.6144456999999999,0.6144456999999999,-0.45010436666666775,-0.35053544440671247
Toluene ,Cc1ccccc1,-2.21,0,0 RotB,-2.2048008095238045,184,20,20,12.570493647068028,12.570494524835624,8.777675972737597e-07,4.712718988386655e-08,1.107994584970129e-09,20,6.578507377485274e-05,8.277593500199618e-06,0.000508326861097,6.54627944508968e-05,7.612837516305803e-06,0.0005083263494995,OK,-2.21,-1.760892629623413,5,-2.21,-1.8131812810897827,10,-2.21,-1.9926694631576536,15,-2.21,-1.7521033,20,0.005199190476195437,0.005199190476195437,0.4491073703765869,0.4491073703765869,-0.44390817990039144,-0.20167039854496502,0.39681871891021725,0.39681871891021725,-0.3916195284340218,-0.15743806409593825,0.21733053684234638,0.21733053684234638,-0.21213134636615094,-0.04720553066257472,0.45789670000000005,0.45789670000000005,-0.4526975095238046,-0.20964235628928227
Perfluidone,Cc1cc(ccc1NS(=O)(=O)C(F)(F)F)S(=O)(=O)c2ccccc2,-3.8,4,4–6 RotB,-4.385391999999998,185,20,20,38.64061992928711,38.99023453772344,0.3496146084363332,0.0938332472817716,0.0449841733122262,20,1.6459269960778826,2.160641130232718,2.6689719285061764,1.645927099515025,2.1606411302328445,2.668971928506175,OK,-3.8,-4.365702629089356,5,-3.8,-4.014603137969971,10,-3.8,-4.441587924957275,15,-3.8,-4.0791521500000005,20,-0.5853919999999979,0.5853919999999979,-0.5657026290893565,0.5657026290893565,0.01968937091064138,0.02266432910538746,-0.21460313796997088,0.21460313796997088,0.37078886203002703,0.29662928683743917,-0.6415879249572756,0.6415879249572756,-0.056195924957277654,-0.06895127178698512,-0.2791521500000007,0.2791521500000007,0.3062398499999972,0.26475787081437463
3-Methylphenol,Cc1cccc(O)c1,-0.68,0,0 RotB,-0.6776754285714311,186,20,20,13.205587638959576,13.206230508088217,0.0006428691286384,0.0002571480326964,1.544070649117657e-09,20,0.3438080709827703,0.3808801017876665,0.5745345435177958,0.3438080319179643,0.3808801017564183,0.5745345435177988,OK,-0.68,-0.8132404088973999,5,-0.68,-0.7452789545059204,10,-0.68,-0.8523222804069519,15,-0.68,-0.78741252,20,0.0023245714285689,0.0023245714285689,-0.13324040889739985,0.13324040889739985,-0.13091583746883095,-0.01774760293081979,-0.06527895450592036,0.06527895450592036,-0.06295438307735146,-0.004255938269059502,-0.17232228040695186,0.17232228040695186,-0.16999770897838296,-0.029689564692325626,-0.1074125199999999,0.1074125199999999,-0.105087948571431,-0.01153204582042386
phthalimide,O=C1NC(=O)c2ccccc12 ,-2.61,0,0 RotB,-1.999235200000004,187,20,20,48.256999579227966,48.25700009758736,5.183593927426955e-07,2.0762250549921645e-07,1.965412366189412e-07,20,2.350652562980072e-05,2.3782445386840395e-05,4.728064010859523e-05,2.343965099068063e-05,2.3549738002933197e-05,4.728080917550015e-05,OK,-2.61,-2.3854050636291504,5,-2.61,-2.683667659759521,10,-2.61,-2.630522966384888,15,-2.61,-2.82084285,20,0.6107647999999959,0.6107647999999959,0.22459493637084949,0.22459493637084949,0.3861698636291464,0.322590755475609,-0.07366765975952116,0.07366765975952116,0.5370971402404747,0.3676067168245904,-0.020522966384888264,0.020522966384888264,0.5902418336151076,0.3726124487697997,-0.21084285000000014,0.21084285000000014,0.39992194999999575,0.3285789335229124
Picene,c1ccc2c(c1)ccc3c2ccc4c5ccccc5ccc43,-7.87,0,0 RotB,-8.639332681818201,188,20,20,73.36277551301293,73.36277595874915,4.457362194898451e-07,1.5872956993234768e-07,1.3293751521814556e-07,20,1.8877619362135552e-05,1.871395519572553e-05,3.559581312712792e-05,1.865167789512348e-05,1.8658655115595787e-05,3.559599056147012e-05,OK,-7.87,-8.477584838867188,5,-7.87,-8.700563430786133,10,-7.87,-8.591255187988281,15,-7.87,-8.406129,20,-0.7693326818182014,0.7693326818182014,-0.6075848388671874,0.6075848388671874,0.16174784295101396,0.22271343889231976,-0.8305634307861327,0.8305634307861327,-0.06123074896793135,-0.09796283724564525,-0.7212551879882811,0.7212551879882811,0.048077493829920215,0.0716637291135751,-0.5361289999999999,0.5361289999999999,0.2332036818182015,0.304438470672586
Cyclohexene,C1CCC=CC1,-2.59,0,0 RotB,-2.6618349999999933,189,20,20,10.541413882173796,13.976552983389302,3.435139101215505,0.6870278197352676,7.189582262867589e-10,20,0.5420275364260969,0.8221806795826581,1.04927764757615,0.5420275404380821,0.8221806795826551,1.0492776475761487,OK,-2.59,-2.14372181892395,5,-2.59,-2.591790199279785,10,-2.59,-2.706043004989624,15,-2.59,-2.91564205,20,-0.07183499999999343,0.07183499999999343,0.44627818107604966,0.44627818107604966,-0.37444318107605623,-0.19400394767954832,-0.0017901992797852984,0.0017901992797852984,0.07004480072020813,0.005157062411537712,-0.11604300498962417,0.11604300498962417,-0.044208004989630734,-0.008305711782022884,-0.32564205000000035,0.32564205000000035,-0.2538070500000069,-0.10088247750320367
Furfural,O=Cc1ccco1,-0.1,1,1–3 RotB,0.1083487619047623,190,20,20,33.84391695512617,34.137155884139936,0.2932389290137678,0.175943164618063,0.2932385157988513,20,0.4359212208630161,0.8627439780202588,0.8627445693085644,0.435921159974273,0.8627439779975956,0.8627445693085686,OK,-0.1,-0.7067110538482666,5,-0.1,-0.3470640778541565,10,-0.1,-0.2744708657264709,15,-0.1,-1.03528685,20,0.20834876190476231,0.20834876190476231,-0.6067110538482666,0.6067110538482666,-0.3983622919435043,-0.32468909627442694,-0.2470640778541565,0.2470640778541565,-0.038715315949394175,-0.017631451978677368,-0.1744708657264709,0.1744708657264709,0.03387789617829143,0.012969123599903098,-0.9352868500000001,0.9352868500000001,-0.7269380880952379,-0.8313522851956754
butacarb,c1(C(C)(C)C)cc(C(C)(C)C)cc(OC(=O)NC)c1,-4.24,1,1–3 RotB,-4.212929666666659,191,20,20,44.58053698167195,44.956042767028464,0.3755057853565162,0.1360854306843418,0.1153635298783548,20,1.550938818079326,1.608953389622824,2.3129647693080817,1.5509388180798755,1.608953389627796,2.312964769308671,OK,-4.24,-4.167726516723633,5,-4.24,-4.323469161987305,10,-4.24,-4.106496810913086,15,-4.24,-4.87278245,20,0.027070333333341523,0.027070333333341523,0.0722734832763674,0.0722734832763674,-0.04520314994302588,-0.004490653438121137,-0.08346916198730447,0.08346916198730447,-0.05639882865396295,-0.006234298056084653,0.13350318908691428,0.13350318908691428,-0.10643285575357275,-0.017090298549598162,-0.6327824499999997,0.6327824499999997,-0.6057121166666581,-0.39968082608122385
Isopropyl acetate,CC(C)OC(=O)C,-0.55,1,1–3 RotB,-0.4883829999999991,192,20,20,4.841533821616418,4.8661063074965965,0.0245724858801787,0.0049144978171367,1.5235168682181666e-09,20,0.4054088755414218,0.6453822376707785,0.7342089806606581,0.4054090764642207,0.6453822376687148,0.7342089805426851,OK,-0.55,-0.1426137387752533,5,-0.55,-0.5623431205749512,10,-0.55,-0.7000666260719299,15,-0.55,-0.46128813,20,0.06161700000000092,0.06161700000000092,0.40738626122474675,0.40738626122474675,-0.3457692612247458,-0.16216691114567747,-0.012343120574951127,0.012343120574951127,0.049273879425049794,0.0036443020634723314,-0.1500666260719299,0.1500666260719299,-0.08844962607192897,-0.018723337571612313,0.08871187000000003,0.08871187000000003,-0.027094869999999105,-0.00407314118989679
phenanthridine,c1ccc2c(c1)cnc3ccccc23 ,-2.78,0,0 RotB,-3.82121533333335,193,20,20,36.732390345247154,36.73239050047975,1.552325912257402e-07,5.6674278781088115e-08,5.785106438338517e-08,20,9.485801338381656e-06,8.888165242964157e-06,2.271892085453465e-05,9.453091219526355e-06,8.888236503621393e-06,2.0103894993565814e-05,OK,-2.78,-3.942893028259277,5,-2.78,-4.294857025146484,10,-2.78,-4.346174716949463,15,-2.78,-4.26229,20,-1.04121533333335,1.04121533333335,-1.162893028259277,1.162893028259277,-0.12167769492592706,-0.2681908248055527,-1.5148570251464846,1.5148570251464846,-0.47364169181313454,-1.2106624362671778,-1.566174716949463,1.566174716949463,-0.524959383616113,-1.3687738736432518,-1.4822900000000003,1.4822900000000003,-0.4410746666666503,-1.1130542737315217
RTI 16,CCN2c1ncccc1N(C)C(=S)c3cccnc23 ,-4.634,1,1–3 RotB,-3.503155999999988,194,20,20,59.52443944414131,63.82031173895645,4.29587229481514,0.4765434079822565,0.0665751526179789,20,1.8416128206970377,2.7182862469178666,3.067310637044774,1.8416128200898252,2.718286246917869,3.067310637044776,OK,-4.634,-4.472155570983887,5,-4.634,-4.168746948242188,10,-4.634,-4.483713150024414,15,-4.634,-4.0838493,20,1.1308440000000122,1.1308440000000122,0.16184442901611362,0.16184442901611362,0.9689995709838986,1.2526145331324756,0.46525305175781195,0.46525305175781195,0.6655909482422002,1.0623477501660703,0.15028684997558628,0.15028684997558628,0.9805571500244259,1.256222015060443,0.5501507000000005,0.5501507000000005,0.5806933000000116,0.976142359625537
Ethanethiol,CCS,-0.6,0,0 RotB,-0.316148,195,20,20,0.3617331751754756,0.3617331788196984,3.644222756893356e-09,1.0435691311094783e-09,7.633284282437812e-10,20,0.3488543558221788,0.6695116856512603,0.6695172965939956,0.3488543482520177,0.6695116856512597,0.6695172965939953,OK,-0.6,-0.7991124391555786,5,-0.6,-1.0723859071731567,10,-0.6,-1.1627612113952637,15,-0.6,-1.26832875,20,0.283852,0.283852,-0.19911243915557864,0.19911243915557864,0.08473956084442136,0.040926194477516,-0.47238590717315676,0.47238590717315676,-0.18853390717315677,-0.14257648739180628,-0.5627612113952637,0.5627612113952637,-0.2789092113952637,-0.23612822314706466,-0.66832875,0.66832875,-0.38447675000000003,-0.3660913601725625
2-Methylnapthalene,Cc1ccc2ccccc2c1,-3.77,0,0 RotB,-3.784064704761927,196,20,20,23.719664506682317,23.71966453216008,2.5477763898607012e-08,4.383272234065316e-09,2.0633663666558277e-09,20,0.1261209617364901,1.5143342082250334e-05,0.3744196357285402,0.126120638753257,1.4577667861974995e-05,0.374419635728533,OK,-3.77,-3.480884552001953,5,-3.77,-3.457705020904541,10,-3.77,-4.013684272766113,15,-3.77,-3.77152265,20,-0.014064704761926894,0.014064704761926894,0.2891154479980469,0.2891154479980469,-0.27505074323612,-0.08338992635107119,0.312294979095459,0.312294979095459,-0.2982302743335321,-0.09733033804819301,-0.24368427276611326,0.24368427276611326,-0.22961956800418637,-0.05918420887350932,-0.0015226500000000698,0.0015226500000000698,0.012542054761926824,0.00019549745701766884
6-Methylchrysene,Cc1cc2c3ccccc3ccc2c4ccccc14,-6.57,0,0 RotB,-6.909894166666686,197,20,20,61.41033402735324,61.41150903696204,0.0011750096088007,0.000517116490889,1.7867293067297396e-07,20,0.0455934721324064,0.0509369593114606,0.107941436779394,0.0455934535439632,0.0509369574685301,0.107941436779402,OK,-6.57,-7.317668437957764,5,-6.57,-7.687717914581299,10,-6.57,-7.680772304534912,15,-6.57,-7.768000300000001,20,-0.3398941666666859,0.3398941666666859,-0.7476684379577634,0.7476684379577634,-0.40777427129107746,-0.443480048584161,-1.1177179145812985,1.1177179145812985,-0.7778237479146126,-1.133765292041926,-1.1107723045349118,1.1107723045349118,-0.7708781378682259,-1.1182870679877581,-1.1980003000000004,1.1980003000000004,-0.8581061333333144,-1.31967667426605
Methyl acrylate,COC(=O)C=C,-0.22,1,1–3 RotB,0.4061500000000006,198,20,20,3.3269135582747027,3.7029724703405016,0.3760589120657989,0.1316206169314688,9.737477491000843e-10,20,0.577897009463176,1.8396922358492343e-05,1.206594252705924,0.5778968153437984,1.8520777902346155e-05,1.2065942526571267,OK,-0.22,0.2259965986013412,5,-0.22,0.1614285409450531,10,-0.22,0.3256933391094208,15,-0.22,0.63715999,20,0.6261500000000007,0.6261500000000007,0.4459965986013412,0.4459965986013412,0.18015340139865943,0.19315085653603495,0.3814285409450531,0.3814285409450531,0.24472145905494758,0.2465760906525288,0.5456933391094207,0.5456933391094207,0.0804566608905799,0.09428260215161155,0.85715999,0.85715999,-0.23100998999999933,-0.3426594259567992
Reposal,CCC1(C(=O)NC(=O)NC1=O)C2=CCC3CCC2C3,-2.696,2,1–3 RotB,-3.1260856190476183,199,20,20,47.105749889726034,52.63141613330987,5.525666243583835,2.3449616278516032,2.528869355921991,19,1.8231657525728653,1.9495791261647124,2.675739742548942,1.8011543588664696,1.9337069237925535,2.577502442456433,OK,-2.696,-2.96586537361145,5,-2.696,-3.180997371673584,10,-2.696,-3.291725873947144,15,-2.696,-3.4978968,20,-0.4300856190476181,0.4300856190476181,-0.26986537361145,0.26986537361145,0.16022024543616809,0.11214631983712538,-0.4849973716735838,0.4849973716735838,-0.054911752625965704,-0.05024881081871152,-0.5957258739471438,0.5957258739471438,-0.16564025489952572,-0.1699156771785154,-0.8018967999999997,0.8018967999999997,-0.37181118095238164,-0.4580648381386667
p-Aminophenol,Nc1ccc(O)cc1,-0.8,0,0 RotB,-0.4250452857142851,200,20,20,12.13915842822989,12.13915843468874,6.458849455270865e-09,1.6179733997034872e-09,9.052483207483419e-10,20,2.799809306485438e-06,2.3058081068480888e-06,7.50564256156685e-06,2.790567450775379e-06,2.250474035387465e-06,7.50583189479666e-06,OK,-0.8,-0.6033320426940918,5,-0.8,0.3459593951702118,10,-0.8,-0.5441237092018127,15,-0.8,-0.15534615,20,0.3749547142857149,0.3749547142857149,0.19666795730590825,0.19666795730590825,0.17828675697980667,0.10191275233420356,1.1459593951702118,1.1459593951702118,-0.7710046808844969,-1.1726318976137957,0.2558762907981873,0.2558762907981873,0.11907842348752762,0.0751183615724436,0.6446538500000001,0.6446538500000001,-0.26969913571428517,-0.2749875485547405
cycloate,CCSC(=O)N(CC)C1CCCCC1 ,-3.4,3,1–3 RotB,-3.6574463333333407,201,20,20,16.184613538978983,27.44269904752637,11.258085508547389,7.501639454863306,9.078263788443495,5,1.6292342116698029,1.6656850029257129,2.340623775734762,1.7361171371115944,1.7572161578965264,2.077451446971855,OK,-3.4,-3.414720296859741,5,-3.4,-3.778854131698608,10,-3.4,-3.89776349067688,15,-3.4,-4.2332057,20,-0.25744633333334077,0.25744633333334077,-0.0147202968597413,0.0147202968597413,0.24272603647359947,0.0660619274071427,-0.37885413169860804,0.37885413169860804,-0.12140779836526727,-0.07725183855832465,-0.49776349067687997,0.49776349067687997,-0.2403171573435392,-0.18148987810405076,-0.8332057000000002,0.8332057000000002,-0.5757593666666594,-0.6279531239657087
Flutriafol,OC(Cn1cncn1)(c2ccc(F)cc2)c3ccccc3F,-3.37,4,4–6 RotB,-3.785686000000003,202,20,20,76.39047281527006,82.68803485334335,6.297562038073295,2.880356701264044,2.7735563011966,16,2.085530114149636,2.192726112866219,2.778129312654321,2.065413533478917,2.1952434797142573,2.7781293126543267,OK,-3.37,-3.1461336612701416,5,-3.37,-2.985713243484497,10,-3.37,-3.064845085144043,15,-3.37,-2.89185325,20,-0.4156860000000031,0.4156860000000031,0.2238663387298585,0.2238663387298585,0.1918196612701446,0.12267871297969084,0.38428675651550304,0.38428675651550304,0.03139924348450007,0.025118539362797065,0.30515491485595714,0.30515491485595714,0.11053108514404597,0.07967532853525613,0.47814675000000006,0.47814675000000006,-0.062460749999996956,-0.05582946393955998
Isoprocarb,CNC(=O)Oc1ccccc1C(C)C,-2.863,2,1–3 RotB,-2.7380626666666696,203,20,20,25.556344967792683,26.02676144544284,0.4704164776501578,0.1176041224194316,9.924935540084334e-09,20,0.5874582414461572,0.7102780776308698,1.1211674955931168,0.5874580038248816,0.7102780776229427,1.1211674955931044,OK,-2.863,-2.135648012161255,5,-2.863,-2.439655542373657,10,-2.863,-2.622553825378418,15,-2.863,-2.3404348500000003,20,0.12493733333333035,0.12493733333333035,0.7273519878387451,0.7273519878387451,-0.6024146545054148,-0.5134315769525304,0.4233444576263432,0.4233444576263432,-0.29840712429301286,-0.163611192542499,0.24044617462158202,0.24044617462158202,-0.11550884128825167,-0.04220502562970861,0.5225651499999997,0.5225651499999997,-0.39762781666666935,-0.25746499873407847
Deoxycorticosterone,CC12CCC3C(CCC4=CC(=O)CCC34C)C2CCC1C(=O)CO,-3.45,2,1–3 RotB,-4.389597557142859,204,20,20,60.90470422352122,91.6481529417983,30.74344871827708,16.155905910147638,17.19118543213083,1,2.124282590199365,2.193910312647368,2.941576823026083,,,,OK,-3.45,-4.458782196044922,5,-3.45,-4.503912925720215,10,-3.45,-4.799424648284912,15,-3.45,-4.6308706,20,-0.939597557142859,0.939597557142859,-1.0087821960449217,1.0087821960449217,-0.06918463890206272,-0.13479794966838665,-1.0539129257202147,1.0539129257202147,-0.11431536857735569,-0.2278888856113146,-1.349424648284912,1.349424648284912,-0.40982709114205296,-0.9381033120100302,-1.1808705999999995,1.1808705999999995,-0.24127304285714057,-0.5116118045555309
Nitroethane,CCN(=O)=O,-0.22,1,1–3 RotB,0.2533179999999999,205,20,20,1.7693101371805775,1.7693101386502408,1.469663057918069e-09,5.961799498521712e-10,5.324362062353315e-10,20,0.0256792293205256,0.0487869403228562,0.0487885021793378,0.0256791325160685,0.0487869403228616,0.0487885021793779,OK,-0.22,-0.5456610918045044,5,-0.22,-0.1939121782779693,10,-0.22,-0.3807298243045807,15,-0.22,-0.397468685,20,0.4733179999999999,0.4733179999999999,-0.3256610918045044,0.3256610918045044,0.14765690819549548,0.11797478240869805,0.026087821722030696,0.026087821722030696,0.4472301782779692,0.22334935468179945,-0.1607298243045807,0.1607298243045807,0.3125881756954192,0.19819585270301854,-0.177468685,0.177468685,0.2958493149999999,0.1925347949683707
Benomyl,CCCCNC(=O)n1c(NC(=O)OC)nc2ccccc12,-4.883,4,4–6 RotB,-3.7575120000000006,206,20,20,69.541749684251,76.89472653825564,7.352976854004638,2.278157749745416,1.337577229939498,18,1.6323205736724833,1.6215325341727085,2.966981421715234,1.6446921966323245,1.6358092311801469,2.9669814217152286,OK,-4.883,-3.742032051086426,5,-4.883,-3.401160717010498,10,-4.883,-3.714322805404663,15,-4.883,-3.0096212,20,1.1254879999999994,1.1254879999999994,1.1409679489135742,1.1409679489135742,-0.015479948913574848,-0.03508462230404996,1.481839282989502,1.481839282989502,-0.3563512829895026,-0.9291244224668427,1.168677194595337,1.168677194595337,-0.04318919459533754,-0.09908314702322851,1.8733787999999998,1.8733787999999998,-0.7478908000000004,-2.2428248901454406
3-Methyl-1-Butene,CC(C)C=C,-2.73,1,1–3 RotB,-2.236356,207,20,20,4.073054642347744,4.073480728194319,0.0004260858465752,0.0001704351125737,4.621086180378597e-09,20,0.5604648463996912,1.109242825626131,1.1092492087763548,0.5604648463448031,1.1092428256261304,1.1092492087763508,OK,-2.73,-1.6981524229049685,5,-2.73,-2.5348005294799805,10,-2.73,-2.47179913520813,15,-2.73,-2.5507922,20,0.4936440000000002,0.4936440000000002,1.0318475770950315,1.0318475770950315,-0.5382035770950313,-0.8210250236208867,0.1951994705200195,0.1951994705200195,0.2984445294799807,0.20558156544470424,0.2582008647918701,0.2582008647918701,0.2354431352081301,0.17701671215673062,0.17920779999999992,0.17920779999999992,0.3144362000000003,0.21156896315516022
Chloroethylene,ClC=C,-1.75,0,0 RotB,-1.278976666666667,208,20,20,0.2595783353901309,0.2595783563025196,2.091238865409295e-08,2.1586689713526398e-09,1.516811676260943e-10,20,2.923832715852368e-06,1.5181541783579431e-06,1.795029445550513e-05,2.9247692358144707e-06,1.5176165021315976e-06,1.795040166159215e-05,OK,-1.75,-0.6065236330032349,5,-1.75,-0.7510735392570496,10,-1.75,-0.804692268371582,15,-1.75,-1.03422385,20,0.4710233333333329,0.4710233333333329,1.1434763669967651,1.1434763669967651,-0.6724530336634322,-1.0856752213356766,0.9989264607429504,0.9989264607429504,-0.5279031274096175,-0.7759910934279932,0.945307731628418,0.945307731628418,-0.47428439829508506,-0.671743726932021,0.7157761499999999,0.7157761499999999,-0.24475281666666704,-0.2904725163643784
Hydroxyprogesterone-17a,CC(=O)C1(O)CCC2C3CCC4=CC(=O)CCC4(C)C3CCC21C,-3.817,1,1–3 RotB,-4.5697630571428585,209,20,20,67.33227680816834,94.63502216321773,27.30274535504938,15.065715665031444,14.169291511777615,3,2.07323786294174,2.1130048063265106,2.778226621970484,2.24250872073802,2.2871903062502645,2.414701421724628,OK,-3.817,-4.48756217956543,5,-3.817,-4.360869884490967,10,-3.817,-4.832467555999756,15,-3.817,-4.62223015,20,-0.7527630571428583,0.7527630571428583,-0.6705621795654295,0.6705621795654295,0.08220087757742878,0.11699858353552278,-0.5438698844909666,0.5438698844909666,0.20889317265189167,0.27085776894284475,-1.0154675559997557,1.0154675559997557,-0.2627044988568974,-0.46452213708905477,-0.8052301499999999,0.8052301499999999,-0.05246709285714157,-0.08174337426996015
Anisole,COc1ccccc1,-1.85,1,1–3 RotB,-0.4068096103896111,210,20,20,13.751483349259072,13.751483352899232,3.6401601732904965e-09,7.70470176547633e-10,3.3767744156421026e-10,20,2.978066747600571e-06,2.417480222687831e-06,1.4082314773226178e-05,2.358938277428847e-06,2.290003345791967e-06,6.173758069685851e-06,OK,-1.85,-1.0613116025924685,5,-1.85,-1.097317457199097,10,-1.85,-1.3486615419387815,15,-1.85,-1.47336865,20,1.443190389610389,1.443190389610389,0.7886883974075316,0.7886883974075316,0.6545019922028574,1.4607691124585258,0.7526825428009032,0.7526825428009032,0.6905078468094858,1.5162674904265527,0.5013384580612186,0.5013384580612186,0.9418519315491705,1.831458251132586,0.37663135000000003,0.37663135000000003,1.066559039610389,1.9409473268609638
Thiometon,CCSCCSP(=S)(OC)OC,-3.091,7,≥7 RotB,-3.3469276666666645,211,20,20,8.00966226034503,14.580007033828265,6.570344773483235,2.7549972504889757,2.334433120031262,18,1.6184186252181414,1.602957311654789,2.266191249074842,1.6261379505960036,1.619295837876745,2.2661912490752387,OK,-3.091,-4.073006629943848,5,-3.091,-3.9627554416656494,10,-3.091,-4.09489107131958,15,-3.091,-4.2427956,20,-0.25592766666666433,0.25592766666666433,-0.9820066299438475,0.9820066299438475,-0.7260789632771831,-0.8988380506882293,-0.8717554416656492,0.8717554416656492,-0.6158277749989849,-0.6944585795082279,-1.0038910713195799,1.0038910713195799,-0.7479634046529156,-0.9422983125097305,-1.1517955999999998,1.1517955999999998,-0.8958679333333355,-1.2611341336139164
Acetanilide,CC(=O)Nc1ccccc1,-1.33,1,1–3 RotB,-1.625580904761909,212,20,20,18.85867959993221,18.85867961695838,1.702617424825803e-08,4.111005580398341e-09,2.213962346786502e-09,20,0.3508457991773145,0.6665850455294211,0.6666063439733103,0.3508450747699581,0.6665850455294273,0.6666063439733013,OK,-1.33,-1.6772844791412354,5,-1.33,-1.3632264137268066,10,-1.33,-1.798813819885254,15,-1.33,-1.8719685,20,-0.2955809047619089,0.2955809047619089,-0.3472844791412353,0.3472844791412353,-0.05170357437932638,-0.03323843819253042,-0.03322641372680657,0.03322641372680657,0.26235449103510233,0.08626407669072374,-0.46881381988525384,0.46881381988525384,-0.17323291512334493,-0.13241832645553459,-0.5419684999999999,0.5419684999999999,-0.24638759523809095,-0.20636178373238118
Acrylonitrile,C=CC#N,0.15,0,0 RotB,0.2849799999999995,213,20,20,0.4852318986666707,0.4852319003752885,1.7086178027980734e-09,1.6865215612948958e-10,2.5938945436010382e-11,20,1.2362192871184388e-06,8.704843419904606e-07,4.680821806871976e-06,8.467879763433883e-07,6.315957422068707e-07,3.414154885201379e-06,OK,0.15,0.3202362358570099,5,0.15,0.281514823436737,10,0.15,0.1247289851307869,15,0.15,-0.0527196649999999,20,0.13497999999999952,0.13497999999999952,0.1702362358570099,0.1702362358570099,-0.035256235857010376,-0.010760775598763633,0.131514823436737,0.131514823436737,0.0034651765632625064,0.0009234516164037601,-0.0252710148692131,0.0252710148692131,0.10970898513078642,0.01758097620747988,-0.20271966499999988,0.20271966499999988,-0.06773966500000037,-0.022875662177712308
Propyl propanoate,CCCCC(=O)OC,-1.34,3,1–3 RotB,-1.0918105714285722,214,20,20,4.810839887576235,6.568096763566775,1.7572568759905396,0.5899888050701529,0.6349112207024548,20,1.1500630292751208,1.1963845408489688,1.792577479694604,1.1500629283185513,1.196384540966977,1.7925774796946023,OK,-1.34,-1.07501220703125,5,-1.34,-1.2000463008880615,10,-1.34,-1.3935197591781616,15,-1.34,-1.38609745,20,0.2481894285714279,0.2481894285714279,0.2649877929687501,0.2649877929687501,-0.016798364397322185,-0.008620537967837252,0.13995369911193856,0.13995369911193856,0.10823572945948934,0.042010954559496876,-0.05351975917816154,0.05351975917816154,0.19466966939326635,0.0587336278321235,-0.046097449999999984,0.046097449999999984,0.2020919785714279,0.05947301755810941
difluron,Fc1cccc(F)c1C(=O)NC(=O)Nc2ccc(Cl)cc2,-6.02,2,1–3 RotB,-4.267964000000009,215,20,20,38.8289568149348,263.79117038732755,224.9622135723928,11.371594188572232,0.0341233451697533,19,0.8660641260588539,1.0384982446581832,1.2961190825733018,0.8571734218149109,1.0384995337653926,1.2961190826044515,OK,-6.02,-5.064043998718262,5,-6.02,-4.801234245300293,10,-6.02,-4.933710098266602,15,-6.02,-5.403917,20,1.7520359999999906,1.7520359999999906,0.9559560012817379,0.9559560012817379,0.7960799987182527,2.1557782689093967,1.2187657546997066,1.2187657546997066,0.533270245300284,1.5842401804672215,1.086289901733398,1.086289901733398,0.6657460982665926,1.8896043946880114,0.6160829999999997,0.6160829999999997,1.1359529999999909,2.690071882406967
estriol,CC34CCC1C(CCc2cc(O)ccc12)C3CC(O)C4O ,-4.955,0,0 RotB,-3.849415333333334,216,20,20,54.98086145756898,83.14402791513184,28.16316645756286,11.55953011256464,12.35317668939296,5,1.7149592666146145,1.7861212165499374,2.5021688735801284,1.4545235175346505,1.0757207671825062,2.439467268601083,OK,-4.955,-4.146934509277344,5,-4.955,-4.069930076599121,10,-4.955,-4.234635353088379,15,-4.955,-4.5487135,20,1.1055846666666662,1.1055846666666662,0.8080654907226563,0.8080654907226563,0.2975191759440099,0.5693476178715962,0.885069923400879,0.885069923400879,0.22051474326578724,0.4389686858596057,0.7203646469116212,0.7203646469116212,0.38522001975504505,0.7033922306483389,0.4062865000000002,0.4062865000000002,0.699298166666666,1.0572487350861932
Dihexyl phthalate,CCCCCCOC(=O)c1ccccc1C(=O)OCCCCCC,-6.144,12,≥7 RotB,-5.580582266666671,217,20,20,34.436944809255955,41.18077479286291,6.7438299836069575,3.000276345288394,2.8881667436850904,18,2.558713201162553,2.5149541488959164,4.369045462034208,2.586278326997728,2.552739765141125,4.369045462034215,OK,-6.144,-5.324620246887207,5,-6.144,-4.980867385864258,10,-6.144,-5.262268543243408,15,-6.144,-4.69962965,20,0.5634177333333295,0.5634177333333295,0.8193797531127931,0.8193797531127931,-0.25596201977946365,-0.35394363757671504,1.1631326141357423,1.1631326141357423,-0.5997148808024129,-1.035437935831779,0.8817314567565919,0.8817314567565919,-0.3183137234232625,-0.460010819599635,1.4443703499999998,1.4443703499999998,-0.8809526166666704,-1.7687661657246554
Trietazine,CCNc1nc(Cl)nc(n1)N(CC)CC,-4.06,5,4–6 RotB,-3.0810439999999986,218,20,20,16.598044151272664,17.13670516116862,0.5386610098959572,0.3620826083854309,0.4667329404311644,20,1.353992313330116,1.468178037046181,2.179525852729419,1.353992356048922,1.468178037101103,2.1795258527363077,OK,-4.06,-3.658297061920166,5,-4.06,-4.036915302276611,10,-4.06,-4.1235671043396,15,-4.06,-3.99022655,20,0.978956000000001,0.978956000000001,0.4017029380798336,0.4017029380798336,0.5772530619201675,0.7969895994740315,0.02308469772338828,0.02308469772338828,0.9558713022766128,0.9578219466670218,-0.0635671043396,0.0635671043396,0.915388895660401,0.9543140731818804,0.06977344999999957,0.06977344999999957,0.9091825500000015,0.9534865156110996
Benzo(b)fluoranthene,c1ccc2c(c1)c3cccc4c3c2cc5ccccc54,-8.23,0,0 RotB,-7.952120166666676,219,20,20,88.18871516364955,88.18871553897867,3.753291224484201e-07,1.0191833368367044e-07,5.4079961842035125e-08,20,8.92603013004194e-06,8.730333505113235e-06,1.6649658943337113e-05,8.882383870713805e-06,8.731352199576712e-06,1.6650245729558434e-05,OK,-8.23,-7.879287719726562,5,-8.23,-7.950556755065918,10,-8.23,-8.165581703186035,15,-8.23,-7.952350149999999,20,0.27787983333332456,0.27787983333332456,0.3507122802734388,0.3507122802734388,-0.07283244694011426,-0.04578190176123886,0.27944324493408246,0.27944324493408246,-0.0015634116007579024,-0.0008713253659333592,0.06441829681396527,0.06441829681396527,0.21346153651935929,0.07306748480894411,0.2776498500000013,0.2776498500000013,0.00022998333332324705,0.00012776256833300914
Pyrazinamide,NC(=O)c1cnccn1,-0.667,1,1–3 RotB,-0.6742707666666634,220,20,20,13.381419435899913,13.381419437749784,1.8498731435556686e-09,6.749966807717554e-10,5.542757364196405e-10,20,2.9202508816708385e-06,2.3916159131015886e-06,9.597326184809646e-06,2.8864374484761955e-06,2.3890147473620453e-06,8.87671922574111e-06,OK,-0.667,-0.8231474161148071,5,-0.667,-0.6103990077972412,10,-0.667,-0.7060937881469727,15,-0.667,-0.99375745,20,-0.007270766666663375,0.007270766666663375,-0.1561474161148071,0.1561474161148071,-0.14887664944814372,-0.024329151511409654,0.056600992202758826,0.056600992202758826,-0.04933022553609545,-0.0031508082704157026,-0.03909378814697262,0.03909378814697262,-0.031823021480309244,-0.0014754602237593136,-0.32675745,0.32675745,-0.31948668333333663,-0.10671756708258143
Dibenzofurane,o1c2ccccc2c3ccccc13,-4.6,0,0 RotB,-4.078673833333348,221,20,20,65.65326771493373,65.65326834572988,6.307961513130067e-07,2.452080821058189e-07,2.447304936481487e-07,20,2.160498464603213e-05,2.1771719123328403e-05,3.567017568143687e-05,2.104277215309161e-05,2.1494034740884917e-05,3.5670099796406947e-05,OK,-4.6,-3.878788948059082,5,-4.6,-3.781015634536743,10,-4.6,-4.697866916656494,15,-4.6,-4.23764215,20,0.5213261666666513,0.5213261666666513,0.7212110519409176,0.7212110519409176,-0.1998848852742663,-0.24836440939037985,0.8189843654632565,0.8189843654632565,-0.29765819879660516,-0.39895441882190774,-0.0978669166564945,0.0978669166564945,0.42345925001015683,0.2622030386754959,0.36235784999999954,0.36235784999999954,0.1589683166666518,0.14047776059472294
Kepone,ClC1(C(=O)C2(Cl)C3(Cl)C14Cl)C5(Cl)C2(Cl)C3(Cl)C(Cl)(Cl)C45Cl,-5.259,0,0 RotB,-6.088929499999995,222,20,20,273.01744793958034,273.0174514543916,3.514811282911978e-06,9.110815909707526e-07,5.569364418533951e-07,20,6.127581307430515e-05,4.481855602400786e-05,0.00024259561984,6.127564738842279e-05,4.481853343439326e-05,0.0002425956337872,OK,-5.259,-6.625755310058594,5,-5.259,-6.622966289520264,10,-5.259,-6.2335357666015625,15,-5.259,-6.7220203000000005,20,-0.8299294999999951,0.8299294999999951,-1.3667553100585934,1.3667553100585934,-0.5368258100585983,-1.1792371026031199,-1.3639662895202633,1.3639662895202633,-0.5340367895202682,-1.171621063977433,-0.9745357666015622,0.9745357666015622,-0.14460626660156706,-0.2609369854154525,-1.4630203000000002,1.4630203000000002,-0.6330908000000051,-1.4516454232418485
1-Pentene ,CCCC=C,-2.68,2,1–3 RotB,-2.514999999999999,223,20,20,2.6506449345470107,4.072243630290621,1.4215986957436102,0.5122731498409087,0.6512954557877046,20,1.082405564292192,1.2472194493995916,1.6483693045472572,1.0824055063322828,1.247219449375744,1.6483693045394274,OK,-2.68,-1.836469411849976,5,-2.68,-2.337388515472412,10,-2.68,-2.548306703567505,15,-2.68,-2.5845638,20,0.16500000000000137,0.16500000000000137,0.8435305881500241,0.8435305881500241,-0.6785305881500228,-0.6843188531447252,0.34261148452758805,0.34261148452758805,-0.17761148452758668,-0.09015762933019725,0.13169329643249528,0.13169329643249528,0.03330670356750609,0.009881875674743378,0.09543619999999997,0.09543619999999997,0.0695638000000014,0.018116931729560456
5-(3-Methyl-2-butenyl)-5-isoPrbarbital,O=C1NC(=O)NC(=O)C1(C(C)C)CC=C(C)C,-2.593,3,1–3 RotB,-2.663154809523809,224,20,20,28.661598243446186,36.015200575968954,7.353602332522769,2.558975033065219,1.9200019774086328,16,1.3724356711399357,1.418579439803727,2.009042859054489,1.3176975774105584,1.3890322179164492,1.8737123562394904,OK,-2.593,-2.6934075355529785,5,-2.593,-2.693634033203125,10,-2.593,-2.6821510791778564,15,-2.593,-3.20801475,20,-0.07015480952380893,0.07015480952380893,-0.10040753555297854,0.10040753555297854,-0.03025272602916962,-0.00515997589650074,-0.10063403320312503,0.10063403320312503,-0.030479223679316103,-0.005205511339405759,-0.08915107917785647,0.08915107917785647,-0.01899626965404755,-0.003026217619254523,-0.6150147499999998,0.6150147499999998,-0.5448599404761909,-0.3733214454182404
Ethirimol,CCCCc1c(C)nc(NCC)[nH]c1=O,-3.028,5,4–6 RotB,-2.6247144666666635,225,20,20,20.73156846431697,24.5518622047212,3.820293740404228,1.7207528339070386,1.1327465199598166,20,1.6172450715147637,1.6269053070521904,2.56229451775026,1.6172449802347824,1.6269053070465902,2.5622945176533536,OK,-3.028,-2.8775973320007324,5,-3.028,-3.3683032989501958,10,-3.028,-3.623706817626953,15,-3.028,-3.52636695,20,0.4032855333333365,0.4032855333333365,0.1504026679992676,0.1504026679992676,0.2528828653340689,0.14001825885465574,-0.34030329895019573,0.34030329895019573,0.06298223438314077,0.046832886119567374,-0.5957068176269531,0.5957068176269531,-0.1924212842936166,-0.1922273911712783,-0.49836694999999986,0.49836694999999986,-0.09508141666666337,-0.0857303954563487
