row_index,SMILES,split,descriptor,n_conformers,descriptor_dimension,ensemble_spread,nearest_train_distance,mean_train_distance
0,CCC(=O)N,train,MORSE,5,224,0.002266438787987911,0.0,15.690672345290203
1,CC(=CCC/C(=C\CO)/C)C,train,MORSE,5,224,5.607221241645252,0.0,20.849385330334027
2,Cc1ccccn1,train,MORSE,5,224,9.577556920870702e-05,0.0,15.182943438665445
3,c1ccc(cc1)CO,train,MORSE,5,224,0.0014455493182937633,0.0,16.235952173968794
4,CC(C)OC(C)C,train,MORSE,5,224,5.077260314935916e-16,0.0,17.656214761953713
5,CC(C)(C)Br,train,MORSE,5,224,0.0022528231649912244,0.0,19.138327281048266
6,C(Br)(Br)Br,train,MORSE,5,224,8.491573300505515e-16,0.0,24.549288147263404
7,CCCCl,train,MORSE,5,224,0.0011146165283279792,0.0,15.288325013802641
8,COP(=O)([C@H](C(Cl)(Cl)Cl)O)OC,train,MORSE,5,224,5.6285057480524605,0.0,22.1606423527696
9,COc1cc(c(c(c1O)OC)Cl)C=O,train,MORSE,5,224,0.0006563269138192861,0.0,21.4609785863833
10,CC(C)COC=O,train,MORSE,5,224,2.147942148196858,0.0,15.090970877377853
11,CC(C)COC(=O)C,train,MORSE,5,224,2.9414101800992873,0.0,16.066967470045824
12,CCC(C)CC,train,MORSE,5,224,4.420937896198068,0.0,17.85902330298284
13,C(Cl)Cl,train,MORSE,5,224,0.004716618482964108,0.0,18.608585758483997
14,c1cc(c(c(c1)Cl)c2c(cccc2Cl)Cl)Cl,train,MORSE,5,224,0.0014062832334610798,0.0,27.277914914227583
15,CCOC(C)OCC,train,MORSE,5,224,3.3204663611674876,0.0,17.41498365180659
16,c1ccc(cc1)CCl,train,MORSE,5,224,3.228310601246299e-16,0.0,15.999768658335094
17,c1cc2ccc3cccc4c3c2c(c1)cc4,train,MORSE,5,224,0.0026747606131841684,0.0,34.172047725304665
18,CCCCCCCCl,train,MORSE,5,224,5.882056152622091,0.0,19.97599172880963
19,CC(C)O,train,MORSE,5,224,1.2453029887901566,0.0,14.73162348516111
20,c1cc(ccc1Br)Br,train,MORSE,5,224,6.159619626565963e-16,0.0,21.25274971694775
21,C1CCC(CC1)N,train,MORSE,5,224,5.125014074428846,0.0,18.214935832173644
22,CC(=O)C(C)(C)C,train,MORSE,5,224,5.137853961515499,0.0,18.3321197180558
23,CC(C)C,train,MORSE,5,224,0.0008282441068423359,0.0,15.963014736408631
24,CC(C)(C)C(=O)OC,train,MORSE,5,224,0.001880064593735177,0.0,19.565142114114497
25,c1cc(ccc1O)Cl,train,MORSE,5,224,4.743382398173679e-16,0.0,16.167045536821714
26,C(=C(Cl)Cl)(Cl)Cl,train,MORSE,5,224,0.0004695502462111322,0.0,22.274796849691853
27,Cc1ccncc1C,train,MORSE,5,224,0.004316712041917373,0.0,15.518291189180525
28,Cc1cc(ccc1Cl)O,train,MORSE,5,224,0.4598104708397397,0.0,15.068939107437519
29,c1cc(cc(c1)O)C=O,train,MORSE,5,224,0.4545930721104324,0.0,16.20617793625191
30,CN(C)c1ccccc1,train,MORSE,5,224,0.0006742146700029858,0.0,16.880736080565818
31,CCCc1ccc(c(c1)OC)O,train,MORSE,5,224,3.387586618298027,0.0,17.891373787852633
32,c1ccc(cc1)CCCO,train,MORSE,5,224,1.6366217470597828,0.0,17.561205428606563
33,CC(Cl)(Cl)Cl,train,MORSE,5,224,8.627773252028612e-16,0.0,21.468832503399025
34,CCc1ccc(cc1)O,train,MORSE,5,224,3.366793939185189e-16,0.0,16.339407607127825
35,COC(C(Cl)Cl)(F)F,train,MORSE,5,224,6.104923721104674,0.0,18.095950603928376
36,COc1ccc(cc1)C(=O)OC,train,MORSE,5,224,0.7889645996613665,0.0,18.292856361832754
37,C1CCNCC1,train,MORSE,5,224,1.2291132314014643,0.0,16.673089220629866
38,C,train,MORSE,5,224,0.0006381317619823059,0.0,18.06490961012919
39,CC(C)CO,train,MORSE,5,224,1.7052715357503714,0.0,14.950449575051026
40,Cc1ccccc1O,train,MORSE,5,224,1.536035780258521,0.0,15.095283120049606
41,C(C(Cl)(Cl)Cl)(Cl)Cl,train,MORSE,5,224,7.88595447008565e-16,0.0,23.668931474054627
42,CC#C,train,MORSE,5,224,5.585708579107191e-16,0.0,17.726167403884705
43,CC(F)F,train,MORSE,5,224,0.0004339429477657067,0.0,16.90391702986026
44,CN(C)C(=O)Nc1ccccc1,train,MORSE,5,224,0.0013786295976764742,0.0,18.055591000325084
45,c1cc(ccc1N)Cl,train,MORSE,5,224,0.0008138439487905344,0.0,15.909842650496843
46,c1cc(ccc1Cl)Cl,train,MORSE,5,224,4.3952571881969117e-16,0.0,16.0949935812564
47,c1cc(ccc1C#N)O,train,MORSE,5,224,4.446445162750826e-16,0.0,17.52217987074454
48,CCCC,train,MORSE,5,224,2.3427002963428754,0.0,15.554569771324617
49,CC(C)c1ccccc1,train,MORSE,5,224,0.001196863323052658,0.0,16.054135528829477
50,CN(CC(F)(F)F)c1ccccc1,train,MORSE,5,224,4.476922516210164,0.0,22.631412209707257
51,c1ccc2cc(ccc2c1)N,train,MORSE,5,224,0.002413573104281108,0.0,21.41270278250394
52,COc1ccccc1N,train,MORSE,5,224,4.161022734862338e-16,0.0,16.34538959476395
53,C[C@H]1CC[C@@H](O1)C,train,MORSE,5,224,0.0015025129375053014,0.0,17.251774813653856
54,CCOC(=O)C[C@H](C(=O)OCC)SP(=S)(OC)OC,train,MORSE,5,224,8.58783494535481,0.0,25.047203149001408
55,c1c2c(cc(c1Cl)Cl)Oc3cc(c(cc3O2)Cl)Cl,train,MORSE,5,224,0.001128331008166465,0.0,30.398132229189127
56,Cc1ccnc(c1)C,train,MORSE,5,224,0.0011207923207179925,0.0,15.181294127544277
57,CC(C)COC(=O)C(C)C,train,MORSE,5,224,4.739594809792003,0.0,19.479753974771885
58,CC[C@@H](C)CO,train,MORSE,5,224,3.3921273548985336,0.0,15.639086812329312
59,CCCOCCO,train,MORSE,5,224,3.1945754924883336,0.0,15.623231655594044
60,c1ccc2c(c1)cccc2N,train,MORSE,5,224,0.00028383150898635774,0.0,20.34498273392224
61,CC(=C)C,train,MORSE,5,224,1.541165718503277,0.0,16.434359046229716
62,CC(C)(C)c1ccccc1,train,MORSE,5,224,0.0033013084448325803,0.0,18.025960895395833
63,c1ccc(cc1)N,train,MORSE,5,224,3.4673755074228364e-16,0.0,16.295699072339662
64,C[C@@H](CO[N+](=O)[O-])O[N+](=O)[O-],train,MORSE,5,224,4.5624461336928475,0.0,18.47067550957802
65,CCN,train,MORSE,5,224,1.1484439854815616,0.0,15.79503829697167
66,c1cnccc1C=O,train,MORSE,5,224,3.7734123575482556e-16,0.0,15.381929909402345
67,CC(C)CC(=O)C,train,MORSE,5,224,3.3627189024874102,0.0,16.704993677794192
68,c12c(c(c(c(c1Cl)Cl)Cl)Cl)Oc3c(c(c(c(c3Cl)Cl)Cl)Cl)O2,train,MORSE,5,224,0.0006812087964582325,0.0,44.564746687566945
69,c1ccc(cc1)Br,train,MORSE,5,224,5.920898642880358e-16,0.0,16.86226466910348
70,C[C@@H](c1cccc(c1)C(=O)c2ccccc2)C(=O)O,train,MORSE,5,224,3.185976635813202,0.0,26.283552282566795
71,COc1cccc(c1O)OC,train,MORSE,5,224,7.446955938410705e-16,0.0,20.2387297661493
72,[C@@H](C(F)(F)F)(F)Br,train,MORSE,5,224,0.0021156077904748733,0.0,23.06113855005568
73,C=CCl,train,MORSE,5,224,6.049187461416408e-16,0.0,17.559667969073548
74,CBr,train,MORSE,5,224,5.833218881895307e-16,0.0,18.06663371731798
75,CCCCC#N,train,MORSE,5,224,2.391278679175741,0.0,15.363568758646872
76,CC=O,train,MORSE,5,224,5.871878916061437e-16,0.0,17.187600471644895
77,CCc1ccccc1C,train,MORSE,5,224,0.0015733576717957833,0.0,15.780215209428299
78,Cc1ccc(cc1)N,train,MORSE,5,224,3.347971367310914e-16,0.0,16.085580425825157
79,c1ccc2c(c1)cccn2,train,MORSE,5,224,0.0006279068438390702,0.0,19.30975007997125
80,c1cc2c(cc1Cl)Oc3c(c(c(c(c3Cl)Cl)Cl)Cl)O2,train,MORSE,5,224,0.0028004040297201624,0.0,32.63952129921927
81,COC(=O)C1CC1,train,MORSE,5,224,1.9609561110849596,0.0,17.36705802733497
82,CC(=C)C(=C)C,train,MORSE,5,224,3.9423666307441516e-16,0.0,16.55429996006251
83,Cc1ccc(cc1)O,train,MORSE,5,224,0.0003542477655347482,0.0,15.705541698855239
84,c1c(c(c(c(c1Cl)Cl)Cl)Cl)c2c(cc(c(c2Cl)Cl)Cl)Cl,train,MORSE,5,224,0.025560751612441607,0.0,36.54654090257393
85,C1C=CC[C@@H]2[C@@H]1C(=O)N(C2=O)SC(Cl)(Cl)Cl,train,MORSE,5,224,0.0012708532753433171,0.0,25.496605427643555
86,CN(C)C(=O)c1ccc(cc1)[N+](=O)[O-],train,MORSE,5,224,2.417523848237955,0.0,18.223418693341586
87,CCC#C,train,MORSE,5,224,4.30100364420653e-16,0.0,16.059231138952907
88,Cc1ccccc1N,train,MORSE,5,224,4.182950339743234e-16,0.0,15.638858773544817
89,CCOC=O,train,MORSE,5,224,1.9359662721426592,0.0,15.571531666877583
90,[C@@H](C(F)(F)F)(Cl)Br,train,MORSE,5,224,9.406749525961045e-05,0.0,23.727622119818257
91,CC1=CC(=O)CC(C1)(C)C,train,MORSE,5,224,0.002967780666373392,0.0,19.428071612527447
92,COP(=S)(OC)SCn1c(=O)c2ccccc2nn1,train,MORSE,5,224,5.092212962033805,0.0,23.352876378885824
93,CN1CCNCC1,train,MORSE,5,224,3.815752458987109,0.0,18.03360806965671
94,C1CCCC(CC1)O,train,MORSE,5,224,3.8688815607840836,0.0,21.26195622498274
95,CCCCCC=C,train,MORSE,5,224,4.543845168166942,0.0,17.3849625727037
96,CC1CCC(CC1)C,train,MORSE,5,224,6.022765703036741,0.0,24.048270585331792
97,c1cnccc1C#N,train,MORSE,5,224,4.752540830898259e-16,0.0,16.213950630308837
98,C1COCCO1,train,MORSE,5,224,3.3595876651700616,0.0,16.399298146016722
99,CC(C)Cl,train,MORSE,5,224,0.003378720777246374,0.0,15.693606440009349
100,CC(C)CC(C)(C)C,train,MORSE,5,224,3.735513575072082,0.0,23.18495370197093
101,COc1cccc(c1)O,train,MORSE,5,224,0.8158813252666931,0.0,17.068697039094
102,CCCCCC(=O)OC,train,MORSE,5,224,3.718728954480918,0.0,17.970162750183047
103,CCCN,train,MORSE,5,224,1.7240859073076316,0.0,15.084040412212874
104,c1ccc(c(c1)N)[N+](=O)[O-],train,MORSE,5,224,1.4219722331469842,0.0,17.551717577748388
105,c1c(c(=O)[nH]c(=O)[nH]1)Br,train,MORSE,5,224,6.387735835855501e-05,0.0,20.331654069516375
106,C(C(Cl)Cl)Cl,train,MORSE,5,224,1.8422248886165018,0.0,17.999775061829343
107,N,train,MORSE,5,224,6.580458062602505e-16,0.0,19.423053911005805
108,CCC[C@@H](C)O,train,MORSE,5,224,3.984423512461363,0.0,15.460171796076864
109,c1cc(c(c(c1)Cl)c2c(cc(cc2Cl)Cl)Cl)Cl,train,MORSE,5,224,0.004045114880122009,0.0,29.13302480560693
110,CCCOC=O,train,MORSE,5,224,2.5256501577682164,0.0,14.540416817665008
111,Cn1cnc2c1c(=O)n(c(=O)n2C)C,train,MORSE,5,224,0.6503951559167992,0.0,20.844670894099163
112,Cc1cc(cc(c1)O)C,train,MORSE,5,224,0.6956303556974058,0.0,15.923775689753462
113,C1[C@H]([C@@H]([C@H]([C@H](O1)O)O)O)O,train,MORSE,5,224,7.204419667351017,0.0,19.092819650547792
114,Cc1ccc(cc1)C(=O)N(C)C,train,MORSE,5,224,0.7379781848938889,0.0,17.72865647067479
115,CS(=O)C,train,MORSE,5,224,5.505827578543946e-16,0.0,18.33748509149209
116,CCC(=O)OCC,train,MORSE,5,224,2.21024398461276,0.0,15.083434009514237
117,C(CO[N+](=O)[O-])O,train,MORSE,5,224,2.5701085499824643,0.0,16.48678326193856
118,CCCC(=O)OCC,train,MORSE,5,224,2.2817146525053342,0.0,15.76954268132824
119,CCCN(CCC)c1c(cc(cc1[N+](=O)[O-])C(F)(F)F)[N+](=O)[O-],train,MORSE,5,224,8.814138660771814,0.0,34.841544320818706
120,CO,train,MORSE,5,224,3.9043226697885734e-16,0.0,17.962117684508776
121,c1ccc(cc1)CCO,train,MORSE,5,224,1.5860312535716214,0.0,16.541835438253162
122,C(CBr)Cl,train,MORSE,5,224,0.0018853752599920334,0.0,17.080605031326545
123,CCCCCCC=O,train,MORSE,5,224,5.8739998238777495,0.0,18.43619873478942
124,c1ccc2c(c1)cccc2O,train,MORSE,5,224,1.5227940281339225,0.0,20.376732059322663
125,c1c(cc(cc1Cl)Cl)Cl,train,MORSE,5,224,4.673333453687127e-16,0.0,18.669521820930697
126,CCCCC(=O)OCC,train,MORSE,5,224,4.1362013795613155,0.0,17.17389979533627
127,c1ccc(c(c1)Cl)Cl,train,MORSE,5,224,0.00017626294731606305,0.0,16.43505914432351
128,COCCOC,train,MORSE,5,224,2.1765526606603687,0.0,18.79458034461533
129,CCl,train,MORSE,5,224,5.861645770124812e-16,0.0,17.863103795985694
130,CCCCC(=O)O,train,MORSE,5,224,3.440830530106299,0.0,15.474257389879456
131,c1c(c(=O)[nH]c(=O)[nH]1)C(F)(F)F,train,MORSE,5,224,0.0002990125886363357,0.0,27.69606237840025
132,C(C(CO)O)O,train,MORSE,5,224,4.272617232110948,0.0,16.020667389799492
133,c1ccc(cc1)C(=O)N,train,MORSE,5,224,0.0012426537027247972,0.0,16.430170299584262
134,CCI,train,MORSE,5,224,0.00048680955010530245,0.0,16.697132388946184
135,CCCNCCC,train,MORSE,5,224,3.7369487714396423,0.0,17.559173556635375
136,c1ccc2c(c1)Cc3ccccc3C2,train,MORSE,5,224,0.001892587614305358,0.0,23.355009677911173
137,CCC/C=C/C=O,train,MORSE,5,224,2.223375640879696,0.0,15.365795254288026
138,Cc1ccc2cc(ccc2c1)C,train,MORSE,5,224,0.3474302847996917,0.0,20.12413781282853
139,CCCCOC(=O)C,train,MORSE,5,224,3.670501074671397,0.0,16.01325499214106
140,Cn1ccnc1,train,MORSE,5,224,0.0004017785103725042,0.0,16.76065614411824
141,C(C(F)(F)F)O,train,MORSE,5,224,0.000700948164695071,0.0,21.65248385302123
142,c1ccc(cc1)c2c(cc(cc2Cl)Cl)Cl,train,MORSE,5,224,5.507654340631737,0.0,22.26455429797088
143,Cc1ccc(c(c1)C)C,train,MORSE,5,224,0.0020699702983515175,0.0,15.839312345741291
144,C1CCCCC1,train,MORSE,5,224,5.751397230572417,0.0,19.270882940137568
145,CCCCCl,train,MORSE,5,224,2.460397464304704,0.0,15.60854006528082
146,CCCCCC(=O)O,train,MORSE,5,224,3.5700193549965973,0.0,16.10814630877947
147,c1c(c(cc(c1Cl)Cl)Cl)Cl,train,MORSE,5,224,0.0018726509762055613,0.0,21.314538422198684
148,CCCCC(=O)C,train,MORSE,5,224,3.2290556576156457,0.0,16.541207218011063
149,COc1ccccc1O,train,MORSE,5,224,0.9900353297402098,0.0,17.054528851510927
150,CC(=O)c1cccnc1,train,MORSE,5,224,0.7675957721128711,0.0,15.451909696118767
151,CCCl,train,MORSE,5,224,0.00014004013562227689,0.0,16.097669670645942
152,CCC#N,train,MORSE,5,224,3.944961046305034e-16,0.0,15.831306917222015
153,CCc1ccccc1,train,MORSE,5,224,0.0007824157149047864,0.0,16.259348742643088
154,CCCC1CCCC1,train,MORSE,5,224,4.279994987344538,0.0,22.10368466924857
155,C1CCOCC1,train,MORSE,5,224,0.0006444308765509277,0.0,15.572488961231745
156,CCCC/C=C/C,train,MORSE,5,224,3.6993431599564235,0.0,17.014630799583745
157,CCCC[C@@H](C)CC,train,MORSE,5,224,3.7873032125599067,0.0,22.851138992515978
158,CCOP(=S)(OCC)Oc1c(cc(c(n1)Cl)Cl)Cl,train,MORSE,5,224,4.844212792212792,0.0,26.286702992239686
159,C[N+](=O)[O-],train,MORSE,5,224,5.179624026111162e-16,0.0,17.397949980466564
160,CCCBr,train,MORSE,5,224,0.0023003187901416934,0.0,15.52273579123024
161,c1ccccc1,train,MORSE,5,224,4.1731661315684095e-16,0.0,16.096965436013228
162,CC=C(C)C,train,MORSE,5,224,1.517615879715501,0.0,15.630057042232307
163,CNC(=O)Oc1cccc2c1cccc2,train,MORSE,5,224,4.226085731152672,0.0,22.978667458109623
164,C([N+](=O)[O-])(Cl)(Cl)Cl,train,MORSE,5,224,0.0009864215540860732,0.0,22.746336962879965
165,CCCCCCI,train,MORSE,5,224,4.807935462284619,0.0,20.77529187924773
166,CCOP(=S)(OCC)Oc1cc(nc(n1)C(C)C)C,train,MORSE,5,224,5.555444788923467,0.0,28.75165606864985
167,CC(=O)Oc1ccccc1C(=O)O,train,MORSE,5,224,2.5380394466413105,0.0,18.342490341305943
168,CN1CCN(CC1)C,train,MORSE,5,224,6.763976890269731,0.0,19.27144179190914
169,c1ccc(c(c1)N)Cl,train,MORSE,5,224,4.617371515917379e-16,0.0,15.751236696128524
170,C[C@@H]1CC[C@H](CC1=O)C(=C)C,train,MORSE,5,224,5.019160907405158,0.0,20.625044603788943
171,Cc1cc(c2ccccc2c1)C,train,MORSE,5,224,0.001585788537388348,0.0,19.598396974725464
172,CC[C@H](C)Cl,train,MORSE,5,224,1.818462896507604,0.0,15.880427024977356
173,c1ccc2c(c1)Oc3ccc(cc3O2)Cl,train,MORSE,5,224,0.00041526720182956,0.0,26.12846918535221
174,C(Cl)(Cl)(Cl)Cl,train,MORSE,5,224,0.0002418217427881508,0.0,26.289785407399947
175,C[C@@H](CCl)Cl,train,MORSE,5,224,1.9662861871260182,0.0,16.368220198003282
176,c1cc(ccc1N)N(=O)=O,train,MORSE,5,224,0.0035898823167450768,0.0,17.54507144928007
177,CCS,train,MORSE,5,224,0.002360734355151827,0.0,15.641845322999949
178,c1c(c(=O)[nH]c(=O)[nH]1)Cl,train,MORSE,5,224,0.0001400401356222547,0.0,18.63422218706779
179,CC(=C)[C@H]1CCC(=CC1)C=O,train,MORSE,5,224,3.8376058571721336,0.0,18.519762699744675
180,CS(=O)(=O)C,train,MORSE,5,224,7.444045897553409e-16,0.0,20.164962166888582
181,CSC,train,MORSE,5,224,4.593317160915646e-16,0.0,17.925350664234948
182,C=CCCl,train,MORSE,5,224,4.112730840721205e-16,0.0,16.346525176098098
183,C([C@H]([C@H]([C@@H]([C@@H](CO)O)O)O)O)O,train,MORSE,5,224,7.353005600151686,0.0,22.505985085603655
184,CCCCCCCBr,train,MORSE,5,224,6.7998585691795626,0.0,19.987128590445575
185,Cc1ccc(c(c1)OC)O,train,MORSE,5,224,0.8295531688802558,0.0,16.8522979391982
186,c1ccc(c(c1)C=O)O,train,MORSE,5,224,2.464275079787414,0.0,16.271013792401458
187,CCCCC,train,MORSE,5,224,2.2241240671266707,0.0,16.26175343520808
188,CCCCCC1CCCC1,train,MORSE,5,224,5.791817880858891,0.0,28.19695289187824
189,CCC[C@H](C)CC,train,MORSE,5,224,3.8904446560534782,0.0,19.913790991806415
190,CC(C)(C)C,train,MORSE,5,224,7.8949550497556605e-16,0.0,20.650376949067144
191,CC(C)Cc1ccccc1,train,MORSE,5,224,0.004365887734324236,0.0,17.219821513694953
192,c1c(c(=O)[nH]c(=O)[nH]1)F,train,MORSE,5,224,7.272278616284823e-16,0.0,20.315253475623592
193,CC(C)CCOC=O,train,MORSE,5,224,3.997005384610707,0.0,15.681107206831893
194,CS(=O)(=O)Cl,train,MORSE,5,224,9.577556920870702e-05,0.0,19.78976326337967
195,S,train,MORSE,5,224,3.916827369161601e-16,0.0,19.1960419714696
196,CCC(=O)CC,train,MORSE,5,224,2.145676024239937,0.0,15.948824090306447
197,c1cc(cnc1)C#N,train,MORSE,5,224,4.401824502038994e-16,0.0,16.328583628124886
198,c1cc(c(cc1c2c(c(cc(c2Cl)Cl)Cl)Cl)Cl)Cl,train,MORSE,5,224,6.339324111640392,0.0,28.621156587734603
199,c1cc(cc(c1)[N+](=O)[O-])N,train,MORSE,5,224,0.6858919221222264,0.0,17.7465755601948
200,CCCC#N,train,MORSE,5,224,0.002675446578923664,0.0,15.35272874877027
201,Cc1ccc(nc1)C,train,MORSE,5,224,0.0027317289814579922,0.0,15.196887032320332
202,c1cc2c(cc1Cl)Oc3cc(c(c(c3O2)Cl)Cl)Cl,train,MORSE,5,224,1.2836766183185386e-15,0.0,29.963800232286996
203,CCCCBr,train,MORSE,5,224,3.2890126926767476,0.0,15.719422044023272
204,c1ccc(cc1)I,train,MORSE,5,224,0.0015754100372856541,0.0,18.496765877204748
205,CC1CCCCC1,train,MORSE,5,224,5.5386056054453965,0.0,20.96928941607724
206,CCc1ccccc1O,train,MORSE,5,224,1.2833679520293688,0.0,16.028025853303568
207,CC,train,MORSE,5,224,4.983459303824343e-16,0.0,15.965814863714963
208,C(CO[N+](=O)[O-])CO[N+](=O)[O-],train,MORSE,5,224,3.8520933579714196,0.0,19.153358220418472
209,CC(=O)N1CCCC1,train,MORSE,5,224,4.891305494050422e-16,0.0,19.004006489431745
210,CCOP(=S)(OCC)SCSP(=S)(OCC)OCC,train,MORSE,5,224,8.270078235584972,0.0,32.639850405355524
211,CC[C@H](C)c1ccccc1,train,MORSE,5,224,3.460145091286953,0.0,16.88079460083139
212,CI,train,MORSE,5,224,0.0022246530338551726,0.0,18.0925716318779
213,CC(C)I,train,MORSE,5,224,0.0006812087964583213,0.0,16.96375293639383
214,CCC[N+](=O)[O-],train,MORSE,5,224,1.9681222357073296,0.0,14.912220292954215
215,C(=C/Cl)\Cl,train,MORSE,5,224,6.55137790979003e-16,0.0,18.189860269330875
216,CCCC=C,train,MORSE,5,224,1.9998141203039317,0.0,15.01296482425824
217,c1cc2c(cc1Cl)Oc3ccc(cc3O2)Cl,train,MORSE,5,224,9.678715484068583e-16,0.0,26.75492890982927
218,CCC(=O)OC,train,MORSE,5,224,0.0010496648792762866,0.0,15.063710327844955
219,c1cc(ccc1O)F,train,MORSE,5,224,3.679617974137543e-16,0.0,17.59115342822401
220,C(CCCl)CCl,train,MORSE,5,224,3.716476621171008,0.0,16.18081037774594
221,CC(C)OC(=O)C,train,MORSE,5,224,0.0003044150227823881,0.0,15.392179607918699
222,CCNc1nc(nc(n1)SC)NC(C)(C)C,train,MORSE,5,224,5.172568952917245,0.0,24.493151898887557
223,c1cc(cc(c1)Cl)N,train,MORSE,5,224,0.001119196766067424,0.0,16.041474796696185
224,CC(=O)NC,train,MORSE,5,224,0.0054981457233481005,0.0,16.369685319377535
225,C1CC1,train,MORSE,5,224,0.004876849145564744,0.0,18.160550239578498
226,C(CCl)Cl,train,MORSE,5,224,4.775249788392736e-16,0.0,17.145282839079762
227,C(CCl)OCCCl,train,MORSE,5,224,2.657024391762579,0.0,16.04752013465941
228,C1[C@@H]2[C@H]3[C@@H]([C@H]1[C@H]4[C@@H]2O4)[C@@]5(C(=C([C@]3(C5(Cl)Cl)Cl)Cl)Cl)Cl,train,MORSE,5,224,0.03910506553317563,0.0,33.24327632716099
229,C1CC=CC1,train,MORSE,5,224,4.751495951074711e-16,0.0,16.707264416796775
230,CC(C)C=O,train,MORSE,5,224,2.1447679768553796,0.0,15.68978839018233
231,CC(C)CBr,train,MORSE,5,224,2.037744671616351,0.0,15.580911274479792
232,c1cc(c(c(c1Cl)Cl)Cl)Cl,train,MORSE,5,224,7.920375818959176e-16,0.0,21.879901101714474
233,Cc1ccc(c(c1)O)C,train,MORSE,5,224,1.5017154379763575,0.0,14.831477534496592
234,c1ccc2c(c1)C(=O)c3cccc(c3C2=O)N,train,MORSE,5,224,0.0007146738529670098,0.0,25.33697465509191
235,CC(C)Cc1cnccn1,train,MORSE,5,224,1.2703754301803685,0.0,16.480089246971353
236,c1cc(ccc1O)Br,train,MORSE,5,224,0.0009929694600850768,0.0,17.73047813883564
237,CCCCCCCCC=O,train,MORSE,5,224,5.703113953726425,0.0,23.741980136667348
238,C(CO)O,train,MORSE,5,224,1.3276644502167714,0.0,16.273073973147987
239,CC1=CC[C@H](C[C@@H]1O)C(=C)C,train,MORSE,5,224,5.283061767173586,0.0,19.46999988309676
240,CC(=C)c1ccccc1,train,MORSE,5,224,0.0025891338743642862,0.0,15.286612200883766
241,CCc1cccc(c1N(COC)C(=O)CCl)CC,train,MORSE,5,224,6.579664055632057,0.0,25.4878258942227
242,c1ccc(c(c1)O)I,train,MORSE,5,224,1.8504822419847353,0.0,18.102018589916224
243,c1ccc(cc1)C(F)(F)F,train,MORSE,5,224,0.0006131552836271279,0.0,22.40156230767895
244,Cc1ccc(cc1)C=O,train,MORSE,5,224,2.9790813894520287e-16,0.0,14.853476899629259
245,CCOP(=O)(OCC)O/C(=C/Cl)/c1ccc(cc1Cl)Cl,train,MORSE,5,224,7.868068529019471,0.0,27.04505924783795
246,CCC(CC)O,train,MORSE,5,224,4.008001751600381,0.0,15.65189681304633
247,c1ccc(cc1)Cn2ccnc2,train,MORSE,5,224,0.005782123238550089,0.0,22.254087719104692
248,COC(=O)C1CCCCC1,train,MORSE,5,224,4.854661591257663,0.0,19.927772135690976
249,CC[C@H](C(C)C)O,train,MORSE,5,224,4.3840566765920395,0.0,16.748019488458166
250,Cc1cccnc1C,train,MORSE,5,224,0.002546560975943386,0.0,15.415651446589923
251,CCCCCCC#C,train,MORSE,5,224,5.276930473669436,0.0,17.612936404787124
252,COc1ccccc1OC,train,MORSE,5,224,4.3996363085267585e-16,0.0,18.321015437289628
253,CC1=CCCCC1,train,MORSE,5,224,0.0037462524009500863,0.0,17.20464920785389
254,C(=C\Cl)\Cl,train,MORSE,5,224,6.189625407131415e-05,0.0,18.51694376568885
255,CC(=C)C=C,train,MORSE,5,224,0.0002269141565794275,0.0,16.79711501773266
256,c1ccc2ccccc2c1,train,MORSE,5,224,0.0004262860229902188,0.0,19.825288708730067
257,Cc1cccc(c1C)Nc2ccccc2C(=O)O,train,MORSE,5,224,6.1404005561459485,0.0,23.854799952862976
258,CCCC=O,train,MORSE,5,224,2.0118031694198515,0.0,15.23094446137151
259,C1CCOC1,train,MORSE,5,224,0.000226914156579483,0.0,17.406078825041075
260,Cc1c(c(=O)n(c(=O)[nH]1)C(C)(C)C)Cl,train,MORSE,5,224,1.3191318200284272,0.0,21.49295129676294
261,c1ccc(cc1)c2cc(c(c(c2Cl)Cl)Cl)Cl,train,MORSE,5,224,0.00522495223477918,0.0,23.956471552707274
262,CCCCCCCCC(=O)C,train,MORSE,5,224,6.491144158587422,0.0,25.581957149351354
263,COc1c(cc(c(c1O)OC)Cl)Cl,train,MORSE,5,224,0.0021960323833619066,0.0,20.437316372141908
264,CC(C)(C)O,train,MORSE,5,224,0.0017489677356052667,0.0,16.455638026559864
265,c1ccc(cc1)[N+](=O)[O-],train,MORSE,5,224,0.0018274653759184467,0.0,16.524191280949406
266,c1ccc(c(c1)O)Cl,train,MORSE,5,224,0.9721009784021523,0.0,16.200290146077286
267,CC1=CC(=O)[C@@H](CC1)C(C)C,train,MORSE,5,224,4.638234472737121,0.0,20.298712344159583
268,C1CCC=CC1,train,MORSE,5,224,1.784610787249238,0.0,16.716399783583444
269,CCCCCCCCCCO,train,MORSE,5,224,6.195115238480291,0.0,29.130449361036653
270,CCOCCOCC,train,MORSE,5,224,3.583979739187695,0.0,17.790895120647747
271,CCCCC/C=C/C=O,train,MORSE,5,224,4.0956118803875174,0.0,18.724239783485274
272,CCCCCC#C,train,MORSE,5,224,3.201300195093153,0.0,16.14724476180072
273,CCC[C@H](CC)O,train,MORSE,5,224,4.018401560675431,0.0,17.86096549316948
274,CSSC,train,MORSE,5,224,6.58329273284599e-16,0.0,18.506361088075636
275,CCCCCCCC=C,train,MORSE,5,224,4.821413866579011,0.0,22.110415565606864
276,COC(C(F)(F)F)(OC)OC,train,MORSE,5,224,6.768006137752993,0.0,24.10666084296549
277,CCCCCCC,train,MORSE,5,224,3.540662711562113,0.0,20.25324632969739
278,Cc1ccc(cc1)C(=O)C,train,MORSE,5,224,0.0004000530302770145,0.0,15.596602519663104
279,CCCC(=O)C,train,MORSE,5,224,2.4170147589411823,0.0,15.605353573404738
280,CCCCc1ccccc1,train,MORSE,5,224,2.8265839599225817,0.0,18.61446481167488
281,c1c(c(=O)[nH]c(=O)[nH]1)I,train,MORSE,5,224,7.596266750600065e-16,0.0,21.08979818918822
282,CCCC(C)(C)C,train,MORSE,5,224,2.692671198291471,0.0,20.649918124449282
283,CCCCCCCCN,train,MORSE,5,224,5.307007911405197,0.0,23.57148701586083
284,C=C(Cl)Cl,train,MORSE,5,224,6.217961372795248e-16,0.0,18.413568819125782
285,c1(c(c(c(c(c1Cl)Cl)Cl)Cl)Cl)c2c(c(c(c(c2Cl)Cl)Cl)Cl)Cl,train,MORSE,5,224,0.0013448547556674688,0.0,50.928322379736294
286,c1ccc2c(c1)Oc3cc(c(cc3O2)Cl)Cl,train,MORSE,5,224,0.001896357684209948,0.0,26.38682617878437
287,c1ccncc1,train,MORSE,5,224,3.808814422638212e-16,0.0,16.19673620857072
288,c1cc(cc(c1)O)[N+](=O)[O-],train,MORSE,5,224,1.1568972246610436,0.0,17.83212100017498
289,CN1CCCCC1,train,MORSE,5,224,4.764355793123144,0.0,17.00196930632614
290,CC(C)C(=O)C(C)C,train,MORSE,5,224,3.4727229476639327,0.0,19.779641557315085
291,c1cc(c(cc1Cl)Cl)Cl,train,MORSE,5,224,0.0001947267154425114,0.0,18.115502699268518
292,CCCCCCBr,train,MORSE,5,224,5.5042701183657865,0.0,19.292747623393666
293,C=CCO,train,MORSE,5,224,1.0314373908362067,0.0,16.197787127223407
294,c1cc(cc(c1)Cl)O,train,MORSE,5,224,0.288368276038936,0.0,16.405973444165113
295,CCCCS,train,MORSE,5,224,3.5344821783367624,0.0,15.16856247357517
296,CCCCOC(=O)c1ccc(cc1)O,train,MORSE,5,224,4.195399166509101,0.0,18.862519026506614
297,c1(c(c(c(c(c1Cl)Cl)Cl)Cl)Cl)Cl,train,MORSE,5,224,1.5172556853880785e-15,0.0,29.955380203616265
298,CC#N,train,MORSE,5,224,5.766827224849069e-16,0.0,17.518492923396824
299,CCOC(OCC)Oc1ccccc1,train,MORSE,5,224,2.717242207790719,0.0,21.249066581448915
300,c1ccc(c(c1)[N+](=O)[O-])O,train,MORSE,5,224,2.9881262241082474,0.0,18.2062935480602
301,CC(C)(C)Cl,train,MORSE,5,224,0.0008138439487906023,0.0,17.794349369893922
302,Cc1cccc(c1)C,train,MORSE,5,224,0.7270393601673459,0.0,15.778751037296193
303,C=CCCC=C,train,MORSE,5,224,3.299619563183551,0.0,16.203211458230474
304,CCNCC,train,MORSE,5,224,2.910024157433827,0.0,15.043851559660306
305,CC(C)OC,train,MORSE,5,224,0.0003256266545465905,0.0,15.486197796480969
306,c1ccc(cc1)C#N,train,MORSE,5,224,4.482573797611712e-16,0.0,16.306013291082316
307,CC(=O)CO[N+](=O)[O-],train,MORSE,5,224,3.4445152798461076,0.0,16.992095491597574
308,CN,train,MORSE,5,224,4.519379159439983e-16,0.0,17.51435780311972
309,CCCCC=O,train,MORSE,5,224,3.1159902388525427,0.0,15.65779307238311
310,c1ccc(cc1)Cl,train,MORSE,5,224,4.1594313832149686e-16,0.0,15.437366909497568
311,c1ccc2c(c1)Oc3c(cc(c(c3O2)Cl)Cl)Cl,train,MORSE,5,224,0.00154987082209313,0.0,28.190518400846628
312,CCCCNCCCC,train,MORSE,5,224,5.814364965250925,0.0,22.17078673364064
313,Cc1ccc(cc1C)O,train,MORSE,5,224,0.002696411049238608,0.0,15.457313183189136
314,C=O,train,MORSE,5,224,6.368703600839734e-16,0.0,19.13783857236702
315,CCCC(C)(C)O,train,MORSE,5,224,2.9765832227587032,0.0,17.52421211135463
316,CCOC(=O)c1ccc(cc1)O,train,MORSE,5,224,1.9933135349073272,0.0,16.530641469128366
317,CC(C)CO[N+](=O)[O-],train,MORSE,5,224,2.5055308001920826,0.0,15.598342967233148
318,c1cc(ccc1[N+](=O)[O-])O,train,MORSE,5,224,0.19655208680107253,0.0,17.843786546173575
319,C(CO[N+](=O)[O-])O[N+](=O)[O-],train,MORSE,5,224,4.0892966837717,0.0,19.68904418220229
320,CCCO,train,MORSE,5,224,1.4034187748459102,0.0,14.641427645293222
321,CCCCCOC(=O)C,train,MORSE,5,224,4.291739959348377,0.0,17.47543938292091
322,COC(c1ccccc1)(OC)OC,train,MORSE,5,224,4.4355944556694595,0.0,21.379804832780614
323,CCCC[N+](=O)[O-],train,MORSE,5,224,3.1090776091657357,0.0,14.968437464952336
324,CCOC(=O)CCC(=O)OCC,train,MORSE,5,224,6.277605783915604,0.0,18.60134384549049
325,CC(=O)OCCOC(=O)C,train,MORSE,5,224,4.664261615215308,0.0,17.58685633569876
326,c1ccc2c(c1)C(=O)NC2=O,train,MORSE,5,224,0.0021446652789157733,0.0,21.580253563381373
327,c1cc(cc(c1)C(F)(F)F)C(F)(F)F,train,MORSE,5,224,4.755978477471658,0.0,35.45675358386858
328,C[C@H](C(F)(F)F)O,train,MORSE,5,224,1.8528351376759942,0.0,20.265262003169475
329,CC(C)(C)c1ccc(cc1)O,train,MORSE,5,224,0.554047889933569,0.0,17.73984902991482
330,CCCOC,train,MORSE,5,224,1.9626896494770794,0.0,15.193853331919698
331,c1ccc2c(c1)ccc3c2cccc3,train,MORSE,5,224,3.981349639285183e-05,0.0,25.670456207852197
332,c1cc(c(c(c1)Cl)C#N)Cl,train,MORSE,5,224,0.00046213496479303724,0.0,16.982552602318
333,c1ccc2c(c1)C(=O)c3cccc(c3C2=O)NCCO,train,MORSE,5,224,4.935794985130443,0.0,27.77750879833035
334,Cc1cc(cc(c1)C)C,train,MORSE,5,224,1.433246636485316,0.0,17.8466243544527
335,CC(OC)(OC)OC,train,MORSE,5,224,4.816778008750248,0.0,19.414773818373867
336,CN(C)C(=O)c1ccc(cc1)OC,train,MORSE,5,224,0.9747943010994734,0.0,18.69864717749989
337,CF,train,MORSE,5,224,5.067055710283077e-16,0.0,18.176492574567174
338,Cc1ccccc1[N+](=O)[O-],train,MORSE,5,224,1.3497406452885437,0.0,15.560900238415988
339,COCCN,train,MORSE,5,224,1.9358622455782142,0.0,15.9253553502589
340,Cc1cnccn1,train,MORSE,5,224,0.0011686997723756127,0.0,16.39341306340809
341,c1cc(c(c(c1c2cc(c(c(c2Cl)Cl)Cl)Cl)Cl)Cl)Cl,train,MORSE,5,224,0.006861569795791084,0.0,32.244658869035426
342,c1ccc2c(c1)CCC2,train,MORSE,5,224,0.0008972859559574535,0.0,18.744040715993535
343,Cn1cccc1,train,MORSE,5,224,5.624357682132276e-16,0.0,17.094090773619943
344,CC(=O)C1CC1,train,MORSE,5,224,1.849033467831242,0.0,17.63490153409153
345,CCCCI,train,MORSE,5,224,3.777097364426029,0.0,16.388950520685164
346,COS(=O)(=O)OC,train,MORSE,5,224,0.0018082370427934483,0.0,20.008977074005642
347,COCC(OC)(OC)OC,train,MORSE,5,224,4.733566982131543,0.0,23.759505126340816
348,c1cc[nH]c1,train,MORSE,5,224,3.5605384226165824e-16,0.0,18.600805424256123
349,Cc1ccc(c2c1cccc2)C,train,MORSE,5,224,0.002184980021967088,0.0,19.959893446587472
350,CCCCCc1ccccc1,train,MORSE,5,224,3.5812463291423575,0.0,21.602271781576512
351,C=C(c1ccccc1)c2ccccc2,train,MORSE,5,224,0.0030147010779321107,0.0,23.863470724860747
352,c1ccc(cc1)O,train,MORSE,5,224,4.575462653709377e-16,0.0,16.43597529712337
353,COc1ccc(cc1)N,train,MORSE,5,224,7.680578825592922e-05,0.0,16.956938327004874
354,CN(C)CCC=C1c2ccccc2CCc3c1cccc3,train,MORSE,5,224,4.94777818644864,0.0,34.79635425688598
355,CCOCCO,train,MORSE,5,224,3.183314702648605,0.0,15.110268683250423
356,CCCOC(=O)c1ccc(cc1)O,train,MORSE,5,224,2.7643830773376146,0.0,17.445267332214026
357,C(CCl)CCl,train,MORSE,5,224,2.346408688821112,0.0,16.652616235409482
358,c1ccc2c(c1)C(=O)c3ccc(cc3C2=O)N,train,MORSE,5,224,0.0010915962493332112,0.0,25.441724922778235
359,c1cc(cc(c1)Cl)Cl,train,MORSE,5,224,4.1366517324861407e-16,0.0,16.259424973595504
360,CCCCCCCC(=O)OC,train,MORSE,5,224,5.911959642242771,0.0,21.707909632572978
361,CCCCCCCCO,train,MORSE,5,224,6.233475770314199,0.0,22.582392114205827
362,C(C(F)(Cl)Cl)(F)(F)Cl,train,MORSE,5,224,0.0018014190946988038,0.0,24.23290393965586
363,C[C@@H]1CC[C@H](C(=O)C1)C(C)C,train,MORSE,5,224,6.85940876883796,0.0,23.939653802612668
364,[C@@H](C(F)(F)F)(OC(F)F)Cl,train,MORSE,5,224,3.156463627610016,0.0,28.894509549609527
365,c1ccc(cc1)CBr,train,MORSE,5,224,0.0017642453668716377,0.0,17.183967246966784
366,CCCCCN,train,MORSE,5,224,3.951108718975122,0.0,16.785491469872333
367,c1(=O)[nH]c(=O)[nH]c(=O)[nH]1,train,MORSE,5,224,6.181557554763848e-16,0.0,23.29583617415188
368,c1cc(cnc1)Cl,train,MORSE,5,224,0.001810799339754925,0.0,16.126508582595623
369,c1ccc2c(c1)Oc3ccccc3O2,train,MORSE,5,224,1.2902611533826501e-15,0.0,26.60199695130422
370,C1CCC(=O)CC1,train,MORSE,5,224,0.00025566415376026674,0.0,17.66522716138706
371,c1ccnc(c1)Cl,train,MORSE,5,224,3.74575767654754e-16,0.0,15.97196159118748
372,C[C@@H](CCO[N+](=O)[O-])O[N+](=O)[O-],train,MORSE,5,224,4.976535527073514,0.0,18.117677661853204
373,CC(C)CCOC(=O)C,train,MORSE,5,224,2.916802766229436,0.0,17.344294086676797
374,Cc1ccccc1Cl,train,MORSE,5,224,0.00048462194433684935,0.0,14.532784822438995
375,COC=O,train,MORSE,5,224,0.002359952184273888,0.0,17.40866568203285
376,CCC(C)(C)O,train,MORSE,5,224,3.1359971983308657,0.0,16.587226535863973
377,CCC=O,train,MORSE,5,224,1.49164396215165,0.0,15.659519030291701
378,NN,train,MORSE,5,224,5.422114034310894e-16,0.0,19.15258552390006
379,c1cc(c(cc1c2cc(c(c(c2Cl)Cl)Cl)Cl)Cl)Cl,train,MORSE,5,224,1.3078270531414211,0.0,29.27425223991386
380,Cc1ccccc1C=O,train,MORSE,5,224,1.55296014034944,0.0,14.941659136523642
381,CCCCC[N+](=O)[O-],train,MORSE,5,224,4.900167062263401,0.0,15.927147688949539
382,CC(C)SC(C)C,train,MORSE,5,224,4.039445542942132,0.0,19.18148129717589
383,CCc1cccnc1,train,MORSE,5,224,0.0005935382408903764,0.0,15.657246349944474
384,COC(CC#N)(OC)OC,train,MORSE,5,224,0.002090566789143288,0.0,20.713044338247926
385,CN(C)C(=O)c1ccccc1,train,MORSE,5,224,2.1244171994086907,0.0,16.703437204413273
386,C(Cl)(Cl)Cl,train,MORSE,5,224,0.0018700310315315353,0.0,20.95609630863061
387,C[C@@H](c1ccc2cc(ccc2c1)OC)C(=O)O,train,MORSE,5,224,3.3161261955460364,0.0,23.308002535450896
388,CCCC(=C)C,train,MORSE,5,224,2.208547120633987,0.0,16.105040825019387
389,Cc1ccc(cc1)Br,train,MORSE,5,224,2.792908163408122e-16,0.0,16.153363923594853
390,CCCCCCCO,train,MORSE,5,224,4.135403901207263,0.0,19.950363769018917
391,CCSSCC,train,MORSE,5,224,2.5852947372964192,0.0,17.870275939983422
392,CC/C=C\C,train,MORSE,5,224,0.0008586749331322529,0.0,15.465460263701239
393,CSc1ccccc1,train,MORSE,5,224,3.4486110730473784e-16,0.0,15.256734041946396
394,c1ccc(cc1)Oc2ccccc2,train,MORSE,5,224,0.005231030213012085,0.0,23.351773378837887
395,c1c2c(cc(c1Cl)Cl)Oc3c(c(c(c(c3Cl)Cl)Cl)Cl)O2,train,MORSE,5,224,0.004386777644457751,0.0,36.17674299929469
396,CCOP(=S)(OCC)Oc1ccc(cc1)[N+](=O)[O-],train,MORSE,5,224,5.533976975249376,0.0,23.355597188568186
397,c1cc(c(cc1O)Cl)Cl,train,MORSE,5,224,0.28312975262180584,0.0,17.49147880474986
398,c1ccc(cc1)c2cc(ccc2Cl)Cl,train,MORSE,5,224,0.003089839191938905,0.0,20.266593409187788
399,CCCOCCC,train,MORSE,5,224,2.699463846550058,0.0,16.69036751559198
400,CCCCCCCl,train,MORSE,5,224,4.86483704825274,0.0,18.68772456833161
401,COC(OC)OC,train,MORSE,5,224,0.0038228592263945165,0.0,24.338727269601875
402,c1ccc2c(c1)Oc3cccc(c3O2)Cl,train,MORSE,5,224,0.0003542477655348025,0.0,26.53488786366962
403,c1cc(c(cc1Cl)c2cc(c(c(c2)Cl)Cl)Cl)Cl,train,MORSE,5,224,0.0029069345985342694,0.0,26.031719981333598
404,Cc1cccc(c1)O,train,MORSE,5,224,0.0004070666855760225,0.0,15.492085701572272
405,c1cnc[nH]1,train,MORSE,5,224,0.003342836813993575,0.0,18.405475010594564
406,C(Br)Br,train,MORSE,5,224,0.001894090393987369,0.0,19.749868948570484
407,CCC(C)(C)C,train,MORSE,5,224,0.00042628602299030763,0.0,19.864471195039954
408,CCCCCCN,train,MORSE,5,224,6.060947819145867,0.0,17.695723772494333
409,C1[C@H]([C@@H]2[C@H]([C@H]1Cl)[C@]3(C(=C([C@@]2(C3(Cl)Cl)Cl)Cl)Cl)Cl)Cl,train,MORSE,5,224,0.018056234029816143,0.0,34.388445097873074
410,Cc1c(nc(nc1OC(=O)N(C)C)N(C)C)C,validation,MORSE,5,224,0.06742949561169359,0.0,26.550072854125037
411,CCCc1ccc(cc1)O,validation,MORSE,5,224,2.9797142089020356,0.0,16.64129400966025
412,Cc1cccc(n1)C,validation,MORSE,5,224,0.0032094977689295506,0.0,15.486310107437856
413,CC(=O)C,validation,MORSE,5,224,1.6206613852907457,0.0,16.940645265014933
414,Cc1ccc(cc1)C,validation,MORSE,5,224,0.697700826701243,0.0,15.764192255454935
415,c1(c(c(c(c(c1Cl)Cl)Cl)Cl)Cl)N(=O)=O,validation,MORSE,5,224,0.0012075039402388275,0.0,27.418897362668247
416,c1ccc2c(c1)C(=O)c3c(ccc(c3C2=O)O)N,validation,MORSE,5,224,3.257612571917698,0.0,27.57931326060614
417,C1CNC1,validation,MORSE,5,224,0.0036525213166747022,0.0,17.692291882706098
418,C[C@@H](C(F)(F)F)O,validation,MORSE,5,224,2.172461234636876,0.0,20.3078687029474
419,CCCCOCCCC,validation,MORSE,5,224,5.199917162953119,0.0,20.736680015150323
420,CCCCCBr,validation,MORSE,5,224,3.9266202039731923,0.0,16.754565483628202
421,COC(=O)CCl,validation,MORSE,5,224,0.002779302961130046,0.0,16.654586497637275
422,c1ccc(cc1)c2ccccc2,validation,MORSE,5,224,0.0008752573167424107,0.0,21.387937405666225
423,CC(C)C=C,validation,MORSE,5,224,2.424720366843222,0.0,15.123179692478644
424,CCCC[N@](CC)c1c(cc(cc1[N+](=O)[O-])C(F)(F)F)[N+](=O)[O-],validation,MORSE,5,224,9.470261674830795,0.0,34.943670096063556
425,CC[C@H](C)O[N+](=O)[O-],validation,MORSE,5,224,2.9094117613771773,0.0,15.274564109722453
426,CC(C)(/C=N\OC(=O)NC)SC,validation,MORSE,5,224,3.8017758315807773,0.0,19.232234198054236
427,CCSC,validation,MORSE,5,224,1.7942852588352567,0.0,16.77844413574784
428,CCOP(=S)(OCC)SCSCC,validation,MORSE,5,224,6.27655469633272,0.0,22.279243226323047
429,CCCCCCCC,validation,MORSE,5,224,6.528565294249417,0.0,23.799141637462544
430,CCCOC(=O)CC,validation,MORSE,5,224,2.729874107802647,0.0,15.492586749961225
431,C(=C(Cl)Cl)Cl,validation,MORSE,5,224,0.001761495978211558,0.0,19.483683046453738
432,c1ccsc1,validation,MORSE,5,224,4.525744027019902e-16,0.0,17.52902959090523
433,CCC(C)C,validation,MORSE,5,224,2.4622844972034077,0.0,16.40953367332001
434,CCc1cnccn1,validation,MORSE,5,224,0.001708748230124718,0.0,15.52099700815461
435,Cc1cccc2c1cccc2,validation,MORSE,5,224,0.0018822149706854735,0.0,19.12401386376415
436,CC[C@H](C)O,validation,MORSE,5,224,2.5421393051603136,0.0,14.79154525433528
437,C=Cc1ccccc1,validation,MORSE,5,224,3.3272792170382533e-16,0.0,15.496318162542757
438,Cc1cc(cnc1)C,validation,MORSE,5,224,0.7436139286670559,0.0,15.649343316819943
439,CCCCCC(=O)OCC,validation,MORSE,5,224,4.936743038498421,0.0,19.592686931779372
440,CCCI,validation,MORSE,5,224,0.0002788637393773552,0.0,16.56108864895688
441,CCBr,validation,MORSE,5,224,3.7956764469896225e-16,0.0,16.430037263427096
442,c1ccc2c(c1)Oc3c(c(c(c(c3Cl)Cl)Cl)Cl)O2,validation,MORSE,5,224,0.005139521863235814,0.0,30.201953679060228
443,CCSCC,validation,MORSE,5,224,2.7285887676502996,0.0,16.832704613648627
444,CCCC(=O)OC,validation,MORSE,5,224,2.3349434123278012,0.0,15.318831963889492
445,Cc1cccc(c1C)C,validation,MORSE,5,224,0.0018076362767405635,0.0,16.122608524731675
446,COC(=O)c1ccc(cc1)O,validation,MORSE,5,224,0.3250826343049063,0.0,16.958634893376743
447,COC(=O)CC#N,validation,MORSE,5,224,0.0027264408345486347,0.0,17.727930435802286
448,C[C@H]1CCCO1,validation,MORSE,5,224,2.5855690718233797,0.0,16.233057642790637
449,CC(C)Br,validation,MORSE,5,224,4.3511139125378385e-16,0.0,16.396673243195803
450,CCOc1ccccc1,validation,MORSE,5,224,2.6846930822851425,0.0,15.74663682580793
451,CCc1cccc(c1)O,validation,MORSE,5,224,0.5327369482731636,0.0,16.327864368015295
452,CN(C)C,validation,MORSE,5,224,3.6803948212275375e-16,0.0,16.86918505331124
453,c1ccc(cc1)C=O,validation,MORSE,5,224,3.7718170366476504e-16,0.0,15.45035738662234
454,CCCCCCCCCO,validation,MORSE,5,224,7.79587128037425,0.0,26.014479791610988
455,CCC[N@@](CC1CC1)c2c(cc(cc2[N+](=O)[O-])C(F)(F)F)[N+](=O)[O-],validation,MORSE,5,224,9.595764845210189,0.0,36.17721695200592
456,c1cc(cc(c1)O)C#N,validation,MORSE,5,224,0.4663862746529903,0.0,17.312476224878004
457,C(CBr)Br,validation,MORSE,5,224,0.002574535976751995,0.0,20.079432668484692
458,CC(=O)OC,validation,MORSE,5,224,0.001444607819093688,0.0,16.520927493384164
459,c1ccc(cc1)O[C@@H](C(F)F)F,validation,MORSE,5,224,4.916057660003779,0.0,20.276279063074032
460,CNc1ccccc1,validation,MORSE,5,224,3.580428911782433e-16,0.0,15.541221578212689
461,c1ccc(cc1)OC=O,validation,MORSE,5,224,4.050792900924367e-16,0.0,16.751338313266377
462,CCNc1nc(nc(n1)Cl)NCC,validation,MORSE,5,224,3.502551462522017,0.0,17.768518651491846
463,C(C(Cl)(Cl)Cl)(Cl)(Cl)Cl,validation,MORSE,5,224,0.0023197774959882265,0.0,29.796322405354385
464,c1cc(cnc1)C=O,validation,MORSE,5,224,0.6089430768134417,0.0,15.509859088404685
465,COC(=O)c1ccc(cc1)[N+](=O)[O-],validation,MORSE,5,224,1.4670487597677893,0.0,18.734684868274012
466,C(I)I,validation,MORSE,5,224,0.0034192392142718265,0.0,31.97006238442919
467,CCC(=O)Nc1ccc(c(c1)Cl)Cl,validation,MORSE,5,224,2.0758800003613835,0.0,17.70926908989136
468,C1CCCC1,validation,MORSE,5,224,0.7521567456517871,0.0,18.32359750993609
469,C[C@@H](c1ccc(cc1)CC(C)C)C(=O)O,validation,MORSE,5,224,2.3846585544536683,0.0,22.30915326856082
470,CCC(C)(C)CC,validation,MORSE,5,224,3.8482460587238205,0.0,21.415784539738382
471,C1C=CC=CC=C1,validation,MORSE,5,224,0.0018084524492662892,0.0,17.167377432503713
472,C(F)Cl,validation,MORSE,5,224,5.6410529542534805e-16,0.0,18.111597091315843
473,c1ccc-2c(c1)Cc3c2cccc3,validation,MORSE,5,224,0.00035470067079863555,0.0,23.83033109932929
474,CC(=O)c1ccncc1,validation,MORSE,5,224,0.0003547006707986966,0.0,15.393297428307314
475,CCCN(CCC)c1c(cc(cc1[N+](=O)[O-])S(=O)(=O)C)[N+](=O)[O-],validation,MORSE,5,224,10.759067859036858,0.0,30.029358404830848
476,C=C,validation,MORSE,5,224,4.943931472695036e-16,0.0,17.68690288990495
477,CC(C)NC(C)C,validation,MORSE,5,224,0.0022585267731502464,0.0,18.612177809323537
478,Cc1c[nH]cn1,validation,MORSE,5,224,0.006661890870356347,0.0,16.93748242027361
479,c1ccc2c(c1)C(=O)c3c(ccc(c3C2=O)N)N,validation,MORSE,5,224,2.0628094751652557,0.0,27.282832704408264
480,c1ccc(cc1)n2c(=O)c(c(cn2)N)Cl,validation,MORSE,5,224,0.0017233849730798705,0.0,20.96016255820231
481,C([C@@H]1[C@H]([C@@H]([C@H]([C@@H](O1)O)O)O)O)O,validation,MORSE,5,224,7.508343998141729,0.0,21.97276989038777
482,CCCCCCC(=O)C,validation,MORSE,5,224,3.6905121873808566,0.0,19.360466659771667
483,CC(=CCC/C(=C/CO)/C)C,validation,MORSE,5,224,4.351474714713279,0.0,20.227464642346064
484,C/C=C/C=O,validation,MORSE,5,224,0.9301292744438844,0.0,15.81663847892157
485,CN1CCOCC1,validation,MORSE,5,224,3.9049696810576267,0.0,15.715103454914372
486,CCCCCCCCBr,validation,MORSE,5,224,7.171979615941943,0.0,22.49329948876151
487,Cc1cccc(c1)[N+](=O)[O-],validation,MORSE,5,224,0.4853878525086608,0.0,15.906130262047181
488,CC[C@@H](C)C(C)C,validation,MORSE,5,224,4.2419641991600106,0.0,20.527524602850338
489,C=CC=C,validation,MORSE,5,224,5.257099457111006e-16,0.0,17.116052125062275
490,Cc1cccc(c1C)O,validation,MORSE,5,224,2.5422444154319868,0.0,15.089368276335
491,c1ccc(cc1)S,validation,MORSE,5,224,0.0035967060367320196,0.0,15.763486760381088
492,Cc1cccnc1,validation,MORSE,5,224,0.005977480663692866,0.0,15.379739370107707
493,CCCCCCOC(=O)C,validation,MORSE,5,224,4.815843832305063,0.0,19.261106656580544
494,COC(=O)C(F)(F)F,validation,MORSE,5,224,0.0010429240783049278,0.0,24.275664290330095
495,COc1cccc(c1)N,validation,MORSE,5,224,3.5014352384120727e-16,0.0,16.755320393482158
496,C1CCC(CC1)O,validation,MORSE,5,224,4.856004849801217,0.0,17.860175358066588
497,CC(=O)C1CCCCC1,validation,MORSE,5,224,6.939411866170702,0.0,19.97679775429255
498,CCCCCC(=O)C,validation,MORSE,5,224,5.785853730391954,0.0,17.971529418987693
499,CCCN(CCC)C(=O)SCCC,validation,MORSE,5,224,6.5150025661586035,0.0,24.499654892164198
500,CN(C)C=O,validation,MORSE,5,224,4.514682418807902e-16,0.0,16.681178990472457
501,CC(=O)N,validation,MORSE,5,224,0.003771302224469862,0.0,16.9227285591232
502,C[C@@H]1CCCC[C@@H]1C,validation,MORSE,5,224,3.7990148851306307,0.0,22.403919742951125
503,COC,validation,MORSE,5,224,5.121666405488351e-16,0.0,17.968805118367776
504,CCCCC#C,validation,MORSE,5,224,2.5119871865804244,0.0,15.386548997829747
505,c1cc(ccc1C=O)O,validation,MORSE,5,224,0.1970943903679169,0.0,16.30426673068475
506,c1ccc(c(c1)O)F,validation,MORSE,5,224,1.1695543212460433,0.0,17.75364677043566
507,Cc1cccc(c1O)C,validation,MORSE,5,224,0.0024446755047970513,0.0,15.75620975516032
508,Cc1ccc(c(c1)C)O,validation,MORSE,5,224,1.4356278022606357,0.0,15.19695775794785
509,CCCCCCl,validation,MORSE,5,224,3.2309067548679664,0.0,16.412662340116277
510,CCCSCCC,validation,MORSE,5,224,3.175994252451687,0.0,18.342740790546152
511,CCCCCCC=C,validation,MORSE,5,224,4.277490910333245,0.0,19.491088903015154
512,CCCCC(=O)OC,validation,MORSE,5,224,3.075985778709324,0.0,16.103122478635814
513,CC(=CCC[C@](C)(C=C)OC(=O)C)C,test,MORSE,5,224,7.296836613042515,9.127093770445104,23.784453650748357
514,CCCC(=O)CCC,test,MORSE,5,224,1.9533963309535083,5.8301595090207945,19.011622110535235
515,CCC,test,MORSE,5,224,4.0191718189852674e-16,3.7696934089181613,15.172208157159398
516,COC(=O)c1ccccc1,test,MORSE,5,224,2.126363438126899e-16,4.9373634892476215,16.281870873930973
517,CC(OC(=O)C)OC(=O)C,test,MORSE,5,224,3.9794858195138088,5.881466444201506,17.263379169826738
518,Cc1cccs1,test,MORSE,5,224,0.002827800680649533,4.168939230104308,16.39262058716589
519,CC[C@H](C)n1c(=O)c(c([nH]c1=O)C)Br,test,MORSE,5,224,3.0851343127016104,13.376343435739514,19.824018101812086
520,Cc1ccncc1,test,MORSE,5,224,3.6259040540846056e-16,1.2846427977354213,15.404920871783213
521,CS,test,MORSE,5,224,5.403879419618045e-16,2.36557206450989,17.49684931492385
522,C(=C(F)F)(C(F)(F)F)F,test,MORSE,5,224,0.0005792400022540241,15.252208085347357,30.440126957488772
523,C1[C@@H]2[C@H](COS(=O)O1)[C@@]3(C(=C([C@]2(C3(Cl)Cl)Cl)Cl)Cl)Cl,test,MORSE,5,224,8.473027031760893,21.30064463411779,30.659765054944618
524,CCN(CC)c1c(cc(c(c1[N+](=O)[O-])N)C(F)(F)F)[N+](=O)[O-],test,MORSE,5,224,8.057090333798444,18.537069701187725,34.14522348280204
525,CCCCOC[C@H](C)O,test,MORSE,5,224,5.07544797193581,6.109631147559465,18.3453622524913
526,C[C@H](CC(C)C)O,test,MORSE,5,224,2.929895333837195,2.867218568231734,16.967864437491265
527,C1COCCN1,test,MORSE,5,224,4.3260505228621415,4.086128800165789,15.99008348150038
528,CCCCCCCC=O,test,MORSE,5,224,7.315007492450679,4.620242577344209,20.371854798268256
529,COP(=S)(OC)Oc1ccc(cc1)[N+](=O)[O-],test,MORSE,5,224,3.8434444241263153,11.583699747214416,22.06984865778376
530,CC(C)CCC(C)(C)C,test,MORSE,5,224,4.0358648980537195,7.25407979658277,26.560883903306664
531,CC(C)CC(=O)O,test,MORSE,5,224,3.0706916259953183,3.8816235464280524,15.280961057551192
532,CCCCCCO[N+](=O)[O-],test,MORSE,5,224,7.244377729118035,5.612007289282379,17.701783793190522
533,CCc1ccncc1,test,MORSE,5,224,0.0003365378979774292,1.4544940689524806,15.561915313954165
534,COC(CCl)(OC)OC,test,MORSE,5,224,2.959218409200058,5.080421230590455,19.55887985321132
535,CN(C)CCOC(c1ccccc1)c2ccccc2,test,MORSE,5,224,6.285702414549194,14.656039586265148,32.61383005092884
536,C1CNCCN1,test,MORSE,5,224,1.5774813545365804,5.9907765537168105,17.045531777314398
537,C(F)(F)Cl,test,MORSE,5,224,0.0003837576631343937,6.221412046667847,19.54893106354459
538,c1cc(c(cc1c2ccc(cc2F)F)C(=O)O)O,test,MORSE,5,224,4.191724077222014,13.809874450952222,26.99277326235899
539,COc1ccccc1,test,MORSE,5,224,4.1204703816419707e-16,4.205542677934669,15.911434349572593
540,CCC=C,test,MORSE,5,224,0.0027727670212656856,4.021227399012088,15.16628043742662
541,C(C(Cl)Cl)(Cl)Cl,test,MORSE,5,224,2.523149220918766,3.5670069014699792,19.604443859904926
542,COS(=O)(=O)C,test,MORSE,5,224,1.9319521040459156,7.708355434589432,17.948562727417734
543,CC[N+](=O)[O-],test,MORSE,5,224,4.112721694520661e-16,4.7423797488149315,15.934699742647748
544,CCCCO[N+](=O)[O-],test,MORSE,5,224,2.9111510954865505,4.993639542311658,15.52829186457045
545,CCCCCO,test,MORSE,5,224,3.70615091090413,4.1741672908262855,16.17866724414415
546,CC(C)C(=O)C,test,MORSE,5,224,3.6926837600587925,4.4005856861504835,15.890389515683031
547,C=CCC=C,test,MORSE,5,224,0.001078671766141559,4.262695206655603,16.66532605588582
548,CCCC(=O)O,test,MORSE,5,224,2.2392437183864153,3.8586053470854282,15.094004775129301
549,CCCOC(=O)C,test,MORSE,5,224,1.6971232067733468,4.507089307830545,15.215171640087783
550,CCOCC,test,MORSE,5,224,2.6834898326712096,3.453019303146715,15.101574892956464
551,COc1c(ccc(c1C(=O)O)Cl)Cl,test,MORSE,5,224,1.5795335404055442,8.546489824180908,18.57195153826017
552,Cc1cc2ccccc2cc1C,test,MORSE,5,224,0.007738042130023736,5.348799172053109,18.856105537914125
553,CCOC,test,MORSE,5,224,1.349454176017622,4.069591899590776,15.736033010545533
554,c1ccc2cc3ccccc3cc2c1,test,MORSE,5,224,0.0007846932013762853,8.188681743859073,27.450150137559852
555,c1cc(c(c(c1)Cl)Cl)Cl,test,MORSE,5,224,7.244500996671021e-16,3.8127749057808873,18.85292112140901
556,CCCC(=O)OCCC,test,MORSE,5,224,3.2915853968044106,3.0388720951773736,17.137836874068544
557,CCc1cccc2c1cccc2,test,MORSE,5,224,3.868495461909897,6.021965645162721,19.710239818895978
558,Cc1ccccc1,test,MORSE,5,224,2.734501514827791e-16,4.29233230100977,15.326289353625883
559,c1ccc2cc(ccc2c1)O,test,MORSE,5,224,0.37650313110249584,3.6939200731017166,21.243474848274783
560,CC(C)C(C)C,test,MORSE,5,224,4.3560537275429745,4.930977769494086,19.232082565871075
561,CCCCC=C,test,MORSE,5,224,3.0285329738718825,4.509287622857119,15.720936403902277
562,C(F)(F)(F)Br,test,MORSE,5,224,0.00033653789797725156,12.761689340023764,25.866431159106927
563,CC(C)CCO,test,MORSE,5,224,2.3427223407581854,2.0902549387479263,15.489799006074467
564,CCCc1ccccc1,test,MORSE,5,224,2.351534274149705,4.687135421067771,16.37693293197392
565,CCOC(=O)CC(=O)OCC,test,MORSE,5,224,3.6353225093453725,7.791412708321001,17.748294279153058
566,C(C(Cl)(Cl)Cl)Cl,test,MORSE,5,224,0.002510186562673015,5.720806077205811,21.10414939549554
567,c1ccc(cc1)c2ccccc2Cl,test,MORSE,5,224,0.0011366745584536913,4.584001517333876,20.60021959752601
568,Cc1ccccc1C,test,MORSE,5,224,0.003632737771845768,4.555660937978803,15.356545391807618
569,CC(=O)OCC(COC(=O)C)OC(=O)C,test,MORSE,5,224,6.620487506882323,10.28230860200847,22.289259907738263
570,CCOP(=S)(OCC)S[C@@H](CCl)N1C(=O)c2ccccc2C1=O,test,MORSE,5,224,8.717598226591283,18.40968790891551,28.14889750144753
571,CCCCOCCO,test,MORSE,5,224,3.41192709719707,5.166849525627196,16.494434705593434
572,CCCS,test,MORSE,5,224,1.8430682010769721,2.4956983918761013,14.849273336591908
573,CCOCCOC(=O)C,test,MORSE,5,224,4.035861526132458,6.411554559095168,16.39813572353477
574,CCC(=O)O,test,MORSE,5,224,0.0052797296984435456,3.500800277671139,15.843109202104822
575,C1(C(C(C1(F)F)(F)F)(F)F)(F)F,test,MORSE,5,224,0.0039792857126837835,48.26693228259723,55.90666014235223
576,CCCCCCc1ccccc1,test,MORSE,5,224,3.8813782187339165,4.216506109552365,24.177095770147872
577,CCc1ccc(cc1)C,test,MORSE,5,224,0.47816844975073586,4.8301972731328,17.031797733737058
578,CCCCCCCC(=O)C,test,MORSE,5,224,6.01763084642672,5.649615659877288,22.426121790544443
579,C1CCC(C1)O,test,MORSE,5,224,3.2212172459796053,4.398499959551346,17.53109218051493
580,COCOC,test,MORSE,5,224,1.5840233021839822,7.140012274926494,20.8907548334554
581,CCCCCC=O,test,MORSE,5,224,3.7401617170050936,3.470180214162932,17.192594843083796
582,C1=C[C@@H]([C@@H]2[C@H]1[C@@]3(C(=C([C@]2(C3(Cl)Cl)Cl)Cl)Cl)Cl)Cl,test,MORSE,5,224,0.009063777601893992,20.033669825798405,27.59410225629881
583,C(F)(F)(F)F,test,MORSE,5,224,1.0814063568148747e-15,15.093950012676887,34.39743779723388
584,c1cc2cccc3c2c(c1)CC3,test,MORSE,5,224,0.002224363612733504,7.822350309331442,21.62683462750948
585,CCCCCCCN,test,MORSE,5,224,7.118660787622329,4.022011715538179,20.41057335878214
586,C(C(F)(F)F)Cl,test,MORSE,5,224,0.0005157071848267108,7.102414862255805,22.190303067998308
587,CCO,test,MORSE,5,224,0.0005452266193656588,3.8365143193748072,15.492674174278472
588,CC1(Cc2cccc(c2O1)OC(=O)NC)C,test,MORSE,5,224,3.475676278250632,12.156527609106249,21.118244532431238
589,COc1c(c(c(c(c1Cl)C=O)Cl)OC)O,test,MORSE,5,224,1.1383866341436824,6.65403942744523,21.957002284210102
590,CCCCCCCI,test,MORSE,5,224,7.666565271016132,4.699928872835972,21.782116352169297
591,c1ccc(c(c1)C(F)(F)F)C(F)(F)F,test,MORSE,5,224,0.0020410454498574395,20.622828504652734,36.13081481291701
592,CC[C@@H](C)c1cc(cc(c1O)[N+](=O)[O-])[N+](=O)[O-],test,MORSE,5,224,5.987424563190621,12.826458271980705,21.670771833004387
593,C1CCNC1,test,MORSE,5,224,0.002451551523784738,5.438844943982932,17.813779932828584
594,CCCCCCO,test,MORSE,5,224,4.110775280101268,3.955678359303772,17.68697901760066
595,CCCCC(C)C,test,MORSE,5,224,3.3693589826062436,3.942605486923471,20.451393239597188
596,CCCCN,test,MORSE,5,224,2.911271543346218,4.107711170011231,15.271473523255635
597,CC(C)OC=O,test,MORSE,5,224,0.0016270129551771277,4.080190036604877,15.101164320088735
598,CCCCCCCCCC,test,MORSE,5,224,6.576664798055754,4.479655560769265,30.6802274632014
599,CCc1ccccn1,test,MORSE,5,224,0.0008459755688134315,2.615918660767207,15.420738564810515
600,CCCCCC(=O)N,test,MORSE,5,224,3.8244221180004505,4.718025845855657,17.055514652310997
601,Cc1ccc(cc1)C(C)C,test,MORSE,5,224,0.0029253657783488186,5.443200241878177,16.913643670778377
602,COCCO,test,MORSE,5,224,2.201371314546886,4.511457077977266,16.19721767895717
603,CCCC#C,test,MORSE,5,224,1.3731617554899889,3.1778921683658323,15.263368283456002
604,CC(=O)c1ccc(cc1)OC,test,MORSE,5,224,0.0011925032070929716,6.493002728545652,16.47998652722095
605,CCCCCCCCCC(=O)C,test,MORSE,5,224,7.126989558529033,5.448959205454558,28.786179351353404
606,CCCCCCCCC,test,MORSE,5,224,6.8498935759046065,4.409806158367592,26.79741753937616
607,CCCCCC,test,MORSE,5,224,4.471286065130233,3.9769607810572793,19.005534876269024
608,CC=C,test,MORSE,5,224,0.0003414425728935814,3.9867635087647995,15.98570457814383
609,CCN(CC)CC,test,MORSE,5,224,4.9750720362618654,6.066441744120143,17.633225599605503
610,CCOC(=O)c1ccccc1,test,MORSE,5,224,2.027622671392618,5.123950492136057,15.811786365324465
611,C1CC[S+2](C1)([O-])[O-],test,MORSE,5,224,0.0027176140656852543,10.475084692450952,19.96231243234649
612,C[C@@H]1CC[C@H]([C@@H](C1)O)C(C)C,test,MORSE,5,224,7.076413096696485,9.407909159818837,27.790115369888085
613,CC(C)[N+](=O)[O-],test,MORSE,5,224,1.6311960126447898,4.02289915341766,15.02891543688321
614,CC(Cl)Cl,test,MORSE,5,224,0.0008519656818485752,4.0266440751014105,17.59489781306815
615,c1c(=O)[nH]c(=O)[nH]c1Cl,test,MORSE,5,224,0.0010516577205462426,4.560623579849017,18.06391873504968
616,c1ccc(cc1)F,test,MORSE,5,224,0.0020495587459132296,3.944701930016611,16.489570169190955
617,CC(C)CC(C)C,test,MORSE,5,224,4.764820888945712,4.476840906224132,19.930849464542018
618,CCOP(=S)(OCC)SCSc1ccc(cc1)Cl,test,MORSE,5,224,6.945966129786886,12.9970481257124,23.65014684640401
619,CC(C)C(C)C(C)C,test,MORSE,5,224,4.400896998352668,5.8332563166126095,23.89617493921371
620,CCCCCOC(=O)CC,test,MORSE,5,224,5.041074011455637,2.8984557219598246,19.197352147050232
621,Cc1c[nH]c2c1cccc2,test,MORSE,5,224,0.0033162770456897487,8.737655648712373,18.16706650939246
622,COP(=O)(OC)OC,test,MORSE,5,224,3.4306842948390206,8.302966189242731,21.656012495975254
623,c1c(cc(c(c1Cl)Cl)Cl)c2cc(c(c(c2Cl)Cl)Cl)Cl,test,MORSE,5,224,0.004613950661657995,6.02574831409173,33.6143454605305
624,CCOC(=O)C,test,MORSE,5,224,2.100652881800355,3.786597165166339,15.10318636917361
625,CCCCCI,test,MORSE,5,224,4.560593755687852,6.222767224843543,17.875077913459826
626,CCNc1nc(nc(n1)SC)NC(C)C,test,MORSE,5,224,4.564399059889776,8.481984728844184,21.835462217758128
627,CCCCC(=O)CCCC,test,MORSE,5,224,5.576691358658651,5.689329143740008,22.67850794814733
628,CNC,test,MORSE,5,224,0.0006742284919450967,4.845111918510993,16.374291539718303
629,CCCCO,test,MORSE,5,224,2.973471114854236,3.1972377959638716,14.83203609885925
630,CC1CCCC1,test,MORSE,5,224,4.226184033836863,4.5413913326281214,18.89535436882825
631,Cc1cccc(c1N)C,test,MORSE,5,224,0.003815255479857342,6.4899353689798716,16.829501471704823
632,CC(=O)c1ccccc1,test,MORSE,5,224,0.0017310271566448245,4.771124207853131,15.200253766758186
633,C1=CC(=O)C=CC1=O,test,MORSE,5,224,6.42963737076586e-16,11.71743711390486,20.323225733899964
634,CCCCN(CC)C(=O)SCCC,test,MORSE,5,224,7.008228815946922,4.594964509474657,24.499984787676212
635,C[C@@H](c1ccc(c(c1)F)c2ccccc2)C(=O)O,test,MORSE,5,224,2.599717090950384,11.951540149180497,24.36025533011144
636,c1c(cc(c(c1Cl)Cl)Cl)Cl,test,MORSE,5,224,8.218489329303507e-16,2.889480428988189,21.372954449907418
637,CCCC(C)C,test,MORSE,5,224,2.4338127988535905,4.42746620827536,17.9965126005864
638,CC(C)(C)OC,test,MORSE,5,224,0.0012039475787924464,7.719785563791289,17.678358587129757
639,C1CCC(=O)C1,test,MORSE,5,224,5.139116467703881e-16,7.432090964365169,17.662339198237344
640,CCOP(=O)(OCC)OCC,test,MORSE,5,224,3.16240822729966,15.880153535437818,22.98267912805854
641,CC(=O)O,test,MORSE,5,224,0.0007326293832432727,3.6641532324748707,17.03912039295982
0,CCC(=O)N,train,GETAWAY,5,272,4.427998480134936e-16,0.0,17.04976672385788
1,CC(=CCC/C(=C\CO)/C)C,train,GETAWAY,5,272,4.527519556909665,0.0,21.888822826969914
2,Cc1ccccn1,train,GETAWAY,5,272,3.12038131886036e-16,0.0,16.8244500289452
3,c1ccc(cc1)CO,train,GETAWAY,5,272,0.0008548976454077595,0.0,19.347898599390508
4,CC(C)OC(C)C,train,GETAWAY,5,272,1.1062534085537479e-05,0.0,17.59069425653515
5,CC(C)(C)Br,train,GETAWAY,5,272,4.613712248324544e-16,0.0,18.488406788501358
6,C(Br)(Br)Br,train,GETAWAY,5,272,1.5371177104484422e-15,0.0,48.249846239404256
7,CCCCl,train,GETAWAY,5,272,4.850281875385191e-16,0.0,18.571775385330533
8,COP(=O)([C@H](C(Cl)(Cl)Cl)O)OC,train,GETAWAY,5,272,2.516153519659874,0.0,23.714693281051346
9,COc1cc(c(c(c1O)OC)Cl)C=O,train,GETAWAY,5,272,1.536407503062401e-05,0.0,22.404438143656087
10,CC(C)COC=O,train,GETAWAY,5,272,1.7281555003868867,0.0,15.959928399220544
11,CC(C)COC(=O)C,train,GETAWAY,5,272,1.9735384479746423,0.0,16.350509620456176
12,CCC(C)CC,train,GETAWAY,5,272,1.810326392543877,0.0,16.539656392886403
13,C(Cl)Cl,train,GETAWAY,5,272,0.00022615783931912112,0.0,29.62164760996903
14,c1cc(c(c(c1)Cl)c2c(cccc2Cl)Cl)Cl,train,GETAWAY,5,272,1.312414400910595e-15,0.0,27.91529618527377
15,CCOC(C)OCC,train,GETAWAY,5,272,2.7986174633074823,0.0,17.78025657755504
16,c1ccc(cc1)CCl,train,GETAWAY,5,272,4.868117497111685e-16,0.0,19.139566781738438
17,c1cc2ccc3cccc4c3c2c(c1)cc4,train,GETAWAY,5,272,3.7537452981699127e-16,0.0,18.962802863205447
18,CCCCCCCCl,train,GETAWAY,5,272,4.6767913792117355,0.0,17.52378358946432
19,CC(C)O,train,GETAWAY,5,272,0.9574258491193766,0.0,19.00682299221785
20,c1cc(ccc1Br)Br,train,GETAWAY,5,272,5.819783972320624e-16,0.0,28.856564347745337
21,C1CCC(CC1)N,train,GETAWAY,5,272,1.5616127143305,0.0,16.96290204143154
22,CC(=O)C(C)(C)C,train,GETAWAY,5,272,0.34388506817677494,0.0,17.665642566793366
23,CC(C)C,train,GETAWAY,5,272,5.1150525898057e-16,0.0,18.2247868084547
24,CC(C)(C)C(=O)OC,train,GETAWAY,5,272,5.00611260374144e-16,0.0,17.546492967416945
25,c1cc(ccc1O)Cl,train,GETAWAY,5,272,3.5600312836101954e-16,0.0,17.631679293380355
26,C(=C(Cl)Cl)(Cl)Cl,train,GETAWAY,5,272,0.2096838947025562,0.0,26.67566752959687
27,Cc1ccncc1C,train,GETAWAY,5,272,0.0008476341870380414,0.0,17.257962694844764
28,Cc1cc(ccc1Cl)O,train,GETAWAY,5,272,0.47613672002927354,0.0,16.77454235654086
29,c1cc(cc(c1)O)C=O,train,GETAWAY,5,272,0.4301673065419195,0.0,17.507825327780044
30,CN(C)c1ccccc1,train,GETAWAY,5,272,0.0013940448024282474,0.0,15.717049215201314
31,CCCc1ccc(c(c1)OC)O,train,GETAWAY,5,272,1.4983639717553179,0.0,18.117024073973994
32,c1ccc(cc1)CCCO,train,GETAWAY,5,272,1.9858058999526167,0.0,15.843566788540345
33,CC(Cl)(Cl)Cl,train,GETAWAY,5,272,7.514536976383426e-16,0.0,25.476142181561453
34,CCc1ccc(cc1)O,train,GETAWAY,5,272,1.2544714731610451e-05,0.0,15.538879034163955
35,COC(C(Cl)Cl)(F)F,train,GETAWAY,5,272,3.438434655707429,0.0,22.820469903893322
36,COc1ccc(cc1)C(=O)OC,train,GETAWAY,5,272,0.866133388191775,0.0,16.51602432825764
37,C1CCNCC1,train,GETAWAY,5,272,0.6046324685756663,0.0,17.124031296592026
38,C,train,GETAWAY,5,272,0.011732577129914337,0.0,28.580818626062147
39,CC(C)CO,train,GETAWAY,5,272,1.369241097355862,0.0,17.06859179680452
40,Cc1ccccc1O,train,GETAWAY,5,272,1.0121712208567368,0.0,16.694803003631797
41,C(C(Cl)(Cl)Cl)(Cl)Cl,train,GETAWAY,5,272,1.0054454872387961e-15,0.0,33.443946907714704
42,CC#C,train,GETAWAY,5,272,7.693102572500887e-16,0.0,22.307364437777224
43,CC(F)F,train,GETAWAY,5,272,8.929429063711005e-16,0.0,25.64471911848786
44,CN(C)C(=O)Nc1ccccc1,train,GETAWAY,5,272,4.497989870341809e-16,0.0,18.648728070704195
45,c1cc(ccc1N)Cl,train,GETAWAY,5,272,5.693276821307495e-16,0.0,17.33574968734919
46,c1cc(ccc1Cl)Cl,train,GETAWAY,5,272,4.1549795986929824e-16,0.0,19.27303494413091
47,c1cc(ccc1C#N)O,train,GETAWAY,5,272,5.8800745007628485e-16,0.0,18.038838393470474
48,CCCC,train,GETAWAY,5,272,1.5030376477953753,0.0,16.741105602333462
49,CC(C)c1ccccc1,train,GETAWAY,5,272,3.7608308863398225e-16,0.0,15.921566449482494
50,CN(CC(F)(F)F)c1ccccc1,train,GETAWAY,5,272,2.909577307877151,0.0,21.63576461815487
51,c1ccc2cc(ccc2c1)N,train,GETAWAY,5,272,5.3533015581491455e-16,0.0,17.19215938180923
52,COc1ccccc1N,train,GETAWAY,5,272,4.843949344668329e-16,0.0,17.55092475423091
53,C[C@H]1CC[C@@H](O1)C,train,GETAWAY,5,272,2.9620625589104464e-16,0.0,15.813458056719698
54,CCOC(=O)C[C@H](C(=O)OCC)SP(=S)(OC)OC,train,GETAWAY,5,272,6.481799590575135,0.0,33.30758391443269
55,c1c2c(cc(c1Cl)Cl)Oc3cc(c(cc3O2)Cl)Cl,train,GETAWAY,5,272,1.0029522470952708e-15,0.0,24.07072370292051
56,Cc1ccnc(c1)C,train,GETAWAY,5,272,2.583515233846515e-16,0.0,16.39879875309885
57,CC(C)COC(=O)C(C)C,train,GETAWAY,5,272,4.155847694021292,0.0,22.857053623694682
58,CC[C@@H](C)CO,train,GETAWAY,5,272,1.5175442490772506,0.0,16.09030737840955
59,CCCOCCO,train,GETAWAY,5,272,3.069632523923708,0.0,16.338420879416226
60,c1ccc2c(c1)cccc2N,train,GETAWAY,5,272,0.006317725128989839,0.0,18.415731152849755
61,CC(=C)C,train,GETAWAY,5,272,0.3000251141603938,0.0,19.260335105147153
62,CC(C)(C)c1ccccc1,train,GETAWAY,5,272,4.3228042069900607e-16,0.0,16.96810230560406
63,c1ccc(cc1)N,train,GETAWAY,5,272,5.913957033160809e-16,0.0,17.682935730308134
64,C[C@@H](CO[N+](=O)[O-])O[N+](=O)[O-],train,GETAWAY,5,272,5.40798124948473,0.0,30.371372066566416
65,CCN,train,GETAWAY,5,272,0.8246378850842977,0.0,19.339087313078352
66,c1cnccc1C=O,train,GETAWAY,5,272,4.839381060662882e-16,0.0,17.7458263259521
67,CC(C)CC(=O)C,train,GETAWAY,5,272,1.8416490118812303,0.0,15.779965428241491
68,c12c(c(c(c(c1Cl)Cl)Cl)Cl)Oc3c(c(c(c(c3Cl)Cl)Cl)Cl)O2,train,GETAWAY,5,272,0.5895460227868972,0.0,45.136384428556774
69,c1ccc(cc1)Br,train,GETAWAY,5,272,5.847234095653505e-16,0.0,18.958346645150247
70,C[C@@H](c1cccc(c1)C(=O)c2ccccc2)C(=O)O,train,GETAWAY,5,272,5.525455620552677,0.0,24.972482957262194
71,COc1cccc(c1O)OC,train,GETAWAY,5,272,5.292811610791337e-16,0.0,19.29842120346756
72,[C@@H](C(F)(F)F)(F)Br,train,GETAWAY,5,272,6.862492401826677e-16,0.0,37.03212498945802
73,C=CCl,train,GETAWAY,5,272,7.126483889934181e-16,0.0,22.508494260862584
74,CBr,train,GETAWAY,5,272,9.857137804369788e-16,0.0,27.720809600112712
75,CCCCC#N,train,GETAWAY,5,272,2.2994567971887765,0.0,16.407785159389064
76,CC=O,train,GETAWAY,5,272,6.966594189312188e-16,0.0,23.019148371489866
77,CCc1ccccc1C,train,GETAWAY,5,272,4.673977332040397e-16,0.0,16.54936743380915
78,Cc1ccc(cc1)N,train,GETAWAY,5,272,0.00010156910198871014,0.0,16.220520993241802
79,c1ccc2c(c1)cccn2,train,GETAWAY,5,272,4.809909921916592e-16,0.0,17.29247310063429
80,c1cc2c(cc1Cl)Oc3c(c(c(c(c3Cl)Cl)Cl)Cl)O2,train,GETAWAY,5,272,1.1036551007478756e-15,0.0,28.130587977625016
81,COC(=O)C1CC1,train,GETAWAY,5,272,1.0193796871422796,0.0,15.779273731301002
82,CC(=C)C(=C)C,train,GETAWAY,5,272,4.094682389649548e-16,0.0,17.824970138012624
83,Cc1ccc(cc1)O,train,GETAWAY,5,272,4.055136438268764e-16,0.0,16.259953842284265
84,c1c(c(c(c(c1Cl)Cl)Cl)Cl)c2c(cc(c(c2Cl)Cl)Cl)Cl,train,GETAWAY,5,272,0.001453990717669589,0.0,47.53965881010394
85,C1C=CC[C@@H]2[C@@H]1C(=O)N(C2=O)SC(Cl)(Cl)Cl,train,GETAWAY,5,272,0.000329431883902223,0.0,28.559928118280112
86,CN(C)C(=O)c1ccc(cc1)[N+](=O)[O-],train,GETAWAY,5,272,0.37658341526063377,0.0,19.876184927922267
87,CCC#C,train,GETAWAY,5,272,4.460904745719316e-16,0.0,18.451964106630168
88,Cc1ccccc1N,train,GETAWAY,5,272,6.033746305571271e-16,0.0,16.83381462562907
89,CCOC=O,train,GETAWAY,5,272,2.1250681669189735,0.0,17.981056074970184
90,[C@@H](C(F)(F)F)(Cl)Br,train,GETAWAY,5,272,1.1617623272539761e-15,0.0,33.87592775294282
91,CC1=CC(=O)CC(C1)(C)C,train,GETAWAY,5,272,3.9966462786018026e-16,0.0,18.04039952917423
92,COP(=S)(OC)SCn1c(=O)c2ccccc2nn1,train,GETAWAY,5,272,6.040477191422621,0.0,25.803442311683995
93,CN1CCNCC1,train,GETAWAY,5,272,1.6998428112283714,0.0,16.40551595858879
94,C1CCCC(CC1)O,train,GETAWAY,5,272,1.1490342563911746,0.0,17.750330962332285
95,CCCCCC=C,train,GETAWAY,5,272,2.7031138907107533,0.0,15.839343846168031
96,CC1CCC(CC1)C,train,GETAWAY,5,272,1.4903850283035707,0.0,18.13199151087256
97,c1cnccc1C#N,train,GETAWAY,5,272,0.4321311569087463,0.0,18.661023969775947
98,C1COCCO1,train,GETAWAY,5,272,0.5604518028203687,0.0,16.8028262167353
99,CC(C)Cl,train,GETAWAY,5,272,4.239121240924558e-16,0.0,18.548158927695187
100,CC(C)CC(C)(C)C,train,GETAWAY,5,272,1.2128107753544584,0.0,20.61436178706493
101,COc1cccc(c1)O,train,GETAWAY,5,272,1.1702578790507507,0.0,17.367677402755078
102,CCCCCC(=O)OC,train,GETAWAY,5,272,2.724747947893524,0.0,16.107782508849215
103,CCCN,train,GETAWAY,5,272,1.361384039881393,0.0,16.999733371770887
104,c1ccc(c(c1)N)[N+](=O)[O-],train,GETAWAY,5,272,0.35435902578430184,0.0,23.6276318084246
105,c1c(c(=O)[nH]c(=O)[nH]1)Br,train,GETAWAY,5,272,7.394399983849509e-16,0.0,19.99887269682387
106,C(C(Cl)Cl)Cl,train,GETAWAY,5,272,1.530424414093065,0.0,26.893750532427966
107,N,train,GETAWAY,5,272,0.0054329610380413566,0.0,45.21702680126921
108,CCC[C@@H](C)O,train,GETAWAY,5,272,2.5138485148314347,0.0,15.677880479537368
109,c1cc(c(c(c1)Cl)c2c(cc(cc2Cl)Cl)Cl)Cl,train,GETAWAY,5,272,0.0010644895746339006,0.0,31.291931698043314
110,CCCOC=O,train,GETAWAY,5,272,2.552285881761083,0.0,16.00271997565643
111,Cn1cnc2c1c(=O)n(c(=O)n2C)C,train,GETAWAY,5,272,0.156595807809178,0.0,20.253830045184944
112,Cc1cc(cc(c1)O)C,train,GETAWAY,5,272,0.22707746452326744,0.0,17.333721110499226
113,C1[C@H]([C@@H]([C@H]([C@H](O1)O)O)O)O,train,GETAWAY,5,272,2.017178737951096,0.0,18.336534647091135
114,Cc1ccc(cc1)C(=O)N(C)C,train,GETAWAY,5,272,0.6511630587887945,0.0,17.088660780212344
115,CS(=O)C,train,GETAWAY,5,272,4.853259030780851e-16,0.0,20.303119989724646
116,CCC(=O)OCC,train,GETAWAY,5,272,3.0978459642375173,0.0,15.941186236208718
117,C(CO[N+](=O)[O-])O,train,GETAWAY,5,272,2.5431038142777176,0.0,20.989579935069507
118,CCCC(=O)OCC,train,GETAWAY,5,272,3.4159415865547866,0.0,16.305821539060297
119,CCCN(CCC)c1c(cc(cc1[N+](=O)[O-])C(F)(F)F)[N+](=O)[O-],train,GETAWAY,5,272,3.35786984539763,0.0,43.44838818833831
120,CO,train,GETAWAY,5,272,7.57589710697741e-16,0.0,25.776688756439018
121,c1ccc(cc1)CCO,train,GETAWAY,5,272,1.6092506850344719,0.0,15.488906360002913
122,C(CBr)Cl,train,GETAWAY,5,272,9.442506382068645e-16,0.0,24.41828247785288
123,CCCCCCC=O,train,GETAWAY,5,272,4.229844364938277,0.0,16.371302296947437
124,c1ccc2c(c1)cccc2O,train,GETAWAY,5,272,0.5726443788094762,0.0,17.11105546643158
125,c1c(cc(cc1Cl)Cl)Cl,train,GETAWAY,5,272,0.520317921682923,0.0,21.52084152989881
126,CCCCC(=O)OCC,train,GETAWAY,5,272,4.865908337836446,0.0,16.88515300696394
127,c1ccc(c(c1)Cl)Cl,train,GETAWAY,5,272,4.311058334485492e-16,0.0,19.196533444090452
128,COCCOC,train,GETAWAY,5,272,2.1943286397994983,0.0,16.15747083791615
129,CCl,train,GETAWAY,5,272,1.0863746452860992e-15,0.0,27.493479122858687
130,CCCCC(=O)O,train,GETAWAY,5,272,2.697236640066353,0.0,15.800487372231569
131,c1c(c(=O)[nH]c(=O)[nH]1)C(F)(F)F,train,GETAWAY,5,272,1.0297012283647794e-15,0.0,35.27444886417917
132,C(C(CO)O)O,train,GETAWAY,5,272,1.8825049191914631,0.0,17.898806539339727
133,c1ccc(cc1)C(=O)N,train,GETAWAY,5,272,0.00021135720718935713,0.0,17.88104062671245
134,CCI,train,GETAWAY,5,272,5.364054969845775e-05,0.0,26.884272392632404
135,CCCNCCC,train,GETAWAY,5,272,3.38985753269459,0.0,16.570994285646663
136,c1ccc2c(c1)Cc3ccccc3C2,train,GETAWAY,5,272,3.2673644459994813e-16,0.0,17.795981943745034
137,CCC/C=C/C=O,train,GETAWAY,5,272,2.061392783005062,0.0,15.510907816729494
138,Cc1ccc2cc(ccc2c1)C,train,GETAWAY,5,272,0.05698154139170098,0.0,15.867220436881489
139,CCCCOC(=O)C,train,GETAWAY,5,272,3.5509304788463734,0.0,16.19290014058001
140,Cn1ccnc1,train,GETAWAY,5,272,5.640663702192184e-05,0.0,17.87829658203362
141,C(C(F)(F)F)O,train,GETAWAY,5,272,8.748961896052181e-05,0.0,28.337263851728068
142,c1ccc(cc1)c2c(cc(cc2Cl)Cl)Cl,train,GETAWAY,5,272,0.31859349937700154,0.0,22.21210424087845
143,Cc1ccc(c(c1)C)C,train,GETAWAY,5,272,2.7963505682882447e-16,0.0,16.51690710654627
144,C1CCCCC1,train,GETAWAY,5,272,1.5491954294928105,0.0,17.59318614244312
145,CCCCCl,train,GETAWAY,5,272,1.8768692515891452,0.0,16.322449845294223
146,CCCCCC(=O)O,train,GETAWAY,5,272,3.1826826865066797,0.0,15.93148071049334
147,c1c(c(cc(c1Cl)Cl)Cl)Cl,train,GETAWAY,5,272,0.42423002464459203,0.0,22.5521714581029
148,CCCCC(=O)C,train,GETAWAY,5,272,2.2759058799845997,0.0,15.28500471301699
149,COc1ccccc1O,train,GETAWAY,5,272,0.7286619523743367,0.0,17.34372600178808
150,CC(=O)c1cccnc1,train,GETAWAY,5,272,0.9878085441798325,0.0,16.53761917012476
151,CCCl,train,GETAWAY,5,272,7.789786175651656e-05,0.0,21.68082029651905
152,CCC#N,train,GETAWAY,5,272,5.365878555147253e-16,0.0,20.81035561353335
153,CCc1ccccc1,train,GETAWAY,5,272,2.7885915938009413e-16,0.0,15.487239433834272
154,CCCC1CCCC1,train,GETAWAY,5,272,2.4124044662515614,0.0,16.95206287636185
155,C1CCOCC1,train,GETAWAY,5,272,4.23897704418565e-16,0.0,16.869937640723236
156,CCCC/C=C/C,train,GETAWAY,5,272,3.4527329525247534,0.0,16.072411910525595
157,CCCC[C@@H](C)CC,train,GETAWAY,5,272,2.76387064218726,0.0,17.996670138134366
158,CCOP(=S)(OCC)Oc1c(cc(c(n1)Cl)Cl)Cl,train,GETAWAY,5,272,4.464001542130868,0.0,36.73890305142623
159,C[N+](=O)[O-],train,GETAWAY,5,272,5.6087216306889094e-05,0.0,24.433288850520643
160,CCCBr,train,GETAWAY,5,272,4.613875306410976e-16,0.0,19.787843847921597
161,c1ccccc1,train,GETAWAY,5,272,5.057306561942087e-16,0.0,18.769269761821338
162,CC=C(C)C,train,GETAWAY,5,272,0.29573945704126714,0.0,17.43090617771802
163,CNC(=O)Oc1cccc2c1cccc2,train,GETAWAY,5,272,2.1958314252895526,0.0,19.58164914808688
164,C([N+](=O)[O-])(Cl)(Cl)Cl,train,GETAWAY,5,272,1.4964863311549082e-15,0.0,32.25219665479755
165,CCCCCCI,train,GETAWAY,5,272,5.581812108922115,0.0,21.87407762348392
166,CCOP(=S)(OCC)Oc1cc(nc(n1)C(C)C)C,train,GETAWAY,5,272,6.270259707753428,0.0,28.26166589859414
167,CC(=O)Oc1ccccc1C(=O)O,train,GETAWAY,5,272,1.4496353556025816,0.0,21.26687906188224
168,CN1CCN(CC1)C,train,GETAWAY,5,272,2.130819919237846,0.0,17.224359179082484
169,c1ccc(c(c1)N)Cl,train,GETAWAY,5,272,5.297698945257553e-16,0.0,17.315876416854277
170,C[C@@H]1CC[C@H](CC1=O)C(=C)C,train,GETAWAY,5,272,1.2813372074331575,0.0,18.492019334706633
171,Cc1cc(c2ccccc2c1)C,train,GETAWAY,5,272,4.891305013403931e-16,0.0,17.79397997748311
172,CC[C@H](C)Cl,train,GETAWAY,5,272,1.5889082171496354,0.0,16.66103065007358
173,c1ccc2c(c1)Oc3ccc(cc3O2)Cl,train,GETAWAY,5,272,0.00020241503936633266,0.0,18.805356523380087
174,C(Cl)(Cl)(Cl)Cl,train,GETAWAY,5,272,0.008885389429194224,0.0,39.25880194188362
175,C[C@@H](CCl)Cl,train,GETAWAY,5,272,2.1119163420487714,0.0,20.19149239143277
176,c1cc(ccc1N)N(=O)=O,train,GETAWAY,5,272,3.986845942881529e-16,0.0,17.47528054890809
177,CCS,train,GETAWAY,5,272,5.600014109419762e-16,0.0,20.21836946232355
178,c1c(c(=O)[nH]c(=O)[nH]1)Cl,train,GETAWAY,5,272,0.4369933921482258,0.0,19.163526350678662
179,CC(=C)[C@H]1CCC(=CC1)C=O,train,GETAWAY,5,272,0.7342274596740684,0.0,18.156246963303545
180,CS(=O)(=O)C,train,GETAWAY,5,272,0.0002103132167091769,0.0,19.91326446793066
181,CSC,train,GETAWAY,5,272,6.441596126102831e-16,0.0,20.496288092731664
182,C=CCCl,train,GETAWAY,5,272,6.562300934618786e-16,0.0,20.554145016033427
183,C([C@H]([C@H]([C@@H]([C@@H](CO)O)O)O)O)O,train,GETAWAY,5,272,2.934473381086954,0.0,22.38274512749592
184,CCCCCCCBr,train,GETAWAY,5,272,5.515595454251221,0.0,19.29972968580538
185,Cc1ccc(c(c1)OC)O,train,GETAWAY,5,272,0.4249100080124214,0.0,19.539565901711462
186,c1ccc(c(c1)C=O)O,train,GETAWAY,5,272,8.856841821002364,0.0,19.73915355520914
187,CCCCC,train,GETAWAY,5,272,1.6329254375217672,0.0,15.77865712796768
188,CCCCCC1CCCC1,train,GETAWAY,5,272,2.484695938084784,0.0,20.869907639673354
189,CCC[C@H](C)CC,train,GETAWAY,5,272,2.048274552199859,0.0,16.558594886934063
190,CC(C)(C)C,train,GETAWAY,5,272,0.036313374156704194,0.0,20.372481008051267
191,CC(C)Cc1ccccc1,train,GETAWAY,5,272,0.0009573025859868106,0.0,16.984751671531836
192,c1c(c(=O)[nH]c(=O)[nH]1)F,train,GETAWAY,5,272,6.629821728808226e-16,0.0,20.737086664420534
193,CC(C)CCOC=O,train,GETAWAY,5,272,2.441345851645793,0.0,16.582668453046093
194,CS(=O)(=O)Cl,train,GETAWAY,5,272,0.0005291792195512456,0.0,25.5030697924805
195,S,train,GETAWAY,5,272,1.3296629982621472e-15,0.0,31.972624913777913
196,CCC(=O)CC,train,GETAWAY,5,272,2.4629200706855308,0.0,15.438057414421026
197,c1cc(cnc1)C#N,train,GETAWAY,5,272,0.43881673036303065,0.0,18.171331803427478
198,c1cc(c(cc1c2c(c(cc(c2Cl)Cl)Cl)Cl)Cl)Cl,train,GETAWAY,5,272,0.4846998579914522,0.0,38.58950001001977
199,c1cc(cc(c1)[N+](=O)[O-])N,train,GETAWAY,5,272,0.177040970255746,0.0,17.59125561427842
200,CCCC#N,train,GETAWAY,5,272,1.5364075030732794e-05,0.0,18.485089017086242
201,Cc1ccc(nc1)C,train,GETAWAY,5,272,2.7592466021372195e-16,0.0,16.891139339554535
202,c1cc2c(cc1Cl)Oc3cc(c(c(c3O2)Cl)Cl)Cl,train,GETAWAY,5,272,5.124573982092092e-16,0.0,25.001727812773858
203,CCCCBr,train,GETAWAY,5,272,2.535548308370442,0.0,17.645355656921254
204,c1ccc(cc1)I,train,GETAWAY,5,272,3.061848787666577e-05,0.0,21.509419708698804
205,CC1CCCCC1,train,GETAWAY,5,272,2.14594263632344,0.0,17.210664862757483
206,CCc1ccccc1O,train,GETAWAY,5,272,0.7648037766961674,0.0,15.793676800352932
207,CC,train,GETAWAY,5,272,6.776354823874903e-16,0.0,21.999343831367696
208,C(CO[N+](=O)[O-])CO[N+](=O)[O-],train,GETAWAY,5,272,5.776236988026943,0.0,29.830063426694824
209,CC(=O)N1CCCC1,train,GETAWAY,5,272,3.039085025061332e-16,0.0,15.402122885224726
210,CCOP(=S)(OCC)SCSP(=S)(OCC)OCC,train,GETAWAY,5,272,11.458847439107814,0.0,38.143245755499294
211,CC[C@H](C)c1ccccc1,train,GETAWAY,5,272,1.0632948208877868,0.0,16.90804374272235
212,CI,train,GETAWAY,5,272,1.1043092142991463e-15,0.0,31.624093156717425
213,CC(C)I,train,GETAWAY,5,272,7.13897199555701e-16,0.0,23.28024396977845
214,CCC[N+](=O)[O-],train,GETAWAY,5,272,1.7627116386457529,0.0,17.73656725660008
215,C(=C/Cl)\Cl,train,GETAWAY,5,272,8.457844400156378e-16,0.0,22.955381631780565
216,CCCC=C,train,GETAWAY,5,272,1.6439930477473383,0.0,15.51444829260046
217,c1cc2c(cc1Cl)Oc3ccc(cc3O2)Cl,train,GETAWAY,5,272,4.646987142379661e-16,0.0,19.442384516910572
218,CCC(=O)OC,train,GETAWAY,5,272,3.259064841836628e-16,0.0,15.747374851003737
219,c1cc(ccc1O)F,train,GETAWAY,5,272,4.653846358749901e-16,0.0,17.915896213410356
220,C(CCCl)CCl,train,GETAWAY,5,272,5.43202116554792,0.0,20.961297958371738
221,CC(C)OC(=O)C,train,GETAWAY,5,272,1.8932365460789294e-05,0.0,15.88821343078234
222,CCNc1nc(nc(n1)SC)NC(C)(C)C,train,GETAWAY,5,272,4.8815492703913,0.0,25.945237982738956
223,c1cc(cc(c1)Cl)N,train,GETAWAY,5,272,4.80740671595891e-16,0.0,17.332948184162664
224,CC(=O)NC,train,GETAWAY,5,272,4.4164323067031545e-16,0.0,17.206962748700448
225,C1CC1,train,GETAWAY,5,272,5.79553433516819e-16,0.0,20.959094026725758
226,C(CCl)Cl,train,GETAWAY,5,272,6.66314490634766e-16,0.0,22.492194441947692
227,C(CCl)OCCCl,train,GETAWAY,5,272,7.884037100119085,0.0,24.033494927551704
228,C1[C@@H]2[C@H]3[C@@H]([C@H]1[C@H]4[C@@H]2O4)[C@@]5(C(=C([C@]3(C5(Cl)Cl)Cl)Cl)Cl)Cl,train,GETAWAY,5,272,0.008063619660416962,0.0,34.99196806807434
229,C1CC=CC1,train,GETAWAY,5,272,4.646987142379661e-16,0.0,18.20588541105627
230,CC(C)C=O,train,GETAWAY,5,272,0.6473888848343898,0.0,18.30671545790288
231,CC(C)CBr,train,GETAWAY,5,272,1.4125440581690452,0.0,19.47088319692216
232,c1cc(c(c(c1Cl)Cl)Cl)Cl,train,GETAWAY,5,272,8.645608413980121e-16,0.0,22.86618965580533
233,Cc1ccc(c(c1)O)C,train,GETAWAY,5,272,0.9862036430618113,0.0,16.6585184032702
234,c1ccc2c(c1)C(=O)c3cccc(c3C2=O)N,train,GETAWAY,5,272,0.004806862041485762,0.0,22.31711149736077
235,CC(C)Cc1cnccn1,train,GETAWAY,5,272,1.2571186575905935,0.0,16.306710670406925
236,c1cc(ccc1O)Br,train,GETAWAY,5,272,5.407998697460588e-16,0.0,18.23317885737328
237,CCCCCCCCC=O,train,GETAWAY,5,272,4.768572440757608,0.0,18.958793974839526
238,C(CO)O,train,GETAWAY,5,272,0.9187056531041257,0.0,20.545950417749694
239,CC1=CC[C@H](C[C@@H]1O)C(=C)C,train,GETAWAY,5,272,2.3121876422950383,0.0,18.939024510205805
240,CC(=C)c1ccccc1,train,GETAWAY,5,272,0.0011836224604748777,0.0,15.848235831757792
241,CCc1cccc(c1N(COC)C(=O)CCl)CC,train,GETAWAY,5,272,4.06585419013183,0.0,37.54859225389971
242,c1ccc(c(c1)O)I,train,GETAWAY,5,272,1.3292550298033292,0.0,20.65292552336182
243,c1ccc(cc1)C(F)(F)F,train,GETAWAY,5,272,0.000959766008936571,0.0,24.95127759267357
244,Cc1ccc(cc1)C=O,train,GETAWAY,5,272,8.133622735929657e-05,0.0,16.45413273283352
245,CCOP(=O)(OCC)O/C(=C/Cl)/c1ccc(cc1Cl)Cl,train,GETAWAY,5,272,5.9145473888184545,0.0,35.14754742032823
246,CCC(CC)O,train,GETAWAY,5,272,2.390317928356531,0.0,15.837028893010723
247,c1ccc(cc1)Cn2ccnc2,train,GETAWAY,5,272,0.0010079667047873607,0.0,17.64182508450065
248,COC(=O)C1CCCCC1,train,GETAWAY,5,272,2.0457034844656934,0.0,16.42790688890429
249,CC[C@H](C(C)C)O,train,GETAWAY,5,272,2.1402748638292404,0.0,16.52463182602421
250,Cc1cccnc1C,train,GETAWAY,5,272,4.2311608973536564e-16,0.0,17.219480392815044
251,CCCCCCC#C,train,GETAWAY,5,272,3.868087995446334,0.0,16.15637584753481
252,COc1ccccc1OC,train,GETAWAY,5,272,4.3490045369113263e-16,0.0,19.359388234151133
253,CC1=CCCCC1,train,GETAWAY,5,272,3.2487068343022356e-16,0.0,15.88908239321505
254,C(=C\Cl)\Cl,train,GETAWAY,5,272,8.192896228953141e-16,0.0,24.89298532236768
255,CC(=C)C=C,train,GETAWAY,5,272,4.2016134225722743e-16,0.0,17.911652133345484
256,c1ccc2ccccc2c1,train,GETAWAY,5,272,0.5609803907549548,0.0,17.579376923942398
257,Cc1cccc(c1C)Nc2ccccc2C(=O)O,train,GETAWAY,5,272,3.2082232565841267,0.0,25.80664766196815
258,CCCC=O,train,GETAWAY,5,272,1.9756568550207387,0.0,16.671680402067732
259,C1CCOC1,train,GETAWAY,5,272,0.000236372780258397,0.0,17.96382386616951
260,Cc1c(c(=O)n(c(=O)[nH]1)C(C)(C)C)Cl,train,GETAWAY,5,272,0.5840528396324268,0.0,21.3524994723236
261,c1ccc(cc1)c2cc(c(c(c2Cl)Cl)Cl)Cl,train,GETAWAY,5,272,7.524781748661201e-16,0.0,26.4223585759889
262,CCCCCCCCC(=O)C,train,GETAWAY,5,272,4.51753470118873,0.0,19.894879732059323
263,COc1c(cc(c(c1O)OC)Cl)Cl,train,GETAWAY,5,272,0.023193921751940978,0.0,20.50248351489179
264,CC(C)(C)O,train,GETAWAY,5,272,6.178343750371536e-16,0.0,19.33824362976293
265,c1ccc(cc1)[N+](=O)[O-],train,GETAWAY,5,272,5.056354419118636e-16,0.0,17.525549601203792
266,c1ccc(c(c1)O)Cl,train,GETAWAY,5,272,0.5888147541203503,0.0,17.682777446895866
267,CC1=CC(=O)[C@@H](CC1)C(C)C,train,GETAWAY,5,272,2.597268505307746,0.0,18.79258436615035
268,C1CCC=CC1,train,GETAWAY,5,272,1.3386194635553075,0.0,16.814044678645317
269,CCCCCCCCCCO,train,GETAWAY,5,272,4.6552402176875365,0.0,22.22844656453252
270,CCOCCOCC,train,GETAWAY,5,272,3.6565877609974398,0.0,17.449104877186475
271,CCCCC/C=C/C=O,train,GETAWAY,5,272,3.026703022032594,0.0,16.53237698959273
272,CCCCCC#C,train,GETAWAY,5,272,2.495986620640982,0.0,15.509420903488223
273,CCC[C@H](CC)O,train,GETAWAY,5,272,2.295949872438241,0.0,15.90848861231234
274,CSSC,train,GETAWAY,5,272,6.777509341922799e-16,0.0,30.867471983497115
275,CCCCCCCC=C,train,GETAWAY,5,272,4.013348229300098,0.0,18.597344626559362
276,COC(C(F)(F)F)(OC)OC,train,GETAWAY,5,272,2.0103057628639105,0.0,23.150053131230585
277,CCCCCCC,train,GETAWAY,5,272,2.6600457884662148,0.0,16.752151284948297
278,Cc1ccc(cc1)C(=O)C,train,GETAWAY,5,272,6.633996634281346e-16,0.0,18.897125112536116
279,CCCC(=O)C,train,GETAWAY,5,272,2.0646656562353147,0.0,15.375369343223777
280,CCCCc1ccccc1,train,GETAWAY,5,272,1.7491935941484271,0.0,16.851474813694843
281,c1c(c(=O)[nH]c(=O)[nH]1)I,train,GETAWAY,5,272,9.202671252727818e-16,0.0,23.125234077200503
282,CCCC(C)(C)C,train,GETAWAY,5,272,1.0210603809981296,0.0,17.74196497226916
283,CCCCCCCCN,train,GETAWAY,5,272,3.121980861067579,0.0,18.581210217968003
284,C=C(Cl)Cl,train,GETAWAY,5,272,8.532300504426548e-16,0.0,23.40654836712876
285,c1(c(c(c(c(c1Cl)Cl)Cl)Cl)Cl)c2c(c(c(c(c2Cl)Cl)Cl)Cl)Cl,train,GETAWAY,5,272,1.6670106492867521e-15,0.0,58.88173445081592
286,c1ccc2c(c1)Oc3cc(c(cc3O2)Cl)Cl,train,GETAWAY,5,272,5.474365135874719e-16,0.0,19.70439569824546
287,c1ccncc1,train,GETAWAY,5,272,4.344434768182728e-16,0.0,18.43148772770651
288,c1cc(cc(c1)O)[N+](=O)[O-],train,GETAWAY,5,272,0.43559390838268586,0.0,18.195589835695234
289,CN1CCCCC1,train,GETAWAY,5,272,1.1574232471906845,0.0,16.526497096424777
290,CC(C)C(=O)C(C)C,train,GETAWAY,5,272,1.4287306893275498,0.0,17.622492966897212
291,c1cc(c(cc1Cl)Cl)Cl,train,GETAWAY,5,272,0.4284844804791367,0.0,21.21941712165844
292,CCCCCCBr,train,GETAWAY,5,272,4.209891345510375,0.0,17.190142563217886
293,C=CCO,train,GETAWAY,5,272,1.2749286178532413,0.0,20.581741972540392
294,c1cc(cc(c1)Cl)O,train,GETAWAY,5,272,0.24660823435409163,0.0,17.70826697498399
295,CCCCS,train,GETAWAY,5,272,2.6530505500463777,0.0,15.828668508422345
296,CCCCOC(=O)c1ccc(cc1)O,train,GETAWAY,5,272,3.5851985520231437,0.0,18.852269115277622
297,c1(c(c(c(c(c1Cl)Cl)Cl)Cl)Cl)Cl,train,GETAWAY,5,272,0.5106410504642134,0.0,28.811899885923086
298,CC#N,train,GETAWAY,5,272,9.610931668950847e-16,0.0,24.176292995959074
299,CCOC(OCC)Oc1ccccc1,train,GETAWAY,5,272,1.3290417535963313,0.0,24.934511639821135
300,c1ccc(c(c1)[N+](=O)[O-])O,train,GETAWAY,5,272,9.453921206897808,0.0,21.298409478087404
301,CC(C)(C)Cl,train,GETAWAY,5,272,4.5786513703501025e-16,0.0,17.997392248869414
302,Cc1cccc(c1)C,train,GETAWAY,5,272,0.22340308933112446,0.0,16.36727873290698
303,C=CCCC=C,train,GETAWAY,5,272,2.604711322876316,0.0,15.368943800732586
304,CCNCC,train,GETAWAY,5,272,1.4373144091491936,0.0,15.790802212245058
305,CC(C)OC,train,GETAWAY,5,272,3.6116139763912245e-16,0.0,16.49153474255002
306,c1ccc(cc1)C#N,train,GETAWAY,5,272,5.902955828974672e-16,0.0,18.060045901028126
307,CC(=O)CO[N+](=O)[O-],train,GETAWAY,5,272,4.530451017329993,0.0,20.265231378045478
308,CN,train,GETAWAY,5,272,7.952832160537328e-16,0.0,23.146591308765668
309,CCCCC=O,train,GETAWAY,5,272,1.6979480511330602,0.0,15.51260403405785
310,c1ccc(cc1)Cl,train,GETAWAY,5,272,5.485677294651096e-16,0.0,18.251242597873617
311,c1ccc2c(c1)Oc3c(cc(c(c3O2)Cl)Cl)Cl,train,GETAWAY,5,272,0.6004860520757265,0.0,21.57336383061624
312,CCCCNCCCC,train,GETAWAY,5,272,2.868957071330789,0.0,19.472769112946704
313,Cc1ccc(cc1C)O,train,GETAWAY,5,272,4.308998641988879e-16,0.0,16.88756125291537
314,C=O,train,GETAWAY,5,272,9.972713889817398e-16,0.0,26.934450652549316
315,CCCC(C)(C)O,train,GETAWAY,5,272,0.7982580300846003,0.0,16.55851590710281
316,CCOC(=O)c1ccc(cc1)O,train,GETAWAY,5,272,2.257827715247877,0.0,17.148528264698065
317,CC(C)CO[N+](=O)[O-],train,GETAWAY,5,272,1.4507145105170225,0.0,17.642295532741862
318,c1cc(ccc1[N+](=O)[O-])O,train,GETAWAY,5,272,0.15773013865000735,0.0,17.87858075425734
319,C(CO[N+](=O)[O-])O[N+](=O)[O-],train,GETAWAY,5,272,5.542996521352006,0.0,27.30061833972573
320,CCCO,train,GETAWAY,5,272,1.9063832411893327,0.0,17.85203743654895
321,CCCCCOC(=O)C,train,GETAWAY,5,272,3.8906623458186016,0.0,16.82638788132802
322,COC(c1ccccc1)(OC)OC,train,GETAWAY,5,272,0.9802141087153805,0.0,21.863788530450066
323,CCCC[N+](=O)[O-],train,GETAWAY,5,272,2.4802519762503015,0.0,16.30356540322861
324,CCOC(=O)CCC(=O)OCC,train,GETAWAY,5,272,6.3413631498276954,0.0,20.409727760627376
325,CC(=O)OCCOC(=O)C,train,GETAWAY,5,272,5.598258544229931,0.0,20.377644222465328
326,c1ccc2c(c1)C(=O)NC2=O,train,GETAWAY,5,272,0.5208669500292485,0.0,17.536923752221277
327,c1cc(cc(c1)C(F)(F)F)C(F)(F)F,train,GETAWAY,5,272,1.1682874845128912,0.0,42.585744172205985
328,C[C@H](C(F)(F)F)O,train,GETAWAY,5,272,0.8764509956154118,0.0,24.04456403990335
329,CC(C)(C)c1ccc(cc1)O,train,GETAWAY,5,272,0.15142916619287325,0.0,17.344503200865926
330,CCCOC,train,GETAWAY,5,272,1.7934435713882038,0.0,15.75731146609593
331,c1ccc2c(c1)ccc3c2cccc3,train,GETAWAY,5,272,1.1062534085515273e-05,0.0,18.105390200072243
332,c1cc(c(c(c1)Cl)C#N)Cl,train,GETAWAY,5,272,0.4503645390567944,0.0,20.43051112133969
333,c1ccc2c(c1)C(=O)c3cccc(c3C2=O)NCCO,train,GETAWAY,5,272,4.059784191130487,0.0,24.02614592109288
334,Cc1cc(cc(c1)C)C,train,GETAWAY,5,272,0.46588912597678384,0.0,19.23020377036365
335,CC(OC)(OC)OC,train,GETAWAY,5,272,1.2591779020911984,0.0,18.729983217931025
336,CN(C)C(=O)c1ccc(cc1)OC,train,GETAWAY,5,272,0.9876677075476584,0.0,17.83142931957554
337,CF,train,GETAWAY,5,272,1.3718668819004295e-15,0.0,29.44184646179366
338,Cc1ccccc1[N+](=O)[O-],train,GETAWAY,5,272,0.2537187387760083,0.0,19.476068228289318
339,COCCN,train,GETAWAY,5,272,1.4580597651375382,0.0,16.027764697812007
340,Cc1cnccn1,train,GETAWAY,5,272,3.0719915297956e-16,0.0,17.01323770087975
341,c1cc(c(c(c1c2cc(c(c(c2Cl)Cl)Cl)Cl)Cl)Cl)Cl,train,GETAWAY,5,272,0.0003539040969211258,0.0,43.494284605810456
342,c1ccc2c(c1)CCC2,train,GETAWAY,5,272,3.334461622239872e-16,0.0,15.798985020230614
343,Cn1cccc1,train,GETAWAY,5,272,0.0012164685989255238,0.0,17.223049733876707
344,CC(=O)C1CC1,train,GETAWAY,5,272,1.2926584403296968,0.0,16.254505639923426
345,CCCCI,train,GETAWAY,5,272,3.3848112082482213,0.0,21.428059300035347
346,COS(=O)(=O)OC,train,GETAWAY,5,272,1.3548781885693502e-05,0.0,19.97988132538395
347,COCC(OC)(OC)OC,train,GETAWAY,5,272,1.8370062282653055,0.0,20.03415119870177
348,c1cc[nH]c1,train,GETAWAY,5,272,0.4711891908802436,0.0,19.61643455560896
349,Cc1ccc(c2c1cccc2)C,train,GETAWAY,5,272,5.949772775833766e-16,0.0,18.167532973408196
350,CCCCCc1ccccc1,train,GETAWAY,5,272,1.9507102290603342,0.0,18.02602530993667
351,C=C(c1ccccc1)c2ccccc2,train,GETAWAY,5,272,0.0006876106974775989,0.0,19.576553504644114
352,c1ccc(cc1)O,train,GETAWAY,5,272,4.388541835720876e-16,0.0,17.872762447532175
353,COc1ccc(cc1)N,train,GETAWAY,5,272,4.441027621704298e-16,0.0,17.426601487270204
354,CN(C)CCC=C1c2ccccc2CCc3c1cccc3,train,GETAWAY,5,272,3.5311253419199296,0.0,30.176568119719175
355,CCOCCO,train,GETAWAY,5,272,2.9066449399282566,0.0,16.018509613643296
356,CCCOC(=O)c1ccc(cc1)O,train,GETAWAY,5,272,1.5793038645722057,0.0,18.01957339997925
357,C(CCl)CCl,train,GETAWAY,5,272,4.445817973451357,0.0,25.679630148174112
358,c1ccc2c(c1)C(=O)c3ccc(cc3C2=O)N,train,GETAWAY,5,272,0.6655184484037655,0.0,19.363936776419408
359,c1cc(cc(c1)Cl)Cl,train,GETAWAY,5,272,0.4321311569087463,0.0,19.602329587784673
360,CCCCCCCC(=O)OC,train,GETAWAY,5,272,5.007639743938245,0.0,19.446479332749433
361,CCCCCCCCO,train,GETAWAY,5,272,3.2219895904519977,0.0,18.725517103230565
362,C(C(F)(Cl)Cl)(F)(F)Cl,train,GETAWAY,5,272,9.858429439191241e-06,0.0,37.82192662900565
363,C[C@@H]1CC[C@H](C(=O)C1)C(C)C,train,GETAWAY,5,272,2.675448448282186,0.0,20.199051809595606
364,[C@@H](C(F)(F)F)(OC(F)F)Cl,train,GETAWAY,5,272,4.260351322656552,0.0,37.879807102546
365,c1ccc(cc1)CBr,train,GETAWAY,5,272,0.0004324911527025192,0.0,23.34498579634401
366,CCCCCN,train,GETAWAY,5,272,2.6200391304438884,0.0,15.594765713425003
367,c1(=O)[nH]c(=O)[nH]c(=O)[nH]1,train,GETAWAY,5,272,5.411447570143124e-16,0.0,19.616335603415905
368,c1cc(cnc1)Cl,train,GETAWAY,5,272,0.5084079263368191,0.0,18.21819739831039
369,c1ccc2c(c1)Oc3ccccc3O2,train,GETAWAY,5,272,4.373154964984119e-16,0.0,18.121316401192185
370,C1CCC(=O)CC1,train,GETAWAY,5,272,3.687593299867487e-16,0.0,16.823338908981004
371,c1ccnc(c1)Cl,train,GETAWAY,5,272,4.996033727449444e-16,0.0,18.252947069078576
372,C[C@@H](CCO[N+](=O)[O-])O[N+](=O)[O-],train,GETAWAY,5,272,11.227194311924736,0.0,32.100786126475874
373,CC(C)CCOC(=O)C,train,GETAWAY,5,272,2.9105675802447175,0.0,17.767171197558685
374,Cc1ccccc1Cl,train,GETAWAY,5,272,3.642919299551295e-16,0.0,16.96252920493852
375,COC=O,train,GETAWAY,5,272,6.752242613733758e-16,0.0,22.049209691876808
376,CCC(C)(C)O,train,GETAWAY,5,272,1.0338890659514262,0.0,17.222151019121533
377,CCC=O,train,GETAWAY,5,272,1.0304052079866262,0.0,19.066447763021674
378,NN,train,GETAWAY,5,272,8.387742298644238e-16,0.0,26.42353389010092
379,c1cc(c(cc1c2cc(c(c(c2Cl)Cl)Cl)Cl)Cl)Cl,train,GETAWAY,5,272,1.0699123119341205,0.0,39.38929748033273
380,Cc1ccccc1C=O,train,GETAWAY,5,272,0.8059356094194337,0.0,16.97448797447501
381,CCCCC[N+](=O)[O-],train,GETAWAY,5,272,3.8771842462537514,0.0,16.166088944658338
382,CC(C)SC(C)C,train,GETAWAY,5,272,1.8759109977270474,0.0,17.224559506871127
383,CCc1cccnc1,train,GETAWAY,5,272,3.3236142882825676e-16,0.0,15.456391673308632
384,COC(CC#N)(OC)OC,train,GETAWAY,5,272,5.347114523801015e-16,0.0,20.69452086147538
385,CN(C)C(=O)c1ccccc1,train,GETAWAY,5,272,0.2990653732268417,0.0,17.021167520916517
386,C(Cl)(Cl)Cl,train,GETAWAY,5,272,5.640663702202175e-05,0.0,32.532290517694534
387,C[C@@H](c1ccc2cc(ccc2c1)OC)C(=O)O,train,GETAWAY,5,272,2.4251042034755903,0.0,20.652840936980102
388,CCCC(=C)C,train,GETAWAY,5,272,1.59048676588012,0.0,15.573126923932925
389,Cc1ccc(cc1)Br,train,GETAWAY,5,272,4.707657271077461e-16,0.0,17.110942104319808
390,CCCCCCCO,train,GETAWAY,5,272,2.942357296646233,0.0,16.788906084010126
391,CCSSCC,train,GETAWAY,5,272,2.340102377353648,0.0,18.638702546148792
392,CC/C=C\C,train,GETAWAY,5,272,2.986345483819336e-16,0.0,16.160228546588087
393,CSc1ccccc1,train,GETAWAY,5,272,4.0287902358543926e-16,0.0,17.718983447720873
394,c1ccc(cc1)Oc2ccccc2,train,GETAWAY,5,272,4.2932922071504163e-16,0.0,19.406975499613488
395,c1c2c(cc(c1Cl)Cl)Oc3c(c(c(c(c3Cl)Cl)Cl)Cl)O2,train,GETAWAY,5,272,1.4335324896596485e-15,0.0,33.54948744634702
396,CCOP(=S)(OCC)Oc1ccc(cc1)[N+](=O)[O-],train,GETAWAY,5,272,7.878359532035483,0.0,28.516672665184892
397,c1cc(c(cc1O)Cl)Cl,train,GETAWAY,5,272,0.2109201759559258,0.0,18.570295466386966
398,c1ccc(cc1)c2cc(ccc2Cl)Cl,train,GETAWAY,5,272,2.5696884293520597e-05,0.0,21.51060097995635
399,CCCOCCC,train,GETAWAY,5,272,3.252581893343686,0.0,16.923468162786033
400,CCCCCCCl,train,GETAWAY,5,272,3.528138705118552,0.0,16.062804274382792
401,COC(OC)OC,train,GETAWAY,5,272,1.5364075030719194e-05,0.0,18.538481920609573
402,c1ccc2c(c1)Oc3cccc(c3O2)Cl,train,GETAWAY,5,272,5.383347549449778e-16,0.0,18.8891803085791
403,c1cc(c(cc1Cl)c2cc(c(c(c2)Cl)Cl)Cl)Cl,train,GETAWAY,5,272,0.00012417830617593396,0.0,37.63581164911821
404,Cc1cccc(c1)O,train,GETAWAY,5,272,0.006622829120413909,0.0,16.381290083653347
405,c1cnc[nH]1,train,GETAWAY,5,272,0.43545920484193135,0.0,19.587336251414712
406,C(Br)Br,train,GETAWAY,5,272,5.748120006147884e-05,0.0,36.105962658100445
407,CCC(C)(C)C,train,GETAWAY,5,272,4.07700614744166e-16,0.0,18.20647804745048
408,CCCCCCN,train,GETAWAY,5,272,3.432041962621885,0.0,16.262271906236172
409,C1[C@H]([C@@H]2[C@H]([C@H]1Cl)[C@]3(C(=C([C@@]2(C3(Cl)Cl)Cl)Cl)Cl)Cl)Cl,train,GETAWAY,5,272,0.0036018748328133687,0.0,46.04626789399632
410,Cc1c(nc(nc1OC(=O)N(C)C)N(C)C)C,validation,GETAWAY,5,272,0.01303210676756073,0.0,29.224999036254587
411,CCCc1ccc(cc1)O,validation,GETAWAY,5,272,1.5566093800210812,0.0,15.801517745395232
412,Cc1cccc(n1)C,validation,GETAWAY,5,272,0.012245453246748556,0.0,16.535522950112867
413,CC(=O)C,validation,GETAWAY,5,272,0.24323669476381826,0.0,18.681018008338782
414,Cc1ccc(cc1)C,validation,GETAWAY,5,272,0.30475423820561215,0.0,16.864583171131738
415,c1(c(c(c(c(c1Cl)Cl)Cl)Cl)Cl)N(=O)=O,validation,GETAWAY,5,272,0.0002588586555366253,0.0,39.95666259659009
416,c1ccc2c(c1)C(=O)c3c(ccc(c3C2=O)O)N,validation,GETAWAY,5,272,2.790710249801465,0.0,22.609102345692236
417,C1CNC1,validation,GETAWAY,5,272,0.0009571792864116359,0.0,18.844813190042395
418,C[C@@H](C(F)(F)F)O,validation,GETAWAY,5,272,1.0022367133360512,0.0,24.03195574498777
419,CCCCOCCCC,validation,GETAWAY,5,272,4.221479391252752,0.0,18.852312747839772
420,CCCCCBr,validation,GETAWAY,5,272,2.9747911548713972,0.0,17.042960742955454
421,COC(=O)CCl,validation,GETAWAY,5,272,6.385950427789467e-16,0.0,19.731929920748275
422,c1ccc(cc1)c2ccccc2,validation,GETAWAY,5,272,5.095836946117502e-16,0.0,17.20800455490611
423,CC(C)C=C,validation,GETAWAY,5,272,1.6248091610142454,0.0,16.228914769864847
424,CCCC[N@](CC)c1c(cc(cc1[N+](=O)[O-])C(F)(F)F)[N+](=O)[O-],validation,GETAWAY,5,272,1.973061278361169,0.0,41.470992628793006
425,CC[C@H](C)O[N+](=O)[O-],validation,GETAWAY,5,272,1.8488599613974295,0.0,17.643823563598097
426,CC(C)(/C=N\OC(=O)NC)SC,validation,GETAWAY,5,272,2.7922001437859345,0.0,19.357794917216086
427,CCSC,validation,GETAWAY,5,272,2.291150878071084,0.0,17.11531068689413
428,CCOP(=S)(OCC)SCSCC,validation,GETAWAY,5,272,5.44517086520951,0.0,23.30016494803295
429,CCCCCCCC,validation,GETAWAY,5,272,3.7741768397109294,0.0,18.119492811193986
430,CCCOC(=O)CC,validation,GETAWAY,5,272,3.4221797635037543,0.0,16.39146855972781
431,C(=C(Cl)Cl)Cl,validation,GETAWAY,5,272,7.328996257944194e-16,0.0,25.392746506017506
432,c1ccsc1,validation,GETAWAY,5,272,6.670118915590201e-16,0.0,20.0086384496087
433,CCC(C)C,validation,GETAWAY,5,272,1.58393046838245,0.0,16.588047026171274
434,CCc1cnccn1,validation,GETAWAY,5,272,1.1062534085537479e-05,0.0,15.726756354547984
435,Cc1cccc2c1cccc2,validation,GETAWAY,5,272,4.4019612280171296e-16,0.0,16.776299584487006
436,CC[C@H](C)O,validation,GETAWAY,5,272,1.4649490279896453,0.0,16.755546509212937
437,C=Cc1ccccc1,validation,GETAWAY,5,272,0.6438841258694685,0.0,17.476281471706784
438,Cc1cc(cnc1)C,validation,GETAWAY,5,272,0.22805121268789774,0.0,16.68786200552797
439,CCCCCC(=O)OCC,validation,GETAWAY,5,272,3.8378050489296087,0.0,17.96364987877877
440,CCCI,validation,GETAWAY,5,272,8.416682065240026e-16,0.0,25.004667909283672
441,CCBr,validation,GETAWAY,5,272,7.524781748661201e-16,0.0,22.41623619006898
442,c1ccc2c(c1)Oc3c(c(c(c(c3Cl)Cl)Cl)Cl)O2,validation,GETAWAY,5,272,9.166433802125783e-16,0.0,23.318110217309982
443,CCSCC,validation,GETAWAY,5,272,2.9738153435119243,0.0,15.912387103872987
444,CCCC(=O)OC,validation,GETAWAY,5,272,2.060361294860988,0.0,15.199389372548598
445,Cc1cccc(c1C)C,validation,GETAWAY,5,272,0.00010098142118731057,0.0,18.75894823649683
446,COC(=O)c1ccc(cc1)O,validation,GETAWAY,5,272,0.306629142183872,0.0,17.320746472472493
447,COC(=O)CC#N,validation,GETAWAY,5,272,6.706361086781931e-16,0.0,21.462149335754205
448,C[C@H]1CCCO1,validation,GETAWAY,5,272,0.9538333815019427,0.0,16.377784379290464
449,CC(C)Br,validation,GETAWAY,5,272,2.0459322373778122e-05,0.0,19.205872513003715
450,CCOc1ccccc1,validation,GETAWAY,5,272,2.8122707504571474,0.0,16.29973961303797
451,CCc1cccc(c1)O,validation,GETAWAY,5,272,0.5471928511183384,0.0,15.800140750452169
452,CN(C)C,validation,GETAWAY,5,272,5.9824574296681e-16,0.0,19.507137747268963
453,c1ccc(cc1)C=O,validation,GETAWAY,5,272,4.726604209672303e-16,0.0,17.361050520902168
454,CCCCCCCCCO,validation,GETAWAY,5,272,4.46747050411401,0.0,19.649382684672666
455,CCC[N@@](CC1CC1)c2c(cc(cc2[N+](=O)[O-])C(F)(F)F)[N+](=O)[O-],validation,GETAWAY,5,272,2.066987485940285,0.0,45.393127305552646
456,c1cc(cc(c1)O)C#N,validation,GETAWAY,5,272,0.46540360653022056,0.0,18.331393880508728
457,C(CBr)Br,validation,GETAWAY,5,272,8.707689814785864e-16,0.0,29.666886106953516
458,CC(=O)OC,validation,GETAWAY,5,272,0.0013210382517545582,0.0,18.100663102905262
459,c1ccc(cc1)O[C@@H](C(F)F)F,validation,GETAWAY,5,272,5.821106245170466,0.0,22.82710281555761
460,CNc1ccccc1,validation,GETAWAY,5,272,5.428769931944591e-16,0.0,16.73319153122145
461,c1ccc(cc1)OC=O,validation,GETAWAY,5,272,0.00020277482858643923,0.0,21.71447510459794
462,CCNc1nc(nc(n1)Cl)NCC,validation,GETAWAY,5,272,3.851320534984905,0.0,18.982738833886973
463,C(C(Cl)(Cl)Cl)(Cl)(Cl)Cl,validation,GETAWAY,5,272,1.0616280909317587e-15,0.0,38.355517975810656
464,c1cc(cnc1)C=O,validation,GETAWAY,5,272,0.274285857783296,0.0,17.46009971215014
465,COC(=O)c1ccc(cc1)[N+](=O)[O-],validation,GETAWAY,5,272,0.13643515178973586,0.0,18.548567315032237
466,C(I)I,validation,GETAWAY,5,272,3.172918782177602e-15,0.0,64.57721839762867
467,CCC(=O)Nc1ccc(c(c1)Cl)Cl,validation,GETAWAY,5,272,2.9410733074086375,0.0,20.780750667672883
468,C1CCCC1,validation,GETAWAY,5,272,0.04286588340317306,0.0,18.500998335947052
469,C[C@@H](c1ccc(cc1)CC(C)C)C(=O)O,validation,GETAWAY,5,272,2.024952531332027,0.0,21.47803362665388
470,CCC(C)(C)CC,validation,GETAWAY,5,272,1.2017934489263686,0.0,18.456625263510904
471,C1C=CC=CC=C1,validation,GETAWAY,5,272,9.463790124891623e-05,0.0,16.40157924293315
472,C(F)Cl,validation,GETAWAY,5,272,1.0235809331991333e-15,0.0,30.394987076639808
473,c1ccc-2c(c1)Cc3c2cccc3,validation,GETAWAY,5,272,4.501206310156442e-16,0.0,16.312587637761574
474,CC(=O)c1ccncc1,validation,GETAWAY,5,272,5.206020470800069e-16,0.0,16.792864383120538
475,CCCN(CCC)c1c(cc(cc1[N+](=O)[O-])S(=O)(=O)C)[N+](=O)[O-],validation,GETAWAY,5,272,4.99555428328877,0.0,44.21458156798876
476,C=C,validation,GETAWAY,5,272,8.972394979902883e-16,0.0,22.998122885255423
477,CC(C)NC(C)C,validation,GETAWAY,5,272,4.85276296505351e-16,0.0,17.413329048130095
478,Cc1c[nH]cn1,validation,GETAWAY,5,272,4.359922683807957e-05,0.0,17.593673590290614
479,c1ccc2c(c1)C(=O)c3c(ccc(c3C2=O)N)N,validation,GETAWAY,5,272,4.146712069319673,0.0,24.201273340381974
480,c1ccc(cc1)n2c(=O)c(c(cn2)N)Cl,validation,GETAWAY,5,272,6.546234359665271e-05,0.0,19.442625937444504
481,C([C@@H]1[C@H]([C@@H]([C@H]([C@@H](O1)O)O)O)O)O,validation,GETAWAY,5,272,2.611993446885602,0.0,19.67999677994466
482,CCCCCCC(=O)C,validation,GETAWAY,5,272,3.187199732646507,0.0,17.536951604080304
483,CC(=CCC/C(=C/CO)/C)C,validation,GETAWAY,5,272,4.000767980604789,0.0,22.29385857084796
484,C/C=C/C=O,validation,GETAWAY,5,272,0.5017691573886618,0.0,18.471034268595535
485,CN1CCOCC1,validation,GETAWAY,5,272,1.6533101399910513,0.0,16.671122339246114
486,CCCCCCCCBr,validation,GETAWAY,5,272,4.9919798061767535,0.0,20.862939176020284
487,Cc1cccc(c1)[N+](=O)[O-],validation,GETAWAY,5,272,0.16746637921054747,0.0,17.14222502255361
488,CC[C@@H](C)C(C)C,validation,GETAWAY,5,272,1.881346457638424,0.0,18.080672260868276
489,C=CC=C,validation,GETAWAY,5,272,4.636095143475979e-16,0.0,19.644662311446474
490,Cc1cccc(c1C)O,validation,GETAWAY,5,272,0.8707861556651998,0.0,17.64178772982281
491,c1ccc(cc1)S,validation,GETAWAY,5,272,3.991525306553e-16,0.0,20.490165255766154
492,Cc1cccnc1,validation,GETAWAY,5,272,0.007140256242729938,0.0,16.568356112092417
493,CCCCCCOC(=O)C,validation,GETAWAY,5,272,4.310448659542611,0.0,17.44294649016536
494,COC(=O)C(F)(F)F,validation,GETAWAY,5,272,0.00032512172951607184,0.0,27.709579989523366
495,COc1cccc(c1)N,validation,GETAWAY,5,272,5.448246990350958e-16,0.0,17.647338385607256
496,C1CCC(CC1)O,validation,GETAWAY,5,272,1.439868430679203,0.0,16.910597271243883
497,CC(=O)C1CCCCC1,validation,GETAWAY,5,272,2.3094252945585967,0.0,16.513964933396256
498,CCCCCC(=O)C,validation,GETAWAY,5,272,4.1329180481577295,0.0,16.123677394771512
499,CCCN(CCC)C(=O)SCCC,validation,GETAWAY,5,272,4.909125334980683,0.0,24.46669144133638
500,CN(C)C=O,validation,GETAWAY,5,272,6.288803275634431e-16,0.0,19.43383250075697
501,CC(=O)N,validation,GETAWAY,5,272,5.097785336199205e-16,0.0,20.292622982105232
502,C[C@@H]1CCCC[C@@H]1C,validation,GETAWAY,5,272,0.37354223928601576,0.0,18.398198782368844
503,COC,validation,GETAWAY,5,272,5.410564701241861e-16,0.0,20.668077530165842
504,CCCCC#C,validation,GETAWAY,5,272,2.3207382885869468,0.0,15.584830352352071
505,c1cc(ccc1C=O)O,validation,GETAWAY,5,272,0.14464482537574944,0.0,17.55450091829087
506,c1ccc(c(c1)O)F,validation,GETAWAY,5,272,0.8431543033626208,0.0,17.911436682139804
507,Cc1cccc(c1O)C,validation,GETAWAY,5,272,3.317995938002869e-16,0.0,16.445817504074338
508,Cc1ccc(c(c1)C)O,validation,GETAWAY,5,272,0.755121244087539,0.0,16.0514983728664
509,CCCCCCl,validation,GETAWAY,5,272,2.4985957890756536,0.0,15.777558207982707
510,CCCSCCC,validation,GETAWAY,5,272,3.7081422294971103,0.0,16.52916477671171
511,CCCCCCC=C,validation,GETAWAY,5,272,2.8362394734082192,0.0,16.571457145265246
512,CCCCC(=O)OC,validation,GETAWAY,5,272,2.846106684317695,0.0,15.729198241600072
513,CC(=CCC[C@](C)(C=C)OC(=O)C)C,test,GETAWAY,5,272,7.139626080838598,8.55565980123504,26.925554158944006
514,CCCC(=O)CCC,test,GETAWAY,5,272,1.321979100203425,4.757484291489633,16.795243072809935
515,CCC,test,GETAWAY,5,272,4.8018950695716145e-16,3.9309603755216838,18.743977336323653
516,COC(=O)c1ccccc1,test,GETAWAY,5,272,4.774398969984807e-16,3.522724861310991,17.52629324169864
517,CC(OC(=O)C)OC(=O)C,test,GETAWAY,5,272,2.790367534501487,9.805162946018035,19.534235658748113
518,Cc1cccs1,test,GETAWAY,5,272,0.007106754104702258,4.005958715406328,17.616219734219726
519,CC[C@H](C)n1c(=O)c(c([nH]c1=O)C)Br,test,GETAWAY,5,272,1.893617554269161,9.080938152514078,21.107158865824797
520,Cc1ccncc1,test,GETAWAY,5,272,4.198460886563572e-16,2.96685812887913,16.949977582061855
521,CS,test,GETAWAY,5,272,1.0768483735027669e-15,8.005010093878768,24.431491367548027
522,C(=C(F)F)(C(F)(F)F)F,test,GETAWAY,5,272,4.2718403010068795e-15,35.34793855961386,57.09662184696471
523,C1[C@@H]2[C@H](COS(=O)O1)[C@@]3(C(=C([C@]2(C3(Cl)Cl)Cl)Cl)Cl)Cl,test,GETAWAY,5,272,3.1526582454840377,17.818514214275577,40.9110713985059
524,CCN(CC)c1c(cc(c(c1[N+](=O)[O-])N)C(F)(F)F)[N+](=O)[O-],test,GETAWAY,5,272,2.1544398820282398,11.853463770644476,40.06815738189288
525,CCCCOC[C@H](C)O,test,GETAWAY,5,272,3.59504740042918,4.462285514252426,18.515624761206617
526,C[C@H](CC(C)C)O,test,GETAWAY,5,272,1.4381940668423494,3.8892895921812882,16.57920280435697
527,C1COCCN1,test,GETAWAY,5,272,0.8268639888711333,2.507334311718472,16.629753149462516
528,CCCCCCCC=O,test,GETAWAY,5,272,4.775187910842773,3.2872047243548863,17.59898007536504
529,COP(=S)(OC)Oc1ccc(cc1)[N+](=O)[O-],test,GETAWAY,5,272,4.744444090256617,10.41936792736082,25.90567663113633
530,CC(C)CCC(C)(C)C,test,GETAWAY,5,272,1.490386030634434,10.328379826092595,23.069640198261304
531,CC(C)CC(=O)O,test,GETAWAY,5,272,1.8748768066001054,5.020796116903901,16.09331919892121
532,CCCCCCO[N+](=O)[O-],test,GETAWAY,5,272,5.235202212126656,5.825804962847141,18.042994477491476
533,CCc1ccncc1,test,GETAWAY,5,272,2.9052863727747857e-16,3.938930711040425,15.764927163496877
534,COC(CCl)(OC)OC,test,GETAWAY,5,272,1.369259345573774,5.840292795554606,19.50229697831457
535,CN(C)CCOC(c1ccccc1)c2ccccc2,test,GETAWAY,5,272,3.107022236412496,5.396212100922408,29.323761426817704
536,C1CNCCN1,test,GETAWAY,5,272,0.7889966894978288,1.7800540849603534,16.86566926430785
537,C(F)(F)Cl,test,GETAWAY,5,272,5.640663702202175e-05,12.903830356806216,37.3851837320435
538,c1cc(c(cc1c2ccc(cc2F)F)C(=O)O)O,test,GETAWAY,5,272,5.117766845356311,12.950104904747127,26.095039952560278
539,COc1ccccc1,test,GETAWAY,5,272,0.000710450553170963,1.804181162550507,17.121774942055776
540,CCC=C,test,GETAWAY,5,272,4.524669635325469e-16,3.7510792029047626,16.94956677752215
541,C(C(Cl)Cl)(Cl)Cl,test,GETAWAY,5,272,1.6849772656520097,6.4382666315595145,29.83364125444572
542,COS(=O)(=O)C,test,GETAWAY,5,272,2.849559053113119,6.956864698677748,18.539375432036355
543,CC[N+](=O)[O-],test,GETAWAY,5,272,7.137622983452079e-16,7.178883288624763,20.593817285311687
544,CCCCO[N+](=O)[O-],test,GETAWAY,5,272,2.571206023758281,4.521519791548593,16.636534646455868
545,CCCCCO,test,GETAWAY,5,272,2.266135304950241,2.7668938224438993,15.601168220647885
546,CC(C)C(=O)C,test,GETAWAY,5,272,1.9854492234510543,3.975883360890028,16.242850893607255
547,C=CCC=C,test,GETAWAY,5,272,0.0012085951664230676,3.6015236499343692,16.0734047151446
548,CCCC(=O)O,test,GETAWAY,5,272,1.964151834198411,5.262513045802092,16.566010919188233
549,CCCOC(=O)C,test,GETAWAY,5,272,2.5605477724265486,3.6044974670042764,15.616019870037803
550,CCOCC,test,GETAWAY,5,272,2.6793337152870844,2.948168646394277,16.247558590155577
551,COc1c(ccc(c1C(=O)O)Cl)Cl,test,GETAWAY,5,272,1.9240317768581303,13.743308046588199,22.776264603688492
552,Cc1cc2ccccc2cc1C,test,GETAWAY,5,272,4.0035674044735114e-16,6.908328731702513,17.610735630950593
553,CCOC,test,GETAWAY,5,272,1.8300247900361704,4.200939404180984,17.255755914532372
554,c1ccc2cc3ccccc3cc2c1,test,GETAWAY,5,272,0.6436383898261072,2.2490434249395346,18.242231550379376
555,c1cc(c(c(c1)Cl)Cl)Cl,test,GETAWAY,5,272,0.4272689216692667,6.07420532612486,20.955681533458367
556,CCCC(=O)OCCC,test,GETAWAY,5,272,4.458834312616742,4.263356761097444,17.3817399961807
557,CCc1cccc2c1cccc2,test,GETAWAY,5,272,2.1470409186236545,5.088716121799231,16.846782864768784
558,Cc1ccccc1,test,GETAWAY,5,272,0.004381502285917764,2.698036642172988,16.31118010794966
559,c1ccc2cc(ccc2c1)O,test,GETAWAY,5,272,0.3439551855377596,2.361614815892179,17.179906501257864
560,CC(C)C(C)C,test,GETAWAY,5,272,1.6830461532077177,3.826605088393266,17.890238084017327
561,CCCCC=C,test,GETAWAY,5,272,2.243421833427814,3.4286703229371147,15.297209744451166
562,C(F)(F)(F)Br,test,GETAWAY,5,272,1.2486924693357873e-15,24.965583051138125,45.6158841014345
563,CC(C)CCO,test,GETAWAY,5,272,1.6338353119281317,2.3517153443626637,15.890389430766648
564,CCCc1ccccc1,test,GETAWAY,5,272,1.2435662959695417,3.801812933689272,16.04321716270359
565,CCOC(=O)CC(=O)OCC,test,GETAWAY,5,272,3.7736005747574985,7.631791752330658,18.000301182474665
566,C(C(Cl)(Cl)Cl)Cl,test,GETAWAY,5,272,1.132379864256258e-15,6.100593963025815,29.276857123254956
567,c1ccc(cc1)c2ccccc2Cl,test,GETAWAY,5,272,4.787836793695988e-16,5.957626900921996,18.896996327258112
568,Cc1ccccc1C,test,GETAWAY,5,272,0.005264438328615926,1.6782921767959849,17.218787093292544
569,CC(=O)OCC(COC(=O)C)OC(=O)C,test,GETAWAY,5,272,8.635847047643303,11.870442377947915,26.61673045542161
570,CCOP(=S)(OCC)S[C@@H](CCl)N1C(=O)c2ccccc2C1=O,test,GETAWAY,5,272,11.11959906118559,12.291996313105539,40.83254179132352
571,CCCCOCCO,test,GETAWAY,5,272,2.6476064103461234,3.6059107898311296,16.78405802436976
572,CCCS,test,GETAWAY,5,272,2.2152712007698625,5.337519327858834,17.260458512647865
573,CCOCCOC(=O)C,test,GETAWAY,5,272,4.380799191260164,4.297084384350598,17.2237104612187
574,CCC(=O)O,test,GETAWAY,5,272,4.279812785314079e-16,4.864577952962308,18.63390750808233
575,C1(C(C(C1(F)F)(F)F)(F)F)(F)F,test,GETAWAY,5,272,0.0003694248242609151,47.46878745307157,60.319432375816
576,CCCCCCc1ccccc1,test,GETAWAY,5,272,2.8325020405261028,3.7591935312810865,19.198044310090417
577,CCc1ccc(cc1)C,test,GETAWAY,5,272,0.879450680755349,4.999548143800515,16.26531856754431
578,CCCCCCCC(=O)C,test,GETAWAY,5,272,4.247343261305055,2.9112404999882706,19.082316976050564
579,C1CCC(C1)O,test,GETAWAY,5,272,1.4655616436384327,5.077823388185845,17.515284794662094
580,COCOC,test,GETAWAY,5,272,2.11110977343771,6.670153283693129,17.98452075947674
581,CCCCCC=O,test,GETAWAY,5,272,2.340592908754787,3.0288166286105898,15.443063744556397
582,C1=C[C@@H]([C@@H]2[C@H]1[C@@]3(C(=C([C@]2(C3(Cl)Cl)Cl)Cl)Cl)Cl)Cl,test,GETAWAY,5,272,1.6532196866504271e-15,13.613820792885612,39.36384941075337
583,C(F)(F)(F)F,test,GETAWAY,5,272,0.009925075863823128,37.035229358331435,55.17572307028468
584,c1cc2cccc3c2c(c1)CC3,test,GETAWAY,5,272,0.0008882826194297556,4.993508470880629,16.31625771338873
585,CCCCCCCN,test,GETAWAY,5,272,5.2100639215260935,2.406827695855024,17.38000818434297
586,C(C(F)(F)F)Cl,test,GETAWAY,5,272,7.958884084524424e-16,12.302028112918899,30.43427049784461
587,CCO,test,GETAWAY,5,272,9.858429439346672e-06,5.6526767264170745,21.307539444284714
588,CC1(Cc2cccc(c2O1)OC(=O)NC)C,test,GETAWAY,5,272,2.1832250043506747,6.536693686944003,20.35560259054479
589,COc1c(c(c(c(c1Cl)C=O)Cl)OC)O,test,GETAWAY,5,272,1.1559164285922308,9.31740223540613,23.415298566992803
590,CCCCCCCI,test,GETAWAY,5,272,7.880220964289265,7.306944643973374,23.480313792715926
591,c1ccc(c(c1)C(F)(F)F)C(F)(F)F,test,GETAWAY,5,272,0.00044068509992028034,47.231079261529665,66.96561160636716
592,CC[C@@H](C)c1cc(cc(c1O)[N+](=O)[O-])[N+](=O)[O-],test,GETAWAY,5,272,2.2156166416085,13.809150724272493,26.738146713810014
593,C1CCNC1,test,GETAWAY,5,272,4.652682298944613e-16,2.3281762443511025,18.121809407302614
594,CCCCCCO,test,GETAWAY,5,272,2.6177719120948106,2.9983097193777386,16.005313407344712
595,CCCCC(C)C,test,GETAWAY,5,272,2.284399066450456,4.309624639101935,16.676862215768963
596,CCCCN,test,GETAWAY,5,272,1.9224715868713556,2.7770963685650183,15.776442084701197
597,CC(C)OC=O,test,GETAWAY,5,272,3.6215468696658736e-16,5.175474666051843,16.73195146825949
598,CCCCCCCCCC,test,GETAWAY,5,272,4.460467198546181,3.62390971437646,21.77273960718878
599,CCc1ccccn1,test,GETAWAY,5,272,3.0572501960674243e-16,1.7647392166369702,15.583681352596859
600,CCCCCC(=O)N,test,GETAWAY,5,272,3.1130991742140837,4.025094906550103,16.04670895410988
601,Cc1ccc(cc1)C(C)C,test,GETAWAY,5,272,3.9099066306150453e-16,5.765973176969939,16.945575976677116
602,COCCO,test,GETAWAY,5,272,1.852375981784635,4.959472331220424,17.17089221213944
603,CCCC#C,test,GETAWAY,5,272,2.108707216862453,4.56545536894938,16.29547662807854
604,CC(=O)c1ccc(cc1)OC,test,GETAWAY,5,272,4.699021772700066e-16,4.024486566285955,16.611173244267622
605,CCCCCCCCCC(=O)C,test,GETAWAY,5,272,6.778386952009,3.688542963702175,22.161162267920115
606,CCCCCCCCC,test,GETAWAY,5,272,3.804009704706763,2.784366374123422,20.222100993192257
607,CCCCCC,test,GETAWAY,5,272,2.285666598256037,2.6866822157624144,16.10757602500087
608,CC=C,test,GETAWAY,5,272,4.511882036597708e-16,4.844330223218274,20.36036511881511
609,CCN(CC)CC,test,GETAWAY,5,272,3.1261932028551853,5.283789198159753,17.667826861951955
610,CCOC(=O)c1ccccc1,test,GETAWAY,5,272,2.106962551752021,3.448422841276304,17.226358249216226
611,C1CC[S+2](C1)([O-])[O-],test,GETAWAY,5,272,5.144851763964835e-16,8.265657014387957,18.862746970011642
612,C[C@@H]1CC[C@H]([C@@H](C1)O)C(C)C,test,GETAWAY,5,272,1.6719124508473862,3.6709346882257416,21.565764674810964
613,CC(C)[N+](=O)[O-],test,GETAWAY,5,272,0.11361603951776766,6.21225977496507,19.848780852595713
614,CC(Cl)Cl,test,GETAWAY,5,272,8.741904837807691e-16,6.9170302876695375,23.196037535947823
615,c1c(=O)[nH]c(=O)[nH]c1Cl,test,GETAWAY,5,272,0.435777833338356,4.452199790693737,19.225759892234898
616,c1ccc(cc1)F,test,GETAWAY,5,272,4.793868778899804e-16,3.8290457314539976,18.00663022633478
617,CC(C)CC(C)C,test,GETAWAY,5,272,1.4906082138656525,2.2399057846077093,17.817917172763863
618,CCOP(=S)(OCC)SCSc1ccc(cc1)Cl,test,GETAWAY,5,272,6.593839458395433,9.923164393966061,30.268239983133487
619,CC(C)C(C)C(C)C,test,GETAWAY,5,272,1.5749741214444954,4.933936038112331,20.169139385853974
620,CCCCCOC(=O)CC,test,GETAWAY,5,272,4.671080720582249,4.253428288619387,19.06226021585664
621,Cc1c[nH]c2c1cccc2,test,GETAWAY,5,272,0.001412033322231994,3.0151951938923283,16.46580035942021
622,COP(=O)(OC)OC,test,GETAWAY,5,272,2.276968875787529,5.172751836514664,18.21896861567663
623,c1c(cc(c(c1Cl)Cl)Cl)c2cc(c(c(c2Cl)Cl)Cl)Cl,test,GETAWAY,5,272,3.939569324512746e-05,8.823984452800543,46.78878386854509
624,CCOC(=O)C,test,GETAWAY,5,272,2.100286966572026,4.309809737658673,16.314011435180685
625,CCCCCI,test,GETAWAY,5,272,4.378941209682117,8.148492006687249,21.480446234516666
626,CCNc1nc(nc(n1)SC)NC(C)C,test,GETAWAY,5,272,3.098269521030623,6.858758604710501,23.084027384780352
627,CCCCC(=O)CCCC,test,GETAWAY,5,272,4.464621698795279,3.230255336405771,19.33665596220307
628,CNC,test,GETAWAY,5,272,4.493168218756026e-16,4.897362663061222,19.406752848616478
629,CCCCO,test,GETAWAY,5,272,2.543000805132308,4.328390989570409,16.077043166166998
630,CC1CCCC1,test,GETAWAY,5,272,1.6992979809688782,2.147663729876441,17.19285106913535
631,Cc1cccc(c1N)C,test,GETAWAY,5,272,3.99849057487927e-16,2.5785015991428493,16.89203190726273
632,CC(=O)c1ccccc1,test,GETAWAY,5,272,5.838576780651573e-16,2.531059210832158,16.451565527541966
633,C1=CC(=O)C=CC1=O,test,GETAWAY,5,272,4.859765199693922e-16,5.815859417194326,18.809857659458366
634,CCCCN(CC)C(=O)SCCC,test,GETAWAY,5,272,4.830357773212244,4.784973653000253,24.27795789110653
635,C[C@@H](c1ccc(c(c1)F)c2ccccc2)C(=O)O,test,GETAWAY,5,272,1.9413462277159959,7.489679775811641,22.814606272085303
636,c1c(cc(c(c1Cl)Cl)Cl)Cl,test,GETAWAY,5,272,6.639619049990837e-16,3.0636718202040623,23.196921160932888
637,CCCC(C)C,test,GETAWAY,5,272,1.2794658157057053,3.4806358269102615,16.172428576245952
638,CC(C)(C)OC,test,GETAWAY,5,272,4.184676572847768e-16,3.8878369092769014,17.47417714257631
639,C1CCC(=O)C1,test,GETAWAY,5,272,5.319495402426876e-16,4.186534644092533,17.942924059455716
640,CCOP(=O)(OCC)OCC,test,GETAWAY,5,272,2.3780896919810277,7.177465795368766,21.225743870515807
641,CC(=O)O,test,GETAWAY,5,272,7.127835010221216e-16,5.067442822493003,21.786210070697948
0,CCC(=O)N,train,ElectroShape,5,15,0.13875835000235398,0.0,4.402670117518379
1,CC(=CCC/C(=C\CO)/C)C,train,ElectroShape,5,15,0.8101727516363629,0.0,4.205385227077452
2,Cc1ccccn1,train,ElectroShape,5,15,5.180602835014721e-07,0.0,3.8926743150348164
3,c1ccc(cc1)CO,train,ElectroShape,5,15,0.08025389430841638,0.0,3.8486374878587104
4,CC(C)OC(C)C,train,ElectroShape,5,15,1.4745967585107009e-06,0.0,3.9985825783060847
5,CC(C)(C)Br,train,ElectroShape,5,15,6.857751735223391e-07,0.0,5.644468113444813
6,C(Br)(Br)Br,train,ElectroShape,5,15,2.5327173407670183e-07,0.0,5.166019373363319
7,CCCCl,train,ElectroShape,5,15,0.11686543643897497,0.0,4.952548002821042
8,COP(=O)([C@H](C(Cl)(Cl)Cl)O)OC,train,ElectroShape,5,15,0.12555936519667432,0.0,5.550990150058277
9,COc1cc(c(c(c1O)OC)Cl)C=O,train,ElectroShape,5,15,3.936923615755022e-06,0.0,7.256563531086865
10,CC(C)COC=O,train,ElectroShape,5,15,0.061419342976484353,0.0,4.86810248844425
11,CC(C)COC(=O)C,train,ElectroShape,5,15,0.11944760857541392,0.0,4.563748552203305
12,CCC(C)CC,train,ElectroShape,5,15,0.19919558352053549,0.0,5.242050462145746
13,C(Cl)Cl,train,ElectroShape,5,15,7.601242593155645e-07,0.0,4.684622319138282
14,c1cc(c(c(c1)Cl)c2c(cccc2Cl)Cl)Cl,train,ElectroShape,5,15,0.08121074503921742,0.0,4.8465396210871186
15,CCOC(C)OCC,train,ElectroShape,5,15,0.24953523973782402,0.0,3.836229115262361
16,c1ccc(cc1)CCl,train,ElectroShape,5,15,8.973452543877439e-07,0.0,4.7449945419920425
17,c1cc2ccc3cccc4c3c2c(c1)cc4,train,ElectroShape,5,15,0.5696491825774481,0.0,4.89921361064397
18,CCCCCCCCl,train,ElectroShape,5,15,0.7064452415483912,0.0,4.386966785548442
19,CC(C)O,train,ElectroShape,5,15,0.050215355159311366,0.0,4.177778510952101
20,c1cc(ccc1Br)Br,train,ElectroShape,5,15,0.4141761201332057,0.0,4.960716410271013
21,C1CCC(CC1)N,train,ElectroShape,5,15,0.10583371978414438,0.0,3.75723821480306
22,CC(=O)C(C)(C)C,train,ElectroShape,5,15,0.0035811125328666406,0.0,3.859150279808896
23,CC(C)C,train,ElectroShape,5,15,0.08462423769312033,0.0,5.897089224089231
24,CC(C)(C)C(=O)OC,train,ElectroShape,5,15,0.008212817909399196,0.0,4.608409059564512
25,c1cc(ccc1O)Cl,train,ElectroShape,5,15,1.0767480369731986e-07,0.0,5.689876855197753
26,C(=C(Cl)Cl)(Cl)Cl,train,ElectroShape,5,15,7.69067337725466e-07,0.0,5.245685107637361
27,Cc1ccncc1C,train,ElectroShape,5,15,9.876495415362882e-05,0.0,3.925127913750414
28,Cc1cc(ccc1Cl)O,train,ElectroShape,5,15,0.034976171156841686,0.0,5.2452486538349135
29,c1cc(cc(c1)O)C=O,train,ElectroShape,5,15,0.021900345419678207,0.0,5.858887489473866
30,CN(C)c1ccccc1,train,ElectroShape,5,15,0.09265813125269204,0.0,3.75586308656427
31,CCCc1ccc(c(c1)OC)O,train,ElectroShape,5,15,0.09458431159580884,0.0,5.508964306190935
32,c1ccc(cc1)CCCO,train,ElectroShape,5,15,0.6098181808409828,0.0,3.903494464448108
33,CC(Cl)(Cl)Cl,train,ElectroShape,5,15,2.9944781061123713e-07,0.0,4.870978195985291
34,CCc1ccc(cc1)O,train,ElectroShape,5,15,0.021449165635304225,0.0,5.06331871978598
35,COC(C(Cl)Cl)(F)F,train,ElectroShape,5,15,0.1881675559261614,0.0,5.788135329652905
36,COc1ccc(cc1)C(=O)OC,train,ElectroShape,5,15,0.012884798636093823,0.0,5.988339560125162
37,C1CCNCC1,train,ElectroShape,5,15,0.0559615028506848,0.0,3.8346455005486617
38,C,train,ElectroShape,5,15,0.2597395622082245,0.0,6.375034630817067
39,CC(C)CO,train,ElectroShape,5,15,0.10189275064222988,0.0,3.9981757118097256
40,Cc1ccccc1O,train,ElectroShape,5,15,0.03156659632046008,0.0,5.170689095172705
41,C(C(Cl)(Cl)Cl)(Cl)Cl,train,ElectroShape,5,15,0.17614324857830607,0.0,4.846583843618904
42,CC#C,train,ElectroShape,5,15,0.0025115890752351656,0.0,4.71215688880867
43,CC(F)F,train,ElectroShape,5,15,0.31458951951157454,0.0,5.679602838872138
44,CN(C)C(=O)Nc1ccccc1,train,ElectroShape,5,15,0.12294914027596533,0.0,4.249342974374542
45,c1cc(ccc1N)Cl,train,ElectroShape,5,15,2.5527376695485276e-07,0.0,3.9612880206417063
46,c1cc(ccc1Cl)Cl,train,ElectroShape,5,15,0.3523817254906244,0.0,4.8025684873371
47,c1cc(ccc1C#N)O,train,ElectroShape,5,15,2.5815946716029437e-07,0.0,5.685669736269017
48,CCCC,train,ElectroShape,5,15,0.18296555526754626,0.0,5.630926671765905
49,CC(C)c1ccccc1,train,ElectroShape,5,15,0.3910713845777476,0.0,4.928706925144451
50,CN(CC(F)(F)F)c1ccccc1,train,ElectroShape,5,15,0.07170694326508785,0.0,5.48653406919981
51,c1ccc2cc(ccc2c1)N,train,ElectroShape,5,15,8.716259839480433e-07,0.0,3.8314315207805465
52,COc1ccccc1N,train,ElectroShape,5,15,3.0270985852408634e-07,0.0,5.208500308951833
53,C[C@H]1CC[C@@H](O1)C,train,ElectroShape,5,15,1.3778237589766717e-06,0.0,3.997945837986701
54,CCOC(=O)C[C@H](C(=O)OCC)SP(=S)(OC)OC,train,ElectroShape,5,15,0.17175068210771016,0.0,5.5198595446717915
55,c1c2c(cc(c1Cl)Cl)Oc3cc(c(cc3O2)Cl)Cl,train,ElectroShape,5,15,1.8261478929420756e-06,0.0,4.823418644826375
56,Cc1ccnc(c1)C,train,ElectroShape,5,15,0.0039797599896052955,0.0,4.137003445155194
57,CC(C)COC(=O)C(C)C,train,ElectroShape,5,15,0.16435882912337182,0.0,4.3919870761976565
58,CC[C@@H](C)CO,train,ElectroShape,5,15,0.12349874112403918,0.0,3.8977120545494923
59,CCCOCCO,train,ElectroShape,5,15,0.19715228145154678,0.0,4.238080077242813
60,c1ccc2c(c1)cccc2N,train,ElectroShape,5,15,0.005121123355835452,0.0,3.7771414978539957
61,CC(=C)C,train,ElectroShape,5,15,0.011130797755624902,0.0,5.3780009678951854
62,CC(C)(C)c1ccccc1,train,ElectroShape,5,15,4.956491279215667e-06,0.0,4.853875196357836
63,c1ccc(cc1)N,train,ElectroShape,5,15,2.975426877866041e-07,0.0,3.949671739101856
64,C[C@@H](CO[N+](=O)[O-])O[N+](=O)[O-],train,ElectroShape,5,15,0.16974229436000246,0.0,5.078408003210559
65,CCN,train,ElectroShape,5,15,0.06975359503868453,0.0,3.963279493177575
66,c1cnccc1C=O,train,ElectroShape,5,15,9.754490789472164e-07,0.0,3.7304380874968945
67,CC(C)CC(=O)C,train,ElectroShape,5,15,0.06590773280025675,0.0,3.815324920280578
68,c12c(c(c(c(c1Cl)Cl)Cl)Cl)Oc3c(c(c(c(c3Cl)Cl)Cl)Cl)O2,train,ElectroShape,5,15,1.3985183743785394e-06,0.0,5.072537698508242
69,c1ccc(cc1)Br,train,ElectroShape,5,15,0.0290408120904572,0.0,5.152927664423331
70,C[C@@H](c1cccc(c1)C(=O)c2ccccc2)C(=O)O,train,ElectroShape,5,15,0.8777749320380075,0.0,5.386155729258071
71,COc1cccc(c1O)OC,train,ElectroShape,5,15,4.131300441085024e-07,0.0,7.175697026271386
72,[C@@H](C(F)(F)F)(F)Br,train,ElectroShape,5,15,5.409053411577294e-07,0.0,7.951836751525821
73,C=CCl,train,ElectroShape,5,15,7.538196469247241e-06,0.0,5.174368654719647
74,CBr,train,ElectroShape,5,15,2.9460332641469505e-07,0.0,5.525258781896834
75,CCCCC#N,train,ElectroShape,5,15,0.1836310360525667,0.0,4.221498477925732
76,CC=O,train,ElectroShape,5,15,2.7117179460762746e-07,0.0,4.159048152760889
77,CCc1ccccc1C,train,ElectroShape,5,15,0.4235076124350823,0.0,4.992182664347936
78,Cc1ccc(cc1)N,train,ElectroShape,5,15,0.0024660708670783942,0.0,3.842774620209011
79,c1ccc2c(c1)cccn2,train,ElectroShape,5,15,7.744962239207971e-07,0.0,3.830821376142466
80,c1cc2c(cc1Cl)Oc3c(c(c(c(c3Cl)Cl)Cl)Cl)O2,train,ElectroShape,5,15,1.6607132748858282e-06,0.0,4.910936841672198
81,COC(=O)C1CC1,train,ElectroShape,5,15,0.08860216791831055,0.0,5.072057256210695
82,CC(=C)C(=C)C,train,ElectroShape,5,15,0.03798241882002956,0.0,5.287206999120455
83,Cc1ccc(cc1)O,train,ElectroShape,5,15,1.5738912809546238e-07,0.0,5.262372770173091
84,c1c(c(c(c(c1Cl)Cl)Cl)Cl)c2c(cc(c(c2Cl)Cl)Cl)Cl,train,ElectroShape,5,15,0.0976928173225841,0.0,4.603157777299057
85,C1C=CC[C@@H]2[C@@H]1C(=O)N(C2=O)SC(Cl)(Cl)Cl,train,ElectroShape,5,15,8.081550134599785e-06,0.0,4.684881541408067
86,CN(C)C(=O)c1ccc(cc1)[N+](=O)[O-],train,ElectroShape,5,15,0.7596134577923985,0.0,4.201109522644077
87,CCC#C,train,ElectroShape,5,15,3.563783851471087e-07,0.0,4.7356667516986235
88,Cc1ccccc1N,train,ElectroShape,5,15,3.7850285063657075e-07,0.0,3.8249674709143524
89,CCOC=O,train,ElectroShape,5,15,0.06917419975754865,0.0,5.957484240824444
90,[C@@H](C(F)(F)F)(Cl)Br,train,ElectroShape,5,15,8.895583355089164e-08,0.0,7.03729461172647
91,CC1=CC(=O)CC(C1)(C)C,train,ElectroShape,5,15,0.10274108965661928,0.0,3.7885911552026093
92,COP(=S)(OC)SCn1c(=O)c2ccccc2nn1,train,ElectroShape,5,15,0.37863323237756014,0.0,4.461613022319631
93,CN1CCNCC1,train,ElectroShape,5,15,0.07737627304262015,0.0,3.754596209045374
94,C1CCCC(CC1)O,train,ElectroShape,5,15,0.09600156460702591,0.0,3.8545406974134093
95,CCCCCC=C,train,ElectroShape,5,15,0.6938440155449456,0.0,4.612979547793781
96,CC1CCC(CC1)C,train,ElectroShape,5,15,0.1032596625948637,0.0,5.024333339979254
97,c1cnccc1C#N,train,ElectroShape,5,15,0.019947461398134938,0.0,3.7249969088098185
98,C1COCCO1,train,ElectroShape,5,15,0.1320503483938723,0.0,4.498283889063684
99,CC(C)Cl,train,ElectroShape,5,15,0.31372548791067406,0.0,5.1704045780092995
100,CC(C)CC(C)(C)C,train,ElectroShape,5,15,0.11615526788767713,0.0,5.143987584406636
101,COc1cccc(c1)O,train,ElectroShape,5,15,0.07719087792237767,0.0,6.5579359688361
102,CCCCCC(=O)OC,train,ElectroShape,5,15,0.133649755872734,0.0,4.5543961564539535
103,CCCN,train,ElectroShape,5,15,0.10733177780945063,0.0,3.800173231010677
104,c1ccc(c(c1)N)[N+](=O)[O-],train,ElectroShape,5,15,0.06787900886468594,0.0,4.6679367176212265
105,c1c(c(=O)[nH]c(=O)[nH]1)Br,train,ElectroShape,5,15,6.781882278618623e-06,0.0,8.117110297792463
106,C(C(Cl)Cl)Cl,train,ElectroShape,5,15,0.39407035702455784,0.0,4.506068487373746
107,N,train,ElectroShape,5,15,1.398259082227999e-07,0.0,5.622695148260227
108,CCC[C@@H](C)O,train,ElectroShape,5,15,0.1587147997009326,0.0,3.853793450175166
109,c1cc(c(c(c1)Cl)c2c(cc(cc2Cl)Cl)Cl)Cl,train,ElectroShape,5,15,0.10697461678868597,0.0,4.557239930607689
110,CCCOC=O,train,ElectroShape,5,15,0.11845383045176161,0.0,5.27360737057015
111,Cn1cnc2c1c(=O)n(c(=O)n2C)C,train,ElectroShape,5,15,0.02460638055421633,0.0,6.751937400654784
112,Cc1cc(cc(c1)O)C,train,ElectroShape,5,15,0.0016023083039545757,0.0,4.965351231041163
113,C1[C@H]([C@@H]([C@H]([C@H](O1)O)O)O)O,train,ElectroShape,5,15,0.20953924988604006,0.0,6.161372736727617
114,Cc1ccc(cc1)C(=O)N(C)C,train,ElectroShape,5,15,0.007057972388230047,0.0,3.7829514408205087
115,CS(=O)C,train,ElectroShape,5,15,0.020138226765211115,0.0,4.13257772168879
116,CCC(=O)OCC,train,ElectroShape,5,15,0.1446609109860886,0.0,4.784361097049848
117,C(CO[N+](=O)[O-])O,train,ElectroShape,5,15,0.10898900169563695,0.0,5.285413352750954
118,CCCC(=O)OCC,train,ElectroShape,5,15,0.11662224263784338,0.0,4.5855162631564514
119,CCCN(CCC)c1c(cc(cc1[N+](=O)[O-])C(F)(F)F)[N+](=O)[O-],train,ElectroShape,5,15,0.1555956545624003,0.0,5.546717717541458
120,CO,train,ElectroShape,5,15,1.0359209183224666e-07,0.0,5.705613861913845
121,c1ccc(cc1)CCO,train,ElectroShape,5,15,0.20601393311717048,0.0,3.849855924362728
122,C(CBr)Cl,train,ElectroShape,5,15,0.01859156228622777,0.0,4.886493720399104
123,CCCCCCC=O,train,ElectroShape,5,15,0.541046283295307,0.0,3.7721814526770734
124,c1ccc2c(c1)cccc2O,train,ElectroShape,5,15,0.045869843780353865,0.0,4.940224128998979
125,c1c(cc(cc1Cl)Cl)Cl,train,ElectroShape,5,15,0.01879310109558434,0.0,4.690065588879007
126,CCCCC(=O)OCC,train,ElectroShape,5,15,0.14391167810726394,0.0,4.471422498462954
127,c1ccc(c(c1)Cl)Cl,train,ElectroShape,5,15,5.1152042932277085e-05,0.0,4.798507274794181
128,COCCOC,train,ElectroShape,5,15,0.15915292744615073,0.0,4.175663899557501
129,CCl,train,ElectroShape,5,15,4.2749762503803506e-07,0.0,5.056848963742704
130,CCCCC(=O)O,train,ElectroShape,5,15,0.4284902788781595,0.0,5.614753073252019
131,c1c(c(=O)[nH]c(=O)[nH]1)C(F)(F)F,train,ElectroShape,5,15,1.8676975176444455e-06,0.0,7.602845396714392
132,C(C(CO)O)O,train,ElectroShape,5,15,0.20987944477557133,0.0,5.912631050590097
133,c1ccc(cc1)C(=O)N,train,ElectroShape,5,15,0.011465971317726068,0.0,4.056943829673037
134,CCI,train,ElectroShape,5,15,7.971057032903411e-06,0.0,5.443590367863293
135,CCCNCCC,train,ElectroShape,5,15,0.30498069952546325,0.0,3.7831998015776156
136,c1ccc2c(c1)Cc3ccccc3C2,train,ElectroShape,5,15,2.6448606824331635e-06,0.0,4.831209711892557
137,CCC/C=C/C=O,train,ElectroShape,5,15,0.3473567638835479,0.0,3.739845425110788
138,Cc1ccc2cc(ccc2c1)C,train,ElectroShape,5,15,0.05641031837404758,0.0,4.923786359407597
139,CCCCOC(=O)C,train,ElectroShape,5,15,0.13526691541362307,0.0,4.583633018993187
140,Cn1ccnc1,train,ElectroShape,5,15,0.06751670640099773,0.0,3.963048388400683
141,C(C(F)(F)F)O,train,ElectroShape,5,15,0.07807717734193771,0.0,7.71901484042242
142,c1ccc(cc1)c2c(cc(cc2Cl)Cl)Cl,train,ElectroShape,5,15,0.4367100443676202,0.0,4.566356185408989
143,Cc1ccc(c(c1)C)C,train,ElectroShape,5,15,8.451345045995112e-06,0.0,4.998222548425173
144,C1CCCCC1,train,ElectroShape,5,15,0.11322785465076925,0.0,5.669507340730196
145,CCCCCl,train,ElectroShape,5,15,0.3704458192026288,0.0,4.737166230263354
146,CCCCCC(=O)O,train,ElectroShape,5,15,0.1870906501849129,0.0,5.4704433183753425
147,c1c(c(cc(c1Cl)Cl)Cl)Cl,train,ElectroShape,5,15,0.005546012612409905,0.0,4.7168059756307015
148,CCCCC(=O)C,train,ElectroShape,5,15,0.07588641759327515,0.0,3.749528687374978
149,COc1ccccc1O,train,ElectroShape,5,15,0.05160294239195529,0.0,6.559505572823524
150,CC(=O)c1cccnc1,train,ElectroShape,5,15,0.05727445986411917,0.0,3.642844428546703
151,CCCl,train,ElectroShape,5,15,1.0166695050804464e-05,0.0,5.086333808946403
152,CCC#N,train,ElectroShape,5,15,2.050371232784076e-06,0.0,4.391855264368777
153,CCc1ccccc1,train,ElectroShape,5,15,4.516490965506352e-06,0.0,4.9772023885401735
154,CCCC1CCCC1,train,ElectroShape,5,15,0.395068514369967,0.0,4.766189808664573
155,C1CCOCC1,train,ElectroShape,5,15,0.028792678213844857,0.0,4.11211235801188
156,CCCC/C=C/C,train,ElectroShape,5,15,0.548215018448515,0.0,4.705378850723489
157,CCCC[C@@H](C)CC,train,ElectroShape,5,15,0.678472962994105,0.0,4.6379264848730095
158,CCOP(=S)(OCC)Oc1c(cc(c(n1)Cl)Cl)Cl,train,ElectroShape,5,15,0.16930502177613954,0.0,5.128144660612682
159,C[N+](=O)[O-],train,ElectroShape,5,15,0.009561104797502617,0.0,4.713892962906582
160,CCCBr,train,ElectroShape,5,15,0.31710615810008813,0.0,5.315555429635093
161,c1ccccc1,train,ElectroShape,5,15,0.01177492959816397,0.0,5.310428178266702
162,CC=C(C)C,train,ElectroShape,5,15,0.11205011099120883,0.0,5.338353880773129
163,CNC(=O)Oc1cccc2c1cccc2,train,ElectroShape,5,15,0.15049790166823962,0.0,6.218269916605627
164,C([N+](=O)[O-])(Cl)(Cl)Cl,train,ElectroShape,5,15,0.0062329051326881525,0.0,8.07141479514713
165,CCCCCCI,train,ElectroShape,5,15,0.6110707980002417,0.0,4.56210962967974
166,CCOP(=S)(OCC)Oc1cc(nc(n1)C(C)C)C,train,ElectroShape,5,15,0.44744270540394165,0.0,5.179596432321201
167,CC(=O)Oc1ccccc1C(=O)O,train,ElectroShape,5,15,0.19687512585404213,0.0,6.342019426022559
168,CN1CCN(CC1)C,train,ElectroShape,5,15,0.1405748812668811,0.0,3.760196263356869
169,c1ccc(c(c1)N)Cl,train,ElectroShape,5,15,2.7804189991953746e-07,0.0,3.932618526205968
170,C[C@@H]1CC[C@H](CC1=O)C(=C)C,train,ElectroShape,5,15,0.25153859899776604,0.0,3.752619459586421
171,Cc1cc(c2ccccc2c1)C,train,ElectroShape,5,15,0.18896105814018355,0.0,4.934427296492356
172,CC[C@H](C)Cl,train,ElectroShape,5,15,0.22373869501687818,0.0,5.022802871964073
173,c1ccc2c(c1)Oc3ccc(cc3O2)Cl,train,ElectroShape,5,15,1.3478557341909705e-06,0.0,4.743961268163296
174,C(Cl)(Cl)(Cl)Cl,train,ElectroShape,5,15,0.0337496322031336,0.0,5.228514052026052
175,C[C@@H](CCl)Cl,train,ElectroShape,5,15,0.3677392722008961,0.0,4.815789953518615
176,c1cc(ccc1N)N(=O)=O,train,ElectroShape,5,15,7.983454376604095e-07,0.0,4.524731639628582
177,CCS,train,ElectroShape,5,15,0.07473500167832814,0.0,4.41767059151706
178,c1c(c(=O)[nH]c(=O)[nH]1)Cl,train,ElectroShape,5,15,4.564358183674968e-06,0.0,8.152405938724241
179,CC(=C)[C@H]1CCC(=CC1)C=O,train,ElectroShape,5,15,0.4709209656113363,0.0,3.9060924794564733
180,CS(=O)(=O)C,train,ElectroShape,5,15,1.8806127160341572e-07,0.0,3.823604665024767
181,CSC,train,ElectroShape,5,15,4.2571565140545146e-07,0.0,4.659103958341329
182,C=CCCl,train,ElectroShape,5,15,0.0426141086582265,0.0,4.773818438910878
183,C([C@H]([C@H]([C@@H]([C@@H](CO)O)O)O)O)O,train,ElectroShape,5,15,0.1576853743689942,0.0,6.068092020719116
184,CCCCCCCBr,train,ElectroShape,5,15,0.6444075852732353,0.0,4.525630831409734
185,Cc1ccc(c(c1)OC)O,train,ElectroShape,5,15,0.035674477948559796,0.0,6.043159627292195
186,c1ccc(c(c1)C=O)O,train,ElectroShape,5,15,0.07956952770001238,0.0,5.839131098343404
187,CCCCC,train,ElectroShape,5,15,0.21474930340091877,0.0,5.335517225521274
188,CCCCCC1CCCC1,train,ElectroShape,5,15,0.4976266233006628,0.0,4.506686886800339
189,CCC[C@H](C)CC,train,ElectroShape,5,15,0.4288732071028614,0.0,4.884925330298678
190,CC(C)(C)C,train,ElectroShape,5,15,1.5037453202394583e-06,0.0,5.9124537893320195
191,CC(C)Cc1ccccc1,train,ElectroShape,5,15,1.317525775211263e-05,0.0,4.64257282898546
192,c1c(c(=O)[nH]c(=O)[nH]1)F,train,ElectroShape,5,15,3.899027896609605e-06,0.0,8.514304231535133
193,CC(C)CCOC=O,train,ElectroShape,5,15,0.14453805230128258,0.0,4.652336049021022
194,CS(=O)(=O)Cl,train,ElectroShape,5,15,0.8378706973482084,0.0,5.583337288727118
195,S,train,ElectroShape,5,15,4.4679235200086355e-07,0.0,4.356823334011262
196,CCC(=O)CC,train,ElectroShape,5,15,0.10349623065908496,0.0,3.786913371204536
197,c1cc(cnc1)C#N,train,ElectroShape,5,15,8.949125708659779e-07,0.0,3.69087972255394
198,c1cc(c(cc1c2c(c(cc(c2Cl)Cl)Cl)Cl)Cl)Cl,train,ElectroShape,5,15,0.055251469279959484,0.0,4.5121241654138755
199,c1cc(cc(c1)[N+](=O)[O-])N,train,ElectroShape,5,15,0.003365043687770924,0.0,4.538923094977432
200,CCCC#N,train,ElectroShape,5,15,0.020497901357749895,0.0,4.338123793828149
201,Cc1ccc(nc1)C,train,ElectroShape,5,15,0.00822510153033357,0.0,3.9460826656185244
202,c1cc2c(cc1Cl)Oc3cc(c(c(c3O2)Cl)Cl)Cl,train,ElectroShape,5,15,3.382210925214569e-06,0.0,4.862962057430299
203,CCCCBr,train,ElectroShape,5,15,0.5152585768181498,0.0,5.028792364096749
204,c1ccc(cc1)I,train,ElectroShape,5,15,0.35061903570108466,0.0,5.082485989111226
205,CC1CCCCC1,train,ElectroShape,5,15,0.1829196506829603,0.0,5.3691717584293155
206,CCc1ccccc1O,train,ElectroShape,5,15,0.0548547390176892,0.0,4.901873694094873
207,CC,train,ElectroShape,5,15,6.426534527691306e-07,0.0,6.30225937932975
208,C(CO[N+](=O)[O-])CO[N+](=O)[O-],train,ElectroShape,5,15,0.14490744093003632,0.0,5.115301801245194
209,CC(=O)N1CCCC1,train,ElectroShape,5,15,0.000784488984240164,0.0,3.7128740912569573
210,CCOP(=S)(OCC)SCSP(=S)(OCC)OCC,train,ElectroShape,5,15,0.725142524344627,0.0,4.4690252765127845
211,CC[C@H](C)c1ccccc1,train,ElectroShape,5,15,0.5279989867415747,0.0,4.760980257892579
212,CI,train,ElectroShape,5,15,5.374447313855902e-07,0.0,5.572335667779302
213,CC(C)I,train,ElectroShape,5,15,0.2094044581960886,0.0,5.614936642011253
214,CCC[N+](=O)[O-],train,ElectroShape,5,15,0.9951947234135791,0.0,3.768892279196558
215,C(=C/Cl)\Cl,train,ElectroShape,5,15,1.2911268929927223e-06,0.0,5.28145210828528
216,CCCC=C,train,ElectroShape,5,15,0.32337376139706364,0.0,5.07346892160285
217,c1cc2c(cc1Cl)Oc3ccc(cc3O2)Cl,train,ElectroShape,5,15,3.0196940242084345e-06,0.0,4.760907663795369
218,CCC(=O)OC,train,ElectroShape,5,15,0.11467421792968932,0.0,5.216749480603237
219,c1cc(ccc1O)F,train,ElectroShape,5,15,3.4506236015695603e-07,0.0,5.894637845257008
220,C(CCCl)CCl,train,ElectroShape,5,15,0.4970185928934084,0.0,4.614142434059534
221,CC(C)OC(=O)C,train,ElectroShape,5,15,0.06754460202789606,0.0,4.717238544528351
222,CCNc1nc(nc(n1)SC)NC(C)(C)C,train,ElectroShape,5,15,0.24701116541330284,0.0,4.077244215259526
223,c1cc(cc(c1)Cl)N,train,ElectroShape,5,15,1.927723408878559e-07,0.0,3.9571870714666524
224,CC(=O)NC,train,ElectroShape,5,15,0.13917422426276246,0.0,4.247903746254791
225,C1CC1,train,ElectroShape,5,15,1.3266052350038016e-05,0.0,6.329779188618439
226,C(CCl)Cl,train,ElectroShape,5,15,1.2165876604498423e-06,0.0,4.75810315056022
227,C(CCl)OCCCl,train,ElectroShape,5,15,0.24017546211703422,0.0,3.884020793974374
228,C1[C@@H]2[C@H]3[C@@H]([C@H]1[C@H]4[C@@H]2O4)[C@@]5(C(=C([C@]3(C5(Cl)Cl)Cl)Cl)Cl)Cl,train,ElectroShape,5,15,0.019772146427102587,0.0,3.700605009058639
229,C1CC=CC1,train,ElectroShape,5,15,1.2822993826772612e-06,0.0,5.568229754760594
230,CC(C)C=O,train,ElectroShape,5,15,0.03984962774212282,0.0,3.8127456329611165
231,CC(C)CBr,train,ElectroShape,5,15,0.21509145428731155,0.0,5.284366714321238
232,c1cc(c(c(c1Cl)Cl)Cl)Cl,train,ElectroShape,5,15,9.910904113368112e-06,0.0,4.77972273837265
233,Cc1ccc(c(c1)O)C,train,ElectroShape,5,15,0.013304076531428849,0.0,4.906445679113631
234,c1ccc2c(c1)C(=O)c3cccc(c3C2=O)N,train,ElectroShape,5,15,0.06303095419293919,0.0,4.103931269241563
235,CC(C)Cc1cnccn1,train,ElectroShape,5,15,0.26320782429477746,0.0,3.683994817390776
236,c1cc(ccc1O)Br,train,ElectroShape,5,15,1.490336365362077e-07,0.0,5.677155682186284
237,CCCCCCCCC=O,train,ElectroShape,5,15,0.5618055297325727,0.0,3.82366171227111
238,C(CO)O,train,ElectroShape,5,15,0.17705632616049305,0.0,5.85052400950727
239,CC1=CC[C@H](C[C@@H]1O)C(=C)C,train,ElectroShape,5,15,0.14341138338394252,0.0,3.788692813933752
240,CC(=C)c1ccccc1,train,ElectroShape,5,15,0.022743439101206925,0.0,4.983962973269232
241,CCc1cccc(c1N(COC)C(=O)CCl)CC,train,ElectroShape,5,15,0.11873815693837904,0.0,3.8932823759775936
242,c1ccc(c(c1)O)I,train,ElectroShape,5,15,0.008051863173900938,0.0,5.633285950984049
243,c1ccc(cc1)C(F)(F)F,train,ElectroShape,5,15,0.0024410593430932975,0.0,5.684269755721328
244,Cc1ccc(cc1)C=O,train,ElectroShape,5,15,0.005466271264102562,0.0,3.9154599568068056
245,CCOP(=O)(OCC)O/C(=C/Cl)/c1ccc(cc1Cl)Cl,train,ElectroShape,5,15,0.18094159720083156,0.0,6.65743554138369
246,CCC(CC)O,train,ElectroShape,5,15,0.16294398852295078,0.0,3.8475570221832167
247,c1ccc(cc1)Cn2ccnc2,train,ElectroShape,5,15,0.07575616526692706,0.0,3.6346278707029276
248,COC(=O)C1CCCCC1,train,ElectroShape,5,15,0.06690457742573983,0.0,4.4851875503327445
249,CC[C@H](C(C)C)O,train,ElectroShape,5,15,0.05878700081683337,0.0,3.803219237756031
250,Cc1cccnc1C,train,ElectroShape,5,15,2.2041337181791325e-07,0.0,3.9721126973385052
251,CCCCCCC#C,train,ElectroShape,5,15,0.5564574608795272,0.0,4.283189950955186
252,COc1ccccc1OC,train,ElectroShape,5,15,3.105307010034906e-06,0.0,5.5019352393881835
253,CC1=CCCCC1,train,ElectroShape,5,15,0.12523896953684785,0.0,5.221218578199856
254,C(=C\Cl)\Cl,train,ElectroShape,5,15,2.8254711028570353e-05,0.0,5.202590688081592
255,CC(=C)C=C,train,ElectroShape,5,15,4.633270700007044e-07,0.0,5.100302260222793
256,c1ccc2ccccc2c1,train,ElectroShape,5,15,0.4319370168391891,0.0,5.0427369602618635
257,Cc1cccc(c1C)Nc2ccccc2C(=O)O,train,ElectroShape,5,15,0.9490816830404577,0.0,5.094557499268914
258,CCCC=O,train,ElectroShape,5,15,0.12205277652196807,0.0,3.801870863739853
259,C1CCOC1,train,ElectroShape,5,15,1.6457492577877527e-06,0.0,4.205205701148448
260,Cc1c(c(=O)n(c(=O)[nH]1)C(C)(C)C)Cl,train,ElectroShape,5,15,0.06480606716580449,0.0,5.2130488331710945
261,c1ccc(cc1)c2cc(c(c(c2Cl)Cl)Cl)Cl,train,ElectroShape,5,15,0.021381999793227666,0.0,4.57588013257837
262,CCCCCCCCC(=O)C,train,ElectroShape,5,15,0.5099483140467994,0.0,3.7977643702602077
263,COc1c(cc(c(c1O)OC)Cl)Cl,train,ElectroShape,5,15,0.08970066485772203,0.0,7.23913968746563
264,CC(C)(C)O,train,ElectroShape,5,15,1.600859139212656e-07,0.0,3.9635212991071938
265,c1ccc(cc1)[N+](=O)[O-],train,ElectroShape,5,15,2.0182700806576776e-06,0.0,4.304697856767912
266,c1ccc(c(c1)O)Cl,train,ElectroShape,5,15,0.007743172679108326,0.0,5.648539046874304
267,CC1=CC(=O)[C@@H](CC1)C(C)C,train,ElectroShape,5,15,0.1325117274992234,0.0,3.827912070496944
268,C1CCC=CC1,train,ElectroShape,5,15,0.12472588324680549,0.0,5.398539238024861
269,CCCCCCCCCCO,train,ElectroShape,5,15,1.2841647532395075,0.0,4.345094488859712
270,CCOCCOCC,train,ElectroShape,5,15,0.4599623456462673,0.0,3.908953445916427
271,CCCCC/C=C/C=O,train,ElectroShape,5,15,0.2327281412431653,0.0,4.014492965801759
272,CCCCCC#C,train,ElectroShape,5,15,0.287812783065113,0.0,4.371546151118593
273,CCC[C@H](CC)O,train,ElectroShape,5,15,0.22246513758513564,0.0,3.7938838291533923
274,CSSC,train,ElectroShape,5,15,1.7167978469088967e-06,0.0,5.214678668496453
275,CCCCCCCC=C,train,ElectroShape,5,15,0.7722057899922354,0.0,4.4290270649432335
276,COC(C(F)(F)F)(OC)OC,train,ElectroShape,5,15,0.06815840414728472,0.0,6.811587584095649
277,CCCCCCC,train,ElectroShape,5,15,0.5443666329819583,0.0,4.889938236986462
278,Cc1ccc(cc1)C(=O)C,train,ElectroShape,5,15,0.002899106986670653,0.0,3.6713775301478635
279,CCCC(=O)C,train,ElectroShape,5,15,0.09640957614366023,0.0,3.8001088199072313
280,CCCCc1ccccc1,train,ElectroShape,5,15,0.45545428267683385,0.0,4.739914086123299
281,c1c(c(=O)[nH]c(=O)[nH]1)I,train,ElectroShape,5,15,6.088200724010645e-06,0.0,8.104883327867075
282,CCCC(C)(C)C,train,ElectroShape,5,15,0.3218086562899383,0.0,4.963215824585197
283,CCCCCCCCN,train,ElectroShape,5,15,0.6304964473836926,0.0,3.8031321542979115
284,C=C(Cl)Cl,train,ElectroShape,5,15,2.0421729565537824e-06,0.0,5.290646010549437
285,c1(c(c(c(c(c1Cl)Cl)Cl)Cl)Cl)c2c(c(c(c(c2Cl)Cl)Cl)Cl)Cl,train,ElectroShape,5,15,0.09662181340355772,0.0,4.649251504837585
286,c1ccc2c(c1)Oc3cc(c(cc3O2)Cl)Cl,train,ElectroShape,5,15,1.203430191683907e-06,0.0,4.772419703255038
287,c1ccncc1,train,ElectroShape,5,15,0.21786955637379146,0.0,3.8513240927554144
288,c1cc(cc(c1)O)[N+](=O)[O-],train,ElectroShape,5,15,0.022895910251453627,0.0,6.1489619215081746
289,CN1CCCCC1,train,ElectroShape,5,15,0.09240095238656479,0.0,3.9756177952847285
290,CC(C)C(=O)C(C)C,train,ElectroShape,5,15,0.15458079499981153,0.0,3.8410425242594597
291,c1cc(c(cc1Cl)Cl)Cl,train,ElectroShape,5,15,5.7796219457882267e-05,0.0,4.805456900105355
292,CCCCCCBr,train,ElectroShape,5,15,0.6861125097607661,0.0,4.540620228856444
293,C=CCO,train,ElectroShape,5,15,0.11122643414560085,0.0,4.368285469007517
294,c1cc(cc(c1)Cl)O,train,ElectroShape,5,15,0.005507008155547444,0.0,5.681707275504234
295,CCCCS,train,ElectroShape,5,15,0.8360752251810799,0.0,4.296845643470878
296,CCCCOC(=O)c1ccc(cc1)O,train,ElectroShape,5,15,0.1709907770152179,0.0,5.897771261940885
297,c1(c(c(c(c(c1Cl)Cl)Cl)Cl)Cl)Cl,train,ElectroShape,5,15,0.1720901069034895,0.0,4.89861071723416
298,CC#N,train,ElectroShape,5,15,2.8240927348914666e-07,0.0,4.403783441881579
299,CCOC(OCC)Oc1ccccc1,train,ElectroShape,5,15,0.13955915295806784,0.0,4.665538044028256
300,c1ccc(c(c1)[N+](=O)[O-])O,train,ElectroShape,5,15,0.04314047079514324,0.0,6.293970026368879
301,CC(C)(C)Cl,train,ElectroShape,5,15,9.81537151725934e-07,0.0,5.27111502239526
302,Cc1cccc(c1)C,train,ElectroShape,5,15,0.26382813036517505,0.0,5.125241774979384
303,C=CCCC=C,train,ElectroShape,5,15,0.39715222300483166,0.0,5.03606740122644
304,CCNCC,train,ElectroShape,5,15,0.07516221864012786,0.0,3.7927793349447256
305,CC(C)OC,train,ElectroShape,5,15,0.06324179668713759,0.0,4.14863382629569
306,c1ccc(cc1)C#N,train,ElectroShape,5,15,0.04274262257966253,0.0,3.971613910335961
307,CC(=O)CO[N+](=O)[O-],train,ElectroShape,5,15,1.7932665081675982,0.0,5.032731383163389
308,CN,train,ElectroShape,5,15,0.04585680418609206,0.0,4.311586852882124
309,CCCCC=O,train,ElectroShape,5,15,0.09855363524525301,0.0,3.737522675135158
310,c1ccc(cc1)Cl,train,ElectroShape,5,15,0.0011020017568883337,0.0,4.957279535317662
311,c1ccc2c(c1)Oc3c(cc(c(c3O2)Cl)Cl)Cl,train,ElectroShape,5,15,1.6848416721612983e-06,0.0,4.839496467826147
312,CCCCNCCCC,train,ElectroShape,5,15,0.28266688488190056,0.0,3.829632188624167
313,Cc1ccc(cc1C)O,train,ElectroShape,5,15,5.679349390843337e-05,0.0,5.013713922702087
314,C=O,train,ElectroShape,5,15,0.04794665047445117,0.0,5.026764404582854
315,CCCC(C)(C)O,train,ElectroShape,5,15,0.10110633763776605,0.0,3.8080866320748474
316,CCOC(=O)c1ccc(cc1)O,train,ElectroShape,5,15,0.1268605052032787,0.0,6.23300388181711
317,CC(C)CO[N+](=O)[O-],train,ElectroShape,5,15,0.052714105610091155,0.0,4.818473609453778
318,c1cc(ccc1[N+](=O)[O-])O,train,ElectroShape,5,15,0.000709961134118685,0.0,6.158009654597358
319,C(CO[N+](=O)[O-])O[N+](=O)[O-],train,ElectroShape,5,15,0.13643726954035598,0.0,5.386133545923128
320,CCCO,train,ElectroShape,5,15,0.1244130605619739,0.0,4.205794216206629
321,CCCCCOC(=O)C,train,ElectroShape,5,15,0.12016448483225076,0.0,4.5198262817709685
322,COC(c1ccccc1)(OC)OC,train,ElectroShape,5,15,0.07487352304999603,0.0,4.106477620227787
323,CCCC[N+](=O)[O-],train,ElectroShape,5,15,0.9535740572043162,0.0,3.7616381277021036
324,CCOC(=O)CCC(=O)OCC,train,ElectroShape,5,15,0.26295052404607955,0.0,5.498004729598269
325,CC(=O)OCCOC(=O)C,train,ElectroShape,5,15,0.17496031975561788,0.0,6.137312936599693
326,c1ccc2c(c1)C(=O)NC2=O,train,ElectroShape,5,15,9.350518883186198e-06,0.0,4.71186863170491
327,c1cc(cc(c1)C(F)(F)F)C(F)(F)F,train,ElectroShape,5,15,0.16693012224400428,0.0,6.304828995132977
328,C[C@H](C(F)(F)F)O,train,ElectroShape,5,15,0.06364087015408702,0.0,6.7370029703043075
329,CC(C)(C)c1ccc(cc1)O,train,ElectroShape,5,15,0.003557586009177911,0.0,5.15994282833454
330,CCCOC,train,ElectroShape,5,15,0.12860948166195527,0.0,4.1199121211007474
331,c1ccc2c(c1)ccc3c2cccc3,train,ElectroShape,5,15,4.222573594812188e-06,0.0,5.0250547997850665
332,c1cc(c(c(c1)Cl)C#N)Cl,train,ElectroShape,5,15,0.15529334215769763,0.0,3.881448560784431
333,c1ccc2c(c1)C(=O)c3cccc(c3C2=O)NCCO,train,ElectroShape,5,15,0.2985996702317207,0.0,4.371032626451861
334,Cc1cc(cc(c1)C)C,train,ElectroShape,5,15,0.09664909611541565,0.0,5.099815491826016
335,CC(OC)(OC)OC,train,ElectroShape,5,15,0.11498084255245605,0.0,4.23095476800696
336,CN(C)C(=O)c1ccc(cc1)OC,train,ElectroShape,5,15,0.04732210012268229,0.0,4.911219775107
337,CF,train,ElectroShape,5,15,0.00985652882243006,0.0,4.286320352491857
338,Cc1ccccc1[N+](=O)[O-],train,ElectroShape,5,15,0.2801245298326614,0.0,4.134593287046479
339,COCCN,train,ElectroShape,5,15,0.15938342638934178,0.0,4.247221214497014
340,Cc1cnccn1,train,ElectroShape,5,15,4.970621847683463e-06,0.0,3.71698675875554
341,c1cc(c(c(c1c2cc(c(c(c2Cl)Cl)Cl)Cl)Cl)Cl)Cl,train,ElectroShape,5,15,0.09103916633741947,0.0,4.615098731747718
342,c1ccc2c(c1)CCC2,train,ElectroShape,5,15,0.3183912456464653,0.0,5.0069964040580395
343,Cn1cccc1,train,ElectroShape,5,15,0.016241409552591707,0.0,3.9423447192489474
344,CC(=O)C1CC1,train,ElectroShape,5,15,0.053409717260044606,0.0,3.8078455816427956
345,CCCCI,train,ElectroShape,5,15,0.5268540906919578,0.0,5.004105965024991
346,COS(=O)(=O)OC,train,ElectroShape,5,15,0.08173357813841975,0.0,5.389739696308843
347,COCC(OC)(OC)OC,train,ElectroShape,5,15,0.0997944237276425,0.0,4.699782648404135
348,c1cc[nH]c1,train,ElectroShape,5,15,0.004822336944911082,0.0,4.089999982137556
349,Cc1ccc(c2c1cccc2)C,train,ElectroShape,5,15,3.291561258638921e-06,0.0,5.079524666323606
350,CCCCCc1ccccc1,train,ElectroShape,5,15,0.5275737363442216,0.0,4.774801964618763
351,C=C(c1ccccc1)c2ccccc2,train,ElectroShape,5,15,0.4470337517303339,0.0,4.779930164109009
352,c1ccc(cc1)O,train,ElectroShape,5,15,7.406345830672103e-08,0.0,5.668788198553197
353,COc1ccc(cc1)N,train,ElectroShape,5,15,3.2358378704739217e-05,0.0,5.218643557688459
354,CN(C)CCC=C1c2ccccc2CCc3c1cccc3,train,ElectroShape,5,15,0.4337532024704574,0.0,4.244803589397599
355,CCOCCO,train,ElectroShape,5,15,0.21860588402258901,0.0,4.450993891362465
356,CCCOC(=O)c1ccc(cc1)O,train,ElectroShape,5,15,0.24859280874142387,0.0,5.985082195651523
357,C(CCl)CCl,train,ElectroShape,5,15,0.17864197172120688,0.0,4.72945791577405
358,c1ccc2c(c1)C(=O)c3ccc(cc3C2=O)N,train,ElectroShape,5,15,2.822606063859658e-06,0.0,4.133338793077855
359,c1cc(cc(c1)Cl)Cl,train,ElectroShape,5,15,0.00032075597972522466,0.0,4.837809860950996
360,CCCCCCCC(=O)OC,train,ElectroShape,5,15,0.3193526924794764,0.0,4.541348098969713
361,CCCCCCCCO,train,ElectroShape,5,15,0.701646073197723,0.0,4.321775923140263
362,C(C(F)(Cl)Cl)(F)(F)Cl,train,ElectroShape,5,15,0.07643623131271826,0.0,7.684426754034889
363,C[C@@H]1CC[C@H](C(=O)C1)C(C)C,train,ElectroShape,5,15,0.1276030425887412,0.0,3.8880117975337387
364,[C@@H](C(F)(F)F)(OC(F)F)Cl,train,ElectroShape,5,15,0.06035264477288587,0.0,8.193226176897099
365,c1ccc(cc1)CBr,train,ElectroShape,5,15,1.3981912126510581e-05,0.0,5.002602377346823
366,CCCCCN,train,ElectroShape,5,15,0.30890437512368374,0.0,3.684311917154104
367,c1(=O)[nH]c(=O)[nH]c(=O)[nH]1,train,ElectroShape,5,15,0.006775618363425736,0.0,8.32976551163702
368,c1cc(cnc1)Cl,train,ElectroShape,5,15,8.021323558608029e-06,0.0,3.841505407401468
369,c1ccc2c(c1)Oc3ccccc3O2,train,ElectroShape,5,15,1.751537543563291e-06,0.0,4.7294518945280295
370,C1CCC(=O)CC1,train,ElectroShape,5,15,1.4928084436861933e-07,0.0,3.835974819486903
371,c1ccnc(c1)Cl,train,ElectroShape,5,15,2.9063293801520606e-07,0.0,3.7698253231215206
372,C[C@@H](CCO[N+](=O)[O-])O[N+](=O)[O-],train,ElectroShape,5,15,0.736621909895452,0.0,4.946297184409683
373,CC(C)CCOC(=O)C,train,ElectroShape,5,15,0.11855277371496346,0.0,4.489575953542026
374,Cc1ccccc1Cl,train,ElectroShape,5,15,7.950683532733503e-05,0.0,5.127415009761111
375,COC=O,train,ElectroShape,5,15,5.330321620885255e-07,0.0,7.336700416632405
376,CCC(C)(C)O,train,ElectroShape,5,15,0.07325484958578836,0.0,3.8587555583080033
377,CCC=O,train,ElectroShape,5,15,0.05122151671877077,0.0,3.9018501113115582
378,NN,train,ElectroShape,5,15,0.1567910683753525,0.0,5.134303022622621
379,c1cc(c(cc1c2cc(c(c(c2Cl)Cl)Cl)Cl)Cl)Cl,train,ElectroShape,5,15,0.38801315465144287,0.0,4.565953194085826
380,Cc1ccccc1C=O,train,ElectroShape,5,15,0.04343252312108548,0.0,3.6281159746816423
381,CCCCC[N+](=O)[O-],train,ElectroShape,5,15,0.8366535135636961,0.0,3.6785551873641555
382,CC(C)SC(C)C,train,ElectroShape,5,15,0.13576429857549221,0.0,4.959090505082537
383,CCc1cccnc1,train,ElectroShape,5,15,0.07787138670760617,0.0,3.812177990206671
384,COC(CC#N)(OC)OC,train,ElectroShape,5,15,0.15843816332872207,0.0,4.383222259931906
385,CN(C)C(=O)c1ccccc1,train,ElectroShape,5,15,0.007641809075438122,0.0,3.7532792804295605
386,C(Cl)(Cl)Cl,train,ElectroShape,5,15,2.225555006714043e-06,0.0,4.897229683778297
387,C[C@@H](c1ccc2cc(ccc2c1)OC)C(=O)O,train,ElectroShape,5,15,0.7332548554556257,0.0,5.546415717728476
388,CCCC(=C)C,train,ElectroShape,5,15,0.35222774274958685,0.0,5.138047380269154
389,Cc1ccc(cc1)Br,train,ElectroShape,5,15,0.009715896634166579,0.0,4.811675060897187
390,CCCCCCCO,train,ElectroShape,5,15,0.7462891109957847,0.0,3.9647208109504657
391,CCSSCC,train,ElectroShape,5,15,0.500488018889983,0.0,5.007433646797176
392,CC/C=C\C,train,ElectroShape,5,15,0.1495815766987875,0.0,5.3054136357888595
393,CSc1ccccc1,train,ElectroShape,5,15,1.7045535316556167e-06,0.0,4.945953450091645
394,c1ccc(cc1)Oc2ccccc2,train,ElectroShape,5,15,1.2210708958172884e-06,0.0,4.1722623623588175
395,c1c2c(cc(c1Cl)Cl)Oc3c(c(c(c(c3Cl)Cl)Cl)Cl)O2,train,ElectroShape,5,15,1.1942677305707232e-06,0.0,4.9507509468533515
396,CCOP(=S)(OCC)Oc1ccc(cc1)[N+](=O)[O-],train,ElectroShape,5,15,0.22854330472802792,0.0,5.238029081952038
397,c1cc(c(cc1O)Cl)Cl,train,ElectroShape,5,15,0.005439264939154579,0.0,5.700594920037017
398,c1ccc(cc1)c2cc(ccc2Cl)Cl,train,ElectroShape,5,15,0.008373862665651441,0.0,4.872915823803302
399,CCCOCCC,train,ElectroShape,5,15,0.3096312906396639,0.0,3.908156223890963
400,CCCCCCCl,train,ElectroShape,5,15,0.6110967820565053,0.0,4.378102174690487
401,COC(OC)OC,train,ElectroShape,5,15,0.01280155273975229,0.0,4.544424832944065
402,c1ccc2c(c1)Oc3cccc(c3O2)Cl,train,ElectroShape,5,15,6.570671287117793e-07,0.0,4.777624779096297
403,c1cc(c(cc1Cl)c2cc(c(c(c2)Cl)Cl)Cl)Cl,train,ElectroShape,5,15,0.25465602151644845,0.0,4.436167880049576
404,Cc1cccc(c1)O,train,ElectroShape,5,15,0.0011867512681589954,0.0,5.22512486839611
405,c1cnc[nH]1,train,ElectroShape,5,15,2.783683918175046e-05,0.0,4.5132870037942
406,C(Br)Br,train,ElectroShape,5,15,0.3400443920874868,0.0,5.250748935156398
407,CCC(C)(C)C,train,ElectroShape,5,15,6.120092397072011e-07,0.0,5.470459575174028
408,CCCCCCN,train,ElectroShape,5,15,0.38504004970276084,0.0,3.688065261631708
409,C1[C@H]([C@@H]2[C@H]([C@H]1Cl)[C@]3(C(=C([C@@]2(C3(Cl)Cl)Cl)Cl)Cl)Cl)Cl,train,ElectroShape,5,15,0.5706901826585501,0.0,4.567748721181038
410,Cc1c(nc(nc1OC(=O)N(C)C)N(C)C)C,validation,ElectroShape,5,15,0.29491061681040515,0.0,6.202628527359193
411,CCCc1ccc(cc1)O,validation,ElectroShape,5,15,0.3346199088547059,0.0,5.036034674219521
412,Cc1cccc(n1)C,validation,ElectroShape,5,15,3.606481646134804e-05,0.0,3.930530291827108
413,CC(=O)C,validation,ElectroShape,5,15,0.130501816847033,0.0,3.9198951732898553
414,Cc1ccc(cc1)C,validation,ElectroShape,5,15,0.04145741543435984,0.0,5.051207837783424
415,c1(c(c(c(c(c1Cl)Cl)Cl)Cl)Cl)N(=O)=O,validation,ElectroShape,5,15,0.001246878157636683,0.0,5.27558643051414
416,c1ccc2c(c1)C(=O)c3c(ccc(c3C2=O)O)N,validation,ElectroShape,5,15,0.12957636330090774,0.0,5.738861990450458
417,C1CNC1,validation,ElectroShape,5,15,1.3525433141270898e-06,0.0,3.9321624900938024
418,C[C@@H](C(F)(F)F)O,validation,ElectroShape,5,15,0.06224147591606499,0.0,6.724916076134224
419,CCCCOCCCC,validation,ElectroShape,5,15,0.4613556636610251,0.0,3.9493018599419942
420,CCCCCBr,validation,ElectroShape,5,15,0.3590601188054811,0.0,4.829698426204088
421,COC(=O)CCl,validation,ElectroShape,5,15,0.07560549443727137,0.0,6.175210279754536
422,c1ccc(cc1)c2ccccc2,validation,ElectroShape,5,15,0.00035219765698681066,0.0,4.981861932449119
423,CC(C)C=C,validation,ElectroShape,5,15,0.161044034903436,0.0,5.256064368245425
424,CCCC[N@](CC)c1c(cc(cc1[N+](=O)[O-])C(F)(F)F)[N+](=O)[O-],validation,ElectroShape,5,15,0.15832906966151716,0.0,5.507286129501997
425,CC[C@H](C)O[N+](=O)[O-],validation,ElectroShape,5,15,0.09433549652734323,0.0,4.799813714156926
426,CC(C)(/C=N\OC(=O)NC)SC,validation,ElectroShape,5,15,0.11363343171628423,0.0,5.80152888291642
427,CCSC,validation,ElectroShape,5,15,0.2219886254144915,0.0,4.597379609338976
428,CCOP(=S)(OCC)SCSCC,validation,ElectroShape,5,15,0.2398608980751028,0.0,3.926983322402976
429,CCCCCCCC,validation,ElectroShape,5,15,0.93966001259208,0.0,4.656427502182413
430,CCCOC(=O)CC,validation,ElectroShape,5,15,0.1283178627385343,0.0,4.584491144764894
431,C(=C(Cl)Cl)Cl,validation,ElectroShape,5,15,5.186241003413656e-07,0.0,5.24505592028248
432,c1ccsc1,validation,ElectroShape,5,15,4.363937624869069e-07,0.0,4.564755974836205
433,CCC(C)C,validation,ElectroShape,5,15,0.15536786560235466,0.0,5.548171454856753
434,CCc1cnccn1,validation,ElectroShape,5,15,0.06936950843763431,0.0,3.726166643318082
435,Cc1cccc2c1cccc2,validation,ElectroShape,5,15,2.230050919348409e-06,0.0,5.137886630368
436,CC[C@H](C)O,validation,ElectroShape,5,15,0.13466376733617114,0.0,3.960239742768608
437,C=Cc1ccccc1,validation,ElectroShape,5,15,7.111027000870091e-06,0.0,4.881531744431698
438,Cc1cc(cnc1)C,validation,ElectroShape,5,15,0.14934364240392364,0.0,3.934860477499983
439,CCCCCC(=O)OCC,validation,ElectroShape,5,15,0.12313491934892332,0.0,4.4592905123366835
440,CCCI,validation,ElectroShape,5,15,1.0495809738533404e-06,0.0,5.308113156599536
441,CCBr,validation,ElectroShape,5,15,3.669681798094939e-06,0.0,5.432670300152292
442,c1ccc2c(c1)Oc3c(c(c(c(c3Cl)Cl)Cl)Cl)O2,validation,ElectroShape,5,15,2.752741326746654e-06,0.0,4.892392789870646
443,CCSCC,validation,ElectroShape,5,15,0.44270459128465023,0.0,4.708478006242843
444,CCCC(=O)OC,validation,ElectroShape,5,15,0.12712600341453048,0.0,4.834595648638875
445,Cc1cccc(c1C)C,validation,ElectroShape,5,15,5.37819648658191e-07,0.0,5.0750083457133375
446,COC(=O)c1ccc(cc1)O,validation,ElectroShape,5,15,0.0029296740990137583,0.0,6.664322920582125
447,COC(=O)CC#N,validation,ElectroShape,5,15,0.0870180006317389,0.0,6.113157172183109
448,C[C@H]1CCCO1,validation,ElectroShape,5,15,0.05448793576182773,0.0,4.095833788333162
449,CC(C)Br,validation,ElectroShape,5,15,0.3161460604949243,0.0,5.579800716870288
450,CCOc1ccccc1,validation,ElectroShape,5,15,0.11803520521110229,0.0,4.617137519364329
451,CCc1cccc(c1)O,validation,ElectroShape,5,15,0.06141145353775243,0.0,4.997216937046952
452,CN(C)C,validation,ElectroShape,5,15,3.221319908100952e-07,0.0,4.078395155047389
453,c1ccc(cc1)C=O,validation,ElectroShape,5,15,2.7960917840728545e-07,0.0,3.597475497437524
454,CCCCCCCCCO,validation,ElectroShape,5,15,1.1104077991494583,0.0,4.36228446607801
455,CCC[N@@](CC1CC1)c2c(cc(cc2[N+](=O)[O-])C(F)(F)F)[N+](=O)[O-],validation,ElectroShape,5,15,0.15396171419024696,0.0,5.521745625628126
456,c1cc(cc(c1)O)C#N,validation,ElectroShape,5,15,0.014748015822494909,0.0,5.668170855929358
457,C(CBr)Br,validation,ElectroShape,5,15,0.0002885315565595032,0.0,5.350717521440267
458,CC(=O)OC,validation,ElectroShape,5,15,0.02626621113573406,0.0,5.892153566542748
459,c1ccc(cc1)O[C@@H](C(F)F)F,validation,ElectroShape,5,15,0.6872394424674014,0.0,5.230033720603871
460,CNc1ccccc1,validation,ElectroShape,5,15,3.386597517443361e-07,0.0,3.7925313928587925
461,c1ccc(cc1)OC=O,validation,ElectroShape,5,15,0.04576819824977898,0.0,4.765066391870797
462,CCNc1nc(nc(n1)Cl)NCC,validation,ElectroShape,5,15,0.32310468726521085,0.0,4.381514807210871
463,C(C(Cl)(Cl)Cl)(Cl)(Cl)Cl,validation,ElectroShape,5,15,3.1456720398402137e-07,0.0,5.04268892117201
464,c1cc(cnc1)C=O,validation,ElectroShape,5,15,0.03117688219407205,0.0,3.7180819353971293
465,COC(=O)c1ccc(cc1)[N+](=O)[O-],validation,ElectroShape,5,15,0.0009029909534342952,0.0,5.477717382833029
466,C(I)I,validation,ElectroShape,5,15,0.350268545817634,0.0,5.3078308175471705
467,CCC(=O)Nc1ccc(c(c1)Cl)Cl,validation,ElectroShape,5,15,0.08757867690132774,0.0,3.792487481418149
468,C1CCCC1,validation,ElectroShape,5,15,0.03192202378927601,0.0,5.940958277030942
469,C[C@@H](c1ccc(cc1)CC(C)C)C(=O)O,validation,ElectroShape,5,15,0.15802385270553101,0.0,5.444706931744381
470,CCC(C)(C)CC,validation,ElectroShape,5,15,0.14307982994380292,0.0,5.3166696105443965
471,C1C=CC=CC=C1,validation,ElectroShape,5,15,0.3843601095498201,0.0,5.288106672419264
472,C(F)Cl,validation,ElectroShape,5,15,2.2283268108862485e-07,0.0,4.121742728905671
473,c1ccc-2c(c1)Cc3c2cccc3,validation,ElectroShape,5,15,9.428884358159858e-05,0.0,5.00596899983368
474,CC(=O)c1ccncc1,validation,ElectroShape,5,15,4.7473741163064674e-07,0.0,3.6546639959529443
475,CCCN(CCC)c1c(cc(cc1[N+](=O)[O-])S(=O)(=O)C)[N+](=O)[O-],validation,ElectroShape,5,15,0.1985965111418272,0.0,4.413643537569121
476,C=C,validation,ElectroShape,5,15,1.942084707287346e-07,0.0,5.203967652410746
477,CC(C)NC(C)C,validation,ElectroShape,5,15,0.0015556245896816716,0.0,3.8587481669093004
478,Cc1c[nH]cn1,validation,ElectroShape,5,15,5.04572286343494e-06,0.0,3.99059252830788
479,c1ccc2c(c1)C(=O)c3c(ccc(c3C2=O)N)N,validation,ElectroShape,5,15,0.11542402923990011,0.0,4.443074973580066
480,c1ccc(cc1)n2c(=O)c(c(cn2)N)Cl,validation,ElectroShape,5,15,0.007727218130683652,0.0,4.432704888070093
481,C([C@@H]1[C@H]([C@@H]([C@H]([C@@H](O1)O)O)O)O)O,validation,ElectroShape,5,15,0.09564235937050822,0.0,6.144427672206115
482,CCCCCCC(=O)C,validation,ElectroShape,5,15,0.38529352284862445,0.0,3.7383111528848834
483,CC(=CCC/C(=C/CO)/C)C,validation,ElectroShape,5,15,0.5428034103163755,0.0,4.468206267896359
484,C/C=C/C=O,validation,ElectroShape,5,15,0.05847097261969449,0.0,3.6706858490130974
485,CN1CCOCC1,validation,ElectroShape,5,15,0.1294391545442177,0.0,4.010519077780252
486,CCCCCCCCBr,validation,ElectroShape,5,15,0.5693393374942601,0.0,4.4983802377671145
487,Cc1cccc(c1)[N+](=O)[O-],validation,ElectroShape,5,15,0.022927970070897655,0.0,4.244727146681337
488,CC[C@@H](C)C(C)C,validation,ElectroShape,5,15,0.21025107760945466,0.0,5.141207252663164
489,C=CC=C,validation,ElectroShape,5,15,4.63467729073415e-07,0.0,5.058132461780655
490,Cc1cccc(c1C)O,validation,ElectroShape,5,15,0.051360712947553094,0.0,4.939411835449692
491,c1ccc(cc1)S,validation,ElectroShape,5,15,5.793764457574586e-07,0.0,4.656137978349989
492,Cc1cccnc1,validation,ElectroShape,5,15,0.0031416911719979305,0.0,3.93256729184272
493,CCCCCCOC(=O)C,validation,ElectroShape,5,15,0.25952213345765474,0.0,4.478308901108249
494,COC(=O)C(F)(F)F,validation,ElectroShape,5,15,0.008773080174917283,0.0,10.103918896162563
495,COc1cccc(c1)N,validation,ElectroShape,5,15,4.090166640470523e-07,0.0,5.217781608692912
496,C1CCC(CC1)O,validation,ElectroShape,5,15,0.07551830710193995,0.0,3.8792943818344323
497,CC(=O)C1CCCCC1,validation,ElectroShape,5,15,0.07323115102037239,0.0,3.8156483299935235
498,CCCCCC(=O)C,validation,ElectroShape,5,15,0.41033389905875983,0.0,3.724262602011374
499,CCCN(CCC)C(=O)SCCC,validation,ElectroShape,5,15,0.18949746538364975,0.0,3.9546355469010104
500,CN(C)C=O,validation,ElectroShape,5,15,7.013224349733654e-05,0.0,4.182844747743252
501,CC(=O)N,validation,ElectroShape,5,15,0.0072997056890987295,0.0,5.094969036108463
502,C[C@@H]1CCCC[C@@H]1C,validation,ElectroShape,5,15,0.15326893006558062,0.0,5.353823211431321
503,COC,validation,ElectroShape,5,15,3.3123995561322797e-07,0.0,4.58362864399749
504,CCCCC#C,validation,ElectroShape,5,15,0.27218095743022885,0.0,4.562860961878237
505,c1cc(ccc1C=O)O,validation,ElectroShape,5,15,0.007652964242642902,0.0,5.868303118918625
506,c1ccc(c(c1)O)F,validation,ElectroShape,5,15,0.01513816025426601,0.0,5.880696843923417
507,Cc1cccc(c1O)C,validation,ElectroShape,5,15,2.617014097705612e-07,0.0,4.864025586356861
508,Cc1ccc(c(c1)C)O,validation,ElectroShape,5,15,0.026437811281578193,0.0,4.939645584541033
509,CCCCCCl,validation,ElectroShape,5,15,0.3544169636332259,0.0,4.594730376426192
510,CCCSCCC,validation,ElectroShape,5,15,0.6404261871103554,0.0,4.721456955283582
511,CCCCCCC=C,validation,ElectroShape,5,15,0.7008533725330502,0.0,4.507804026707456
512,CCCCC(=O)OC,validation,ElectroShape,5,15,0.12446456665653717,0.0,4.6416306707769674
513,CC(=CCC[C@](C)(C=C)OC(=O)C)C,test,ElectroShape,5,15,0.20378745997903916,0.770897742114308,4.350646541185215
514,CCCC(=O)CCC,test,ElectroShape,5,15,0.11293115681913542,0.27480842086472107,3.788637091093359
515,CCC,test,ElectroShape,5,15,4.0020800445287174e-07,0.3356896907020166,5.955898542834974
516,COC(=O)c1ccccc1,test,ElectroShape,5,15,4.499438468771646e-07,0.7956320230444371,4.940544928433351
517,CC(OC(=O)C)OC(=O)C,test,ElectroShape,5,15,0.18204121188338793,0.8475671932198668,5.647656176326613
518,Cc1cccs1,test,ElectroShape,5,15,0.032255002328288825,0.7789669081482669,4.879109921458288
519,CC[C@H](C)n1c(=O)c(c([nH]c1=O)C)Br,test,ElectroShape,5,15,0.25237923509374416,0.21839577132444948,5.17483174121505
520,Cc1ccncc1,test,ElectroShape,5,15,0.0046801718363795675,0.6027019354215795,3.9803728588865206
521,CS,test,ElectroShape,5,15,8.919054644281773e-07,0.9588751677019511,4.184341383389256
522,C(=C(F)F)(C(F)(F)F)F,test,ElectroShape,5,15,4.499206918038836e-07,1.431150163235365,8.860555064524812
523,C1[C@@H]2[C@H](COS(=O)O1)[C@@]3(C(=C([C@]2(C3(Cl)Cl)Cl)Cl)Cl)Cl,test,ElectroShape,5,15,0.0908731330568972,0.8687087703469437,4.839391708587037
524,CCN(CC)c1c(cc(c(c1[N+](=O)[O-])N)C(F)(F)F)[N+](=O)[O-],test,ElectroShape,5,15,0.1095872140425952,1.321804497630842,6.729064870733516
525,CCCCOC[C@H](C)O,test,ElectroShape,5,15,0.23640068063085098,0.8698087376550475,4.007894941570198
526,C[C@H](CC(C)C)O,test,ElectroShape,5,15,0.15021385072413185,0.2271195093595435,3.823388620352474
527,C1COCCN1,test,ElectroShape,5,15,0.04999454901226271,0.604662439954588,4.227315369732175
528,CCCCCCCC=O,test,ElectroShape,5,15,0.6102564116908371,0.3374877571747213,3.7649675224609727
529,COP(=S)(OC)Oc1ccc(cc1)[N+](=O)[O-],test,ElectroShape,5,15,0.16852211138461193,0.7406987215240225,5.487955717348861
530,CC(C)CCC(C)(C)C,test,ElectroShape,5,15,0.4450080182196447,0.4053965047682654,4.811751866297374
531,CC(C)CC(=O)O,test,ElectroShape,5,15,0.5947449516137726,0.3177202984470597,5.500243063839048
532,CCCCCCO[N+](=O)[O-],test,ElectroShape,5,15,0.3256949671464017,0.7157193266844766,4.932095504710504
533,CCc1ccncc1,test,ElectroShape,5,15,9.439861172121654e-07,0.3014355289464102,3.796046852508554
534,COC(CCl)(OC)OC,test,ElectroShape,5,15,0.10668189619928017,0.19760621459739897,4.3343119499790514
535,CN(C)CCOC(c1ccccc1)c2ccccc2,test,ElectroShape,5,15,0.45060525434387233,1.4559288213842891,4.168698740752893
536,C1CNCCN1,test,ElectroShape,5,15,0.049546770573433666,0.6027439022563478,3.868781285991233
537,C(F)(F)Cl,test,ElectroShape,5,15,0.23231466614030397,2.025974866540877,6.351135476105221
538,c1cc(c(cc1c2ccc(cc2F)F)C(=O)O)O,test,ElectroShape,5,15,0.6965587528580587,1.6158231013305704,6.5804489511622295
539,COc1ccccc1,test,ElectroShape,5,15,3.468620042604679e-07,0.6696227532078994,4.877095842836234
540,CCC=C,test,ElectroShape,5,15,0.3398958078063366,0.5097140970985432,5.130428993477481
541,C(C(Cl)Cl)(Cl)Cl,test,ElectroShape,5,15,0.4338963191061703,1.3380994633548353,5.001269538801493
542,COS(=O)(=O)C,test,ElectroShape,5,15,0.35602125227178294,1.3697032577952029,3.9917294252210955
543,CC[N+](=O)[O-],test,ElectroShape,5,15,0.6520814658419568,0.8921717469421444,4.000384172814348
544,CCCCO[N+](=O)[O-],test,ElectroShape,5,15,0.10969069872718548,0.3047482966080844,4.911145785340241
545,CCCCCO,test,ElectroShape,5,15,0.1355392646999035,0.3284061120007983,3.913429013114308
546,CC(C)C(=O)C,test,ElectroShape,5,15,0.07583791760908311,0.0804267790960641,3.822433705481919
547,C=CCC=C,test,ElectroShape,5,15,0.045815821682678684,0.37103676311512357,5.14276237757777
548,CCCC(=O)O,test,ElectroShape,5,15,0.8173357204620136,1.191211509848214,5.803867780782413
549,CCCOC(=O)C,test,ElectroShape,5,15,0.09181769611366483,0.19646568543811135,4.761081064965517
550,CCOCC,test,ElectroShape,5,15,0.13083554730417282,0.2890882307753893,4.052462860358762
551,COc1c(ccc(c1C(=O)O)Cl)Cl,test,ElectroShape,5,15,0.11153165769543412,0.687610609717704,6.688955160005114
552,Cc1cc2ccccc2cc1C,test,ElectroShape,5,15,2.429863348203497e-05,0.6288684975675142,4.689328550587927
553,CCOC,test,ElectroShape,5,15,0.11138433870133001,0.5328905861000439,4.2707589233580014
554,c1ccc2cc3ccccc3cc2c1,test,ElectroShape,5,15,0.27390353713544496,0.32623293175259666,4.847783921383156
555,c1cc(c(c(c1)Cl)Cl)Cl,test,ElectroShape,5,15,7.42149681288037e-05,0.3302390243308821,4.726227318740581
556,CCCC(=O)OCCC,test,ElectroShape,5,15,0.22262101080822805,0.25392585806044754,4.478534261040165
557,CCc1cccc2c1cccc2,test,ElectroShape,5,15,0.15629149469298675,0.3205319382461238,4.990383273571521
558,Cc1ccccc1,test,ElectroShape,5,15,1.566772541680383e-06,0.42977366862208927,5.160725648905619
559,c1ccc2cc(ccc2c1)O,test,ElectroShape,5,15,0.029772005408742308,0.15581729597763538,5.056645612942423
560,CC(C)C(C)C,test,ElectroShape,5,15,0.07198696783077223,0.24044694670267677,5.4651928198591
561,CCCCC=C,test,ElectroShape,5,15,0.33294741694213315,0.4534535600669092,4.702901721256084
562,C(F)(F)(F)Br,test,ElectroShape,5,15,1.7619645681779171e-07,1.666655830274558,8.888262541138245
563,CC(C)CCO,test,ElectroShape,5,15,0.13619534606844474,0.06057520583683167,3.9055095146211234
564,CCCc1ccccc1,test,ElectroShape,5,15,0.5747884109998992,0.4817069687323207,4.73088641651543
565,CCOC(=O)CC(=O)OCC,test,ElectroShape,5,15,0.2241031501311879,0.5592534017162328,5.805923393179419
566,C(C(Cl)(Cl)Cl)Cl,test,ElectroShape,5,15,4.323678213439682e-07,0.7999472104744678,4.740726798179018
567,c1ccc(cc1)c2ccccc2Cl,test,ElectroShape,5,15,0.02128779764702652,0.24509445545762423,4.9986790630470015
568,Cc1ccccc1C,test,ElectroShape,5,15,0.0014290242801115712,0.4397390923540294,5.223488265302248
569,CC(=O)OCC(COC(=O)C)OC(=O)C,test,ElectroShape,5,15,0.133417022156779,0.5568711803215676,6.299703151126329
570,CCOP(=S)(OCC)S[C@@H](CCl)N1C(=O)c2ccccc2C1=O,test,ElectroShape,5,15,0.712661413720702,1.045661781989861,4.740324269179756
571,CCCCOCCO,test,ElectroShape,5,15,0.20786002782651508,0.532373594706879,4.141889309758431
572,CCCS,test,ElectroShape,5,15,0.3984396664484418,0.6063963513054541,4.494502745748993
573,CCOCCOC(=O)C,test,ElectroShape,5,15,0.16625300276594057,0.7293098558631625,5.161811296112964
574,CCC(=O)O,test,ElectroShape,5,15,0.6245917185944142,1.6248791830053977,6.533065517014085
575,C1(C(C(C1(F)F)(F)F)(F)F)(F)F,test,ElectroShape,5,15,1.742787727593781e-06,2.0285565154790555,9.396574870745344
576,CCCCCCc1ccccc1,test,ElectroShape,5,15,0.8942126497016011,0.9164215155410896,4.628843424207764
577,CCc1ccc(cc1)C,test,ElectroShape,5,15,0.2889360121786319,0.5204818278504968,4.9271469371463
578,CCCCCCCC(=O)C,test,ElectroShape,5,15,0.49599844879249755,0.25841060501067875,3.75811781362182
579,C1CCC(C1)O,test,ElectroShape,5,15,0.09510169586976736,0.19929067963506422,3.9479512002419765
580,COCOC,test,ElectroShape,5,15,0.1931555716805606,0.7204896710667306,4.444819176608767
581,CCCCCC=O,test,ElectroShape,5,15,0.30987241622768713,0.3930198221636376,3.748498982425023
582,C1=C[C@@H]([C@@H]2[C@H]1[C@@]3(C(=C([C@]2(C3(Cl)Cl)Cl)Cl)Cl)Cl)Cl,test,ElectroShape,5,15,1.3710657680441365e-05,0.606911097192971,4.625750486375881
583,C(F)(F)(F)F,test,ElectroShape,5,15,0.0030304848174744605,4.373039133215605,11.621364473857067
584,c1cc2cccc3c2c(c1)CC3,test,ElectroShape,5,15,4.757481223803518e-06,0.3345160552730515,5.212805246190661
585,CCCCCCCN,test,ElectroShape,5,15,0.49624246185973236,0.40365210172213467,3.697955301494196
586,C(C(F)(F)F)Cl,test,ElectroShape,5,15,0.11347708082462837,0.6390916678330252,6.633663154784303
587,CCO,test,ElectroShape,5,15,0.07175100696187399,0.6758303049840559,4.651768679689952
588,CC1(Cc2cccc(c2O1)OC(=O)NC)C,test,ElectroShape,5,15,0.18356890300244574,1.1479504917780456,5.881668242502556
589,COc1c(c(c(c(c1Cl)C=O)Cl)OC)O,test,ElectroShape,5,15,0.12165094608351205,0.2104672761745987,7.3232659767980035
590,CCCCCCCI,test,ElectroShape,5,15,0.6137843796905806,0.23455519154846904,4.446949562644624
591,c1ccc(c(c1)C(F)(F)F)C(F)(F)F,test,ElectroShape,5,15,0.06151596277919296,0.3727703012898588,6.358524038185995
592,CC[C@@H](C)c1cc(cc(c1O)[N+](=O)[O-])[N+](=O)[O-],test,ElectroShape,5,15,0.103354436182038,0.6950262594154439,5.292497540402994
593,C1CCNC1,test,ElectroShape,5,15,0.0006668708953458858,0.27851181526544827,3.8494060808399455
594,CCCCCCO,test,ElectroShape,5,15,0.15152638744811436,0.44400309678461675,3.8897206695799507
595,CCCCC(C)C,test,ElectroShape,5,15,0.5523528041684586,0.33181292830407744,4.7673787595226935
596,CCCCN,test,ElectroShape,5,15,0.12905749753435147,0.44311661656402956,3.739355977289185
597,CC(C)OC=O,test,ElectroShape,5,15,9.9367007196063e-07,0.15582314961230256,5.193545416680674
598,CCCCCCCCCC,test,ElectroShape,5,15,0.5465971283001471,1.071285616019298,4.510995211594635
599,CCc1ccccn1,test,ElectroShape,5,15,0.09430006561774282,0.37572318599205057,3.8910156025249103
600,CCCCCC(=O)N,test,ElectroShape,5,15,0.5520087672085798,0.5796171399436462,3.808518750441002
601,Cc1ccc(cc1)C(C)C,test,ElectroShape,5,15,0.09134420493401132,0.3397157587875526,4.709440032308621
602,COCCO,test,ElectroShape,5,15,0.22635564145953094,0.8684171669865893,4.918888102082714
603,CCCC#C,test,ElectroShape,5,15,0.22933392742983588,0.2747831551548955,4.659635666035969
604,CC(=O)c1ccc(cc1)OC,test,ElectroShape,5,15,1.0054271458481201e-05,1.1065566698008864,4.720240537909542
605,CCCCCCCCCC(=O)C,test,ElectroShape,5,15,0.8554354641794192,0.22326048252153247,3.810397758756379
606,CCCCCCCCC,test,ElectroShape,5,15,1.0228047177069102,0.6558260899855889,4.609774188089898
607,CCCCCC,test,ElectroShape,5,15,0.4158501617941227,0.39418449097938285,4.89464849114981
608,CC=C,test,ElectroShape,5,15,1.1004973025646367e-06,0.3633663707813075,5.2327477910492775
609,CCN(CC)CC,test,ElectroShape,5,15,0.08444731075013034,0.3966563049877727,4.0553822450380554
610,CCOC(=O)c1ccccc1,test,ElectroShape,5,15,0.0471092048024743,0.675583719244236,4.727324025133571
611,C1CC[S+2](C1)([O-])[O-],test,ElectroShape,5,15,0.5876676513399836,1.4180352683324597,6.418674425256569
612,C[C@@H]1CC[C@H]([C@@H](C1)O)C(C)C,test,ElectroShape,5,15,0.15020960228646604,0.45668800062341836,3.846853547024732
613,CC(C)[N+](=O)[O-],test,ElectroShape,5,15,0.21164149587652917,0.3188847944866903,3.7701180715789038
614,CC(Cl)Cl,test,ElectroShape,5,15,0.4117912956328503,0.5272447723098307,4.7896169226480065
615,c1c(=O)[nH]c(=O)[nH]c1Cl,test,ElectroShape,5,15,3.4585969310801587e-06,0.3433254237913697,7.930087497289112
616,c1ccc(cc1)F,test,ElectroShape,5,15,0.009222320353176449,0.5818508274256126,4.084215925616311
617,CC(C)CC(C)C,test,ElectroShape,5,15,0.14584268858933705,0.22552002989640732,5.187631841687585
618,CCOP(=S)(OCC)SCSc1ccc(cc1)Cl,test,ElectroShape,5,15,0.2641235637128472,0.6270697818974696,4.0871094465229305
619,CC(C)C(C)C(C)C,test,ElectroShape,5,15,0.11634905190886789,0.18337647009874158,5.209859387656989
620,CCCCCOC(=O)CC,test,ElectroShape,5,15,0.18542637936701323,0.18052963529313967,4.465300622862172
621,Cc1c[nH]c2c1cccc2,test,ElectroShape,5,15,0.005666877896572972,0.5794688769845838,3.6785788481265422
622,COP(=O)(OC)OC,test,ElectroShape,5,15,0.08120136256837704,1.1046678611117178,6.17125882480354
623,c1c(cc(c(c1Cl)Cl)Cl)c2cc(c(c(c2Cl)Cl)Cl)Cl,test,ElectroShape,5,15,0.020882351139433132,0.20209968522072147,4.572952641552306
624,CCOC(=O)C,test,ElectroShape,5,15,0.09929121197913084,0.14474949655832717,5.140590999955665
625,CCCCCI,test,ElectroShape,5,15,0.40290010853873687,0.07965775436374126,4.815709983801925
626,CCNc1nc(nc(n1)SC)NC(C)C,test,ElectroShape,5,15,0.2296130888582346,0.5672076972676623,4.273334017573952
627,CCCCC(=O)CCCC,test,ElectroShape,5,15,0.38477356451044503,0.33841069989036143,3.8177493022257036
628,CNC,test,ElectroShape,5,15,1.0614488879751897e-07,0.3813357450793684,3.9698861575522897
629,CCCCO,test,ElectroShape,5,15,0.13126310079775874,0.13224865415395806,3.9998165121010034
630,CC1CCCC1,test,ElectroShape,5,15,0.10669944349536697,0.23952198978443354,5.5773947994975615
631,Cc1cccc(c1N)C,test,ElectroShape,5,15,3.493149842169274e-07,0.31199285665648124,3.789633728266652
632,CC(=O)c1ccccc1,test,ElectroShape,5,15,4.6894187598343594e-07,0.30071836355510206,3.6276850000239405
633,C1=CC(=O)C=CC1=O,test,ElectroShape,5,15,0.0010936053824842438,0.8773060055170147,3.8986875917243617
634,CCCCN(CC)C(=O)SCCC,test,ElectroShape,5,15,0.30641803145581403,0.28201497725122887,3.9623229939549245
635,C[C@@H](c1ccc(c(c1)F)c2ccccc2)C(=O)O,test,ElectroShape,5,15,0.15746922150728335,0.6990481608924696,5.596134471087801
636,c1c(cc(c(c1Cl)Cl)Cl)Cl,test,ElectroShape,5,15,0.10617649109482824,0.10203077628285558,4.695769892625197
637,CCCC(C)C,test,ElectroShape,5,15,0.2095105172038429,0.3161992786488568,5.08352331464556
638,CC(C)(C)OC,test,ElectroShape,5,15,0.014472063069907809,0.45489389733717756,4.1739937788227754
639,C1CCC(=O)C1,test,ElectroShape,5,15,0.024652952154564603,0.24098383824858222,3.8497825210424077
640,CCOP(=O)(OCC)OCC,test,ElectroShape,5,15,0.098107821954161,1.203868462833323,5.578863388520673
641,CC(=O)O,test,ElectroShape,5,15,0.01607006592445688,1.0928079657376641,7.806246400060814
0,CCC(=O)N,train,Pmapper,5,2048,1.1222145920610789e-15,0.0,27.647686694114977
1,CC(=CCC/C(=C\CO)/C)C,train,Pmapper,5,2048,35.03586152273804,0.0,35.105271358183664
2,Cc1ccccn1,train,Pmapper,5,2048,7.043575467574348e-16,0.0,24.737304932242967
3,c1ccc(cc1)CO,train,Pmapper,5,2048,5.681424633657484e-16,0.0,29.241372625370108
4,CC(C)OC(C)C,train,Pmapper,5,2048,3.554447978966673e-16,0.0,26.370685091384633
5,CC(C)(C)Br,train,Pmapper,5,2048,9.371360918460988e-16,0.0,23.87030521450994
6,C(Br)(Br)Br,train,Pmapper,5,2048,2.9893669801409083e-16,0.0,21.433516541669743
7,CCCCl,train,Pmapper,5,2048,2.5438405243138006e-16,0.0,22.690104770063634
8,COP(=O)([C@H](C(Cl)(Cl)Cl)O)OC,train,Pmapper,5,2048,41.98878806358203,0.0,63.4681183479708
9,COc1cc(c(c(c1O)OC)Cl)C=O,train,Pmapper,5,2048,4.073237108696732e-15,0.0,84.0808731067139
10,CC(C)COC=O,train,Pmapper,5,2048,1.2921014001551732,0.0,21.638419783458964
11,CC(C)COC(=O)C,train,Pmapper,5,2048,3.704169028555614,0.0,22.027600208709107
12,CCC(C)CC,train,Pmapper,5,2048,5.447582476759029,0.0,24.332614658569696
13,C(Cl)Cl,train,Pmapper,5,2048,2.9893669801409083e-16,0.0,21.433516541669743
14,c1cc(c(c(c1)Cl)c2c(cccc2Cl)Cl)Cl,train,Pmapper,5,2048,1.0007415106216803e-15,0.0,29.81184587029745
15,CCOC(C)OCC,train,Pmapper,5,2048,12.42537242500964,0.0,33.63565252980966
16,c1ccc(cc1)CCl,train,Pmapper,5,2048,4.002966042486721e-16,0.0,23.759490631266374
17,c1cc2ccc3cccc4c3c2c(c1)cc4,train,Pmapper,5,2048,2.0984389971707484e-15,0.0,43.71893744857424
18,CCCCCCCCl,train,Pmapper,5,2048,15.000632189149421,0.0,28.656444880274428
19,CC(C)O,train,Pmapper,5,2048,4.335559509131367e-16,0.0,23.65873866696472
20,c1cc(ccc1Br)Br,train,Pmapper,5,2048,4.002966042486721e-16,0.0,23.506172624678207
21,C1CCC(CC1)N,train,Pmapper,5,2048,9.550499576785472e-16,0.0,27.328764496133548
22,CC(=O)C(C)(C)C,train,Pmapper,5,2048,2.5438405243138006e-16,0.0,22.619950307099373
23,CC(C)C,train,Pmapper,5,2048,2.9893669801409083e-16,0.0,21.433516541669743
24,CC(C)(C)C(=O)OC,train,Pmapper,5,2048,2.7755575615628914e-16,0.0,22.96384045274517
25,c1cc(ccc1O)Cl,train,Pmapper,5,2048,8.864419988414313e-16,0.0,27.192922791054972
26,C(=C(Cl)Cl)(Cl)Cl,train,Pmapper,5,2048,2.7755575615628914e-16,0.0,21.54722531729266
27,Cc1ccncc1C,train,Pmapper,5,2048,1.914128816512169e-15,0.0,34.11670795778333
28,Cc1cc(ccc1Cl)O,train,Pmapper,5,2048,1.0806867808372692e-15,0.0,39.37833407138871
29,c1cc(cc(c1)O)C=O,train,Pmapper,5,2048,7.070865672341163e-16,0.0,28.042681146570818
30,CN(C)c1ccccc1,train,Pmapper,5,2048,4.041272810440265e-16,0.0,22.01470865669546
31,CCCc1ccc(c(c1)OC)O,train,Pmapper,5,2048,37.19151474680524,0.0,56.74895534204163
32,c1ccc(cc1)CCCO,train,Pmapper,5,2048,21.671116667407063,0.0,33.312353674215906
33,CC(Cl)(Cl)Cl,train,Pmapper,5,2048,9.371360918460988e-16,0.0,23.87030521450994
34,CCc1ccc(cc1)O,train,Pmapper,5,2048,1.6002238762302194e-15,0.0,34.88893052749662
35,COC(C(Cl)Cl)(F)F,train,Pmapper,5,2048,5.9868153382965605,0.0,28.43223592801123
36,COc1ccc(cc1)C(=O)OC,train,Pmapper,5,2048,1.6014870923427645e-15,0.0,40.92066979002939
37,C1CCNCC1,train,Pmapper,5,2048,1.3042167484290357e-15,0.0,36.124520028025735
38,C,train,Pmapper,5,2048,2.9893669801409083e-16,0.0,21.433516541669743
39,CC(C)CO,train,Pmapper,5,2048,3.510833468576701e-16,0.0,22.308177212956185
40,Cc1ccccc1O,train,Pmapper,5,2048,3.078242246215395e-16,0.0,27.942983355922944
41,C(C(Cl)(Cl)Cl)(Cl)Cl,train,Pmapper,5,2048,2.7755575615628914e-16,0.0,21.54722531729266
42,CC#C,train,Pmapper,5,2048,1.797052957135242e-15,0.0,29.017948160247368
43,CC(F)F,train,Pmapper,5,2048,2.9893669801409083e-16,0.0,21.433516541669743
44,CN(C)C(=O)Nc1ccccc1,train,Pmapper,5,2048,1.3563363457780992e-15,0.0,30.73027583114935
45,c1cc(ccc1N)Cl,train,Pmapper,5,2048,7.468261590855957e-16,0.0,24.421983608738802
46,c1cc(ccc1Cl)Cl,train,Pmapper,5,2048,4.002966042486721e-16,0.0,23.506172624678207
47,c1cc(ccc1C#N)O,train,Pmapper,5,2048,7.070865672341163e-16,0.0,28.042681146570818
48,CCCC,train,Pmapper,5,2048,1.9867167391163374,0.0,22.458835070295454
49,CC(C)c1ccccc1,train,Pmapper,5,2048,4.041272810440265e-16,0.0,22.01470865669546
50,CN(CC(F)(F)F)c1ccccc1,train,Pmapper,5,2048,4.041272810440265e-16,0.0,24.733318379055536
51,c1ccc2cc(ccc2c1)N,train,Pmapper,5,2048,6.77599954797753e-16,0.0,43.3654305173149
52,COc1ccccc1N,train,Pmapper,5,2048,1.3334236103572998e-15,0.0,30.639480482545487
53,C[C@H]1CC[C@@H](O1)C,train,Pmapper,5,2048,2.7755575615628914e-16,0.0,22.96384045274517
54,CCOC(=O)C[C@H](C(=O)OCC)SP(=S)(OC)OC,train,Pmapper,5,2048,91.57962463962987,0.0,68.7512498692763
55,c1c2c(cc(c1Cl)Cl)Oc3cc(c(cc3O2)Cl)Cl,train,Pmapper,5,2048,1.1594391321592913e-15,0.0,33.4306269154198
56,Cc1ccnc(c1)C,train,Pmapper,5,2048,7.043575467574348e-16,0.0,31.876719561892912
57,CC(C)COC(=O)C(C)C,train,Pmapper,5,2048,4.469128920522669,0.0,22.122838353020875
58,CC[C@@H](C)CO,train,Pmapper,5,2048,10.137035070716172,0.0,27.751201776869827
59,CCCOCCO,train,Pmapper,5,2048,27.207226844515965,0.0,33.73735873359036
60,c1ccc2c(c1)cccc2N,train,Pmapper,5,2048,1.9012062801353155e-15,0.0,35.94056082031584
61,CC(=C)C,train,Pmapper,5,2048,2.9893669801409083e-16,0.0,21.719319226551686
62,CC(C)(C)c1ccccc1,train,Pmapper,5,2048,4.041272810440265e-16,0.0,22.01470865669546
63,c1ccc(cc1)N,train,Pmapper,5,2048,2.7755575615628914e-16,0.0,22.454283281999825
64,C[C@@H](CO[N+](=O)[O-])O[N+](=O)[O-],train,Pmapper,5,2048,33.73133355100778,0.0,54.47318364249766
65,CCN,train,Pmapper,5,2048,9.742167503148516e-16,0.0,37.815807713372244
66,c1cnccc1C=O,train,Pmapper,5,2048,7.216449660063518e-16,0.0,29.97508754936643
67,CC(C)CC(=O)C,train,Pmapper,5,2048,3.0634050688344967,0.0,22.054203507541715
68,c12c(c(c(c(c1Cl)Cl)Cl)Cl)Oc3c(c(c(c(c3Cl)Cl)Cl)Cl)O2,train,Pmapper,5,2048,2.222656721211735e-15,0.0,55.05267460789319
69,c1ccc(cc1)Br,train,Pmapper,5,2048,4.041272810440265e-16,0.0,22.01470865669546
70,C[C@@H](c1cccc(c1)C(=O)c2ccccc2)C(=O)O,train,Pmapper,5,2048,67.97855110614671,0.0,111.12503888788108
71,COc1cccc(c1O)OC,train,Pmapper,5,2048,1.4200679901044404e-15,0.0,48.72381919320224
72,[C@@H](C(F)(F)F)(F)Br,train,Pmapper,5,2048,2.7755575615628914e-16,0.0,21.54722531729266
73,C=CCl,train,Pmapper,5,2048,1.797052957135242e-15,0.0,29.017948160247368
74,CBr,train,Pmapper,5,2048,2.9893669801409083e-16,0.0,21.719319226551686
75,CCCCC#N,train,Pmapper,5,2048,8.201669198971603,0.0,27.053872268463277
76,CC=O,train,Pmapper,5,2048,3.554447978966673e-16,0.0,23.11885038447274
77,CCc1ccccc1C,train,Pmapper,5,2048,5.874748045952207e-16,0.0,25.77937707728284
78,Cc1ccc(cc1)N,train,Pmapper,5,2048,5.117875266520903e-16,0.0,25.928862943717903
79,c1ccc2c(c1)cccn2,train,Pmapper,5,2048,8.325516122048928e-16,0.0,31.137804440954582
80,c1cc2c(cc1Cl)Oc3c(c(c(c(c3Cl)Cl)Cl)Cl)O2,train,Pmapper,5,2048,2.222656721211735e-15,0.0,49.05027606663767
81,COC(=O)C1CC1,train,Pmapper,5,2048,2.7881772076367275,0.0,22.549124310535582
82,CC(=C)C(=C)C,train,Pmapper,5,2048,2.5438405243138006e-16,0.0,23.172280264402634
83,Cc1ccc(cc1)O,train,Pmapper,5,2048,5.410557748946589e-16,0.0,29.163435529956715
84,c1c(c(c(c(c1Cl)Cl)Cl)Cl)c2c(cc(c(c2Cl)Cl)Cl)Cl,train,Pmapper,5,2048,1.9875783008292022e-15,0.0,52.83632127314897
85,C1C=CC[C@@H]2[C@@H]1C(=O)N(C2=O)SC(Cl)(Cl)Cl,train,Pmapper,5,2048,5.324442579404919e-16,0.0,32.87500164784091
86,CN(C)C(=O)c1ccc(cc1)[N+](=O)[O-],train,Pmapper,5,2048,1.6807599597881898e-15,0.0,39.022878807759696
87,CCC#C,train,Pmapper,5,2048,2.482534153247273e-16,0.0,22.89076316310038
88,Cc1ccccc1N,train,Pmapper,5,2048,2.5286532809710436e-16,0.0,25.450830135187708
89,CCOC=O,train,Pmapper,5,2048,2.8413086951707047,0.0,22.375162975583418
90,[C@@H](C(F)(F)F)(Cl)Br,train,Pmapper,5,2048,2.7755575615628914e-16,0.0,21.54722531729266
91,CC1=CC(=O)CC(C1)(C)C,train,Pmapper,5,2048,2.5438405243138006e-16,0.0,24.81428041069725
92,COP(=S)(OC)SCn1c(=O)c2ccccc2nn1,train,Pmapper,5,2048,132.4360970435139,0.0,137.1175981496141
93,CN1CCNCC1,train,Pmapper,5,2048,24.038768341688332,0.0,55.773513937080686
94,C1CCCC(CC1)O,train,Pmapper,5,2048,3.510833468576701e-16,0.0,22.308177212956185
95,CCCCCC=C,train,Pmapper,5,2048,11.557127572645355,0.0,25.754488716124484
96,CC1CCC(CC1)C,train,Pmapper,5,2048,2.7755575615628914e-16,0.0,22.379422032525287
97,c1cnccc1C#N,train,Pmapper,5,2048,7.216449660063518e-16,0.0,29.97508754936643
98,C1COCCO1,train,Pmapper,5,2048,2.9893669801409083e-16,0.0,21.808456853191856
99,CC(C)Cl,train,Pmapper,5,2048,2.9893669801409083e-16,0.0,21.433516541669743
100,CC(C)CC(C)(C)C,train,Pmapper,5,2048,2.7755575615628914e-16,0.0,21.561747651993205
101,COc1cccc(c1)O,train,Pmapper,5,2048,18.702829097106857,0.0,41.00448240813797
102,CCCCCC(=O)OC,train,Pmapper,5,2048,17.463279886258807,0.0,29.971244055169805
103,CCCN,train,Pmapper,5,2048,16.25852417917291,0.0,35.81524293045352
104,c1ccc(c(c1)N)[N+](=O)[O-],train,Pmapper,5,2048,1.3605895275743566e-15,0.0,33.749386072751086
105,c1c(c(=O)[nH]c(=O)[nH]1)Br,train,Pmapper,5,2048,1.5863835155254233e-15,0.0,49.33559080595732
106,C(C(Cl)Cl)Cl,train,Pmapper,5,2048,2.7864504628367204,0.0,21.89580465334709
107,N,train,Pmapper,5,2048,3.7238012298709097e-16,0.0,21.756108531628453
108,CCC[C@@H](C)O,train,Pmapper,5,2048,16.714949728865193,0.0,27.76256829786467
109,c1cc(c(c(c1)Cl)c2c(cc(cc2Cl)Cl)Cl)Cl,train,Pmapper,5,2048,1.0930905440528891e-15,0.0,36.319317151615266
110,CCCOC=O,train,Pmapper,5,2048,3.677263540031396,0.0,22.196800785370726
111,Cn1cnc2c1c(=O)n(c(=O)n2C)C,train,Pmapper,5,2048,3.659922862057022e-15,0.0,77.52573070089174
112,Cc1cc(cc(c1)O)C,train,Pmapper,5,2048,5.410557748946589e-16,0.0,31.762219024509594
113,C1[C@H]([C@@H]([C@H]([C@H](O1)O)O)O)O,train,Pmapper,5,2048,42.7949964213104,0.0,64.74713058023401
114,Cc1ccc(cc1)C(=O)N(C)C,train,Pmapper,5,2048,1.0189547747663578e-15,0.0,38.25125507087729
115,CS(=O)C,train,Pmapper,5,2048,3.7238012298709097e-16,0.0,21.68958138013545
116,CCC(=O)OCC,train,Pmapper,5,2048,6.210699985736485,0.0,25.383800088163074
117,C(CO[N+](=O)[O-])O,train,Pmapper,5,2048,28.009461789835374,0.0,43.4869663642683
118,CCCC(=O)OCC,train,Pmapper,5,2048,6.205080811828196,0.0,26.46677896795429
119,CCCN(CCC)c1c(cc(cc1[N+](=O)[O-])C(F)(F)F)[N+](=O)[O-],train,Pmapper,5,2048,49.224108874371275,0.0,72.49717507585655
120,CO,train,Pmapper,5,2048,4.335559509131367e-16,0.0,23.65873866696472
121,c1ccc(cc1)CCO,train,Pmapper,5,2048,9.741977562439981,0.0,27.901933000739042
122,C(CBr)Cl,train,Pmapper,5,2048,5.117875266520903e-16,0.0,22.728424172320594
123,CCCCCCC=O,train,Pmapper,5,2048,20.100138323806142,0.0,31.07801619818841
124,c1ccc2c(c1)cccc2O,train,Pmapper,5,2048,1.9090409198767758e-15,0.0,43.30354212346795
125,c1c(cc(cc1Cl)Cl)Cl,train,Pmapper,5,2048,4.611102534756203e-16,0.0,23.508905068315272
126,CCCCC(=O)OCC,train,Pmapper,5,2048,16.74084144231078,0.0,28.76752247750716
127,c1ccc(c(c1)Cl)Cl,train,Pmapper,5,2048,5.998030623559167e-16,0.0,23.37554664152228
128,COCCOC,train,Pmapper,5,2048,8.149543997420054,0.0,24.059902835059354
129,CCl,train,Pmapper,5,2048,2.9893669801409083e-16,0.0,21.719319226551686
130,CCCCC(=O)O,train,Pmapper,5,2048,31.257921322745645,0.0,46.38006328701819
131,c1c(c(=O)[nH]c(=O)[nH]1)C(F)(F)F,train,Pmapper,5,2048,1.5863835155254233e-15,0.0,49.33559080595732
132,C(C(CO)O)O,train,Pmapper,5,2048,26.123014349242663,0.0,36.37869598835491
133,c1ccc(cc1)C(=O)N,train,Pmapper,5,2048,6.864947613722603e-16,0.0,29.854384151873962
134,CCI,train,Pmapper,5,2048,2.9893669801409083e-16,0.0,21.433516541669743
135,CCCNCCC,train,Pmapper,5,2048,24.57393975517972,0.0,51.18009038171768
136,c1ccc2c(c1)Cc3ccccc3C2,train,Pmapper,5,2048,2.7755575615628914e-16,0.0,23.544508574092646
137,CCC/C=C/C=O,train,Pmapper,5,2048,7.814868040690123,0.0,27.12302141238306
138,Cc1ccc2cc(ccc2c1)C,train,Pmapper,5,2048,2.0984389971707484e-15,0.0,35.631072540286695
139,CCCCOC(=O)C,train,Pmapper,5,2048,11.37094254139655,0.0,26.079824019213795
140,Cn1ccnc1,train,Pmapper,5,2048,1.4443570596498132e-15,0.0,26.348450503707003
141,C(C(F)(F)F)O,train,Pmapper,5,2048,3.510833468576701e-16,0.0,22.308177212956185
142,c1ccc(cc1)c2c(cc(cc2Cl)Cl)Cl,train,Pmapper,5,2048,6.39583864858901e-16,0.0,30.584989902627914
143,Cc1ccc(c(c1)C)C,train,Pmapper,5,2048,9.238896857051836e-16,0.0,27.751977071958162
144,C1CCCCC1,train,Pmapper,5,2048,2.9893669801409083e-16,0.0,21.433516541669743
145,CCCCCl,train,Pmapper,5,2048,5.593251092753106,0.0,24.263213885729883
146,CCCCCC(=O)O,train,Pmapper,5,2048,36.56882049755202,0.0,50.24997216025902
147,c1c(c(cc(c1Cl)Cl)Cl)Cl,train,Pmapper,5,2048,6.371703322321508e-16,0.0,25.652773705275976
148,CCCCC(=O)C,train,Pmapper,5,2048,7.602863842565314,0.0,26.836975472452366
149,COc1ccccc1O,train,Pmapper,5,2048,1.3489323969187858e-15,0.0,34.39950958107321
150,CC(=O)c1cccnc1,train,Pmapper,5,2048,12.017851257936853,0.0,33.048846630867835
151,CCCl,train,Pmapper,5,2048,2.9893669801409083e-16,0.0,21.433516541669743
152,CCC#N,train,Pmapper,5,2048,2.761644904721361e-16,0.0,22.701011643731775
153,CCc1ccccc1,train,Pmapper,5,2048,4.002966042486721e-16,0.0,23.759490631266374
154,CCCC1CCCC1,train,Pmapper,5,2048,3.3019708025988725,0.0,21.8913916611189
155,C1CCOCC1,train,Pmapper,5,2048,9.305364597889227e-16,0.0,23.809295781831484
156,CCCC/C=C/C,train,Pmapper,5,2048,9.433832079472598,0.0,26.091129166649324
157,CCCC[C@@H](C)CC,train,Pmapper,5,2048,11.742391616148447,0.0,26.637260834849
158,CCOP(=S)(OCC)Oc1c(cc(c(n1)Cl)Cl)Cl,train,Pmapper,5,2048,64.05107465991405,0.0,121.10975279153764
159,C[N+](=O)[O-],train,Pmapper,5,2048,3.5435946773586813e-16,0.0,29.152747013428282
160,CCCBr,train,Pmapper,5,2048,2.482534153247273e-16,0.0,22.89076316310038
161,c1ccccc1,train,Pmapper,5,2048,2.7755575615628914e-16,0.0,21.592274846440493
162,CC=C(C)C,train,Pmapper,5,2048,2.7755575615628914e-16,0.0,22.345870996876712
163,CNC(=O)Oc1cccc2c1cccc2,train,Pmapper,5,2048,59.65256797123612,0.0,78.03182381518955
164,C([N+](=O)[O-])(Cl)(Cl)Cl,train,Pmapper,5,2048,3.5435946773586813e-16,0.0,29.152747013428282
165,CCCCCCI,train,Pmapper,5,2048,16.12182252281541,0.0,29.209712406737466
166,CCOP(=S)(OCC)Oc1cc(nc(n1)C(C)C)C,train,Pmapper,5,2048,84.75766769242257,0.0,115.26422753689111
167,CC(=O)Oc1ccccc1C(=O)O,train,Pmapper,5,2048,2.6005767237697485e-15,0.0,85.45868967242234
168,CN1CCN(CC1)C,train,Pmapper,5,2048,27.72163041996558,0.0,48.76909140552252
169,c1ccc(c(c1)N)Cl,train,Pmapper,5,2048,6.002845097075651e-16,0.0,26.355971281000983
170,C[C@@H]1CC[C@H](CC1=O)C(=C)C,train,Pmapper,5,2048,10.063747865491987,0.0,29.252206526156012
171,Cc1cc(c2ccccc2c1)C,train,Pmapper,5,2048,1.0662440837687143e-15,0.0,37.686951706163256
172,CC[C@H](C)Cl,train,Pmapper,5,2048,2.2751272758306618,0.0,22.06936486382922
173,c1ccc2c(c1)Oc3ccc(cc3O2)Cl,train,Pmapper,5,2048,5.998030623559167e-16,0.0,26.95835030945629
174,C(Cl)(Cl)(Cl)Cl,train,Pmapper,5,2048,9.371360918460988e-16,0.0,23.87030521450994
175,C[C@@H](CCl)Cl,train,Pmapper,5,2048,2.7864504628367204,0.0,21.842401848859826
176,c1cc(ccc1N)N(=O)=O,train,Pmapper,5,2048,5.222180388738334e-16,0.0,31.030788534151934
177,CCS,train,Pmapper,5,2048,2.9893669801409083e-16,0.0,23.66926558092151
178,c1c(c(=O)[nH]c(=O)[nH]1)Cl,train,Pmapper,5,2048,1.5865049146850062e-15,0.0,52.90947487799127
179,CC(=C)[C@H]1CCC(=CC1)C=O,train,Pmapper,5,2048,9.903013388160112,0.0,30.11845176357961
180,CS(=O)(=O)C,train,Pmapper,5,2048,3.7238012298709097e-16,0.0,24.32001983559044
181,CSC,train,Pmapper,5,2048,2.9893669801409083e-16,0.0,21.433516541669743
182,C=CCCl,train,Pmapper,5,2048,2.5438405243138006e-16,0.0,22.690104770063634
183,C([C@H]([C@H]([C@@H]([C@@H](CO)O)O)O)O)O,train,Pmapper,5,2048,123.83887845344064,0.0,123.90359050898238
184,CCCCCCCBr,train,Pmapper,5,2048,14.076565208945082,0.0,29.20009602899887
185,Cc1ccc(c(c1)OC)O,train,Pmapper,5,2048,1.483755545711304e-15,0.0,42.27167142160977
186,c1ccc(c(c1)C=O)O,train,Pmapper,5,2048,1.0459102296143537e-15,0.0,27.418465750195228
187,CCCCC,train,Pmapper,5,2048,4.275140869691529,0.0,24.448708101207476
188,CCCCCC1CCCC1,train,Pmapper,5,2048,8.585459203362282,0.0,26.324700586449328
189,CCC[C@H](C)CC,train,Pmapper,5,2048,7.303867749189118,0.0,23.697034866209176
190,CC(C)(C)C,train,Pmapper,5,2048,9.371360918460988e-16,0.0,23.87030521450994
191,CC(C)Cc1ccccc1,train,Pmapper,5,2048,2.7755575615628914e-16,0.0,22.52628805788677
192,c1c(c(=O)[nH]c(=O)[nH]1)F,train,Pmapper,5,2048,2.318836736757188e-15,0.0,56.22332528843433
193,CC(C)CCOC=O,train,Pmapper,5,2048,1.453392487207789,0.0,21.652605054843928
194,CS(=O)(=O)Cl,train,Pmapper,5,2048,2.761644904721361e-16,0.0,22.874848857623235
195,S,train,Pmapper,5,2048,2.9893669801409083e-16,0.0,21.433516541669743
196,CCC(=O)CC,train,Pmapper,5,2048,3.5350409606841597,0.0,25.860936060038956
197,c1cc(cnc1)C#N,train,Pmapper,5,2048,8.473409486550036e-16,0.0,28.051599766543806
198,c1cc(c(cc1c2c(c(cc(c2Cl)Cl)Cl)Cl)Cl)Cl,train,Pmapper,5,2048,6.765339875814526,0.0,47.71901539592614
199,c1cc(cc(c1)[N+](=O)[O-])N,train,Pmapper,5,2048,5.222180388738334e-16,0.0,32.455456948324645
200,CCCC#N,train,Pmapper,5,2048,2.482534153247273e-16,0.0,25.776606099240237
201,Cc1ccc(nc1)C,train,Pmapper,5,2048,1.4400838045461713e-15,0.0,28.46392474773749
202,c1cc2c(cc1Cl)Oc3cc(c(c(c3O2)Cl)Cl)Cl,train,Pmapper,5,2048,1.8345994578684288e-15,0.0,43.92939596899359
203,CCCCBr,train,Pmapper,5,2048,5.250847826721125,0.0,24.07839585253433
204,c1ccc(cc1)I,train,Pmapper,5,2048,4.041272810440265e-16,0.0,22.01470865669546
205,CC1CCCCC1,train,Pmapper,5,2048,2.7755575615628914e-16,0.0,21.54722531729266
206,CCc1ccccc1O,train,Pmapper,5,2048,6.24808770526865e-16,0.0,32.823536503584755
207,CC,train,Pmapper,5,2048,2.9893669801409083e-16,0.0,21.719319226551686
208,C(CO[N+](=O)[O-])CO[N+](=O)[O-],train,Pmapper,5,2048,34.616476723510075,0.0,64.75053475724533
209,CC(=O)N1CCCC1,train,Pmapper,5,2048,6.866350197783356e-16,0.0,25.084475521217495
210,CCOP(=S)(OCC)SCSP(=S)(OCC)OCC,train,Pmapper,5,2048,132.09860057358162,0.0,122.96711934513363
211,CC[C@H](C)c1ccccc1,train,Pmapper,5,2048,13.887307005533808,0.0,28.21245329174963
212,CI,train,Pmapper,5,2048,2.7755575615628914e-16,0.0,21.54722531729266
213,CC(C)I,train,Pmapper,5,2048,2.9893669801409083e-16,0.0,21.433516541669743
214,CCC[N+](=O)[O-],train,Pmapper,5,2048,5.321585924006999,0.0,27.853586353822255
215,C(=C/Cl)\Cl,train,Pmapper,5,2048,5.117875266520903e-16,0.0,22.728424172320594
216,CCCC=C,train,Pmapper,5,2048,4.275140869691529,0.0,24.21440071153065
217,c1cc2c(cc1Cl)Oc3ccc(cc3O2)Cl,train,Pmapper,5,2048,5.998030623559167e-16,0.0,29.571904938783586
218,CCC(=O)OC,train,Pmapper,5,2048,5.229551148071769e-16,0.0,24.55706696789302
219,c1cc(ccc1O)F,train,Pmapper,5,2048,5.410557748946589e-16,0.0,29.163435529956715
220,C(CCCl)CCl,train,Pmapper,5,2048,9.348883984822226,0.0,25.270946213832897
221,CC(C)OC(=O)C,train,Pmapper,5,2048,5.23691153334427e-16,0.0,22.35499770456417
222,CCNc1nc(nc(n1)SC)NC(C)(C)C,train,Pmapper,5,2048,64.14096579205844,0.0,96.24699417545497
223,c1cc(cc(c1)Cl)N,train,Pmapper,5,2048,7.468261590855957e-16,0.0,24.421983608738802
224,CC(=O)NC,train,Pmapper,5,2048,5.117875266520903e-16,0.0,26.952107180808127
225,C1CC1,train,Pmapper,5,2048,2.9893669801409083e-16,0.0,21.433516541669743
226,C(CCl)Cl,train,Pmapper,5,2048,5.117875266520903e-16,0.0,22.728424172320594
227,C(CCl)OCCCl,train,Pmapper,5,2048,11.11778377053541,0.0,24.394376981009156
228,C1[C@@H]2[C@H]3[C@@H]([C@H]1[C@H]4[C@@H]2O4)[C@@]5(C(=C([C@]3(C5(Cl)Cl)Cl)Cl)Cl)Cl,train,Pmapper,5,2048,1.6316289290541755e-15,0.0,60.94263478014283
229,C1CC=CC1,train,Pmapper,5,2048,2.9893669801409083e-16,0.0,21.433516541669743
230,CC(C)C=O,train,Pmapper,5,2048,2.7755575615628914e-16,0.0,21.57293599420494
231,CC(C)CBr,train,Pmapper,5,2048,2.5438405243138006e-16,0.0,22.092410947291203
232,c1cc(c(c(c1Cl)Cl)Cl)Cl,train,Pmapper,5,2048,6.371703322321508e-16,0.0,25.652773705275976
233,Cc1ccc(c(c1)O)C,train,Pmapper,5,2048,5.403433904186346e-16,0.0,36.233731749625335
234,c1ccc2c(c1)C(=O)c3cccc(c3C2=O)N,train,Pmapper,5,2048,2.3212026220081975e-15,0.0,44.305441440770004
235,CC(C)Cc1cnccn1,train,Pmapper,5,2048,10.789170316915211,0.0,32.92647475675982
236,c1cc(ccc1O)Br,train,Pmapper,5,2048,1.6002238762302194e-15,0.0,30.836583026872393
237,CCCCCCCCC=O,train,Pmapper,5,2048,28.514434356814196,0.0,33.888638219663584
238,C(CO)O,train,Pmapper,5,2048,5.79553433516819e-16,0.0,27.002987731786824
239,CC1=CC[C@H](C[C@@H]1O)C(=C)C,train,Pmapper,5,2048,22.648959343979367,0.0,35.45534318505408
240,CC(=C)c1ccccc1,train,Pmapper,5,2048,3.885780586188048e-16,0.0,25.94537117792228
241,CCc1cccc(c1N(COC)C(=O)CCl)CC,train,Pmapper,5,2048,51.596651239790184,0.0,66.46821306770647
242,c1ccc(c(c1)O)I,train,Pmapper,5,2048,6.24808770526865e-16,0.0,28.9790745484302
243,c1ccc(cc1)C(F)(F)F,train,Pmapper,5,2048,4.041272810440265e-16,0.0,22.01470865669546
244,Cc1ccc(cc1)C=O,train,Pmapper,5,2048,2.540052226568824e-16,0.0,26.41194131766541
245,CCOP(=O)(OCC)O/C(=C/Cl)/c1ccc(cc1Cl)Cl,train,Pmapper,5,2048,98.46507890185588,0.0,118.71284412755598
246,CCC(CC)O,train,Pmapper,5,2048,24.240927045080404,0.0,32.05249442353761
247,c1ccc(cc1)Cn2ccnc2,train,Pmapper,5,2048,1.448551232925468e-15,0.0,37.422096681524266
248,COC(=O)C1CCCCC1,train,Pmapper,5,2048,3.7841941107521073,0.0,22.041547781911294
249,CC[C@H](C(C)C)O,train,Pmapper,5,2048,12.098787617323396,0.0,27.03862903463523
250,Cc1cccnc1C,train,Pmapper,5,2048,1.6919522065759386e-15,0.0,29.642084136660717
251,CCCCCCC#C,train,Pmapper,5,2048,12.821546207012744,0.0,29.347884410750787
252,COc1ccccc1OC,train,Pmapper,5,2048,6.292624226552987e-16,0.0,29.387054593648816
253,CC1=CCCCC1,train,Pmapper,5,2048,2.7755575615628914e-16,0.0,21.54722531729266
254,C(=C\Cl)\Cl,train,Pmapper,5,2048,2.5438405243138006e-16,0.0,22.690104770063634
255,CC(=C)C=C,train,Pmapper,5,2048,2.482534153247273e-16,0.0,24.076970027393696
256,c1ccc2ccccc2c1,train,Pmapper,5,2048,5.117875266520903e-16,0.0,22.988273946640046
257,Cc1cccc(c1C)Nc2ccccc2C(=O)O,train,Pmapper,5,2048,108.6072192944999,0.0,108.25404303721601
258,CCCC=O,train,Pmapper,5,2048,6.440779860538385,0.0,24.007856202912947
259,C1CCOC1,train,Pmapper,5,2048,3.723154680472882e-16,0.0,31.269160444825232
260,Cc1c(c(=O)n(c(=O)[nH]1)C(C)(C)C)Cl,train,Pmapper,5,2048,3.6059556319414726e-15,0.0,62.79394010445217
261,c1ccc(cc1)c2cc(c(c(c2Cl)Cl)Cl)Cl,train,Pmapper,5,2048,7.740521983037508e-16,0.0,38.986363601778415
262,CCCCCCCCC(=O)C,train,Pmapper,5,2048,45.20483808501389,0.0,43.77652855176955
263,COc1c(cc(c(c1O)OC)Cl)Cl,train,Pmapper,5,2048,3.3585393399939747e-15,0.0,71.19449970396276
264,CC(C)(C)O,train,Pmapper,5,2048,4.335559509131367e-16,0.0,23.65873866696472
265,c1ccc(cc1)[N+](=O)[O-],train,Pmapper,5,2048,2.761644904721361e-16,0.0,24.08993182112908
266,c1ccc(c(c1)O)Cl,train,Pmapper,5,2048,6.24808770526865e-16,0.0,28.9790745484302
267,CC1=CC(=O)[C@@H](CC1)C(C)C,train,Pmapper,5,2048,5.279713027965621,0.0,24.23700966037253
268,C1CCC=CC1,train,Pmapper,5,2048,2.9893669801409083e-16,0.0,21.433516541669743
269,CCCCCCCCCCO,train,Pmapper,5,2048,73.2557656152426,0.0,59.6566591227977
270,CCOCCOCC,train,Pmapper,5,2048,13.705135706901595,0.0,28.2141200302541
271,CCCCC/C=C/C=O,train,Pmapper,5,2048,23.543633449886872,0.0,41.81847993947994
272,CCCCCC#C,train,Pmapper,5,2048,7.998900251729228,0.0,26.283050893287413
273,CCC[C@H](CC)O,train,Pmapper,5,2048,16.027678858130397,0.0,34.7079733675814
274,CSSC,train,Pmapper,5,2048,2.7755575615628914e-16,0.0,21.561747651993205
275,CCCCCCCC=C,train,Pmapper,5,2048,21.12735779102445,0.0,36.473149190247725
276,COC(C(F)(F)F)(OC)OC,train,Pmapper,5,2048,7.136921481307971,0.0,30.68036405332493
277,CCCCCCC,train,Pmapper,5,2048,6.042053335269987,0.0,27.379914311543182
278,Cc1ccc(cc1)C(=O)C,train,Pmapper,5,2048,9.613811836682859e-16,0.0,32.478941473032734
279,CCCC(=O)C,train,Pmapper,5,2048,5.538530445865394,0.0,23.20140611950548
280,CCCCc1ccccc1,train,Pmapper,5,2048,16.04609284486812,0.0,28.96265000598177
281,c1c(c(=O)[nH]c(=O)[nH]1)I,train,Pmapper,5,2048,1.5230832603683968e-15,0.0,48.61047672899843
282,CCCC(C)(C)C,train,Pmapper,5,2048,2.0829827634770437,0.0,22.113539725726493
283,CCCCCCCCN,train,Pmapper,5,2048,90.1232418867923,0.0,84.79318265677789
284,C=C(Cl)Cl,train,Pmapper,5,2048,2.9893669801409083e-16,0.0,21.719319226551686
285,c1(c(c(c(c(c1Cl)Cl)Cl)Cl)Cl)c2c(c(c(c(c2Cl)Cl)Cl)Cl)Cl,train,Pmapper,5,2048,1.9875783008292022e-15,0.0,52.83632127314897
286,c1ccc2c(c1)Oc3cc(c(cc3O2)Cl)Cl,train,Pmapper,5,2048,1.1594391321592913e-15,0.0,29.306114325397967
287,c1ccncc1,train,Pmapper,5,2048,7.216449660063518e-16,0.0,23.006321601731255
288,c1cc(cc(c1)O)[N+](=O)[O-],train,Pmapper,5,2048,7.061326097850568e-16,0.0,39.05750801837957
289,CN1CCCCC1,train,Pmapper,5,2048,23.81753634624603,0.0,42.391611734109944
290,CC(C)C(=O)C(C)C,train,Pmapper,5,2048,2.5438405243138006e-16,0.0,22.619950307099373
291,c1cc(c(cc1Cl)Cl)Cl,train,Pmapper,5,2048,6.371703322321508e-16,0.0,25.652773705275976
292,CCCCCCBr,train,Pmapper,5,2048,11.592486909483505,0.0,25.715841018775848
293,C=CCO,train,Pmapper,5,2048,6.009725383803817,0.0,24.529991678461172
294,c1cc(cc(c1)Cl)O,train,Pmapper,5,2048,8.864419988414313e-16,0.0,27.192922791054972
295,CCCCS,train,Pmapper,5,2048,13.04875984363268,0.0,27.790399753012267
296,CCCCOC(=O)c1ccc(cc1)O,train,Pmapper,5,2048,67.1389166084809,0.0,64.39008753442405
297,c1(c(c(c(c(c1Cl)Cl)Cl)Cl)Cl)Cl,train,Pmapper,5,2048,6.371703322321508e-16,0.0,26.165800982388326
298,CC#N,train,Pmapper,5,2048,3.554447978966673e-16,0.0,23.11885038447274
299,CCOC(OCC)Oc1ccccc1,train,Pmapper,5,2048,12.558071469899266,0.0,55.623204310343226
300,c1ccc(c(c1)[N+](=O)[O-])O,train,Pmapper,5,2048,2.2879417800382305e-15,0.0,40.76293137489803
301,CC(C)(C)Cl,train,Pmapper,5,2048,9.371360918460988e-16,0.0,23.87030521450994
302,Cc1cccc(c1)C,train,Pmapper,5,2048,2.5438405243138006e-16,0.0,23.636657372029497
303,C=CCCC=C,train,Pmapper,5,2048,9.377360093980915,0.0,25.792044063975354
304,CCNCC,train,Pmapper,5,2048,6.626692689544786,0.0,50.19499263795817
305,CC(C)OC,train,Pmapper,5,2048,3.554447978966673e-16,0.0,27.70511346558908
306,c1ccc(cc1)C#N,train,Pmapper,5,2048,2.7755575615628914e-16,0.0,22.440154580557927
307,CC(=O)CO[N+](=O)[O-],train,Pmapper,5,2048,24.280948019265747,0.0,34.82932166277532
308,CN,train,Pmapper,5,2048,4.1910000110727263e-16,0.0,28.93996976855776
309,CCCCC=O,train,Pmapper,5,2048,9.167496222153654,0.0,26.75760112924237
310,c1ccc(cc1)Cl,train,Pmapper,5,2048,4.041272810440265e-16,0.0,22.01470865669546
311,c1ccc2c(c1)Oc3c(cc(c(c3O2)Cl)Cl)Cl,train,Pmapper,5,2048,1.2603598764363264e-15,0.0,37.64522927862486
312,CCCCNCCCC,train,Pmapper,5,2048,56.570907265164294,0.0,65.87075331058676
313,Cc1ccc(cc1C)O,train,Pmapper,5,2048,1.6901299634984134e-15,0.0,36.22192412986983
314,C=O,train,Pmapper,5,2048,3.7238012298709097e-16,0.0,21.68958138013545
315,CCCC(C)(C)O,train,Pmapper,5,2048,10.7538595648512,0.0,35.41413571417934
316,CCOC(=O)c1ccc(cc1)O,train,Pmapper,5,2048,16.00580206059694,0.0,51.93616296403517
317,CC(C)CO[N+](=O)[O-],train,Pmapper,5,2048,10.292436670678866,0.0,27.79044671276871
318,c1cc(ccc1[N+](=O)[O-])O,train,Pmapper,5,2048,7.06405300511493e-16,0.0,34.33361137628936
319,C(CO[N+](=O)[O-])O[N+](=O)[O-],train,Pmapper,5,2048,26.096269289270545,0.0,46.716502815378625
320,CCCO,train,Pmapper,5,2048,8.77404814053825,0.0,24.259545330373324
321,CCCCCOC(=O)C,train,Pmapper,5,2048,17.960439524696476,0.0,29.646061568949833
322,COC(c1ccccc1)(OC)OC,train,Pmapper,5,2048,28.054189402472453,0.0,39.10882873432578
323,CCCC[N+](=O)[O-],train,Pmapper,5,2048,13.486831171242901,0.0,31.240258389896365
324,CCOC(=O)CCC(=O)OCC,train,Pmapper,5,2048,23.83329945995413,0.0,32.55555078078215
325,CC(=O)OCCOC(=O)C,train,Pmapper,5,2048,7.08154707800622,0.0,26.21897196337607
326,c1ccc2c(c1)C(=O)NC2=O,train,Pmapper,5,2048,8.176125510881114e-16,0.0,33.35792072708068
327,c1cc(cc(c1)C(F)(F)F)C(F)(F)F,train,Pmapper,5,2048,4.611102534756203e-16,0.0,22.825805759250574
328,C[C@H](C(F)(F)F)O,train,Pmapper,5,2048,3.3190841028655766e-16,0.0,23.60897944106352
329,CC(C)(C)c1ccc(cc1)O,train,Pmapper,5,2048,1.6002238762302194e-15,0.0,30.836583026872393
330,CCCOC,train,Pmapper,5,2048,7.406776038452743,0.0,23.98968999069011
331,c1ccc2c(c1)ccc3c2cccc3,train,Pmapper,5,2048,1.8486130188118636e-15,0.0,40.02046321833433
332,c1cc(c(c(c1)Cl)C#N)Cl,train,Pmapper,5,2048,4.602741507868935e-16,0.0,29.60165715886502
333,c1ccc2c(c1)C(=O)c3cccc(c3C2=O)NCCO,train,Pmapper,5,2048,131.89490220233708,0.0,97.09376374831439
334,Cc1cc(cc(c1)C)C,train,Pmapper,5,2048,2.5438405243138006e-16,0.0,23.636657372029497
335,CC(OC)(OC)OC,train,Pmapper,5,2048,9.113262472233199,0.0,31.007719579912738
336,CN(C)C(=O)c1ccc(cc1)OC,train,Pmapper,5,2048,12.289779905118325,0.0,39.95740522990681
337,CF,train,Pmapper,5,2048,2.9893669801409083e-16,0.0,21.719319226551686
338,Cc1ccccc1[N+](=O)[O-],train,Pmapper,5,2048,1.018576683927825e-15,0.0,30.574282844956368
339,COCCN,train,Pmapper,5,2048,35.4660775386376,0.0,44.148123509390416
340,Cc1cnccn1,train,Pmapper,5,2048,1.4400838045461713e-15,0.0,30.758814588448697
341,c1cc(c(c(c1c2cc(c(c(c2Cl)Cl)Cl)Cl)Cl)Cl)Cl,train,Pmapper,5,2048,1.9875783008292022e-15,0.0,51.580241587992454
342,c1ccc2c(c1)CCC2,train,Pmapper,5,2048,2.5438405243138006e-16,0.0,22.341075912136482
343,Cn1cccc1,train,Pmapper,5,2048,2.5438405243138006e-16,0.0,22.341075912136482
344,CC(=O)C1CC1,train,Pmapper,5,2048,3.4087659935217953,0.0,22.28402977132454
345,CCCCI,train,Pmapper,5,2048,8.959525385763877,0.0,25.423467009046636
346,COS(=O)(=O)OC,train,Pmapper,5,2048,1.0539812104219684e-15,0.0,28.058753159766617
347,COCC(OC)(OC)OC,train,Pmapper,5,2048,16.752677326629996,0.0,42.51401390293947
348,c1cc[nH]c1,train,Pmapper,5,2048,1.2863743655007717e-15,0.0,25.494974795756228
349,Cc1ccc(c2c1cccc2)C,train,Pmapper,5,2048,1.0891190259783816e-15,0.0,30.09313113834391
350,CCCCCc1ccccc1,train,Pmapper,5,2048,32.674615502065336,0.0,42.32700518564429
351,C=C(c1ccccc1)c2ccccc2,train,Pmapper,5,2048,2.0388543822366052e-15,0.0,39.748569975848824
352,c1ccc(cc1)O,train,Pmapper,5,2048,3.284083995358298e-16,0.0,23.55952433474887
353,COc1ccc(cc1)N,train,Pmapper,5,2048,1.4054300946555646e-15,0.0,33.804752953854624
354,CN(C)CCC=C1c2ccccc2CCc3c1cccc3,train,Pmapper,5,2048,104.86032721347709,0.0,96.81653155705368
355,CCOCCO,train,Pmapper,5,2048,22.088590851869018,0.0,31.09347286598207
356,CCCOC(=O)c1ccc(cc1)O,train,Pmapper,5,2048,42.237449654494846,0.0,55.57631805341141
357,C(CCl)CCl,train,Pmapper,5,2048,4.6279879712575145,0.0,23.753072483942614
358,c1ccc2c(c1)C(=O)c3ccc(cc3C2=O)N,train,Pmapper,5,2048,1.8512677645432837e-15,0.0,64.1935992062339
359,c1cc(cc(c1)Cl)Cl,train,Pmapper,5,2048,4.611102534756203e-16,0.0,22.825805759250574
360,CCCCCCCC(=O)OC,train,Pmapper,5,2048,42.00077877848179,0.0,39.239273633667786
361,CCCCCCCCO,train,Pmapper,5,2048,50.39342269535342,0.0,53.70688220750806
362,C(C(F)(Cl)Cl)(F)(F)Cl,train,Pmapper,5,2048,2.7755575615628914e-16,0.0,21.54722531729266
363,C[C@@H]1CC[C@H](C(=O)C1)C(C)C,train,Pmapper,5,2048,7.053368172311849,0.0,23.698277502635467
364,[C@@H](C(F)(F)F)(OC(F)F)Cl,train,Pmapper,5,2048,1.0488523176472411e-15,0.0,25.21804454742431
365,c1ccc(cc1)CBr,train,Pmapper,5,2048,4.002966042486721e-16,0.0,23.759490631266374
366,CCCCCN,train,Pmapper,5,2048,47.52064833099819,0.0,56.87085841378499
367,c1(=O)[nH]c(=O)[nH]c(=O)[nH]1,train,Pmapper,5,2048,1.4271197974204906e-15,0.0,45.275064283910076
368,c1cc(cnc1)Cl,train,Pmapper,5,2048,8.968100940422724e-16,0.0,25.809683634683356
369,c1ccc2c(c1)Oc3ccccc3O2,train,Pmapper,5,2048,2.7755575615628914e-16,0.0,23.544508574092646
370,C1CCC(=O)CC1,train,Pmapper,5,2048,2.7755575615628914e-16,0.0,21.57293599420494
371,c1ccnc(c1)Cl,train,Pmapper,5,2048,8.899114524108741e-16,0.0,25.716852113101393
372,C[C@@H](CCO[N+](=O)[O-])O[N+](=O)[O-],train,Pmapper,5,2048,45.91640961866818,0.0,55.270782757065824
373,CC(C)CCOC(=O)C,train,Pmapper,5,2048,4.613361270925029,0.0,22.24067145360733
374,Cc1ccccc1Cl,train,Pmapper,5,2048,5.900916318210353e-16,0.0,24.46602598743154
375,COC=O,train,Pmapper,5,2048,2.7755575615628914e-16,0.0,21.57293599420494
376,CCC(C)(C)O,train,Pmapper,5,2048,15.266007720484524,0.0,30.987015025573136
377,CCC=O,train,Pmapper,5,2048,2.761644904721361e-16,0.0,22.701011643731775
378,NN,train,Pmapper,5,2048,5.795118929344973e-16,0.0,46.43836393114302
379,c1cc(c(cc1c2cc(c(c(c2Cl)Cl)Cl)Cl)Cl)Cl,train,Pmapper,5,2048,7.689789763188354,0.0,51.04063840703245
380,Cc1ccccc1C=O,train,Pmapper,5,2048,6.3842450471806815,0.0,25.37042800051763
381,CCCCC[N+](=O)[O-],train,Pmapper,5,2048,22.267513639214354,0.0,37.562160611330725
382,CC(C)SC(C)C,train,Pmapper,5,2048,2.5438405243138006e-16,0.0,22.241052666930564
383,CCc1cccnc1,train,Pmapper,5,2048,8.95090418262362e-16,0.0,27.397121996788666
384,COC(CC#N)(OC)OC,train,Pmapper,5,2048,1.5102578697486742e-15,0.0,46.2890410132995
385,CN(C)C(=O)c1ccccc1,train,Pmapper,5,2048,1.025079205553247e-15,0.0,25.474358960865793
386,C(Cl)(Cl)Cl,train,Pmapper,5,2048,2.9893669801409083e-16,0.0,21.433516541669743
387,C[C@@H](c1ccc2cc(ccc2c1)OC)C(=O)O,train,Pmapper,5,2048,97.74519850743192,0.0,124.98183933119522
388,CCCC(=C)C,train,Pmapper,5,2048,5.947651679280008,0.0,23.80959252059432
389,Cc1ccc(cc1)Br,train,Pmapper,5,2048,3.8459253727671276e-16,0.0,26.12100857663739
390,CCCCCCCO,train,Pmapper,5,2048,42.87553804223083,0.0,43.084744065487364
391,CCSSCC,train,Pmapper,5,2048,3.5842291687740597,0.0,22.05734914866289
392,CC/C=C\C,train,Pmapper,5,2048,2.4196749845665633e-16,0.0,24.30270621618164
393,CSc1ccccc1,train,Pmapper,5,2048,4.041272810440265e-16,0.0,26.579299365189364
394,c1ccc(cc1)Oc2ccccc2,train,Pmapper,5,2048,9.305364597889227e-16,0.0,25.833072214982284
395,c1c2c(cc(c1Cl)Cl)Oc3c(c(c(c(c3Cl)Cl)Cl)Cl)O2,train,Pmapper,5,2048,2.222656721211735e-15,0.0,49.05027606663767
396,CCOP(=S)(OCC)Oc1ccc(cc1)[N+](=O)[O-],train,Pmapper,5,2048,94.6797622584185,0.0,89.64541137739347
397,c1cc(c(cc1O)Cl)Cl,train,Pmapper,5,2048,9.910722837601151e-16,0.0,38.453673298922396
398,c1ccc(cc1)c2cc(ccc2Cl)Cl,train,Pmapper,5,2048,9.730298868281309e-16,0.0,40.91917791674792
399,CCCOCCC,train,Pmapper,5,2048,7.602294356615221,0.0,25.345236422534768
400,CCCCCCCl,train,Pmapper,5,2048,11.731589518530226,0.0,25.147894965709654
401,COC(OC)OC,train,Pmapper,5,2048,7.119724442439612e-16,0.0,27.38446404075905
402,c1ccc2c(c1)Oc3cccc(c3O2)Cl,train,Pmapper,5,2048,9.757969893912614e-16,0.0,28.9962876561407
403,c1cc(c(cc1Cl)c2cc(c(c(c2)Cl)Cl)Cl)Cl,train,Pmapper,5,2048,1.5404344466674047e-15,0.0,49.15808119746095
404,Cc1cccc(c1)O,train,Pmapper,5,2048,5.410557748946589e-16,0.0,29.589133083267864
405,c1cnc[nH]1,train,Pmapper,5,2048,2.3347702487811585e-15,0.0,32.69747610230887
406,C(Br)Br,train,Pmapper,5,2048,2.9893669801409083e-16,0.0,21.433516541669743
407,CCC(C)(C)C,train,Pmapper,5,2048,2.7755575615628914e-16,0.0,22.345870996876712
408,CCCCCCN,train,Pmapper,5,2048,51.26573001090773,0.0,49.594146162201
409,C1[C@H]([C@@H]2[C@H]([C@H]1Cl)[C@]3(C(=C([C@@]2(C3(Cl)Cl)Cl)Cl)Cl)Cl)Cl,train,Pmapper,5,2048,1.6345182834260293e-15,0.0,43.572858461012956
410,Cc1c(nc(nc1OC(=O)N(C)C)N(C)C)C,validation,Pmapper,5,2048,2.7345229203789613e-15,0.0,77.76506485443844
411,CCCc1ccc(cc1)O,validation,Pmapper,5,2048,24.72098111631886,0.0,36.56738421292748
412,Cc1cccc(n1)C,validation,Pmapper,5,2048,7.043575467574348e-16,0.0,26.05864194504861
413,CC(=O)C,validation,Pmapper,5,2048,3.7238012298709097e-16,0.0,21.68958138013545
414,Cc1ccc(cc1)C,validation,Pmapper,5,2048,2.5438405243138006e-16,0.0,23.636657372029497
415,c1(c(c(c(c(c1Cl)Cl)Cl)Cl)Cl)N(=O)=O,validation,Pmapper,5,2048,2.0346465087234103e-15,0.0,48.64191307968357
416,c1ccc2c(c1)C(=O)c3c(ccc(c3C2=O)O)N,validation,Pmapper,5,2048,3.337110234533812e-15,0.0,69.24368197922506
417,C1CNC1,validation,Pmapper,5,2048,4.1910000110727263e-16,0.0,28.93996976855776
418,C[C@@H](C(F)(F)F)O,validation,Pmapper,5,2048,3.3190841028655766e-16,0.0,23.60897944106352
419,CCCCOCCCC,validation,Pmapper,5,2048,21.62273256271248,0.0,33.79542057466873
420,CCCCCBr,validation,Pmapper,5,2048,7.271321531900471,0.0,25.786608913364976
421,COC(=O)CCl,validation,Pmapper,5,2048,5.229551148071769e-16,0.0,24.55706696789302
422,c1ccc(cc1)c2ccccc2,validation,Pmapper,5,2048,2.7755575615628914e-16,0.0,23.544508574092646
423,CC(C)C=C,validation,Pmapper,5,2048,2.7864504628367204,0.0,21.89580465334709
424,CCCC[N@](CC)c1c(cc(cc1[N+](=O)[O-])C(F)(F)F)[N+](=O)[O-],validation,Pmapper,5,2048,72.84731111554565,0.0,87.96116731083795
425,CC[C@H](C)O[N+](=O)[O-],validation,Pmapper,5,2048,19.53133278600917,0.0,36.19042373936964
426,CC(C)(/C=N\OC(=O)NC)SC,validation,Pmapper,5,2048,58.855947273279725,0.0,69.45659916633764
427,CCSC,validation,Pmapper,5,2048,5.622911791210932,0.0,24.256307860952163
428,CCOP(=S)(OCC)SCSCC,validation,Pmapper,5,2048,37.04512447667609,0.0,48.507324065739276
429,CCCCCCCC,validation,Pmapper,5,2048,12.688314096519825,0.0,29.149991979894544
430,CCCOC(=O)CC,validation,Pmapper,5,2048,8.246013069415508,0.0,25.96512846227246
431,C(=C(Cl)Cl)Cl,validation,Pmapper,5,2048,2.5438405243138006e-16,0.0,22.092410947291203
432,c1ccsc1,validation,Pmapper,5,2048,2.7755575615628914e-16,0.0,21.592274846440493
433,CCC(C)C,validation,Pmapper,5,2048,2.7864504628367204,0.0,21.842401848859826
434,CCc1cnccn1,validation,Pmapper,5,2048,9.925286729128137e-16,0.0,34.71841774011947
435,Cc1cccc2c1cccc2,validation,Pmapper,5,2048,1.0662440837687143e-15,0.0,29.04840615700511
436,CC[C@H](C)O,validation,Pmapper,5,2048,12.185056421520375,0.0,26.10612760613382
437,C=Cc1ccccc1,validation,Pmapper,5,2048,4.002966042486721e-16,0.0,23.759490631266374
438,Cc1cc(cnc1)C,validation,Pmapper,5,2048,1.4440903516686547e-15,0.0,27.639956248914043
439,CCCCCC(=O)OCC,validation,Pmapper,5,2048,19.853374095739124,0.0,35.14985449166842
440,CCCI,validation,Pmapper,5,2048,2.482534153247273e-16,0.0,23.237128953390137
441,CCBr,validation,Pmapper,5,2048,2.9893669801409083e-16,0.0,21.433516541669743
442,c1ccc2c(c1)Oc3c(c(c(c(c3Cl)Cl)Cl)Cl)O2,validation,Pmapper,5,2048,1.5416217277185246e-15,0.0,38.65059450500294
443,CCSCC,validation,Pmapper,5,2048,4.37116223686423,0.0,23.55429786579561
444,CCCC(=O)OC,validation,Pmapper,5,2048,5.886962591619947,0.0,23.11326847891177
445,Cc1cccc(c1C)C,validation,Pmapper,5,2048,9.238896857051836e-16,0.0,25.767417304486376
446,COC(=O)c1ccc(cc1)O,validation,Pmapper,5,2048,1.7502526016385e-15,0.0,43.80335943663014
447,COC(=O)CC#N,validation,Pmapper,5,2048,5.23691153334427e-16,0.0,23.92832323143897
448,C[C@H]1CCCO1,validation,Pmapper,5,2048,3.468242904041721,0.0,22.158324018555927
449,CC(C)Br,validation,Pmapper,5,2048,2.9893669801409083e-16,0.0,21.433516541669743
450,CCOc1ccccc1,validation,Pmapper,5,2048,15.183377715262514,0.0,34.104169742412175
451,CCc1cccc(c1)O,validation,Pmapper,5,2048,8.864419988414313e-16,0.0,29.120875470915905
452,CN(C)C,validation,Pmapper,5,2048,2.9893669801409083e-16,0.0,35.38488015760007
453,c1ccc(cc1)C=O,validation,Pmapper,5,2048,2.7755575615628914e-16,0.0,22.440154580557927
454,CCCCCCCCCO,validation,Pmapper,5,2048,57.24001195905494,0.0,44.11400010640087
455,CCC[N@@](CC1CC1)c2c(cc(cc2[N+](=O)[O-])C(F)(F)F)[N+](=O)[O-],validation,Pmapper,5,2048,41.932865981219734,0.0,65.77228906333201
456,c1cc(cc(c1)O)C#N,validation,Pmapper,5,2048,3.275275528903928e-16,0.0,34.49479246112017
457,C(CBr)Br,validation,Pmapper,5,2048,5.117875266520903e-16,0.0,22.728424172320594
458,CC(=O)OC,validation,Pmapper,5,2048,2.5438405243138006e-16,0.0,22.619950307099373
459,c1ccc(cc1)O[C@@H](C(F)F)F,validation,Pmapper,5,2048,2.283518190080482e-16,0.0,36.79963607258222
460,CNc1ccccc1,validation,Pmapper,5,2048,1.821747095556374e-15,0.0,30.89228501499803
461,c1ccc(cc1)OC=O,validation,Pmapper,5,2048,2.5438405243138006e-16,0.0,24.08225099479635
462,CCNc1nc(nc(n1)Cl)NCC,validation,Pmapper,5,2048,71.89314995113199,0.0,108.59840209164405
463,C(C(Cl)(Cl)Cl)(Cl)(Cl)Cl,validation,Pmapper,5,2048,2.7755575615628914e-16,0.0,21.54722531729266
464,c1cc(cnc1)C=O,validation,Pmapper,5,2048,8.473409486550036e-16,0.0,28.051599766543806
465,COC(=O)c1ccc(cc1)[N+](=O)[O-],validation,Pmapper,5,2048,1.2811235297998403e-15,0.0,40.34330840354773
466,C(I)I,validation,Pmapper,5,2048,2.9893669801409083e-16,0.0,21.433516541669743
467,CCC(=O)Nc1ccc(c(c1)Cl)Cl,validation,Pmapper,5,2048,26.931147659867598,0.0,63.67666417459501
468,C1CCCC1,validation,Pmapper,5,2048,2.9893669801409083e-16,0.0,21.433516541669743
469,C[C@@H](c1ccc(cc1)CC(C)C)C(=O)O,validation,Pmapper,5,2048,25.60535811155873,0.0,60.25668103465903
470,CCC(C)(C)CC,validation,Pmapper,5,2048,5.714380697667567,0.0,24.333772173078753
471,C1C=CC=CC=C1,validation,Pmapper,5,2048,2.9893669801409083e-16,0.0,21.433516541669743
472,C(F)Cl,validation,Pmapper,5,2048,2.9893669801409083e-16,0.0,21.433516541669743
473,c1ccc-2c(c1)Cc3c2cccc3,validation,Pmapper,5,2048,2.7755575615628914e-16,0.0,23.544508574092646
474,CC(=O)c1ccncc1,validation,Pmapper,5,2048,7.711855592701269e-16,0.0,39.49010738055164
475,CCCN(CCC)c1c(cc(cc1[N+](=O)[O-])S(=O)(=O)C)[N+](=O)[O-],validation,Pmapper,5,2048,99.61989737513542,0.0,112.21067448640196
476,C=C,validation,Pmapper,5,2048,2.9893669801409083e-16,0.0,21.719319226551686
477,CC(C)NC(C)C,validation,Pmapper,5,2048,4.1910000110727263e-16,0.0,36.55237927340708
478,Cc1c[nH]cn1,validation,Pmapper,5,2048,2.3714374201337737e-15,0.0,41.31442168791285
479,c1ccc2c(c1)C(=O)c3c(ccc(c3C2=O)N)N,validation,Pmapper,5,2048,2.485325434955902e-15,0.0,50.89409405137082
480,c1ccc(cc1)n2c(=O)c(c(cn2)N)Cl,validation,Pmapper,5,2048,3.4961491439581668e-15,0.0,89.6111905170123
481,C([C@@H]1[C@H]([C@@H]([C@H]([C@@H](O1)O)O)O)O)O,validation,Pmapper,5,2048,90.9676603142667,0.0,100.09623866336672
482,CCCCCCC(=O)C,validation,Pmapper,5,2048,18.671065735940058,0.0,28.82082308055422
483,CC(=CCC/C(=C/CO)/C)C,validation,Pmapper,5,2048,22.603863914337186,0.0,33.32440136222483
484,C/C=C/C=O,validation,Pmapper,5,2048,4.2499719419649375,0.0,24.075012226421062
485,CN1CCOCC1,validation,Pmapper,5,2048,6.151930670030175,0.0,27.130989214744517
486,CCCCCCCCBr,validation,Pmapper,5,2048,21.08174743849474,0.0,35.100384598328034
487,Cc1cccc(c1)[N+](=O)[O-],validation,Pmapper,5,2048,2.52484219624153e-16,0.0,32.10956201134783
488,CC[C@@H](C)C(C)C,validation,Pmapper,5,2048,5.502998562036216,0.0,22.805745122749627
489,C=CC=C,validation,Pmapper,5,2048,2.482534153247273e-16,0.0,22.319010499340294
490,Cc1cccc(c1C)O,validation,Pmapper,5,2048,12.354717167629923,0.0,31.009572845603802
491,c1ccc(cc1)S,validation,Pmapper,5,2048,5.23691153334427e-16,0.0,25.24375458486827
492,Cc1cccnc1,validation,Pmapper,5,2048,1.4443570596498132e-15,0.0,26.348450503707003
493,CCCCCCOC(=O)C,validation,Pmapper,5,2048,25.48210613482412,0.0,32.99348166167696
494,COC(=O)C(F)(F)F,validation,Pmapper,5,2048,2.7755575615628914e-16,0.0,22.96384045274517
495,COc1cccc(c1)N,validation,Pmapper,5,2048,8.899114524108741e-16,0.0,34.13368213135798
496,C1CCC(CC1)O,validation,Pmapper,5,2048,3.510833468576701e-16,0.0,22.308177212956185
497,CC(=O)C1CCCCC1,validation,Pmapper,5,2048,3.0634050688344963,0.0,22.018812092472032
498,CCCCCC(=O)C,validation,Pmapper,5,2048,19.662676724967948,0.0,28.670309851656665
499,CCCN(CCC)C(=O)SCCC,validation,Pmapper,5,2048,31.15534423691806,0.0,35.853379346694474
500,CN(C)C=O,validation,Pmapper,5,2048,2.7755575615628914e-16,0.0,21.57293599420494
501,CC(=O)N,validation,Pmapper,5,2048,5.23691153334427e-16,0.0,22.414587957112886
502,C[C@@H]1CCCC[C@@H]1C,validation,Pmapper,5,2048,2.277573419881073,0.0,22.004970114789156
503,COC,validation,Pmapper,5,2048,2.9893669801409083e-16,0.0,25.589422456754004
504,CCCCC#C,validation,Pmapper,5,2048,6.964418983873055,0.0,25.50050159093427
505,c1cc(ccc1C=O)O,validation,Pmapper,5,2048,7.070865672341163e-16,0.0,28.042681146570818
506,c1ccc(c(c1)O)F,validation,Pmapper,5,2048,3.078242246215395e-16,0.0,27.942983355922944
507,Cc1cccc(c1O)C,validation,Pmapper,5,2048,3.075112360051471e-16,0.0,31.85703649997742
508,Cc1ccc(c(c1)C)O,validation,Pmapper,5,2048,5.403433904186346e-16,0.0,33.89599922936928
509,CCCCCCl,validation,Pmapper,5,2048,7.271321531900471,0.0,25.786608913364976
510,CCCSCCC,validation,Pmapper,5,2048,7.921945232150755,0.0,24.060235964742773
511,CCCCCCC=C,validation,Pmapper,5,2048,11.292078007749607,0.0,29.32437791148592
512,CCCCC(=O)OC,validation,Pmapper,5,2048,9.834615637318047,0.0,26.095604218973975
513,CC(=CCC[C@](C)(C=C)OC(=O)C)C,test,Pmapper,5,2048,27.4189291357933,19.65151654134019,31.516591273444586
514,CCCC(=O)CCC,test,Pmapper,5,2048,6.8176844722549585,10.061640361204729,25.78397693092834
515,CCC,test,Pmapper,5,2048,2.9893669801409083e-16,0.0,21.433516541669743
516,COC(=O)c1ccccc1,test,Pmapper,5,2048,9.238896857051836e-16,10.254424111712309,25.55037383586788
517,CC(OC(=O)C)OC(=O)C,test,Pmapper,5,2048,14.156223561111855,17.754382373189696,30.41372114103908
518,Cc1cccs1,test,Pmapper,5,2048,2.5438405243138006e-16,0.0,22.341075912136482
519,CC[C@H](C)n1c(=O)c(c([nH]c1=O)C)Br,test,Pmapper,5,2048,49.76118755650262,50.68051948282507,78.8623704169385
520,Cc1ccncc1,test,Pmapper,5,2048,7.130536482749599e-16,10.478241395979513,30.044912224558864
521,CS,test,Pmapper,5,2048,2.9893669801409083e-16,4.008918628686366,22.249521437018387
522,C(=C(F)F)(C(F)(F)F)F,test,Pmapper,5,2048,2.5438405243138006e-16,0.0,22.241052666930564
523,C1[C@@H]2[C@H](COS(=O)O1)[C@@]3(C(=C([C@]2(C3(Cl)Cl)Cl)Cl)Cl)Cl,test,Pmapper,5,2048,20.473890665682372,54.0312533927608,62.07480423891436
524,CCN(CC)c1c(cc(c(c1[N+](=O)[O-])N)C(F)(F)F)[N+](=O)[O-],test,Pmapper,5,2048,72.15145546513304,107.67656696003873,113.95661077861605
525,CCCCOC[C@H](C)O,test,Pmapper,5,2048,43.726458000923174,39.785725539691235,48.19991985829527
526,C[C@H](CC(C)C)O,test,Pmapper,5,2048,10.039184446540792,11.256048965534129,26.030209881719504
527,C1COCCN1,test,Pmapper,5,2048,1.0605390551611693e-15,14.888470935870883,29.375648847182152
528,CCCCCCCC=O,test,Pmapper,5,2048,27.862168267126805,21.293344097163622,34.88179225354426
529,COP(=S)(OC)Oc1ccc(cc1)[N+](=O)[O-],test,Pmapper,5,2048,58.162802912974435,70.76086899189481,75.93104734142906
530,CC(C)CCC(C)(C)C,test,Pmapper,5,2048,2.9893669801409083e-16,2.1825843327513033,21.658669984825647
531,CC(C)CC(=O)O,test,Pmapper,5,2048,9.370333300614984e-16,15.890494806089993,28.86526565442506
532,CCCCCCO[N+](=O)[O-],test,Pmapper,5,2048,48.29294436484093,37.17595706319841,50.50453208779068
533,CCc1ccncc1,test,Pmapper,5,2048,8.95090418262362e-16,21.160768880002923,35.19002335569008
534,COC(CCl)(OC)OC,test,Pmapper,5,2048,12.393355068858341,19.67538384074925,36.19060309624244
535,CN(C)CCOC(c1ccccc1)c2ccccc2,test,Pmapper,5,2048,109.16243457379645,99.41017012625744,106.06914509258331
536,C1CNCCN1,test,Pmapper,5,2048,2.068849574076758e-15,34.67920908683685,46.34861772028782
537,C(F)(F)Cl,test,Pmapper,5,2048,2.9893669801409083e-16,0.0,21.433516541669743
538,c1cc(c(cc1c2ccc(cc2F)F)C(=O)O)O,test,Pmapper,5,2048,69.72089355294472,200.05075218758043,204.07280020209294
539,COc1ccccc1,test,Pmapper,5,2048,6.304854800243424e-16,8.793508618328012,24.50665731622989
540,CCC=C,test,Pmapper,5,2048,2.5438405243138006e-16,0.0,22.690104770063634
541,C(C(Cl)Cl)(Cl)Cl,test,Pmapper,5,2048,2.7755575615628914e-16,0.0,21.54722531729266
542,COS(=O)(=O)C,test,Pmapper,5,2048,6.9211385594368275,10.217697642578438,25.671316619362788
543,CC[N+](=O)[O-],test,Pmapper,5,2048,9.558562473600853e-16,12.031933255153922,31.825670601549064
544,CCCCO[N+](=O)[O-],test,Pmapper,5,2048,22.411847275668134,23.01287586186853,43.95776506056642
545,CCCCCO,test,Pmapper,5,2048,23.55506252029503,25.994051791041034,38.54913117933724
546,CC(C)C(=O)C,test,Pmapper,5,2048,3.4559008052809044,2.3994631888310916,22.048388071905695
547,C=CCC=C,test,Pmapper,5,2048,2.4196749845665633e-16,3.490637903087519,24.310482692266763
548,CCCC(=O)O,test,Pmapper,5,2048,19.63387758263869,24.95279913316508,35.51195947439841
549,CCCOC(=O)C,test,Pmapper,5,2048,6.158344401826152,7.84241231065601,24.202323980139873
550,CCOCC,test,Pmapper,5,2048,4.4833535444560555,10.504596505604482,28.58255685635974
551,COc1c(ccc(c1C(=O)O)Cl)Cl,test,Pmapper,5,2048,26.302837656041543,104.35359353856495,110.36664797354342
552,Cc1cc2ccccc2cc1C,test,Pmapper,5,2048,1.025079205553247e-15,18.421073733490925,34.158157522829086
553,CCOC,test,Pmapper,5,2048,5.4672143489065705e-16,8.440248606083989,28.987213661489406
554,c1ccc2cc3ccccc3cc2c1,test,Pmapper,5,2048,1.8486130188118636e-15,0.0,40.02046321833433
555,c1cc(c(c(c1)Cl)Cl)Cl,test,Pmapper,5,2048,6.39583864858901e-16,4.936433125871493,24.01109943338307
556,CCCC(=O)OCCC,test,Pmapper,5,2048,9.801519856455467,9.656330304036914,25.232555942750867
557,CCc1cccc2c1cccc2,test,Pmapper,5,2048,15.52649579460695,58.81306429251196,65.43731486920925
558,Cc1ccccc1,test,Pmapper,5,2048,2.5438405243138006e-16,0.0,22.341075912136482
559,c1ccc2cc(ccc2c1)O,test,Pmapper,5,2048,1.4378587020465843e-15,34.8170213745586,55.94019159314875
560,CC(C)C(C)C,test,Pmapper,5,2048,2.7755575615628914e-16,0.0,21.54722531729266
561,CCCCC=C,test,Pmapper,5,2048,5.221073739446465,3.022167749793945,26.343228778368825
562,C(F)(F)(F)Br,test,Pmapper,5,2048,9.371360918460988e-16,0.0,23.87030521450994
563,CC(C)CCO,test,Pmapper,5,2048,4.535768783007263,4.789025340149328,22.622455163849324
564,CCCc1ccccc1,test,Pmapper,5,2048,7.262166371659663,12.102492497056117,26.5969748553988
565,CCOC(=O)CC(=O)OCC,test,Pmapper,5,2048,18.629129149047795,16.75740730901298,30.679061879922415
566,C(C(Cl)(Cl)Cl)Cl,test,Pmapper,5,2048,2.5438405243138006e-16,0.0,22.092410947291203
567,c1ccc(cc1)c2ccccc2Cl,test,Pmapper,5,2048,9.757969893912614e-16,20.166365646289705,32.61615431166274
568,Cc1ccccc1C,test,Pmapper,5,2048,9.238896857051836e-16,6.397716616122338,24.794809705087147
569,CC(=O)OCC(COC(=O)C)OC(=O)C,test,Pmapper,5,2048,38.51152750396832,25.150142284391887,37.29806818760015
570,CCOP(=S)(OCC)S[C@@H](CCl)N1C(=O)c2ccccc2C1=O,test,Pmapper,5,2048,127.12187881033026,105.49261408579244,115.62739462235143
571,CCCCOCCO,test,Pmapper,5,2048,42.72288293506881,37.209911348131655,46.226231976476186
572,CCCS,test,Pmapper,5,2048,6.497854123719476,7.9218268146469395,23.78703445415922
573,CCOCCOC(=O)C,test,Pmapper,5,2048,15.009213972576555,13.25002266731886,28.14676686772675
574,CCC(=O)O,test,Pmapper,5,2048,9.296046288861478e-16,19.25303563492711,31.605161343154798
575,C1(C(C(C1(F)F)(F)F)(F)F)(F)F,test,Pmapper,5,2048,2.5438405243138006e-16,7.673651075042992,24.182117914365126
576,CCCCCCc1ccccc1,test,Pmapper,5,2048,36.04536131752564,29.841016866711556,39.9297723960342
577,CCc1ccc(cc1)C,test,Pmapper,5,2048,3.805652793121308e-16,8.35309903903318,27.636816033357128
578,CCCCCCCC(=O)C,test,Pmapper,5,2048,33.92147184777067,25.3734672535927,38.97086697910598
579,C1CCC(C1)O,test,Pmapper,5,2048,3.510833468576701e-16,0.0,22.308177212956185
580,COCOC,test,Pmapper,5,2048,4.5619643601704505,9.776560348936643,24.83254347510278
581,CCCCCC=O,test,Pmapper,5,2048,12.595465214700965,13.423544459706093,27.50169963680928
582,C1=C[C@@H]([C@@H]2[C@H]1[C@@]3(C(=C([C@]2(C3(Cl)Cl)Cl)Cl)Cl)Cl)Cl,test,Pmapper,5,2048,2.1547695723507765e-15,28.908802592431968,41.550561831704535
583,C(F)(F)(F)F,test,Pmapper,5,2048,9.371360918460988e-16,0.0,23.87030521450994
584,c1cc2cccc3c2c(c1)CC3,test,Pmapper,5,2048,5.117875266520903e-16,0.0,22.988273946640046
585,CCCCCCCN,test,Pmapper,5,2048,75.20489260683408,57.14628421805431,72.42378654465347
586,C(C(F)(F)F)Cl,test,Pmapper,5,2048,2.5438405243138006e-16,0.0,22.092410947291203
587,CCO,test,Pmapper,5,2048,4.1540741810552243e-16,13.559603174627194,28.259776874969205
588,CC1(Cc2cccc(c2O1)OC(=O)NC)C,test,Pmapper,5,2048,36.54249705520696,60.65091619970874,66.70362658102643
589,COc1c(c(c(c(c1Cl)C=O)Cl)OC)O,test,Pmapper,5,2048,21.836677797574826,74.41747142402058,98.10912279576583
590,CCCCCCCI,test,Pmapper,5,2048,30.994263918501492,34.05905091536292,45.93815600867606
591,c1ccc(c(c1)C(F)(F)F)C(F)(F)F,test,Pmapper,5,2048,5.998030623559167e-16,0.0,23.37554664152228
592,CC[C@@H](C)c1cc(cc(c1O)[N+](=O)[O-])[N+](=O)[O-],test,Pmapper,5,2048,87.98528167200132,90.71133471328159,97.11888923495624
593,C1CCNC1,test,Pmapper,5,2048,1.8251137727724137e-15,22.45676646473804,39.144618321081936
594,CCCCCCO,test,Pmapper,5,2048,15.592432693243605,34.39335006740958,43.772081527647074
595,CCCCC(C)C,test,Pmapper,5,2048,5.176027138260548,6.800397450285375,23.267359597899368
596,CCCCN,test,Pmapper,5,2048,24.98848677116519,29.134338864033783,43.97307602222099
597,CC(C)OC=O,test,Pmapper,5,2048,2.9893669801409083e-16,2.1263467344107303,21.655167795886904
598,CCCCCCCCCC,test,Pmapper,5,2048,36.37261532373223,31.3739960447484,45.75527938240843
599,CCc1ccccn1,test,Pmapper,5,2048,8.876361530767087e-16,13.796426047976878,29.823566376818146
600,CCCCCC(=O)N,test,Pmapper,5,2048,37.03744607537197,35.1184776052566,44.16908394931089
601,Cc1ccc(cc1)C(C)C,test,Pmapper,5,2048,3.8459253727671276e-16,0.0,26.12100857663739
602,COCCO,test,Pmapper,5,2048,10.157714210142693,11.706616291361684,25.96332962455357
603,CCCC#C,test,Pmapper,5,2048,4.84721712263676,1.8652407133801154,23.834444387471645
604,CC(=O)c1ccc(cc1)OC,test,Pmapper,5,2048,1.2565338707765326e-15,33.16396443897346,42.24339353049004
605,CCCCCCCCCC(=O)C,test,Pmapper,5,2048,59.38998076790053,36.62725606758853,45.539651968548284
606,CCCCCCCCC,test,Pmapper,5,2048,21.917212681348015,15.095363052696754,36.7817540044976
607,CCCCCC,test,Pmapper,5,2048,6.872704119511975,6.711093360904924,25.49779448429487
608,CC=C,test,Pmapper,5,2048,1.797052957135242e-15,4.2094795482439755,28.700424932938837
609,CCN(CC)CC,test,Pmapper,5,2048,12.539401979132535,29.02417063987756,44.211181457108786
610,CCOC(=O)c1ccccc1,test,Pmapper,5,2048,9.853067978423095,15.325652612621148,28.495825714588673
611,C1CC[S+2](C1)([O-])[O-],test,Pmapper,5,2048,2.9893669801409083e-16,7.260669408182102,23.7676572491324
612,C[C@@H]1CC[C@H]([C@@H](C1)O)C(C)C,test,Pmapper,5,2048,27.04132208819019,24.404251743725112,35.30272057028382
613,CC(C)[N+](=O)[O-],test,Pmapper,5,2048,3.5435946773586813e-16,0.0,29.152747013428282
614,CC(Cl)Cl,test,Pmapper,5,2048,2.9893669801409083e-16,0.0,21.433516541669743
615,c1c(=O)[nH]c(=O)[nH]c1Cl,test,Pmapper,5,2048,3.890857531169172e-15,53.3324971084334,64.85478306900146
616,c1ccc(cc1)F,test,Pmapper,5,2048,2.5438405243138006e-16,0.0,22.341075912136482
617,CC(C)CC(C)C,test,Pmapper,5,2048,2.7755575615628914e-16,0.0,21.561747651993205
618,CCOP(=S)(OCC)SCSc1ccc(cc1)Cl,test,Pmapper,5,2048,115.39562711818593,91.03275504680585,95.04556160639056
619,CC(C)C(C)C(C)C,test,Pmapper,5,2048,4.097808998321637,3.3281205546799475,21.97490269770277
620,CCCCCOC(=O)CC,test,Pmapper,5,2048,24.62297524731462,18.239555847421393,35.38025774391299
621,Cc1c[nH]c2c1cccc2,test,Pmapper,5,2048,1.7062766917125648e-15,33.73857288974224,45.764660290726006
622,COP(=O)(OC)OC,test,Pmapper,5,2048,12.240349029318734,13.616319644823974,29.19273946781888
623,c1c(cc(c(c1Cl)Cl)Cl)c2cc(c(c(c2Cl)Cl)Cl)Cl,test,Pmapper,5,2048,1.7780365585981766e-15,13.453571940289509,53.94607220131597
624,CCOC(=O)C,test,Pmapper,5,2048,5.510197660379165,4.499057549935544,23.84788191702427
625,CCCCCI,test,Pmapper,5,2048,9.671479808932782,8.486170085823899,27.335961647276626
626,CCNc1nc(nc(n1)SC)NC(C)C,test,Pmapper,5,2048,66.60911518039399,63.4864701022829,116.53902400860171
627,CCCCC(=O)CCCC,test,Pmapper,5,2048,20.902784109350847,17.830660652948712,31.196638132905353
628,CNC,test,Pmapper,5,2048,3.7212143582632037e-16,17.810501607500637,39.97181706513071
629,CCCCO,test,Pmapper,5,2048,13.685488277591379,12.64223193075144,27.255444020096224
630,CC1CCCC1,test,Pmapper,5,2048,2.7755575615628914e-16,0.0,21.54722531729266
631,Cc1cccc(c1N)C,test,Pmapper,5,2048,2.5286532809710436e-16,11.55633840863187,28.55026987634858
632,CC(=O)c1ccccc1,test,Pmapper,5,2048,3.885780586188048e-16,12.047910882020393,26.489493720236705
633,C1=CC(=O)C=CC1=O,test,Pmapper,5,2048,2.7755575615628914e-16,18.449327933401577,30.709184876506814
634,CCCCN(CC)C(=O)SCCC,test,Pmapper,5,2048,41.99089718502145,28.67451442161768,44.91601256635972
635,C[C@@H](c1ccc(c(c1)F)c2ccccc2)C(=O)O,test,Pmapper,5,2048,35.05861081276538,118.31868895159936,125.52155948027966
636,c1c(cc(c(c1Cl)Cl)Cl)Cl,test,Pmapper,5,2048,6.371703322321508e-16,0.0,26.165800982388326
637,CCCC(C)C,test,Pmapper,5,2048,2.5511224567655892,1.0414913817385225,21.923737342348183
638,CC(C)(C)OC,test,Pmapper,5,2048,3.554447978966673e-16,0.0,27.70511346558908
639,C1CCC(=O)C1,test,Pmapper,5,2048,2.7755575615628914e-16,0.0,21.57293599420494
640,CCOP(=O)(OCC)OCC,test,Pmapper,5,2048,14.027588817787601,29.583185011955706,41.098497669184255
641,CC(=O)O,test,Pmapper,5,2048,2.761644904721361e-16,20.164669689799645,32.44636975623578
